Date,Open,High,Low,Close,Volume,Dividends,Stock Splits,Capital Gains
2016-05-31 00:00:00-04:00,178.88949148728796,178.9999422264922,177.71705429789446,178.2777862548828,109879400,0.0,0.0,0.0
2016-06-01 00:00:00-04:00,177.66615276960985,178.82159501256743,177.47075081370213,178.6431884765625,69936200,0.0,0.0,0.0
2016-06-02 00:00:00-04:00,178.24386014708955,179.2038873614953,177.76809215345386,179.18690490722656,63044700,0.0,0.0,0.0
2016-06-03 00:00:00-04:00,178.62624674277677,179.0000683107485,177.4453174968902,178.6517333984375,101757100,0.0,0.0,0.0
2016-06-06 00:00:00-04:00,179.00854992398703,179.9176171394151,178.84712580433455,179.560791015625,64887000,0.0,0.0,0.0
2016-06-07 00:00:00-04:00,179.7136464861615,180.40181183263633,179.68815984101101,179.84107971191406,60974800,0.0,0.0,0.0
2016-06-08 00:00:00-04:00,179.9770105373412,180.55473805490792,179.84957731625556,180.4272918701172,66170900,0.0,0.0,0.0
2016-06-09 00:00:00-04:00,179.69665127608295,180.2998654606559,179.42478940626114,180.18092346191406,73786900,0.0,0.0,0.0
2016-06-10 00:00:00-04:00,178.8046059770867,179.14443658039636,177.9295168943366,178.4732666015625,113829200,0.0,0.0,0.0
2016-06-13 00:00:00-04:00,177.87006868862602,178.72814946710477,177.01198791014727,177.09693908691406,117751200,0.0,0.0,0.0
2016-06-14 00:00:00-04:00,176.71460305913646,177.34330391003104,175.7970449106847,176.7485809326172,125059300,0.0,0.0,0.0
2016-06-15 00:00:00-04:00,176.74861832704423,177.87008284476488,176.31533228903874,176.5022430419922,109124500,0.0,0.0,0.0
2016-06-16 00:00:00-04:00,176.5022198364116,177.1988894537725,174.66710339252674,177.02896118164062,149533100,0.0,0.0,0.0
2016-06-17 00:00:00-04:00,176.9247897845939,176.95040897544104,175.71210030370545,176.36968994140625,117055700,1.078,0.0,0.0
2016-06-20 00:00:00-04:00,178.3338969472471,179.00855730706354,177.42010243907166,177.50550842285156,82789600,0.0,0.0,0.0
2016-06-21 00:00:00-04:00,177.88979308996412,178.419273654042,177.44570547076717,178.0093536376953,72461700,0.0,0.0,0.0
2016-06-22 00:00:00-04:00,178.18870321431743,178.91461497918837,177.57381662154108,177.71900939941406,95560500,0.0,0.0,0.0
2016-06-23 00:00:00-04:00,179.17934803869173,180.08459408836288,178.7181896283184,180.03335571289062,102731400,0.0,0.0,0.0
2016-06-24 00:00:00-04:00,173.9015591226571,180.06749458914365,173.12440913565385,173.56849670410156,333444400,0.0,0.0,0.0
2016-06-27 00:00:00-04:00,172.15942810806536,172.16797652592734,169.6486431080972,170.4599609375,230775800,0.0,0.0,0.0
2016-06-28 00:00:00-04:00,172.06545337042272,173.55996672054923,171.75801010286608,173.5343475341797,159382400,0.0,0.0,0.0
2016-06-29 00:00:00-04:00,174.93494221304724,176.71981526094208,174.83246545427784,176.48924255371094,137328600,0.0,0.0,0.0
2016-06-30 00:00:00-04:00,176.95890376909844,178.94872982124562,176.40379106300261,178.89749145507812,165021900,0.0,0.0,0.0
2016-07-01 00:00:00-04:00,178.8975194598976,179.76007552914442,178.73525592088592,179.27328491210938,106055300,0.0,0.0,0.0
2016-07-05 00:00:00-04:00,178.4449078178541,178.5559329897525,177.3859466008176,177.98374938964844,109803700,0.0,0.0,0.0
2016-07-06 00:00:00-04:00,177.4884035203763,179.17079955807648,176.83081401059002,179.05123901367188,96021500,0.0,0.0,0.0
2016-07-07 00:00:00-04:00,179.23059081212514,179.89671577185584,178.1716296100524,178.9402313232422,85593800,0.0,0.0,0.0
2016-07-08 00:00:00-04:00,180.23831665170167,181.85239058459535,180.0077309381104,181.60472106933594,133971000,0.0,0.0,0.0
2016-07-11 00:00:00-04:00,182.0659506682939,182.81748180834364,181.86098407615486,182.2452850341797,73633900,0.0,0.0,0.0
2016-07-12 00:00:00-04:00,183.21027279368047,183.86786237841264,182.27085910120599,183.56895446777344,101275600,0.0,0.0,0.0
2016-07-13 00:00:00-04:00,183.98743791332976,183.99597329991124,183.05657256209142,183.54335021972656,87324100,0.0,0.0,0.0
2016-07-14 00:00:00-04:00,184.80723631585903,185.03782201269067,184.1752790424176,184.568115234375,91230900,0.0,0.0,0.0
2016-07-15 00:00:00-04:00,185.13175438987037,185.32817247632323,183.87636225740206,184.32044982910156,107155400,0.0,0.0,0.0
2016-07-18 00:00:00-04:00,184.44001522531568,184.97804416230315,184.18381034907776,184.81578063964844,58725900,0.0,0.0,0.0
2016-07-19 00:00:00-04:00,184.39734395611424,184.6620842623495,184.1496874528655,184.6279296875,54345700,0.0,0.0,0.0
2016-07-20 00:00:00-04:00,184.6279132312971,185.6356359885821,184.6279132312971,185.39651489257812,58159500,0.0,0.0,0.0
2016-07-21 00:00:00-04:00,185.28551066611325,185.5075479701267,184.252155646983,184.6962432861328,67777300,0.0,0.0,0.0
2016-07-22 00:00:00-04:00,184.81578456758726,185.57585079687013,184.5510443012593,185.5246124267578,62787500,0.0,0.0,0.0
2016-07-25 00:00:00-04:00,185.31967512617993,185.37091350436867,184.4400482176101,185.02076721191406,55873100,0.0,0.0,0.0
2016-07-26 00:00:00-04:00,184.9182879161025,185.46485232781606,184.2606983324223,185.10617065429688,70080500,0.0,0.0,0.0
2016-07-27 00:00:00-04:00,185.48194314357417,185.55026532651198,184.14114473677688,184.90975952148438,84083900,0.0,0.0,0.0
2016-07-28 00:00:00-04:00,184.713312177542,185.4136047179644,184.25215377201522,185.1232452392578,65035700,0.0,0.0,0.0
2016-07-29 00:00:00-04:00,184.85849926135842,185.78081604403943,184.5766751767694,185.42213439941406,79519400,0.0,0.0,0.0
2016-08-01 00:00:00-04:00,185.48188871317655,185.87472486088473,184.8157639139147,185.2683868408203,73311400,0.0,0.0,0.0
2016-08-02 00:00:00-04:00,185.0207451653044,185.1744733126764,183.24442078784656,184.0813446044922,92295500,0.0,0.0,0.0
2016-08-03 00:00:00-04:00,184.02159717039504,184.67918682537842,183.72270225894798,184.61940002441406,53993600,0.0,0.0,0.0
2016-08-04 00:00:00-04:00,184.7303746705287,185.13175926937313,182.97112116808105,184.81578063964844,46585500,0.0,0.0,0.0
2016-08-05 00:00:00-04:00,184.81583861089078,186.37012609365766,184.81583861089078,186.32742309570312,71892200,0.0,0.0,0.0
2016-08-08 00:00:00-04:00,186.51527976931246,186.61776955629065,185.95164458098853,186.2163848876953,39906500,0.0,0.0,0.0
2016-08-09 00:00:00-04:00,186.284733128874,186.82274920349985,186.00290897972457,186.32742309570312,51251700,0.0,0.0,0.0
2016-08-10 00:00:00-04:00,186.43842506927075,186.51528263734355,185.51609515902592,185.86624145507812,57941100,0.0,0.0,0.0
2016-08-11 00:00:00-04:00,186.3956820855218,186.97641399232035,186.130941831544,186.72874450683594,72504300,0.0,0.0,0.0
2016-08-12 00:00:00-04:00,186.4213660374062,186.78006079832295,186.16517410978778,186.56655883789062,61313500,0.0,0.0,0.0
2016-08-15 00:00:00-04:00,186.93376952519927,187.45471481198098,186.92523413828076,187.1045684814453,49813500,0.0,0.0,0.0
2016-08-16 00:00:00-04:00,186.68609078081792,186.75439993028866,186.1395263671875,186.1395263671875,53213600,0.0,0.0,0.0
2016-08-17 00:00:00-04:00,186.1737215654203,186.6263447083874,185.33679747498837,186.4897003173828,75134300,0.0,0.0,0.0
2016-08-18 00:00:00-04:00,186.46402395322087,186.94226614398184,186.35301182180146,186.90811157226562,52989300,0.0,0.0,0.0
2016-08-19 00:00:00-04:00,186.43843903423905,186.81420454779516,185.9516613688594,186.63485717773438,75443000,0.0,0.0,0.0
2016-08-22 00:00:00-04:00,186.3957112750905,186.85688271905013,186.0284942281625,186.6262969970703,61368800,0.0,0.0,0.0
2016-08-23 00:00:00-04:00,187.24119631915949,187.54010423953017,186.9422883987888,187.0020751953125,53399200,0.0,0.0,0.0
2016-08-24 00:00:00-04:00,186.85689801673703,186.95083939033645,185.6271247736624,186.04559326171875,71728900,0.0,0.0,0.0
2016-08-25 00:00:00-04:00,185.66127554317524,186.33594894822622,185.5075604065047,185.91748046875,69224800,0.0,0.0,0.0
2016-08-26 00:00:00-04:00,186.10535078200306,187.13015738473075,184.67915952994585,185.56732177734375,122506300,0.0,0.0,0.0
2016-08-29 00:00:00-04:00,185.69540895608844,186.74583462328442,185.66124135570402,186.48109436035156,70502200,0.0,0.0,0.0
2016-08-30 00:00:00-04:00,186.3957281212393,186.6775522444359,185.61859096698421,186.17369079589844,58114500,0.0,0.0,0.0
2016-08-31 00:00:00-04:00,185.8406289512786,185.9601895162898,184.8670606272948,185.6442108154297,85269500,0.0,0.0,0.0
2016-09-01 00:00:00-04:00,185.63564141776308,185.9430846974916,184.4912742775436,185.65272521972656,97844200,0.0,0.0,0.0
2016-09-02 00:00:00-04:00,186.50678412403997,186.91670426592736,185.9175165900683,186.4897003173828,79293900,0.0,0.0,0.0
2016-09-06 00:00:00-04:00,186.77147485531145,187.1301565130392,186.054111539856,187.0532989501953,56702100,0.0,0.0,0.0
2016-09-07 00:00:00-04:00,186.89105986483438,187.2155869919185,186.42990139629998,187.03623962402344,76554900,0.0,0.0,0.0
2016-09-08 00:00:00-04:00,186.70313324971704,186.97642193066534,186.3017486440252,186.60919189453125,74102900,0.0,0.0,0.0
2016-09-09 00:00:00-04:00,185.2940362059573,185.3452745786899,182.1171267853134,182.1427459716797,221589100,0.0,0.0,0.0
2016-09-12 00:00:00-04:00,181.38271431036313,185.1574271849525,181.31439212331006,184.75604248046875,168110900,0.0,0.0,0.0
2016-09-13 00:00:00-04:00,183.47506624624356,183.73980662777714,181.47669075551224,182.10011291503906,182828800,0.0,0.0,0.0
2016-09-14 00:00:00-04:00,182.1512988394755,183.35545283875425,181.4766384818725,182.03173828125,134185500,0.0,0.0,0.0
2016-09-15 00:00:00-04:00,181.869462942387,184.23505459523517,181.69011561396283,183.8507537841797,134427900,0.0,0.0,0.0
2016-09-16 00:00:00-04:00,183.23447631685872,183.414729600579,182.4534136792633,183.1400604248047,155236400,1.082,0.0,0.0
2016-09-19 00:00:00-04:00,183.7924158425578,184.43615706862911,182.8482568055404,183.17442321777344,80250500,0.0,0.0,0.0
2016-09-20 00:00:00-04:00,184.0327571059094,184.18724872391758,183.14868681099702,183.18301391601562,69665300,0.0,0.0,0.0
2016-09-21 00:00:00-04:00,183.88680091229358,185.4231906182393,183.20014110023288,185.24295043945312,110284400,0.0,0.0,0.0
2016-09-22 00:00:00-04:00,186.25578671924643,186.71069611831638,186.00687921854612,186.4102783203125,76678700,0.0,0.0,0.0
2016-09-23 00:00:00-04:00,186.01544128313066,186.15277586990874,185.29445434796625,185.3888702392578,73630900,0.0,0.0,0.0
2016-09-26 00:00:00-04:00,184.5563306807073,184.73657089861007,183.68941740477214,183.8868408203125,89827300,0.0,0.0,0.0
2016-09-27 00:00:00-04:00,183.72374408609076,185.12279941090966,183.35465898167763,185.0283966064453,78494800,0.0,0.0,0.0
2016-09-28 00:00:00-04:00,185.25153899394778,186.10128203089897,184.29022306305555,185.94677734375,87411000,0.0,0.0,0.0
2016-09-29 00:00:00-04:00,185.74082559904295,186.14423787828596,183.71518570003892,184.26451110839844,128070600,0.0,0.0,0.0
2016-09-30 00:00:00-04:00,185.0970361399101,186.35876986017539,184.84812865424877,185.6549530029297,117202900,0.0,0.0,0.0
2016-10-03 00:00:00-04:00,185.24297362107262,185.43179232349547,184.57347072524445,185.20863342285156,83512100,0.0,0.0,0.0
2016-10-04 00:00:00-04:00,185.3202563142221,185.5434152592913,183.67228008914353,184.26451110839844,119948100,0.0,0.0,0.0
2016-10-05 00:00:00-04:00,184.89104797224837,185.50904053514677,184.82238067670994,185.0798797607422,72816000,0.0,0.0,0.0
2016-10-06 00:00:00-04:00,184.85671842430108,185.43179232349547,184.31598472332772,185.20863342285156,62927400,0.0,0.0,0.0
2016-10-07 00:00:00-04:00,185.48331830062003,185.654980015392,183.84392076610686,184.573486328125,89788300,0.0,0.0,0.0
2016-10-10 00:00:00-04:00,185.5347900390625,185.99827791502386,185.38887694668674,185.5347900390625,51855000,0.0,0.0,0.0
2016-10-11 00:00:00-04:00,185.10559445335647,185.174261736317,182.46196299562885,183.1915283203125,130367400,0.0,0.0,0.0
2016-10-12 00:00:00-04:00,183.32892303528274,183.95550728652148,182.83109489319347,183.4319305419922,73866100,0.0,0.0,0.0
2016-10-13 00:00:00-04:00,182.10147408598587,183.3288674197768,181.2860713632012,182.83103942871094,101357000,0.0,0.0,0.0
2016-10-14 00:00:00-04:00,183.80954618202418,184.27304713185137,182.8482302815632,182.92547607421875,93346200,0.0,0.0,0.0
2016-10-17 00:00:00-04:00,182.8997605452408,183.1572596642625,182.11010618467034,182.2903594970703,58275700,0.0,0.0,0.0
2016-10-18 00:00:00-04:00,183.88683998103164,183.9469156877419,183.0542669102728,183.4319305419922,76869700,0.0,0.0,0.0
2016-10-19 00:00:00-04:00,183.69798368773058,184.23013886318134,183.33749020465612,183.921142578125,66519200,0.0,0.0,0.0
2016-10-20 00:00:00-04:00,183.56925874270433,184.13575421091858,182.9169389622136,183.57785034179688,73639800,0.0,0.0,0.0
2016-10-21 00:00:00-04:00,183.57784146335862,183.74950317655933,182.61651229492608,183.66366577148438,89089100,0.0,0.0,0.0
2016-10-24 00:00:00-04:00,184.53917910143065,184.81384835221098,184.09284811738794,184.44476318359375,60146600,0.0,0.0,0.0
2016-10-25 00:00:00-04:00,184.26447575355573,184.52197485427587,183.66365324984093,183.8267364501953,66542300,0.0,0.0,0.0
2016-10-26 00:00:00-04:00,183.00274747656863,184.0413092406965,182.7624053880732,183.45765686035156,75705500,0.0,0.0,0.0
2016-10-27 00:00:00-04:00,184.17865090859547,184.21297801001447,182.8911685057367,182.96841430664062,77220200,0.0,0.0,0.0
2016-10-28 00:00:00-04:00,182.94265625436947,183.6207245221846,181.71526271359414,182.4276580810547,140623200,0.0,0.0,0.0
2016-10-31 00:00:00-04:00,182.76240206363727,182.985574049549,182.27316558865292,182.43624877929688,61272500,0.0,0.0,0.0
2016-11-01 00:00:00-04:00,182.76243225979417,182.81394256294035,179.90423254029105,181.1144561767578,122781800,0.0,0.0,0.0
2016-11-02 00:00:00-04:00,180.80541562522504,181.1916707711364,179.58660068782996,180.02435302734375,103330800,0.0,0.0,0.0
2016-11-03 00:00:00-04:00,180.23895329238715,180.45353368737918,178.92572232279193,179.20037841796875,88939300,0.0,0.0,0.0
2016-11-04 00:00:00-04:00,179.31198705433658,180.1531386417637,178.85707760727243,179.00299072265625,109122100,0.0,0.0,0.0
2016-11-07 00:00:00-05:00,179.00297657285438,182.98558836805617,179.00297657285438,182.9512481689453,109794900,0.0,0.0,0.0
2016-11-08 00:00:00-05:00,182.55645325366845,184.34176404721688,182.29037560937599,183.7752685546875,106772100,0.0,0.0,0.0
2016-11-09 00:00:00-05:00,182.28175479937755,186.3416254149627,182.25600619902065,185.7236328125,258429000,0.0,0.0,0.0
2016-11-10 00:00:00-05:00,186.51330021241645,187.38020037818183,184.72798957960677,186.1871337890625,172113300,0.0,0.0,0.0
2016-11-11 00:00:00-05:00,185.46613887775177,185.99829409588128,184.81381915562696,185.75796508789062,100552700,0.0,0.0,0.0
2016-11-14 00:00:00-05:00,186.2815485129806,186.4875504259405,185.15714923575797,185.9038848876953,94580000,0.0,0.0,0.0
2016-11-15 00:00:00-05:00,186.29012286331468,187.3544464111328,186.08413405189424,187.3544464111328,91652600,0.0,0.0,0.0
2016-11-16 00:00:00-05:00,186.73644010696472,187.23426819301946,186.6162756101203,187.0025177001953,65617700,0.0,0.0,0.0
2016-11-17 00:00:00-05:00,187.15704272236283,188.02394289397336,187.04545671426322,187.9638671875,69797200,0.0,0.0,0.0
2016-11-18 00:00:00-05:00,188.0325235356012,188.20418524017103,187.3630206229664,187.54327392578125,86265800,0.0,0.0,0.0
2016-11-21 00:00:00-05:00,188.11833644572866,188.98523651431762,187.97242335083433,188.95948791503906,72402600,0.0,0.0,0.0
2016-11-22 00:00:00-05:00,189.26850921823745,189.5088382412324,188.59901935461593,189.32859802246094,67429000,0.0,0.0,0.0
2016-11-23 00:00:00-05:00,188.813586973485,189.48307679171555,188.61617666732693,189.43157958984375,56620200,0.0,0.0,0.0
2016-11-25 00:00:00-05:00,189.77489776013326,190.1697183342997,189.69763886784216,190.13539123535156,37872300,0.0,0.0,0.0
2016-11-28 00:00:00-05:00,189.8264022966704,190.10105838971697,189.13974241863227,189.24273681640625,76572500,0.0,0.0,0.0
2016-11-29 00:00:00-05:00,189.277117221794,190.06677166535255,188.9766993685383,189.6118621826172,69886700,0.0,0.0,0.0
2016-11-30 00:00:00-05:00,190.22983874900225,190.39292196424532,189.09684784117636,189.1569366455078,113291800,0.0,0.0,0.0
2016-12-01 00:00:00-05:00,189.45735898916308,189.45735898916308,188.1012090326381,188.4617156982422,79040500,0.0,0.0,0.0
2016-12-02 00:00:00-05:00,188.5475128071081,189.0453409292025,188.19559779196308,188.55609130859375,74840300,0.0,0.0,0.0
2016-12-05 00:00:00-05:00,189.38866909419724,190.0324103393807,189.19125877948673,189.6890869140625,67837800,0.0,0.0,0.0
2016-12-06 00:00:00-05:00,189.87786534309035,190.32419614807785,189.39720744400174,190.28985595703125,59877400,0.0,0.0,0.0
2016-12-07 00:00:00-05:00,190.13542041346935,192.83912844099024,190.0152559032895,192.779052734375,110738100,0.0,0.0,0.0
2016-12-08 00:00:00-05:00,192.7533292998272,193.72322400972192,192.48723854537536,193.2511444091797,99714400,0.0,0.0,0.0
2016-12-09 00:00:00-05:00,193.47423503051934,194.43555083290312,193.43989483932248,194.4183807373047,88005800,0.0,0.0,0.0
2016-12-12 00:00:00-05:00,194.32400972798507,194.80468083711352,193.77468441450114,194.1952667236328,102016100,0.0,0.0,0.0
2016-12-13 00:00:00-05:00,194.8561225361692,195.9890999425983,194.83895244149676,195.49127197265625,110477500,0.0,0.0,0.0
2016-12-14 00:00:00-05:00,195.1909011737838,195.89471801398045,193.43991792822192,193.87767028808594,142501800,0.0,0.0,0.0
2016-12-15 00:00:00-05:00,194.1180299970146,195.5342554988994,193.88627948139643,194.67593383789062,124972600,0.0,0.0,0.0
2016-12-16 00:00:00-05:00,195.1326615829621,195.1931045537914,193.97573464044092,194.29518127441406,156420200,1.329,0.0,0.0
2016-12-19 00:00:00-05:00,194.47645520053877,195.14126186601032,194.32968209826544,194.71820068359375,90341100,0.0,0.0,0.0
2016-12-20 00:00:00-05:00,195.2535152040126,195.6161466451417,195.0204119300411,195.4693603515625,89838800,0.0,0.0,0.0
2016-12-21 00:00:00-05:00,195.33984927274236,195.51252274776837,194.92543029785156,194.92543029785156,67909000,0.0,0.0,0.0
2016-12-22 00:00:00-05:00,194.77870519756837,194.89957797729542,194.19159942879057,194.58876037597656,56219100,0.0,0.0,0.0
2016-12-23 00:00:00-05:00,194.63183755881244,194.88222525272982,194.4419059907178,194.87359619140625,36697800,0.0,0.0,0.0
2016-12-27 00:00:00-05:00,195.14125632425026,195.7542490766812,195.12398502619658,195.3571014404297,42672500,0.0,0.0,0.0
2016-12-28 00:00:00-05:00,195.6161161516485,195.63337427537977,193.63033846891236,193.74256896972656,64095000,0.0,0.0,0.0
2016-12-29 00:00:00-05:00,193.81164761891233,194.1656367796198,193.25908463537854,193.6994171142578,48696100,0.0,0.0,0.0
2016-12-30 00:00:00-05:00,194.02746309079632,194.113806395774,192.30070238435255,192.9914093017578,108998300,0.0,0.0,0.0
2017-01-03 00:00:00-05:00,194.29514782809548,194.97722582134307,193.29363643000622,194.46783447265625,91366500,0.0,0.0,0.0
2017-01-04 00:00:00-05:00,194.79595036267494,195.77157477463183,194.7873212983205,195.6248016357422,78744400,0.0,0.0,0.0
2017-01-05 00:00:00-05:00,195.3571298332533,195.62477570835244,194.67505178947582,195.4693603515625,78379000,0.0,0.0,0.0
2017-01-06 00:00:00-05:00,195.58161075861804,196.6349361687553,195.03767675239263,196.16871643066406,71559900,0.0,0.0,0.0
2017-01-09 00:00:00-05:00,195.90971312891796,196.04785719941958,195.48665185331058,195.5211944580078,46939700,0.0,0.0,0.0
2017-01-10 00:00:00-05:00,195.53845258621277,196.37593289918138,195.13266261295402,195.5211944580078,63771900,0.0,0.0,0.0
2017-01-11 00:00:00-05:00,195.43485452972027,196.07376098632812,194.77004770620948,196.07376098632812,74650000,0.0,0.0,0.0
2017-01-12 00:00:00-05:00,195.55571889690535,195.7715640612507,194.2261184811609,195.5816192626953,72113200,0.0,0.0,0.0
2017-01-13 00:00:00-05:00,195.75430571982696,196.33276921767424,195.71977628786865,196.0305938720703,62717900,0.0,0.0,0.0
2017-01-17 00:00:00-05:00,195.39169026213537,195.79748025784545,194.9513708339613,195.3398895263672,61240800,0.0,0.0,0.0
2017-01-18 00:00:00-05:00,195.5902754267279,195.81476286020285,195.03771225640872,195.77159118652344,54793300,0.0,0.0,0.0
2017-01-19 00:00:00-05:00,195.84923272080388,195.987376764899,194.61460490882422,195.04629516601562,66608800,0.0,0.0,0.0
2017-01-20 00:00:00-05:00,195.72836633633,196.25502899418407,195.0981022291084,195.76290893554688,129168600,0.0,0.0,0.0
2017-01-23 00:00:00-05:00,195.76291406722498,195.82334385622627,194.4937435826371,195.25350952148438,75061600,0.0,0.0,0.0
2017-01-24 00:00:00-05:00,195.46936485746957,196.91985113299535,195.35713433657327,196.50543212890625,95555300,0.0,0.0,0.0
2017-01-25 00:00:00-05:00,197.45511831484978,198.20626831054688,197.291073911489,198.20626831054688,84437700,0.0,0.0,0.0
2017-01-26 00:00:00-05:00,198.0594837402296,198.3271427646296,197.72276586826825,197.99905395507812,59970700,0.0,0.0,0.0
2017-01-27 00:00:00-05:00,198.07676629744958,198.22353941160668,197.50693196662186,197.68824768066406,59711100,0.0,0.0,0.0
2017-01-30 00:00:00-05:00,196.99754148922224,197.02344185218226,195.47799644095304,196.46224975585938,79737300,0.0,0.0,0.0
2017-01-31 00:00:00-05:00,195.97017575374107,196.5054808230703,195.40035442222,196.44503784179688,75880800,0.0,0.0,0.0
2017-02-01 00:00:00-05:00,196.44497347363748,197.36015473939247,195.93558211615368,196.52267456054688,79117700,0.0,0.0,0.0
2017-02-02 00:00:00-05:00,196.52270667286717,196.93713888571978,195.83201266640026,196.6522216796875,69657600,0.0,0.0,0.0
2017-02-03 00:00:00-05:00,197.5587420330272,198.1890061402115,197.2479245108015,198.0076904296875,80563200,0.0,0.0,0.0
2017-02-06 00:00:00-05:00,197.60190105740523,197.9990619046049,197.3169838967462,197.65370178222656,57790100,0.0,0.0,0.0
2017-02-07 00:00:00-05:00,198.0422583695369,198.2840038984072,197.47242397685267,197.66236877441406,57931200,0.0,0.0,0.0
2017-02-08 00:00:00-05:00,197.66236988660492,198.05088854775087,197.11843585651454,197.92138671875,51566200,0.0,0.0,0.0
2017-02-09 00:00:00-05:00,197.92136768733826,199.39774109255882,197.92136768733826,199.09556579589844,65955200,0.0,0.0,0.0
2017-02-10 00:00:00-05:00,199.44093670024577,200.10574351134014,199.11284782674448,199.88125610351562,66015900,0.0,0.0,0.0
2017-02-13 00:00:00-05:00,200.37336624510309,201.22811776053453,200.3474658816787,200.96910095214844,55182100,0.0,0.0,0.0
2017-02-14 00:00:00-05:00,200.7877803826342,201.78067592843365,200.44243342922505,201.77203369140625,71109000,0.0,0.0,0.0
2017-02-15 00:00:00-05:00,201.55623814953978,203.01535375890472,201.50443741119582,202.82540893554688,86785800,0.0,0.0,0.0
2017-02-16 00:00:00-05:00,202.85125327687982,203.03256898514903,201.90154259654713,202.65267944335938,84722400,0.0,0.0,0.0
2017-02-17 00:00:00-05:00,201.9879448558272,202.97219848632812,201.97067355026863,202.97219848632812,77204100,0.0,0.0,0.0
2017-02-21 00:00:00-05:00,203.3434582555546,204.3536122531351,203.33481601573806,204.18093872070312,88946100,0.0,0.0,0.0
2017-02-22 00:00:00-05:00,203.77511377639047,204.22406224900018,203.61106933772223,203.9995880126953,62115200,0.0,0.0,0.0
2017-02-23 00:00:00-05:00,204.51763071640397,204.53488884555063,203.37796183379365,204.1377410888672,74615900,0.0,0.0,0.0
2017-02-24 00:00:00-05:00,203.29160239869657,204.4398870064227,203.24843073375635,204.396728515625,82381600,0.0,0.0,0.0
2017-02-27 00:00:00-05:00,204.31036610677148,204.88882947535308,204.0599915521268,204.71615600585938,56515400,0.0,0.0,0.0
2017-02-28 00:00:00-05:00,204.33627821574882,204.57802372176616,203.77508611409613,204.16360473632812,96961900,0.0,0.0,0.0
2017-03-01 00:00:00-05:00,205.82129435228447,207.48762570939044,205.80402305205783,207.02139282226562,149158200,0.0,0.0,0.0
2017-03-02 00:00:00-05:00,206.83148299232383,206.8401252309685,205.66592692584172,205.7177276611328,70246000,0.0,0.0,0.0
2017-03-03 00:00:00-05:00,205.63138382461676,206.01127344802936,205.25149420120417,205.84722900390625,81974300,0.0,0.0,0.0
2017-03-06 00:00:00-05:00,205.05287618633375,205.58816790002123,204.6298149833005,205.23419189453125,55391500,0.0,0.0,0.0
2017-03-07 00:00:00-05:00,204.93209451183537,205.28608384878152,204.41406069317526,204.62127685546875,65103700,0.0,0.0,0.0
2017-03-08 00:00:00-05:00,204.91475357997692,205.17377040129966,204.1031736877656,204.24131774902344,78168800,0.0,0.0,0.0
2017-03-09 00:00:00-05:00,204.3622526252687,204.82848568019037,203.53341435408075,204.50039672851562,90683900,0.0,0.0,0.0
2017-03-10 00:00:00-05:00,205.45864916144083,205.50182081927755,204.26717991067636,205.21690368652344,81991700,0.0,0.0,0.0
2017-03-13 00:00:00-04:00,205.1564664643777,205.3636825233011,204.8283908387582,205.3205108642578,57256800,0.0,0.0,0.0
2017-03-14 00:00:00-04:00,204.7765965790729,204.82841047937762,203.9218582491036,204.53485107421875,59880800,0.0,0.0,0.0
2017-03-15 00:00:00-04:00,205.1046957895022,206.72785555349793,204.87157933583111,206.30479431152344,96081800,0.0,0.0,0.0
2017-03-16 00:00:00-04:00,206.4429360696499,206.52063716195985,205.57092640517246,205.8990020751953,78344000,0.0,0.0,0.0
2017-03-17 00:00:00-04:00,206.1617540442583,206.35252518012385,205.53741455078125,205.53741455078125,89002100,1.033,0.0,0.0
2017-03-20 00:00:00-04:00,205.53741672740404,205.82357343423274,204.92175706269143,205.3119659423828,52537000,0.0,0.0,0.0
2017-03-21 00:00:00-04:00,205.91893806804308,206.04033666785944,202.54577708230124,202.67584228515625,131809300,0.0,0.0,0.0
2017-03-22 00:00:00-04:00,202.7105512985133,203.4389429554005,202.086211812194,203.1527862548828,97569200,0.0,0.0,0.0
2017-03-23 00:00:00-04:00,203.1528040928162,204.07196696408943,202.56315743254936,202.93601989746094,100410300,0.0,0.0,0.0
2017-03-24 00:00:00-04:00,203.2395348524194,203.81183510544602,202.00820213915307,202.7886199951172,112504900,0.0,0.0,0.0
2017-03-27 00:00:00-04:00,201.11499654168372,202.8406032355756,200.8375196945119,202.58045959472656,87454500,0.0,0.0,0.0
2017-03-28 00:00:00-04:00,202.27699348014863,204.47951500442747,202.16426146852515,204.05462646484375,93483900,0.0,0.0,0.0
2017-03-29 00:00:00-04:00,203.76844675436723,204.47949192913052,203.54298275656367,204.245361328125,61950400,0.0,0.0,0.0
2017-03-30 00:00:00-04:00,204.18469144018388,205.09518767334725,204.01126673659485,204.89573669433594,56737900,0.0,0.0,0.0
2017-03-31 00:00:00-04:00,204.55753979783736,205.0864937077872,204.36676866759603,204.41880798339844,73733100,0.0,0.0,0.0
2017-04-03 00:00:00-04:00,204.47087936755779,204.67031714555634,202.83199119027162,204.06332397460938,85546500,0.0,0.0,0.0
2017-04-04 00:00:00-04:00,203.7770917543247,204.28003254728003,203.3955495506031,204.1933135986328,56466200,0.0,0.0,0.0
2017-04-05 00:00:00-04:00,204.86975413896752,205.84962304568137,203.37827764951905,203.58639526367188,108800600,0.0,0.0,0.0
2017-04-06 00:00:00-04:00,203.72507732476717,204.6789196571488,203.28282918541828,204.1586456298828,69135800,0.0,0.0,0.0
2017-04-07 00:00:00-04:00,203.90714101734474,204.6442123289071,203.464906169279,203.95050048828125,74412300,0.0,0.0,0.0
2017-04-10 00:00:00-04:00,204.08929162901535,204.869709356444,203.5429912809418,204.0719451904297,67615300,0.0,0.0,0.0
2017-04-11 00:00:00-04:00,203.69040229352734,203.9331995071442,202.33767118010337,203.8291473388672,88045300,0.0,0.0,0.0
2017-04-12 00:00:00-04:00,203.5516928341111,203.74246398454034,202.71056909761606,202.93601989746094,81864400,0.0,0.0,0.0
2017-04-13 00:00:00-04:00,202.59781914979595,203.33489064134773,201.61795043945312,201.61795043945312,92880400,0.0,0.0,0.0
2017-04-17 00:00:00-04:00,202.13819543544946,203.4042205810547,201.9387577399371,203.4042205810547,68405400,0.0,0.0,0.0
2017-04-18 00:00:00-04:00,202.66717600787345,203.3348749236641,202.11220908904167,202.7972412109375,83225800,0.0,0.0,0.0
2017-04-19 00:00:00-04:00,203.3609019208942,203.7337643495707,202.198928690804,202.4243927001953,68699900,0.0,0.0,0.0
2017-04-20 00:00:00-04:00,203.0400504136045,204.51419336990097,202.71921407277694,204.0719451904297,92572200,0.0,0.0,0.0
2017-04-21 00:00:00-04:00,203.99391375359454,204.0459398398568,203.0227248594819,203.42160034179688,110389800,0.0,0.0,0.0
2017-04-24 00:00:00-04:00,205.66749533983582,205.8669463260892,203.39560120797648,205.65882873535156,119209900,0.0,0.0,0.0
2017-04-25 00:00:00-04:00,206.30047133860262,207.2022875792635,206.213752386165,206.85543823242188,76698300,0.0,0.0,0.0
2017-04-26 00:00:00-04:00,206.82078840698463,207.70527162641977,206.6820565782447,206.72540283203125,84702500,0.0,0.0,0.0
2017-04-27 00:00:00-04:00,207.04624588851578,207.2023241527077,206.36120044512217,206.89883422851562,57410300,0.0,0.0,0.0
2017-04-28 00:00:00-04:00,207.15889046024216,207.18490349495573,206.31776705396445,206.44784545898438,63532800,0.0,0.0,0.0
2017-05-01 00:00:00-04:00,206.9681854248047,207.39308717979222,206.55196350512594,206.9681854248047,66882500,0.0,0.0,0.0
2017-05-02 00:00:00-04:00,207.10694208293043,207.22834070095143,206.63869405097995,207.04624938964844,57375700,0.0,0.0,0.0
2017-05-03 00:00:00-04:00,207.0462310779163,207.1416166430293,206.11838846895753,206.7947540283203,73137700,0.0,0.0,0.0
2017-05-04 00:00:00-04:00,207.09828832596585,207.1763274642226,206.18779201859695,207.03758239746094,61462700,0.0,0.0,0.0
2017-05-05 00:00:00-04:00,207.4104414122922,207.8700228314147,206.96819320152605,207.85267639160156,62001300,0.0,0.0,0.0
2017-05-08 00:00:00-04:00,207.89598650113538,208.04339812589566,207.39304571765436,207.8179473876953,48385700,0.0,0.0,0.0
2017-05-09 00:00:00-04:00,208.07812731096178,208.2775650461545,207.28034990727892,207.62721252441406,51363200,0.0,0.0,0.0
2017-05-10 00:00:00-04:00,207.58388483866509,208.00010681152344,207.37576723650693,208.00010681152344,54293800,0.0,0.0,0.0
2017-05-11 00:00:00-04:00,207.54921278278863,207.73998395055054,206.49130475482116,207.57522583007812,62358300,0.0,0.0,0.0
2017-05-12 00:00:00-04:00,207.3237333551271,207.61855669018183,206.95953748862587,207.2283477783203,53912700,0.0,0.0,0.0
2017-05-15 00:00:00-04:00,207.6532150547437,208.4943386654643,207.6358686169011,208.37294006347656,61918900,0.0,0.0,0.0
2017-05-16 00:00:00-04:00,208.66775380957856,208.69376684942557,207.79195059466826,208.18215942382812,51241800,0.0,0.0,0.0
2017-05-17 00:00:00-04:00,208.18217186348366,208.18217186348366,204.42746852090303,204.48817443847656,172174100,0.0,0.0,0.0
2017-05-18 00:00:00-04:00,204.41013633938513,206.16175622749276,204.14999267577213,205.3119659423828,107047700,0.0,0.0,0.0
2017-05-19 00:00:00-04:00,205.7975638266799,207.31505311972367,205.74553773938,206.64735412597656,115011400,0.0,0.0,0.0
2017-05-22 00:00:00-04:00,207.15896046579584,207.8613523347789,207.08960117075563,207.69659423828125,61010600,0.0,0.0,0.0
2017-05-23 00:00:00-04:00,208.0694699933112,208.3209470718812,207.68792768889972,208.15618896484375,48341700,0.0,0.0,0.0
2017-05-24 00:00:00-04:00,208.39030557898954,208.7458215828506,208.0521095516462,208.6417694091797,46927700,0.0,0.0,0.0
2017-05-25 00:00:00-04:00,209.1533673617428,209.9164518843952,208.94526302389642,209.6389617919922,64071700,0.0,0.0,0.0
2017-05-26 00:00:00-04:00,209.44820194186562,209.76037169690403,209.37016281097016,209.5956268310547,46629900,0.0,0.0,0.0
2017-05-30 00:00:00-04:00,209.2747833846353,209.66499228202534,209.11870511826206,209.4135284423828,35201900,0.0,0.0,0.0
2017-05-31 00:00:00-04:00,209.70831480588197,209.7430076799328,208.6677535190861,209.36146545410156,91796000,0.0,0.0,0.0
2017-06-01 00:00:00-04:00,209.82106299336175,211.0437288846533,209.53490630190274,211.02638244628906,68962000,0.0,0.0,0.0
2017-06-02 00:00:00-04:00,211.0784224730804,211.88486651709152,210.78359915869203,211.72877502441406,88666100,0.0,0.0,0.0
2017-06-05 00:00:00-04:00,211.55537694697884,211.84153369335198,211.3732723878475,211.57272338867188,44698800,0.0,0.0,0.0
2017-06-06 00:00:00-04:00,211.00903529866966,211.56400224135808,210.81826417167153,210.8963165283203,50375400,0.0,0.0,0.0
2017-06-07 00:00:00-04:00,211.23453396659397,211.51201086774532,210.56683491252886,211.28656005859375,54144300,0.0,0.0,0.0
2017-06-08 00:00:00-04:00,211.38191262013916,211.86750704489805,210.86162531849425,211.3905792236328,65950700,0.0,0.0,0.0
2017-06-09 00:00:00-04:00,211.65936392855593,212.45712799171255,209.80369218282215,211.06971740722656,132256400,0.0,0.0,0.0
2017-06-12 00:00:00-04:00,210.82694471519545,211.07840852992604,210.17659220682197,211.02638244628906,86108100,0.0,0.0,0.0
2017-06-13 00:00:00-04:00,211.56399906704462,212.1102993981112,211.21714969486433,212.0582733154297,60067000,0.0,0.0,0.0
2017-06-14 00:00:00-04:00,212.32712560765611,212.33579221266734,210.96571442778435,211.7895050048828,78602300,0.0,0.0,0.0
2017-06-15 00:00:00-04:00,210.43672319414657,211.50331083741182,210.15924633684702,211.3819122314453,66464900,0.0,0.0,0.0
2017-06-16 00:00:00-04:00,211.5413976098634,211.5936774103937,210.54804151184246,211.42811584472656,84553100,1.183,0.0,0.0
2017-06-19 00:00:00-04:00,212.25589557507703,213.24925160382472,212.1600448487952,213.18826293945312,65123800,0.0,0.0,0.0
2017-06-20 00:00:00-04:00,212.83098609855904,212.83969496548008,211.73307054740792,211.75048828125,56906400,0.0,0.0,0.0
2017-06-21 00:00:00-04:00,212.14266238565773,212.25593086574634,211.22772590011513,211.69825744628906,55977600,0.0,0.0,0.0
2017-06-22 00:00:00-04:00,211.7069593717487,212.20363077322858,211.4281160406863,211.60238647460938,44148100,0.0,0.0,0.0
2017-06-23 00:00:00-04:00,211.6633400815934,212.18615126391856,211.27993723696764,211.85504150390625,66986800,0.0,0.0,0.0
2017-06-26 00:00:00-04:00,212.52604032325613,212.9443053367406,211.78538762517763,211.9945068359375,56700500,0.0,0.0,0.0
2017-06-27 00:00:00-04:00,211.77666390216672,212.07293827520004,210.26920531977657,210.28663635253906,82247700,0.0,0.0,0.0
2017-06-28 00:00:00-04:00,211.30612088678072,212.36918779574532,211.07084849322783,212.1687774658203,70042600,0.0,0.0,0.0
2017-06-29 00:00:00-04:00,212.31688319202655,212.36916298537918,209.09283407414108,210.3040313720703,106949700,0.0,0.0,0.0
2017-06-30 00:00:00-04:00,211.11435752606388,211.48905147230505,210.50440455122927,210.69610595703125,86820700,0.0,0.0,0.0
2017-07-03 00:00:00-04:00,211.6372648495118,212.07294761588778,211.05345153808594,211.05345153808594,39153800,0.0,0.0,0.0
2017-07-05 00:00:00-04:00,211.41934546183356,211.75045520084595,210.60896890145665,211.5413360595703,54427600,0.0,0.0,0.0
2017-07-06 00:00:00-04:00,210.77457529317726,210.896565916886,209.42395626898553,209.60694885253906,65400800,0.0,0.0,0.0
2017-07-07 00:00:00-04:00,210.18205453251846,211.1144085990406,209.61565904345244,210.96627807617188,57972300,0.0,0.0,0.0
2017-07-10 00:00:00-04:00,210.96625986011753,211.56750406312796,210.66127667726363,211.19281005859375,36663300,0.0,0.0,0.0
2017-07-11 00:00:00-04:00,211.19280433836818,211.34965700689543,209.868338650255,211.0359649658203,50354600,0.0,0.0,0.0
2017-07-12 00:00:00-04:00,212.00319472965325,212.78741823519627,212.00319472965325,212.62185668945312,59610400,0.0,0.0,0.0
2017-07-13 00:00:00-04:00,212.63056990685791,213.09239246451185,212.4040064133811,212.97911071777344,39471600,0.0,0.0,0.0
2017-07-14 00:00:00-04:00,212.97913236566546,214.3297514132089,212.88328163852415,213.9724884033203,60262700,0.0,0.0,0.0
2017-07-17 00:00:00-04:00,213.89407029991375,214.2774732113337,213.77207967318748,213.94635009765625,33531900,0.0,0.0,0.0
2017-07-18 00:00:00-04:00,213.536776336471,214.111880620243,213.19694440442012,214.05960083007812,42742500,0.0,0.0,0.0
2017-07-19 00:00:00-04:00,214.37331090887497,215.22724524405382,214.36458874579398,215.21853637695312,51034300,0.0,0.0,0.0
2017-07-20 00:00:00-04:00,215.4712162072697,215.59320682076344,214.7654124223429,215.3143768310547,47135200,0.0,0.0,0.0
2017-07-21 00:00:00-04:00,214.7392473216539,215.14879003945208,214.5126838546296,215.12265014648438,82340800,0.0,0.0,0.0
2017-07-24 00:00:00-04:00,215.04431188742566,215.20987347979448,214.59992021526517,215.07046508789062,46622300,0.0,0.0,0.0
2017-07-25 00:00:00-04:00,215.81978142442844,215.9243543163771,215.3666809779153,215.59323120117188,54915600,0.0,0.0,0.0
2017-07-26 00:00:00-04:00,215.88083312756405,215.91568190225573,215.34059069594565,215.60198974609375,47575400,0.0,0.0,0.0
2017-07-27 00:00:00-04:00,216.06373536374747,216.0985841238594,214.07701034192127,215.4014892578125,70766600,0.0,0.0,0.0
2017-07-28 00:00:00-04:00,214.92225547223714,215.27951845213977,214.4691550692181,215.14881896972656,50088400,0.0,0.0,0.0
2017-07-31 00:00:00-04:00,215.54969735208638,215.64554809687291,214.81775346243472,215.02688598632812,65838700,0.0,0.0,0.0
2017-08-01 00:00:00-04:00,215.62804834113211,215.66289710053402,214.9832332763803,215.5060577392578,55050400,0.0,0.0,0.0
2017-08-02 00:00:00-04:00,215.63682715788497,215.75010893065112,214.67831976367006,215.61068725585938,47211200,0.0,0.0,0.0
2017-08-03 00:00:00-04:00,215.49739853466022,215.523538435843,214.91358524827461,215.1924285888672,40856000,0.0,0.0,0.0
2017-08-04 00:00:00-04:00,215.6804149558998,215.9156740925237,215.20116122132262,215.58456420898438,60191800,0.0,0.0,0.0
2017-08-07 00:00:00-04:00,215.6542264947249,215.98533630371094,215.54965360600968,215.98533630371094,31995000,0.0,0.0,0.0
2017-08-08 00:00:00-04:00,215.67163772900346,216.8915572233861,215.07911566005964,215.45379638671875,61719400,0.0,0.0,0.0
2017-08-09 00:00:00-04:00,214.76543491687417,215.49737867450057,214.40817190565855,215.44509887695312,62632600,0.0,0.0,0.0
2017-08-10 00:00:00-04:00,214.60859100217328,214.73930379736694,212.3517576759011,212.40403747558594,120479500,0.0,0.0,0.0
2017-08-11 00:00:00-04:00,212.6305990944337,213.31026307620152,212.3953267019813,212.7177276611328,74869900,0.0,0.0,0.0
2017-08-14 00:00:00-04:00,213.99862155965698,215.0442573617208,213.96377279451312,214.826416015625,73291900,0.0,0.0,0.0
2017-08-15 00:00:00-04:00,215.20980521945344,215.22723624890662,214.4952925636297,214.80026245117188,55242700,0.0,0.0,0.0
2017-08-16 00:00:00-04:00,215.3231030556506,215.72393698714532,214.7479987045419,215.1749725341797,56715500,0.0,0.0,0.0
2017-08-17 00:00:00-04:00,214.56493731306253,214.87862926672392,211.82012939453125,211.82012939453125,128490400,0.0,0.0,0.0
2017-08-18 00:00:00-04:00,211.6546687551769,212.77873766471814,211.04471558130828,211.48912048339844,136748000,0.0,0.0,0.0
2017-08-21 00:00:00-04:00,211.42811285484936,211.91607538087405,210.72230896570784,211.6546630859375,65469700,0.0,0.0,0.0
2017-08-22 00:00:00-04:00,212.23845578162837,214.02474403743867,212.2210247524849,213.86790466308594,63140100,0.0,0.0,0.0
2017-08-23 00:00:00-04:00,212.90072492052627,213.52810911682874,212.75259438750788,213.10113525390625,50203800,0.0,0.0,0.0
2017-08-24 00:00:00-04:00,213.48452066897022,213.6413600571869,212.3953139308632,212.6044464111328,50741700,0.0,0.0,0.0
2017-08-25 00:00:00-04:00,213.39739631994303,214.01607164817918,212.95300472088786,213.10113525390625,64445900,0.0,0.0,0.0
2017-08-28 00:00:00-04:00,213.63264400278635,213.65878389994307,212.691567817204,213.10983276367188,40565600,0.0,0.0,0.0
2017-08-29 00:00:00-04:00,211.79405416158866,213.61520450319526,211.6807724144142,213.3538055419922,51135700,0.0,0.0,0.0
2017-08-30 00:00:00-04:00,213.33643429077247,214.63477377779594,213.15344167067497,214.36463928222656,62030800,0.0,0.0,0.0
2017-08-31 00:00:00-04:00,214.98332636737945,215.8982629256071,214.39951299875406,215.65428161621094,103803900,0.0,0.0,0.0
2017-09-01 00:00:00-04:00,216.02890882571083,216.38617183149577,215.81106747525382,215.95919799804688,62007000,0.0,0.0,0.0
2017-09-05 00:00:00-04:00,215.45382378294025,215.68038731715265,213.44097165164035,214.40818786621094,91398800,0.0,0.0,0.0
2017-09-06 00:00:00-04:00,215.08782640592375,215.4712292990506,214.55629299426707,215.14010620117188,57916900,0.0,0.0,0.0
2017-09-07 00:00:00-04:00,215.44510627811383,215.4625373098888,214.7044403314648,215.11398315429688,58034700,0.0,0.0,0.0
2017-09-08 00:00:00-04:00,214.82645079944174,215.32313553103205,214.6173315827576,214.86131286621094,63832800,0.0,0.0,0.0
2017-09-11 00:00:00-04:00,216.1334298043192,217.2313585238919,216.11601207250075,217.15293884277344,71364800,0.0,0.0,0.0
2017-09-12 00:00:00-04:00,217.51896157813033,217.91978223945418,217.33596898336484,217.8849334716797,56896000,0.0,0.0,0.0
2017-09-13 00:00:00-04:00,217.5973444497462,218.0243182346136,217.48406270568398,217.9894561767578,59228000,0.0,0.0,0.0
2017-09-14 00:00:00-04:00,217.6670944129095,218.12020817466322,217.4928239802294,217.91978454589844,95446300,0.0,0.0,0.0
2017-09-15 00:00:00-04:00,217.7752898829497,218.3006957249808,217.67021138693656,218.213134765625,95432400,1.235,0.0,0.0
2017-09-18 00:00:00-04:00,218.58090443441534,219.02750136678264,218.2919252327785,218.67723083496094,46235200,0.0,0.0,0.0
2017-09-19 00:00:00-04:00,218.9224793453609,218.98378405332213,218.57220872319542,218.89620971679688,47108100,0.0,0.0,0.0
2017-09-20 00:00:00-04:00,218.98372577564885,219.08880426194065,217.97667462148394,218.97496032714844,59574100,0.0,0.0,0.0
2017-09-21 00:00:00-04:00,218.8173832406044,218.90494420812297,218.21315510826966,218.38829040527344,48211400,0.0,0.0,0.0
2017-09-22 00:00:00-04:00,218.09051891054838,218.598420531724,218.06424928893276,218.43203735351562,51214000,0.0,0.0,0.0
2017-09-25 00:00:00-04:00,218.17812647379512,218.52841044011214,217.24114525807704,217.9854736328125,57064400,0.0,0.0,0.0
2017-09-26 00:00:00-04:00,218.41456789967987,218.65975999671107,217.8803965392975,218.11683654785156,54082000,0.0,0.0,0.0
2017-09-27 00:00:00-04:00,218.81738188896173,219.35155322680205,217.93292659731088,218.96624755859375,81001400,0.0,0.0,0.0
2017-09-28 00:00:00-04:00,218.68597567662562,219.30772121626998,218.59841472755318,219.22891235351562,44778800,0.0,0.0,0.0
2017-09-29 00:00:00-04:00,219.2202092670468,220.07839500104708,219.03632186830936,219.99957275390625,85578000,0.0,0.0,0.0
2017-10-02 00:00:00-04:00,220.22727727765337,220.9541015625,220.0521285925579,220.9541015625,59023000,0.0,0.0,0.0
2017-10-03 00:00:00-04:00,220.95407426774327,221.45321054509424,220.87525202439986,221.42694091796875,66810200,0.0,0.0,0.0
2017-10-04 00:00:00-04:00,221.27807617992787,221.93484358477772,221.1642322205911,221.6896514892578,55953600,0.0,0.0,0.0
2017-10-05 00:00:00-04:00,222.02239213892577,223.02067800399251,221.7246608055824,223.003173828125,63522800,0.0,0.0,0.0
2017-10-06 00:00:00-04:00,222.5565537211313,223.03818577572494,222.29385747495817,222.74920654296875,80646000,0.0,0.0,0.0
2017-10-09 00:00:00-04:00,222.97688466789108,223.03817600199042,222.11869909477954,222.38140869140625,35803100,0.0,0.0,0.0
2017-10-10 00:00:00-04:00,222.95058969972615,223.3446473688877,222.40765303189386,222.9680938720703,43057400,0.0,0.0,0.0
2017-10-11 00:00:00-04:00,222.87179482447962,223.3184051513672,222.70542499501343,223.3184051513672,47674300,0.0,0.0,0.0
2017-10-12 00:00:00-04:00,223.00311323619914,223.35338372590607,222.74915577349336,222.985595703125,47065100,0.0,0.0,0.0
2017-10-13 00:00:00-04:00,223.42347852453142,223.53732246594643,222.98563365689205,223.25709533691406,54800400,0.0,0.0,0.0
2017-10-16 00:00:00-04:00,223.4848119173923,223.74750818213673,223.14329341125787,223.5548553466797,38221700,0.0,0.0,0.0
2017-10-17 00:00:00-04:00,223.5023235157429,223.7562810627181,223.28340104654148,223.71249389648438,31561000,0.0,0.0,0.0
2017-10-18 00:00:00-04:00,224.08902950399124,224.13281666932104,223.73875890528632,223.93141174316406,40888300,0.0,0.0,0.0
2017-10-19 00:00:00-04:00,223.15203630356604,224.0277261152057,222.73170893532952,223.99269104003906,61903800,0.0,0.0,0.0
2017-10-20 00:00:00-04:00,224.78956555498408,225.17487117611148,223.97516715360754,225.14857482910156,89176400,0.0,0.0,0.0
2017-10-23 00:00:00-04:00,225.4726055845872,225.4988752080291,224.1940793132681,224.27288818359375,63915300,0.0,0.0,0.0
2017-10-24 00:00:00-04:00,224.70202726520085,224.90341883312888,224.30795613188522,224.6669921875,66935900,0.0,0.0,0.0
2017-10-25 00:00:00-04:00,224.3342187766771,224.44806273271078,222.42522132237863,223.5548553466797,103715300,0.0,0.0,0.0
2017-10-26 00:00:00-04:00,224.16782533084222,224.43927365517973,223.72121500385936,223.84381103515625,69798000,0.0,0.0,0.0
2017-10-27 00:00:00-04:00,224.58817961378833,225.8316709743532,223.85260333776702,225.6740264892578,85562500,0.0,0.0,0.0
2017-10-30 00:00:00-04:00,224.5881666867543,225.57770044809095,224.53562743605787,224.83335876464844,54285700,0.0,0.0,0.0
2017-10-31 00:00:00-04:00,225.209878631765,225.43756651350975,224.88587770708503,225.18360900878906,60304800,0.0,0.0,0.0
2017-11-01 00:00:00-04:00,225.96293800942775,226.3044430360434,225.11351808056176,225.48129272460938,54202700,0.0,0.0,0.0
2017-11-02 00:00:00-04:00,225.41130620582592,225.7090375198339,224.34296362077094,225.5689239501953,56449500,0.0,0.0,0.0
2017-11-03 00:00:00-04:00,225.7265778135099,226.36584106653882,225.31500248806788,226.3220672607422,59589700,0.0,0.0,0.0
2017-11-06 00:00:00-05:00,226.1906872911022,226.80368090203288,226.1206438586212,226.67233276367188,49652600,0.0,0.0,0.0
2017-11-07 00:00:00-05:00,226.77737519000038,227.1101415701888,226.00676393565465,226.51467895507812,57502200,0.0,0.0,0.0
2017-11-08 00:00:00-05:00,226.33955104389406,226.99631841527642,226.05932388502706,226.8999786376953,50469600,0.0,0.0,0.0
2017-11-09 00:00:00-05:00,225.69158331724887,226.26954189850446,224.49186562231625,226.07688903808594,95085500,0.0,0.0,0.0
2017-11-10 00:00:00-05:00,225.69153940514062,226.18192355007767,225.37627718400591,226.00677490234375,59984700,0.0,0.0,0.0
2017-11-13 00:00:00-05:00,225.32374022899884,226.44462210368795,225.28870515430896,226.21693420410156,50228600,0.0,0.0,0.0
2017-11-14 00:00:00-05:00,225.4113011872742,225.79660681421927,224.63192448424843,225.6915283203125,61315200,0.0,0.0,0.0
2017-11-15 00:00:00-05:00,224.7195532038209,225.24497252447838,223.85262869529498,224.5619354248047,80811500,0.0,0.0,0.0
2017-11-16 00:00:00-05:00,225.50760693548455,226.8386724123831,225.4638331390832,226.4708709716797,67777000,0.0,0.0,0.0
2017-11-17 00:00:00-05:00,226.12068223137604,226.44468326896106,225.72661102548452,225.805419921875,75756800,0.0,0.0,0.0
2017-11-20 00:00:00-05:00,226.0505717221622,226.3833113891138,225.80535292978027,226.19065856933594,48075500,0.0,0.0,0.0
2017-11-21 00:00:00-05:00,226.96124099451092,227.85446155625675,226.15562146799138,227.67054748535156,69176800,0.0,0.0,0.0
2017-11-22 00:00:00-05:00,227.6793647795018,227.8107129143955,227.3028245514952,227.46920776367188,45033400,0.0,0.0,0.0
2017-11-24 00:00:00-05:00,227.95957477917068,228.09968835381474,227.81946120452662,227.9945831298828,27856500,0.0,0.0,0.0
2017-11-27 00:00:00-05:00,228.0384008429355,228.33613219002166,227.6793647915844,227.8807830810547,52274900,0.0,0.0,0.0
2017-11-28 00:00:00-05:00,228.34488846422593,230.21885080268228,228.24854868654762,230.1925811767578,98971700,0.0,0.0,0.0
2017-11-29 00:00:00-05:00,230.3239366934897,230.85812140299734,229.60589132054656,230.05247497558594,77512100,0.0,0.0,0.0
2017-11-30 00:00:00-05:00,230.97191623129387,232.97722633714784,230.8931073677559,232.0665283203125,127894400,0.0,0.0,0.0
2017-12-01 00:00:00-05:00,231.8476534094766,232.32927213776017,228.3448940068808,231.58493041992188,164390900,0.0,0.0,0.0
2017-12-04 00:00:00-05:00,233.20494992982626,233.63402938279867,231.2521520432385,231.30471801757812,94040600,0.0,0.0,0.0
2017-12-05 00:00:00-05:00,230.47274780273438,232.18909193484973,230.34139970761024,230.47274780273438,77994500,0.0,0.0,0.0
2017-12-06 00:00:00-05:00,230.56907976970888,230.94564663856292,230.05242607049982,230.51654052734375,75898600,0.0,0.0,0.0
2017-12-07 00:00:00-05:00,231.24342346191406,231.55865897818853,230.2538896626083,231.24342346191406,77218600,0.0,0.0,0.0
2017-12-08 00:00:00-05:00,232.19791301203568,232.5131485158571,231.20837925182036,232.50440979003906,76563900,0.0,0.0,0.0
2017-12-11 00:00:00-05:00,233.20498657226562,233.26629128201768,232.47817567813922,233.20498657226562,83077500,0.0,0.0,0.0
2017-12-12 00:00:00-05:00,233.99305630118846,234.08939607247345,233.23997592537404,233.61651611328125,85195800,0.0,0.0,0.0
2017-12-13 00:00:00-05:00,233.86173271575652,234.29957764733308,233.50269666499167,233.59027099609375,102905400,0.0,0.0,0.0
2017-12-14 00:00:00-05:00,233.88792609346132,234.00177001438666,232.5831571743865,232.6356964111328,100666700,0.0,0.0,0.0
2017-12-15 00:00:00-05:00,233.6400396374906,235.0395001397508,233.5872318344265,234.57301330566406,144610300,1.351,0.0,0.0
2017-12-18 00:00:00-05:00,235.9724486318288,236.41253151743066,235.86683303696876,236.0604705810547,83653600,0.0,0.0,0.0
2017-12-19 00:00:00-05:00,236.3069458213828,236.35094337129874,235.08350235155973,235.1539306640625,82382900,0.0,0.0,0.0
2017-12-20 00:00:00-05:00,236.12202116287426,236.1748289512224,234.7313713021679,235.03062438964844,76751500,0.0,0.0,0.0
2017-12-21 00:00:00-05:00,235.65560026957766,236.22772957066448,235.2683251398561,235.5147705078125,67032300,0.0,0.0,0.0
2017-12-22 00:00:00-05:00,235.53239774206176,235.56761189864133,234.91627087431047,235.45318603515625,78720900,0.0,0.0,0.0
2017-12-26 00:00:00-05:00,235.0483031821687,235.3915807913124,234.90750026924763,235.17153930664062,45244400,0.0,0.0,0.0
2017-12-27 00:00:00-05:00,235.3387575110379,235.64682094143072,235.0131004328199,235.28594970703125,57751000,0.0,0.0,0.0
2017-12-28 00:00:00-05:00,235.78762477887966,235.81402867797968,235.4003496850609,235.77000427246094,45116100,0.0,0.0,0.0
2017-12-29 00:00:00-05:00,236.35093124759084,236.36852489454853,234.6874317823452,234.88104248046875,96007400,0.0,0.0,0.0
2018-01-02 00:00:00-05:00,235.74354048800075,236.5973021560593,235.35626549256048,236.5620880126953,86655700,0.0,0.0,0.0
2018-01-03 00:00:00-05:00,236.72935188296796,238.2080506275682,236.72935188296796,238.05841064453125,90070400,0.0,0.0,0.0
2018-01-04 00:00:00-05:00,238.7009385523417,239.54589006788385,238.1200259914926,239.06178283691406,80636400,0.0,0.0,0.0
2018-01-05 00:00:00-05:00,239.8539988745469,240.77816225162655,239.36110815870046,240.6549530029297,83524000,0.0,0.0,0.0
2018-01-08 00:00:00-05:00,240.55811662393486,241.25345513837206,240.2676737237684,241.09503173828125,57319200,0.0,0.0,0.0
2018-01-09 00:00:00-05:00,241.5174957036349,242.26564202295054,241.2358361946289,241.64073181152344,57254000,0.0,0.0,0.0
2018-01-10 00:00:00-05:00,240.88378200827157,241.53512299871895,240.21487423124526,241.27105712890625,69574300,0.0,0.0,0.0
2018-01-11 00:00:00-05:00,241.82554924347087,243.0313720703125,241.65831559560675,243.0313720703125,62361500,0.0,0.0,0.0
2018-01-12 00:00:00-05:00,243.29544343228133,244.78289892979492,242.99616342156756,244.61569213867188,90816100,0.0,0.0,0.0
2018-01-16 00:00:00-05:00,245.87429390496845,246.5256079282304,243.084156814638,243.7794952392578,106555100,0.0,0.0,0.0
2018-01-17 00:00:00-05:00,244.71249925191754,246.49042451957706,243.77952564150394,246.1031494140625,113258800,0.0,0.0,0.0
2018-01-18 00:00:00-05:00,245.98879788782554,246.41126036770294,245.19662701698726,245.68954467773438,100728000,0.0,0.0,0.0
2018-01-19 00:00:00-05:00,246.27039686967373,246.80731201171878,245.68951103937377,246.80731201171875,140920100,0.0,0.0,0.0
2018-01-22 00:00:00-05:00,246.59612400455075,248.8141326904297,246.54328933200912,248.8141326904297,91322400,0.0,0.0,0.0
2018-01-23 00:00:00-05:00,248.85808626496785,249.63263651822,248.532429194971,249.34219360351562,97084700,0.0,0.0,0.0
2018-01-24 00:00:00-05:00,249.98468212184525,250.5832152829012,248.06592711458097,249.24534606933594,134816100,0.0,0.0,0.0
2018-01-25 00:00:00-05:00,250.10789337376553,250.20469870958607,248.558793116429,249.35093688964844,84587300,0.0,0.0,0.0
2018-01-26 00:00:00-05:00,250.18714044699553,252.2819394474555,249.93188483201155,252.2379150390625,107743100,0.0,0.0,0.0
2018-01-29 00:00:00-05:00,251.66582012769325,252.10590306158304,250.40718938329576,250.56561279296875,90118300,0.0,0.0,0.0
2018-01-30 00:00:00-05:00,248.73481932492822,250.61835985801847,247.5201864240777,247.9954833984375,131796400,0.0,0.0,0.0
2018-01-31 00:00:00-05:00,248.84931188627255,249.35098602984448,247.04495569446198,248.11875915527344,108364800,0.0,0.0,0.0
2018-02-01 00:00:00-05:00,247.38824606458448,249.13976768175868,247.04496845650746,247.8371124267578,90102500,0.0,0.0,0.0
2018-02-02 00:00:00-05:00,246.51685703921194,246.648903414558,242.40649726832018,242.44171142578125,173174800,0.0,0.0,0.0
2018-02-05 00:00:00-05:00,240.68136600719666,242.79375870651555,231.75647126237143,232.3021697998047,294681800,0.0,0.0,0.0
2018-02-06 00:00:00-05:00,228.7903023920032,237.38072927764424,227.69890538491987,236.8790283203125,355026800,0.0,0.0,0.0
2018-02-07 00:00:00-05:00,236.32453525026932,239.72196260327064,235.51477083413027,235.59400939941406,167376100,0.0,0.0,0.0
2018-02-08 00:00:00-05:00,235.89325141817721,236.03408117347925,226.72191170053435,226.7571258544922,246449500,0.0,0.0,0.0
2018-02-09 00:00:00-05:00,229.54726421694855,232.02052833590065,222.6115658085252,230.16339111328125,283565300,0.0,0.0,0.0
2018-02-12 00:00:00-05:00,232.21412346392802,235.0130710287403,230.30417878341456,233.54318237304688,143736000,0.0,0.0,0.0
2018-02-13 00:00:00-05:00,232.33734911294388,234.66978292825414,231.75643650715458,234.12408447265625,81223600,0.0,0.0,0.0
2018-02-14 00:00:00-05:00,232.63664543929073,237.6447915281146,232.62783518497517,237.28392028808594,120735700,0.0,0.0,0.0
2018-02-15 00:00:00-05:00,239.0266414316785,240.3204862790797,236.56216098587512,240.31167602539062,111200300,0.0,0.0,0.0
2018-02-16 00:00:00-05:00,239.68673797361885,242.32723516288615,239.6427135708152,240.38204956054688,160420100,0.0,0.0,0.0
2018-02-20 00:00:00-05:00,239.43152296154543,240.87500789598906,238.08487024125643,238.87701416015625,86369700,0.0,0.0,0.0
2018-02-21 00:00:00-05:00,239.3170478750535,241.7991215895347,237.59193062820205,237.68873596191406,98883700,0.0,0.0,0.0
2018-02-22 00:00:00-05:00,238.6129835706596,240.32929097882283,237.3279488630217,237.99685668945312,110511300,0.0,0.0,0.0
2018-02-23 00:00:00-05:00,239.22024489952148,241.79031372070312,238.74494789704653,241.79031372070312,92766400,0.0,0.0,0.0
2018-02-26 00:00:00-05:00,242.8641254019329,244.69488517707467,242.27442939994546,244.59805297851562,86491400,0.0,0.0,0.0
2018-02-27 00:00:00-05:00,244.78293423401286,245.49589334997782,241.48231199199887,241.54393005371094,99099200,0.0,0.0,0.0
2018-02-28 00:00:00-05:00,242.64411317159698,243.09300634693332,238.78019908798586,239.0970458984375,121907800,0.0,0.0,0.0
2018-03-01 00:00:00-05:00,238.88584580420968,240.43494648514266,234.124144749757,235.6204376220703,176855100,0.0,0.0,0.0
2018-03-02 00:00:00-05:00,233.94810912087289,237.3983716162241,233.08556364243586,236.83505249023438,139083200,0.0,0.0,0.0
2018-03-05 00:00:00-05:00,235.64683981462008,240.18849934665528,235.54119733761473,239.57237243652344,97307400,0.0,0.0,0.0
2018-03-06 00:00:00-05:00,240.5493421552027,240.62858072756487,238.68339464847247,240.1796875,79213200,0.0,0.0,0.0
2018-03-07 00:00:00-05:00,238.0144506058728,240.44368998087577,237.82081305288796,240.0916290283203,87063500,0.0,0.0,0.0
2018-03-08 00:00:00-05:00,240.76946301072232,241.3767798621462,239.77489772732238,241.25357055664062,66901200,0.0,0.0,0.0
2018-03-09 00:00:00-05:00,242.66168733754333,245.45179748535156,242.3448137270759,245.45179748535156,113625300,0.0,0.0,0.0
2018-03-12 00:00:00-04:00,245.7423320590852,246.3672423323109,244.75652368007562,245.143798828125,71924800,0.0,0.0,0.0
2018-03-13 00:00:00-04:00,246.30557629916845,246.80727721513375,242.95214699439256,243.55946350097656,91968900,0.0,0.0,0.0
2018-03-14 00:00:00-04:00,244.5188714747904,244.70369878146147,241.7551646864321,242.3096466064453,105895100,0.0,0.0,0.0
2018-03-15 00:00:00-04:00,242.8201434578408,243.46264729648829,241.54389231279492,242.04559326171875,83433000,0.0,0.0,0.0
2018-03-16 00:00:00-04:00,242.5731561796535,243.35965403873402,242.2550403949287,242.3080596923828,100343700,1.097,0.0,0.0
2018-03-19 00:00:00-04:00,241.5569418332519,242.4848066021143,237.3770736672259,239.02957153320312,109208400,0.0,0.0,0.0
2018-03-20 00:00:00-04:00,239.4272048766045,240.07230891591502,238.75559119009515,239.43605041503906,59757300,0.0,0.0,0.0
2018-03-21 00:00:00-04:00,239.39189836930612,241.48624182819262,238.76448527928557,238.9765625,78709600,0.0,0.0,0.0
2018-03-22 00:00:00-04:00,236.74964866306775,237.5979844347918,232.72883860854253,233.0028076171875,148785900,0.0,0.0,0.0
2018-03-23 00:00:00-04:00,233.4446648554846,233.77162621271538,227.8420401470805,228.0364532470703,183534800,0.0,0.0,0.0
2018-03-26 00:00:00-04:00,231.6419474274861,234.55811720817164,229.2383066079222,234.27532958984375,141956100,0.0,0.0,0.0
2018-03-27 00:00:00-04:00,235.21206754040583,235.74226061596968,228.73459679677995,230.28990173339844,129941400,0.0,0.0,0.0
2018-03-28 00:00:00-04:00,230.42241304991515,232.09260187443158,228.50479184044528,229.60940551757812,146452300,0.0,0.0,0.0
2018-03-29 00:00:00-04:00,230.74938233105553,234.40787590041907,229.61825896543695,232.54327392578125,111601600,0.0,0.0,0.0
2018-04-02 00:00:00-04:00,232.01300201373746,232.52555776498752,225.04952788115273,227.52386474609375,186286300,0.0,0.0,0.0
2018-04-03 00:00:00-04:00,228.76108647586676,230.91729468859214,226.96719481188146,230.44009399414062,119956900,0.0,0.0,0.0
2018-04-04 00:00:00-04:00,226.88763069202741,233.6125052626878,226.75508245525387,232.9055633544922,123715300,0.0,0.0,0.0
2018-04-05 00:00:00-04:00,234.66411168825624,235.6273585175287,233.57718912240716,234.74366760253906,82652600,0.0,0.0,0.0
2018-04-06 00:00:00-04:00,232.78187422548618,234.2752870709953,227.99225756873417,229.51220703125,179521200,0.0,0.0,0.0
2018-04-09 00:00:00-04:00,230.97025656421096,234.0366646722441,229.7065852117971,230.64329528808594,105442900,0.0,0.0,0.0
2018-04-10 00:00:00-04:00,233.5330013233873,235.09715158909322,232.39305939698409,234.31065368652344,103529000,0.0,0.0,0.0
2018-04-11 00:00:00-04:00,232.8260584961061,234.743679746807,232.75537508521705,233.08233642578125,91140200,0.0,0.0,0.0
2018-04-12 00:00:00-04:00,234.4078811025094,235.94549479836687,234.23113211691503,234.99993896484375,68890500,0.0,0.0,0.0
2018-04-13 00:00:00-04:00,236.30780389474955,236.42268803495486,233.30326001108475,234.31065368652344,85079200,0.0,0.0,0.0
2018-04-16 00:00:00-04:00,235.9454239555409,237.00586361449152,235.1235980523096,236.23703002929688,63405300,0.0,0.0,0.0
2018-04-17 00:00:00-04:00,238.00446186422565,239.36535342206966,237.49193300036845,238.7644500732422,64682000,0.0,0.0,0.0
2018-04-18 00:00:00-04:00,239.20627383092074,239.7453122945607,238.48164087524708,238.94117736816406,57303900,0.0,0.0,0.0
2018-04-19 00:00:00-04:00,238.28724837406062,238.49050699178184,236.5817313909208,237.61566162109375,77655900,0.0,0.0,0.0
2018-04-20 00:00:00-04:00,237.54496094582333,237.7658836822387,234.7171391324635,235.600830078125,99953100,0.0,0.0,0.0
2018-04-23 00:00:00-04:00,236.1753007969323,236.7320305255298,234.48744749700347,235.5655517578125,65558000,0.0,0.0,0.0
2018-04-24 00:00:00-04:00,236.59059861141472,236.81152135905498,230.89078093505276,232.39306640625,112885500,0.0,0.0,0.0
2018-04-25 00:00:00-04:00,232.3311335620757,233.4092373337274,230.51073281179353,232.96739196777344,103840900,0.0,0.0,0.0
2018-04-26 00:00:00-04:00,233.9925537468531,236.16642611436546,233.55070823494597,235.33575439453125,67731900,0.0,0.0,0.0
2018-04-27 00:00:00-04:00,235.945436204683,236.24588783109348,234.61990004622973,235.55661010742188,57053600,0.0,0.0,0.0
2018-04-30 00:00:00-04:00,236.17531371211373,236.73204347115583,233.6744525672285,233.7451629638672,82182300,0.0,0.0,0.0
2018-05-01 00:00:00-04:00,233.17950476361585,234.2664542385587,231.62420020788073,234.16041564941406,74203400,0.0,0.0,0.0
2018-05-02 00:00:00-04:00,233.96601907116514,234.7789996239809,232.19863721256587,232.58746337890625,86368900,0.0,0.0,0.0
2018-05-03 00:00:00-04:00,231.75680484646094,232.7288433491431,228.9201373860479,232.07492065429688,136311500,0.0,0.0,0.0
2018-05-04 00:00:00-04:00,231.10287331365893,235.7599423992167,230.7759119405855,235.07948303222656,91222100,0.0,0.0,0.0
2018-05-07 00:00:00-04:00,235.84826147166132,236.8468094686672,235.15895672638163,235.87477111816406,55304900,0.0,0.0,0.0
2018-05-08 00:00:00-04:00,235.50360909902147,236.23706063100002,234.31062107018982,235.87477111816406,67499200,0.0,0.0,0.0
2018-05-09 00:00:00-04:00,236.54643034279098,238.48171603515163,236.02505582298372,238.15475463867188,59666100,0.0,0.0,0.0
2018-05-10 00:00:00-04:00,238.89696721028608,240.70854952792098,238.79092862937145,240.38156127929688,72063900,0.0,0.0,0.0
2018-05-11 00:00:00-04:00,240.50537853303064,241.38022411231702,239.992822581122,241.11512756347656,59871500,0.0,0.0,0.0
2018-05-14 00:00:00-04:00,241.5480504494079,242.20197303980675,240.68202371955482,241.2299346923828,54790600,0.0,0.0,0.0
2018-05-15 00:00:00-04:00,240.00166456350468,240.01932867712787,238.62310859374907,239.56866455078125,87036100,0.0,0.0,0.0
2018-05-16 00:00:00-04:00,239.60392001314463,241.035494696002,239.57738340158687,240.57595825195312,53942600,0.0,0.0,0.0
2018-05-17 00:00:00-04:00,240.31092263582997,241.45089152917097,239.59513511324812,240.37278747558594,56536400,0.0,0.0,0.0
2018-05-18 00:00:00-04:00,240.0281285092887,240.39044503041083,239.4183796039987,239.7718505859375,64368000,0.0,0.0,0.0
2018-05-21 00:00:00-04:00,241.25648440986458,242.11366574391533,240.86765821907193,241.57460021972656,58025900,0.0,0.0,0.0
2018-05-22 00:00:00-04:00,242.09606483943358,242.35234287157428,240.57611470058444,240.903076171875,52966400,0.0,0.0,0.0
2018-05-23 00:00:00-04:00,239.63056739510571,241.5923630428265,239.47148247482383,241.56582641601562,64694200,0.0,0.0,0.0
2018-05-24 00:00:00-04:00,241.16806657189602,241.4420085705214,239.28580079752527,241.0708465576172,76043800,0.0,0.0,0.0
2018-05-25 00:00:00-04:00,240.49652099609375,241.12393410912944,239.99281061030905,240.49652099609375,56374800,0.0,0.0,0.0
2018-05-29 00:00:00-04:00,238.87049866232422,239.63048690313875,236.6170975258855,237.73052978515625,115908600,0.0,0.0,0.0
2018-05-30 00:00:00-04:00,239.03850044397757,241.3449218288879,238.96781700482774,240.903076171875,69678400,0.0,0.0,0.0
2018-05-31 00:00:00-04:00,240.49650467231288,240.7969563816566,238.82634267506256,239.42724609375,93519900,0.0,0.0,0.0
2018-06-01 00:00:00-04:00,240.7261921412034,242.07823786334828,240.6554817815053,241.7777862548828,71258400,0.0,0.0,0.0
2018-06-04 00:00:00-04:00,242.59972012171204,243.18295949234184,242.36113322977317,242.9266815185547,45385200,0.0,0.0,0.0
2018-06-05 00:00:00-04:00,243.05919282490183,243.4833742030585,242.290385988581,243.1033935546875,51135000,0.0,0.0,0.0
2018-06-06 00:00:00-04:00,243.71308926161092,245.24185706079913,243.09449492457702,245.1358184814453,62732200,0.0,0.0,0.0
2018-06-07 00:00:00-04:00,245.62196147743086,245.91356768567496,244.19920472830162,245.10940551757812,72969400,0.0,0.0,0.0
2018-06-08 00:00:00-04:00,244.64985693869826,245.8870189359492,244.48195349248826,245.83399963378906,72139700,0.0,0.0,0.0
2018-06-11 00:00:00-04:00,246.0549263597859,246.87675252466192,245.94004221387883,246.1609649658203,58892500,0.0,0.0,0.0
2018-06-12 00:00:00-04:00,246.57633431471666,246.8414308658151,245.83403700352798,246.47914123535156,72329000,0.0,0.0,0.0
2018-06-13 00:00:00-04:00,246.71766586247327,246.9739437759287,245.48932256014058,245.6925811767578,79070600,0.0,0.0,0.0
2018-06-14 00:00:00-04:00,246.55855903448713,246.8413195721325,245.7190420543345,246.31112670898438,77097600,0.0,0.0,0.0
2018-06-15 00:00:00-04:00,245.526474816131,246.3342477239301,244.41690111133036,245.99693298339844,120041600,1.246,0.0,0.0
2018-06-18 00:00:00-04:00,244.54116518123627,245.61525205762882,244.06184883342064,245.490966796875,52917600,0.0,0.0,0.0
2018-06-19 00:00:00-04:00,243.21853000758566,244.7719330277071,242.8013292557565,244.55001831054688,97531500,0.0,0.0,0.0
2018-06-20 00:00:00-04:00,245.23352622688125,245.63298358658002,244.6299246475507,244.9672393798828,53785500,0.0,0.0,0.0
2018-06-21 00:00:00-04:00,244.95835405367882,244.97612456960783,242.93449274945104,243.43157958984375,71061400,0.0,0.0,0.0
2018-06-22 00:00:00-04:00,244.69210076277875,244.80750077533844,243.65352773894645,243.8754425048828,54898500,0.0,0.0,0.0
2018-06-25 00:00:00-04:00,242.72158565782559,242.88135784654102,238.86914715769174,240.55569458007812,137854200,0.0,0.0,0.0
2018-06-26 00:00:00-04:00,241.12370974663938,241.9403408769516,240.36919416007444,241.08819580078125,68547400,0.0,0.0,0.0
2018-06-27 00:00:00-04:00,241.67407943578866,243.10319760881347,238.9400741903056,239.0909881591797,105110700,0.0,0.0,0.0
2018-06-28 00:00:00-04:00,239.03771737205167,241.22135108855673,238.32757386601412,240.45797729492188,76650500,0.0,0.0,0.0
2018-06-29 00:00:00-04:00,241.54982973483163,242.91683255891985,240.6887991824736,240.80419921875,97592500,0.0,0.0,0.0
2018-07-02 00:00:00-04:00,239.2330531950725,241.47883001455816,238.99336786041863,241.31903076171875,63554800,0.0,0.0,0.0
2018-07-03 00:00:00-04:00,242.21551677676098,242.31317335709,240.04076839246304,240.46682739257812,42187100,0.0,0.0,0.0
2018-07-05 00:00:00-04:00,241.59415332388662,242.49067046122133,240.52006646800746,242.42852783203125,56925900,0.0,0.0,0.0
2018-07-06 00:00:00-04:00,242.45520341190885,244.8518665685956,242.07348943656189,244.47906494140625,66493700,0.0,0.0,0.0
2018-07-09 00:00:00-04:00,245.48209009097027,246.73369255449904,245.43771797584225,246.68043518066406,50550400,0.0,0.0,0.0
2018-07-10 00:00:00-04:00,247.13317094802807,247.6657718208399,246.840228277839,247.568115234375,51966800,0.0,0.0,0.0
2018-07-11 00:00:00-04:00,246.01461551041305,246.8046447954787,245.45538616735672,245.75718688964844,77054700,0.0,0.0,0.0
2018-07-12 00:00:00-04:00,247.0177758664348,248.03857842434638,246.41417417348606,247.98532104492188,60124700,0.0,0.0,0.0
2018-07-13 00:00:00-04:00,247.80781661340694,248.48241914617054,247.35510177874667,248.1806182861328,48216000,0.0,0.0,0.0
2018-07-16 00:00:00-04:00,248.2250084465951,248.3670100667939,247.5148648995688,247.9586944580078,48201000,0.0,0.0,0.0
2018-07-17 00:00:00-04:00,247.18644318466008,249.35233366553481,247.13318580309817,248.96176147460938,52315500,0.0,0.0,0.0
2018-07-18 00:00:00-04:00,249.04167452981577,249.59201892505493,248.59784490924093,249.48550415039062,44593500,0.0,0.0,0.0
2018-07-19 00:00:00-04:00,248.819697275046,249.2013841515407,248.06518169158207,248.54452514648438,61412100,0.0,0.0,0.0
2018-07-20 00:00:00-04:00,248.34036885387178,248.97062629930204,248.1007106565142,248.26048278808594,82337700,0.0,0.0,0.0
2018-07-23 00:00:00-04:00,248.05636256502333,248.92625120286243,247.71016249054702,248.72210693359375,47047600,0.0,0.0,0.0
2018-07-24 00:00:00-04:00,250.1334320169862,250.81691968072434,249.10374434759734,249.9736328125,68026900,0.0,0.0,0.0
2018-07-25 00:00:00-04:00,249.72514823973486,252.42363976486655,249.68077611587634,252.10409545898438,78882900,0.0,0.0,0.0
2018-07-26 00:00:00-04:00,251.38506493399785,252.19281086678743,251.28740834778463,251.5093231201172,57919500,0.0,0.0,0.0
2018-07-27 00:00:00-04:00,251.8378044570254,251.9354610633286,248.88191100071924,249.80508422851562,76768700,0.0,0.0,0.0
2018-07-30 00:00:00-04:00,249.88492917459178,250.0447013158275,247.97644038274046,248.50018310546875,63742500,0.0,0.0,0.0
2018-07-31 00:00:00-04:00,249.2635551837948,250.3376151334298,248.88186826381303,249.72512817382812,68570500,0.0,0.0,0.0
2018-08-01 00:00:00-04:00,249.92924867985008,250.43522077645216,248.659902898579,249.30787658691406,53853300,0.0,0.0,0.0
2018-08-02 00:00:00-04:00,248.00308415289646,250.8346917050347,247.7989128117331,250.6660614013672,63426400,0.0,0.0,0.0
2018-08-03 00:00:00-04:00,250.79026501496526,251.79332389456457,250.61272240135142,251.7400665283203,53935400,0.0,0.0,0.0
2018-08-06 00:00:00-04:00,251.7755948438292,252.97391274194152,251.3850227429389,252.6632537841797,39400900,0.0,0.0,0.0
2018-08-07 00:00:00-04:00,253.32909609852106,253.8794405204031,253.19592553453344,253.4977264404297,43196600,0.0,0.0,0.0
2018-08-08 00:00:00-04:00,253.3290129983272,253.7905859225437,252.92955561582255,253.39112854003906,42114600,0.0,0.0,0.0
2018-08-09 00:00:00-04:00,253.45331378938022,253.8438859790857,252.91185471545646,253.0449981689453,35717000,0.0,0.0,0.0
2018-08-10 00:00:00-04:00,251.6069770580175,252.14843609399105,250.6394048223309,251.34954833984375,77076000,0.0,0.0,0.0
2018-08-13 00:00:00-04:00,251.62478030063303,252.2372673785534,250.11574867026457,250.40869140625,65732900,0.0,0.0,0.0
2018-08-14 00:00:00-04:00,251.13648971338375,252.24606343472783,250.74591759633446,252.00637817382812,43842000,0.0,0.0,0.0
2018-08-15 00:00:00-04:00,250.65714303351385,250.79917171871017,248.68653904636793,250.12454223632812,102925400,0.0,0.0,0.0
2018-08-16 00:00:00-04:00,251.5625488065655,253.0183225324878,251.52703486248876,252.14840698242188,69967900,0.0,0.0,0.0
2018-08-17 00:00:00-04:00,251.94427184369758,253.47993184740568,251.5359562403902,253.03610229492188,65618500,0.0,0.0,0.0
2018-08-20 00:00:00-04:00,253.48878910627252,253.8438472911981,253.0360743442006,253.5775604248047,39807500,0.0,0.0,0.0
2018-08-21 00:00:00-04:00,254.092370416195,255.0332867211678,253.61302700580478,254.17225646972656,67272000,0.0,0.0,0.0
2018-08-22 00:00:00-04:00,253.76391839237363,254.5450625208637,253.49760448173464,254.02134704589844,44993300,0.0,0.0,0.0
2018-08-23 00:00:00-04:00,253.84394576580144,254.70497642010037,253.36460213113668,253.68417358398438,49204900,0.0,0.0,0.0
2018-08-24 00:00:00-04:00,254.26105952459926,255.35288990424277,254.2078021489293,255.2108612060547,57487400,0.0,0.0,0.0
2018-08-27 00:00:00-04:00,256.4092022800655,257.3323753566109,256.2494301387038,257.2258605957031,57072400,0.0,0.0,0.0
2018-08-28 00:00:00-04:00,257.6874464213411,257.79398827676107,256.88855858554405,257.35015869140625,46943500,0.0,0.0,0.0
2018-08-29 00:00:00-04:00,257.56314686266506,258.965636207914,257.3234886771743,258.73486328125,61485500,0.0,0.0,0.0
2018-08-30 00:00:00-04:00,258.25552323561953,258.6283248624232,257.09269206048697,257.6874084472656,61229500,0.0,0.0,0.0
2018-08-31 00:00:00-04:00,257.2790273013543,258.1400574341752,256.7908257895186,257.69622802734375,66140800,0.0,0.0,0.0
2018-09-04 00:00:00-04:00,257.2792226952061,257.60765237141976,256.2495344386441,257.2525939941406,57594400,0.0,0.0,0.0
2018-09-05 00:00:00-04:00,256.8973427625893,257.1015140436307,255.54811110611712,256.5600280761719,72452400,0.0,0.0,0.0
2018-09-06 00:00:00-04:00,256.6665849884185,256.96838578660976,254.75812362647866,255.78781127929688,65909900,0.0,0.0,0.0
2018-09-07 00:00:00-04:00,254.7404119315528,256.2671866291312,254.50072664342497,255.29075622558594,73524800,0.0,0.0,0.0
2018-09-10 00:00:00-04:00,256.30269164555915,256.5690056413229,255.53931778729202,255.73460388183594,50210900,0.0,0.0,0.0
2018-09-11 00:00:00-04:00,255.08652888454353,257.02161874815994,254.7403560065421,256.5777893066406,50530500,0.0,0.0,0.0
2018-09-12 00:00:00-04:00,256.58675726542555,257.24361638204505,255.85001207428817,256.6400146484375,59810800,0.0,0.0,0.0
2018-09-13 00:00:00-04:00,257.70521020465293,258.3443258744238,257.42115277604205,258.15789794921875,51034200,0.0,0.0,0.0
2018-09-14 00:00:00-04:00,258.3619815635373,258.54838233623184,257.4210653538625,258.20220947265625,55079900,0.0,0.0,0.0
2018-09-17 00:00:00-04:00,258.14904193224044,258.1845287942073,256.56012445997396,256.8352966308594,68244000,0.0,0.0,0.0
2018-09-18 00:00:00-04:00,257.04834095714324,258.82365936916335,257.0217122645313,258.22894287109375,61930400,0.0,0.0,0.0
2018-09-19 00:00:00-04:00,258.28214408465055,258.92125965755014,258.15785882001853,258.5040588378906,49080600,0.0,0.0,0.0
2018-09-20 00:00:00-04:00,259.764502544375,260.91844823003237,258.52175846542247,260.598876953125,100360600,0.0,0.0,0.0
2018-09-21 00:00:00-04:00,261.3417515575673,261.45767398484145,260.2004054619901,260.36090087890625,105479700,1.323,0.0,0.0
2018-09-24 00:00:00-04:00,259.7811928009572,259.92386439674823,258.91626495960304,259.495849609375,53409600,0.0,0.0,0.0
2018-09-25 00:00:00-04:00,259.95069522871887,260.05769215619654,259.0144449014566,259.25518798828125,44370000,0.0,0.0,0.0
2018-09-26 00:00:00-04:00,259.39779647019435,260.58371507676577,258.0602807787188,258.4793701171875,79739700,0.0,0.0,0.0
2018-09-27 00:00:00-04:00,258.9520221046623,260.2895381277292,258.67560430350846,259.2016906738281,59249500,0.0,0.0,0.0
2018-09-28 00:00:00-04:00,258.57752029215237,259.7277917564604,258.5418727887045,259.22845458984375,70091400,0.0,0.0,0.0
2018-10-01 00:00:00-04:00,260.4678122787801,261.1989941092635,259.46023990671796,260.1289978027344,62078900,0.0,0.0,0.0
2018-10-02 00:00:00-04:00,259.9773864746094,260.69071730657924,259.6028973119646,259.9773864746094,47258200,0.0,0.0,0.0
2018-10-03 00:00:00-04:00,261.0295876624094,261.448677055501,259.7634212147403,260.1200866699219,64694600,0.0,0.0,0.0
2018-10-04 00:00:00-04:00,259.63860706605675,259.69210553069195,256.4999125561794,258.08709716796875,111545900,0.0,0.0,0.0
2018-10-05 00:00:00-04:00,258.31010254183934,258.8272636095055,255.2159799846709,256.6426696777344,105951700,0.0,0.0,0.0
2018-10-08 00:00:00-04:00,255.95606046650818,256.9993352980396,254.57397098338444,256.6426696777344,87742200,0.0,0.0,0.0
2018-10-09 00:00:00-04:00,256.25919865326443,257.5699383979539,255.7063357693403,256.2680969238281,74339000,0.0,0.0,0.0
2018-10-10 00:00:00-04:00,255.75975279251216,255.83110220532,247.77925838275027,248.15374755859375,214731000,0.0,0.0,0.0
2018-10-11 00:00:00-04:00,247.06590092191544,248.6887599194393,241.07382918722027,242.6877899169922,274840500,0.0,0.0,0.0
2018-10-12 00:00:00-04:00,246.7895961028807,247.07493946173022,242.86622016014118,246.05844116210938,183186500,0.0,0.0,0.0
2018-10-15 00:00:00-04:00,245.70161647016408,247.03023386645313,244.58702008405044,244.6761932373047,102263700,0.0,0.0,0.0
2018-10-16 00:00:00-04:00,246.63792829013926,250.40080730492338,246.16534044473926,250.0262908935547,118255800,0.0,0.0,0.0
2018-10-17 00:00:00-04:00,250.0619973703059,250.69508066736435,247.4939622570456,250.0709228515625,110626000,0.0,0.0,0.0
2018-10-18 00:00:00-04:00,249.13468826393387,249.7321241626372,245.18456346650396,246.45965576171875,134557500,0.0,0.0,0.0
2018-10-19 00:00:00-04:00,247.1105777319605,249.04550257282693,245.63038988959937,246.32589721679688,139901600,0.0,0.0,0.0
2018-10-22 00:00:00-04:00,246.99455197831045,247.31554266649795,244.6851115988781,245.22012329101562,82415800,0.0,0.0,0.0
2018-10-23 00:00:00-04:00,241.59996419543393,245.09532381186685,239.51341546309573,243.9718017578125,146352700,0.0,0.0,0.0
2018-10-24 00:00:00-04:00,243.7221665604862,244.1056085152865,236.02701362087163,236.57984924316406,177806700,0.0,0.0,0.0
2018-10-25 00:00:00-04:00,238.41661547429993,242.36673829967205,237.39119230275026,240.82412719726562,138061500,0.0,0.0,0.0
2018-10-26 00:00:00-04:00,237.1148434203108,241.64455220429213,233.87805041512033,236.58872985839844,201574600,0.0,0.0,0.0
2018-10-29 00:00:00-04:00,239.682826498413,240.97576935563563,231.70233168496316,235.27793884277344,160749100,0.0,0.0,0.0
2018-10-30 00:00:00-04:00,235.10860949002063,239.07655788757373,234.61817055650056,238.76446533203125,157116000,0.0,0.0,0.0
2018-10-31 00:00:00-04:00,241.3324447206018,243.6329872875862,240.8598568617764,241.3146209716797,128296300,0.0,0.0,0.0
2018-11-01 00:00:00-04:00,242.17953790116917,244.07881472979398,241.09169060651138,243.8826446533203,99495000,0.0,0.0,0.0
2018-11-02 00:00:00-04:00,244.98837100355448,245.4163859611681,240.3873122535907,242.4381866455078,122634100,0.0,0.0,0.0
2018-11-05 00:00:00-05:00,242.92854577447287,244.3284855509738,241.95662086296792,243.77565002441406,65622500,0.0,0.0,0.0
2018-11-06 00:00:00-05:00,243.71322916141185,245.47873267664912,243.65080522392796,245.3182373046875,60085900,0.0,0.0,0.0
2018-11-07 00:00:00-05:00,247.49396890905808,250.6505144215999,247.06595397473305,250.5702667236328,102752100,0.0,0.0,0.0
2018-11-08 00:00:00-05:00,249.76780273813137,250.7575790372224,248.97422381391857,250.11557006835938,65584900,0.0,0.0,0.0
2018-11-09 00:00:00-05:00,248.80476863709245,248.9920132904453,246.26348235138244,247.67234802246094,98812600,0.0,0.0,0.0
2018-11-12 00:00:00-05:00,247.16397744043266,247.40472046109215,242.52724563730663,243.04443359375,99673600,0.0,0.0,0.0
2018-11-13 00:00:00-05:00,243.50816351775626,245.50551206799565,241.86748046408346,242.58973693847656,98176600,0.0,0.0,0.0
2018-11-14 00:00:00-05:00,244.46226329188963,244.86350176859753,239.37079328955437,240.9312286376953,125335900,0.0,0.0,0.0
2018-11-15 00:00:00-05:00,239.66508156395594,243.90947524616772,238.0868221575434,243.44578552246094,135101400,0.0,0.0,0.0
2018-11-16 00:00:00-05:00,242.34900113908057,244.98835854724607,241.83181302344755,244.078857421875,126668000,0.0,0.0,0.0
2018-11-19 00:00:00-05:00,243.47248759534176,243.76675635712672,239.03195184325043,239.95037841796875,103061700,0.0,0.0,0.0
2018-11-20 00:00:00-05:00,236.6154672493297,238.0778310334612,234.6448681024103,235.50979614257812,136021300,0.0,0.0,0.0
2018-11-21 00:00:00-05:00,237.06132258851162,238.21159396690376,236.30341862525125,236.31231689453125,75563700,0.0,0.0,0.0
2018-11-23 00:00:00-05:00,234.6716458769011,236.13400983891086,234.57357442697398,234.73406982421875,42807900,0.0,0.0,0.0
2018-11-26 00:00:00-05:00,236.98999557113535,238.7466009692611,236.59765537578926,238.523681640625,79981400,0.0,0.0,0.0
2018-11-27 00:00:00-05:00,237.48936431574663,239.3262176513672,236.8830301919533,239.3262176513672,75502400,0.0,0.0,0.0
2018-11-28 00:00:00-05:00,240.396225565942,244.83676147460938,239.26377788494935,244.83676147460938,127629600,0.0,0.0,0.0
2018-11-29 00:00:00-05:00,244.0609875245852,245.70167050031392,242.91964166269426,244.3017578125,82346400,0.0,0.0,0.0
2018-11-30 00:00:00-05:00,244.15025571679828,246.3527006057086,243.82926482376314,245.7909393310547,98204200,0.0,0.0,0.0
2018-12-03 00:00:00-05:00,249.91924822277815,250.02624511734257,247.4493125338339,249.04539489746094,103176300,0.0,0.0,0.0
2018-12-04 00:00:00-05:00,248.21621516014721,248.64423007681054,240.6637070512194,240.97579956054688,177986000,0.0,0.0,0.0
2018-12-06 00:00:00-05:00,237.11489935142393,240.72618244187566,234.0118517690753,240.61026000976562,204185400,0.0,0.0,0.0
2018-12-07 00:00:00-05:00,240.27135909968106,241.84071986500985,234.18121507685527,235.01939392089844,161018900,0.0,0.0,0.0
2018-12-10 00:00:00-05:00,234.84107067737293,236.43718083040707,230.60560305995818,235.4652557373047,151445900,0.0,0.0,0.0
2018-12-11 00:00:00-05:00,238.666404071104,238.8536487276961,234.04752112957925,235.51878356933594,121504400,0.0,0.0,0.0
2018-12-12 00:00:00-05:00,238.49696172682033,239.86122709730182,236.6244336937308,236.70468139648438,97976700,0.0,0.0,0.0
2018-12-13 00:00:00-05:00,237.64982837788833,238.514756462568,235.5098082626307,236.62440490722656,96662700,0.0,0.0,0.0
2018-12-14 00:00:00-05:00,234.47544035827565,235.42954153976902,231.70233719235173,232.2551727294922,116961100,0.0,0.0,0.0
2018-12-17 00:00:00-05:00,231.30108550488026,232.4156821266384,226.06694412299714,227.69871520996094,165492300,0.0,0.0,0.0
2018-12-18 00:00:00-05:00,229.33944683236652,230.0082049076415,225.8440593190549,227.44908142089844,134515100,0.0,0.0,0.0
2018-12-19 00:00:00-05:00,227.52924640824614,231.30103677193867,222.3396927058064,224.04278564453125,214992800,0.0,0.0,0.0
2018-12-20 00:00:00-05:00,222.79448810925254,224.36383524071718,218.14884344413474,220.3958740234375,252053400,0.0,0.0,0.0
2018-12-21 00:00:00-05:00,221.2972708382368,223.96101871006718,215.23432328750374,215.8800811767578,255345600,1.435,0.0,0.0
2018-12-24 00:00:00-05:00,214.391257590333,216.00565237267747,210.11312852383378,210.1759033203125,147311600,0.0,0.0,0.0
2018-12-26 00:00:00-05:00,211.63778672637773,220.7949676513672,209.65566642653576,220.7949676513672,218485400,0.0,0.0,0.0
2018-12-27 00:00:00-05:00,217.55724826813972,222.68741427560954,214.31949514400904,222.4901123046875,186267300,0.0,0.0,0.0
2018-12-28 00:00:00-05:00,223.84439446130722,225.47671683818686,221.03714210729703,222.20309448242188,153100200,0.0,0.0,0.0
2018-12-31 00:00:00-05:00,223.82647408811934,224.3915156531046,221.9519889312692,224.14935302734375,144299400,0.0,0.0,0.0
2019-01-02 00:00:00-05:00,220.61559600600654,225.30631074260154,220.58869057186968,224.38250732421875,126925200,0.0,0.0,0.0
2019-01-03 00:00:00-05:00,222.633586997628,222.9385380619332,218.5437967601723,219.0281219482422,144140700,0.0,0.0,0.0
2019-01-04 00:00:00-05:00,222.0596066578405,227.0104124077604,221.68291684980105,226.36465454101562,142628800,0.0,0.0,0.0
2019-01-07 00:00:00-05:00,226.6337230013322,229.5575612415073,225.73683859430514,228.1494598388672,103139100,0.0,0.0,0.0
2019-01-08 00:00:00-05:00,230.33784464859812,230.77730922015044,227.80862422016872,230.29298400878906,102512600,0.0,0.0,0.0
2019-01-09 00:00:00-05:00,231.00146064536867,232.2122596232702,229.77273383939274,231.3691864013672,95006600,0.0,0.0,0.0
2019-01-10 00:00:00-05:00,229.8355770836818,232.43653605245433,229.15393626414303,232.18540954589844,96823900,0.0,0.0,0.0
2019-01-11 00:00:00-05:00,231.10918026804572,232.30205192325036,230.52621084525182,232.275146484375,73858100,0.0,0.0,0.0
2019-01-14 00:00:00-05:00,230.37370700114573,231.6652226884312,229.97012545558084,230.8580322265625,70908200,0.0,0.0,0.0
2019-01-15 00:00:00-05:00,231.2347138012616,233.81774493113787,231.2257361997421,233.5038299560547,85208300,0.0,0.0,0.0
2019-01-16 00:00:00-05:00,233.93438463017836,234.95684615293632,233.72811870139842,234.06893920898438,77636700,0.0,0.0,0.0
2019-01-17 00:00:00-05:00,233.1988886029791,236.70570939522244,233.15402796688343,235.8446807861328,96118400,0.0,0.0,0.0
2019-01-18 00:00:00-05:00,237.65637832912302,239.4501466774939,235.880537810772,238.98374938964844,127900300,0.0,0.0,0.0
2019-01-22 00:00:00-05:00,237.5129332717554,237.72817676902332,234.14063917061264,235.75502014160156,115531200,0.0,0.0,0.0
2019-01-23 00:00:00-05:00,236.7864882309007,237.48605705383304,233.78191964841497,236.24835205078125,86030300,0.0,0.0,0.0
2019-01-24 00:00:00-05:00,236.06896391865726,236.95689819455436,235.0554800443033,236.3739013671875,59204100,0.0,0.0,0.0
2019-01-25 00:00:00-05:00,238.22144949546475,239.19907756601734,236.4725413588362,238.37393188476562,96883400,0.0,0.0,0.0
2019-01-28 00:00:00-05:00,236.2303825110158,236.62498644464915,234.7953620742769,236.56222534179688,85613700,0.0,0.0,0.0
2019-01-29 00:00:00-05:00,236.70577190949425,237.2707861593394,235.4142560255048,236.24835205078125,66136300,0.0,0.0,0.0
2019-01-30 00:00:00-05:00,237.76410136148363,240.83143121657014,237.0017440144406,239.9883575439453,92473700,0.0,0.0,0.0
2019-01-31 00:00:00-05:00,239.92554817971035,242.5803182688337,239.7102773173702,242.0959930419922,104012100,0.0,0.0,0.0
2019-02-01 00:00:00-05:00,242.2933017562561,243.23504674650184,241.42332284164686,242.21258544921875,85782500,0.0,0.0,0.0
2019-02-04 00:00:00-05:00,242.25741499744487,243.97944496667355,241.5847517450605,243.91665649414062,60744800,0.0,0.0,0.0
2019-02-05 00:00:00-05:00,244.34718570779833,245.2440700989235,243.8449326384274,244.9391326904297,79552800,0.0,0.0,0.0
2019-02-06 00:00:00-05:00,244.66113262050564,245.1544081516475,243.88084747780272,244.61627197265625,58347800,0.0,0.0,0.0
2019-02-07 00:00:00-05:00,243.0018899662257,243.54897637630074,240.62515150220383,242.28439331054688,95482000,0.0,0.0,0.0
2019-02-08 00:00:00-05:00,241.03763453341458,242.6789206156725,240.21248900649337,242.5802764892578,75788900,0.0,0.0,0.0
2019-02-11 00:00:00-05:00,243.2350061375629,243.49508284879428,242.18563957979612,242.7147979736328,68021400,0.0,0.0,0.0
2019-02-12 00:00:00-05:00,244.32934559757908,246.2127815985802,244.25757949290804,245.8361053466797,72270200,0.0,0.0,0.0
2019-02-13 00:00:00-05:00,246.6701756511055,247.4773663339985,246.2486387853758,246.63429260253906,65277200,0.0,0.0,0.0
2019-02-14 00:00:00-05:00,245.54897638613906,247.2171953749836,244.73280840916888,246.0871124267578,83234400,0.0,0.0,0.0
2019-02-15 00:00:00-05:00,247.86302812794264,248.8047734305806,247.656762176227,248.76889038085938,97088700,0.0,0.0,0.0
2019-02-19 00:00:00-05:00,247.9706742821433,249.8541101231767,247.9616966771346,249.19940185546875,59120800,0.0,0.0,0.0
2019-02-20 00:00:00-05:00,249.1634173076106,250.1589730818855,248.66116430516524,249.70155334472656,76610800,0.0,0.0,0.0
2019-02-21 00:00:00-05:00,249.06486255325416,249.42361091649065,247.8540628779286,248.81373596191406,64214700,0.0,0.0,0.0
2019-02-22 00:00:00-05:00,249.43255164656972,250.55365734568397,248.79577127328133,250.3563690185547,78114600,0.0,0.0,0.0
2019-02-25 00:00:00-05:00,251.7823475232968,252.30252839097093,250.61638147320215,250.6970977783203,69030700,0.0,0.0,0.0
2019-02-26 00:00:00-05:00,250.34730525682363,251.3966445024455,250.14101202571476,250.51771545410156,56844100,0.0,0.0,0.0
2019-02-27 00:00:00-05:00,249.80019311902595,250.75986584188928,248.86745319974762,250.41009521484375,56921600,0.0,0.0,0.0
2019-02-28 00:00:00-05:00,250.19486738473202,250.63435935779663,249.6208755950367,249.94374084472656,69268300,0.0,0.0,0.0
2019-03-01 00:00:00-05:00,251.522215550855,251.91684680155686,250.0692674781502,251.50428771972656,78880500,0.0,0.0,0.0
2019-03-04 00:00:00-05:00,252.5626955386454,252.8048445144296,248.29351630874652,250.58953857421875,106494600,0.0,0.0,0.0
2019-03-05 00:00:00-05:00,250.71500873621886,250.9123243485982,249.7015252440311,250.2486114501953,59114600,0.0,0.0,0.0
2019-03-06 00:00:00-05:00,250.36523078757773,250.37420838863676,248.41002970815518,248.73289489746094,75039800,0.0,0.0,0.0
2019-03-07 00:00:00-05:00,248.28442319305557,248.42792793922666,245.80904159111614,246.65211486816406,94885100,0.0,0.0,0.0
2019-03-08 00:00:00-05:00,244.7956201339422,246.32928473028312,244.32925011882517,246.15887451171875,85795800,0.0,0.0,0.0
2019-03-11 00:00:00-04:00,246.8763692229181,249.8898871870504,246.84946379005032,249.72845458984375,65098900,0.0,0.0,0.0
2019-03-12 00:00:00-04:00,250.28449712833913,251.19035890894452,250.09615911430888,250.67015075683594,79667500,0.0,0.0,0.0
2019-03-13 00:00:00-04:00,251.5581450725677,253.26221994966156,251.39668507963532,252.32945251464844,80639200,0.0,0.0,0.0
2019-03-14 00:00:00-04:00,252.35632204121333,252.77785874189146,251.72851947622053,252.16798400878906,67518400,0.0,0.0,0.0
2019-03-15 00:00:00-04:00,252.72021594090037,254.22459474184677,252.53102082909683,253.41384887695312,81309000,1.233,0.0,0.0
2019-03-18 00:00:00-04:00,253.63003730487662,254.62997826920073,253.4048285956763,254.3326873779297,62199800,0.0,0.0,0.0
2019-03-19 00:00:00-04:00,255.3956469593378,256.16133443841346,253.50388864763195,254.3957061767578,90268100,0.0,0.0,0.0
2019-03-20 00:00:00-04:00,254.1796201095849,255.38673577336675,252.52208692239324,253.63009643554688,84609200,0.0,0.0,0.0
2019-03-21 00:00:00-04:00,252.81030916798105,256.9000796525872,252.76525093004852,256.4947204589844,79550400,0.0,0.0,0.0
2019-03-22 00:00:00-04:00,255.1344514991071,255.65692362450096,251.4950709478828,251.55813598632812,122659300,0.0,0.0,0.0
2019-03-25 00:00:00-04:00,251.21584925143233,252.40495803609156,250.10783980821537,251.36900329589844,85575200,0.0,0.0,0.0
2019-03-26 00:00:00-04:00,253.12560861328362,254.19760442345822,251.83742120821717,253.2427215576172,68125900,0.0,0.0,0.0
2019-03-27 00:00:00-04:00,253.23372955140647,253.8192943312084,250.36908066948524,251.91851806640625,72224700,0.0,0.0,0.0
2019-03-28 00:00:00-04:00,252.54909516749842,253.32380006375664,251.39602747893355,252.87338256835938,56238500,0.0,0.0,0.0
2019-03-29 00:00:00-04:00,254.38676263633928,254.7921218179241,253.2607190908857,254.46783447265625,82186800,0.0,0.0,0.0
2019-04-01 00:00:00-04:00,256.4677058809414,257.78291713150287,256.19743891736897,257.4856262207031,77617900,0.0,0.0,0.0
2019-04-02 00:00:00-04:00,257.674789886447,257.84595069509163,256.81898584322386,257.6117248535156,40070400,0.0,0.0,0.0
2019-04-03 00:00:00-04:00,258.82786619830597,259.224235717059,257.4135489378142,258.0171203613281,68243200,0.0,0.0,0.0
2019-04-04 00:00:00-04:00,258.34142325877013,258.95398437326423,257.64779030482515,258.7017517089844,48997500,0.0,0.0,0.0
2019-04-05 00:00:00-04:00,259.3683813046049,260.00796634856,259.08010755558655,259.95391845703125,58621700,0.0,0.0,0.0
2019-04-08 00:00:00-04:00,259.5305518187939,260.2602259211894,258.87293241545575,260.1521301269531,53566300,0.0,0.0,0.0
2019-04-09 00:00:00-04:00,259.18825435041,259.51254176340643,258.2694125222834,258.81890869140625,66142300,0.0,0.0,0.0
2019-04-10 00:00:00-04:00,259.23317802499577,259.7917186021705,258.81880178245234,259.7016296386719,52601500,0.0,0.0,0.0
2019-04-11 00:00:00-04:00,260.18806020426575,260.19707734799096,259.0620168902903,259.6295471191406,55093100,0.0,0.0,0.0
2019-04-12 00:00:00-04:00,261.24206310016143,261.66545650897547,259.6746195187743,261.3861999511719,69727800,0.0,0.0,0.0
2019-04-15 00:00:00-04:00,261.4582728622337,261.5573789816548,260.4133012380131,261.2150573730469,49596700,0.0,0.0,0.0
2019-04-16 00:00:00-04:00,262.09786706200686,262.1519149447241,260.79164574998873,261.3861999511719,52153200,0.0,0.0,0.0
2019-04-17 00:00:00-04:00,262.5032851494761,262.53030909690517,260.3322697350052,260.7466735839844,58268300,0.0,0.0,0.0
2019-04-18 00:00:00-04:00,261.33221402417837,261.53039880489104,260.0350095488409,261.2601318359375,68708500,0.0,0.0,0.0
2019-04-22 00:00:00-04:00,260.4944855104914,261.6385361359312,260.4043965065369,261.4853820800781,40160100,0.0,0.0,0.0
2019-04-23 00:00:00-04:00,261.85469994027653,264.0707737387057,261.6205015444346,263.8365478515625,52246600,0.0,0.0,0.0
2019-04-24 00:00:00-04:00,263.75547245228483,264.0887769848535,263.1068701892618,263.2510070800781,50392900,0.0,0.0,0.0
2019-04-25 00:00:00-04:00,263.151932239352,263.74648667544756,261.8997858066131,263.0888671875,57770900,0.0,0.0,0.0
2019-04-26 00:00:00-04:00,263.13393411556547,264.3860805896111,262.3592016461365,264.31402587890625,50916400,0.0,0.0,0.0
2019-04-29 00:00:00-04:00,264.4039842095179,265.2507709711447,264.3138952471826,264.728271484375,57197700,0.0,0.0,0.0
2019-04-30 00:00:00-04:00,264.38596203847624,265.1516770164797,262.97167248103574,264.8634033203125,81111700,0.0,0.0,0.0
2019-05-01 00:00:00-04:00,265.49414484946277,265.7013468373436,262.86369403263905,262.8727111816406,71671900,0.0,0.0,0.0
2019-05-02 00:00:00-04:00,262.7556545020548,263.67452417521883,260.8098468010952,262.30523681640625,65030200,0.0,0.0,0.0
2019-05-03 00:00:00-04:00,263.7824341896292,265.15169309250166,262.4131477954623,264.8724365234375,56543700,0.0,0.0,0.0
2019-05-06 00:00:00-04:00,260.56654394116345,264.22393212526833,260.2512461684707,263.78253173828125,107198100,0.0,0.0,0.0
2019-05-07 00:00:00-04:00,261.377204151244,261.97175840097896,257.46758453143724,259.3773498535156,144729900,0.0,0.0,0.0
2019-05-08 00:00:00-04:00,259.0171203613281,260.72870158715085,258.4225658845317,259.0171203613281,91568300,0.0,0.0,0.0
2019-05-09 00:00:00-04:00,256.9451804502703,258.8369119830217,255.20654798317443,258.2333679199219,103471100,0.0,0.0,0.0
2019-05-10 00:00:00-04:00,257.2964675787668,260.2872461358025,254.30568902173113,259.5305480957031,112429300,0.0,0.0,0.0
2019-05-13 00:00:00-04:00,254.41381166197624,255.3776841385173,252.17071400422503,253.00848388671875,127290500,0.0,0.0,0.0
2019-05-14 00:00:00-04:00,254.02640467494984,256.82801528908266,253.90030209434335,255.2965850830078,77003200,0.0,0.0,0.0
2019-05-15 00:00:00-04:00,253.66612415780725,257.4316078570262,253.4589222110962,256.7920227050781,73956400,0.0,0.0,0.0
2019-05-16 00:00:00-04:00,257.49465974223233,260.53046913612627,257.42260504214363,259.17022705078125,76749600,0.0,0.0,0.0
2019-05-17 00:00:00-04:00,256.8640305664134,259.98091106448203,256.84599627721246,257.4945983886719,100353000,0.0,0.0,0.0
2019-05-20 00:00:00-04:00,255.89111659043132,257.60269711519743,255.04432972710484,255.7920379638672,62877600,0.0,0.0,0.0
2019-05-21 00:00:00-04:00,257.48561696577354,258.47654081398997,257.2333843036183,258.09820556640625,46847100,0.0,0.0,0.0
2019-05-22 00:00:00-04:00,257.1433067720303,258.2603331360052,256.8280090911771,257.3054504394531,49482500,0.0,0.0,0.0
2019-05-23 00:00:00-04:00,255.08043234488764,255.12546309668002,252.7472730812327,254.16159057617188,98733800,0.0,0.0,0.0
2019-05-24 00:00:00-04:00,255.60292259327096,256.01732650077423,254.1165502921579,254.73812866210938,55268100,0.0,0.0,0.0
2019-05-28 00:00:00-04:00,255.01732250166108,255.97220519885195,252.3508591675034,252.36886596679688,70029400,0.0,0.0,0.0
2019-05-29 00:00:00-04:00,251.25185573751625,251.65721493237672,249.2700080360927,250.67530822753906,104972900,0.0,0.0,0.0
2019-05-30 00:00:00-04:00,251.4320095280315,252.26980685770957,250.26093518349904,251.35995483398438,62523800,0.0,0.0,0.0
2019-05-31 00:00:00-04:00,248.81060617412786,249.6393588730026,247.94578489099905,247.97280883789062,86862800,0.0,0.0,0.0
2019-06-03 00:00:00-04:00,248.0088483932753,249.12587484626778,246.0089938617991,247.3422393798828,96428000,0.0,0.0,0.0
2019-06-04 00:00:00-04:00,249.63945230516788,252.84642349596652,249.1890346941983,252.7113037109375,77231900,0.0,0.0,0.0
2019-06-05 00:00:00-04:00,254.3327076460896,254.92726198471507,252.52204817390717,254.90023803710938,71169700,0.0,0.0,0.0
2019-06-06 00:00:00-04:00,255.19755811961392,257.2334265516314,254.5489558116457,256.55780029296875,69430400,0.0,0.0,0.0
2019-06-07 00:00:00-04:00,257.5758368060072,260.20628804022346,257.40467589566543,259.1252746582031,74272200,0.0,0.0,0.0
2019-06-10 00:00:00-04:00,260.6745984921607,261.9808201331554,260.2241810285488,260.31427001953125,60799100,0.0,0.0,0.0
2019-06-11 00:00:00-04:00,262.1339010391324,262.5032465939486,259.60255753363475,260.25115966796875,58641300,0.0,0.0,0.0
2019-06-12 00:00:00-04:00,260.0170789116337,260.575592323251,259.2783874679363,259.7918701171875,47096300,0.0,0.0,0.0
2019-06-13 00:00:00-04:00,260.7015648429283,261.22406438040923,259.99891485458375,260.86370849609375,48945200,0.0,0.0,0.0
2019-06-14 00:00:00-04:00,260.5754699707031,261.179013861294,259.809754930864,260.5754699707031,52324700,0.0,0.0,0.0
2019-06-17 00:00:00-04:00,260.80977186822014,261.44036744347824,260.5034912289338,260.6746520996094,39205700,0.0,0.0,0.0
2019-06-18 00:00:00-04:00,262.49431964575285,264.458133316418,262.1339636584768,263.4041442871094,85434800,0.0,0.0,0.0
2019-06-19 00:00:00-04:00,263.53931405223796,264.5302382227046,262.5664241793389,263.9987487792969,78674400,0.0,0.0,0.0
2019-06-20 00:00:00-04:00,266.68313673041985,266.92635222484796,264.06170421417744,266.5209655761719,116570000,0.0,0.0,0.0
2019-06-21 00:00:00-04:00,266.2513190331888,267.5095555345072,265.91639336647125,266.1336364746094,83309500,1.432,0.0,0.0
2019-06-24 00:00:00-04:00,266.34178300435536,266.6585865868795,265.65380982514523,265.8077087402344,47582700,0.0,0.0,0.0
2019-06-25 00:00:00-04:00,265.8620523837093,265.8892077691413,263.0920925696,263.2007141113281,82028700,0.0,0.0,0.0
2019-06-26 00:00:00-04:00,264.0967245005606,264.60364316706585,262.82942783429735,262.93804931640625,51584900,0.0,0.0,0.0
2019-06-27 00:00:00-04:00,263.69855113116637,264.3774633381139,263.3183757652805,263.87054443359375,40355200,0.0,0.0,0.0
2019-06-28 00:00:00-04:00,264.8481905283756,265.7262515028233,264.3322381980387,265.2283935546875,59350900,0.0,0.0,0.0
2019-07-01 00:00:00-04:00,268.5595104437303,268.7767810963938,266.43224704788133,267.6361999511719,78705600,0.0,0.0,0.0
2019-07-02 00:00:00-04:00,267.5909984158022,268.38759324301185,266.7491538200057,268.3332824707031,61504500,0.0,0.0,0.0
2019-07-03 00:00:00-04:00,269.01219161006856,270.4967597025448,268.8673536772652,270.4786376953125,40898900,0.0,0.0,0.0
2019-07-05 00:00:00-04:00,269.247496348255,270.3337667882715,267.9530438718223,270.1708068847656,51677300,0.0,0.0,0.0
2019-07-08 00:00:00-04:00,268.8583031221058,269.9898235013948,268.1431745073926,268.6863098144531,45841800,0.0,0.0,0.0
2019-07-09 00:00:00-04:00,267.52760848387834,269.31991891337793,267.47329772086357,269.0212097167969,41101300,0.0,0.0,0.0
2019-07-10 00:00:00-04:00,270.08936704826425,271.2571037412516,269.55529277783,270.3066101074219,58448500,0.0,0.0,0.0
2019-07-11 00:00:00-04:00,270.9493381022296,271.1846755452837,269.93550030905135,270.9402770996094,50826100,0.0,0.0,0.0
2019-07-12 00:00:00-04:00,271.42912776574457,272.225722572846,271.12135752209366,272.1532897949219,40326000,0.0,0.0,0.0
2019-07-15 00:00:00-04:00,272.5876693245107,272.5876693245107,271.7367641655844,272.2436828613281,33900000,0.0,0.0,0.0
2019-07-16 00:00:00-04:00,272.15328696925974,272.3614966723665,271.0579829333727,271.3657531738281,36650100,0.0,0.0,0.0
2019-07-17 00:00:00-04:00,271.3387205801682,271.50165296502314,269.51922607421875,269.51922607421875,36036300,0.0,0.0,0.0
2019-07-18 00:00:00-04:00,269.0212881936159,270.8860319344416,268.57774095793843,270.5058288574219,51392600,0.0,0.0,0.0
2019-07-19 00:00:00-04:00,271.60110970326673,271.6282650875979,268.8311500014461,269.0031433105469,58678600,0.0,0.0,0.0
2019-07-22 00:00:00-04:00,269.4013589820321,270.2070145971142,268.8854067833321,269.66387939453125,43638100,0.0,0.0,0.0
2019-07-23 00:00:00-04:00,270.78641288658775,271.592041015625,269.95360174897894,271.592041015625,44564500,0.0,0.0,0.0
2019-07-24 00:00:00-04:00,270.8317017841682,272.8684387207031,270.7411746175419,272.8684387207031,47213200,0.0,0.0,0.0
2019-07-25 00:00:00-04:00,272.41581648612396,272.4701272583008,270.7592550596967,271.5649108886719,55394100,0.0,0.0,0.0
2019-07-26 00:00:00-04:00,272.2528485823537,273.58351757677167,272.12610504716736,273.3843688964844,45084100,0.0,0.0,0.0
2019-07-29 00:00:00-04:00,273.2667386978963,273.38442125310485,272.33436688549176,272.88653564453125,38126500,0.0,0.0,0.0
2019-07-30 00:00:00-04:00,271.48342130098905,272.62400266829127,271.10321830355207,272.2166442871094,45849000,0.0,0.0,0.0
2019-07-31 00:00:00-04:00,272.46109378208786,272.6512091289259,267.2199103624136,269.238525390625,104245200,0.0,0.0,0.0
2019-08-01 00:00:00-04:00,269.3923262613973,272.3523730664228,266.097326282711,266.8939208984375,142646600,0.0,0.0,0.0
2019-08-02 00:00:00-04:00,265.99779480478156,266.24219324196565,263.32739587533223,264.8843688964844,116749700,0.0,0.0,0.0
2019-08-05 00:00:00-04:00,260.7837200874932,260.89234160663744,255.01749757121055,256.91845703125,178745400,0.0,0.0,0.0
2019-08-06 00:00:00-04:00,258.81039579143163,260.73851093150165,257.33488880161246,260.521240234375,120711700,0.0,0.0,0.0
2019-08-07 00:00:00-04:00,257.4434814036897,261.4445491572325,255.30718443460782,260.67510986328125,140572300,0.0,0.0,0.0
2019-08-08 00:00:00-04:00,262.1687766333647,265.7896423339844,261.61660787402644,265.7896423339844,87713900,0.0,0.0,0.0
2019-08-09 00:00:00-04:00,264.8482482069673,265.4456944498486,262.19597032381057,263.979248046875,93730000,0.0,0.0,0.0
2019-08-12 00:00:00-04:00,262.4764691718785,263.9700703060593,259.81513146006324,260.765625,65527600,0.0,0.0,0.0
2019-08-13 00:00:00-04:00,260.46689624662304,266.2693353078018,260.1229096763027,264.82098388671875,94299800,0.0,0.0,0.0
2019-08-14 00:00:00-04:00,260.7656699423151,261.3721494020812,256.8641898428909,256.99090576171875,135622100,0.0,0.0,0.0
2019-08-15 00:00:00-04:00,257.87810111371556,258.5660745475403,255.62412069239232,257.6698913574219,99556600,0.0,0.0,0.0
2019-08-16 00:00:00-04:00,259.32632192032685,261.9061657416089,257.7240717207898,261.4716796875,83018300,0.0,0.0,0.0
2019-08-19 00:00:00-04:00,264.4952017841978,265.3008300750685,263.81628943373863,264.6219177246094,53571800,0.0,0.0,0.0
2019-08-20 00:00:00-04:00,264.114903213662,264.64897742124305,262.46743083392226,262.5941467285156,51596400,0.0,0.0,0.0
2019-08-21 00:00:00-04:00,264.7576851703663,265.1016441746903,264.06971191169754,264.73052978515625,49524700,0.0,0.0,0.0
2019-08-22 00:00:00-04:00,265.4366093079304,266.0702441995334,262.87483148005776,264.6490478515625,51666400,0.0,0.0,0.0
2019-08-23 00:00:00-04:00,263.34540532499585,265.01099916190344,256.6015362414611,257.8507385253906,149161500,0.0,0.0,0.0
2019-08-26 00:00:00-04:00,260.04148316459356,260.7023010253906,258.5116653687146,260.7023010253906,72423800,0.0,0.0,0.0
2019-08-27 00:00:00-04:00,262.0963218770228,262.4674638561055,258.91900398597903,259.67938232421875,66668900,0.0,0.0,0.0
2019-08-28 00:00:00-04:00,259.0186503479312,261.670927937777,258.21299444093967,261.50799560546875,59696700,0.0,0.0,0.0
2019-08-29 00:00:00-04:00,264.0697022845135,265.37321597709513,263.0648978183525,264.8481750488281,57899400,0.0,0.0,0.0
2019-08-30 00:00:00-04:00,266.33275276257075,266.35084714437403,263.7981580595969,264.73052978515625,62901200,0.0,0.0,0.0
2019-09-03 00:00:00-04:00,263.02877636345954,263.94302628282526,261.85197828776654,263.1826477050781,69101400,0.0,0.0,0.0
2019-09-04 00:00:00-04:00,265.3551411107405,266.18792470473994,264.60379605038094,266.1698303222656,46887300,0.0,0.0,0.0
2019-09-05 00:00:00-04:00,268.65927219089195,270.50589436930886,266.13370986229484,269.5916442871094,83258100,0.0,0.0,0.0
2019-09-06 00:00:00-04:00,269.90836229817734,270.4424366119935,269.2294500581553,269.7997131347656,49584300,0.0,0.0,0.0
2019-09-09 00:00:00-04:00,270.7865443591817,270.8770439316582,268.9942052987884,269.9356384277344,51260300,0.0,0.0,0.0
2019-09-10 00:00:00-04:00,269.17503626132765,269.9354420671524,267.91680029395496,269.8720703125,57947100,0.0,0.0,0.0
2019-09-11 00:00:00-04:00,270.1799147938697,271.8726648838631,269.5281579417055,271.79119873046875,68821100,0.0,0.0,0.0
2019-09-12 00:00:00-04:00,272.69629705578154,273.79160058862453,271.93591899475854,272.7325134277344,72908700,0.0,0.0,0.0
2019-09-13 00:00:00-04:00,273.1761455816851,273.5291931620798,272.180402229938,272.5515441894531,62104800,0.0,0.0,0.0
2019-09-16 00:00:00-04:00,271.42010193281993,272.5968999139856,271.06708187598014,271.70977783203125,58191200,0.0,0.0,0.0
2019-09-17 00:00:00-04:00,271.5105831463322,272.4882046094224,271.33858983685184,272.397705078125,41475500,0.0,0.0,0.0
2019-09-18 00:00:00-04:00,272.00841165390426,272.6692294359746,269.97167516979073,272.56060791015625,73375800,0.0,0.0,0.0
2019-09-19 00:00:00-04:00,272.9498999338318,273.94564349864027,272.2076158559735,272.54254150390625,76560500,0.0,0.0,0.0
2019-09-20 00:00:00-04:00,273.14626233819297,273.4282007266475,270.4635598753563,271.2547302246094,89565000,1.384,0.0,0.0
2019-09-23 00:00:00-04:00,270.59089610131656,271.9095320231954,270.33626621153167,271.19110107421875,43476800,0.0,0.0,0.0
2019-09-24 00:00:00-04:00,272.28238140130355,272.67341519548154,268.09915238087564,269.0631103515625,94869400,0.0,0.0,0.0
2019-09-25 00:00:00-04:00,269.14503076538426,271.10022805596975,267.66270975241423,270.6546325683594,71854000,0.0,0.0,0.0
2019-09-26 00:00:00-04:00,270.6637446747886,270.8728881544537,268.68126652638114,270.0908203125,56179700,0.0,0.0,0.0
2019-09-27 00:00:00-04:00,270.8456307371159,270.9547816628735,267.08074249980547,268.63580322265625,84746600,0.0,0.0,0.0
2019-09-30 00:00:00-04:00,269.1541465618406,270.59098115887195,269.1086878271732,269.88165283203125,51662400,0.0,0.0,0.0
2019-10-01 00:00:00-04:00,270.7638253755385,271.4185922566658,266.4532929304619,266.6715393066406,88242400,0.0,0.0,0.0
2019-10-02 00:00:00-04:00,265.0891114666045,265.09821431351884,260.6694572690525,261.9607849121094,122539500,0.0,0.0,0.0
2019-10-03 00:00:00-04:00,261.7335153618659,264.1343364605204,259.0144275553998,264.1070556640625,85278800,0.0,0.0,0.0
2019-10-04 00:00:00-04:00,264.7617527412515,267.9355381538089,264.7071634101348,267.680908203125,65091200,0.0,0.0,0.0
2019-10-07 00:00:00-04:00,266.88061793215365,268.5084455962607,266.2440292191831,266.52593994140625,59610500,0.0,0.0,0.0
2019-10-08 00:00:00-04:00,264.6707470157687,265.4073559101464,262.35176944794006,262.3881530761719,95708100,0.0,0.0,0.0
2019-10-09 00:00:00-04:00,264.407037132498,265.81659063182866,263.7795513160013,264.8799133300781,62359400,0.0,0.0,0.0
2019-10-10 00:00:00-04:00,264.7981839041969,267.5536554138178,264.63449912206283,266.6715393066406,55296300,0.0,0.0,0.0
2019-10-11 00:00:00-04:00,269.4269323090313,271.67314311799345,269.30873405810314,269.43603515625,98720400,0.0,0.0,0.0
2019-10-14 00:00:00-04:00,269.11781114650563,269.7907837072383,268.7904415920332,269.1360168457031,40394800,0.0,0.0,0.0
2019-10-15 00:00:00-04:00,270.1817511420704,272.5461879902581,270.06352513677353,271.80047607421875,46754500,0.0,0.0,0.0
2019-10-16 00:00:00-04:00,271.3365803040101,272.0550111800969,270.92736860439646,271.3638610839844,48928200,0.0,0.0,0.0
2019-10-17 00:00:00-04:00,272.5279987380787,273.0372586742496,271.47309522670037,272.16424560546875,45736600,0.0,0.0,0.0
2019-10-18 00:00:00-04:00,271.62769763046424,272.2733615050628,270.1180958054572,270.9729309082031,64304000,0.0,0.0,0.0
2019-10-21 00:00:00-04:00,272.2915709810018,273.0099743891221,271.85505057590547,272.8099060058594,39048600,0.0,0.0,0.0
2019-10-22 00:00:00-04:00,273.3463407868384,273.6373542774494,271.82766443425294,271.9186096191406,48594700,0.0,0.0,0.0
2019-10-23 00:00:00-04:00,271.664068797207,272.76443096306724,271.45489757866204,272.7098693847656,34352200,0.0,0.0,0.0
2019-10-24 00:00:00-04:00,273.6464773404309,273.79198409648734,272.3278414435656,273.1553955078125,35453100,0.0,0.0,0.0
2019-10-25 00:00:00-04:00,272.5824645850226,274.81959968239687,272.52790302192324,274.2739562988281,45205400,0.0,0.0,0.0
2019-10-28 00:00:00-04:00,275.4926378342722,276.3201921595279,275.4653570434433,275.82000732421875,42147000,0.0,0.0,0.0
2019-10-29 00:00:00-04:00,275.5471021585543,276.6656696928972,275.4197733445718,275.7380676269531,44284900,0.0,0.0,0.0
2019-10-30 00:00:00-04:00,275.9382925990656,276.9568126788727,274.6287588528591,276.583984375,49643900,0.0,0.0,0.0
2019-10-31 00:00:00-04:00,276.5747016616146,276.5747016616146,274.3921560881661,275.84716796875,69053800,0.0,0.0,0.0
2019-11-01 00:00:00-04:00,277.2930625373183,278.447985558051,277.1293501523777,278.40252685546875,71141500,0.0,0.0,0.0
2019-11-04 00:00:00-05:00,279.95779117686374,280.0941951369652,279.1484147592851,279.5212707519531,60606900,0.0,0.0,0.0
2019-11-05 00:00:00-05:00,279.72129600704636,280.02141242557303,278.9210225610841,279.2120361328125,42933200,0.0,0.0,0.0
2019-11-06 00:00:00-05:00,279.21209240068293,279.5485647690466,278.3299764135138,279.2757568359375,46487100,0.0,0.0,0.0
2019-11-07 00:00:00-05:00,280.61255157596486,281.59468781901455,279.7849972333301,280.25787353515625,54272300,0.0,0.0,0.0
2019-11-08 00:00:00-05:00,279.91234042779666,281.0036277531164,279.21211484148,280.9490661621094,49032100,0.0,0.0,0.0
2019-11-11 00:00:00-05:00,279.5667737483614,280.5852937140423,279.43034202761794,280.4125061035156,35797300,0.0,0.0,0.0
2019-11-12 00:00:00-05:00,280.7761604037485,281.9038031468933,280.230516970667,281.0035095214844,46484600,0.0,0.0,0.0
2019-11-13 00:00:00-05:00,280.01229829459345,281.4946191287311,279.7849491544516,281.094482421875,53917700,0.0,0.0,0.0
2019-11-14 00:00:00-05:00,280.8126005592483,281.58559326566467,280.17601180041527,281.50372314453125,51219900,0.0,0.0,0.0
2019-11-15 00:00:00-05:00,282.8405183461568,283.5862302129895,282.1493958072757,283.540771484375,62023600,0.0,0.0,0.0
2019-11-18 00:00:00-05:00,283.3043130077444,283.9863604368472,282.8496147216759,283.7499084472656,49228000,0.0,0.0,0.0
2019-11-19 00:00:00-05:00,284.3501383088859,284.35924115622686,283.0224269685197,283.6680908203125,67804700,0.0,0.0,0.0
2019-11-20 00:00:00-05:00,283.07689917115135,283.5952617594238,281.05803813228846,282.61309814453125,79406200,0.0,0.0,0.0
2019-11-21 00:00:00-05:00,282.72235757531104,282.8314807405151,281.3582625050897,282.15850830078125,54664700,0.0,0.0,0.0
2019-11-22 00:00:00-05:00,282.9041451712369,283.0405490915344,281.77650242667397,282.7859191894531,44850200,0.0,0.0,0.0
2019-11-25 00:00:00-05:00,283.7135229082867,284.9775695800781,283.7135229082867,284.9775695800781,48647200,0.0,0.0,0.0
2019-11-26 00:00:00-05:00,285.0140412468093,285.8052119858325,284.69574683100126,285.6233215332031,37569000,0.0,0.0,0.0
2019-11-27 00:00:00-05:00,286.1051337571783,286.8963317871094,285.8868875434431,286.8963317871094,44444600,0.0,0.0,0.0
2019-11-29 00:00:00-05:00,286.3325849809778,286.5781398116173,285.60507884056364,285.8324279785156,36592700,0.0,0.0,0.0
2019-12-02 00:00:00-05:00,286.0869995036619,286.1506639099118,282.9768794727963,283.404296875,75767800,0.0,0.0,0.0
2019-12-03 00:00:00-05:00,280.68527170644836,281.58559326566467,279.302998783299,281.50372314453125,73941700,0.0,0.0,0.0
2019-12-04 00:00:00-05:00,282.5495999524481,283.84092788112747,282.20402472425303,283.24072265625,49080000,0.0,0.0,0.0
2019-12-05 00:00:00-05:00,283.9409017092727,283.9590796497863,282.44037516318184,283.7499084472656,40709000,0.0,0.0,0.0
2019-12-06 00:00:00-05:00,285.6596578667379,286.7418420497151,285.65055501983795,286.3417053222656,48927000,0.0,0.0,0.0
2019-12-09 00:00:00-05:00,285.9506966924689,286.62364136052076,285.3686694911169,285.4414367675781,34838500,0.0,0.0,0.0
2019-12-10 00:00:00-05:00,285.3868712342311,286.0507130453857,284.4683717115734,285.1231384277344,52649800,0.0,0.0,0.0
2019-12-11 00:00:00-05:00,285.5778171170683,286.1871250585876,285.04127644599606,285.9324951171875,53429100,0.0,0.0,0.0
2019-12-12 00:00:00-05:00,285.94156026923116,289.17900987699994,285.7051360299545,288.3969421386719,96389600,0.0,0.0,0.0
2019-12-13 00:00:00-05:00,288.1604930993886,289.79742361331523,287.38750044719393,288.5697326660156,81503900,0.0,0.0,0.0
2019-12-16 00:00:00-05:00,290.29758563663097,291.14331781947243,288.5060732129594,290.5522155761719,82749700,0.0,0.0,0.0
2019-12-17 00:00:00-05:00,290.9342307035088,291.2343194304251,290.53409389922876,290.6159362792969,61097700,0.0,0.0,0.0
2019-12-18 00:00:00-05:00,291.0068891101069,291.23423824222414,290.5794716316232,290.634033203125,48133000,0.0,0.0,0.0
2019-12-19 00:00:00-05:00,290.82506696890414,291.89817621634967,290.57043699126655,291.8254089355469,85310500,0.0,0.0,0.0
2019-12-20 00:00:00-05:00,292.8580047434994,294.23795375085035,291.88018760229625,293.1047668457031,147142100,1.57,0.0,0.0
2019-12-23 00:00:00-05:00,293.89073892437995,293.94556876059863,293.4063901117604,293.5526123046875,52990000,0.0,0.0,0.0
2019-12-24 00:00:00-05:00,293.78111746910855,293.8267997088896,293.26020606823545,293.5617980957031,20270000,0.0,0.0,0.0
2019-12-26 00:00:00-05:00,293.9454926967339,295.13353724845075,293.9363729857451,295.1243896484375,30911200,0.0,0.0,0.0
2019-12-27 00:00:00-05:00,295.8554774530982,295.91030727604016,294.52123861313635,295.05126953125,42528800,0.0,0.0,0.0
2019-12-30 00:00:00-05:00,295.13360826083357,295.27068284889134,292.9403032957844,293.4246520996094,49729100,0.0,0.0,0.0
2019-12-31 00:00:00-05:00,292.922019374624,294.3842133054212,292.5747451785438,294.137451171875,57077300,0.0,0.0,0.0
2020-01-02 00:00:00-05:00,295.6728126568722,296.9065398349285,294.7497972018245,296.88824462890625,59151200,0.0,0.0,0.0
2020-01-03 00:00:00-05:00,293.49768030977805,295.7640816777263,293.44285049264414,294.6400146484375,77709700,0.0,0.0,0.0
2020-01-06 00:00:00-05:00,292.8854243272233,295.8463743777095,292.76661707449347,295.7641296386719,55653900,0.0,0.0,0.0
2020-01-07 00:00:00-05:00,295.1975882711692,295.6728174108507,294.4847724506809,294.9325866699219,40496400,0.0,0.0,0.0
2020-01-08 00:00:00-05:00,295.1243238398234,297.7197037636209,294.8775896957046,296.5042724609375,68296000,0.0,0.0,0.0
2020-01-09 00:00:00-05:00,298.06710630868724,298.58801761539866,297.4822175666189,298.514892578125,48473300,0.0,0.0,0.0
2020-01-10 00:00:00-05:00,299.09981058166176,299.25515249526273,297.1898301592266,297.6558837890625,53029300,0.0,0.0,0.0
2020-01-13 00:00:00-05:00,298.2772800531271,299.7120310890485,297.8477611357546,299.7029113769531,47086800,0.0,0.0,0.0
2020-01-14 00:00:00-05:00,299.264208473107,300.3151505804677,298.6884674529028,299.2459411621094,62832800,0.0,0.0,0.0
2020-01-15 00:00:00-05:00,299.15459569341715,300.68073912701385,299.07235094750735,299.9222412109375,72056600,0.0,0.0,0.0
2020-01-16 00:00:00-05:00,301.30219453828755,302.4171142578125,301.0737276112458,302.4171142578125,54050300,0.0,0.0,0.0
2020-01-17 00:00:00-05:00,303.1299620038811,303.5686007011989,302.3531687920046,303.3584289550781,95846000,0.0,0.0,0.0
2020-01-21 00:00:00-05:00,302.39877129641013,303.5685206625626,302.32567416247394,302.7643127441406,77742400,0.0,0.0,0.0
2020-01-22 00:00:00-05:00,303.62340922666306,304.2722754026212,302.64559193983825,302.8009338378906,48914900,0.0,0.0,0.0
2020-01-23 00:00:00-05:00,302.1520504997015,303.55941441938006,301.0371309067921,303.1481628417969,51963000,0.0,0.0,0.0
2020-01-24 00:00:00-05:00,303.8061154859915,303.88836021472963,299.1636529443787,300.45220947265625,87578400,0.0,0.0,0.0
2020-01-27 00:00:00-05:00,295.2065895983411,297.11656914672125,294.86846311743926,295.6361083984375,84062500,0.0,0.0,0.0
2020-01-28 00:00:00-05:00,297.0618289224419,299.61152758511525,295.72758990467884,298.7342224121094,63834000,0.0,0.0,0.0
2020-01-29 00:00:00-05:00,300.0959039992209,300.3243709426531,298.28643576718724,298.48748779296875,53888900,0.0,0.0,0.0
2020-01-30 00:00:00-05:00,296.4220385181129,299.6662847627549,295.6726883900491,299.4560852050781,75491800,0.0,0.0,0.0
2020-01-31 00:00:00-05:00,298.834687651797,298.99005740584477,293.10474817632047,294.01861572265625,113845600,0.0,0.0,0.0
2020-02-03 00:00:00-05:00,295.49912122993766,298.0670871911225,295.3803139687608,296.2027893066406,69083000,0.0,0.0,0.0
2020-02-04 00:00:00-05:00,299.8126259633462,301.58553178633565,299.4927666447389,300.71734619140625,62573200,0.0,0.0,0.0
2020-02-05 00:00:00-05:00,303.6507933581962,304.4001715229161,302.18862743263116,304.1899719238281,65951100,0.0,0.0,0.0
2020-02-06 00:00:00-05:00,305.14955406449695,305.40543589404376,304.1351464583818,305.2135314941406,50359700,0.0,0.0,0.0
2020-02-07 00:00:00-05:00,304.15341594950706,305.22262540475447,303.038496381652,303.5868225097656,64139400,0.0,0.0,0.0
2020-02-10 00:00:00-05:00,302.70035366918944,305.91715735245873,302.66379115886144,305.8531799316406,42070000,0.0,0.0,0.0
2020-02-11 00:00:00-05:00,307.20577615157714,307.9916890041701,305.85324188570775,306.38330078125,54864500,0.0,0.0,0.0
2020-02-12 00:00:00-05:00,307.81803230663076,308.5674104828042,307.4524908196525,308.35723876953125,43992700,0.0,0.0,0.0
2020-02-13 00:00:00-05:00,306.93160682994335,308.9969568539677,306.6574576626084,308.02825927734375,54501900,0.0,0.0,0.0
2020-02-14 00:00:00-05:00,308.43951428210545,308.64056630335443,307.24234975663256,308.5217590332031,64582200,0.0,0.0,0.0
2020-02-18 00:00:00-05:00,307.52563255819723,308.58572245034776,306.33758779968736,307.7266845703125,57226200,0.0,0.0,0.0
2020-02-19 00:00:00-05:00,308.69532102540853,309.8741900599959,308.41202432199384,309.19793701171875,48814700,0.0,0.0,0.0
2020-02-20 00:00:00-05:00,308.64960860364215,309.4721116863874,304.9393086876562,307.92767333984375,74163400,0.0,0.0,0.0
2020-02-21 00:00:00-05:00,306.57514878327885,306.8858604042742,303.93405817128195,304.7565612792969,113788200,0.0,0.0,0.0
2020-02-24 00:00:00-05:00,295.3071862193686,304.82967088286625,293.5708154883239,294.6492004394531,161088400,0.0,0.0,0.0
2020-02-25 00:00:00-05:00,296.0382762665826,296.65055194836293,284.84339802698764,285.720703125,218913200,0.0,0.0,0.0
2020-02-26 00:00:00-05:00,287.11892786401404,290.7104209886197,283.93868633219154,284.6697692871094,194773800,0.0,0.0,0.0
2020-02-27 00:00:00-05:00,279.1499964992916,284.72459458112405,271.884765625,271.884765625,284353500,0.0,0.0,0.0
2020-02-28 00:00:00-05:00,263.83356488451,272.2320096468705,260.9457401669116,270.7424011230469,384975800,0.0,0.0,0.0
2020-03-02 00:00:00-05:00,272.5244912250123,282.53135414421934,269.0974871963839,282.4673767089844,238703600,0.0,0.0,0.0
2020-03-03 00:00:00-05:00,282.84206278668677,286.8082453931347,271.9396274475978,274.379638671875,300139100,0.0,0.0,0.0
2020-03-04 00:00:00-05:00,279.7531390923097,286.1319448399597,277.20344073550206,285.91259765625,176613400,0.0,0.0,0.0
2020-03-05 00:00:00-05:00,278.71135042930734,281.9007394258582,274.1694273459628,276.40838623046875,186366800,0.0,0.0,0.0
2020-03-06 00:00:00-05:00,267.9002831419246,273.0453622263488,265.23180535005173,271.83905029296875,228667200,0.0,0.0,0.0
2020-03-09 00:00:00-04:00,251.58778741680635,259.71208532700234,249.8971543435091,250.60997009277344,309417300,0.0,0.0,0.0
2020-03-10 00:00:00-04:00,260.1232493248857,263.66903167185677,249.94275235063745,263.5776672363281,276444100,0.0,0.0,0.0
2020-03-11 00:00:00-04:00,256.52265940769087,257.65584636432993,247.54847242990883,250.7287139892578,255316300,0.0,0.0,0.0
2020-03-12 00:00:00-04:00,233.95009968243195,243.69193139870373,226.34671474938688,226.73968505859375,392220700,0.0,0.0,0.0
2020-03-13 00:00:00-04:00,240.42948758246135,248.0968521756116,227.1144403547714,246.12289428710938,329566100,0.0,0.0,0.0
2020-03-16 00:00:00-04:00,220.40660915986865,234.7726107780124,216.91564173418007,219.19117736816406,297240000,0.0,0.0,0.0
2020-03-17 00:00:00-04:00,223.93413457519435,234.10550046036911,216.65062185131984,231.0257568359375,262070500,0.0,0.0,0.0
2020-03-18 00:00:00-04:00,215.90124320983887,226.97731522464503,208.38011597518343,219.3282470703125,327597100,0.0,0.0,0.0
2020-03-19 00:00:00-04:00,218.64285844118245,226.07260768556657,212.21836929617308,219.79432678222656,289322000,0.0,0.0,0.0
2020-03-20 00:00:00-04:00,222.94363004147445,224.72696071707477,210.0466734873275,210.32244873046875,347158800,1.406,0.0,0.0
2020-03-23 00:00:00-04:00,209.76174689567557,211.131407928482,200.63367034211038,204.94491577148438,326025200,0.0,0.0,0.0
2020-03-24 00:00:00-04:00,215.4885612758454,224.38682507267387,214.91863611227424,223.51353454589844,235494500,0.0,0.0,0.0
2020-03-25 00:00:00-04:00,225.09463160277366,235.64753271475618,220.3881202388159,226.8595733642578,299430300,0.0,0.0,0.0
2020-03-26 00:00:00-04:00,229.36911860691484,241.57662927963491,228.93707402575518,240.10586547851562,257632800,0.0,0.0,0.0
2020-03-27 00:00:00-04:00,232.8162972428731,239.74737193984004,230.77558000293203,232.9541778564453,224341200,0.0,0.0,0.0
2020-03-30 00:00:00-04:00,235.05007699061377,241.23656910161978,233.05532437908624,240.51956176757812,171369500,0.0,0.0,0.0
2020-03-31 00:00:00-04:00,239.5175449357564,242.06383359967347,235.52804049293425,236.93447875976562,194881100,0.0,0.0,0.0
2020-04-01 00:00:00-04:00,227.9534688676713,236.8517325396181,224.20296243005834,226.27125549316406,189554600,0.0,0.0,0.0
2020-04-02 00:00:00-04:00,225.38882134558207,232.27393107275833,224.83727084545978,231.49258422851562,177660400,0.0,0.0,0.0
2020-04-03 00:00:00-04:00,230.50897330571124,232.86224312191504,225.41638201331432,228.1465301513672,135561200,0.0,0.0,0.0
2020-04-06 00:00:00-04:00,237.0171961738574,245.43745065637108,228.1281336328922,243.4702606201172,188061200,0.0,0.0,0.0
2020-04-07 00:00:00-04:00,252.06522220219827,252.8190070197748,243.49791211907876,243.71852111816406,201427200,0.0,0.0,0.0
2020-04-08 00:00:00-04:00,246.31993213901734,253.71064128342437,243.8287956537258,251.8997344970703,153774500,0.0,0.0,0.0
2020-04-09 00:00:00-04:00,255.16300272853678,258.4906799949257,253.2234169368293,255.7329559326172,189999200,0.0,0.0,0.0
2020-04-13 00:00:00-04:00,254.75860459423126,255.09871946317554,249.49134066253833,253.3981170654297,114839100,0.0,0.0,0.0
2020-04-14 00:00:00-04:00,258.2884851590157,261.89189610685975,253.26023306323893,260.8715515136719,134143400,0.0,0.0,0.0
2020-04-15 00:00:00-04:00,255.1538941002778,261.0094585224513,253.21427976364757,255.32855224609375,121775000,0.0,0.0,0.0
2020-04-16 00:00:00-04:00,256.60631463326337,257.4152518167674,253.49009986161752,256.56036376953125,131798300,0.0,0.0,0.0
2020-04-17 00:00:00-04:00,262.33320155596977,264.0981299151268,259.5938511833449,263.491455078125,146684800,0.0,0.0,0.0
2020-04-20 00:00:00-04:00,259.7868595128614,263.6293107862759,258.62863415329286,258.8492431640625,100109300,0.0,0.0,0.0
2020-04-21 00:00:00-04:00,254.38168814110765,255.5858921565235,250.05204085668208,250.98968505859375,126385700,0.0,0.0,0.0
2020-04-22 00:00:00-04:00,255.87093249536716,258.3069173868075,254.5472222047297,256.56036376953125,92951600,0.0,0.0,0.0
2020-04-23 00:00:00-04:00,257.83803449166567,261.00942882801934,256.2385632888214,256.5419006347656,104709700,0.0,0.0,0.0
2020-04-24 00:00:00-04:00,258.0585542552056,260.78870134015034,256.008636581341,260.1176452636719,85063200,0.0,0.0,0.0
2020-04-27 00:00:00-04:00,262.09412629154366,264.98973134296574,261.6345055515394,263.8682556152344,77896600,0.0,0.0,0.0
2020-04-28 00:00:00-04:00,267.51764391278255,267.86696016171067,262.35151131258954,262.6548767089844,105270000,0.0,0.0,0.0
2020-04-29 00:00:00-04:00,267.9865035924863,271.0659685753483,266.956957484873,269.53082275390625,118745600,0.0,0.0,0.0
2020-04-30 00:00:00-04:00,268.1519504463422,269.63194396115506,265.28392123731965,267.02130126953125,122901700,0.0,0.0,0.0
2020-05-01 00:00:00-04:00,262.268717832664,267.18666411275467,258.78478565307967,259.9522399902344,125180000,0.0,0.0,0.0
2020-05-04 00:00:00-04:00,258.06784244223917,260.9726488665371,256.58787713450204,260.6693115234375,80873200,0.0,0.0,0.0
2020-05-05 00:00:00-04:00,263.4914287350549,265.89063587333334,260.7980294956221,263.0777587890625,79569900,0.0,0.0,0.0
2020-05-06 00:00:00-04:00,264.7783672298479,265.1644330051455,260.8623889050886,261.29443359375,73632600,0.0,0.0,0.0
2020-05-07 00:00:00-04:00,264.5116497579534,266.3777082327352,263.9417247143769,264.4472961425781,75250400,0.0,0.0,0.0
2020-05-08 00:00:00-04:00,267.5820163579853,269.2918202089729,266.4513391653479,268.822998046875,76452400,0.0,0.0,0.0
2020-05-11 00:00:00-04:00,266.8925176860717,270.25694423577727,266.4696745397316,268.8780822753906,79514200,0.0,0.0,0.0
2020-05-12 00:00:00-04:00,270.0639771433086,270.4776190002841,263.3810732615767,263.51898193359375,95870800,0.0,0.0,0.0
2020-05-13 00:00:00-04:00,262.95820745768185,263.9969547866996,256.4315875392969,258.8583984375,144721100,0.0,0.0,0.0
2020-05-14 00:00:00-04:00,256.422324730339,262.08482541101597,250.94362739105318,261.9561462402344,121977900,0.0,0.0,0.0
2020-05-15 00:00:00-04:00,259.5661635119153,263.2063512347929,258.61934608730513,263.160400390625,111146300,0.0,0.0,0.0
2020-05-18 00:00:00-04:00,269.3837068905075,272.78491161799025,269.06199481206295,271.1762390136719,119703800,0.0,0.0,0.0
2020-05-19 00:00:00-04:00,270.5787293388812,272.28850498888653,268.3725554456711,268.39093017578125,95189300,0.0,0.0,0.0
2020-05-20 00:00:00-04:00,271.9299729869196,273.81440646458674,271.70016265778855,272.9503173828125,85861700,0.0,0.0,0.0
2020-05-21 00:00:00-04:00,272.82173390080567,273.63067103163144,269.9720792092253,271.06597900390625,78293900,0.0,0.0,0.0
2020-05-22 00:00:00-04:00,270.7809833540963,271.755377128521,269.5400016819818,271.5807189941406,63958200,0.0,0.0,0.0
2020-05-26 00:00:00-04:00,277.54650948578575,277.78552119257876,271.59901735603495,274.9266662597656,88951400,0.0,0.0,0.0
2020-05-27 00:00:00-04:00,277.7212306525081,279.0541420158943,272.8952128963509,279.0173645019531,104817400,0.0,0.0,0.0
2020-05-28 00:00:00-04:00,280.0468515835098,282.0599922398802,277.83147672252164,278.5025329589844,90405200,0.0,0.0,0.0
2020-05-29 00:00:00-04:00,278.03372679987336,280.3318301412633,275.2852041805372,279.7435302734375,119090800,0.0,0.0,0.0
2020-06-01 00:00:00-04:00,279.10004699838373,281.4808786671015,278.5852740999053,280.8741760253906,55758300,0.0,0.0,0.0
2020-06-02 00:00:00-04:00,281.7934518574034,283.2458690404746,280.46056860288843,283.19989013671875,74267200,0.0,0.0,0.0
2020-06-03 00:00:00-04:00,285.18548024177693,287.92483007098406,284.9097190069347,286.96881103515625,92567600,0.0,0.0,0.0
2020-06-04 00:00:00-04:00,285.98518598186917,287.7225657388418,284.119127013096,286.2149963378906,75794400,0.0,0.0,0.0
2020-06-05 00:00:00-04:00,291.61095127500704,295.32466622909004,291.54659764607965,293.550537109375,150524700,0.0,0.0,0.0
2020-06-08 00:00:00-04:00,294.3594363562118,297.29181820946184,293.81708738109575,297.0987854003906,73641200,0.0,0.0,0.0
2020-06-09 00:00:00-04:00,294.433066953884,297.17241696231423,293.5689776241452,294.8835144042969,77479200,0.0,0.0,0.0
2020-06-10 00:00:00-04:00,295.4627061194323,296.35437177071424,292.52112119377165,293.2381286621094,95000800,0.0,0.0,0.0
2020-06-11 00:00:00-04:00,286.3069990386874,286.9412780271555,275.7816988829913,276.3332214355469,209243600,0.0,0.0,0.0
2020-06-12 00:00:00-04:00,283.34699827287557,284.1191577863785,274.4855245724636,279.6424560546875,194678900,0.0,0.0,0.0
2020-06-15 00:00:00-04:00,273.9523921596774,283.3838206627691,272.77576394520634,282.2531433105469,135782700,0.0,0.0,0.0
2020-06-16 00:00:00-04:00,290.0022666173974,290.1493485974371,282.8229940315134,287.6857604980469,137627500,0.0,0.0,0.0
2020-06-17 00:00:00-04:00,288.7061588750805,289.0003228615567,285.75537372521586,286.49078369140625,83398900,0.0,0.0,0.0
2020-06-18 00:00:00-04:00,284.9740877759043,287.0791307706854,284.5144669914152,286.60113525390625,80828700,0.0,0.0,0.0
2020-06-19 00:00:00-04:00,290.0689386157883,290.26282089573067,283.01501607269654,284.9631652832031,135549600,1.366,0.0,0.0
2020-06-22 00:00:00-04:00,284.3629814046149,287.1882356545676,283.2181152364282,286.7912292480469,74649400,0.0,0.0,0.0
2020-06-23 00:00:00-04:00,289.44104590695906,290.37357419189783,287.7052629584042,288.11151123046875,68471200,0.0,0.0,0.0
2020-06-24 00:00:00-04:00,286.07107366384247,286.6896879902903,278.92484547295174,280.7621765136719,132813500,0.0,0.0,0.0
2020-06-25 00:00:00-04:00,280.1897990735888,284.03991677797876,278.1677990684482,283.77215576171875,89468000,0.0,0.0,0.0
2020-06-26 00:00:00-04:00,282.67343082724625,282.88579689027085,276.45048811590635,277.0321350097656,127961000,0.0,0.0,0.0
2020-06-29 00:00:00-04:00,278.28780803699664,281.24230815078425,275.99804720322345,281.10382080078125,79773300,0.0,0.0,0.0
2020-06-30 00:00:00-04:00,280.66986274061657,286.40349236880866,280.51291980961736,284.7046203613281,113394800,0.0,0.0,0.0
2020-07-01 00:00:00-04:00,285.8218387301167,287.9638703985175,285.3601954313995,286.6989440917969,72396500,0.0,0.0,0.0
2020-07-02 00:00:00-04:00,290.13355781025984,291.4815764666122,287.61300354993097,288.27777099609375,69344200,0.0,0.0,0.0
2020-07-06 00:00:00-04:00,292.1001687186121,293.30967187564966,291.35230884827496,292.7279968261719,61713800,0.0,0.0,0.0
2020-07-07 00:00:00-04:00,291.1861878161966,293.1620068643434,289.3303723806456,289.70892333984375,82910000,0.0,0.0,0.0
2020-07-08 00:00:00-04:00,290.4751769616239,292.03553353353783,288.71172439183437,291.92474365234375,54638600,0.0,0.0,0.0
2020-07-09 00:00:00-04:00,292.53412506328704,292.7741885974815,286.84667618527334,290.2628479003906,83354200,0.0,0.0,0.0
2020-07-10 00:00:00-04:00,290.19824424631554,293.49438457109676,288.7671611130503,293.22662353515625,57550400,0.0,0.0,0.0
2020-07-13 00:00:00-04:00,295.5717862583092,297.9538536311134,290.0320658619064,290.6875915527344,102997500,0.0,0.0,0.0
2020-07-14 00:00:00-04:00,289.2657251994357,295.23017784397115,288.06546370459,294.4546203613281,93657000,0.0,0.0,0.0
2020-07-15 00:00:00-04:00,297.67688940871585,298.2585645791441,294.7777554407008,297.15985107421875,87196500,0.0,0.0,0.0
2020-07-16 00:00:00-04:00,295.25786563140133,296.6335538163291,294.61155366216747,296.18115234375,54622500,0.0,0.0,0.0
2020-07-17 00:00:00-04:00,297.18755470615184,297.8246248415815,295.21170746259276,297.0398254394531,62774900,0.0,0.0,0.0
2020-07-20 00:00:00-04:00,296.77205639224417,300.18822867354294,296.024196371045,299.44036865234375,56308800,0.0,0.0,0.0
2020-07-21 00:00:00-04:00,301.406866255897,301.8500257092292,299.089408300806,300.07733154296875,57292200,0.0,0.0,0.0
2020-07-22 00:00:00-04:00,299.7173992679284,302.09949533060507,299.6066093443585,301.7855529785156,57792900,0.0,0.0,0.0
2020-07-23 00:00:00-04:00,301.42543801668506,302.12714499020143,296.81824597309316,298.1846923828125,75738000,0.0,0.0,0.0
2020-07-24 00:00:00-04:00,296.328858018481,297.2890558358542,294.75925946179956,296.26422119140625,73766600,0.0,0.0,0.0
2020-07-27 00:00:00-04:00,296.9566300026394,298.60007878193284,296.16258899162784,298.4246520996094,48293000,0.0,0.0,0.0
2020-07-28 00:00:00-04:00,297.6952737904054,298.81247079634437,296.2364934476947,296.5319519042969,57495000,0.0,0.0,0.0
2020-07-29 00:00:00-04:00,297.4090950917843,300.74217459378013,297.37215573588736,300.178955078125,48454200,0.0,0.0,0.0
2020-07-30 00:00:00-04:00,297.20600271794535,299.5234615044289,295.11939379817784,299.10797119140625,61861700,0.0,0.0,0.0
2020-07-31 00:00:00-04:00,300.8990939222795,301.5731032762325,296.6796674453573,301.4715270996094,84986800,0.0,0.0,0.0
2020-08-03 00:00:00-04:00,303.13343702102367,304.3336982264849,302.58870135537785,303.5673828125,53077900,0.0,0.0,0.0
2020-08-04 00:00:00-04:00,302.7087786426871,304.7400207519531,302.7087786426871,304.7400207519531,41917900,0.0,0.0,0.0
2020-08-05 00:00:00-04:00,306.0418930506655,306.89132934963357,305.7741319749666,306.6327819824219,42697700,0.0,0.0,0.0
2020-08-06 00:00:00-04:00,306.05108949352723,308.8024658628492,305.72793350897297,308.68243408203125,43679400,0.0,0.0,0.0
2020-08-07 00:00:00-04:00,307.71291374534616,309.19017773336356,306.8080828607746,308.9039611816406,57308300,0.0,0.0,0.0
2020-08-10 00:00:00-04:00,309.3564462990686,310.0119719811735,307.41753855083357,309.82733154296875,44282100,0.0,0.0,0.0
2020-08-11 00:00:00-04:00,311.0090722127674,311.6461421704279,306.54036880387395,307.2697448730469,69601100,0.0,0.0,0.0
2020-08-12 00:00:00-04:00,309.70722946844614,312.32935977820927,309.679532000178,311.5538024902344,53774400,0.0,0.0,0.0
2020-08-13 00:00:00-04:00,310.7874764150394,312.30167990291056,310.06731402303166,310.9906005859375,41816100,0.0,0.0,0.0
2020-08-14 00:00:00-04:00,310.6029323819641,311.5354611163136,309.8735278815379,310.99993896484375,47260400,0.0,0.0,0.0
2020-08-17 00:00:00-04:00,312.0154599206983,312.38476890654016,311.0090809592796,311.9877624511719,35481000,0.0,0.0,0.0
2020-08-18 00:00:00-04:00,312.38477080822076,313.0864776091208,310.7874749185557,312.6617736816406,38733900,0.0,0.0,0.0
2020-08-19 00:00:00-04:00,313.04031505654325,313.5573533060185,310.79673534794836,311.3599548339844,68054200,0.0,0.0,0.0
2020-08-20 00:00:00-04:00,309.6333065610113,312.80941395913743,309.50406111970256,312.3293151855469,42207800,0.0,0.0,0.0
2020-08-21 00:00:00-04:00,311.9971136916814,313.6590187987212,311.6554738791478,313.43743896484375,55106600,0.0,0.0,0.0
2020-08-24 00:00:00-04:00,315.8748790364872,316.68737593780014,313.40971903177535,316.613525390625,48588700,0.0,0.0,0.0
2020-08-25 00:00:00-04:00,317.17663880879144,317.8044669230327,316.0132886974553,317.72137451171875,38463400,0.0,0.0,0.0
2020-08-26 00:00:00-04:00,318.31239593759705,321.1745627439463,317.767660055857,320.9068298339844,50790200,0.0,0.0,0.0
2020-08-27 00:00:00-04:00,321.7746114341692,323.05796511433385,319.94649388256835,321.6083984375,58034100,0.0,0.0,0.0
2020-08-28 00:00:00-04:00,322.63331982174736,323.8151257187456,321.4422720409016,323.68585205078125,48588900,0.0,0.0,0.0
2020-08-31 00:00:00-04:00,323.4735318130016,324.3506373557208,322.2824839670611,322.5133056640625,66099200,0.0,0.0,0.0
2020-09-01 00:00:00-04:00,323.3442042226388,325.65242080777375,322.4486150605475,325.5508728027344,54908700,0.0,0.0,0.0
2020-09-02 00:00:00-04:00,327.4621164118237,331.22911386665123,326.3172217084211,330.2596740722656,69540000,0.0,0.0,0.0
2020-09-03 00:00:00-04:00,328.5701020916674,329.04098742355376,316.30885328013466,318.8940734863281,148011100,0.0,0.0,0.0
2020-09-04 00:00:00-04:00,319.5772119329768,321.14678232846006,309.1809952615708,316.2903137207031,139156300,0.0,0.0,0.0
2020-09-08 00:00:00-04:00,310.8798493187982,316.3549607309717,307.3436737413122,307.6483459472656,114465300,0.0,0.0,0.0
2020-09-09 00:00:00-04:00,311.65545119972245,316.18879281443327,310.7875593448871,313.7236328125,91462300,0.0,0.0,0.0
2020-09-10 00:00:00-04:00,315.59780899777945,316.25333454581227,307.3159276821659,308.2761535644531,90569500,0.0,0.0,0.0
2020-09-11 00:00:00-04:00,310.05812950649084,311.11990351849477,305.6078810919823,308.4331359863281,84680200,0.0,0.0,0.0
2020-09-14 00:00:00-04:00,311.5999553914097,314.26826693128163,308.58081864580447,312.49554443359375,65605700,0.0,0.0,0.0
2020-09-15 00:00:00-04:00,314.9515377853473,315.78249013570075,312.504833796234,314.0744323730469,52920900,0.0,0.0,0.0
2020-09-16 00:00:00-04:00,315.3116463788061,316.7427294770832,312.5510000169259,312.8280029296875,82096000,0.0,0.0,0.0
2020-09-17 00:00:00-04:00,307.97144597054444,311.7938656460169,307.4451658975791,310.0765380859375,91523300,0.0,0.0,0.0
2020-09-18 00:00:00-04:00,310.8821027224487,310.9933360912378,304.0224381842765,306.5067443847656,105877900,1.339,0.0,0.0
2020-09-21 00:00:00-04:00,301.9183230291963,303.24390170415643,298.23820001398235,303.0955810546875,99450800,0.0,0.0,0.0
2020-09-22 00:00:00-04:00,304.57868073084774,306.7385377490843,302.06653750783966,306.1823425292969,63612100,0.0,0.0,0.0
2020-09-23 00:00:00-04:00,306.7385217044883,307.0166334444668,298.5810865385112,299.0816650390625,93112200,0.0,0.0,0.0
2020-09-24 00:00:00-04:00,297.7652352933716,302.93778372843286,296.4489080695928,299.8787536621094,76681300,0.0,0.0,0.0
2020-09-25 00:00:00-04:00,299.0259943751535,305.5148717009548,298.1546568746652,304.7269592285156,71069400,0.0,0.0,0.0
2020-09-28 00:00:00-04:00,308.8891862166308,310.50212711319176,307.89730790676646,309.7883605957031,64584600,0.0,0.0,0.0
2020-09-29 00:00:00-04:00,309.58428208482565,310.3258566144469,307.4058680063376,308.1011047363281,51304000,0.0,0.0,0.0
2020-09-30 00:00:00-04:00,308.76860928712824,313.58892978637374,308.5739508757094,310.43719482421875,104081100,0.0,0.0,0.0
2020-10-01 00:00:00-04:00,313.0326781450821,314.00599831587897,310.54837218800964,312.4301452636719,88698700,0.0,0.0,0.0
2020-10-02 00:00:00-04:00,307.48010881582076,312.40238366370073,307.00733868479756,309.4638366699219,89431100,0.0,0.0,0.0
2020-10-05 00:00:00-04:00,311.5217523825799,315.1369786568774,311.47541457094957,314.95159912109375,45713100,0.0,0.0,0.0
2020-10-06 00:00:00-04:00,315.0906262164625,317.18561572731545,309.9644141027496,310.4742431640625,90128900,0.0,0.0,0.0
2020-10-07 00:00:00-04:00,313.43138370286675,316.6851020086094,313.40357535364103,315.8786315917969,56999600,0.0,0.0,0.0
2020-10-08 00:00:00-04:00,317.81595262377294,318.7429351145588,316.8982207211978,318.67803955078125,45242500,0.0,0.0,0.0
2020-10-09 00:00:00-04:00,320.3280798824177,321.9873865273389,319.7070174310904,321.5238952636719,59528600,0.0,0.0,0.0
2020-10-12 00:00:00-04:00,324.063844968693,328.1703711128486,323.5725453203997,326.69647216796875,80388500,0.0,0.0,0.0
2020-10-13 00:00:00-04:00,326.5573374267569,326.73346633440195,323.600261500618,324.5643310546875,73255500,0.0,0.0,0.0
2020-10-14 00:00:00-04:00,325.1390911694356,326.2329236603553,321.7926981363864,322.5249938964844,57727900,0.0,0.0,0.0
2020-10-15 00:00:00-04:00,318.61310219082094,322.60839393885817,318.07546486396797,322.1263732910156,60357700,0.0,0.0,0.0
2020-10-16 00:00:00-04:00,323.4797769752981,325.13908342610574,321.75560325500436,321.9317321777344,89501900,0.0,0.0,0.0
2020-10-19 00:00:00-04:00,323.1924104328647,323.8227516799886,316.1380878968359,317.0372619628906,68425600,0.0,0.0,0.0
2020-10-20 00:00:00-04:00,318.38145817763655,321.55175133899183,317.6213538922318,318.30731201171875,60051900,0.0,0.0,0.0
2020-10-21 00:00:00-04:00,318.2609093352829,320.43007341653833,317.39882234537475,317.7047424316406,63575000,0.0,0.0,0.0
2020-10-22 00:00:00-04:00,317.91796352473176,320.03148284713905,315.77663585423755,319.4474792480469,55399300,0.0,0.0,0.0
2020-10-23 00:00:00-04:00,320.67102412804957,320.7266408105194,318.0754846485953,320.531982421875,49143900,0.0,0.0,0.0
2020-10-26 00:00:00-04:00,317.1485658849641,317.9365067637999,311.1139000222835,314.608642578125,91473000,0.0,0.0,0.0
2020-10-27 00:00:00-04:00,314.95160893898276,315.285309087353,313.31083167503937,313.5240478515625,65994100,0.0,0.0,0.0
2020-10-28 00:00:00-04:00,307.85086148317663,313.5517975998681,302.3167754094889,302.8080749511719,127094300,0.0,0.0,0.0
2020-10-29 00:00:00-04:00,303.03992892268667,309.0560378129081,301.35281355762714,305.8857727050781,90597700,0.0,0.0,0.0
2020-10-30 00:00:00-04:00,304.30980936954535,305.61685806950385,299.0445556385391,302.6968688964844,120287300,0.0,0.0,0.0
2020-11-02 00:00:00-05:00,306.0897216796875,308.09197956643357,303.3458323148136,306.0897216796875,86068300,0.0,0.0,0.0
2020-11-03 00:00:00-05:00,309.3248519661346,313.5518907130495,306.1731165199986,311.4939880371094,93294200,0.0,0.0,0.0
2020-11-04 00:00:00-05:00,315.9712924400372,322.5343454427772,314.79403465889675,318.45562744140625,126959700,0.0,0.0,0.0
2020-11-05 00:00:00-05:00,323.7394296519222,326.4740399373296,323.38717169903396,324.6664123535156,82039700,0.0,0.0,0.0
2020-11-06 00:00:00-05:00,324.37894694815776,325.84359499345544,322.26542819140275,324.5921630859375,74973000,0.0,0.0,0.0
2020-11-09 00:00:00-05:00,337.39377544488605,337.77384161254093,328.20737673340466,328.6708679199219,172304200,0.0,0.0,0.0
2020-11-10 00:00:00-05:00,327.6790159718678,329.2456185696468,324.9166263863297,328.1888732910156,85552000,0.0,0.0,0.0
2020-11-11 00:00:00-05:00,330.3765276970206,331.45183069524353,329.1343746531919,330.6268310546875,58649000,0.0,0.0,0.0
2020-11-12 00:00:00-05:00,329.6164387197169,330.67321239286036,325.6118956516911,327.41949462890625,67546200,0.0,0.0,0.0
2020-11-13 00:00:00-05:00,329.3290469036784,332.69399774467473,328.8099389915463,331.9524230957031,62892200,0.0,0.0,0.0
2020-11-16 00:00:00-05:00,334.62217047881086,336.2907277500925,333.33365115779196,336.0960693359375,74541100,0.0,0.0,0.0
2020-11-17 00:00:00-05:00,333.68588866910596,335.49351584362677,332.17490268135197,334.2884216308594,66111000,0.0,0.0,0.0
2020-11-18 00:00:00-05:00,334.55728418581134,335.1042005097741,330.22826311784223,330.2653503417969,70591300,0.0,0.0,0.0
2020-11-19 00:00:00-05:00,329.63497720915376,332.02657957234703,328.29084129066734,331.6557922363281,59940900,0.0,0.0,0.0
2020-11-20 00:00:00-05:00,331.3962385127505,331.60017579109797,329.3105279207122,329.3846740722656,70417300,0.0,0.0,0.0
2020-11-23 00:00:00-05:00,331.19225030951156,332.61981103843897,328.95821946861577,331.3591003417969,63230600,0.0,0.0,0.0
2020-11-24 00:00:00-05:00,333.9083515604822,337.2454941499389,333.05554351994675,336.6985778808594,62415900,0.0,0.0,0.0
2020-11-25 00:00:00-05:00,336.6152178939342,336.643026242167,335.08570216259716,336.1795349121094,45330900,0.0,0.0,0.0
2020-11-27 00:00:00-05:00,337.27335489567287,337.5885255934708,336.1053477355722,337.11578369140625,28514100,0.0,0.0,0.0
2020-11-30 00:00:00-05:00,336.33708795881,336.6059208367198,332.9443565005629,335.6233215332031,83872700,0.0,0.0,0.0
2020-12-01 00:00:00-05:00,338.87700326166663,340.83292278060395,338.28372087591083,339.29412841796875,74231400,0.0,0.0,0.0
2020-12-02 00:00:00-05:00,338.18177783063066,340.16550576049775,337.6070531807557,340.0079345703125,45927000,0.0,0.0,0.0
2020-12-03 00:00:00-05:00,339.9058822567246,341.30563466169116,338.81204987009494,339.9151611328125,62882000,0.0,0.0,0.0
2020-12-04 00:00:00-05:00,340.4992481431544,342.8445129394531,340.4065442272832,342.8445129394531,50749900,0.0,0.0,0.0
2020-12-07 00:00:00-05:00,342.07514958686744,342.631344870927,340.8700833791276,342.1400451660156,48944300,0.0,0.0,0.0
2020-12-08 00:00:00-05:00,340.87005554580287,343.7066201446968,340.82371772977626,343.14117431640625,42458900,0.0,0.0,0.0
2020-12-09 00:00:00-05:00,343.7992759610222,343.95684714487703,339.22925900105616,340.06353759765625,74098300,0.0,0.0,0.0
2020-12-10 00:00:00-05:00,338.6916205245105,340.99979809475724,337.82025463669373,339.95233154296875,57735400,0.0,0.0,0.0
2020-12-11 00:00:00-05:00,338.2558801692447,339.9615244312118,336.73564370740246,339.55364990234375,57698600,0.0,0.0,0.0
2020-12-14 00:00:00-05:00,341.7228170082681,342.79809173388674,337.85728782298236,338.0334167480469,69216200,0.0,0.0,0.0
2020-12-15 00:00:00-05:00,340.5733606765333,342.60345458984375,339.2014446984404,342.60345458984375,63865300,0.0,0.0,0.0
2020-12-16 00:00:00-05:00,342.81672473642504,344.0588780721469,341.93607991779965,343.14117431640625,58420500,0.0,0.0,0.0
2020-12-17 00:00:00-05:00,344.78185310544035,345.26387379305515,343.9568251499501,345.0599365234375,64119500,0.0,0.0,0.0
2020-12-18 00:00:00-05:00,345.3485696719916,345.5161309651634,341.67136919379556,343.68218994140625,136542300,1.58,0.0,0.0
2020-12-21 00:00:00-05:00,339.7629846416698,352.3212752668946,337.0260363965949,342.453369140625,96386700,0.0,0.0,0.0
2020-12-22 00:00:00-05:00,342.7792890888803,342.8909966522768,340.7498592608893,341.87628173828125,47949000,0.0,0.0,0.0
2020-12-23 00:00:00-05:00,342.84433524058835,344.0917832562604,341.8575475802829,342.1833801269531,46201400,0.0,0.0,0.0
2020-12-24 00:00:00-05:00,342.6581462095984,343.542544801245,342.0716817018129,343.5146179199219,26457900,0.0,0.0,0.0
2020-12-28 00:00:00-05:00,346.06540553732583,346.8567051409463,345.4416956497775,346.4657287597656,39000400,0.0,0.0,0.0
2020-12-29 00:00:00-05:00,347.9923570664862,348.1692367590177,345.21816415032754,345.8046569824219,53680500,0.0,0.0,0.0
2020-12-30 00:00:00-05:00,346.6238977069387,347.33141650655006,345.9070888877533,346.2980651855469,49455300,0.0,0.0,0.0
2020-12-31 00:00:00-05:00,346.1026197103733,348.78371400805713,345.59061740637577,348.0575866699219,78520700,0.0,0.0,0.0
2021-01-04 00:00:00-05:00,349.38886325350404,349.51920765992713,339.6233739583343,343.3191833496094,110210800,0.0,0.0,0.0
2021-01-05 00:00:00-05:00,342.67678687742756,346.7728905061342,342.6302231348059,345.6836853027344,66426200,0.0,0.0,0.0
2021-01-06 00:00:00-05:00,344.17558324644114,350.9434912559952,343.62633562425066,347.7503662109375,107997700,0.0,0.0,0.0
2021-01-07 00:00:00-05:00,350.124342303008,353.661880737417,349.94746254030196,352.9171447753906,68766800,0.0,0.0,0.0
2021-01-08 00:00:00-05:00,354.3040877879952,355.1419225171707,351.0551379514854,354.9278259277344,71677200,0.0,0.0,0.0
2021-01-11 00:00:00-05:00,351.7533887862446,354.29482021588973,351.632362830576,352.5353698730469,51034700,0.0,0.0,0.0
2021-01-12 00:00:00-05:00,352.7215992262628,353.6245779387695,350.3663089172504,352.60986328125,52547700,0.0,0.0,0.0
2021-01-13 00:00:00-05:00,352.5352933958839,354.55540366276205,351.75331247872055,353.559326171875,45303600,0.0,0.0,0.0
2021-01-14 00:00:00-05:00,354.3041831146207,354.80689545132014,351.9861664446019,352.3212890625,49989100,0.0,0.0,0.0
2021-01-15 00:00:00-05:00,350.70140387922305,351.50199335982205,347.88999385755534,349.7518615722656,107160000,0.0,0.0,0.0
2021-01-19 00:00:00-05:00,352.20952068020125,353.0380654699637,350.72933922047633,352.49810791015625,51233300,0.0,0.0,0.0
2021-01-20 00:00:00-05:00,354.78819724418975,358.21405551285824,354.397220924243,357.376220703125,61836100,0.0,0.0,0.0
2021-01-21 00:00:00-05:00,357.93482091297085,358.36307102761856,356.780471791413,357.70208740234375,47840100,0.0,0.0,0.0
2021-01-22 00:00:00-05:00,355.8494812219019,357.5996414893799,355.4677949159223,356.43597412109375,52860500,0.0,0.0,0.0
2021-01-25 00:00:00-05:00,357.17146221981005,358.1954668974896,352.3212755983803,357.84173583984375,70402000,0.0,0.0,0.0
2021-01-26 00:00:00-05:00,358.79118922289314,359.20080235621367,357.0503476112028,357.2830810546875,42665300,0.0,0.0,0.0
2021-01-27 00:00:00-05:00,353.95971902424606,354.05281810421934,346.3167590029396,348.5509948730469,123351100,0.0,0.0,0.0
2021-01-28 00:00:00-05:00,350.3663101277551,355.55161937828063,349.92879841681105,351.5486145019531,94198100,0.0,0.0,0.0
2021-01-29 00:00:00-05:00,349.6867018282273,350.6548810290884,342.83501362114134,344.5107116699219,126765100,0.0,0.0,0.0
2021-02-01 00:00:00-05:00,347.9086772342032,351.2786539780254,344.79936089018344,350.2453308105469,75817600,0.0,0.0,0.0
2021-02-02 00:00:00-05:00,353.4290462295083,356.7524870405597,350.32904887111556,355.19781494140625,64450700,0.0,0.0,0.0
2021-02-03 00:00:00-05:00,356.0264205321538,357.199406526891,354.2017977480035,355.4771728515625,52427100,0.0,0.0,0.0
2021-02-04 00:00:00-05:00,356.5104377825251,359.56389983293474,355.5888223142449,359.5173645019531,47142600,0.0,0.0,0.0
2021-02-05 00:00:00-05:00,361.3884888625458,361.63983074454535,359.47076763289346,360.93231201171875,48669800,0.0,0.0,0.0
2021-02-08 00:00:00-05:00,362.3846241257551,363.58553679527535,361.52818085884974,363.53900146484375,38365200,0.0,0.0,0.0
2021-02-09 00:00:00-05:00,362.7011247326708,363.89274733764177,362.2915399745202,363.29693603515625,35551100,0.0,0.0,0.0
2021-02-10 00:00:00-05:00,365.0378156036463,365.18676844469576,360.73690530404883,363.1387023925781,59154400,0.0,0.0,0.0
2021-02-11 00:00:00-05:00,364.21861361632875,364.6375452854998,361.2954955929545,363.7252197265625,42913300,0.0,0.0,0.0
2021-02-12 00:00:00-05:00,362.9246586051573,365.76399619957346,362.85016796886265,365.52197265625,50593300,0.0,0.0,0.0
2021-02-16 00:00:00-05:00,366.7507370926893,366.94625368053585,364.4885743748941,365.20538330078125,50972400,0.0,0.0,0.0
2021-02-17 00:00:00-05:00,363.455213196624,365.54049596951603,362.4404702799734,365.2891540527344,52290600,0.0,0.0,0.0
2021-02-18 00:00:00-05:00,362.68259806906747,364.47929399166895,360.9603643711448,363.73455810546875,59712800,0.0,0.0,0.0
2021-02-19 00:00:00-05:00,364.99130695342166,365.2798942259746,362.645335047699,363.0921936035156,83241000,0.0,0.0,0.0
2021-02-22 00:00:00-05:00,360.3273043244353,362.7104930424211,360.0293986322245,360.29937744140625,67414200,0.0,0.0,0.0
2021-02-23 00:00:00-05:00,358.0930286391464,362.08674292738397,353.9410715012877,360.73687744140625,107284100,0.0,0.0,0.0
2021-02-24 00:00:00-05:00,359.64766215783163,365.1401946066292,358.6608745485557,364.7119445800781,72433900,0.0,0.0,0.0
2021-02-25 00:00:00-05:00,363.4459432788632,364.81441738369665,354.4810443890207,355.9239807128906,146670500,0.0,0.0,0.0
2021-02-26 00:00:00-05:00,357.8045035066823,358.949534192139,352.1071917346127,354.0900573730469,152701600,0.0,0.0,0.0
2021-03-01 00:00:00-05:00,358.9587703830817,363.92066358275525,354.2854928063855,362.6731872558594,105348800,0.0,0.0,0.0
2021-03-02 00:00:00-05:00,362.89666276485025,363.1293962418053,359.34048841861335,359.84320068359375,79595300,0.0,0.0,0.0
2021-03-03 00:00:00-05:00,359.1449583838965,360.11310908007255,354.9743647355209,355.0767822265625,119940200,0.0,0.0,0.0
2021-03-04 00:00:00-05:00,354.8905802752683,357.4785750729967,346.1956620928304,350.6827697753906,183433000,0.0,0.0,0.0
2021-03-05 00:00:00-05:00,354.1830522209463,358.1860844557175,346.90317177128276,357.1341247558594,152039600,0.0,0.0,0.0
2021-03-08 00:00:00-05:00,358.09305771331407,360.9044680233819,355.0768407972248,355.3561096191406,123149200,0.0,0.0,0.0
2021-03-09 00:00:00-05:00,359.2008479440805,362.9804372731695,358.69813568759565,360.4296875,113633600,0.0,0.0,0.0
2021-03-10 00:00:00-05:00,362.77560474978924,364.367493636716,361.3605955625039,362.6731872558594,109899400,0.0,0.0,0.0
2021-03-11 00:00:00-05:00,365.1402001712224,368.32397808065963,364.68402325858307,366.35040283203125,86245000,0.0,0.0,0.0
2021-03-12 00:00:00-05:00,364.99129202536955,366.98347596763745,364.18138400908146,366.8438415527344,64653600,0.0,0.0,0.0
2021-03-15 00:00:00-04:00,367.09516616349055,369.29218502366257,364.95402947649114,369.0315246582031,73427200,0.0,0.0,0.0
2021-03-16 00:00:00-04:00,369.6458961543537,370.3533865339371,367.793318546746,368.5660095214844,73722500,0.0,0.0,0.0
2021-03-17 00:00:00-04:00,367.2813854421712,370.62343505257456,366.1363264084717,369.8228454589844,97959300,0.0,0.0,0.0
2021-03-18 00:00:00-04:00,367.23478757465904,369.3200702632121,363.76239416037566,364.4419860839844,115349100,0.0,0.0,0.0
2021-03-19 00:00:00-04:00,364.1412876855865,365.7197211971754,361.59150389696646,363.7677001953125,113624500,1.278,0.0,0.0
2021-03-22 00:00:00-04:00,364.28136920712717,368.05466830965446,364.2253325103038,366.67236328125,73778600,0.0,0.0,0.0
2021-03-23 00:00:00-04:00,366.0373101003052,367.4849724644324,363.00186510857276,363.7864074707031,90686600,0.0,0.0,0.0
2021-03-24 00:00:00-04:00,365.18737456445785,366.821844910974,361.8904155198871,361.9371032714844,97588600,0.0,0.0,0.0
2021-03-25 00:00:00-04:00,360.4987874842971,364.7670683556702,358.5560867809132,363.97320556640625,116128600,0.0,0.0,0.0
2021-03-26 00:00:00-04:00,365.1219010982299,370.24013727057377,364.52416690819587,369.8385314941406,114409100,0.0,0.0,0.0
2021-03-29 00:00:00-04:00,368.3629541421015,370.55782027785045,366.8779243318469,369.65185546875,108107600,0.0,0.0,0.0
2021-03-30 00:00:00-04:00,368.3815491232856,369.3435503732095,367.07395025683695,368.67108154296875,76262200,0.0,0.0,0.0
2021-03-31 00:00:00-04:00,369.2408018270159,371.7251997987825,369.21278347970974,370.1654357910156,112734200,0.0,0.0,0.0
2021-04-01 00:00:00-04:00,372.0987781059756,374.2189375105821,371.893300729822,374.1628723144531,99682900,0.0,0.0,0.0
2021-04-05 00:00:00-04:00,376.8248104457492,380.07508186806007,376.7501043396407,379.5333557128906,91684800,0.0,0.0,0.0
2021-04-06 00:00:00-04:00,378.9729533834397,380.35522998954474,378.63670467999566,379.3091735839844,62021000,0.0,0.0,0.0
2021-04-07 00:00:00-04:00,379.1410856568923,380.0937381170486,378.6834430784203,379.7481689453125,55836300,0.0,0.0,0.0
2021-04-08 00:00:00-04:00,380.99967367195654,381.60675691392385,380.06569068342264,381.55072021484375,57863100,0.0,0.0,0.0
2021-04-09 00:00:00-04:00,381.4293215703808,384.4927845941178,381.3078992229351,384.32464599609375,61104600,0.0,0.0,0.0
2021-04-12 00:00:00-04:00,383.7269890687831,384.7356783457787,383.1199057120697,384.46484375,56704900,0.0,0.0,0.0
2021-04-13 00:00:00-04:00,384.36197181036624,386.22993756231864,383.97903541086856,385.6041564941406,56551000,0.0,0.0,0.0
2021-04-14 00:00:00-04:00,385.5761649966313,386.6315702804382,383.7455664130594,384.28729248046875,61659900,0.0,0.0,0.0
2021-04-15 00:00:00-04:00,386.4261388821726,388.6863904096903,386.3794511307246,388.41552734375,60229800,0.0,0.0,0.0
2021-04-16 00:00:00-04:00,389.70448771705173,390.32092004547286,388.2848435231427,389.7138366699219,82037300,0.0,0.0,0.0
2021-04-19 00:00:00-04:00,388.7798327038786,389.2281263712112,386.47289319771744,387.79913330078125,78498500,0.0,0.0,0.0
2021-04-20 00:00:00-04:00,386.58486845168517,387.6869614412357,383.4840383597904,384.9597473144531,81851800,0.0,0.0,0.0
2021-04-21 00:00:00-04:00,384.343304744254,388.80774177837327,384.20318450969165,388.6022644042969,66793000,0.0,0.0,0.0
2021-04-22 00:00:00-04:00,388.43414245658613,389.2653723743387,383.9883749549103,385.0531005859375,97582800,0.0,0.0,0.0
2021-04-23 00:00:00-04:00,385.61360875851005,390.63844253799283,385.53890264969044,389.2281188964844,73209200,0.0,0.0,0.0
2021-04-26 00:00:00-04:00,389.8817967410728,390.61030221191777,389.29338299483373,390.0405578613281,52182400,0.0,0.0,0.0
2021-04-27 00:00:00-04:00,390.3395099382348,390.5356668911207,388.8171130815738,389.9565734863281,51303100,0.0,0.0,0.0
2021-04-28 00:00:00-04:00,390.22741885643023,391.34820981136744,389.37749094113417,389.844482421875,51238900,0.0,0.0,0.0
2021-04-29 00:00:00-04:00,392.5717631714263,392.94535069156444,388.94790436999523,392.32891845703125,78544300,0.0,0.0,0.0
2021-04-30 00:00:00-04:00,390.05939007113057,390.9093181635924,388.85454381886,389.75115966796875,85527000,0.0,0.0,0.0
2021-05-03 00:00:00-04:00,391.74039435817514,392.1233307220207,390.0966040314661,390.59161376953125,68128300,0.0,0.0,0.0
2021-05-04 00:00:00-04:00,388.6023105837801,389.0973204297574,384.49279111679294,388.1820068359375,101591200,0.0,0.0,0.0
2021-05-05 00:00:00-04:00,389.8258637827846,390.05935955355847,387.74307124643747,388.303466796875,60162200,0.0,0.0,0.0
2021-05-06 00:00:00-04:00,388.3781723084249,391.5350396849246,386.3701143834206,391.404296875,74321400,0.0,0.0,0.0
2021-05-07 00:00:00-04:00,392.17010496663084,394.9066681025146,391.4882871687611,394.25286865234375,67733800,0.0,0.0,0.0
2021-05-10 00:00:00-04:00,394.60780651677413,394.8319533096077,390.22742408846256,390.3488464355469,81852400,0.0,0.0,0.0
2021-05-11 00:00:00-04:00,385.8284047975115,387.8551320603856,382.9890883362958,386.8651123046875,116888000,0.0,0.0,0.0
2021-05-12 00:00:00-04:00,384.0818760668067,385.35207938683834,377.3291680702474,378.6460876464844,134811000,0.0,0.0,0.0
2021-05-13 00:00:00-04:00,380.19647206863493,385.12790123879364,380.14975581622974,383.1945495605469,106394000,0.0,0.0,0.0
2021-05-14 00:00:00-04:00,385.93109523135814,389.9285412046908,385.9030768823611,389.07861328125,82201600,0.0,0.0,0.0
2021-05-17 00:00:00-04:00,387.9672291939465,388.90121223521504,386.0712162573868,388.088623046875,65129200,0.0,0.0,0.0
2021-05-18 00:00:00-04:00,388.3501253478743,388.59297005214694,384.5861749461466,384.7449645996094,59810200,0.0,0.0,0.0
2021-05-19 00:00:00-04:00,380.05633959916474,383.9136650884359,378.5712816845553,383.7362060546875,106467100,0.0,0.0,0.0
2021-05-20 00:00:00-04:00,384.61416996928796,389.1253236094422,384.49277612741383,387.86444091796875,78022200,0.0,0.0,0.0
2021-05-21 00:00:00-04:00,389.34942453489305,390.5916376819598,387.0892020087102,387.5468444824219,76578700,0.0,0.0,0.0
2021-05-24 00:00:00-04:00,389.7884149825735,392.57169424932044,389.5455703108136,391.49761962890625,51376700,0.0,0.0,0.0
2021-05-25 00:00:00-04:00,392.58101863752853,392.93593669892675,390.0499329669356,390.6289978027344,57451400,0.0,0.0,0.0
2021-05-26 00:00:00-04:00,391.2174888575059,391.90862721701114,390.180781318248,391.404296875,43088600,0.0,0.0,0.0
2021-05-27 00:00:00-04:00,392.4316813954646,392.94536068585694,391.3295597041095,391.6097717285156,56707700,0.0,0.0,0.0
2021-05-28 00:00:00-04:00,393.1787779101102,393.4402919789062,392.0766849418198,392.3101806640625,58520200,0.0,0.0,0.0
2021-06-01 00:00:00-04:00,394.67317493272026,394.81326667212426,391.5256570082224,391.9646301269531,54216600,0.0,0.0,0.0
2021-06-02 00:00:00-04:00,392.6183914671472,393.4216315915621,391.60970246523397,392.5810241699219,49097100,0.0,0.0,0.0
2021-06-03 00:00:00-04:00,390.26477509890356,392.2634837583409,388.79841505022597,391.1240234375,58138800,0.0,0.0,0.0
2021-06-04 00:00:00-04:00,392.9733282256469,395.0000837788047,391.1894173616605,394.7012023925781,55938800,0.0,0.0,0.0
2021-06-07 00:00:00-04:00,394.69188585185486,394.86934490806766,393.38431530836596,394.31829833984375,51555000,0.0,0.0,0.0
2021-06-08 00:00:00-04:00,395.17747595077844,395.27087993776814,392.57168428200526,394.40228271484375,47134300,0.0,0.0,0.0
2021-06-09 00:00:00-04:00,395.24292720536323,395.31766180851946,393.58978752250255,393.8139343261719,48436300,0.0,0.0,0.0
2021-06-10 00:00:00-04:00,395.0374175201594,396.59718157596666,393.72049815041606,395.6445007324219,51020100,0.0,0.0,0.0
2021-06-11 00:00:00-04:00,396.195645900819,396.4104437738481,394.90674465103467,396.2983703613281,45570800,0.0,0.0,0.0
2021-06-14 00:00:00-04:00,396.4103556235315,397.2883018302443,395.1681709071251,397.1855773925781,42358500,0.0,0.0,0.0
2021-06-15 00:00:00-04:00,397.335069122236,397.37240792096816,395.5791764832327,396.4571228027344,51508500,0.0,0.0,0.0
2021-06-16 00:00:00-04:00,396.5971548550764,396.82130162532735,392.19810347152844,394.2434997558594,80386100,0.0,0.0,0.0
2021-06-17 00:00:00-04:00,393.832609480347,395.0934636810587,391.6377438115296,394.11279296875,90949700,0.0,0.0,0.0
2021-06-18 00:00:00-04:00,390.82931665064257,391.52271586944005,388.5898098946164,388.79595947265625,118676300,1.376,0.0,0.0
2021-06-21 00:00:00-04:00,390.5576558078238,394.5494491775668,389.74243684552914,394.3620300292969,72822000,0.0,0.0,0.0
2021-06-22 00:00:00-04:00,394.352679752593,397.3043454678535,393.6311417670724,396.4703674316406,57700300,0.0,0.0,0.0
2021-06-23 00:00:00-04:00,396.5454336633295,397.35127326779104,395.9082541719664,395.9925842285156,49445400,0.0,0.0,0.0
2021-06-24 00:00:00-04:00,398.1383434268328,398.75676373658587,397.88532470396706,398.3351135253906,45110300,0.0,0.0,0.0
2021-06-25 00:00:00-04:00,399.08477157347613,400.1998499000936,398.75680231338544,399.75006103515625,58129500,0.0,0.0,0.0
2021-06-28 00:00:00-04:00,400.2747470575294,400.72450723423236,399.075338926079,400.55584716796875,53159600,0.0,0.0,0.0
2021-06-29 00:00:00-04:00,400.9400528954754,401.57723223614346,400.237273994288,400.7713928222656,35970500,0.0,0.0,0.0
2021-06-30 00:00:00-04:00,400.3122456149289,401.78340305544015,400.2841356012442,401.1087341308594,64827900,0.0,0.0,0.0
2021-07-01 00:00:00-04:00,401.86762921225574,403.48871583874467,401.80202966523314,403.32940673828125,53441000,0.0,0.0,0.0
2021-07-02 00:00:00-04:00,404.4914967088667,406.7684938220398,403.4138793575893,406.41241455078125,57697700,0.0,0.0,0.0
2021-07-06 00:00:00-04:00,406.4685771019908,406.68410626099694,402.9359520976346,405.6720886230469,68710400,0.0,0.0,0.0
2021-07-07 00:00:00-04:00,406.35615449938257,407.38690265779184,404.3415272693066,407.10577392578125,63549500,0.0,0.0,0.0
2021-07-08 00:00:00-04:00,401.78341990828244,404.5476952865336,400.60274209170535,403.7886962890625,97595200,0.0,0.0,0.0
2021-07-09 00:00:00-04:00,405.2973842791189,408.3989803678398,403.5919668284068,408.09912109375,76238600,0.0,0.0,0.0
2021-07-12 00:00:00-04:00,408.0147135517589,409.8138402584851,407.58368379970483,409.5608215332031,52889600,0.0,0.0,0.0
2021-07-13 00:00:00-04:00,408.77374227084334,410.27300986948524,407.9023031665115,408.1646728515625,52911300,0.0,0.0,0.0
2021-07-14 00:00:00-04:00,409.8606497735151,410.3479281135863,407.52743297051677,408.773681640625,64130400,0.0,0.0,0.0
2021-07-15 00:00:00-04:00,407.43375298751454,408.10842192602513,405.4753457373174,407.3775329589844,55126400,0.0,0.0,0.0
2021-07-16 00:00:00-04:00,408.55817239214764,408.60501287947545,403.78864977864345,404.18218994140625,75874700,0.0,0.0,0.0
2021-07-19 00:00:00-04:00,399.35644496226297,404.24778712950507,395.40214130525,398.2132568359375,147987000,0.0,0.0,0.0
2021-07-20 00:00:00-04:00,398.8785282705121,405.19418699140346,398.08203985333273,403.9197998046875,99608200,0.0,0.0,0.0
2021-07-21 00:00:00-04:00,405.1192467876088,407.33067265477706,403.8729980876093,407.1900939941406,64724400,0.0,0.0,0.0
2021-07-22 00:00:00-04:00,407.3681167667281,408.2864248103382,406.3842377598322,408.04278564453125,47878500,0.0,0.0,0.0
2021-07-23 00:00:00-04:00,409.973137588627,412.57810387739073,409.2891176794418,412.24078369140625,63766600,0.0,0.0,0.0
2021-07-26 00:00:00-04:00,411.65041860813767,413.2621261186514,411.60357811733337,413.25274658203125,43719200,0.0,0.0,0.0
2021-07-27 00:00:00-04:00,412.2126221686252,412.24073218061153,408.53941855758904,411.3692932128906,67397100,0.0,0.0,0.0
2021-07-28 00:00:00-04:00,411.9971110612924,412.57807039855686,409.77633422865034,411.20062255859375,52472400,0.0,0.0,0.0
2021-07-29 00:00:00-04:00,412.12833741336397,413.9836556005954,412.1189578762892,412.90606689453125,47435300,0.0,0.0,0.0
2021-07-30 00:00:00-04:00,410.33858897512397,412.35321630587856,410.20738984106623,410.90081787109375,68951200,0.0,0.0,0.0
2021-08-02 00:00:00-04:00,412.61558301486065,413.16843236981356,409.68264755521176,410.0387268066406,58783300,0.0,0.0,0.0
2021-08-03 00:00:00-04:00,410.8352364844253,413.49642287388605,408.6425694296475,413.3746032714844,58053900,0.0,0.0,0.0
2021-08-04 00:00:00-04:00,412.09074476683855,413.34637278630044,411.1068658892143,411.34112548828125,46732200,0.0,0.0,0.0
2021-08-05 00:00:00-04:00,412.5031500015922,414.0305275555735,412.1845602964902,413.9461975097656,38969700,0.0,0.0,0.0
2021-08-06 00:00:00-04:00,414.26472732503214,415.0518362349307,413.9835986168319,414.6301574707031,46930000,0.0,0.0,0.0
2021-08-09 00:00:00-04:00,414.60208735027624,414.920677039973,413.5244986888596,414.2928771972656,41222600,0.0,0.0,0.0
2021-08-10 00:00:00-04:00,414.742597463298,415.5203554334606,414.0585776586694,414.8081970214844,43339300,0.0,0.0,0.0
2021-08-11 00:00:00-04:00,415.87641776811984,415.9326377882429,414.7519601733688,415.83892822265625,44034300,0.0,0.0,0.0
2021-08-12 00:00:00-04:00,415.68905723891174,417.22581426197354,414.78950819398324,417.0852355957031,38909400,0.0,0.0,0.0
2021-08-13 00:00:00-04:00,417.5349995492506,417.86296875743454,417.0477498031309,417.84423828125,39470300,0.0,0.0,0.0
2021-08-16 00:00:00-04:00,416.5417486330433,418.95929552799396,414.98626119675987,418.828125,73740000,0.0,0.0,0.0
2021-08-17 00:00:00-04:00,416.27000163869883,416.9446705471954,413.0934557834653,416.0826110839844,92673900,0.0,0.0,0.0
2021-08-18 00:00:00-04:00,415.07056886412056,416.6354357523996,411.2849538867955,411.528564453125,89351900,0.0,0.0,0.0
2021-08-19 00:00:00-04:00,408.8018064511608,413.36520830572493,408.66125638495504,412.165771484375,92812200,0.0,0.0,0.0
2021-08-20 00:00:00-04:00,412.51249736786883,415.7733732693985,412.0252190130029,415.4454040527344,72008700,0.0,0.0,0.0
2021-08-23 00:00:00-04:00,417.132066923601,420.00878201499984,415.52035954108516,419.099853515625,54973000,0.0,0.0,0.0
2021-08-24 00:00:00-04:00,419.7651672363281,420.2992860816183,419.24980746387826,419.7651672363281,38744700,0.0,0.0,0.0
2021-08-25 00:00:00-04:00,419.9525966891945,421.16135587884156,419.57775837696613,420.64599609375,40529700,0.0,0.0,0.0
2021-08-26 00:00:00-04:00,420.36482888327043,420.59908850889707,418.06910170981706,418.1628112792969,57829600,0.0,0.0,0.0
2021-08-27 00:00:00-04:00,418.96867606210947,422.27642103261843,418.9124560362428,421.901611328125,77235100,0.0,0.0,0.0
2021-08-30 00:00:00-04:00,422.5762802722132,424.5440669661629,422.33264109600447,423.7569580078125,48357400,0.0,0.0,0.0
2021-08-31 00:00:00-04:00,423.6632692588089,424.0005894306205,422.52946055313254,423.129150390625,59300200,0.0,0.0,0.0
2021-09-01 00:00:00-04:00,424.0661623524176,424.58152211457764,423.11974426960506,423.35400390625,48721400,0.0,0.0,0.0
2021-09-02 00:00:00-04:00,424.77831372503533,425.4623335511139,423.45708596482183,424.656494140625,42501000,0.0,0.0,0.0
2021-09-03 00:00:00-04:00,423.52271669627993,425.068824666954,423.11976836523195,424.5534362792969,47170500,0.0,0.0,0.0
2021-09-07 00:00:00-04:00,424.20669853552585,424.30040810634716,422.3607315153163,423.035400390625,51671500,0.0,0.0,0.0
2021-09-08 00:00:00-04:00,422.5013195727054,423.2322084875442,420.599103890751,422.5200500488281,56181900,0.0,0.0,0.0
2021-09-09 00:00:00-04:00,422.3233164530745,424.0755740928611,420.4679696953391,420.71160888671875,57970400,0.0,0.0,0.0
2021-09-10 00:00:00-04:00,422.6419229191683,423.0635731561892,417.27268113189905,417.3945007324219,89948200,0.0,0.0,0.0
2021-09-13 00:00:00-04:00,420.3930027876443,420.6553724465294,416.1481905625877,418.4626770019531,83738600,0.0,0.0,0.0
2021-09-14 00:00:00-04:00,419.9056916877061,420.11184130334044,415.31420871709963,416.20440673828125,78197100,0.0,0.0,0.0
2021-09-15 00:00:00-04:00,416.6260619263352,420.1774459218341,415.5203633365021,419.6808166503906,78792200,0.0,0.0,0.0
2021-09-16 00:00:00-04:00,419.15608350800755,420.1305829932493,416.063839190952,419.0155334472656,77786700,0.0,0.0,0.0
2021-09-17 00:00:00-04:00,418.2428908298914,418.6658919018536,414.5767094129711,414.9339294433594,118425000,1.428,0.0,0.0
2021-09-20 00:00:00-04:00,408.80488950613693,410.38415094028574,403.14582633545695,408.0152587890625,166445500,0.0,0.0,0.0
2021-09-21 00:00:00-04:00,410.3559338587685,411.65319451439296,407.103401321114,407.62982177734375,92526100,0.0,0.0,0.0
2021-09-22 00:00:00-04:00,409.9046994331068,413.64607141513255,407.7426174898221,411.6061706542969,102350100,0.0,0.0,0.0
2021-09-23 00:00:00-04:00,413.47688551104596,418.21469841814167,413.24187534861926,416.6072082519531,76396000,0.0,0.0,0.0
2021-09-24 00:00:00-04:00,414.9715554301246,418.0078971201392,414.7553357485491,417.29345703125,62094800,0.0,0.0,0.0
2021-09-27 00:00:00-04:00,416.2594307505286,417.4250720683466,415.4039902490517,416.0996398925781,61371100,0.0,0.0,0.0
2021-09-28 00:00:00-04:00,413.32646012046985,413.655480073126,406.981185972043,407.71441650390625,130436300,0.0,0.0,0.0
2021-09-29 00:00:00-04:00,409.09622503378733,410.83530568589765,407.8365742138815,408.4006042480469,82329200,0.0,0.0,0.0
2021-09-30 00:00:00-04:00,409.8764511666684,410.58148154628566,403.07056708218,403.40899658203125,140506000,0.0,0.0,0.0
2021-10-01 00:00:00-04:00,405.1386431605833,409.8858359543711,401.61349147576334,408.2031555175781,129240100,0.0,0.0,0.0
2021-10-04 00:00:00-04:00,407.0376200476218,407.9400510802801,400.79573607630226,402.9390563964844,128570000,0.0,0.0,0.0
2021-10-05 00:00:00-04:00,404.4430001166101,409.37821255340737,403.6439886722877,407.13153076171875,90682500,0.0,0.0,0.0
2021-10-06 00:00:00-04:00,403.53123602954014,409.03047952232674,401.9049840791868,408.82366943359375,113032200,0.0,0.0,0.0
2021-10-07 00:00:00-04:00,412.1044146962141,415.19712763222657,411.92580468619974,412.35821533203125,72437500,0.0,0.0,0.0
2021-10-08 00:00:00-04:00,413.1290605510576,413.51448064643256,410.976359506261,411.6061706542969,74557400,0.0,0.0,0.0
2021-10-11 00:00:00-04:00,410.9481526531211,413.8622842543227,408.56044149355773,408.6262512207031,65233300,0.0,0.0,0.0
2021-10-12 00:00:00-04:00,409.54746158614824,409.9516721203581,406.83073074231044,407.620361328125,71181200,0.0,0.0,0.0
2021-10-13 00:00:00-04:00,408.6449718376633,409.9046225853422,405.6650597065649,409.0867919921875,72974000,0.0,0.0,0.0
2021-10-14 00:00:00-04:00,412.7530354192933,416.1183970068745,412.2830150949311,415.9679870605469,70236800,0.0,0.0,0.0
2021-10-15 00:00:00-04:00,418.0830539008593,419.5025243769304,417.4626236667043,419.1358947753906,66260200,0.0,0.0,0.0
2021-10-18 00:00:00-04:00,417.34980775714325,420.71514033276804,416.69176789132155,420.3767395019531,62213200,0.0,0.0,0.0
2021-10-19 00:00:00-04:00,422.0030022074686,423.68565408047556,421.39195292020696,423.619873046875,46996800,0.0,0.0,0.0
2021-10-20 00:00:00-04:00,424.0804408117706,425.5845112268091,423.96764055100016,425.28369140625,49571600,0.0,0.0,0.0
2021-10-21 00:00:00-04:00,424.68209422675085,426.618575397613,424.2496836213109,426.3929748535156,41305400,0.0,0.0,0.0
2021-10-22 00:00:00-04:00,425.96055094238534,427.40822132656245,424.0052506620859,425.9511413574219,58845100,0.0,0.0,0.0
2021-10-25 00:00:00-04:00,427.04157156190274,428.5644324904607,425.264910041171,428.23541259765625,45214500,0.0,0.0,0.0
2021-10-26 00:00:00-04:00,429.78654991386077,430.99918156529145,428.2448696453988,428.6208801269531,56075100,0.0,0.0,0.0
2021-10-27 00:00:00-04:00,429.0814956872959,429.7489164065924,426.6467655584889,426.72198486328125,72438000,0.0,0.0,0.0
2021-10-28 00:00:00-04:00,428.1507944774444,430.9145155608973,428.14141358107645,430.8393249511719,51437900,0.0,0.0,0.0
2021-10-29 00:00:00-04:00,428.53631168742606,432.005063860842,428.2449013910372,431.7136535644531,70162400,0.0,0.0,0.0
2021-11-01 00:00:00-04:00,432.70059827941714,433.0766374014713,430.72653632741896,432.4562072753906,48433600,0.0,0.0,0.0
2021-11-02 00:00:00-04:00,432.6253899070384,434.5148802730894,432.4937704821714,434.20465087890625,48908400,0.0,0.0,0.0
2021-11-03 00:00:00-04:00,433.64063991942203,437.25980132111596,433.1988197687567,436.8555908203125,52509800,0.0,0.0,0.0
2021-11-04 00:00:00-04:00,437.4572266750685,438.99890684181076,437.1094162853852,438.914306640625,52847100,0.0,0.0,0.0
2021-11-05 00:00:00-04:00,441.14225579847414,442.43010684262913,438.9237737315892,440.4372253417969,66390600,0.0,0.0,0.0
2021-11-08 00:00:00-05:00,441.5370209098921,442.0352412122443,440.1269602027339,440.81317138671875,50405200,0.0,0.0,0.0
2021-11-09 00:00:00-05:00,441.1799129621218,441.4149231396537,437.9461706242618,439.3562316894531,51149100,0.0,0.0,0.0
2021-11-10 00:00:00-05:00,437.6640350330447,439.35612511347824,434.3363123816006,435.8215637207031,69429700,0.0,0.0,0.0
2021-11-11 00:00:00-05:00,437.3162461048895,437.39146541229354,435.9437949662479,435.96258544921875,34848500,0.0,0.0,0.0
2021-11-12 00:00:00-05:00,437.23166509516153,439.8073670755041,436.2822149398842,439.25274658203125,53466700,0.0,0.0,0.0
2021-11-15 00:00:00-05:00,440.54063749790726,440.7004283336517,438.27513622509247,439.4031677246094,46980500,0.0,0.0,0.0
2021-11-16 00:00:00-05:00,439.1398906471806,442.2796223088453,439.0647000337654,441.1421813964844,48857500,0.0,0.0,0.0
2021-11-17 00:00:00-05:00,440.87897766963937,441.0575876528418,439.4501264917785,440.070556640625,47858300,0.0,0.0,0.0
2021-11-18 00:00:00-05:00,441.1045462451543,441.82839571024846,438.3784348342673,441.565185546875,50625600,0.0,0.0,0.0
2021-11-19 00:00:00-05:00,441.4524058684626,442.70267579983584,440.4089746825623,440.7756042480469,57315600,0.0,0.0,0.0
2021-11-22 00:00:00-05:00,442.65567024625074,445.1467717517106,439.32791895320247,439.53472900390625,72762000,0.0,0.0,0.0
2021-11-23 00:00:00-05:00,439.2057132997234,440.9729939884895,436.6018115031317,440.1175537109375,73206500,0.0,0.0,0.0
2021-11-24 00:00:00-05:00,438.1152611459688,441.4148123907597,437.29743052339023,441.2926025390625,61858800,0.0,0.0,0.0
2021-11-26 00:00:00-05:00,434.61840245701467,436.08486361573597,430.32240968502606,431.4504699707031,112669600,0.0,0.0,0.0
2021-11-29 00:00:00-05:00,436.24463852719293,438.58533038960036,434.0449470141302,436.74285888671875,86268800,0.0,0.0,0.0
2021-11-30 00:00:00-05:00,434.29873651759567,436.207017697208,428.0004533224309,428.244873046875,148559600,0.0,0.0,0.0
2021-12-01 00:00:00-05:00,433.9603470803366,436.80866888995706,423.290880760792,423.48828125,131939200,0.0,0.0,0.0
2021-12-02 00:00:00-05:00,423.7044637690375,431.54439807571686,423.3096341374703,429.9745178222656,127637800,0.0,0.0,0.0
2021-12-03 00:00:00-05:00,431.6384796087184,432.7007014497432,422.00306290769794,426.2332458496094,137331600,0.0,0.0,0.0
2021-12-06 00:00:00-05:00,428.78070813331755,433.16130061518345,426.3647969926562,431.2812194824219,98977500,0.0,0.0,0.0
2021-12-07 00:00:00-05:00,436.56428721886243,440.76627012490576,431.1496438264403,440.2022399902344,95484700,0.0,0.0,0.0
2021-12-08 00:00:00-05:00,440.5970169214314,441.8190581603877,438.83911699656346,441.3678283691406,72238800,0.0,0.0,0.0
2021-12-09 00:00:00-05:00,440.07993978691974,441.471210008513,438.1904779520681,438.38787841796875,61272600,0.0,0.0,0.0
2021-12-10 00:00:00-05:00,441.09526765313603,442.66511941343407,438.53835603543934,442.51470947265625,77159800,0.0,0.0,0.0
2021-12-13 00:00:00-05:00,441.99763801115,442.3454484006168,438.3126666867193,438.5946960449219,87724700,0.0,0.0,0.0
2021-12-14 00:00:00-05:00,435.323378332146,437.8144800719802,432.65366659136504,435.5771789550781,97264100,0.0,0.0,0.0
2021-12-15 00:00:00-05:00,435.6335728638,442.6274476583098,433.1142425689226,442.383056640625,116899300,0.0,0.0,0.0
2021-12-16 00:00:00-05:00,444.23494635106454,444.5169470262026,436.93081329963405,438.4819030761719,116568600,0.0,0.0,0.0
2021-12-17 00:00:00-05:00,435.4000562992087,438.4093235060489,432.10779763878344,433.81524658203125,135511600,1.633,0.0,0.0
2021-12-20 00:00:00-05:00,428.73056845563246,429.5984279577143,425.5798060591172,429.2022399902344,107134800,0.0,0.0,0.0
2021-12-21 00:00:00-05:00,432.6265140421514,436.9658975460039,430.45683668449686,436.82440185546875,69806300,0.0,0.0,0.0
2021-12-22 00:00:00-05:00,436.569793417211,441.30536576361067,436.3716706238864,441.1921691894531,58890200,0.0,0.0,0.0
2021-12-23 00:00:00-05:00,442.1921262120378,445.4372291320165,442.0883722782573,443.93731689453125,56439700,0.0,0.0,0.0
2021-12-27 00:00:00-05:00,445.3145445167092,450.2670958254494,445.26738887680665,450.2199401855469,56808600,0.0,0.0,0.0
2021-12-28 00:00:00-05:00,450.65380651380923,451.6820469004402,449.08785372295915,449.8519592285156,47274600,0.0,0.0,0.0
2021-12-29 00:00:00-05:00,449.9558186671151,451.44628815269533,448.955877247608,450.427490234375,54503000,0.0,0.0,0.0
2021-12-30 00:00:00-05:00,450.85198851964896,451.8613726077948,448.72005255913206,449.1822814941406,55329000,0.0,0.0,0.0
2021-12-31 00:00:00-05:00,448.69175768390534,449.8426087104167,447.7767136605498,448.0502624511719,65237400,0.0,0.0,0.0
2022-01-03 00:00:00-05:00,449.3143832810227,450.7765826073438,447.003209566853,450.6445007324219,72668200,0.0,0.0,0.0
2022-01-04 00:00:00-05:00,452.0689260726104,452.7858761115812,448.6351430318022,450.4935302734375,71178700,0.0,0.0,0.0
2022-01-05 00:00:00-05:00,450.12559940549204,450.89914766079016,441.74870802750024,441.8430480957031,104538900,0.0,0.0,0.0
2022-01-06 00:00:00-05:00,441.38079236108484,444.1447805813084,439.060147736231,441.4279479980469,86858900,0.0,0.0,0.0
2022-01-07 00:00:00-05:00,441.43740286255314,442.6165817047028,438.32435344615055,439.6827697753906,85111600,0.0,0.0,0.0
2022-01-10 00:00:00-05:00,436.4849195241094,439.35266218590664,430.7305201228873,439.1357116699219,119362000,0.0,0.0,0.0
2022-01-11 00:00:00-05:00,438.87156663562837,443.22980760686403,435.87171338487093,443.1354675292969,74303100,0.0,0.0,0.0
2022-01-12 00:00:00-05:00,444.87111695426967,446.38991413737506,442.3712637898562,444.3334045410156,67605400,0.0,0.0,0.0
2022-01-13 00:00:00-05:00,445.4371934481838,446.0881025089078,437.18294108680465,438.211181640625,91173100,0.0,0.0,0.0
2022-01-14 00:00:00-05:00,435.06038106331687,438.7394131797268,433.8434604749311,438.390380859375,95890900,0.0,0.0,0.0
2022-01-18 00:00:00-05:00,433.6925435130348,433.9000801446297,429.51354052849086,430.6266784667969,109709100,0.0,0.0,0.0
2022-01-19 00:00:00-05:00,432.17377646871046,433.5699058238336,425.88166536173696,426.1552429199219,109357600,0.0,0.0,0.0
2022-01-20 00:00:00-05:00,428.041877426378,432.7491496870087,419.3159548562535,421.4384765625,122379700,0.0,0.0,0.0
2022-01-21 00:00:00-05:00,420.3159330270776,422.6742906855869,413.1371061330772,413.1654052734375,202271200,0.0,0.0,0.0
2022-01-24 00:00:00-05:00,407.5525363125253,415.4294573025682,396.9210694706066,414.9200439453125,251783900,0.0,0.0,0.0
2022-01-25 00:00:00-05:00,408.52413091783615,414.8067989622443,402.9489701470522,409.854248046875,167997300,0.0,0.0,0.0
2022-01-26 00:00:00-05:00,415.75012284723124,418.8820284768249,404.562060038854,408.82598876953125,186391100,0.0,0.0,0.0
2022-01-27 00:00:00-05:00,413.4295686804275,416.5708886311564,405.11871802199556,406.8072814941406,149878300,0.0,0.0,0.0
2022-01-28 00:00:00-05:00,408.1657129140467,416.95767810367454,403.5810789597359,416.9105224609375,164457400,0.0,0.0,0.0
2022-01-31 00:00:00-05:00,416.2407272712182,424.7685575099905,414.8917534598383,424.4195251464844,152251400,0.0,0.0,0.0
2022-02-01 00:00:00-05:00,425.14582437015105,427.928697788192,421.61773069576964,427.2872314453125,123155400,0.0,0.0,0.0
2022-02-02 00:00:00-05:00,429.6927673307446,432.16432156191325,427.3815652994968,431.4379577636719,117361000,0.0,0.0,0.0
2022-02-03 00:00:00-05:00,425.40057576602374,427.30611843415994,420.45743842360054,421.2970275878906,118024400,0.0,0.0,0.0
2022-02-04 00:00:00-05:00,421.0612140470099,427.12690349554987,418.68397092224063,423.278076171875,118454400,0.0,0.0,0.0
2022-02-07 00:00:00-05:00,424.04213853628335,425.4382678088837,420.58949956003295,421.91961669921875,84472900,0.0,0.0,0.0
2022-02-08 00:00:00-05:00,421.41970760411243,426.31566099325914,419.9952501952537,425.39117431640625,81012000,0.0,0.0,0.0
2022-02-09 00:00:00-05:00,429.4286854386847,431.9379817631401,429.2305914308077,431.61724853515625,92589900,0.0,0.0,0.0
2022-02-10 00:00:00-05:00,425.7685189857641,431.7776105996194,421.86309308439786,423.86297607421875,140103700,0.0,0.0,0.0
2022-02-11 00:00:00-05:00,423.9477525749911,426.0230897623026,414.0709508776444,415.50482177734375,153214600,0.0,0.0,0.0
2022-02-14 00:00:00-05:00,414.9955162101405,416.5803257355876,410.67498861776903,414.146484375,123006300,0.0,0.0,0.0
2022-02-15 00:00:00-05:00,418.5896294380124,420.9951427431811,418.0707734780917,420.8253479003906,88482700,0.0,0.0,0.0
2022-02-16 00:00:00-05:00,418.77828888356663,422.67430043142383,416.9010453564432,421.2970275878906,84863600,0.0,0.0,0.0
2022-02-17 00:00:00-05:00,418.10854352626,421.2687487717077,411.693821753136,412.29754638671875,102259100,0.0,0.0,0.0
2022-02-18 00:00:00-05:00,412.55223985255054,413.806902341528,407.3544387638589,409.6278991699219,132642900,0.0,0.0,0.0
2022-02-22 00:00:00-05:00,407.4204659812032,410.8259207595827,401.7320794413733,405.2319030761719,124391800,0.0,0.0,0.0
2022-02-23 00:00:00-05:00,408.14686816140767,408.7128798332859,397.47765898241863,398.0436706542969,132578000,0.0,0.0,0.0
2022-02-24 00:00:00-05:00,387.73284685817333,404.4677720037459,387.3744006844994,404.0338134765625,213942900,0.0,0.0,0.0
2022-02-25 00:00:00-05:00,405.26959895160047,413.0333227139032,403.61874859349035,412.94842529296875,121804500,0.0,0.0,0.0
2022-02-28 00:00:00-05:00,407.5525226744369,413.37296233027865,406.29788900505855,411.89190673828125,145615000,0.0,0.0,0.0
2022-03-01 00:00:00-05:00,410.39202759579075,412.4013531876371,402.9112942533806,405.61871337890625,137785900,0.0,0.0,0.0
2022-03-02 00:00:00-05:00,407.87329353346485,414.8068717900214,407.11863049118716,413.08056640625,117726500,0.0,0.0,0.0
2022-03-03 00:00:00-05:00,415.5143397383029,416.1180643570966,409.22222854392,411.0240173339844,105501700,0.0,0.0,0.0
2022-03-04 00:00:00-05:00,407.2883840604993,408.8165952787163,403.63765086397046,407.6846008300781,113978200,0.0,0.0,0.0
2022-03-07 00:00:00-05:00,407.09972677904506,407.8072341448679,395.60037142345385,395.6664123535156,137896600,0.0,0.0,0.0
2022-03-08 00:00:00-05:00,395.84559581407734,403.0055659240811,391.6005521986846,392.6665344238281,164772700,0.0,0.0,0.0
2022-03-09 00:00:00-05:00,401.05295715574266,405.1753624907321,398.8643939390567,403.1943359375,116990800,0.0,0.0,0.0
2022-03-10 00:00:00-05:00,398.5812498353384,402.2697241963795,396.61910918123664,401.3735656738281,93972700,0.0,0.0,0.0
2022-03-11 00:00:00-05:00,403.8639798109582,404.47714697175655,395.76066731177804,396.27008056640625,95636300,0.0,0.0,0.0
2022-03-14 00:00:00-04:00,397.0437338622443,400.4963446455009,392.23267777731564,393.3741149902344,95729200,0.0,0.0,0.0
2022-03-15 00:00:00-04:00,395.98714740326733,402.6565904451957,394.71365716973366,402.0245666503906,106219100,0.0,0.0,0.0
2022-03-16 00:00:00-04:00,405.5337798825797,410.99571571466925,400.7321381601262,410.9391174316406,144954800,0.0,0.0,0.0
2022-03-17 00:00:00-04:00,409.02413595065417,416.0803527832031,408.6468044640496,416.0803527832031,102676900,0.0,0.0,0.0
2022-03-18 00:00:00-04:00,414.467909206015,420.95933337461315,413.72981682419214,420.6376037597656,106345500,1.366,0.0,0.0
2022-03-21 00:00:00-04:00,420.4672563901048,422.47335203270006,417.00389114982016,420.51458740234375,88349800,0.0,0.0,0.0
2022-03-22 00:00:00-04:00,421.90556943878335,426.37198236705336,421.90556943878335,425.4351806640625,74650400,0.0,0.0,0.0
2022-03-23 00:00:00-04:00,422.89922534823637,424.3943252385868,419.871137651901,419.956298828125,79426100,0.0,0.0,0.0
2022-03-24 00:00:00-04:00,421.9813008840571,426.29630669485863,420.8647048360825,426.2868347167969,64736900,0.0,0.0,0.0
2022-03-25 00:00:00-04:00,426.92085470819296,428.64307980820996,424.33751705816746,428.36865234375,77101300,0.0,0.0,0.0
2022-03-28 00:00:00-04:00,427.77248986490883,431.4156494140625,425.8799424500739,431.4156494140625,68529800,0.0,0.0,0.0
2022-03-29 00:00:00-04:00,435.30482687325934,437.24470532869987,432.6174129701443,436.75262451171875,86581500,0.0,0.0,0.0
2022-03-30 00:00:00-04:00,435.60762945908306,436.4214398536475,431.9455548784965,434.0557556152344,79666900,0.0,0.0,0.0
2022-03-31 00:00:00-04:00,433.2893025074121,434.11255605182595,426.9208697553412,427.3750915527344,121699900,0.0,0.0,0.0
2022-04-01 00:00:00-04:00,428.9553659870978,429.0973012788602,425.00942048618305,428.5863342285156,89048800,0.0,0.0,0.0
2022-04-04 00:00:00-04:00,428.7849739372156,432.36188709811455,427.96172050083106,432.2577819824219,59601000,0.0,0.0,0.0
2022-04-05 00:00:00-04:00,430.7626793133144,433.23243960502543,425.65280753068726,426.79779052734375,74214500,0.0,0.0,0.0
2022-04-06 00:00:00-04:00,422.8802663750546,424.8106439250677,419.64399762453365,422.5301208496094,106898000,0.0,0.0,0.0
2022-04-07 00:00:00-04:00,421.6500972677455,426.47609894481815,419.70077574327007,424.65924072265625,78097200,0.0,0.0,0.0
2022-04-08 00:00:00-04:00,423.9022463943376,426.4193379958125,421.98131186663085,423.52374267578125,79272700,0.0,0.0,0.0
2022-04-11 00:00:00-04:00,420.24961995400275,421.0918174503352,415.7832355906516,416.2847595214844,89770500,0.0,0.0,0.0
2022-04-12 00:00:00-04:00,419.2749398176844,421.80150331220403,413.19040683522564,414.7423095703125,84363600,0.0,0.0,0.0
2022-04-13 00:00:00-04:00,414.49623018176845,420.24956105130474,414.3164358847849,419.4925537109375,74070400,0.0,0.0,0.0
2022-04-14 00:00:00-04:00,419.7196199946672,420.83624472678844,414.16499889724435,414.26910400390625,97869500,0.0,0.0,0.0
2022-04-18 00:00:00-04:00,413.34180271144544,416.123849633217,412.2062627473825,414.4394836425781,66002500,0.0,0.0,0.0
2022-04-19 00:00:00-04:00,414.33540185587515,421.8488175877449,414.1650795150678,421.1296691894531,77821000,0.0,0.0,0.0
2022-04-20 00:00:00-04:00,422.9086685500845,423.5237406996165,419.65348460531936,420.8173828125,65224400,0.0,0.0,0.0
2022-04-21 00:00:00-04:00,424.4416483063958,425.83267191463915,413.61627398000866,414.5246887207031,85417300,0.0,0.0,0.0
2022-04-22 00:00:00-04:00,413.43650465990896,414.5436288750389,402.58274261879126,403.1505126953125,132471800,0.0,0.0,0.0
2022-04-25 00:00:00-04:00,400.9078312682018,405.6581153210633,396.33731266857023,405.48779296875,119647700,0.0,0.0,0.0
2022-04-26 00:00:00-04:00,402.9517005626742,403.15043882373135,393.7160892636341,393.7444763183594,103996300,0.0,0.0,0.0
2022-04-27 00:00:00-04:00,394.8232059633786,400.19806220831515,392.71303421926314,394.8515930175781,122030000,0.0,0.0,0.0
2022-04-28 00:00:00-04:00,399.6019274903522,406.5570449371299,395.1639015423122,404.8253479003906,105449100,0.0,0.0,0.0
2022-04-29 00:00:00-04:00,400.8320856724879,402.9895886209459,389.1172122790781,389.8647766113281,145491100,0.0,0.0,0.0
2022-05-02 00:00:00-04:00,389.93105502630925,393.57421496301487,383.2598073525532,392.2115783691406,158312500,0.0,0.0,0.0
2022-05-03 00:00:00-04:00,392.7130700591638,396.4224469103301,391.15169530175734,394.00946044921875,100028200,0.0,0.0,0.0
2022-05-04 00:00:00-04:00,394.67180974349054,406.5759486887727,391.48287209472454,406.0081787109375,144247900,0.0,0.0,0.0
2022-05-05 00:00:00-04:00,401.7405474910754,402.1663822705562,387.4423636204895,391.57757568359375,172929100,0.0,0.0,0.0
2022-05-06 00:00:00-04:00,389.01316841951103,392.5143641838962,383.9316826887412,389.2402648925781,151770800,0.0,0.0,0.0
2022-05-09 00:00:00-04:00,383.3355021930368,384.5751184962438,375.19754216123187,376.77783203125,155586100,0.0,0.0,0.0
2022-05-10 00:00:00-04:00,382.7582178604821,384.26278949238593,373.60776787459224,377.6483459472656,132497200,0.0,0.0,0.0
2022-05-11 00:00:00-04:00,376.68316971112745,382.3324247205916,370.9014225253903,371.64898681640625,142361000,0.0,0.0,0.0
2022-05-12 00:00:00-04:00,368.4505828254061,374.5351157341159,364.4573066901353,371.2610168457031,125090800,0.0,0.0,0.0
2022-05-13 00:00:00-04:00,375.3962141833524,381.5186058960115,374.35530738560897,380.1370544433594,104174400,0.0,0.0,0.0
2022-05-16 00:00:00-04:00,378.4906197842672,382.26624315358947,376.2384834313431,378.5946960449219,78622400,0.0,0.0,0.0
2022-05-17 00:00:00-04:00,384.6886084460492,386.6190146909032,380.9508161457749,386.3824462890625,83029700,0.0,0.0,0.0
2022-05-18 00:00:00-04:00,381.82146421765935,382.1053347959958,369.56720740842707,370.80682373046875,117674500,0.0,0.0,0.0
2022-05-19 00:00:00-04:00,367.7408696651366,372.96431881468,366.31198717995636,368.5357360839844,98510700,0.0,0.0,0.0
2022-05-20 00:00:00-04:00,372.12213091455766,375.6990443299585,360.09500032544264,368.6966247558594,131432200,0.0,0.0,0.0
2022-05-23 00:00:00-04:00,371.72468584727085,376.3614500919125,369.4063326029317,375.594970703125,76414900,0.0,0.0,0.0
2022-05-24 00:00:00-04:00,371.4691925228241,373.92003788214953,366.1700541533183,372.7277526855469,91448800,0.0,0.0,0.0
2022-05-25 00:00:00-04:00,371.2326397707966,377.9890479746067,370.83522098115014,376.0207824707031,91472900,0.0,0.0,0.0
2022-05-26 00:00:00-04:00,377.25096753960395,385.1712741839689,377.04278616008014,383.5342102050781,82168300,0.0,0.0,0.0
2022-05-27 00:00:00-04:00,385.9944981924295,393.0631636990263,385.7957888065358,392.9496154785156,84768700,0.0,0.0,0.0
2022-05-31 00:00:00-04:00,391.33149711527295,394.08515718858496,388.00062391684565,390.74481201171875,95937000,0.0,0.0,0.0
2022-06-01 00:00:00-04:00,392.8644826922193,393.87697365023195,385.06716741079504,387.5842590332031,86585800,0.0,0.0,0.0
2022-06-02 00:00:00-04:00,387.42340710258367,395.01251209671574,385.1712709822698,394.9652099609375,79609600,0.0,0.0,0.0
2022-06-03 00:00:00-04:00,390.24327056369185,391.795173302903,387.50855457000824,388.48321533203125,71874300,0.0,0.0,0.0
2022-06-06 00:00:00-04:00,392.4954566785765,394.22712507510215,388.492707995611,389.6661071777344,57508900,0.0,0.0,0.0
2022-06-07 00:00:00-04:00,386.17432268656637,393.8580609068562,385.71062891259504,393.4038391113281,59272400,0.0,0.0,0.0
2022-06-08 00:00:00-04:00,391.6910107127379,393.47948161604893,388.331751100606,389.1266174316406,64350000,0.0,0.0,0.0
2022-06-09 00:00:00-04:00,387.34768809546443,389.61873928900354,379.87213134765625,379.87213134765625,86289800,0.0,0.0,0.0
2022-06-10 00:00:00-04:00,373.6646313892331,374.5162720988765,368.8102418028828,368.8575439453125,132893900,0.0,0.0,0.0
2022-06-13 00:00:00-04:00,359.4420637467876,361.2967520769685,353.2439538052529,354.8526306152344,170004900,0.0,0.0,0.0
2022-06-14 00:00:00-04:00,356.60326183152415,357.6346967344851,350.6795790257293,353.7833557128906,104011800,0.0,0.0,0.0
2022-06-15 00:00:00-04:00,357.085766103299,363.27440308718553,352.1273020375545,358.8269348144531,125666800,0.0,0.0,0.0
2022-06-16 00:00:00-04:00,350.60392594515343,351.01081676127995,344.5193632718366,346.9512939453125,134473300,0.0,0.0,0.0
2022-06-17 00:00:00-04:00,347.36667642855815,351.0445711666918,344.1924721764761,347.69927978515625,111113900,1.577,0.0,0.0
2022-06-21 00:00:00-04:00,353.42994485542835,357.83960704291667,353.3538996954697,356.45208740234375,76811900,0.0,0.0,0.0
2022-06-22 00:00:00-04:00,352.22296583921377,359.92089960070416,351.80480446926504,355.80584716796875,90059400,0.0,0.0,0.0
2022-06-23 00:00:00-04:00,357.94408234086904,360.02534683784137,354.3802275814878,359.2935791015625,79292100,0.0,0.0,0.0
2022-06-24 00:00:00-04:00,362.46781975387455,370.7264623574381,362.4393100729595,370.7169494628906,98050300,0.0,0.0,0.0
2022-06-27 00:00:00-04:00,371.6388454775464,371.93345521638525,368.20805445306024,369.30096435546875,66009600,0.0,0.0,0.0
2022-06-28 00:00:00-04:00,370.859544492515,373.64409647087297,361.64102718888944,361.75506591796875,86548900,0.0,0.0,0.0
2022-06-29 00:00:00-04:00,362.3062847809654,363.29463974904866,359.63577158326706,361.46044921875,65676000,0.0,0.0,0.0
2022-06-30 00:00:00-04:00,357.563929508268,361.76453925396646,354.06660685286846,358.5238037109375,112508300,0.0,0.0,0.0
2022-07-01 00:00:00-04:00,357.86805091376164,362.7529219458162,355.2450444294537,362.31573486328125,74839700,0.0,0.0,0.0
2022-07-05 00:00:00-04:00,357.22181596212545,363.01902578805715,354.3897288005455,363.0,81438000,0.0,0.0,0.0
2022-07-06 00:00:00-04:00,363.14252639295074,366.715894004098,360.7571393570924,364.2259521484375,70426200,0.0,0.0,0.0
2022-07-07 00:00:00-04:00,366.0031669220348,370.47936086311995,364.2449925833958,369.6810607910156,64525900,0.0,0.0,0.0
2022-07-08 00:00:00-04:00,368.04645446042775,371.2491967887842,366.516386504775,369.3769836425781,72397800,0.0,0.0,0.0
2022-07-11 00:00:00-04:00,366.6969600116307,367.66631821985214,364.4636048722329,365.1573791503906,58366900,0.0,0.0,0.0
2022-07-12 00:00:00-04:00,364.6061122917404,366.99152847059673,360.17742508846254,361.92608642578125,62219200,0.0,0.0,0.0
2022-07-13 00:00:00-04:00,356.48056122161495,362.96203282628903,356.06239989210513,360.025390625,84224600,0.0,0.0,0.0
2022-07-14 00:00:00-04:00,355.06446062617965,360.23442826193605,352.6220542011667,359.1510314941406,89704800,0.0,0.0,0.0
2022-07-15 00:00:00-04:00,363.56071631441466,366.12670351443825,361.6505097570627,366.0126647949219,79060400,0.0,0.0,0.0
2022-07-18 00:00:00-04:00,369.10129418165167,369.7760425251106,361.7645044246578,362.990478515625,63203600,0.0,0.0,0.0
2022-07-19 00:00:00-04:00,366.9154789894388,373.3684403556091,366.2597563730755,372.7982177734375,78506000,0.0,0.0,0.0
2022-07-20 00:00:00-04:00,372.98831383414614,376.5901914099878,371.619791193265,375.17413330078125,71843800,0.0,0.0,0.0
2022-07-21 00:00:00-04:00,374.5943906795809,379.04207433211104,372.1899778970926,378.99456787109375,64903900,0.0,0.0,0.0
2022-07-22 00:00:00-04:00,379.1181717855212,380.31560739398503,373.2544293512537,375.478271484375,72197300,0.0,0.0,0.0
2022-07-25 00:00:00-04:00,376.10544526254284,376.7897064873113,373.6915196914538,375.93438720703125,53631500,0.0,0.0,0.0
2022-07-26 00:00:00-04:00,374.29030390175836,374.4993845551237,370.59341339787153,371.48675537109375,52946400,0.0,0.0,0.0
2022-07-27 00:00:00-04:00,374.78452854217437,382.88162668042236,374.48991881207405,381.1329650878906,82342100,0.0,0.0,0.0
2022-07-28 00:00:00-04:00,381.9407954687544,386.6070448907336,378.3864237526016,385.9132995605469,73966600,0.0,0.0,0.0
2022-07-29 00:00:00-04:00,387.3482404042619,392.52772101696127,386.5784500823875,391.5393371582031,87003700,0.0,0.0,0.0
2022-08-01 00:00:00-04:00,388.84027182049465,392.8888197367453,388.1275009339841,390.3798522949219,69997500,0.0,0.0,0.0
2022-08-02 00:00:00-04:00,388.81182405248916,392.49923066625485,386.6260045869153,387.804443359375,63435400,0.0,0.0,0.0
2022-08-03 00:00:00-04:00,389.9332658563709,395.04621476373677,389.6481690410905,393.8772888183594,67820600,0.0,0.0,0.0
2022-08-04 00:00:00-04:00,393.80132200359515,394.48558349911417,391.9671311207225,393.61126708984375,45656600,0.0,0.0,0.0
2022-08-05 00:00:00-04:00,389.32507853281464,393.59219220020464,389.2680591655284,392.9459533691406,56814900,0.0,0.0,0.0
2022-08-08 00:00:00-04:00,394.637510773779,396.88986230561017,391.3872625234864,392.48968505859375,53886100,0.0,0.0,0.0
2022-08-09 00:00:00-04:00,391.75799267097744,392.26168307241494,389.85726979721653,390.9311828613281,44931800,0.0,0.0,0.0
2022-08-10 00:00:00-04:00,397.9923133525369,399.284819832152,396.0345713490144,399.1422424316406,68665700,0.0,0.0,0.0
2022-08-11 00:00:00-04:00,401.99332639825303,403.8560554717358,398.40096176043045,399.1422424316406,59489700,0.0,0.0,0.0
2022-08-12 00:00:00-04:00,401.0810138483799,406.0038788583054,400.130652464098,405.89935302734375,61694500,0.0,0.0,0.0
2022-08-15 00:00:00-04:00,403.6849557261061,408.0946460440883,403.6279363687809,407.5719299316406,54048300,0.0,0.0,0.0
2022-08-16 00:00:00-04:00,406.4980871972697,410.29953275176706,405.69027421639345,408.37030029296875,59289000,0.0,0.0,0.0
2022-08-17 00:00:00-04:00,404.7684215424708,408.18021543915523,403.4664310836019,405.4716796875,63563400,0.0,0.0,0.0
2022-08-18 00:00:00-04:00,405.671185528094,407.3343177003201,404.3787081612712,406.65008544921875,49023200,0.0,0.0,0.0
2022-08-19 00:00:00-04:00,403.8845695793236,404.1506695923492,400.3112016877868,401.185546875,68016900,0.0,0.0,0.0
2022-08-22 00:00:00-04:00,396.348136753099,396.5192238154388,391.928962863326,392.8318176269531,77695600,0.0,0.0,0.0
2022-08-23 00:00:00-04:00,392.40421793285645,394.7991472328157,391.33030490584025,391.88153076171875,49105200,0.0,0.0,0.0
2022-08-24 00:00:00-04:00,391.6533959625738,394.50447996842576,390.9691636437866,393.135986328125,49177800,0.0,0.0,0.0
2022-08-25 00:00:00-04:00,394.6280346959815,398.73360265745475,393.5351249523274,398.68609619140625,50942300,0.0,0.0,0.0
2022-08-26 00:00:00-04:00,398.57202068154095,399.1137045548559,385.1338986136642,385.19091796875,103087000,0.0,0.0,0.0
2022-08-29 00:00:00-04:00,382.2353335276929,385.69463364222986,381.28497221012304,382.64398193359375,65370800,0.0,0.0,0.0
2022-08-30 00:00:00-04:00,383.80344189629403,384.04103223682625,376.3430994030369,378.4433898925781,85652400,0.0,0.0,0.0
2022-08-31 00:00:00-04:00,380.07809068864566,381.3230620086155,375.4308377544014,375.5638732910156,76029700,0.0,0.0,0.0
2022-09-01 00:00:00-04:00,373.3874742240931,377.08436469022797,370.678938652205,376.74224853515625,78740100,0.0,0.0,0.0
2022-09-02 00:00:00-04:00,380.41065862148133,381.6271200488621,370.9545511254495,372.7697448730469,99632100,0.0,0.0,0.0
2022-09-06 00:00:00-04:00,373.61557203339373,374.5564205138696,369.1393780774377,371.36322021484375,76637400,0.0,0.0,0.0
2022-09-07 00:00:00-04:00,371.04956742201074,378.80451936163286,370.8310028776724,378.03472900390625,70964200,0.0,0.0,0.0
2022-09-08 00:00:00-04:00,375.7633824847431,380.9618311489722,374.5564050265275,380.50567626953125,80821700,0.0,0.0,0.0
2022-09-09 00:00:00-04:00,382.7484910278691,387.28173287628084,382.48239103068937,386.4169006347656,76706900,0.0,0.0,0.0
2022-09-12 00:00:00-04:00,388.4886832810648,391.29226066106133,388.1845607104956,390.5699768066406,69256300,0.0,0.0,0.0
2022-09-13 00:00:00-04:00,381.8836405980916,383.090617922909,372.46558632358233,373.5870056152344,122947100,0.0,0.0,0.0
2022-09-14 00:00:00-04:00,374.8890826483059,376.5332183991337,371.70536598765534,375.01263427734375,85023700,0.0,0.0,0.0
2022-09-15 00:00:00-04:00,373.4540586649514,376.30514325462246,369.4815544306654,370.7550354003906,87633800,0.0,0.0,0.0
2022-09-16 00:00:00-04:00,366.57147330224217,368.58495903524056,364.6342868550473,367.926513671875,103084800,1.596,0.0,0.0
2022-09-19 00:00:00-04:00,364.77744712887517,370.7797546386719,364.701089599931,370.7797546386719,73278500,0.0,0.0,0.0
2022-09-20 00:00:00-04:00,367.4493199597632,368.46083864395223,363.7658706233505,366.523681640625,77274900,0.0,0.0,0.0
2022-09-21 00:00:00-04:00,368.45132204995605,371.50498233585387,360.1206054997159,360.1301574707031,106746600,0.0,0.0,0.0
2022-09-22 00:00:00-04:00,359.35721571534805,360.9985532046951,356.36083780125125,357.10516357421875,89472600,0.0,0.0,0.0
2022-09-23 00:00:00-04:00,353.6315801864885,353.6697589480902,346.675007940967,351.12188720703125,122346900,0.0,0.0,0.0
2022-09-26 00:00:00-04:00,349.65230865281546,353.27850469382014,346.42688767980343,347.6483459472656,92581200,0.0,0.0,0.0
2022-09-27 00:00:00-04:00,351.18873199675016,353.4598882434016,344.3657404059386,346.7609558105469,108294100,0.0,0.0,0.0
2022-09-28 00:00:00-04:00,347.71516751010176,355.27293178744674,346.01657657366974,353.5838928222656,110802200,0.0,0.0,0.0
2022-09-29 00:00:00-04:00,350.03404240715685,350.3203103402681,343.24923029563433,346.1979064941406,112952300,0.0,0.0,0.0
2022-09-30 00:00:00-04:00,345.25315265968237,349.17519794486384,340.7108699138818,340.8444519042969,153711200,0.0,0.0,0.0
2022-10-03 00:00:00-04:00,344.56611454293574,351.6944777642895,342.7816430249758,349.84320068359375,89756500,0.0,0.0,0.0
2022-10-04 00:00:00-04:00,355.3683600338881,360.71225105913686,349.80500664731017,360.6836242675781,103602800,0.0,0.0,0.0
2022-10-05 00:00:00-04:00,356.313047756302,362.1054145870555,353.98463866038963,359.84381103515625,88065700,0.0,0.0,0.0
2022-10-06 00:00:00-04:00,358.441111032702,361.3993391526018,355.6355688484854,356.1318054199219,82333500,0.0,0.0,0.0
2022-10-07 00:00:00-04:00,352.09525889115315,356.2176918591457,344.432509914981,346.1979064941406,107789500,0.0,0.0,0.0
2022-10-10 00:00:00-04:00,347.3144037026543,347.5529700367685,341.31209570408595,343.5545959472656,76042800,0.0,0.0,0.0
2022-10-11 00:00:00-04:00,341.8560084056642,346.42694756944854,339.4417182439327,341.3788757324219,92482800,0.0,0.0,0.0
2022-10-12 00:00:00-04:00,341.7891897787711,343.36372158176107,340.0046893387279,340.2528076171875,76991800,0.0,0.0,0.0
2022-10-13 00:00:00-04:00,333.2389284695991,350.7019983759628,332.18923096891143,349.232421875,147254500,0.0,0.0,0.0
2022-10-14 00:00:00-04:00,351.6944557677686,353.32627035722425,340.6345247152281,341.2738952636719,123737000,0.0,0.0,0.0
2022-10-17 00:00:00-04:00,347.36209613161253,351.1505302643893,340.9398806417008,350.0435791015625,93168200,0.0,0.0,0.0
2022-10-18 00:00:00-04:00,357.9735554343078,358.2789273270504,350.7115811797056,354.156494140625,97162900,0.0,0.0,0.0
2022-10-19 00:00:00-04:00,352.11430914770796,354.84352278104876,348.83163450834223,351.646728515625,79746900,0.0,0.0,0.0
2022-10-20 00:00:00-04:00,351.19826004641624,355.62606505287266,347.9346598802896,348.6980895996094,88283100,0.0,0.0,0.0
2022-10-21 00:00:00-04:00,348.4213409562037,357.65862205185954,346.91361459894165,357.1719665527344,131038400,0.0,0.0,0.0
2022-10-24 00:00:00-04:00,358.69881886172783,362.6780890904026,356.0459332134546,361.5425109863281,85436900,0.0,0.0,0.0
2022-10-25 00:00:00-04:00,361.46614520779,367.63069061993605,361.351638036336,367.3157958984375,78846300,0.0,0.0,0.0
2022-10-26 00:00:00-04:00,364.1667310883198,369.8541443090124,363.90908993272876,364.5484313964844,104087300,0.0,0.0,0.0
2022-10-27 00:00:00-04:00,365.550483471608,367.3922088540167,361.98151078272514,362.601806640625,81971800,0.0,0.0,0.0
2022-10-28 00:00:00-04:00,362.49677973202483,371.70543468470186,362.3154669828309,371.2283020019531,100302000,0.0,0.0,0.0
2022-10-31 00:00:00-04:00,368.7662749442344,370.6366267278111,367.64024890976526,368.5467834472656,96631300,0.0,0.0,0.0
2022-11-01 00:00:00-04:00,372.29707747025043,372.5356437948338,365.76035435229414,366.93408203125,85407600,0.0,0.0,0.0
2022-11-02 00:00:00-04:00,366.3424479641309,370.85613338006743,357.62047814363854,357.7254333496094,126990400,0.0,0.0,0.0
2022-11-03 00:00:00-04:00,354.4809155332156,357.08607016392386,351.92349163838855,354.0419616699219,87100100,0.0,0.0,0.0
2022-11-04 00:00:00-04:00,359.75802297669105,361.5424944523819,353.07816578614245,359.13775634765625,103505200,0.0,0.0,0.0
2022-11-07 00:00:00-05:00,360.435515659066,363.16472938893213,358.3552244250396,362.5730895996094,68286900,0.0,0.0,0.0
2022-11-08 00:00:00-05:00,363.6800782301254,367.50669186220006,360.445133617555,364.5293884277344,84641100,0.0,0.0,0.0
2022-11-09 00:00:00-05:00,362.5540452806171,363.70872737869337,356.523080982534,357.0193176269531,78495500,0.0,0.0,0.0
2022-11-10 00:00:00-05:00,370.3026714261787,376.973006277867,368.00291747292925,376.6390075683594,141455800,0.0,0.0,0.0
2022-11-11 00:00:00-05:00,377.4977734770305,381.08582000984256,375.60831786460767,380.28424072265625,93839900,0.0,0.0,0.0
2022-11-14 00:00:00-05:00,378.51880127411255,381.87780397075977,376.77247981804544,377.0492248535156,71903500,0.0,0.0,0.0
2022-11-15 00:00:00-05:00,382.80348568869397,383.9104368342091,376.4480758536066,380.26513671875,93194500,0.0,0.0,0.0
2022-11-16 00:00:00-05:00,378.6334179598029,379.58768334395705,376.73443916433405,377.3642578125,68508500,0.0,0.0,0.0
2022-11-17 00:00:00-05:00,372.60241210724644,376.88708300619,372.2970693510568,376.20953369140625,74496300,0.0,0.0,0.0
2022-11-18 00:00:00-05:00,379.5495102867139,379.61631585385857,375.0644803868105,377.917724609375,92922500,0.0,0.0,0.0
2022-11-21 00:00:00-05:00,376.5913098444823,377.7173360224795,374.701853876587,376.5435791015625,51243200,0.0,0.0,0.0
2022-11-22 00:00:00-05:00,378.4902804799536,381.772955700867,377.0779572405803,381.6107177734375,60429000,0.0,0.0,0.0
2022-11-23 00:00:00-05:00,381.2766761134872,384.5020973782574,381.0476617682043,384.01544189453125,68261600,0.0,0.0,0.0
2022-11-25 00:00:00-05:00,383.4523413157589,384.4829639561803,383.1756253980057,383.9294738769531,30545400,0.0,0.0,0.0
2022-11-28 00:00:00-05:00,380.83768738823574,382.47902466355777,377.0397014860041,377.8031311035156,67881600,0.0,0.0,0.0
2022-11-29 00:00:00-05:00,377.9367417321205,379.1295732981502,375.312512286855,377.1542663574219,52310000,0.0,0.0,0.0
2022-11-30 00:00:00-05:00,377.4023849238339,389.0348815917969,375.4843314190897,389.0348815917969,144566700,0.0,0.0,0.0
2022-12-01 00:00:00-05:00,390.07497917155587,391.2487358630156,386.2388435135502,388.7485656738281,76398200,0.0,0.0,0.0
2022-12-02 00:00:00-05:00,383.8531997520255,389.20661386702676,383.7482445522166,388.3000793457031,85342700,0.0,0.0,0.0
2022-12-05 00:00:00-05:00,385.47549236036787,386.41065374736974,379.9598399084257,381.31488037109375,77289800,0.0,0.0,0.0
2022-12-06 00:00:00-05:00,381.1526980591558,381.69660720336174,373.72851442805074,375.8183288574219,77972200,0.0,0.0,0.0
2022-12-07 00:00:00-05:00,374.9689850432598,377.54551283524984,374.0433465972937,375.1789245605469,65927900,0.0,0.0,0.0
2022-12-08 00:00:00-05:00,377.06837354618364,379.1868143806111,375.2838731198775,378.1180419921875,60737900,0.0,0.0,0.0
2022-12-09 00:00:00-05:00,376.877540928146,379.43496494979524,375.1693978824169,375.29345703125,81447700,0.0,0.0,0.0
2022-12-12 00:00:00-05:00,376.0854626556509,380.7041320800781,375.41749445562255,380.7041320800781,75405800,0.0,0.0,0.0
2022-12-13 00:00:00-05:00,391.4586555975836,391.7162967072409,380.81860487443333,383.5859680175781,123782500,0.0,0.0,0.0
2022-12-14 00:00:00-05:00,383.2424937114521,386.9545999060633,378.1848989989114,381.1335754394531,108111300,0.0,0.0,0.0
2022-12-15 00:00:00-05:00,376.2667969393166,377.1733606249857,370.1499819805847,371.8103942871094,117705900,0.0,0.0,0.0
2022-12-16 00:00:00-05:00,369.2517657317392,370.59386612148,365.2829810609633,367.4207458496094,119858000,1.781,0.0,0.0
2022-12-19 00:00:00-05:00,367.6125210258833,367.9480534682601,362.6371386607899,364.30517578125,79878100,0.0,0.0,0.0
2022-12-20 00:00:00-05:00,363.54785469861747,366.42379682476735,362.22491663969316,364.8036804199219,74427200,0.0,0.0,0.0
2022-12-21 00:00:00-05:00,367.40158229485894,371.3895586231339,366.864742140629,370.25836181640625,78167400,0.0,0.0,0.0
2022-12-22 00:00:00-05:00,367.2098622997301,370.2391914907207,359.27226326962426,364.9762268066406,100120900,0.0,0.0,0.0
2022-12-23 00:00:00-05:00,363.950423157118,367.21941379519086,362.39741929068407,367.07562255859375,59857300,0.0,0.0,0.0
2022-12-27 00:00:00-05:00,366.96055483629175,367.3056537714611,363.95038870900765,365.6280212402344,51638200,0.0,0.0,0.0
2022-12-28 00:00:00-05:00,365.5609421925815,367.53578243852644,360.8540099500132,361.0840759277344,70911500,0.0,0.0,0.0
2022-12-29 00:00:00-05:00,363.93123576240765,368.45605164881476,363.4039622569558,367.58367919921875,66970900,0.0,0.0,0.0
2022-12-30 00:00:00-05:00,364.89952091921486,366.75926975895635,362.7808893302895,366.615478515625,84022200,0.0,0.0,0.0
2023-01-03 00:00:00-05:00,368.47529963421397,370.4501109547936,362.2057373925887,365.0721130371094,74850700,0.0,0.0,0.0
2023-01-04 00:00:00-05:00,367.33453204681723,369.92289192872187,364.286040101,367.89056396484375,85934100,0.0,0.0,0.0
2023-01-05 00:00:00-05:00,365.93482035409846,366.0498533403474,363.09723275612134,363.69158935546875,76970500,0.0,0.0,0.0
2023-01-06 00:00:00-05:00,366.78805804101853,373.1534906525759,363.7204039949203,372.0318603515625,104189600,0.0,0.0,0.0
2023-01-09 00:00:00-05:00,374.22719833488884,377.4195107091158,371.63886778736247,371.82098388671875,73978100,0.0,0.0,0.0
2023-01-10 00:00:00-05:00,371.2361537559992,374.4955486092587,370.29666890331214,374.4284362792969,65358100,0.0,0.0,0.0
2023-01-11 00:00:00-05:00,376.01025589251583,379.24089274048094,375.1953998041472,379.1641845703125,68881100,0.0,0.0,0.0
2023-01-12 00:00:00-05:00,380.2665995563064,382.0113152345906,376.19234893637963,380.5445861816406,90157700,0.0,0.0,0.0
2023-01-13 00:00:00-05:00,377.3427015811747,382.59609870511895,377.07428153867187,382.0209045410156,63903900,0.0,0.0,0.0
2023-01-17 00:00:00-05:00,382.00176656830166,383.6793992551705,380.64047460135316,381.32110595703125,62677300,0.0,0.0,0.0
2023-01-18 00:00:00-05:00,382.50988909217506,383.5739736096775,375.09953453290353,375.30084228515625,99632300,0.0,0.0,0.0
2023-01-19 00:00:00-05:00,373.2588930285292,374.9077675297641,371.2457571335137,372.5686950683594,86958900,0.0,0.0,0.0
2023-01-20 00:00:00-05:00,373.96835756273396,379.66272547397637,372.3194828602261,379.50933837890625,91806400,0.0,0.0,0.0
2023-01-23 00:00:00-05:00,380.31449137897374,385.999261850418,379.3558442469694,384.06280517578125,84178800,0.0,0.0,0.0
2023-01-24 00:00:00-05:00,382.3852133953482,384.56133208460926,381.19650018692624,383.650634765625,59524900,0.0,0.0,0.0
2023-01-25 00:00:00-05:00,379.57636134944494,384.12993543916394,377.2851805542504,383.7944030761719,84800300,0.0,0.0,0.0
2023-01-26 00:00:00-05:00,386.4594777963223,388.1754645974599,383.4876654146606,388.0124816894531,72287400,0.0,0.0,0.0
2023-01-27 00:00:00-05:00,386.96753487416305,391.28144730327597,386.7566313185161,388.90399169921875,68346200,0.0,0.0,0.0
2023-01-30 00:00:00-05:00,386.1431078861568,388.3767724039486,383.7273273025726,384.0245056152344,74202000,0.0,0.0,0.0
2023-01-31 00:00:00-05:00,384.5421906397612,389.7188801347345,384.19706240377985,389.67095947265625,86811800,0.0,0.0,0.0
2023-02-01 00:00:00-05:00,388.45348175657574,396.5636593442866,385.7117643976384,393.81231689453125,101459200,0.0,0.0,0.0
2023-02-02 00:00:00-05:00,397.7043370179822,401.01168134124487,395.8062344112305,399.5449523925781,101654500,0.0,0.0,0.0
2023-02-03 00:00:00-05:00,394.56963646776256,399.7271635935274,394.0903128204698,395.2982177734375,94736800,0.0,0.0,0.0
2023-02-06 00:00:00-05:00,392.8440604283562,394.2820312874674,391.2239442533102,392.88238525390625,60295300,0.0,0.0,0.0
2023-02-07 00:00:00-05:00,391.96206429093394,399.2669510561357,390.71583467034515,398.0207214355469,90990700,0.0,0.0,0.0
2023-02-08 00:00:00-05:00,396.0459125600925,397.3880127555721,392.97822989420473,393.66845703125,76227500,0.0,0.0,0.0
2023-02-09 00:00:00-05:00,397.2730427680662,397.4264298512411,389.02866989488314,390.2557373046875,78694900,0.0,0.0,0.0
2023-02-10 00:00:00-05:00,389.0765392196659,391.5498653830581,388.26171250273467,391.1664123535156,70769700,0.0,0.0,0.0
2023-02-13 00:00:00-05:00,391.8183051444725,395.8925559564968,391.358143932513,395.7583312988281,64913500,0.0,0.0,0.0
2023-02-14 00:00:00-05:00,394.2340728818384,397.8865164448738,391.61698469819703,395.5762023925781,88389300,0.0,0.0,0.0
2023-02-15 00:00:00-05:00,393.38091503799455,396.9374882356896,392.5373007553342,396.8608093261719,61555700,0.0,0.0,0.0
2023-02-16 00:00:00-05:00,391.88540381719497,395.83502566820573,391.2622889776,391.396484375,76431500,0.0,0.0,0.0
2023-02-17 00:00:00-05:00,389.2683735873087,390.6584240648403,387.3414828887327,390.41876220703125,89257800,0.0,0.0,0.0
2023-02-21 00:00:00-05:00,386.39237880681736,387.44689668905306,382.3277236123021,382.5865478515625,82655900,0.0,0.0,0.0
2023-02-22 00:00:00-05:00,382.9987206737072,384.54215788611697,380.6021026620575,382.05926513671875,83742300,0.0,0.0,0.0
2023-02-23 00:00:00-05:00,384.95439045031753,385.567938737912,379.86397585252666,384.09161376953125,96242400,0.0,0.0,0.0
2023-02-24 00:00:00-05:00,379.0683237378521,380.8226354035622,377.36193273433554,379.9886169433594,108194400,0.0,0.0,0.0
2023-02-27 00:00:00-05:00,383.33429643374495,384.69558849089844,380.34332149757034,381.2828063964844,80444700,0.0,0.0,0.0
2023-02-28 00:00:00-05:00,380.80342407699254,382.7686390639976,379.7680687551402,379.87353515625,96438600,0.0,0.0,0.0
2023-03-01 00:00:00-05:00,379.058688324708,380.2857555557943,377.1126357022291,378.4163818359375,99706800,0.0,0.0,0.0
2023-03-02 00:00:00-05:00,376.4415712731506,382.20305024263513,376.1060389057773,381.35943603515625,85127800,0.0,0.0,0.0
2023-03-03 00:00:00-05:00,383.1808966203792,387.7249046275864,382.5290234904316,387.47564697265625,90120000,0.0,0.0,0.0
2023-03-06 00:00:00-05:00,388.3001127198744,390.60088985503444,387.30314050060804,387.7441101074219,72795900,0.0,0.0,0.0
2023-03-07 00:00:00-05:00,387.6960878154249,387.9357495995497,381.18686556703113,381.8003845214844,108310600,0.0,0.0,0.0
2023-03-08 00:00:00-05:00,381.91547162159134,383.1808636899206,380.1898891101756,382.4235534667969,74746600,0.0,0.0,0.0
2023-03-09 00:00:00-05:00,383.20967866619384,384.87774493306273,374.38054484861016,375.3679504394531,111945300,0.0,0.0,0.0
2023-03-10 00:00:00-05:00,374.8215147441384,376.9017923479486,368.42735335856526,369.95159912109375,189253000,0.0,0.0,0.0
2023-03-13 00:00:00-04:00,366.021130129731,374.24634050095773,364.90909573022645,369.42431640625,157790000,0.0,0.0,0.0
2023-03-14 00:00:00-04:00,374.35173718346283,377.17975816787913,371.0443925918974,375.5308837890625,149752400,0.0,0.0,0.0
2023-03-15 00:00:00-04:00,369.9323910671056,373.38349766674736,367.8425178859198,373.18218994140625,172996900,0.0,0.0,0.0
2023-03-16 00:00:00-04:00,370.8239247170232,380.074864540284,370.3158428605711,379.729736328125,143254200,0.0,0.0,0.0
2023-03-17 00:00:00-04:00,378.3979622867853,379.5334763060183,373.9039803951704,375.2897033691406,140553400,1.506,0.0,0.0
2023-03-20 00:00:00-04:00,376.06916402579844,379.31215983644114,375.3666994576997,378.8983459472656,93055800,0.0,0.0,0.0
2023-03-21 00:00:00-04:00,382.26637985609574,384.3545965453815,380.6689485650316,383.8734436035156,91524200,0.0,0.0,0.0
2023-03-22 00:00:00-04:00,383.70026302343734,387.31851343521214,377.29130185553555,377.32977294921875,111746600,0.0,0.0,0.0
2023-03-23 00:00:00-04:00,380.1974338773298,384.239130397535,375.6361133164018,378.3498229980469,119351300,0.0,0.0,0.0
2023-03-24 00:00:00-04:00,377.069990985465,380.91921510254883,374.7219619246639,380.8326110839844,107682400,0.0,0.0,0.0
2023-03-27 00:00:00-04:00,383.11321049277444,383.8830728135966,380.64970980063305,381.5446472167969,74010400,0.0,0.0,0.0
2023-03-28 00:00:00-04:00,380.85177745390115,381.5446388438139,378.85019419817775,380.6882019042969,62871700,0.0,0.0,0.0
2023-03-29 00:00:00-04:00,384.8550396292689,386.46210360467114,383.65215710396006,386.2215270996094,77497900,0.0,0.0,0.0
2023-03-30 00:00:00-04:00,388.85819419263817,389.10840312839423,386.6160343292529,388.48291015625,69840000,0.0,0.0,0.0
2023-03-31 00:00:00-04:00,389.40668731548556,394.25671700401034,389.30081840141827,393.9584045410156,112062600,0.0,0.0,0.0
2023-04-03 00:00:00-04:00,393.43880732243116,395.8638078292274,393.0442583450311,395.45965576171875,67391100,0.0,0.0,0.0
2023-04-04 00:00:00-04:00,396.10437947935486,396.3930888912914,391.88947462341105,393.2655944824219,66601500,0.0,0.0,0.0
2023-04-05 00:00:00-04:00,392.5341828254698,393.29441266985214,390.5807031245207,392.2358703613281,65200200,0.0,0.0,0.0
2023-04-06 00:00:00-04:00,391.437167451645,394.0450376322365,390.3882575257403,393.7659606933594,63743300,0.0,0.0,0.0
2023-04-10 00:00:00-04:00,391.2832478731585,394.24716694508413,390.66738727373564,394.170166015625,63681000,0.0,0.0,0.0
2023-04-11 00:00:00-04:00,394.7956544202573,395.6809594619992,393.5061679518089,394.2760009765625,59297900,0.0,0.0,0.0
2023-04-12 00:00:00-04:00,396.3449304189456,396.63363981226826,392.0819222861502,392.6689147949219,86420400,0.0,0.0,0.0
2023-04-13 00:00:00-04:00,393.75634279356007,398.2406920585318,392.6111963601302,397.8846435546875,85814800,0.0,0.0,0.0
2023-04-14 00:00:00-04:00,397.2495021524552,399.44355846247794,394.6031608879993,396.9126892089844,78161500,0.0,0.0,0.0
2023-04-17 00:00:00-04:00,396.82611712486937,398.356180127704,395.59436663010166,398.3369445800781,66436400,0.0,0.0,0.0
2023-04-18 00:00:00-04:00,399.9150951800139,400.0498321097644,397.2206502574761,398.59674072265625,63560000,0.0,0.0,0.0
2023-04-19 00:00:00-04:00,396.6817177607652,399.43389838923747,396.62398175927586,398.52935791015625,55227300,0.0,0.0,0.0
2023-04-20 00:00:00-04:00,395.70985629299514,398.10601828904817,394.8052862710272,396.3546142578125,75840400,0.0,0.0,0.0
2023-04-21 00:00:00-04:00,396.65290416377644,397.1244246963598,394.7090566567866,396.66253662109375,73457400,0.0,0.0,0.0
2023-04-24 00:00:00-04:00,396.4603735939043,397.49968034668166,395.1227837473728,397.0762634277344,64332100,0.0,0.0,0.0
2023-04-25 00:00:00-04:00,395.103601057788,395.6617550067555,390.71548786392196,390.7732238769531,97766700,0.0,0.0,0.0
2023-04-26 00:00:00-04:00,391.38903804302885,392.46681590055556,388.55985648339924,389.11798095703125,80447000,0.0,0.0,0.0
2023-04-27 00:00:00-04:00,391.65851488224934,397.1340379925136,391.4083059420538,396.8645935058594,92968400,0.0,0.0,0.0
2023-04-28 00:00:00-04:00,395.9792514788031,400.2615245465103,395.92151547329547,400.25189208984375,89433100,0.0,0.0,0.0
2023-05-01 00:00:00-04:00,399.8092778572073,401.8782298985706,399.6168049089298,399.8477783203125,62122300,0.0,0.0,0.0
2023-05-02 00:00:00-04:00,399.1355841651367,399.18371707766147,392.4475761726746,395.3537292480469,103998500,0.0,0.0,0.0
2023-05-03 00:00:00-04:00,395.8541433677578,398.2695405891648,392.39946868953274,392.6400451660156,91531800,0.0,0.0,0.0
2023-05-04 00:00:00-04:00,391.5911783811914,391.9183589011733,388.5214198537967,389.8590393066406,94901900,0.0,0.0,0.0
2023-05-05 00:00:00-04:00,393.4964845285171,398.1251732691853,393.2366725239446,397.0762634277344,87891800,0.0,0.0,0.0
2023-05-08 00:00:00-04:00,397.4035003706773,397.6633124121759,395.7772009206819,397.1821594238281,50046800,0.0,0.0,0.0
2023-05-09 00:00:00-04:00,395.6328415851866,396.55664705489033,395.20942462672946,395.44036865234375,49220100,0.0,0.0,0.0
2023-05-10 00:00:00-04:00,398.27919887504333,398.914324338217,393.4580365761441,397.28802490234375,96142900,0.0,0.0,0.0
2023-05-11 00:00:00-04:00,396.4220067951342,396.8838949247763,394.5166301586064,396.59521484375,70157100,0.0,0.0,0.0
2023-05-12 00:00:00-04:00,397.8365674670435,398.04827596600416,393.6505304091499,396.0755310058594,70481500,0.0,0.0,0.0
2023-05-15 00:00:00-04:00,396.6817866269805,397.8461686821511,394.76680705489645,397.4420166015625,54289400,0.0,0.0,0.0
2023-05-16 00:00:00-04:00,396.33527856748293,397.25911334021237,394.7763477684629,394.7859802246094,57705500,0.0,0.0,0.0
2023-05-17 00:00:00-04:00,396.8068622851723,400.18453618231763,395.1613273420889,399.57830810546875,87287000,0.0,0.0,0.0
2023-05-18 00:00:00-04:00,399.26078008428595,403.8509988046538,399.03946848460396,403.4275817871094,97177200,0.0,0.0,0.0
2023-05-19 00:00:00-04:00,404.3321069908471,404.86136352045077,401.6183971431854,402.84051513671875,103793300,0.0,0.0,0.0
2023-05-22 00:00:00-04:00,402.85977985297563,404.54381527738377,401.6183969458684,403.0041198730469,60745400,0.0,0.0,0.0
2023-05-23 00:00:00-04:00,401.35857830108944,402.9367742560176,398.08674373587735,398.4812927246094,86383500,0.0,0.0,0.0
2023-05-24 00:00:00-04:00,396.8742743622671,397.25919090910776,394.4300087705914,395.5943908691406,89213700,0.0,0.0,0.0
2023-05-25 00:00:00-04:00,399.1067761340057,400.4732635587891,396.8646161031706,399.0201721191406,90961600,0.0,0.0,0.0
2023-05-26 00:00:00-04:00,399.67446642499004,404.90941247611363,399.59749488037494,404.18768310546875,93830000,0.0,0.0,0.0
2023-05-30 00:00:00-04:00,406.12200784767117,406.65126441099187,402.95601282370507,404.34173583984375,72216000,0.0,0.0,0.0
2023-05-31 00:00:00-04:00,402.5133634004825,403.41793341434715,400.53101533620446,402.0995788574219,110811800,0.0,0.0,0.0
2023-06-01 00:00:00-04:00,402.33044944585635,406.9784031486699,401.07946358730794,405.91986083984375,88865000,0.0,0.0,0.0
2023-06-02 00:00:00-04:00,408.49884845924817,412.579016016894,407.96959196903765,411.7899475097656,91426200,0.0,0.0,0.0
2023-06-05 00:00:00-04:00,412.13642960632063,413.4259161757562,410.29842154598526,411.00091552734375,65460200,0.0,0.0,0.0
2023-06-06 00:00:00-04:00,410.5870909976928,412.4250695118066,409.9327006351518,411.89581298828125,64022200,0.0,0.0,0.0
2023-06-07 00:00:00-04:00,412.2903604628489,413.4258744271593,410.0481711705742,410.4715881347656,85373300,0.0,0.0,0.0
2023-06-08 00:00:00-04:00,410.5389484373123,413.4066306619177,409.76911544531237,412.954345703125,61952800,0.0,0.0,0.0
2023-06-09 00:00:00-04:00,413.7530179844528,415.7064976991499,412.7041081245656,413.6952819824219,85742800,0.0,0.0,0.0
2023-06-12 00:00:00-04:00,414.6768867959098,417.5253041431819,413.9551573440261,417.44830322265625,76104300,0.0,0.0,0.0
2023-06-13 00:00:00-04:00,418.9110140981565,420.8452289997208,418.2470206735575,420.20050048828125,95899700,0.0,0.0,0.0
2023-06-14 00:00:00-04:00,420.53735216092747,422.5100677032549,417.2462527373111,420.700927734375,100612100,0.0,0.0,0.0
2023-06-15 00:00:00-04:00,419.8829487810575,427.1676119841462,419.7867416783568,425.9166259765625,110303100,0.0,0.0,0.0
2023-06-16 00:00:00-04:00,427.904413934663,428.474279953013,423.9926092848296,424.46588134765625,114165800,1.638,0.0,0.0
2023-06-20 00:00:00-04:00,422.52444796434224,423.41304154167295,420.1870041214196,422.2636413574219,76160400,0.0,0.0,0.0
2023-06-21 00:00:00-04:00,421.2784425280354,422.0801103736596,419.51086470582334,420.1000671386719,76982300,0.0,0.0,0.0
2023-06-22 00:00:00-04:00,419.14389467353715,421.722779347334,418.80583057108225,421.6165466308594,70637200,0.0,0.0,0.0
2023-06-23 00:00:00-04:00,418.158692787078,420.2160232388723,417.71439595201736,418.42913818359375,92074500,0.0,0.0,0.0
2023-06-26 00:00:00-04:00,417.8592755318311,419.781368562751,416.47807329831915,416.71954345703125,72823600,0.0,0.0,0.0
2023-06-27 00:00:00-04:00,417.5984155696539,421.9062340935396,417.1444505822348,421.2880859375,72813700,0.0,0.0,0.0
2023-06-28 00:00:00-04:00,420.2063349514927,422.514803688603,419.58818670737986,421.5006408691406,75636000,0.0,0.0,0.0
2023-06-29 00:00:00-04:00,421.08528892018165,423.3261389375307,420.67963558379535,423.16192626953125,67882300,0.0,0.0,0.0
2023-06-30 00:00:00-04:00,426.3783313417032,429.14073568910436,426.05957423925753,428.1555480957031,104964000,0.0,0.0,0.0
2023-07-03 00:00:00-04:00,427.8077905144009,428.9281859198321,427.52767692487674,428.6481018066406,32793400,0.0,0.0,0.0
2023-07-05 00:00:00-04:00,426.83224475721846,428.7446987114959,426.8225765200303,428.0106201171875,58418400,0.0,0.0,0.0
2023-07-06 00:00:00-04:00,424.4271947095155,425.08398633253137,422.147701549894,424.65899658203125,80658300,0.0,0.0,0.0
2023-07-07 00:00:00-04:00,423.664201015191,427.5373915505045,423.3454439189286,423.5869140625,86134200,0.0,0.0,0.0
2023-07-10 00:00:00-04:00,423.22948292340993,424.83284798641813,422.6596170025875,424.65899658203125,62443500,0.0,0.0,0.0
2023-07-11 00:00:00-04:00,425.422125413234,427.85613393293494,424.4465765671181,427.363525390625,64463800,0.0,0.0,0.0
2023-07-12 00:00:00-04:00,431.15943303446664,432.2122392972248,429.729919208418,430.8020324707031,91924500,0.0,0.0,0.0
2023-07-13 00:00:00-04:00,432.61791761555475,435.0133121303779,432.1832890285731,434.2212829589844,72425200,0.0,0.0,0.0
2023-07-14 00:00:00-04:00,435.109843497716,435.9597935487755,433.1877213239847,433.9507751464844,69815800,0.0,0.0,0.0
2023-07-17 00:00:00-04:00,433.8058722872245,436.51032563863066,433.7575605810342,435.45751953125,52680200,0.0,0.0,0.0
2023-07-18 00:00:00-04:00,435.12919667930265,439.3404218148386,434.69453863237396,438.69329833984375,80668200,0.0,0.0,0.0
2023-07-19 00:00:00-04:00,439.4853035858035,440.85683741354967,438.61598753921226,439.6688232421875,65891700,0.0,0.0,0.0
2023-07-20 00:00:00-04:00,438.67392261371555,439.5721843285478,436.0370584598877,436.7518005371094,70591600,0.0,0.0,0.0
2023-07-21 00:00:00-04:00,438.4710665028841,438.67392261371555,436.7421617768301,436.7518005371094,71275600,0.0,0.0,0.0
2023-07-24 00:00:00-04:00,437.9013054836041,439.51433913835893,436.867806113997,438.7030029296875,54023400,0.0,0.0,0.0
2023-07-25 00:00:00-04:00,438.43253737447066,441.1562982796933,438.38422565839835,439.9006652832031,55191200,0.0,0.0,0.0
2023-07-26 00:00:00-04:00,438.9637681345287,441.3977766942308,437.91096179208995,439.9682922363281,71052900,0.0,0.0,0.0
2023-07-27 00:00:00-04:00,443.35846818342566,443.7641509737044,436.14333947921443,437.05126953125,92194400,0.0,0.0,0.0
2023-07-28 00:00:00-04:00,440.3256456163928,442.1608128318353,437.0512962860115,441.3301696777344,80011800,0.0,0.0,0.0
2023-07-31 00:00:00-04:00,441.8034013690048,442.52781174126136,440.4897885662861,442.1704406738281,62040400,0.0,0.0,0.0
2023-08-01 00:00:00-04:00,440.70229523457317,441.6488687577706,439.94890960634154,440.9051513671875,55291500,0.0,0.0,0.0
2023-08-02 00:00:00-04:00,437.7853934206833,438.0461705780349,434.01846487725106,434.7718505859375,93933400,0.0,0.0,0.0
2023-08-03 00:00:00-04:00,432.7531252299224,435.4092967139093,432.10597229878186,433.52581787109375,64276100,0.0,0.0,0.0
2023-08-04 00:00:00-04:00,435.3416597654818,437.44727217935485,431.0434797536367,431.5650634765625,100128900,0.0,0.0,0.0
2023-08-07 00:00:00-04:00,433.4002700753938,435.48657568112884,432.7048348734821,435.33203125,58357500,0.0,0.0,0.0
2023-08-08 00:00:00-04:00,432.79168991603393,435.32232140164854,430.07756826702433,433.4388427734375,71361300,0.0,0.0,0.0
2023-08-09 00:00:00-04:00,433.7093468244431,433.87355948928627,429.77820586959297,430.541259765625,78789600,0.0,0.0,0.0
2023-08-10 00:00:00-04:00,432.8980072622996,436.28825743462227,429.527093565885,430.69580078125,93005500,0.0,0.0,0.0
2023-08-11 00:00:00-04:00,428.8219993419041,431.4588639187083,428.2231581026232,430.4446716308594,68690900,0.0,0.0,0.0
2023-08-14 00:00:00-04:00,429.5270825673996,432.8207092285156,429.2179937241371,432.8207092285156,47867400,0.0,0.0,0.0
2023-08-15 00:00:00-04:00,431.0434905199487,431.40089107368914,427.2089436634091,427.7788391113281,75707500,0.0,0.0,0.0
2023-08-16 00:00:00-04:00,427.36350074460506,429.0248164729432,424.53347780183003,424.6397399902344,80107200,0.0,0.0,0.0
2023-08-17 00:00:00-04:00,426.10788651233355,426.3686636613096,420.8824689600864,421.404052734375,95711300,0.0,0.0,0.0
2023-08-18 00:00:00-04:00,418.58363133261804,422.6403412596287,418.2359284981317,421.6068420410156,98852000,0.0,0.0,0.0
2023-08-21 00:00:00-04:00,422.62098028708044,425.0936318878785,420.46708574241853,424.34991455078125,68719000,0.0,0.0,0.0
2023-08-22 00:00:00-04:00,426.12717844156236,426.12717844156236,422.64036376815267,423.2005615234375,64994200,0.0,0.0,0.0
2023-08-23 00:00:00-04:00,424.2630351692306,428.5322402058597,424.1181589807745,427.9140625,68441000,0.0,0.0,0.0
2023-08-24 00:00:00-04:00,429.5173761658402,430.0292916211122,421.95451579727023,421.9835205078125,88517300,0.0,0.0,0.0
2023-08-25 00:00:00-04:00,423.71247141677657,426.24307373449807,420.1580380770201,424.9584655761719,102325100,0.0,0.0,0.0
2023-08-28 00:00:00-04:00,427.15101303461915,428.27143803085545,424.95847475635645,427.6532897949219,61595400,0.0,0.0,0.0
2023-08-29 00:00:00-04:00,427.5470684062289,434.1150745823747,427.3635487226564,433.8349609375,83081900,0.0,0.0,0.0
2023-08-30 00:00:00-04:00,434.17297483140425,436.25928035352985,433.4678714194492,435.6217956542969,69053900,0.0,0.0,0.0
2023-08-31 00:00:00-04:00,436.23991629050073,437.3796481914474,434.80076379653127,434.9842834472656,66084600,0.0,0.0,0.0
2023-09-01 00:00:00-04:00,437.7080777747482,438.1910180232257,434.3371347964679,435.7956237792969,58944100,0.0,0.0,0.0
2023-09-05 00:00:00-04:00,435.35135247874024,435.6700800917991,433.84458117342785,433.91217041015625,55166200,0.0,0.0,0.0
2023-09-06 00:00:00-04:00,433.10075987558594,433.2070220459065,428.6673724339583,430.9951477050781,70758500,0.0,0.0,0.0
2023-09-07 00:00:00-04:00,427.99131435968866,430.34806524877047,427.6436115119561,429.6719665527344,70355400,0.0,0.0,0.0
2023-09-08 00:00:00-04:00,429.72025057240546,431.85483833340237,429.3628794853081,430.319091796875,61659700,0.0,0.0,0.0
2023-09-11 00:00:00-04:00,432.9462527649071,433.45816823533755,431.2366549432054,433.14910888671875,60180100,0.0,0.0,0.0
2023-09-12 00:00:00-04:00,431.7003990371866,433.2264776032266,430.1936274740392,430.77313232421875,67565400,0.0,0.0,0.0
2023-09-13 00:00:00-04:00,430.9951854819559,432.4343379531001,429.8940675950137,431.2752990722656,60199300,0.0,0.0,0.0
2023-09-14 00:00:00-04:00,433.74802324262066,435.68942327241507,432.4440784918802,434.9939880371094,83430800,0.0,0.0,0.0
2023-09-15 00:00:00-04:00,433.4072234999764,433.73677769771734,429.31682909931095,429.75299072265625,111848900,1.583,0.0,0.0
2023-09-18 00:00:00-04:00,429.4428320631367,431.3038771522312,428.96789063501143,430.0050354003906,55752200,0.0,0.0,0.0
2023-09-19 00:00:00-04:00,429.08420380682946,429.6754845917088,426.42836539622306,429.11328125,66514600,0.0,0.0,0.0
2023-09-20 00:00:00-04:00,430.3733429544115,430.7901294710478,424.96470225740006,425.16827392578125,82562600,0.0,0.0,0.0
2023-09-21 00:00:00-04:00,422.31855674804774,422.58025371246634,417.98584063306095,418.14093017578125,104095800,0.0,0.0,0.0
2023-09-22 00:00:00-04:00,419.16842775985725,420.7677463582612,416.78395900410345,417.2007751464844,100829700,0.0,0.0,0.0
2023-09-25 00:00:00-04:00,415.98915213200996,418.9939198820318,415.5529609010411,418.9551696777344,70874500,0.0,0.0,0.0
2023-09-26 00:00:00-04:00,415.91160628125357,416.6191968671865,411.9665987111882,412.8002014160156,96168400,0.0,0.0,0.0
2023-09-27 00:00:00-04:00,413.9730331962355,414.5352365633177,409.320464597115,412.9649658203125,104705800,0.0,0.0,0.0
2023-09-28 00:00:00-04:00,412.41254801838335,417.0360397744069,411.8212671299093,415.3591613769531,92258300,0.0,0.0,0.0
2023-09-29 00:00:00-04:00,418.41229918222865,418.586763812541,412.82919436980524,414.3509826660156,115111300,0.0,0.0,0.0
2023-10-02 00:00:00-04:00,413.51746849079825,415.43666857523283,411.42380373877234,414.186279296875,83798600,0.0,0.0,0.0
2023-10-03 00:00:00-04:00,412.00536625897985,414.2444181473067,407.27523825202337,408.6419372558594,103760600,0.0,0.0,0.0
2023-10-04 00:00:00-04:00,409.10716378388844,412.3639554385422,407.6435302591631,411.61761474609375,87453000,0.0,0.0,0.0
2023-10-05 00:00:00-04:00,411.3268404794052,412.3058303467078,408.23484048426144,411.4625549316406,70142700,0.0,0.0,0.0
2023-10-06 00:00:00-04:00,409.01029452111743,417.8889725902115,407.6823752264937,416.3478088378906,113273300,0.0,0.0,0.0
2023-10-09 00:00:00-04:00,414.44791001251434,419.5851511856649,413.89543865350254,419.0132751464844,80374400,0.0,0.0,0.0
2023-10-10 00:00:00-04:00,419.64334789466267,423.79189736248946,419.245936455557,421.1942138671875,78607300,0.0,0.0,0.0
2023-10-11 00:00:00-04:00,422.26047769195304,423.17158085104415,419.8760088222951,422.9195861816406,62451700,0.0,0.0,0.0
2023-10-12 00:00:00-04:00,423.5302119190894,423.90821868639375,417.9858858829249,420.34124755859375,81154200,0.0,0.0,0.0
2023-10-13 00:00:00-04:00,421.8435761764503,423.04551271009467,416.67728716479496,418.2475280761719,95143100,0.0,0.0,0.0
2023-10-16 00:00:00-04:00,420.49634324027045,423.7143850912576,420.25402134631616,422.6481628417969,75433200,0.0,0.0,0.0
2023-10-17 00:00:00-04:00,419.51731856642147,424.68363748247594,419.1683892665842,422.62872314453125,75324700,0.0,0.0,0.0
2023-10-18 00:00:00-04:00,420.85496751569167,421.81455273319096,415.91159504982164,416.9971923828125,93559800,0.0,0.0,0.0
2023-10-19 00:00:00-04:00,417.7145119651641,419.5270750829903,412.65482940199,413.33331298828125,121323000,0.0,0.0,0.0
2023-10-20 00:00:00-04:00,412.8970760474875,413.4398746497076,408.14754390760345,408.2541809082031,123919900,0.0,0.0,0.0
2023-10-23 00:00:00-04:00,406.72273053416484,411.4141082592817,404.9683224528733,407.546630859375,92035100,0.0,0.0,0.0
2023-10-24 00:00:00-04:00,409.6693807564813,411.7727477741345,407.8180379697815,410.6192932128906,78564200,0.0,0.0,0.0
2023-10-25 00:00:00-04:00,408.9327472697519,408.9618247136512,404.21229195450024,404.72601318359375,94223200,0.0,0.0,0.0
2023-10-26 00:00:00-04:00,403.65982284727204,404.512771066671,398.9587721877273,399.87957763671875,115156800,0.0,0.0,0.0
2023-10-27 00:00:00-04:00,401.4692254760225,401.86663693380547,396.6421626745101,398.0670166015625,107367700,0.0,0.0,0.0
2023-10-30 00:00:00-04:00,400.85854988329856,403.88272225418063,399.5597081383843,402.8262023925781,86562700,0.0,0.0,0.0
2023-10-31 00:00:00-04:00,403.39809925222016,405.67593098866274,401.48860153022065,405.3560791015625,79665200,0.0,0.0,0.0
2023-11-01 00:00:00-04:00,406.32538079437717,410.49330571448974,405.7922548569512,409.6791076660156,98068100,0.0,0.0,0.0
2023-11-02 00:00:00-04:00,413.4786898388463,417.6854240377106,413.4593147358308,417.53033447265625,94938900,0.0,0.0,0.0
2023-11-03 00:00:00-04:00,419.8372157670484,422.8904655764815,419.71120365505175,421.339599609375,100167800,0.0,0.0,0.0
2023-11-06 00:00:00-05:00,422.0956239774314,422.75473237061436,420.3605910898025,422.3088684082031,67831700,0.0,0.0,0.0
2023-11-07 00:00:00-05:00,422.30892655420246,424.15056712063193,421.1651742590875,423.5108337402344,64256100,0.0,0.0,0.0
2023-11-08 00:00:00-05:00,424.11175832141294,424.6351818841711,421.5140747704494,423.82098388671875,61746000,0.0,0.0,0.0
2023-11-09 00:00:00-05:00,424.9646812762545,425.0034610559801,420.08916668151153,420.5156555175781,83174400,0.0,0.0,0.0
2023-11-10 00:00:00-05:00,422.59001262842264,427.38796843360757,420.5060206531149,427.0777893066406,89462200,0.0,0.0,0.0
2023-11-13 00:00:00-05:00,425.7401770580696,427.7756572288507,424.9550565166978,426.6706848144531,52236100,0.0,0.0,0.0
2023-11-14 00:00:00-05:00,432.61237797424354,436.2375035396276,432.38943121379657,434.9483642578125,97176900,0.0,0.0,0.0
2023-11-15 00:00:00-05:00,436.28598819138983,437.51700226405256,435.01622391603615,435.86920166015625,77327600,0.0,0.0,0.0
2023-11-16 00:00:00-05:00,435.42335386000235,436.72219562577186,434.3571316402488,436.40234375,66665800,0.0,0.0,0.0
2023-11-17 00:00:00-05:00,436.41203399072475,437.55581582516845,435.4912285306581,436.9451599121094,83133200,0.0,0.0,0.0
2023-11-20 00:00:00-05:00,436.69317062740305,441.15189980346776,436.683468285051,440.3086242675781,69936200,0.0,0.0,0.0
2023-11-21 00:00:00-05:00,439.2617056622207,440.1825406267048,438.0791737195552,439.34893798828125,49244600,0.0,0.0,0.0
2023-11-22 00:00:00-05:00,441.00641581534256,442.36341233286754,439.94989604168717,441.045166015625,59394900,0.0,0.0,0.0
2023-11-24 00:00:00-05:00,441.09367216063396,441.51045868866237,440.7641179584505,441.31658935546875,29737400,0.0,0.0,0.0
2023-11-27 00:00:00-05:00,440.68658238826873,441.5007803874619,440.13408138085987,440.5218200683594,50506000,0.0,0.0,0.0
2023-11-28 00:00:00-05:00,440.13401604160293,442.2567578452073,439.57184235667916,440.9579162597656,62115000,0.0,0.0,0.0
2023-11-29 00:00:00-05:00,443.10979527762873,444.2438747206066,440.2504147680835,440.6477966308594,63146000,0.0,0.0,0.0
2023-11-30 00:00:00-05:00,441.4910541020233,442.7317408428034,439.41676478055234,442.3827819824219,79752700,0.0,0.0,0.0
2023-12-01 00:00:00-05:00,441.77219472169025,445.53303530779465,441.18094348970146,444.99993896484375,89183400,0.0,0.0,0.0
2023-12-04 00:00:00-05:00,441.60739008872554,445.019271433423,440.3860783753154,442.6639099121094,72430900,0.0,0.0,0.0
2023-12-05 00:00:00-05:00,441.27787936550914,443.5363064434526,440.89984300542426,442.57672119140625,69793500,0.0,0.0,0.0
2023-12-06 00:00:00-05:00,444.718815610949,444.7478930540511,440.35702166378525,440.793212890625,69124700,0.0,0.0,0.0
2023-12-07 00:00:00-05:00,442.8771496276889,444.8060222628319,442.27619611806483,444.1566162109375,66995400,0.0,0.0,0.0
2023-12-08 00:00:00-05:00,443.4102636541943,446.5992278993257,443.16794177253433,446.0661315917969,83194400,0.0,0.0,0.0
2023-12-11 00:00:00-05:00,445.5717979195869,447.97564170163525,445.358553474564,447.8011474609375,65002200,0.0,0.0,0.0
2023-12-12 00:00:00-05:00,447.45220263628306,449.94327866221204,446.4538376737931,449.8463439941406,68327600,0.0,0.0,0.0
2023-12-13 00:00:00-05:00,450.2243768877482,456.3018289230582,449.8657452173365,456.0498046875,93278000,0.0,0.0,0.0
2023-12-14 00:00:00-05:00,457.98839971929596,459.18063413890565,454.83821495932193,457.5134582519531,119026000,0.0,0.0,0.0
2023-12-15 00:00:00-05:00,456.9158196636758,458.0934340813363,454.9109942306135,456.7601013183594,141553700,1.906,0.0,0.0
2023-12-18 00:00:00-05:00,458.3659614924249,460.31239637628556,457.3051580447496,459.3294372558594,70375300,0.0,0.0,0.0
2023-12-19 00:00:00-05:00,459.8744287176748,462.2004326198957,459.79658439176796,462.12255859375,55761800,0.0,0.0,0.0
2023-12-20 00:00:00-05:00,461.26613266046417,463.15417688283,455.2905929826461,455.71881103515625,102921000,0.0,0.0,0.0
2023-12-21 00:00:00-05:00,458.70661451880187,460.3124472356047,456.2833123247245,460.0399475097656,86667500,0.0,0.0,0.0
2023-12-22 00:00:00-05:00,461.1687838422537,462.6480933014032,459.06666039020405,460.96441650390625,67160400,0.0,0.0,0.0
2023-12-26 00:00:00-05:00,461.37315728833744,463.8159126462135,461.29528326802847,462.91082763671875,55387000,0.0,0.0,0.0
2023-12-27 00:00:00-05:00,462.7064835048319,463.8938099220547,462.1712258143802,463.7478332519531,68000300,0.0,0.0,0.0
2023-12-28 00:00:00-05:00,464.10794836189996,464.75998742977106,463.5045582870676,463.92303466796875,77158100,0.0,0.0,0.0
2023-12-29 00:00:00-05:00,463.72837604213146,464.2539217843669,460.62380998189565,462.5799865722656,122283100,0.0,0.0,0.0
2024-01-02 00:00:00-05:00,459.5143439023402,460.9839117212058,457.8890577311239,459.9912109375,123623700,0.0,0.0,0.0
2024-01-03 00:00:00-05:00,457.83068032303305,458.570335093064,455.6312290704376,456.234619140625,103585900,0.0,0.0,0.0
2024-01-04 00:00:00-05:00,455.7577162648923,458.3464782249613,454.5411944622418,454.7650451660156,84232200,0.0,0.0,0.0
2024-01-05 00:00:00-05:00,454.9694638511856,457.8404675094983,453.93785562215123,455.3879699707031,86118900,0.0,0.0,0.0
2024-01-08 00:00:00-05:00,455.884242835596,462.0349842457667,455.7577198150965,461.8890075683594,74879100,0.0,0.0,0.0
2024-01-09 00:00:00-05:00,459.23211686361327,462.2101599071882,458.72605447786003,461.18829345703125,65931400,0.0,0.0,0.0
2024-01-10 00:00:00-05:00,461.46073210525145,464.66262543249644,461.1784907638839,463.79644775390625,67310600,0.0,0.0,0.0
2024-01-11 00:00:00-05:00,464.79894328451786,465.31474737264404,459.61170706620095,463.5921630859375,77940700,0.0,0.0,0.0
2024-01-12 00:00:00-05:00,465.04220480544996,465.7818595429952,462.502121615046,463.91326904296875,58026400,0.0,0.0,0.0
2024-01-16 00:00:00-05:00,462.53132242501596,463.8451421871986,460.39023221216354,462.21014404296875,85014900,0.0,0.0,0.0
2024-01-17 00:00:00-05:00,459.18345575970955,460.1274778564824,457.28566988777015,459.640869140625,68843900,0.0,0.0,0.0
2024-01-18 00:00:00-05:00,461.3147421049115,464.2830429912835,459.76733016117544,463.7283020019531,91856200,0.0,0.0,0.0
2024-01-19 00:00:00-05:00,464.85726900395974,469.7914881784232,463.7770119836413,469.5092468261719,110834500,0.0,0.0,0.0
2024-01-22 00:00:00-05:00,471.0469524804882,472.2245371914283,469.8498844138423,470.501953125,75844900,0.0,0.0,0.0
2024-01-23 00:00:00-05:00,471.04699545665005,472.1175109095896,469.9569966462272,471.87420654296875,49945300,0.0,0.0,0.0
2024-01-24 00:00:00-05:00,474.74521482696895,475.679495288325,471.89369474893255,472.3900451660156,81765000,0.0,0.0,0.0
2024-01-25 00:00:00-05:00,474.52139081678,475.2318503066767,472.3900717475741,474.9593505859375,72525000,0.0,0.0,0.0
2024-01-26 00:00:00-05:00,474.53106799985125,476.02008943226616,473.5092016110277,474.35589599609375,76641600,0.0,0.0,0.0
2024-01-29 00:00:00-05:00,474.66734997690736,478.2585246858996,474.12235058965683,478.1125183105469,61322800,0.0,0.0,0.0
2024-01-30 00:00:00-05:00,477.4214974259143,478.45310543351826,476.9835377414516,477.74267578125,58618400,0.0,0.0,0.0
2024-01-31 00:00:00-05:00,475.5334936248827,475.98116532447904,469.9277517507619,469.9472351074219,126011100,0.0,0.0,0.0
2024-02-01 00:00:00-05:00,471.65038103588824,476.1271872790658,470.8425939142762,476.0979919433594,91891600,0.0,0.0,0.0
2024-02-02 00:00:00-05:00,476.53588232086173,482.7644675885541,476.19525029914104,481.1100158691406,99228200,0.0,0.0,0.0
2024-02-05 00:00:00-05:00,480.4774696836803,481.1392504253947,477.1004039249224,479.3582458496094,75757100,0.0,0.0,0.0
2024-02-06 00:00:00-05:00,480.30229855776366,481.0808903919301,478.87166761898953,480.75,55918600,0.0,0.0,0.0
2024-02-07 00:00:00-05:00,482.9980918458816,485.17808940845316,482.0929770540646,484.7596130371094,70556500,0.0,0.0,0.0
2024-02-08 00:00:00-05:00,484.759615339305,485.3532637246949,483.9421162494583,484.9737243652344,52343600,0.0,0.0,0.0
2024-02-09 00:00:00-05:00,485.47977226451565,488.2145108276318,485.13914022884614,487.7765808105469,63979400,0.0,0.0,0.0
2024-02-12 00:00:00-05:00,487.747352637465,490.0149359961155,486.84223792928447,487.56243896484375,56502300,0.0,0.0,0.0
2024-02-13 00:00:00-05:00,481.28521924942925,483.776653518952,477.5772631803255,480.8472595214844,113099200,0.0,0.0,0.0
2024-02-14 00:00:00-05:00,483.4847151074999,485.70364975049426,481.1587110987094,485.217041015625,68387800,0.0,0.0,0.0
2024-02-15 00:00:00-05:00,485.9177581862181,488.74982458371477,485.4408614304675,488.5649108886719,61683000,0.0,0.0,0.0
2024-02-16 00:00:00-05:00,488.2632150838705,489.401862888149,485.3922116760664,486.1318664550781,75532900,0.0,0.0,0.0
2024-02-20 00:00:00-05:00,484.3897857981468,485.06130820828355,481.20737545898015,483.45550537109375,71736700,0.0,0.0,0.0
2024-02-21 00:00:00-05:00,482.15139479243277,484.0491509708409,480.3411949189208,483.8934326171875,59293400,0.0,0.0,0.0
2024-02-22 00:00:00-05:00,490.51131764803023,494.87131264849836,489.54781221335594,493.9078369140625,76402500,0.0,0.0,0.0
2024-02-23 00:00:00-05:00,495.6303956264625,496.4673780025352,493.51853058146656,494.2484436035156,61321800,0.0,0.0,0.0
2024-02-26 00:00:00-05:00,494.6864234153272,495.12438315275733,492.3117704350963,492.43829345703125,50386700,0.0,0.0,0.0
2024-02-27 00:00:00-05:00,493.12932839301254,493.57700013535407,491.2315423522682,493.3531494140625,48854500,0.0,0.0,0.0
2024-02-28 00:00:00-05:00,491.7959045901359,493.28492593001334,491.435818926933,492.7010192871094,56506600,0.0,0.0,0.0
2024-02-29 00:00:00-05:00,494.46257806109645,496.0878345083775,491.815425510208,494.4722900390625,83924800,0.0,0.0,0.0
2024-03-01 00:00:00-05:00,495.3482154895911,499.54275051356746,494.9394511031337,499.1145324707031,76844800,0.0,0.0,0.0
2024-03-04 00:00:00-05:00,498.31658685191803,500.42845220247364,498.28736181458015,498.5793151855469,49799300,0.0,0.0,0.0
2024-03-05 00:00:00-05:00,496.5744479650044,497.0221493633574,491.38721217314117,493.5964050292969,72855600,0.0,0.0,0.0
2024-03-06 00:00:00-05:00,496.87609616392615,498.35540551430984,494.8031681983377,496.0975341796875,68382400,0.0,0.0,0.0
2024-03-07 00:00:00-05:00,499.39680772832526,502.0731556685532,496.15597704493354,501.0220642089844,58652100,0.0,0.0,0.0
2024-03-08 00:00:00-05:00,501.6546849790431,504.3407152276024,497.4406368151398,498.01483154296875,86532500,0.0,0.0,0.0
2024-03-11 00:00:00-04:00,496.80795540947446,498.1704536274836,494.8809745509971,497.5865173339844,62557200,0.0,0.0,0.0
2024-03-12 00:00:00-04:00,499.6985003866654,503.5232377514132,497.17784111143084,502.9393310546875,73114400,0.0,0.0,0.0
2024-03-13 00:00:00-04:00,503.26039141885445,503.43556340746846,500.7105668060212,502.1509094238281,55104100,0.0,0.0,0.0
2024-03-14 00:00:00-04:00,503.1241533654222,503.27990140830235,498.1121195690471,501.1582946777344,110171800,0.0,0.0,0.0
2024-03-15 00:00:00-04:00,498.08804798108406,499.54266772632866,496.0477073102581,497.7170715332031,107646300,1.595,0.0,0.0
2024-03-18 00:00:00-04:00,501.7879780994152,503.2327960119457,500.2650442068728,500.675048828125,88893300,0.0,0.0,0.0
2024-03-19 00:00:00-04:00,499.9820112945357,503.7405165081089,498.976454143322,503.4574279785156,60755300,0.0,0.0,0.0
2024-03-20 00:00:00-04:00,503.515925395574,508.25067121798276,502.8423166074447,508.1139831542969,69594600,0.0,0.0,0.0
2024-03-21 00:00:00-04:00,510.9549424076125,511.6578075346775,509.5100647824686,509.793212890625,60256100,0.0,0.0,0.0
2024-03-22 00:00:00-04:00,509.7053025616341,510.19342318455074,508.59237324097523,508.82672119140625,79070800,0.0,0.0,0.0
2024-03-25 00:00:00-04:00,507.45024624676745,508.57294764309427,507.2647580052451,507.4209899902344,48512100,0.0,0.0,0.0
2024-03-26 00:00:00-04:00,508.8462213354942,509.1879415331935,506.0835014250274,506.4837341308594,65463700,0.0,0.0,0.0
2024-03-27 00:00:00-04:00,509.3148990950555,510.7792611284968,507.1476123013397,510.74017333984375,82999800,0.0,0.0,0.0
2024-03-28 00:00:00-04:00,510.7791441135719,512.145845947325,510.3593675770243,510.6424560546875,96294900,0.0,0.0,0.0
2024-04-01 00:00:00-04:00,511.38445509453464,511.92137584867254,508.5923599199536,509.75408935546875,62477500,0.0,0.0,0.0
2024-04-02 00:00:00-04:00,505.9273114756069,506.64972054640486,504.2091171531449,506.5130920410156,74230300,0.0,0.0,0.0
2024-04-03 00:00:00-04:00,505.41957743973774,508.5728771082824,505.3707772955882,507.0694274902344,59155800,0.0,0.0,0.0
2024-04-04 00:00:00-04:00,511.08182923475704,511.42348983220387,500.57746403679687,500.8800964355469,96858100,0.0,0.0,0.0
2024-04-05 00:00:00-04:00,502.2370828649808,508.0749863325785,501.7977623960231,506.11273193359375,74546500,0.0,0.0,0.0
2024-04-08 00:00:00-04:00,506.8156491443553,507.8211466086966,505.5855756833857,506.39581298828125,48401800,0.0,0.0,0.0
2024-04-09 00:00:00-04:00,508.13352480372953,508.3775850942212,502.12961782362083,506.9815673828125,68049200,0.0,0.0,0.0
2024-04-10 00:00:00-04:00,501.28031218136,503.8966314464908,499.9233821983309,501.9051208496094,82652800,0.0,0.0,0.0
2024-04-11 00:00:00-04:00,503.4281061989144,507.13781122017554,499.9136613545702,505.6929931640625,70099000,0.0,0.0,0.0
2024-04-12 00:00:00-04:00,502.14915720623463,503.56471879538526,496.98483316388626,498.7127990722656,92561100,0.0,0.0,0.0
2024-04-15 00:00:00-04:00,502.8911540643935,503.05709839116423,491.61554988176164,492.46490478515625,92101400,0.0,0.0,0.0
2024-04-16 00:00:00-04:00,492.94324564322153,494.4661795680653,490.27809637848605,491.5667419433594,73484000,0.0,0.0,0.0
2024-04-17 00:00:00-04:00,494.0268893119992,494.1928634388067,487.2615443714678,488.6575622558594,75910300,0.0,0.0,0.0
2024-04-18 00:00:00-04:00,490.0536135988177,492.15252641432477,486.7148552774961,487.65203857421875,74548100,0.0,0.0,0.0
2024-04-19 00:00:00-04:00,487.57394131853926,488.56969668668467,482.1264983587833,483.3956298828125,102212600,0.0,0.0,0.0
2024-04-22 00:00:00-04:00,486.0021189287348,490.4440340397871,483.6591461256328,487.84722900390625,67961000,0.0,0.0,0.0
2024-04-23 00:00:00-04:00,489.85830389464087,494.0659010467374,487.6617612136965,493.6363525390625,64633600,0.0,0.0,0.0
2024-04-24 00:00:00-04:00,494.52477110173174,495.31552414024065,491.1762707245871,493.402099609375,55928100,0.0,0.0,0.0
2024-04-25 00:00:00-04:00,487.3200821932215,492.28914639879576,485.6702321576898,491.5276794433594,69122400,0.0,0.0,0.0
2024-04-26 00:00:00-04:00,494.3197628446228,497.7658932650639,493.6852119906925,496.18438720703125,64306100,0.0,0.0,0.0
2024-04-29 00:00:00-04:00,497.97087540007783,498.61519817399505,495.19835393785416,497.94158935546875,46415400,0.0,0.0,0.0
2024-04-30 00:00:00-04:00,496.4772431240589,497.45348436502843,490.0535888671875,490.0535888671875,77483600,0.0,0.0,0.0
2024-05-01 00:00:00-04:00,489.46786865773555,496.11606953951656,487.9937347584278,488.46234130859375,80242800,0.0,0.0,0.0
2024-05-02 00:00:00-04:00,492.1720003799534,493.8706803453591,487.6812848525579,493.0310974121094,62550200,0.0,0.0,0.0
2024-05-03 00:00:00-04:00,499.01547889074567,500.372438730604,496.47724569258963,499.14239501953125,72756700,0.0,0.0,0.0
2024-05-06 00:00:00-04:00,501.54395898532556,504.3359947534281,501.1046384911043,504.2969665527344,47264700,0.0,0.0,0.0
2024-05-07 00:00:00-04:00,505.2634287213709,506.2494419365131,504.17981521335923,504.8534240722656,52561300,0.0,0.0,0.0
2024-05-08 00:00:00-04:00,503.018113594187,505.439173007877,502.90096940223697,504.9022521972656,42047200,0.0,0.0,0.0
2024-05-09 00:00:00-04:00,505.08764898476056,507.8504281122988,504.43358410061904,507.81134033203125,43643700,0.0,0.0,0.0
2024-05-10 00:00:00-04:00,509.4124405414531,510.22273745681827,507.2452135831723,508.46551513671875,52233200,0.0,0.0,0.0
2024-05-13 00:00:00-04:00,510.1446047910038,510.2519770237958,507.3915974260266,508.5337829589844,36716400,0.0,0.0,0.0
2024-05-14 00:00:00-04:00,508.7290945781237,511.3845019246286,508.19217377481715,510.8670654296875,57535900,0.0,0.0,0.0
2024-05-15 00:00:00-04:00,513.3369504006804,517.4859756907869,512.7023697575905,517.193115234375,59504900,0.0,0.0,0.0
2024-05-16 00:00:00-04:00,517.2906967075278,518.8917465910545,515.9825072697596,516.1289672851562,50244800,0.0,0.0,0.0
2024-05-17 00:00:00-04:00,516.2461019816988,516.9392546781255,514.7915121402848,516.8709106445312,59187600,0.0,0.0,0.0
2024-05-20 00:00:00-04:00,516.9880819887991,518.930792527948,516.5975616577482,517.4664306640625,37764200,0.0,0.0,0.0
2024-05-21 00:00:00-04:00,516.7049957755823,518.8917666350982,516.4999636631139,518.7355346679688,33437000,0.0,0.0,0.0
2024-05-22 00:00:00-04:00,518.0424683735625,518.7551054535538,515.0648847480338,517.241943359375,48390000,0.0,0.0,0.0
2024-05-23 00:00:00-04:00,520.2974940619036,520.4048662857896,512.2532170997966,513.4638061523438,57211200,0.0,0.0,0.0
2024-05-24 00:00:00-04:00,515.3088952889863,517.6714419020187,514.3619699226733,516.8611450195312,41291100,0.0,0.0,0.0
2024-05-28 00:00:00-04:00,517.6715045678355,517.9057929513657,514.5865486245773,517.222412109375,36269600,0.0,0.0,0.0
2024-05-29 00:00:00-04:00,513.1905202395113,514.7817983278129,512.8878878194378,513.6005249023438,45190300,0.0,0.0,0.0
2024-05-30 00:00:00-04:00,512.0581051762924,512.7219421093527,508.9438930493387,510.1934509277344,46377600,0.0,0.0,0.0
2024-05-31 00:00:00-04:00,511.15023176853157,514.9673092079909,506.0444490191236,514.8403930664062,90785800,0.0,0.0,0.0
2024-06-03 00:00:00-04:00,516.4511159966606,516.7342044816085,510.18360486685094,515.2600708007812,46835700,0.0,0.0,0.0
2024-06-04 00:00:00-04:00,513.9519821715993,516.5780734778808,512.4876203186922,515.8361206054688,34632700,0.0,0.0,0.0
2024-06-05 00:00:00-04:00,518.1596136281009,521.9864628385163,516.1680432425981,521.9669189453125,47610400,0.0,0.0,0.0
2024-06-06 00:00:00-04:00,522.2694966184689,522.6990451286446,520.0241537818829,521.9570922851562,30808500,0.0,0.0,0.0
2024-06-07 00:00:00-04:00,520.9808506310355,524.1341502130953,519.8874652579173,521.3225708007812,43224500,0.0,0.0,0.0
2024-06-10 00:00:00-04:00,520.5122296802525,523.2554648254413,519.9167369014993,522.9332885742188,35686100,0.0,0.0,0.0
2024-06-11 00:00:00-04:00,521.3811087600108,524.2512600728273,519.4090826052437,524.1926879882812,36383400,0.0,0.0,0.0
2024-06-12 00:00:00-04:00,528.7615289974312,531.1923600659605,527.4631115100716,528.4979248046875,63251300,0.0,0.0,0.0
2024-06-13 00:00:00-04:00,530.2453313113303,530.4210475438873,526.769915680151,529.5619506835938,44760900,0.0,0.0,0.0
2024-06-14 00:00:00-04:00,528.0293342324846,529.9134725597781,527.0237772162169,529.8842163085938,40089900,0.0,0.0,0.0
2024-06-17 00:00:00-04:00,529.2008719569648,535.4976399183048,528.7420075865693,534.1015625,55839500,0.0,0.0,0.0
2024-06-18 00:00:00-04:00,534.16013957423,535.585473259027,533.7403629842298,535.4585571289062,41376400,0.0,0.0,0.0
2024-06-20 00:00:00-04:00,536.385998334327,537.0498352385172,532.2272010481894,534.0039672851562,70328200,0.0,0.0,0.0
2024-06-21 00:00:00-04:00,533.1803062748603,534.4045446160707,531.828742363983,533.2880249023438,64338600,1.759,0.0,0.0
2024-06-24 00:00:00-04:00,533.1117619254674,535.6777608035513,531.4369822915095,531.5545043945312,45528700,0.0,0.0,0.0
2024-06-25 00:00:00-04:00,532.7787259572508,533.9638101987721,531.260682360104,533.6014404296875,37936200,0.0,0.0,0.0
2024-06-26 00:00:00-04:00,532.4849577215607,534.9823921713983,531.8385861304241,534.2674560546875,38550600,0.0,0.0,0.0
2024-06-27 00:00:00-04:00,534.1302894973802,535.6875469780335,533.3859430174333,535.1096801757812,35041500,0.0,0.0,0.0
2024-06-28 00:00:00-04:00,535.883439640916,538.9391939081404,531.76024266257,533.0040283203125,76144500,0.0,0.0,0.0
2024-07-01 00:00:00-04:00,534.3848928648134,534.6297405125247,531.339002473828,534.1008911132812,40297800,0.0,0.0,0.0
2024-07-02 00:00:00-04:00,532.4947501316359,537.6953125,532.4457925507478,537.6953125,40434800,0.0,0.0,0.0
2024-07-03 00:00:00-04:00,537.3818563773293,540.457157354787,537.3427022712717,540.0947875976562,32789900,0.0,0.0,0.0
2024-07-05 00:00:00-04:00,540.3984429341523,543.6108134486142,539.7618150479054,543.2092895507812,41488400,0.0,0.0,0.0
2024-07-08 00:00:00-04:00,543.9927357696513,544.7860397915607,542.7684974779849,543.8360595703125,36110500,0.0,0.0,0.0
2024-07-09 00:00:00-04:00,544.7958024014986,545.6968249789537,544.0710629515506,544.3648681640625,27289700,0.0,0.0,0.0
2024-07-10 00:00:00-04:00,545.5891764995068,550.0943497431794,545.2953712492263,549.7515869140625,38701200,0.0,0.0,0.0
2024-07-11 00:00:00-04:00,549.869152242232,550.7408243676441,544.3747844096212,545.0113525390625,53054200,0.0,0.0,0.0
2024-07-12 00:00:00-04:00,546.1376269625789,552.0531251206323,545.667538567234,548.448974609375,53084400,0.0,0.0,0.0
2024-07-15 00:00:00-04:00,550.4469707289841,553.1990561394715,548.0964091939553,549.957275390625,40584300,0.0,0.0,0.0
2024-07-16 00:00:00-04:00,551.269528320365,553.5123110551864,550.5153785034055,553.218505859375,36475300,0.0,0.0,0.0
2024-07-17 00:00:00-04:00,547.2835053633577,548.9582849622979,545.1386373621594,545.4618530273438,57119000,0.0,0.0,0.0
2024-07-18 00:00:00-04:00,546.9995524787638,547.988746727991,539.0860582622142,541.2700805664062,56270400,0.0,0.0,0.0
2024-07-19 00:00:00-04:00,541.0350233261719,542.6608454522978,536.6179614633988,537.6757202148438,65509100,0.0,0.0,0.0
2024-07-22 00:00:00-04:00,541.6030975244146,543.8263337080781,539.6639229224022,543.2191162109375,43346700,0.0,0.0,0.0
2024-07-23 00:00:00-04:00,543.1112299862826,545.2659012148495,541.8772480700306,542.366943359375,34439600,0.0,0.0,0.0
2024-07-24 00:00:00-04:00,537.5483785668235,537.8519873002513,529.1549928867055,530.0756225585938,74515300,0.0,0.0,0.0
2024-07-25 00:00:00-04:00,530.193193121847,536.1773164246895,526.3736048145187,527.3137817382812,61158300,0.0,0.0,0.0
2024-07-26 00:00:00-04:00,531.1040247828195,535.9128068838628,530.3302678617441,533.219482421875,53763800,0.0,0.0,0.0
2024-07-29 00:00:00-04:00,534.7669398202207,535.7756811771844,531.5349026238763,533.5328979492188,39515800,0.0,0.0,0.0
2024-07-30 00:00:00-04:00,535.0019870020752,536.059745722708,527.4215123549488,530.8297729492188,46853600,0.0,0.0,0.0
2024-07-31 00:00:00-04:00,537.6658891932146,542.0927543010554,536.2947780748914,539.4581909179688,65663400,0.0,0.0,0.0
2024-08-01 00:00:00-04:00,541.1819427118934,543.4345294348678,528.3127341764186,531.8189697265625,76428700,0.0,0.0,0.0
2024-08-02 00:00:00-04:00,524.7085367838448,525.9229716163323,517.705869778205,521.9172973632812,82789100,0.0,0.0,0.0
2024-08-05 00:00:00-04:00,501.0955002341847,512.7894282399624,499.75370979338373,506.7171936035156,146267400,0.0,0.0,0.0
2024-08-06 00:00:00-04:00,508.5192787931633,518.832292941033,507.19712508166475,511.3889465332031,84826300,0.0,0.0,0.0
2024-08-07 00:00:00-04:00,517.5785847252098,520.63433876445,507.3733501679388,507.97076416015625,70698300,0.0,0.0,0.0
2024-08-08 00:00:00-04:00,513.1125407389065,520.3404486814812,511.08525465156777,519.7136840820312,63276600,0.0,0.0,0.0
2024-08-09 00:00:00-04:00,518.8910375919244,523.4941863094633,517.66679909137,522.0054931640625,45619600,0.0,0.0,0.0
2024-08-12 00:00:00-04:00,523.2003538167259,524.6889871074426,520.0075304089534,522.2797241210938,42542100,0.0,0.0,0.0
2024-08-13 00:00:00-04:00,525.4725041133277,531.1040004577378,525.2276564461794,530.868896484375,52333100,0.0,0.0,0.0
2024-08-14 00:00:00-04:00,531.6621646835201,533.7287242856177,528.9884474672805,532.5436401367188,42446900,0.0,0.0,0.0
2024-08-15 00:00:00-04:00,538.1752594686596,541.9556937145602,537.5680419380651,541.6716918945312,60846800,0.0,0.0,0.0
2024-08-16 00:00:00-04:00,540.0556546584454,543.5814973816967,539.8989784334714,542.8861083984375,44430700,0.0,0.0,0.0
2024-08-19 00:00:00-04:00,543.2973511166235,548.0767822265625,542.4452860411917,548.0767822265625,39121800,0.0,0.0,0.0
2024-08-20 00:00:00-04:00,547.6264067744836,549.2815796690877,545.843908289735,547.1856689453125,33732300,0.0,0.0,0.0
2024-08-21 00:00:00-04:00,548.2335208659752,550.5252615016209,543.2973537542563,549.0659790039062,41514600,0.0,0.0,0.0
2024-08-22 00:00:00-04:00,550.9660160166799,551.5732334533072,543.5422179587766,544.7566528320312,56121500,0.0,0.0,0.0
2024-08-23 00:00:00-04:00,547.9984691071246,551.4850973665338,545.8045838781815,550.5448608398438,50639400,0.0,0.0,0.0
2024-08-26 00:00:00-04:00,551.5732410031779,552.2881770773529,547.528352675827,549.2324829101562,35788600,0.0,0.0,0.0
2024-08-27 00:00:00-04:00,547.9593482100599,550.4763897351174,546.8134777136145,549.9866943359375,32693900,0.0,0.0,0.0
2024-08-28 00:00:00-04:00,549.6438836929623,550.0748179978751,543.6009999526875,546.7938232421875,41066000,0.0,0.0,0.0
2024-08-29 00:00:00-04:00,548.7624619787401,552.0630042239653,545.6969639633883,546.8428344726562,38715200,0.0,0.0,0.0
2024-08-30 00:00:00-04:00,549.2128659703031,552.5721684331874,545.6576734390724,552.0628662109375,62700100,0.0,0.0,0.0
2024-09-03 00:00:00-04:00,548.919006824782,549.2520259222431,538.1849243812507,540.7019653320312,60600100,0.0,0.0,0.0
2024-09-04 00:00:00-04:00,538.8607938634791,543.0035975400444,538.1360542845994,539.5953369140625,47224900,0.0,0.0,0.0
2024-09-05 00:00:00-04:00,539.5366078915503,542.3866087950116,535.8246785314534,538.282958984375,44264300,0.0,0.0,0.0
2024-09-06 00:00:00-04:00,538.60608979078,540.231851947678,528.3224880929642,529.2235107421875,68493800,0.0,0.0,0.0
2024-09-09 00:00:00-04:00,533.4251264283236,536.4220593419303,531.495695817922,535.1488037109375,40445800,0.0,0.0,0.0
2024-09-10 00:00:00-04:00,537.0586665381934,537.8324234437913,532.1813200114981,537.4797973632812,36394600,0.0,0.0,0.0
2024-09-11 00:00:00-04:00,537.3916279053534,543.914342923255,528.8317637255883,542.9937133789062,75248600,0.0,0.0,0.0
2024-09-12 00:00:00-04:00,543.5716957640475,547.87123570908,541.348459526308,547.567626953125,51819600,0.0,0.0,0.0
2024-09-13 00:00:00-04:00,548.1747815451495,551.4263657909838,547.9201304028155,550.4273681640625,39310500,0.0,0.0,0.0
2024-09-16 00:00:00-04:00,550.1629297590999,551.5046902542234,548.360884321784,551.2402954101562,36656100,0.0,0.0,0.0
2024-09-17 00:00:00-04:00,553.4536471249235,554.9031859740162,549.2324757022386,551.4655151367188,49321000,0.0,0.0,0.0
2024-09-18 00:00:00-04:00,552.1216967889254,556.9696926491016,549.2716961893568,549.8299560546875,59044900,0.0,0.0,0.0
2024-09-19 00:00:00-04:00,559.2418737919741,561.0733295553275,556.3722663136862,559.2124633789062,75315500,0.0,0.0,0.0
2024-09-20 00:00:00-04:00,557.843033129673,559.2871245583524,555.219996107625,558.2457885742188,77503100,1.746,0.0,0.0
2024-09-23 00:00:00-04:00,559.3167220049795,560.2892833331648,558.0985019985221,559.640869140625,44116900,0.0,0.0,0.0
2024-09-24 00:00:00-04:00,560.4365555490466,561.3010677532865,557.6072537825559,561.2421264648438,46805700,0.0,0.0,0.0
2024-09-25 00:00:00-04:00,561.0850037974096,561.8217999280521,558.8942225290759,560.0043334960938,38428600,0.0,0.0,0.0
2024-09-26 00:00:00-04:00,564.2678851150425,564.5920921622151,559.866775948692,562.2244873046875,48336000,0.0,0.0,0.0
2024-09-27 00:00:00-04:00,563.2952985697877,564.1106429805404,560.377555197848,561.4090576171875,42100900,0.0,0.0,0.0
2024-09-30 00:00:00-04:00,560.3775279948936,564.2678323150915,558.0787581388843,563.6587524414062,63557400,0.0,0.0,0.0
2024-10-01 00:00:00-04:00,563.3051897855821,563.9535439565005,556.035444442894,558.6093139648438,72668800,0.0,0.0,0.0
2024-10-02 00:00:00-04:00,557.715374727311,559.866821742494,555.3183290115846,558.8450927734375,38097800,0.0,0.0,0.0
2024-10-03 00:00:00-04:00,557.3715020969081,559.7685478192003,555.5344286086627,557.8234252929688,40846500,0.0,0.0,0.0
2024-10-04 00:00:00-04:00,562.2736036088263,563.2658318866675,558.0984259775333,562.8925170898438,42939100,0.0,0.0,0.0
2024-10-07 00:00:00-04:00,561.2421538745174,561.8905680396737,556.6543868115797,557.8037719726562,49964700,0.0,0.0,0.0
2024-10-08 00:00:00-04:00,560.377637870892,563.67853004462,559.5033520489247,563.0792236328125,37398700,0.0,0.0,0.0
2024-10-09 00:00:00-04:00,563.0693978961492,567.5393423690588,562.4701514366566,566.9793701171875,37912200,0.0,0.0,0.0
2024-10-10 00:00:00-04:00,565.6334128471475,567.411544847049,564.375918856187,565.987060546875,44138100,0.0,0.0,0.0
2024-10-11 00:00:00-04:00,565.9084000028585,570.113077691751,565.7708503676648,569.3762817382812,42268000,0.0,0.0,0.0
2024-10-14 00:00:00-04:00,570.9874382986001,574.9661849382893,570.5060744728205,574.0328979492188,36217200,0.0,0.0,0.0
2024-10-15 00:00:00-04:00,574.2981924836022,574.6027324678581,568.3546560789198,569.5728759765625,54203600,0.0,0.0,0.0
2024-10-16 00:00:00-04:00,569.57286786976,572.5691599226542,568.767296964022,572.0484619140625,30725400,0.0,0.0,0.0
2024-10-17 00:00:00-04:00,575.594918349773,575.801242846272,571.9109378019983,572.0975952148438,34393700,0.0,0.0,0.0
2024-10-18 00:00:00-04:00,573.7873532764656,575.0841216421944,572.3235945792737,574.2982177734375,37416800,0.0,0.0,0.0
2024-10-21 00:00:00-04:00,573.5711395635755,574.5535342943244,570.378356688641,573.3550415039062,36439000,0.0,0.0,0.0
2024-10-22 00:00:00-04:00,570.8204209471064,574.2096946097226,570.1622332957213,573.0504760742188,34183800,0.0,0.0,0.0
2024-10-23 00:00:00-04:00,571.0267810694698,571.4688706983893,564.3071746074978,567.8143310546875,49314600,0.0,0.0,0.0
2024-10-24 00:00:00-04:00,569.7693209618997,569.8479293354313,566.4193810527883,569.0423583984375,34979900,0.0,0.0,0.0
2024-10-25 00:00:00-04:00,571.2723713678375,574.1704478252901,567.9027646254573,568.8458251953125,47268200,0.0,0.0,0.0
2024-10-28 00:00:00-04:00,572.3235609618828,572.4512770786239,570.299830137409,570.6043701171875,30174700,0.0,0.0,0.0
2024-10-29 00:00:00-04:00,569.6415908764491,572.6477165136779,568.2466070737139,571.52783203125,42899700,0.0,0.0,0.0
2024-10-30 00:00:00-04:00,571.0562623128328,573.0505525749719,569.0914726763393,569.798828125,41435800,0.0,0.0,0.0
2024-10-31 00:00:00-04:00,565.4271839715354,565.4959588071013,558.4325373559277,558.6290283203125,60182500,0.0,0.0,0.0
2024-11-01 00:00:00-04:00,561.2617936558026,565.4173043933644,560.5741053167588,560.9866943359375,45667500,0.0,0.0,0.0
2024-11-04 00:00:00-05:00,561.1241962515347,562.4209644478059,557.892139281839,559.7783203125,38217000,0.0,0.0,0.0
2024-11-05 00:00:00-05:00,560.6920242782184,566.5863933486033,560.4759261934032,566.547119140625,39478300,0.0,0.0,0.0
2024-11-06 00:00:00-05:00,578.8270705681771,581.5089893813079,575.0841485043231,580.6346435546875,68182000,0.0,0.0,0.0
2024-11-07 00:00:00-05:00,582.6387178727699,586.145874462509,582.5601095007273,585.1241455078125,47233200,0.0,0.0,0.0
2024-11-08 00:00:00-05:00,585.6742957423695,589.0832369047557,585.6742957423695,587.6587524414062,46444900,0.0,0.0,0.0
2024-11-11 00:00:00-05:00,589.2501914582232,589.6038391769904,586.4896646144927,588.2186889648438,37586800,0.0,0.0,0.0
2024-11-12 00:00:00-05:00,588.1401110548398,588.7393574916656,583.9059918696842,586.3914794921875,43006100,0.0,0.0,0.0
2024-11-13 00:00:00-05:00,586.8532154819194,588.6804555395651,584.4856702408568,586.6763916015625,47388600,0.0,0.0,0.0
2024-11-14 00:00:00-05:00,586.804069200042,587.2854330583992,582.2163022724781,582.9039306640625,38904100,0.0,0.0,0.0
2024-11-15 00:00:00-05:00,579.3377611991996,579.8093514182389,573.580942771995,575.4376831054688,75988800,0.0,0.0,0.0
2024-11-18 00:00:00-05:00,575.8994574754852,579.1119076957027,575.0350052053479,577.7955322265625,37001700,0.0,0.0,0.0
2024-11-19 00:00:00-05:00,574.4160398519082,580.6345552744816,573.7480186357969,579.9075927734375,49412000,0.0,0.0,0.0
2024-11-20 00:00:00-05:00,579.9862433981077,580.3889988810581,574.3374733314436,580.1041259765625,50032600,0.0,0.0,0.0
2024-11-21 00:00:00-05:00,582.953055915256,584.6427460672937,577.1077952881657,583.21826171875,46750300,0.0,0.0,0.0
2024-11-22 00:00:00-05:00,583.2084127301733,585.6546259064262,582.7074417987914,585.02587890625,38226400,0.0,0.0,0.0
2024-11-25 00:00:00-05:00,588.965270737662,590.2816460152659,584.7213185752529,587.0103149414062,42441400,0.0,0.0,0.0
2024-11-26 00:00:00-05:00,588.2579731618996,590.7434606979054,587.5408441710033,590.075439453125,45621300,0.0,0.0,0.0
2024-11-27 00:00:00-05:00,589.8887226529953,590.2718110026187,586.7647148108081,588.2874145507812,34000200,0.0,0.0,0.0
2024-11-29 00:00:00-05:00,589.1028202958577,592.7278593888155,588.8277809402925,591.9419555664062,30177400,0.0,0.0,0.0
2024-12-02 00:00:00-05:00,592.354515594293,593.6807844427898,591.8633182342458,593.0029296875,31746000,0.0,0.0,0.0
2024-12-03 00:00:00-05:00,592.7672106157903,593.5236138358292,591.73570807165,593.2780151367188,26906600,0.0,0.0,0.0
2024-12-04 00:00:00-05:00,594.9676840777096,597.2075127280552,594.2996629026728,596.9619140625,42787600,0.0,0.0,0.0
2024-12-05 00:00:00-05:00,596.9618868048642,597.7674575863759,595.625844515795,595.9794921875,28762200,0.0,0.0,0.0
2024-12-06 00:00:00-05:00,596.7458327264936,598.3471408675985,596.3332437457798,597.1093139648438,31241500,0.0,0.0,0.0
2024-12-09 00:00:00-05:00,596.9915028268559,597.1584931551176,593.445071963169,594.0344848632812,34742700,0.0,0.0,0.0
2024-12-10 00:00:00-05:00,594.7122615181331,595.1346840344664,591.5293123546073,592.1875,37234500,0.0,0.0,0.0
2024-12-11 00:00:00-05:00,595.1150870375847,597.7183970026139,594.8399877419274,596.7655029296875,28677700,0.0,0.0,0.0
2024-12-12 00:00:00-05:00,595.9010008938557,596.4707466548862,593.6906127929688,593.6906127929688,31543800,0.0,0.0,0.0
2024-12-13 00:00:00-05:00,595.7242620650901,596.4413911194437,592.197438164754,593.5728149414062,35904700,0.0,0.0,0.0
2024-12-16 00:00:00-05:00,595.3312295236393,597.0799209921157,594.5551592425911,596.1072998046875,43695200,0.0,0.0,0.0
2024-12-17 00:00:00-05:00,593.5530296358272,594.5157572113583,592.2759285750876,593.6512451171875,55773500,0.0,0.0,0.0
2024-12-18 00:00:00-05:00,593.3468374126793,595.7340497636445,575.5753477019516,575.95849609375,108248700,0.0,0.0,0.0
2024-12-19 00:00:00-05:00,580.948961299734,582.5601031255708,575.5359564813775,575.7815551757812,85919500,0.0,0.0,0.0
2024-12-20 00:00:00-05:00,573.4513238514112,587.2314053923626,572.6035752179652,582.6972045898438,125716700,1.966,0.0,0.0
2024-12-23 00:00:00-05:00,582.440932357683,586.7878476994515,579.2570769218985,586.1865844726562,57635800,0.0,0.0,0.0
2024-12-24 00:00:00-05:00,587.5370835235541,592.7416149913781,586.9554933157183,592.7021484375,33160100,0.0,0.0,0.0
2024-12-26 00:00:00-05:00,590.9278604962976,593.8652307760627,589.5281816588665,592.7415771484375,41219100,0.0,0.0,0.0
2024-12-27 00:00:00-05:00,588.9958679237085,589.2324867459512,582.3128451341881,586.5020751953125,64969300,0.0,0.0,0.0
2024-12-30 00:00:00-05:00,579.4837829787388,583.2787078138697,576.0535025430138,579.8090209960938,56578800,0.0,0.0,0.0
2024-12-31 00:00:00-05:00,581.4749602926895,582.194563069081,576.0634704063194,577.6997680664062,57052700,0.0,0.0,0.0
2025-01-02 00:00:00-05:00,580.9624149327,582.6775253068124,572.1995172748154,576.2803344726562,50204000,0.0,0.0,0.0
2025-01-03 00:00:00-05:00,579.1289967873591,584.1264484268344,578.044689478734,583.4857788085938,37888500,0.0,0.0,0.0
2025-01-06 00:00:00-05:00,587.7440676720806,591.1250155334773,585.1122021784661,586.8470458984375,47679400,0.0,0.0,0.0
2025-01-07 00:00:00-05:00,588.877548048508,589.2028462645713,578.3897338233832,580.2132568359375,60393100,0.0,0.0,0.0
2025-01-08 00:00:00-05:00,580.2822309005052,582.1353537217743,576.832277161694,581.0609130859375,47304700,0.0,0.0,0.0
2025-01-10 00:00:00-05:00,577.5025797313914,577.5715860296085,570.2773736421228,572.1896362304688,73105000,0.0,0.0,0.0
2025-01-13 00:00:00-05:00,567.5372072518853,573.4316812597856,567.1231694250464,573.0768432617188,47910100,0.0,0.0,0.0
2025-01-14 00:00:00-05:00,576.0043111010004,576.6351742776535,570.0802375478183,573.8653564453125,48420600,0.0,0.0,0.0
2025-01-15 00:00:00-05:00,581.8889144514343,585.4472807831376,580.7750674581439,584.3038940429688,56900200,0.0,0.0,0.0
2025-01-16 00:00:00-05:00,585.6740907119066,585.8515097161563,582.4804283105531,583.1802978515625,43319700,0.0,0.0,0.0
2025-01-17 00:00:00-05:00,588.4242703969026,590.7899174222187,587.0935375428814,589.035400390625,58070600,0.0,0.0,0.0
2025-01-21 00:00:00-05:00,592.0810894520482,594.4369296257112,590.1096871636119,594.4270629882812,42532900,0.0,0.0,0.0
2025-01-22 00:00:00-05:00,597.2560928487167,599.1289493146973,596.7041025475482,597.7686767578125,48196000,0.0,0.0,0.0
2025-01-23 00:00:00-05:00,597.1377185948221,601.03125,596.8617535693179,601.03125,41152100,0.0,0.0,0.0
2025-01-24 00:00:00-05:00,601.0903888692611,602.0465502262632,598.1234189150732,599.2766723632812,34604700,0.0,0.0,0.0
2025-01-27 00:00:00-05:00,586.3049484329972,591.1151752666312,586.1373960687419,590.7997436523438,70361100,0.0,0.0,0.0
2025-01-28 00:00:00-05:00,592.0318399526346,596.7139205737208,588.7100317776161,595.8760986328125,44433300,0.0,0.0,0.0
2025-01-29 00:00:00-05:00,595.0874967960807,595.4916679771449,590.6518414168764,593.204833984375,37177400,0.0,0.0,0.0
2025-01-30 00:00:00-05:00,595.3240968992558,597.9263022497843,592.130374590218,596.3886108398438,39281300,0.0,0.0,0.0
2025-01-31 00:00:00-05:00,598.8134974486875,601.2383441338676,592.4557124803268,593.2147216796875,66566900,0.0,0.0,0.0
2025-02-03 00:00:00-05:00,584.1954832564219,591.7065212004032,582.0466619706364,589.2225952148438,65857200,0.0,0.0,0.0
2025-02-04 00:00:00-05:00,589.281761222817,593.6878166788046,588.7396375989994,593.17529296875,33457800,0.0,0.0,0.0
2025-02-05 00:00:00-05:00,592.0516161255263,595.7282625539741,590.0210739471236,595.5803833007812,30653100,0.0,0.0,0.0
2025-02-06 00:00:00-05:00,597.3250313642651,597.778475552574,594.013089933138,597.6503295898438,35771500,0.0,0.0,0.0
2025-02-07 00:00:00-05:00,598.2122352633725,599.4344951653416,591.4700123634921,592.1797485351562,50788500,0.0,0.0,0.0
2025-02-10 00:00:00-05:00,595.3931329282537,596.8420848342793,594.1215398587573,596.2013549804688,26048700,0.0,0.0,0.0
2025-02-11 00:00:00-05:00,593.93424024475,597.1969087784863,593.8159609148958,596.65478515625,30056700,0.0,0.0,0.0
2025-02-12 00:00:00-05:00,590.6322360789388,595.9057140143801,589.9520997695843,594.7327270507812,45076100,0.0,0.0,0.0
2025-02-13 00:00:00-05:00,595.8366046698266,601.2185545419917,594.5749384975967,601.0115356445312,40921300,0.0,0.0,0.0
2025-02-14 00:00:00-05:00,601.2185532755497,602.2535274358258,600.360998100256,600.9819946289062,26910400,0.0,0.0,0.0
2025-02-18 00:00:00-05:00,602.145135650955,602.7463989257812,599.6808827255115,602.7463989257812,26749000,0.0,0.0,0.0
2025-02-19 00:00:00-05:00,601.3566081495158,604.4615308486234,600.8440242708047,604.1658325195312,31011100,0.0,0.0,0.0
2025-02-20 00:00:00-05:00,602.7957307474628,602.9337433637311,598.3404019341449,601.65234375,36554000,0.0,0.0,0.0
2025-02-21 00:00:00-05:00,601.435409514207,601.5734221193063,590.8982614234848,591.361572265625,76519800,0.0,0.0,0.0
2025-02-24 00:00:00-05:00,593.4117517618158,594.4073194254672,587.9607962023846,588.6705322265625,50737200,0.0,0.0,0.0
2025-02-25 00:00:00-05:00,588.6115273648803,589.3409366661995,581.1300283822392,585.7431030273438,58266500,0.0,0.0,0.0
2025-02-26 00:00:00-05:00,587.4088964020577,591.0067297705009,583.3970853838995,586.0387573242188,43321600,0.0,0.0,0.0
2025-02-27 00:00:00-05:00,588.3157098294636,589.4690234968429,576.290203877955,576.6844482421875,74196700,0.0,0.0,0.0
2025-02-28 00:00:00-05:00,577.1872200213395,586.2162169760591,574.1118369424444,585.6839599609375,88744100,0.0,0.0,0.0
2025-03-03 00:00:00-05:00,587.6553155599406,588.798762606637,571.6081318173137,575.4227905273438,74249200,0.0,0.0,0.0
2025-03-04 00:00:00-05:00,571.420918082598,577.0196942059655,564.0675647801556,568.6116333007812,109648200,0.0,0.0,0.0
2025-03-05 00:00:00-05:00,568.4439889843314,576.5168836727693,564.8856223320056,574.722900390625,71230500,0.0,0.0,0.0
2025-03-06 00:00:00-05:00,567.2513477016495,571.874289065213,561.9680033325571,564.52099609375,80094900,0.0,0.0,0.0
2025-03-07 00:00:00-05:00,562.7368186254731,569.1340095542192,557.5421542389136,567.6849975585938,81158800,0.0,0.0,0.0
2025-03-10 00:00:00-04:00,559.4742288830657,561.396298293426,547.6458132504099,552.564453125,99326600,0.0,0.0,0.0
2025-03-11 00:00:00-04:00,551.4012280579012,555.9551623983707,544.1267490127518,547.970947265625,88102100,0.0,0.0,0.0
2025-03-12 00:00:00-04:00,554.1315858671662,555.0581473332891,545.7728595599632,550.8787841796875,69588200,0.0,0.0,0.0
2025-03-13 00:00:00-04:00,550.5042540653316,551.1153839968962,541.8202288918889,543.5353393554688,74079400,0.0,0.0,0.0
2025-03-14 00:00:00-04:00,548.1582415612112,555.7678855775432,543.6043071486545,554.762451171875,62660300,0.0,0.0,0.0
2025-03-17 00:00:00-04:00,554.7427633019219,561.5638590041749,554.3090523622551,559.0404663085938,49008700,0.0,0.0,0.0
2025-03-18 00:00:00-04:00,556.7239657249663,556.9408512500528,551.0660510727529,552.998046875,66041400,0.0,0.0,0.0
2025-03-19 00:00:00-04:00,554.7822486316311,562.7861379289428,553.5993951050114,559.020751953125,66556000,0.0,0.0,0.0
2025-03-20 00:00:00-04:00,555.2750866351008,562.4115538615378,554.5554838320709,557.4041748046875,62958200,0.0,0.0,0.0
2025-03-21 00:00:00-04:00,552.9413292589383,558.4877328401925,551.7054963570508,557.5880126953125,83763000,1.696,0.0,0.0
2025-03-24 00:00:00-04:00,564.3307537296456,568.6314886589248,563.7375780431137,567.5736083984375,58766800,0.0,0.0,0.0
2025-03-25 00:00:00-04:00,568.7797678649376,569.8771730865459,567.1880294433175,568.93798828125,38355700,0.0,0.0,0.0
2025-03-26 00:00:00-04:00,568.6710483477373,569.7981425644431,560.7617168790538,562.1458740234375,51848300,0.0,0.0,0.0
2025-03-27 00:00:00-04:00,560.7517966033342,564.4296669577193,558.5371935416607,560.6529541015625,42164200,0.0,0.0,0.0
2025-03-28 00:00:00-04:00,559.120558969836,559.8521624781242,548.7790863172526,549.3623657226562,71662700,0.0,0.0,0.0
2025-03-31 00:00:00-04:00,543.5984015371023,554.3550955683165,540.6719276036363,553.050048828125,95328200,0.0,0.0,0.0
2025-04-01 00:00:00-04:00,551.1321177898429,556.5598868781194,547.4048260096515,554.6121826171875,54609600,0.0,0.0,0.0
2025-04-02 00:00:00-04:00,548.7592465118332,560.9890444564371,548.52197624234,558.1219482421875,76014500,0.0,0.0,0.0
2025-04-03 00:00:00-04:00,538.9319060881811,541.7594774009829,530.6172485351562,530.6172485351562,125986000,0.0,0.0,0.0
2025-04-04 00:00:00-04:00,517.7349036725598,519.9099817661254,499.3358369172059,499.5533447265625,217965100,0.0,0.0,0.0
2025-04-07 00:00:00-04:00,483.6457288710085,517.2405945444942,476.3394695378794,498.66357421875,256611400,0.0,0.0,0.0
2025-04-08 00:00:00-04:00,515.9454154101668,519.0300496454024,483.61604333672847,490.85308837890625,165816600,0.0,0.0,0.0
2025-04-09 00:00:00-04:00,487.84755542038147,542.4021606445312,487.46196103833506,542.4021606445312,241867300,0.0,0.0,0.0
2025-04-10 00:00:00-04:00,526.1385878330984,527.4535310578508,503.5475844453038,518.6346435546875,162331200,0.0,0.0,0.0
2025-04-11 00:00:00-04:00,517.0824330937988,530.3503195313269,514.1757514102393,527.8885498046875,97866300,0.0,0.0,0.0
2025-04-14 00:00:00-04:00,537.8839447885014,538.111379094838,527.8094317224818,533.0098266601562,68034000,0.0,0.0,0.0
2025-04-15 00:00:00-04:00,533.5534957548979,537.0731451747598,530.7259247754906,531.516845703125,56892900,0.0,0.0,0.0
2025-04-16 00:00:00-04:00,525.6541223320015,531.7937621429162,514.3931980244283,519.7023315429688,83484800,0.0,0.0,0.0
2025-04-17 00:00:00-04:00,521.6599483491107,525.1499093262158,517.9721816819745,520.44384765625,79868100,0.0,0.0,0.0
2025-04-21 00:00:00-04:00,515.2533374613439,515.7872559194974,502.69729269891565,508.0558776855469,69368100,0.0,0.0,0.0
2025-04-22 00:00:00-04:00,514.2449494916972,523.3011070538847,513.305704354498,521.2743530273438,75948100,0.0,0.0,0.0
2025-04-23 00:00:00-04:00,534.3049123051696,539.2482437222484,527.8291602174767,529.3516845703125,90590700,0.0,0.0,0.0
2025-04-24 00:00:00-04:00,530.6369834977514,541.2256220112762,529.3814182452572,540.4940185546875,64150400,0.0,0.0,0.0
2025-04-25 00:00:00-04:00,540.454522631326,544.804618673288,537.5280483044934,544.3992919921875,61119600,0.0,0.0,0.0
2025-04-28 00:00:00-04:00,545.1407910444296,547.2762839575454,538.8429907853031,544.6068725585938,47613800,0.0,0.0,0.0
2025-04-29 00:00:00-04:00,542.6888178923871,549.1547344204944,542.3329124899421,548.0375366210938,47775100,0.0,0.0,0.0
2025-04-30 00:00:00-04:00,541.3640295279456,550.2126052496137,535.382610300473,548.2550048828125,93101500,0.0,0.0,0.0
2025-05-01 00:00:00-04:00,554.0189932525213,557.6770710508032,551.5374308999284,552.1405029296875,63186100,0.0,0.0,0.0
2025-05-02 00:00:00-04:00,558.329587021111,561.9382437140476,556.0062449925595,560.3366088867188,60717300,0.0,0.0,0.0
2025-05-05 00:00:00-04:00,556.194064255589,560.2278400664005,555.3339293144951,557.1234130859375,38659200,0.0,0.0,0.0
2025-05-06 00:00:00-04:00,551.6066009560054,556.9651555946843,550.6476235760448,552.4667358398438,48264700,0.0,0.0,0.0
2025-05-07 00:00:00-04:00,553.8014947566288,557.4298834610689,549.738030089525,554.7901611328125,55588000,0.0,0.0,0.0
2025-05-08 00:00:00-04:00,558.8337144066537,563.8462596511741,555.3338575244147,558.65576171875,65130800,0.0,0.0,0.0
2025-05-09 00:00:00-04:00,560.0597310271954,561.0681900796083,556.3819209310694,557.9440307617188,37603400,0.0,0.0,0.0
2025-05-12 00:00:00-04:00,574.8798371188,576.3925257137258,570.5000520977247,576.3826293945312,78993600,0.0,0.0,0.0
2025-05-13 00:00:00-04:00,576.7977862928067,582.403567726764,576.2342995973956,580.18896484375,67947200,0.0,0.0,0.0
2025-05-14 00:00:00-04:00,581.1479585868793,582.3046813078995,578.9036666864055,580.9304809570312,66283500,0.0,0.0,0.0
2025-05-15 00:00:00-04:00,578.9234551699535,584.2721134769878,578.4686469334371,583.7679443359375,71268100,0.0,0.0,0.0
2025-05-16 00:00:00-04:00,584.5489982766968,587.7621640177526,582.6013544692614,587.465576171875,76052100,0.0,0.0,0.0
2025-05-19 00:00:00-04:00,581.4346564328234,588.7903364922698,581.4346564328234,588.108154296875,68168500,0.0,0.0,0.0
2025-05-20 00:00:00-04:00,586.3681900028125,587.3172711404261,582.9176935296509,586.130859375,60614500,0.0,0.0,0.0
2025-05-21 00:00:00-04:00,581.7708032009541,585.8638961879915,575.2258370862548,576.2540283203125,95197700,0.0,0.0,0.0
2025-05-22 00:00:00-04:00,576.0562657117097,579.971405887537,574.8204328669485,576.4814453125,70860400,0.0,0.0,0.0
2025-05-23 00:00:00-04:00,569.4520392436427,575.2159811048424,569.0763411937487,572.5465698242188,76029000,0.0,0.0,0.0
2025-05-27 00:00:00-04:00,579.4276923460704,584.6082943415249,571.8742669840636,584.4501342773438,72588500,0.0,0.0,0.0
2025-05-28 00:00:00-04:00,584.8555180607121,586.051826179252,580.3373051792158,581.0689086914062,68445500,0.0,0.0,0.0
2025-05-29 00:00:00-04:00,586.3384441000501,586.4768718669775,579.4276761926377,583.362548828125,69973300,0.0,0.0,0.0
2025-05-30 00:00:00-04:00,582.2553357440712,584.4304140423015,576.6298211275496,582.7101440429688,90601200,0.0,0.0,0.0
2025-06-02 00:00:00-04:00,581.0986423772898,586.0716035851324,578.4292307095351,585.9925537109375,61630500,0.0,0.0,0.0
2025-06-03 00:00:00-04:00,585.6266079138771,590.3128764026674,585.1421107506463,589.3341064453125,63606200,0.0,0.0,0.0
2025-06-04 00:00:00-04:00,590.1942585782981,591.173028564345,588.7408877328025,589.1759033203125,57314200,0.0,0.0,0.0
2025-06-05 00:00:00-04:00,590.8566609128592,592.2111289512687,584.3512195951713,586.3285522460938,92278700,0.0,0.0,0.0
2025-06-06 00:00:00-04:00,591.8749474768216,594.0203968199735,590.0953601848463,592.3495483398438,66588700,0.0,0.0,0.0
2025-06-09 00:00:00-04:00,592.9229477814916,594.4356362447949,591.7069074945726,592.8834228515625,53016400,0.0,0.0,0.0
2025-06-10 00:00:00-04:00,593.4173023897237,596.6304681071312,592.3001649023746,596.2449340820312,66247000,0.0,0.0,0.0
2025-06-11 00:00:00-04:00,597.3423151819753,598.2024500657004,592.4780937113569,594.5443725585938,73658200,0.0,0.0,0.0
2025-06-12 00:00:00-04:00,593.2096852350186,596.9072875976562,592.7252483956809,596.9072875976562,64129000,0.0,0.0,0.0
2025-06-13 00:00:00-04:00,591.7168864341237,595.0288949944265,588.7310943639458,590.23388671875,89506000,0.0,0.0,0.0
2025-06-16 00:00:00-04:00,593.5952983788304,597.5993850121447,593.4172853343232,595.8494262695312,79984100,0.0,0.0,0.0
2025-06-17 00:00:00-04:00,593.4074922933922,594.9300168530282,589.9965810836336,590.7578735351562,82209400,0.0,0.0,0.0
2025-06-18 00:00:00-04:00,591.6574895866379,594.4059506456396,589.7097855095001,590.6688232421875,76605000,0.0,0.0,0.0
2025-06-20 00:00:00-04:00,593.3471688844512,594.4181022000307,587.8735769623825,589.2816772460938,94051400,1.761,0.0,0.0
2025-06-23 00:00:00-04:00,590.0351674928282,595.4889076465048,586.9116980815279,595.1022338867188,87426000,0.0,0.0,0.0
2025-06-24 00:00:00-04:00,599.2470472798032,602.737399696003,598.3347417480489,601.6764526367188,67735300,0.0,0.0,0.0
2025-06-25 00:00:00-04:00,602.7969444947229,603.4910690166892,600.4468830082857,602.0136108398438,62114800,0.0,0.0,0.0
2025-06-26 00:00:00-04:00,603.8678512919777,607.1599344481853,603.2530708764845,606.7236328125,78548400,0.0,0.0,0.0
2025-06-27 00:00:00-04:00,607.7251426738447,611.2056301568862,605.6923970890058,609.738037109375,86258400,0.0,0.0,0.0
2025-06-30 00:00:00-04:00,612.1873024714439,614.0117925800773,609.8669572755672,612.6533203125,92502500,0.0,0.0,0.0
2025-07-01 00:00:00-04:00,611.1758893553448,613.625146088841,610.3429883405835,612.455078125,70030100,0.0,0.0,0.0
2025-07-02 00:00:00-04:00,612.0485440759944,615.2712091652924,611.4238380015553,615.2315673828125,66510400,0.0,0.0,0.0
2025-07-03 00:00:00-04:00,617.2147368961759,621.0125406459644,617.1948857443227,620.0804443359375,51065800,0.0,0.0,0.0
2025-07-07 00:00:00-04:00,618.1169239973963,618.7813322240264,612.6731098992973,615.45947265625,74814500,0.0,0.0,0.0
2025-07-08 00:00:00-04:00,616.1238907210633,616.8775081543645,614.3093261623386,615.1224365234375,59024600,0.0,0.0,0.0
2025-07-09 00:00:00-04:00,617.5319680301938,619.4655183729625,615.6875662931247,618.8110961914062,66113300,0.0,0.0,0.0
2025-07-10 00:00:00-04:00,618.9499049744066,621.5974308254256,617.7699115690501,620.5562744140625,57529000,0.0,0.0,0.0
2025-07-11 00:00:00-04:00,617.5022745554412,619.6044389056334,616.3024903072059,618.3748779296875,63670200,0.0,0.0,0.0
2025-07-14 00:00:00-04:00,617.9186632768227,619.9018415613931,616.5701165685465,619.5548095703125,51898500,0.0,0.0,0.0
2025-07-15 00:00:00-04:00,622.2420420602726,622.5791484786782,616.8279435196437,616.9072875976562,74317300,0.0,0.0,0.0
2025-07-16 00:00:00-04:00,618.4937831556223,619.4754466932056,612.8516386863737,618.9697265625,88987500,0.0,0.0,0.0
2025-07-17 00:00:00-04:00,619.1482908768893,623.1146474859103,618.9301097920578,622.7576293945312,68885700,0.0,0.0,0.0
2025-07-18 00:00:00-04:00,624.007017899032,624.175571102461,621.1909387049365,622.301513671875,65621600,0.0,0.0,0.0
2025-07-21 00:00:00-04:00,623.4815063476562,626.2281670376054,623.0551302914085,623.4815063476562,63375000,0.0,0.0,0.0
2025-07-22 00:00:00-04:00,623.8087114591411,624.4334174667899,620.9232136557434,623.5707397460938,60046300,0.0,0.0,0.0
2025-07-23 00:00:00-04:00,626.238071576001,628.875732421875,624.4333721871909,628.875732421875,70511000,0.0,0.0,0.0
2025-07-24 00:00:00-04:00,629.2624631630094,630.7994747941685,628.6576082944551,629.083984375,71307100,0.0,0.0,0.0
2025-07-25 00:00:00-04:00,629.7484116245431,632.2174590489252,629.5005143245561,631.741455078125,56865400,0.0,0.0,0.0
2025-07-28 00:00:00-04:00,632.1182610848412,632.6735486135409,630.1945756243812,631.5828247070312,54917100,0.0,0.0,0.0
2025-07-29 00:00:00-04:00,632.9809077241022,633.2982235137306,629.0046860832861,629.9169311523438,60556300,0.0,0.0,0.0
2025-07-30 00:00:00-04:00,630.5713386132512,632.3165451544952,626.2281734095909,629.1236572265625,80418900,0.0,0.0,0.0
2025-07-31 00:00:00-04:00,634.0816044685715,634.4682782312485,625.4646925404661,626.763671875,103385200,0.0,0.0,0.0
2025-08-01 00:00:00-04:00,621.032217506902,621.0719198033348,614.0811684978922,616.49072265625,140103600,0.0,0.0,0.0
2025-08-04 00:00:00-04:00,620.407587614692,625.9108954798245,620.3183784803682,625.861328125,73218000,0.0,0.0,0.0
2025-08-05 00:00:00-04:00,626.476110377079,627.2892207726588,621.7660617410078,622.688232421875,68051400,0.0,0.0,0.0
2025-08-06 00:00:00-04:00,623.7590952688204,628.1121858315174,622.8468502662965,627.457763671875,64357500,0.0,0.0,0.0
2025-08-07 00:00:00-04:00,630.8886820702932,631.62244837055,623.8186464662513,626.9322509765625,74205800,0.0,0.0,0.0
2025-08-08 00:00:00-04:00,628.7269865749256,632.2868180975779,628.4096707981653,631.8207397460938,64051600,0.0,0.0,0.0
2025-08-11 00:00:00-04:00,632.0984361099556,633.5758942477272,629.3219380955197,630.5713500976562,58742300,0.0,0.0,0.0
2025-08-12 00:00:00-04:00,632.9214074238032,637.4430514601922,631.4340237207567,637.284423828125,64730800,0.0,0.0,0.0
2025-08-13 00:00:00-04:00,639.4857330110176,640.7549961752953,637.2745085703324,639.4659423828125,60092800,0.0,0.0,0.0
2025-08-14 00:00:00-04:00,637.3835243153912,640.1897383639256,636.9373576458678,639.525390625,59327500,0.0,0.0,0.0
2025-08-15 00:00:00-04:00,640.5566162061228,640.6558114265956,637.1158311699311,638.028076171875,68592500,0.0,0.0,0.0
2025-08-18 00:00:00-04:00,637.4530415771111,638.5834678311134,636.778768159409,637.8893432617188,43804900,0.0,0.0,0.0
2025-08-19 00:00:00-04:00,637.7108075589789,638.6924711313014,633.1098193903536,634.4286499023438,69750700,0.0,0.0,0.0
2025-08-20 00:00:00-04:00,634.0221086228163,634.2798709561484,627.6263466835007,632.742919921875,88890300,0.0,0.0,0.0
2025-08-21 00:00:00-04:00,630.928430107967,632.6041578211218,628.4791732160404,630.2045288085938,54805800,0.0,0.0,0.0
2025-08-22 00:00:00-04:00,632.3959596753498,641.0624398986112,631.8902394824283,639.8824462890625,84083200,0.0,0.0,0.0
2025-08-25 00:00:00-04:00,638.6230864860744,639.8625729858918,636.9472983174492,637.0662841796875,51274300,0.0,0.0,0.0
2025-08-26 00:00:00-04:00,636.7985773675441,640.0807351008626,636.1738713484165,639.733642578125,51581600,0.0,0.0,0.0
2025-08-27 00:00:00-04:00,639.148612992103,641.9250504526357,638.9998504138363,641.1912841796875,48341100,0.0,0.0,0.0
2025-08-28 00:00:00-04:00,641.7961126896905,644.0172625669782,639.9121297324674,643.4619750976562,61519500,0.0,0.0,0.0
2025-08-29 00:00:00-04:00,642.0242015644989,642.3911452321481,637.7306640961879,639.6245727539062,74522200,0.0,0.0,0.0
2025-09-02 00:00:00-04:00,632.138105251538,635.1029472303277,629.5797882088864,634.8848266601562,81983500,0.0,0.0,0.0
2025-09-03 00:00:00-04:00,637.2645539172183,638.7916398746721,635.0731807265284,638.3255615234375,70820900,0.0,0.0,0.0
2025-09-04 00:00:00-04:00,638.9998582812316,643.6901160802078,638.0975387911232,643.6603393554688,65219200,0.0,0.0,0.0
2025-09-05 00:00:00-04:00,646.0004708304714,646.7243720544352,637.9190556866993,641.796142578125,85178900,0.0,0.0,0.0
2025-09-08 00:00:00-04:00,643.1645472258064,644.3743174556171,641.7862237872296,643.372802734375,63133100,0.0,0.0,0.0
2025-09-09 00:00:00-04:00,643.5115612591451,645.3856792185645,641.7762803015634,644.8601684570312,66133900,0.0,0.0,0.0
2025-09-10 00:00:00-04:00,648.1224181044277,649.0445886413597,645.157576582919,646.7243041992188,78034500,0.0,0.0,0.0
2025-09-11 00:00:00-04:00,648.6778210448584,652.7929404681626,648.092817304151,652.0988159179688,69934400,0.0,0.0,0.0
2025-09-12 00:00:00-04:00,652.0689585463732,653.5662677492645,651.3748946038203,651.8805541992188,72780100,0.0,0.0,0.0
2025-09-15 00:00:00-04:00,654.0918582328915,655.4800466805781,653.7943936028013,655.3511352539062,63772400,0.0,0.0,0.0
2025-09-16 00:00:00-04:00,655.9064595692537,656.213910313041,653.6655188822047,654.4488525390625,61169000,0.0,0.0,0.0
2025-09-17 00:00:00-04:00,654.4587781451693,656.1543568928759,648.7967821934204,653.6357421875,101952200,0.0,0.0,0.0
2025-09-18 00:00:00-04:00,656.3228752027601,659.2976422819312,654.716505821751,656.6897583007812,90459200,0.0,0.0,0.0
2025-09-19 00:00:00-04:00,658.5800832029405,660.7874850308027,656.6311583459587,659.9423217773438,97945600,1.831,0.0,0.0
2025-09-22 00:00:00-04:00,658.4507703315647,663.5119177999496,658.4209110544651,663.0645141601562,69452200,0.0,0.0,0.0
2025-09-23 00:00:00-04:00,662.9452156846509,663.5617612775759,658.2320617574377,659.4551391601562,81708900,0.0,0.0,0.0
2025-09-24 00:00:00-04:00,660.7477220570149,660.8471316064555,655.9350982101993,657.3569946289062,68082200,0.0,0.0,0.0
2025-09-25 00:00:00-04:00,654.2149171420698,655.6765652531099,650.7048739536411,654.3242797851562,89622100,0.0,0.0,0.0
2025-09-26 00:00:00-04:00,655.7760789419195,658.619871988132,654.1553026157394,658.072998046875,69179200,0.0,0.0,0.0
2025-09-29 00:00:00-04:00,660.5985670660314,661.5134019828115,658.112721358766,659.9224243164062,73499000,0.0,0.0,0.0
2025-09-30 00:00:00-04:00,659.1766647693167,662.8756347075731,657.8641309647478,662.4082641601562,86288000,0.0,0.0,0.0
2025-10-01 00:00:00-04:00,659.4153308150761,665.5802405756418,659.3059681646932,664.6654663085938,72545400,0.0,0.0,0.0
2025-10-02 00:00:00-04:00,666.6540464714482,666.7733621981591,663.004842335434,665.4309692382812,56896000,0.0,0.0,0.0
2025-10-03 00:00:00-04:00,666.1966948783695,668.8714672806448,664.377038831869,665.421142578125,70494400,0.0,0.0,0.0
2025-10-06 00:00:00-04:00,667.8174482099862,668.7024238148077,665.669704301124,667.8074951171875,54623300,0.0,0.0,0.0
2025-10-07 00:00:00-04:00,668.7322238208072,669.1796881705657,663.8898014056139,665.3316040039062,72020100,0.0,0.0,0.0
2025-10-08 00:00:00-04:00,666.4552183740389,669.398481470165,665.6299006256374,669.2990112304688,60702200,0.0,0.0,0.0
2025-10-09 00:00:00-04:00,669.7166839203261,670.1243359074817,665.4211353124821,667.3600463867188,66501900,0.0,0.0,0.0
2025-10-10 00:00:00-04:00,668.324542434099,670.1342452495495,649.14378031214,649.32275390625,159422600,0.0,0.0,0.0
2025-10-13 00:00:00-04:00,656.9095884512618,661.3642043859337,656.0345659370097,659.2860107421875,79560500,0.0,0.0,0.0
2025-10-14 00:00:00-04:00,653.4492417720955,662.0602448848334,649.4718888267987,658.4805908203125,88779600,0.0,0.0,0.0
2025-10-15 00:00:00-04:00,663.0446741742268,666.4353410824248,655.1993304017814,661.4039916992188,81702600,0.0,0.0,0.0
2025-10-16 00:00:00-04:00,663.0446615126489,664.9239754340409,653.3896149312258,656.899658203125,110563300,0.0,0.0,0.0
2025-10-17 00:00:00-04:00,655.7660892614911,661.9906565438909,654.4138037793879,660.62841796875,96500900,0.0,0.0,0.0
2025-10-20 00:00:00-04:00,663.5418206897375,668.4041493887289,663.4921159142255,667.499267578125,60493400,0.0,0.0,0.0
2025-10-21 00:00:00-04:00,667.6384328159621,669.1796448635298,666.1866772188026,667.4892578125,56249000,0.0,0.0,0.0
2025-10-22 00:00:00-04:00,668.1953369980629,668.1953369980629,659.5445816579371,664.0191040039062,80564000,0.0,0.0,0.0
2025-10-23 00:00:00-04:00,664.3372592841532,668.9012985038863,664.019063764971,667.9566650390625,65604500,0.0,0.0,0.0
2025-10-24 00:00:00-04:00,672.6300829996666,674.628651928334,671.8246714345047,673.4155883789062,74356500,0.0,0.0,0.0
2025-10-27 00:00:00-04:00,678.8645527756448,681.658640907831,678.2580209918731,681.3603515625,63339800,0.0,0.0,0.0
2025-10-28 00:00:00-04:00,683.1600908523567,685.0095454543999,680.9526890414517,683.1700439453125,61738100,0.0,0.0,0.0
2025-10-29 00:00:00-04:00,684.8205950917289,685.795087823854,679.0037407351697,683.4981689453125,85657100,0.0,0.0,0.0
2025-10-30 00:00:00-04:00,680.0279207971732,682.0563488815194,675.98095703125,675.98095703125,76335800,0.0,0.0,0.0
2025-10-31 00:00:00-04:00,681.1614729090464,681.2012852815519,675.3943230278239,678.1983642578125,87164100,0.0,0.0,0.0
2025-11-03 00:00:00-05:00,681.7878948104295,681.9171636388411,676.0903560257897,679.4711303710938,57315000,0.0,0.0,0.0
2025-11-04 00:00:00-05:00,672.2820616639051,676.1103005794487,670.7607556049009,671.4169921875,78427000,0.0,0.0,0.0
2025-11-05 00:00:00-05:00,671.1583975728993,677.0051112074705,670.3529860359731,673.7437133789062,74402400,0.0,0.0,0.0
2025-11-06 00:00:00-05:00,672.6399897028363,673.5448715272548,664.9338680034818,666.514892578125,85035300,0.0,0.0,0.0
2025-11-07 00:00:00-05:00,664.1284090392404,667.2805048704689,657.4663915648358,667.1710815429688,100592400,0.0,0.0,0.0
2025-11-10 00:00:00-05:00,673.4056760856186,678.317709828293,671.2082272333661,677.5819091796875,75842900,0.0,0.0,0.0
2025-11-11 00:00:00-05:00,676.1002762110339,679.6997756663966,674.8871520395073,679.1329956054688,58953400,0.0,0.0,0.0
2025-11-12 00:00:00-05:00,680.9128544582501,681.081935653801,677.0946296424269,679.5108642578125,62312500,0.0,0.0,0.0
2025-11-13 00:00:00-05:00,676.6471697129602,677.0051169124795,666.723693536663,668.2350463867188,103457800,0.0,0.0,0.0
2025-11-14 00:00:00-05:00,661.6128286383953,671.8345948923219,659.5147893727298,668.125732421875,96846700,0.0,0.0,0.0
2025-11-17 00:00:00-05:00,665.9083353081996,669.8956413839408,658.4209391867944,661.901123046875,90456100,0.0,0.0,0.0
2025-11-18 00:00:00-05:00,658.351356546523,661.3542775984923,652.1466953365565,656.3428344726562,114467500,0.0,0.0,0.0
2025-11-19 00:00:00-05:00,657.0389163187169,663.561773390439,655.020380360944,658.87841796875,94703000,0.0,0.0,0.0
2025-11-20 00:00:00-05:00,669.1001291109939,671.7351497651099,648.1991802397498,648.8355712890625,165293500,0.0,0.0,0.0
2025-11-21 00:00:00-05:00,651.3412595795126,660.7874729698119,647.1650267848305,655.2987670898438,123956200,0.0,0.0,0.0
2025-11-24 00:00:00-05:00,658.9380055466532,666.2662734630499,657.8442577670318,664.9437866210938,80437900,0.0,0.0,0.0
2025-11-25 00:00:00-05:00,664.8443455838128,672.3814460202411,660.7178178396566,671.1981811523438,81077100,0.0,0.0,0.0
2025-11-26 00:00:00-05:00,673.7934667684052,677.8404309302599,672.8885849296569,675.8318481445312,71879600,0.0,0.0,0.0
2025-11-28 00:00:00-05:00,677.0051081523229,679.7991961322198,676.6471609574353,679.5208129882812,49212000,0.0,0.0,0.0
2025-12-01 00:00:00-05:00,674.9667623359846,679.1230890446475,674.8971513739515,676.4185180664062,61201200,0.0,0.0,0.0
2025-12-02 00:00:00-05:00,678.0591325179204,679.9483994968172,675.4838303983408,677.67138671875,62953800,0.0,0.0,0.0
2025-12-03 00:00:00-05:00,676.7167950740063,681.0321891246488,675.8417725523884,680.0180053710938,57238500,0.0,0.0,0.0
2025-12-04 00:00:00-05:00,681.4199577792665,681.4895687361658,677.4824173401821,680.51513671875,61970300,0.0,0.0,0.0
2025-12-05 00:00:00-05:00,681.5890143183475,684.4925257185774,680.7040993957534,681.8078002929688,79241000,0.0,0.0,0.0
2025-12-08 00:00:00-05:00,682.7027235077143,682.7524282821314,677.7111260885928,679.7594604492188,55231500,0.0,0.0,0.0
2025-12-09 00:00:00-05:00,679.2821528162136,681.5094606319436,678.7253258622812,679.1727294921875,58310100,0.0,0.0,0.0
2025-12-10 00:00:00-05:00,678.6955405173951,685.0692222502689,677.4526176554032,683.6771850585938,85671300,0.0,0.0,0.0
2025-12-11 00:00:00-05:00,681.2609148661827,685.3476304583654,678.3076987410943,685.26806640625,86173700,0.0,0.0,0.0
2025-12-12 00:00:00-05:00,684.2737056052856,684.9797075791527,675.3246617594549,677.9000244140625,113160300,0.0,0.0,0.0
2025-12-15 00:00:00-05:00,681.8574988128718,681.8774049984522,675.4042533093998,676.8758544921875,90811000,0.0,0.0,0.0
2025-12-16 00:00:00-05:00,675.3843754405706,677.2239376857725,671.1584377196804,675.0264282226562,122030600,0.0,0.0,0.0
2025-12-17 00:00:00-05:00,676.0406154817738,676.5874893555698,667.3998140691156,667.5986938476562,110625200,0.0,0.0,0.0
2025-12-18 00:00:00-05:00,673.7635606688432,676.8857972779194,671.0788959983324,672.6399536132812,108650100,0.0,0.0,0.0
2025-12-19 00:00:00-05:00,674.747283458469,679.2350273728672,674.6275542880097,678.7363891601562,103599500,1.993,0.0,0.0
2025-12-22 00:00:00-05:00,682.0772531068674,683.4933686131409,678.7364013691785,682.96484375,69556700,0.0,0.0,0.0
2025-12-23 00:00:00-05:00,682.0572680421344,686.325640311278,682.0074163952171,686.0863037109375,64840000,0.0,0.0,0.0
2025-12-24 00:00:00-05:00,686.0763204450832,688.9484813838191,685.9267046355759,688.4996948242188,39445600,0.0,0.0,0.0
2025-12-26 00:00:00-05:00,688.758988861415,689.7761694005526,687.392725060237,688.4298706054688,41613300,0.0,0.0,0.0
2025-12-29 00:00:00-05:00,685.6674092439482,687.322922191004,684.2014421207446,685.9765625,62559500,0.0,0.0,0.0
2025-12-30 00:00:00-05:00,685.5777200962995,686.6846823672308,684.7100944386586,685.138916015625,47160700,0.0,0.0,0.0
2025-12-31 00:00:00-05:00,685.2685588951464,685.4879304984822,679.8533550408816,680.062744140625,74144800,0.0,0.0,0.0
2026-01-02 00:00:00-05:00,683.842447277036,684.999261161205,677.9684744567207,681.309326171875,89377200,0.0,0.0,0.0
2026-01-05 00:00:00-05:00,684.6701449336617,687.5522884526621,684.5106074856512,685.846923828125,71927200,0.0,0.0,0.0
2026-01-06 00:00:00-05:00,686.0563439630641,690.4344019511112,685.9067890249802,689.92578125,69273800,0.0,0.0,0.0
2026-01-07 00:00:00-05:00,690.3047811958188,692.0699799720542,687.4426026835383,687.701904296875,75588300,0.0,0.0,0.0
2026-01-08 00:00:00-05:00,686.9439569075789,688.7390423054183,685.6175622141362,687.632080078125,64019200,0.0,0.0,0.0
2026-01-09 00:00:00-05:00,688.7489932725086,693.4162394407576,687.3029303433501,692.1796264648438,80125500,0.0,0.0,0.0
2026-01-12 00:00:00-05:00,688.7988836287034,694.1941832506386,688.7490319805348,693.2666625976562,63976000,0.0,0.0,0.0
2026-01-13 00:00:00-05:00,693.595779418591,694.194181802135,689.467040360938,691.8804931640625,78309700,0.0,0.0,0.0
2026-01-14 00:00:00-05:00,689.1180078469732,689.8360176539858,684.1714948792828,688.479736328125,94676700,0.0,0.0,0.0
2026-01-15 00:00:00-05:00,692.678285342935,693.5558934557131,689.3673203481677,690.3546142578125,77862000,0.0,0.0,0.0
2026-01-16 00:00:00-05:00,691.7707369284135,692.359156800422,688.22043529661,689.7761840820312,79289200,0.0,0.0,0.0
2026-01-20 00:00:00-05:00,679.6338820353151,682.9049778344743,674.7272992054969,675.7345581054688,111623300,0.0,0.0,0.0
2026-01-21 00:00:00-05:00,677.7989248999835,686.8641332264262,676.2830453044572,683.5332641601562,127844500,0.0,0.0,0.0
2026-01-22 00:00:00-05:00,687.9711412752974,689.2476843606095,685.0491285530771,687.103515625,77112200,0.0,0.0,0.0
2026-01-23 00:00:00-05:00,686.2757685331861,689.0781127396581,685.2884137823622,687.352783203125,63059600,0.0,0.0,0.0
2026-01-26 00:00:00-05:00,688.609372319757,692.2394730275811,688.0409174669724,690.84326171875,60473800,0.0,0.0,0.0
2026-01-27 00:00:00-05:00,692.2893344912051,694.6329705879123,691.6810104865692,693.5957641601562,55506100,0.0,0.0,0.0
2026-01-28 00:00:00-05:00,695.1515053497095,695.9393926651097,692.0499903412962,693.5259399414062,61172200,0.0,0.0,0.0
2026-01-29 00:00:00-05:00,694.4933553961189,695.1615135683285,682.9648421722587,692.1497192382812,97486200,0.0,0.0,0.0
2026-01-30 00:00:00-05:00,689.9058246991844,692.3192774332931,685.2485609149509,690.0853271484375,101835100,0.0,0.0,0.0
2026-02-02 00:00:00-05:00,687.7019133171445,695.0318708971434,687.5423149981101,693.5159912109375,79286500,0.0,0.0,0.0
2026-02-03 00:00:00-05:00,694.3138377504575,695.0617950648859,682.1670182684101,687.6520385742188,107904600,0.0,0.0,0.0
2026-02-04 00:00:00-05:00,688.4697490630058,689.5667896413613,679.9031787408285,684.3211059570312,105204600,0.0,0.0,0.0
2026-02-05 00:00:00-05:00,679.0854402743204,681.8279505601881,673.9494421186707,675.7744750976562,113610800,0.0,0.0,0.0
2026-02-06 00:00:00-05:00,679.6039887472712,690.4244132010324,678.995603890688,688.739013671875,89127600,0.0,0.0,0.0
2026-02-09 00:00:00-05:00,687.5423060693106,693.9747512796714,686.4652913399738,692.0599975585938,73885200,0.0,0.0,0.0
2026-02-10 00:00:00-05:00,693.0572335194393,694.64286887948,689.7761552680904,690.2349243164062,65185700,0.0,0.0,0.0
2026-02-11 00:00:00-05:00,694.4933668556342,695.2413241987686,687.3029816841566,690.075439453125,76353900,0.0,0.0,0.0
2026-02-12 00:00:00-05:00,692.3491972008484,693.4561594586687,678.5169776231163,679.41455078125,118829000,0.0,0.0,0.0
2026-02-13 00:00:00-05:00,679.833354327075,684.410879804094,675.6747287653898,679.8931884765625,96267500,0.0,0.0,0.0
2026-02-17 00:00:00-05:00,678.287593220413,683.074507822494,673.9394826742099,680.9901733398438,81354700,0.0,0.0,0.0
2026-02-18 00:00:00-05:00,682.157061237011,687.2730943282486,680.9702998190471,684.4208374023438,73570300,0.0,0.0,0.0
2026-02-19 00:00:00-05:00,681.9775120282383,684.311104689823,679.6937101433548,682.61572265625,58649400,0.0,0.0,0.0
2026-02-20 00:00:00-05:00,680.4616860592505,688.1805961724377,679.8732661615737,687.5523071289062,100034000,0.0,0.0,0.0
2026-02-23 00:00:00-05:00,685.9566804858357,688.1207533479937,678.5169762252317,680.531494140625,90558100,0.0,0.0,0.0
2026-02-24 00:00:00-05:00,680.0427976196477,686.4751816677359,678.1479481229125,685.4779052734375,73798700,0.0,0.0,0.0
2026-02-25 00:00:00-05:00,688.3002642742074,691.7907319065998,688.2204651135966,691.26220703125,56369500,0.0,0.0,0.0
2026-02-26 00:00:00-05:00,691.391808867856,691.4117130049051,682.486077089091,687.422607421875,71671000,0.0,0.0,0.0
2026-02-27 00:00:00-05:00,681.2295779636313,684.9892686841309,679.7835149777827,684.1216430664062,83308900,0.0,0.0,0.0
2026-03-02 00:00:00-05:00,676.8515442239554,686.744509644098,676.1734035367807,684.5106201171875,87477200,0.0,0.0,0.0
2026-03-03 00:00:00-05:00,673.221445388408,680.7508704958498,667.8361281509542,678.4771118164062,105003100,0.0,0.0,0.0
2026-03-04 00:00:00-05:00,679.7735096903759,685.2186606854194,677.7689744100875,683.2639770507812,79182200,0.0,0.0,0.0
2026-03-05 00:00:00-05:00,680.2223290726917,683.6629449535216,673.7699188745959,679.4544067382812,106606500,0.0,0.0,0.0
2026-03-06 00:00:00-05:00,671.5758690877306,674.2685275228549,667.9358467743081,670.5487060546875,100687000,0.0,0.0,0.0
2026-03-09 00:00:00-04:00,664.5750801817165,678.0681991431876,660.5859743093405,676.4227294921875,102667700,0.0,0.0,0.0
2026-03-10 00:00:00-04:00,675.87413967305,681.4987932365287,672.9222404542279,675.3356323242188,81505300,0.0,0.0,0.0
2026-03-11 00:00:00-04:00,675.7345715953234,678.2277626375325,671.5061293267642,674.4879760742188,68441700,0.0,0.0,0.0
2026-03-12 00:00:00-04:00,669.3319958917509,669.8207124533001,664.0564256954588,664.2459106445312,108882200,0.0,0.0,0.0
2026-03-13 00:00:00-04:00,667.4472371497842,670.5088831921612,659.5587462493693,660.4862060546875,97200200,0.0,0.0,0.0
2026-03-16 00:00:00-04:00,666.5596317087426,670.239584206393,665.3030536555561,667.2078857421875,82023100,0.0,0.0,0.0
2026-03-17 00:00:00-04:00,670.5586914524959,672.60309589337,667.8760155087483,668.9630126953125,87128000,0.0,0.0,0.0
2026-03-18 00:00:00-04:00,666.5396583763402,667.8959397089973,659.3892034355257,659.6285400390625,82062600,0.0,0.0,0.0
2026-03-19 00:00:00-04:00,655.1806813207687,661.1743225351036,653.3855958813168,658.0029907226562,111272500,0.0,0.0,0.0
2026-03-20 00:00:00-04:00,656.510009765625,656.6900024414062,644.719970703125,648.5700073242188,163617500,1.797,0.0,0.0
2026-03-23 00:00:00-04:00,658.0700073242188,662.6199951171875,653.9400024414062,655.3800048828125,134802700,0.0,0.0,0.0
2026-03-24 00:00:00-04:00,651.3200073242188,657.030029296875,649.8800048828125,653.1799926757812,96457500,0.0,0.0,0.0
2026-03-25 00:00:00-04:00,658.6699829101562,660.8900146484375,654.239990234375,656.8200073242188,90653800,0.0,0.0,0.0
2026-03-26 00:00:00-04:00,652.0599975585938,654.8499755859375,644.8200073242188,645.0900268554688,96494400,0.0,0.0,0.0
2026-03-27 00:00:00-04:00,642.5,642.6599731445312,633.1099853515625,634.0900268554688,103649400,0.0,0.0,0.0
2026-03-30 00:00:00-04:00,640.1099853515625,640.3699951171875,629.280029296875,631.969970703125,99275900,0.0,0.0,0.0
2026-03-31 00:00:00-04:00,638.9400024414062,651.5399780273438,637.97998046875,650.3400268554688,152534100,0.0,0.0,0.0
2026-04-01 00:00:00-04:00,653.9000244140625,658.52001953125,653.0,655.239990234375,97841500,0.0,0.0,0.0
2026-04-02 00:00:00-04:00,646.4199829101562,658.2000122070312,645.1099853515625,655.8300170898438,68358700,0.0,0.0,0.0
2026-04-06 00:00:00-04:00,655.8599853515625,659.719970703125,655.52001953125,658.9299926757812,39105800,0.0,0.0,0.0
2026-04-07 00:00:00-04:00,656.6500244140625,659.6099853515625,651.0599975585938,659.219970703125,69980400,0.0,0.0,0.0
2026-04-08 00:00:00-04:00,676.3900146484375,677.0800170898438,671.4600219726562,676.010009765625,93606100,0.0,0.0,0.0
2026-04-09 00:00:00-04:00,674.8400268554688,681.1599731445312,673.77001953125,679.9099731445312,57134400,0.0,0.0,0.0
2026-04-10 00:00:00-04:00,681.3200073242188,682.030029296875,678.4500122070312,679.4600219726562,42253500,0.0,0.0,0.0
2026-04-13 00:00:00-04:00,677.4099731445312,686.2999877929688,676.5800170898438,686.0999755859375,54185800,0.0,0.0,0.0
2026-04-14 00:00:00-04:00,687.6900024414062,694.5800170898438,687.6599731445312,694.4600219726562,63480500,0.0,0.0,0.0
2026-04-15 00:00:00-04:00,695.260009765625,700.280029296875,694.2000122070312,699.9400024414062,58240400,0.0,0.0,0.0
2026-04-16 00:00:00-04:00,701.0599975585938,702.780029296875,698.530029296875,701.6599731445312,49972400,0.0,0.0,0.0
2026-04-17 00:00:00-04:00,706.1400146484375,712.3900146484375,705.760009765625,710.1400146484375,70661900,0.0,0.0,0.0
2026-04-20 00:00:00-04:00,708.780029296875,709.9099731445312,706.1400146484375,708.719970703125,43546800,0.0,0.0,0.0
2026-04-21 00:00:00-04:00,710.280029296875,711.280029296875,702.6400146484375,704.0800170898438,58941400,0.0,0.0,0.0
2026-04-22 00:00:00-04:00,709.1500244140625,711.4500122070312,708.219970703125,711.2100219726562,42518500,0.0,0.0,0.0
2026-04-23 00:00:00-04:00,709.5,712.3599853515625,702.280029296875,708.4500122070312,56174000,0.0,0.0,0.0
2026-04-24 00:00:00-04:00,710.75,714.469970703125,709.010009765625,713.9400024414062,45182000,0.0,0.0,0.0
2026-04-27 00:00:00-04:00,713.1699829101562,715.6300048828125,712.2999877929688,715.1699829101562,33135900,0.0,0.0,0.0
2026-04-28 00:00:00-04:00,711.8200073242188,712.8800048828125,709.25,711.6900024414062,43117400,0.0,0.0,0.0
2026-04-29 00:00:00-04:00,711.0,712.2000122070312,708.3699951171875,711.5800170898438,41859200,0.0,0.0,0.0
2026-04-30 00:00:00-04:00,714.6300048828125,719.7899780273438,710.4500122070312,718.6599731445312,67240900,0.0,0.0,0.0
2026-05-01 00:00:00-04:00,721.25,724.8699951171875,720.469970703125,720.6500244140625,43049800,0.0,0.0,0.0
2026-05-04 00:00:00-04:00,720.0700073242188,722.1199951171875,714.989990234375,718.010009765625,51950600,0.0,0.0,0.0
2026-05-05 00:00:00-04:00,721.77001953125,725.0399780273438,721.489990234375,723.77001953125,36933200,0.0,0.0,0.0
2026-05-06 00:00:00-04:00,728.1599731445312,734.5900268554688,727.8200073242188,733.8300170898438,53288900,0.0,0.0,0.0
2026-05-07 00:00:00-04:00,735.0499877929688,736.1300048828125,729.75,731.5800170898438,51724600,0.0,0.0,0.0
2026-05-08 00:00:00-04:00,734.9299926757812,738.0800170898438,734.5700073242188,737.6199951171875,47227100,0.0,0.0,0.0
2026-05-11 00:00:00-04:00,736.4500122070312,740.7899780273438,736.4500122070312,739.2999877929688,44024000,0.0,0.0,0.0
2026-05-12 00:00:00-04:00,736.8900146484375,738.8400268554688,731.8300170898438,738.1799926757812,54185300,0.0,0.0,0.0
2026-05-13 00:00:00-04:00,738.469970703125,743.9099731445312,735.469970703125,742.3099975585938,44200200,0.0,0.0,0.0
2026-05-14 00:00:00-04:00,743.6500244140625,749.530029296875,743.5599975585938,748.1699829101562,45307600,0.0,0.0,0.0
2026-05-15 00:00:00-04:00,741.7899780273438,743.4600219726562,737.9600219726562,739.1699829101562,60410800,0.0,0.0,0.0
2026-05-18 00:00:00-04:00,739.8300170898438,741.4199829101562,733.3900146484375,738.6500244140625,47843900,0.0,0.0,0.0
2026-05-19 00:00:00-04:00,734.780029296875,737.6500244140625,731.530029296875,733.72998046875,54255900,0.0,0.0,0.0
2026-05-20 00:00:00-04:00,735.7100219726562,741.8699951171875,733.8900146484375,741.25,45768000,0.0,0.0,0.0
2026-05-21 00:00:00-04:00,738.6400146484375,744.8699951171875,737.030029296875,742.719970703125,43332200,0.0,0.0,0.0
2026-05-22 00:00:00-04:00,746.239990234375,748.9400024414062,744.47998046875,745.6400146484375,41762000,0.0,0.0,0.0
2026-05-26 00:00:00-04:00,750.010009765625,752.1300048828125,748.3699951171875,750.5900268554688,41123600,0.0,0.0,0.0
2026-05-27 00:00:00-04:00,750.8800048828125,751.3800048828125,748.219970703125,750.4600219726562,41009946,0.0,0.0,0.0
