{
  "last_expert_preds": [
    0.15,
    0.25,
    0.145
  ],
  "filter_state": {
    "expert_scores": [
      0.25,
      0.81,
      0.0025000000000000005
    ],
    "weights": [
      0.49999750001249993,
      4.9999750001249995e-06,
      0.49999750001249993
    ],
    "Q": [
      [
        -24.42072632200422,
        7.988798414667731,
        16.43192790733649
      ],
      [
        13.572313964414196,
        -31.820274425654713,
        18.24796046124051
      ],
      [
        13.013138832446405,
        7.957217414430214,
        -20.970356246876616
      ]
    ]
  }
}