Date,Open,High,Low,Close,Volume,Dividends,Stock Splits,SMA_20,SMA_30,SMA_60,MACD,Bollinger_Upper,Bollinger_Lower,RSI_30,CCI_30,DX_30
2016-05-31 00:00:00-04:00,22.67391147834835,22.85603194678067,22.49634497688307,22.73310089111328,169228800,0.0,0.0,,,,0.0,,,,,0.0
2016-06-01 00:00:00-04:00,22.54186425664834,22.660243029826297,22.38478720234156,22.41438102722168,116693200,0.0,0.0,,,,-0.025424946407305526,,,0.0,,99.99999903375306
2016-06-02 00:00:00-04:00,22.218605412811385,22.273240842302982,21.99778497521207,22.24592399597168,160766400,0.0,0.0,,,,-0.058493200969643055,,,0.0,,99.99999978101016
2016-06-03 00:00:00-04:00,22.261852865345205,22.371123692243952,22.18445110419915,22.291446685791016,114019600,0.0,0.0,,,,-0.0801033487925018,,,0.49788876209206023,,66.02643822780392
2016-06-06 00:00:00-04:00,22.30738740981521,23.195221340147576,22.20722275072929,22.45308303833008,93170000,0.0,0.0,,,,-0.08322744960452866,,,2.2849044611930935,,33.03956799366032
2016-06-07 00:00:00-04:00,22.59422878727063,22.735372201930687,22.52821017735685,22.544145584106445,89638000,0.0,0.0,,,,-0.07746239730581195,,,3.297088822879317,,33.03956799296174
2016-06-08 00:00:00-04:00,22.541863679255194,22.664794677408715,22.46446364532262,22.523653030395508,83392400,0.0,0.0,,,,-0.0736975897062031,,,3.2891571984124965,,26.777552065941542
2016-06-09 00:00:00-04:00,22.423501348446656,22.762699004359536,22.41439514963177,22.685298919677734,106405600,0.0,0.0,,,,-0.05701326677565888,,,5.151055007277833,,31.872332168374804
2016-06-10 00:00:00-04:00,22.43031587222993,22.616988483596124,22.418934433788163,22.498611450195312,126851600,0.0,0.0,,,,-0.05818422766598985,,,5.035237452992192,,31.872332167750645
2016-06-13 00:00:00-04:00,22.466748484703302,22.564637920975898,22.104784574084448,22.159420013427734,152082000,0.0,0.0,,,,-0.08549658539724092,,,4.831075417619147,,6.440880259094768
2016-06-14 00:00:00-04:00,22.15486624507442,22.418940701079546,22.025106000128226,22.186737060546875,127727600,0.0,0.0,,,,-0.10374169854587478,,,5.15147926457999,,1.3144303884916204
2016-06-15 00:00:00-04:00,22.2686877041118,22.403001894795192,22.0888442801829,22.1138858795166,117780800,0.0,0.0,,,,-0.1226655515103694,,,5.104071939769909,,1.3144303884657949
2016-06-16 00:00:00-04:00,21.956809775393893,22.252755038411323,21.870303526845767,22.207225799560547,125307200,0.0,0.0,,,,-0.12864811446753066,,,6.247608182883695,,11.234073373238246
2016-06-17 00:00:00-04:00,21.995507675465443,22.00233688641061,21.69501023607632,21.701839447021484,244032800,0.0,0.0,,,,-0.17218495271950474,,,5.852579168067905,,19.506580164532178
2016-06-20 00:00:00-04:00,21.854373548479582,21.984133821950504,21.63355303785743,21.64948844909668,137647600,0.0,0.0,,,,-0.2085089374782214,,,5.8131920150377425,,22.13833393422095
2016-06-21 00:00:00-04:00,21.61305902529588,21.93404413901869,21.553869628070824,21.833879470825195,142185600,0.0,0.0,,,,-0.2198824743737653,,,8.067505964642848,,25.40938606684301
2016-06-22 00:00:00-04:00,21.911276651977456,22.05697227466508,21.70639163981398,21.751922607421875,116876400,0.0,0.0,,,,-0.2328254513654251,,,7.979688864318419,,17.529544793599726
2016-06-23 00:00:00-04:00,21.840707468421712,21.920384496701352,21.683628657792593,21.87713050842285,128960800,0.0,0.0,,,,-0.2303245842406909,,,9.535960622531434,,18.51036837586809
2016-06-24 00:00:00-04:00,21.1509300314275,21.549316923000653,21.09174063551022,21.26247787475586,301245600,0.0,0.0,,,,-0.27477255274898127,,,8.781731716582186,,38.26116408948369
2016-06-27 00:00:00-04:00,21.171420532073174,21.182803710961903,20.829946007362317,20.952877044677734,181958400,0.0,0.0,22.104326438903808,,,-0.3311626506719776,23.04502317063114,21.163629707176476,8.4341355896224,,44.42442615177164
2016-06-28 00:00:00-04:00,21.148651842251095,21.321666054463225,20.97563763003897,21.305728912353516,161779600,0.0,0.0,22.03295783996582,,,-0.3434212661455227,22.98925060283659,21.07666507709505,12.516703916683042,,36.92411702778857
2016-06-29 00:00:00-04:00,21.392236244676305,21.524273448369915,21.31483446647255,21.49012565612793,146124000,0.0,0.0,21.986745071411132,,,-0.33440225009127644,22.95468656725077,21.018803575571493,14.575745621112603,,26.971467557265736
2016-06-30 00:00:00-04:00,21.499225442806583,21.801998043822323,21.467354642699664,21.76329803466797,143345600,0.0,0.0,21.962613773345947,,,-0.30173368879667706,22.92740821388658,20.997819332805314,17.549731308633937,,15.107134951721646
2016-07-01 00:00:00-04:00,21.73826641463874,21.961363854547113,21.701843370736256,21.829326629638672,104106000,0.0,0.0,21.93950777053833,,,-0.26743286324003535,22.893214237067365,20.985801304009296,18.26127904865291,,9.057927418880455
2016-07-05 00:00:00-04:00,21.715501360026124,21.717778342983515,21.503787102545367,21.624441146850582,110820800,0.0,0.0,21.898075675964357,,,-0.25385547018314014,22.82957883785187,20.966572514076844,17.76903750871017,,14.81344006730721
2016-07-06 00:00:00-04:00,21.53565175463512,21.77696151102869,21.48329331940016,21.74736595153809,123796400,0.0,0.0,21.858236694335936,,,-0.230519004363682,22.740235664805162,20.97623772386671,19.1221327126714,,12.610359478149865
2016-07-07 00:00:00-04:00,21.786068710331573,21.968189107508778,21.76785806007692,21.84070587158203,100558400,0.0,0.0,21.824089336395264,,,-0.20216253177384047,22.64862594781076,20.999552724979768,20.15417231489299,,5.823110343288486
2016-07-08 00:00:00-04:00,21.96591273121933,22.056972932321376,21.86574807315307,22.009166717529297,115648400,0.0,0.0,21.790282726287842,,,-0.16420360363758135,22.515621400703182,21.0649440518725,22.01218316022353,,2.8459036592622673
2016-07-11 00:00:00-04:00,22.025102967911465,22.229987994048525,22.020550739254617,22.077463150024418,95179600,0.0,0.0,21.769225311279296,,,-0.12714428807666067,22.4295165763547,21.108934046203892,22.765932978478403,,2.6739898761993053
2016-07-12 00:00:00-04:00,22.120709445982424,22.241363446440136,22.109328008989863,22.177621841430664,96670000,0.0,0.0,21.770135402679443,21.998392422993977,,-0.088670406905905,22.43273727407949,21.107533531279397,23.882028950630882,30.72653522453906,3.0279857025710157
2016-07-13 00:00:00-04:00,22.175348749652812,22.23453639615039,22.045586808073868,22.052417755126953,103568800,0.0,0.0,21.763419437408448,21.975702985127768,,-0.06750435410511102,22.410789857898095,21.1160490169188,23.443926081060567,23.704658344390513,0.9006405101235604
2016-07-14 00:00:00-04:00,22.170797838449396,22.535036907490163,22.154862433454767,22.4895076751709,155676000,0.0,0.0,21.78220052719116,21.978207206726076,,-0.015284411945941656,22.491238868756767,21.073162185625556,28.200577981965495,78.85942410653348,9.966995714740094
2016-07-15 00:00:00-04:00,22.519104930441348,22.60561291657697,22.423492485919063,22.487234115600582,120548000,0.0,0.0,21.796200942993163,21.98625087738037,,0.02562146290757994,22.55020759553651,21.042194290449817,28.191152721624746,95.287112352708,11.92471790354373
2016-07-18 00:00:00-04:00,22.469019737799965,22.794558806447593,22.44625512018853,22.72626495361328,145975600,0.0,0.0,21.847422218322755,22.000744819641113,,0.07644622985186444,22.70632497531831,20.9885194613272,30.709859665679133,116.91964818415532,16.927485049664885
2016-07-19 00:00:00-04:00,22.664796163674534,22.764962554700436,22.614712968161584,22.735368728637695,95119600,0.0,0.0,21.901716232299805,22.01015434265137,,0.11612124891441056,22.841420068340973,20.962012396258636,30.80548263122199,124.32093219537386,16.927485049585798
2016-07-20 00:00:00-04:00,22.764963661535447,22.869682285959044,22.705774269703365,22.755857467651367,105104000,0.0,0.0,21.947815132141113,22.017211405436196,,0.14751677580593636,22.961085909571548,20.934544354710678,31.02709106309736,134.08144156636266,19.634939179321883
2016-07-21 00:00:00-04:00,22.726262605703987,22.992612251581413,22.566906825229403,22.63520240783691,130808000,0.0,0.0,21.991979122161865,22.020929718017577,,0.1608084029202992,23.045497253310547,20.938460991013184,30.433322057736802,123.04613833748604,14.515039432473673
2016-07-22 00:00:00-04:00,22.59650268395808,22.605608877546853,22.38023449408964,22.45991325378418,113254800,0.0,0.0,22.021118259429933,22.013416862487794,,0.15540631611486688,23.093333625774935,20.94890289308493,29.582489795210506,81.55238411551386,8.082791987853241
2016-07-25 00:00:00-04:00,22.3665820652162,22.500894548774543,22.06380756036966,22.159420013427734,161531600,0.0,0.0,22.065965366363525,22.002110481262207,,0.1254319290324304,23.07791339842522,21.05401733430183,28.185101475133365,41.91908430815751,1.6083551161999579
2016-07-26 00:00:00-04:00,22.041037135170935,22.302834557369803,21.949976935689307,22.00688934326172,224959200,0.0,0.0,22.118665981292725,21.997026125590008,,0.08835061014796253,22.98598631444515,21.2513456481403,27.502909274269825,15.497507401993387,4.785454942975141
2016-07-27 00:00:00-04:00,23.73702660738839,23.755238994973727,23.39099992741144,23.4365291595459,369379200,0.0,0.0,22.225205993652345,22.038685862223307,,0.17233679169251204,23.190066807753375,21.260345179551315,41.28278521405174,241.8220268701002,26.528769403564443
2016-07-28 00:00:00-04:00,23.409212413656437,23.77800371125491,23.406935430991453,23.75296211242676,159479200,0.0,0.0,22.338347816467284,22.093321736653646,,0.261416493796915,23.458471594376768,21.2182240385578,43.7316631226665,226.3462019490654,26.883057539214175
2016-07-29 00:00:00-04:00,23.718821183600856,23.80077520896637,23.602719358194836,23.723373413085938,110934800,0.0,0.0,22.436351585388184,22.143859990437825,,0.3258688257683673,23.680727222279312,21.191975948497056,43.55594499989245,200.64078196145968,27.246092316054405
2016-08-01 00:00:00-04:00,23.76890095666908,24.165010864131546,23.76890095666908,24.14224624633789,152671600,0.0,0.0,22.551997566223143,22.225206883748374,,0.4060664192730137,23.97580664469483,21.128188487751455,46.692742459469606,206.33934297968997,32.76954192673079
2016-08-02 00:00:00-04:00,24.142241818714755,24.14679404670702,23.675559423802557,23.784832000732425,135266400,0.0,0.0,22.660017108917238,22.29638500213623,,0.4357600764232501,24.11499106682657,21.205043151007906,44.50934694253561,165.58555926758035,30.15006729159145
2016-08-03 00:00:00-04:00,23.85995808599503,24.09443693605807,23.850851892023883,24.08305549621582,120810400,0.0,0.0,22.776801586151123,22.37135753631592,,0.4778483193980563,24.296832238240064,21.25677093406218,46.66218569036621,159.92635167229167,30.150067291387337
2016-08-04 00:00:00-04:00,24.16545245152314,24.26158283232779,24.096786895955468,24.231828689575195,109634800,0.1425,0.0,22.89635772705078,22.454021072387697,,0.5172458206930486,24.481140487455093,21.311574966646468,47.709130089613986,158.4489443061885,32.694740666466686
2016-08-05 00:00:00-04:00,24.323380557839805,24.63924001955661,24.30278193880834,24.600330352783203,162213600,0.0,0.0,23.025915908813477,22.54479440053304,,0.5716144136935455,24.724863339095347,21.326968478531608,50.21316810820851,165.6198666357342,37.97615267223319
2016-08-08 00:00:00-04:00,24.60948336646476,24.804035186767575,24.5270871466591,24.804035186767575,112148800,0.0,0.0,23.162244510650634,22.662846310933432,,0.6239467235850675,24.974538319698716,21.349950701602552,51.540201333763626,163.09797371647466,40.09799155876449
2016-08-09 00:00:00-04:00,24.771992464217153,24.93449908368157,24.7216379561109,24.90474319458008,105260800,0.0,0.0,23.298600578308104,22.79457518259684,,0.6658710043388538,25.206804603480816,21.390396553135393,52.19191167143363,156.22290951530022,41.730531777112255
2016-08-10 00:00:00-04:00,24.881861288365783,24.92534960067685,24.66442321928655,24.7193546295166,96034000,0.0,0.0,23.431947422027587,22.908362706502277,,0.6763405580942923,25.34620666799359,21.517688176061583,50.888636814900735,134.06166356424242,39.99955998471546
2016-08-11 00:00:00-04:00,24.83837106387141,24.932213889268045,24.68501994290599,24.703330993652344,109938000,0.0,0.0,23.54263858795166,23.015469551086426,,0.6755573764594445,25.483285144025693,21.60199203187763,50.77526987246098,121.64494072737503,40.090370072630435
2016-08-12 00:00:00-04:00,24.668994145530196,24.82005766994111,24.668994145530196,24.760547637939453,74641600,0.0,0.0,23.656304264068602,23.115377871195474,,0.6718094037660478,25.602963704959755,21.70964482317745,51.17703692829622,109.85086811336217,39.58015801509823
2016-08-15 00:00:00-04:00,24.751395763843067,25.07183216140726,24.737663349139908,25.0580997467041,103472800,0.0,0.0,23.772896003723144,23.223003641764322,,0.6849533608591045,25.763834895189724,21.781957112256563,53.230639123719065,113.71419880731176,42.95662850347034
2016-08-16 00:00:00-04:00,25.092430377750215,25.22976150751289,24.996299983906624,25.03520965576172,135177600,0.0,0.0,23.887888050079347,23.336695925394693,,0.6856196064738285,25.892132936128395,21.8836431640303,53.0530524773777,113.7042154483105,44.95277836777309
2016-08-17 00:00:00-04:00,24.97112008237138,25.032919433468297,24.797168616999254,24.99858665466309,101424000,0.0,0.0,24.00002450942993,23.445069948832195,,0.675406771964969,25.988486219332902,22.01156279952696,52.76171443819373,98.15845156708846,38.62530164561786
2016-08-18 00:00:00-04:00,25.000879796385863,25.085565351322884,24.952812850963635,24.9665470123291,87938800,0.0,0.0,24.11659173965454,23.549264653523764,,0.6571524512722426,26.04046244666726,22.192721032641824,52.500793058593935,96.42804184137839,39.34938325499099
2016-08-19 00:00:00-04:00,24.895592108196556,25.106165702014025,24.80175102783004,25.0306339263916,101472400,0.0,0.0,24.245127773284914,23.649980227152508,,0.6404740626630137,26.0422911602246,22.447964386345227,52.981921029087786,89.92373946280136,34.634533128717116
2016-08-22 00:00:00-04:00,24.91618537887745,24.971116769936508,24.685013228240997,24.836076736450195,103280800,0.0,0.0,24.378960609436035,23.7419340133667,,0.6045878676870906,25.89951116027271,22.85841005859936,51.34848159994878,75.4958689269119,31.088780746824124
2016-08-23 00:00:00-04:00,24.854388436650385,25.021473689483713,24.840656024118577,24.913898468017575,85030800,0.0,0.0,24.524311065673828,23.83314323425293,22.915767828623455,0.5757900141109076,25.572542931546767,23.47607919980089,51.96131622505233,77.65915318704873,31.88923879901192
2016-08-24 00:00:00-04:00,24.8498123178777,24.891011302987323,24.64610670990169,24.726215362548828,94700400,0.0,0.0,24.588795375823974,23.922269821166992,22.94898640314738,0.5316940119940448,25.505722056780346,23.6718686948676,50.378114152032616,62.05326590559442,26.038049829533666
2016-08-25 00:00:00-04:00,24.579734540782383,24.691886673061536,24.417227891003797,24.620933532714844,100344800,0.0,0.0,24.632193946838377,23.99331734975179,22.985762278238933,0.4826881206394411,25.46042363202826,23.803964261648495,49.5028524392185,45.74602912461898,19.581536554039808
2016-08-26 00:00:00-04:00,24.584313218873454,24.70790844864497,24.332540630944195,24.47673797607422,111065200,0.0,0.0,24.66986217498779,24.05963414510091,23.02294251124064,0.4272896927448251,25.384839516156774,23.95488483381881,48.31356503219219,37.01831614627991,17.281879754061542
2016-08-29 00:00:00-04:00,24.403492465114848,24.59117635048861,24.327960698184036,24.449268341064453,99881200,0.0,0.0,24.68521327972412,24.117067591349283,23.058906205495198,0.3768256579235363,25.36480058256955,24.00562597687869,48.08589880955,29.697989888061738,17.15583432655064
2016-08-30 00:00:00-04:00,24.21580555067477,24.37602284269513,24.147139999101743,24.26158142089844,99455600,0.0,0.0,24.709050750732423,24.167941347757974,23.08904784520467,0.3180218232449121,25.280502786601236,24.13759871486361,46.535932309594294,9.011339290221276,12.229591036679814
2016-08-31 00:00:00-04:00,24.183764239161057,24.3920467372776,24.179185603989712,24.28447151184082,118649600,0.0,0.0,24.719121551513673,24.218895149230956,23.118053277333576,0.27015225263746245,25.249765021874026,24.18847808115332,46.752473628638214,7.100738380031648,12.56662399687853
2016-09-01 00:00:00-04:00,24.29363097090216,24.44469452374681,24.1746126307344,24.428672790527344,106806000,0.0,0.0,24.728963756561278,24.27867749532064,23.149803606669106,0.24107218105804407,25.22790697861949,24.230020534503065,48.12180478309018,8.988986077215422,13.693056781916122
2016-09-02 00:00:00-04:00,24.650682859257305,24.71934841445918,24.44926657489614,24.657550811767575,107210000,0.0,0.0,24.731824779510497,24.351932080586753,23.182674471537272,0.23379946363968074,25.228312476193793,24.2353370828272,50.223601726067365,34.06603197098483,19.303674634902457
2016-09-06 00:00:00-04:00,24.696461978350715,24.788015475435525,24.607197798908395,24.650684356689453,107521600,0.0,0.0,24.72415723800659,24.434974225362144,23.218542353312174,0.22488933290806656,25.220685979528007,24.227628496485174,50.16053216882131,39.04530864953187,20.63800536898145
2016-09-07 00:00:00-04:00,24.680436836338693,24.89329794549112,24.506485390542498,24.80174446105957,169457200,0.0,0.0,24.719007301330567,24.52813606262207,23.26258109410604,0.22739599854777737,25.2097525585421,24.228262044119035,51.54533510688613,42.47562327047812,22.66620143542221
2016-09-08 00:00:00-04:00,24.547688186556055,24.552265075682133,24.0876331218055,24.15172004699707,212008000,0.0,0.0,24.69062557220459,24.551975758870444,23.295330810546876,0.17491470357051142,25.243065341312672,24.138185803096505,45.87168652714294,-55.70771172055493,10.992245179397694
2016-09-09 00:00:00-04:00,23.950308056629332,24.19750202362435,23.60469436645508,23.60469436645508,186228000,0.0,0.0,24.635693740844726,24.547033500671386,23.320177618662516,0.08816617368957935,25.37102554590652,23.900361935782932,41.86045008563773,-154.69146085173867,0.32249876646378817
2016-09-12 00:00:00-04:00,23.494826106333228,24.197496422009813,23.46735953427949,24.13340950012207,181171200,0.0,0.0,24.60433683395386,24.560701370239258,23.35228068033854,0.061372764375224875,25.37010744031703,23.838566227590686,46.53500601157924,-132.40558761274127,3.2247064693990546
2016-09-13 00:00:00-04:00,24.607205139845533,24.90017502092691,24.545405768725978,24.70791244506836,248704800,0.0,0.0,24.58682746887207,24.57955691019694,23.402381896972656,0.08551066705199872,25.32440779761071,23.84924714013343,50.96654865139819,33.632159842858286,10.559034668867325
2016-09-14 00:00:00-04:00,24.886434865548,25.87063014465147,24.85667897528379,25.582237243652344,443554800,0.0,0.0,24.6141788482666,24.63947041829427,23.46792771021525,0.17319435630628988,25.455099345977978,23.773258350555224,56.626511236806145,188.1656856987802,24.888552320376625
2016-09-15 00:00:00-04:00,26.06060067510993,26.48861222068165,25.97591339445229,26.451990127563477,359934400,0.0,0.0,24.68684902191162,24.71843490600586,23.54489622116089,0.30930067502200487,25.855123633683707,23.518574410139532,61.23166925366791,345.55169248246114,32.05906624794437
2016-09-16 00:00:00-04:00,26.34899837368548,26.580168830453403,26.10180443856475,26.303220748901367,319547600,0.0,0.0,24.753682708740236,24.7874813079834,23.620751190185548,0.40054424295418656,26.124675680467355,23.382689737013116,60.102513775808305,300.75219071987783,33.03879197341986
2016-09-19 00:00:00-04:00,26.365016812905782,26.5916103520135,25.920983512266076,25.99651527404785,188092000,0.0,0.0,24.80197677612305,24.834020805358886,23.689407602945963,0.4430002284631165,26.278066038866616,23.32588751337948,57.82820919427902,227.2875169224505,29.231436589351933
2016-09-20 00:00:00-04:00,25.875206237689383,26.12011081115645,25.75160929226149,25.994224548339844,138057200,0.0,0.0,24.859884166717528,24.87369378407796,23.7682700475057,0.47103229336704544,26.429511296787123,23.290257036647933,57.81130698029489,166.0747175682705,25.744406660145223
2016-09-21 00:00:00-04:00,26.058316452331603,26.090359916955993,25.735592488260867,25.989652633666992,144012800,0.0,0.0,24.913671875,24.909857432047527,23.852216307322184,0.4872621368550014,26.562806333679063,23.264537416320934,57.7764409164532,143.98612025246675,25.413364633510607
2016-09-22 00:00:00-04:00,26.172754940092023,26.307796736816936,26.09264628757944,26.234554290771484,124296000,0.0,0.0,24.989088821411134,24.96036408742269,23.934363396962485,0.5139612958598256,26.73711912913509,23.24105851368718,59.14191969502343,159.37764698185393,28.072673947548804
2016-09-23 00:00:00-04:00,26.188777575064645,26.273464865638555,25.531884855537015,25.797388076782227,209924800,0.0,0.0,25.0479115486145,24.996832656860352,24.006151103973387,0.4941486734985361,26.822750571669403,23.2730725255596,55.80908956707674,104.43481195711169,16.948429170971874
2016-09-26 00:00:00-04:00,25.552479943478165,25.95302491074402,25.53188132621277,25.836294174194336,119477600,0.0,0.0,25.11588935852051,25.032690874735515,24.074034372965496,0.47609826006318556,26.902720877153605,23.32905783988741,56.03717507323548,84.91397147867475,16.948363033797232
2016-09-27 00:00:00-04:00,25.863762648307365,25.904961632109924,25.712699125618776,25.884361267089844,98429600,0.0,0.0,25.187644004821777,25.06023292541504,24.141618283589683,0.46036498902643075,26.97701811291761,23.398269896725946,56.32527843649835,83.77374046637064,16.948363033743217
2016-09-28 00:00:00-04:00,26.021698975216378,26.23913704438409,25.962188928804075,26.081207275390625,118564400,0.0,0.0,25.278625297546387,25.095099512736002,24.21589771906535,0.4584948429899889,27.054732517258433,23.502518077834342,57.5050609641981,101.10953042953274,21.449565345120085
2016-09-29 00:00:00-04:00,25.900386687102312,26.046871585785244,25.589105840841658,25.67608070373535,143548000,0.0,0.0,25.348205757141113,25.117682647705077,24.281376298268636,0.4194868272112693,27.06848390531892,23.627927608963304,54.37768630111344,63.69644570296691,14.295331137047068
2016-09-30 00:00:00-04:00,25.74016420879201,25.94844843326282,25.58910244107431,25.875205993652344,145516400,0.0,0.0,25.420532417297363,25.147971280415852,24.348617966969808,0.4000291533357263,27.099160351115373,23.741904483479352,55.605306034128816,62.27988087847717,14.295267667864575
2016-10-03 00:00:00-04:00,25.797388833340097,25.875209919491997,25.698969126471315,25.7539005279541,86807200,0.0,0.0,25.47534990310669,25.172080167134602,24.411030197143553,0.37054901097484816,27.120336225093595,23.830363581119784,54.67809805776538,55.76870592959737,14.295267667822007
2016-10-04 00:00:00-04:00,25.87748858889676,26.163592086461023,25.77906891588517,25.86375617980957,118947200,0.0,0.0,25.536003494262694,25.206336148579915,24.47413508097331,0.3519926664130608,27.141953877429604,23.930053111095784,55.375209809029236,65.65537048369418,18.408150466990506
2016-10-05 00:00:00-04:00,25.95531463912669,26.014824667009425,25.79280803081087,25.875205993652344,85812400,0.0,0.0,25.589676570892333,25.23837973276774,24.535761483510335,0.33435628284455277,27.163737362356997,24.01561577942767,55.44909375751089,58.163641054346826,18.408150466920162
2016-10-06 00:00:00-04:00,26.023980341230185,26.170465231130333,25.89351718159294,26.067468643188477,115117200,0.0,0.0,25.685464000701906,25.283088175455728,24.60267899831136,0.33206546681689986,27.117869537065264,24.253058464338547,56.694571592055674,67.08648762399734,20.60862212620183
2016-10-07 00:00:00-04:00,26.163603093580928,26.220823817166742,25.98049782584907,26.106382369995117,97433600,0.0,0.0,25.810548400878908,25.332603136698406,24.662960243225097,0.32959067500981476,26.864925698506372,24.756171103251443,56.94658187190209,68.31570936736696,21.318875893037855
2016-10-10 00:00:00-04:00,26.326108295770283,26.72207644962108,26.257444478974328,26.561859130859375,144944000,0.0,0.0,25.931970882415772,25.402107175191244,24.730870660146078,0.36023004497338107,26.69111639893224,25.172825365899303,59.78057278446531,99.4381203819304,27.955502986640727
2016-10-11 00:00:00-04:00,26.93951422421971,27.166109532262723,26.59618990489879,26.61907958984375,256164000,0.0,0.0,26.02752923965454,25.47443421681722,24.795750904083253,0.3846946586817843,26.594813707873566,25.460244771435516,60.12171515106418,118.69867588472104,33.124715876498726
2016-10-12 00:00:00-04:00,26.859407924510492,27.003605268881365,26.722078533968947,26.857118606567383,150347200,0.0,0.0,26.091273307800293,25.560952123006185,24.86444673538208,0.41846697379103404,26.72990224280302,25.452644372797565,61.52609975158931,120.6862516814943,33.124715876285805
2016-10-13 00:00:00-04:00,26.731230933637267,26.880005150259223,26.486326329501203,26.77471923828125,140769600,0.0,0.0,26.107409763336182,25.643960380554198,24.93142776489258,0.4335847414487759,26.798563926327123,25.41625560034524,60.759858842281176,104.82964712275763,27.910179965361873
2016-10-14 00:00:00-04:00,26.980709328593424,27.047085563656005,26.809047193643227,26.92348861694336,142608800,0.0,0.0,26.13842315673828,25.7271209081014,25.00289920171102,0.45235565239641673,26.916741588077908,25.360104725398653,61.65185550340672,124.57936214028109,29.9226421271269
2016-10-17 00:00:00-04:00,26.854829278087568,26.971558291980894,26.728942993020848,26.905183792114254,94499600,0.0,0.0,26.183856582641603,25.80204200744629,25.07698704401652,0.4604469424414326,27.03039170128147,25.337321464001736,61.47398688458101,116.87588292225847,28.148371429730194
2016-10-18 00:00:00-04:00,27.04938372460419,27.05624993284904,26.882298423614554,26.886877059936523,98214000,0.0,0.0,26.228489208221436,25.876581764221193,25.155777994791666,0.4600786475458136,27.125547460911864,25.331430955531008,61.29104266240624,120.83729185010557,29.205776460297532
2016-10-19 00:00:00-04:00,26.836518749601417,26.95324951200044,26.04687348062428,26.806764602661133,80138400,0.0,0.0,26.269344806671143,25.943415768941243,25.235775915781655,0.44815629857091466,27.194589023694935,25.34410058964735,60.47629156922222,78.894221473491,12.335846969615702
2016-10-20 00:00:00-04:00,26.747255811038844,26.866274150593316,26.625948153539685,26.793031692504883,96503200,0.0,0.0,26.297268676757813,26.03145949045817,25.291717624664308,0.4326127297767357,27.251352179048578,25.34318517446705,60.33406644483749,93.83252584119354,12.335846969567777
2016-10-21 00:00:00-04:00,26.73580742632072,26.758697110259885,26.6144997848891,26.687742233276367,92770800,0.0,0.0,26.34178638458252,26.134227752685547,25.340630626678468,0.4071055012983784,27.280627806346065,25.402944962818975,59.2292928372279,80.91111200124345,12.121162015257472
2016-10-24 00:00:00-04:00,26.80218568949886,26.948670597321588,26.779297750071155,26.928071975708008,94154800,0.0,0.0,26.396375274658205,26.227383168538413,25.394042269388834,0.40165342993468656,27.33841893813331,25.4543316111831,60.919040274384535,104.95809637691032,14.91255743072345
2016-10-25 00:00:00-04:00,26.99673361095342,27.090576425127797,26.8502487149759,27.065399169921875,192516000,0.0,0.0,26.455427169799805,26.305966059366863,25.4427614847819,0.4037594928783754,27.410310668407263,25.500543671192347,61.853583893697895,116.47667151755181,16.951015925641187
2016-10-26 00:00:00-04:00,26.16359610977424,26.481743108289866,25.934713276526317,26.456565856933594,264536800,0.0,0.0,26.474195098876955,26.335110346476238,25.487290382385254,0.35224039479953717,27.412724510645656,25.535665687108253,55.740373433949344,-5.401609585462776,0.8289775385914545
2016-10-27 00:00:00-04:00,26.410793330304532,26.518368554939595,26.11553422850968,26.20251083374023,138248000,0.0,0.0,26.500516605377197,26.326794370015463,25.522614638010662,0.28759579593830864,27.371927709964112,25.62910550079028,53.459596605038456,-7.3705180783569775,1.3915276431397512
2016-10-28 00:00:00-04:00,26.06289532854449,26.369597563133876,25.966763187546174,26.028562545776367,151446800,0.0,0.0,26.5081844329834,26.317639096577963,25.55256020228068,0.21979465652639973,27.35888056889014,25.657488297076657,51.95386889912535,-33.23183536224619,0.968985250876064
2016-10-31 00:00:00-04:00,26.01253725478018,26.145289731996076,25.909538920566067,25.98736000061035,105677600,0.0,0.0,26.51985740661621,26.317333920796713,25.575677363077798,0.16088251057475134,27.332531655205845,25.707183158026577,51.59776331609627,-50.376426295873685,1.877969443377323
2016-11-01 00:00:00-04:00,25.969053738668325,26.040006879184247,25.29842676886926,25.51815414428711,175303200,0.0,0.0,26.502577304840088,26.30146490732829,25.587579345703126,0.07546332494496966,27.385640857493627,25.61951375218655,47.74270832872038,-113.39034516407513,10.911748696435808
2016-11-02 00:00:00-04:00,25.497553859616954,25.714991902906835,25.45864418807882,25.541040420532227,113326800,0.0,0.0,26.485869026184083,26.286511166890463,25.598184299468993,0.00950516650307165,27.429482569614393,25.542255482753774,47.93897537239873,-116.28844218082223,10.91174869639221
2016-11-03 00:00:00-04:00,25.531838097943226,25.642264957129893,25.20285508147735,25.267271041870117,107730400,0.1425,0.0,26.445859146118163,26.254268391927084,25.607316239674887,-0.0641189270583915,27.522631841059628,25.3690864511767,45.8098916530925,-135.88700520791812,14.440170496310126
2016-11-04 00:00:00-04:00,24.96819331187081,25.36389333452078,24.87156937755949,25.03951072692871,123348000,0.0,0.0,26.392515563964842,26.229005813598633,25.61291923522949,-0.13923983543311635,27.633313097235103,25.151718030694582,44.123380523842265,-165.52096931542368,18.75157640457887
2016-11-07 00:00:00-05:00,25.324783872490706,25.423708878055244,25.18214728731297,25.40070343017578,130240000,0.0,0.0,26.334457778930663,26.214486122131348,25.62358849843343,-0.16769537608952234,27.648399049766457,25.020516508094868,47.30593481843676,-124.29648087636728,17.64430388504314
2016-11-08 00:00:00-05:00,25.377697966609183,25.70208059611489,25.237362443161036,25.55024147033691,97016800,0.0,0.0,26.281015872955322,26.203348795572918,25.63179086049398,-0.17614958421386007,27.632620206008447,24.929411539902198,48.56074022552091,-97.82658132997531,12.590134538797008
2016-11-09 00:00:00-05:00,25.27876923832055,25.610053278444553,24.857764485066493,25.508827209472656,236705600,0.0,0.0,26.213601303100585,26.18426946004232,25.63968448638916,-0.18406955060000385,27.57864992649674,24.84855267970443,48.23168514543415,-112.32659754527383,17.58481964568766
2016-11-10 00:00:00-05:00,25.557143017878342,25.557143017878342,24.347039171303557,24.79795265197754,228538000,0.0,0.0,26.1147629737854,26.154998524983725,25.6363405863444,-0.24488493568163605,27.590516251162818,24.63900969640798,43.05157856860615,-156.03462642412515,23.656468930555487
2016-11-11 00:00:00-05:00,24.643811225593108,25.04641268693562,24.51267824839253,24.94518661499023,136575600,0.0,0.0,26.015847873687743,26.12399787902832,25.635984579722088,-0.27799644619549824,27.52811104328928,24.503584704086208,44.33256854124294,-151.61625770878086,23.656468930367073
2016-11-14 00:00:00-05:00,24.779545367845188,24.80255081531767,23.94443551369246,24.319429397583008,204702000,0.0,0.0,25.88656015396118,26.076182174682618,25.62413117090861,-0.35068841683348495,27.516256637033514,24.256863670888848,40.342770758206136,-186.30867173507826,29.813170599798895
2016-11-15 00:00:00-05:00,24.517282287264077,24.772646821194417,24.422959414978138,24.64151382446289,129058000,0.0,0.0,25.7742919921875,26.035440762837727,25.620888455708823,-0.37795102169239314,27.423087349902897,24.125496634472103,43.07080699126933,-142.4549512762007,29.813170599600536
2016-11-16 00:00:00-05:00,24.54718432076294,25.359290416788937,24.524178875156075,25.304075241088867,235362000,0.0,0.0,25.699157524108887,26.016403071085612,25.627391401926676,-0.3421495760624822,27.28562659000596,24.112688458211814,48.11941436209511,-89.94176652591982,19.19340235628287
2016-11-17 00:00:00-05:00,25.262668119430153,25.386899648584652,25.03721226501154,25.294876098632812,110528000,0.0,0.0,25.624249744415284,25.99064998626709,25.63686908086141,-0.31093470465591366,27.132811884963832,24.115687603866736,48.05820067554008,-67.69167103232363,18.720550140816993
2016-11-18 00:00:00-05:00,25.241963923155183,25.43061141206758,25.22816100488457,25.32018280029297,113715600,0.0,0.0,25.555871772766114,25.964443333943684,25.648523235321044,-0.28091642516328363,26.983257179283903,24.128486366248325,48.24556514195681,-55.835358361015736,17.954153291888577
2016-11-21 00:00:00-05:00,25.33399029023028,25.76419767272217,25.30868376711859,25.704383850097656,117058400,0.0,0.0,25.494687366485596,25.93586082458496,25.668983999888102,-0.2235479865431742,26.771363975394035,24.218010757577158,51.020367298871314,-29.40895654370906,12.234279865416312
2016-11-22 00:00:00-05:00,25.7549872541556,25.863114773392983,25.62845643254817,25.72047996520996,103862000,0.0,0.0,25.42744140625,25.905907503763835,25.69017086029053,-0.17476962816754238,26.47729817568504,24.377584636814962,51.1339148517907,-13.515406272951658,10.58925452751691
2016-11-23 00:00:00-05:00,25.619256652066213,25.653765699916704,25.382297214804243,25.5893497467041,109705600,0.0,0.0,25.384080600738525,25.86364854176839,25.71230033238729,-0.14502181919943524,26.320474620277242,24.447686581199807,50.15403438393453,-28.895397352425984,13.840272465356891
2016-11-25 00:00:00-05:00,25.566342501900497,25.73658666962397,25.524931995589796,25.718181610107425,45903600,0.0,0.0,25.359864139556883,25.828430620829263,25.736195500691732,-0.1097852752725963,26.229834139948213,24.489894139165553,51.106305629571246,-14.542690323042308,12.417578979985686
2016-11-28 00:00:00-05:00,25.635362135650787,25.874622658112735,25.626159605340344,25.667570114135746,108776000,0.0,0.0,25.341814517974854,25.786566670735677,25.75684378941854,-0.08496456645845285,26.16720586873045,24.51642316721926,50.712578363016405,-4.287616439488094,10.046388267882113
2016-11-29 00:00:00-05:00,25.485827700139826,25.773400231067928,25.322486713197073,25.64226722717285,114115200,0.0,0.0,25.324559879302978,25.744469451904298,25.77325572967529,-0.06656834892352137,26.10640992526139,24.542709833344567,50.51132002594268,-16.546287612155655,14.166654238512642
2016-11-30 00:00:00-05:00,25.67447127436906,25.812505717013423,25.368493727118555,25.426008224487305,144649200,0.0,0.0,25.31995258331299,25.69577382405599,25.78617779413859,-0.06864817472806095,26.098076316135618,24.54182885049036,48.79903217895049,-17.654791774651777,13.474251319121294
2016-12-01 00:00:00-05:00,25.39150476644213,25.522637770046657,25.083226101264454,25.18905258178711,148347600,0.0,0.0,25.302353191375733,25.641850090026857,25.79263292948405,-0.08839779693017391,26.075327459173163,24.529378923578303,46.99335293915715,-49.89260479987366,17.26101216261079
2016-12-02 00:00:00-05:00,25.115433567203517,25.327086523891644,25.041815071172717,25.283376693725582,106112000,0.0,0.0,25.303158473968505,25.59152825673421,25.81149387359619,-0.09533933477514367,26.07601240166134,24.53030454627567,47.78890954558004,-53.44655455839931,17.801237060664864
2016-12-05 00:00:00-05:00,25.306378819889098,25.313280278734737,24.903777338663584,25.101627349853516,137298000,0.0,0.0,25.306264305114745,25.53865776062012,25.836442756652833,-0.11418989658905687,26.07514618709654,24.53738242313295,46.40075076720052,-66.10739748803915,19.611180826470747
2016-12-06 00:00:00-05:00,25.19135070193901,25.389200720014333,25.12003328444787,25.294876098632812,104782000,0.0,0.0,25.300972938537598,25.484217898050943,25.855800533294676,-0.11224169130885642,26.06857383220276,24.533372044872436,48.06025710105542,-35.13123350870993,18.131225273523356
2016-12-07 00:00:00-05:00,25.136135021878378,25.58014698705001,25.113129575252483,25.543336868286133,119994800,0.0,0.0,25.30062770843506,25.433482487996418,25.86972427368164,-0.08961597972029978,26.067762633315006,24.53349278355511,50.11453241540003,-0.8097380467150291,14.446910943489263
2016-12-08 00:00:00-05:00,25.504233822463927,25.86542486610041,25.44441824209,25.79410743713379,108273200,0.0,0.0,25.314891719818114,25.41140054066976,25.873255443572997,-0.05086352805799521,26.108479434148915,24.521304005487313,52.09287262411185,65.73810104045752,9.183940717301414
2016-12-09 00:00:00-05:00,25.83781764485599,26.387656214381703,25.83781764485599,26.215112686157227,137610400,0.0,0.0,25.385749721527098,25.41182060241699,25.869307486216226,0.013662185024688966,26.23603965311423,24.535459789939967,55.17985659654925,165.13875718944803,0.4373245000173535
2016-12-12 00:00:00-05:00,26.06327548149486,26.4566745180519,25.879228347983513,26.065576553344727,105497600,0.0,0.0,25.441769218444826,25.41305440266927,25.865346749623615,0.05213201590471428,26.31710633684967,24.566432100039982,53.903611750660325,161.98160616550683,0.6507794084645224
2016-12-13 00:00:00-05:00,26.189801766875863,26.668322826103353,26.169097389460877,26.50038146972656,174935200,0.0,0.0,25.550816822052003,25.430155118306477,25.873744519551597,0.11636339222118153,26.379602517746807,24.722031126357198,56.9019628268834,216.80672880513444,3.9517265819091336
2016-12-14 00:00:00-05:00,26.46587241883168,26.732738784998737,26.452069500555023,26.50038146972656,136127200,0.0,0.0,25.643760204315186,25.46289602915446,25.882180468241373,0.16536104156062237,26.460013370299592,24.82750703833078,56.9019628268834,212.360982121433,4.946092014907532
2016-12-15 00:00:00-05:00,26.544094797742623,26.85467454156549,26.50958749749872,26.645320892333984,186098000,0.0,0.0,25.71082248687744,25.499705378214518,25.89310827255249,0.21342717613358886,26.624181791267034,24.797463182487846,57.87931174722303,203.3624247507713,6.834826506248763
2016-12-16 00:00:00-05:00,26.794853821721503,26.8017552804462,26.606206344032927,26.67982482910156,177404400,0.0,0.0,25.78006992340088,25.546790504455565,25.900529448191325,0.25140606084163153,26.767636819937085,24.792503026864676,58.113235509495304,182.25967627515587,6.834826506226226
2016-12-19 00:00:00-05:00,26.640717421692816,27.00420773209918,26.629213819473502,26.833965301513672,111117600,0.0,0.0,25.855759048461913,25.60660565694173,25.917805735270182,0.29059267702078984,26.923687905824735,24.78783019109909,59.16138018092178,178.69253096824792,10.011880442377931
2016-12-20 00:00:00-05:00,26.856969099908948,27.031813662716168,26.84316618225683,26.90528106689453,85700000,0.0,0.0,25.915803909301758,25.656758244832357,25.93562218348185,0.3236718512995651,27.07871464227211,24.752893176331405,59.644702760833965,169.17053408188076,10.442679446693779
2016-12-21 00:00:00-05:00,26.870772051742385,27.008806485032228,26.866169909350997,26.930585861206055,95132800,0.0,0.0,25.97630920410156,25.702769724527993,25.953059260050455,0.3479186312488167,27.219575672035532,24.73304273616759,59.81925464386496,150.2946888820979,10.442679446667062
2016-12-22 00:00:00-05:00,26.767249498113294,26.80405962274124,26.60390851928433,26.753446578979492,104343600,0.0,0.0,26.034514045715333,25.74425703684489,25.964263248443604,0.34881974252717995,27.31008025476175,24.758947836668916,58.0024604622546,112.82983456608761,5.316830823163592
2016-12-23 00:00:00-05:00,26.59240810386467,26.80636215209961,26.59240810386467,26.80636215209961,56998000,0.0,0.0,26.088923072814943,25.81120402018229,25.983101272583006,0.3497717729511258,27.40001381396807,24.777832331661816,58.392962592045734,103.73476430170973,5.095564328947562
2016-12-27 00:00:00-05:00,26.80635267843712,27.100828341075097,26.799451220482073,26.97659683227539,73187600,0.0,0.0,26.154374408721925,25.878917694091797,26.00145778656006,0.36011163710982075,27.50693951678101,24.80180930066284,59.641836929944745,116.3456852731992,10.098555178262384
2016-12-28 00:00:00-05:00,27.036420839178867,27.151449862372655,26.73274428815541,26.8615779876709,83623600,0.0,0.0,26.215339946746827,25.96365598042806,26.01991907755534,0.354933541515166,27.580573758606295,24.85010613488736,58.416289469381,103.27945537443345,8.755013099606472
2016-12-29 00:00:00-05:00,26.790257568569604,26.94209671470516,26.77875571990097,26.85467529296875,60158000,0.0,0.0,26.2867733001709,26.037428029378255,26.036434396107992,0.3462811600158773,27.627393863664658,24.946152736677142,58.341862157808116,90.57945313652968,8.755013099579415
2016-12-30 00:00:00-05:00,26.83626947796643,26.96280034100216,26.555598401292904,26.645320892333984,122345200,0.0,0.0,26.359586715698242,26.082136217753092,26.04926964441935,0.3188553686479487,27.603902747069682,25.115270684326802,56.09930991735139,70.81419260604143,4.202668065293939
2017-01-03 00:00:00-05:00,26.640717233261352,26.762647693029223,26.401456701458834,26.721237182617188,115127600,0.0,0.0,26.431479740142823,26.12968158721924,26.060165786743163,0.29979024621820116,27.576144457103574,25.286815023182072,56.72332106440921,56.788306337448354,1.1764677943381974
2017-01-04 00:00:00-05:00,26.652222419559344,26.804061561829094,26.62921696760427,26.69133186340332,84472400,0.0,0.0,26.510964965820314,26.175386555989583,26.069914944966634,0.2790511619132374,27.473021968912658,25.54890796272797,56.39664972923302,61.53250051337099,1.9677596046762424
2017-01-05 00:00:00-05:00,26.668323926614956,26.884579016290644,26.64301740526128,26.827064514160156,88774400,0.0,0.0,26.58757438659668,26.212809244791668,26.074335034688314,0.2704501972114528,27.36894251080001,25.806206262393346,57.54464731650657,65.82313942715815,3.5214854719768502
2017-01-06 00:00:00-05:00,26.866168254629233,27.183649362365156,26.794850848782673,27.126134872436523,127007600,0.0,0.0,26.6667142868042,26.259664408365886,26.08278595606486,0.28448696060148393,27.311433665561314,26.021994908047088,59.948209428331374,88.28792027201554,9.059683772449034
2017-01-09 00:00:00-05:00,27.135337048348266,27.475823618608228,27.13303773237843,27.374597549438477,134247600,0.0,0.0,26.745738792419434,26.319172668457032,26.09141060511271,0.3120627926411075,27.324150076989422,26.167327507849446,61.80653989528436,114.3314180826781,14.04617384069305
2017-01-10 00:00:00-05:00,27.323991499898003,27.464327038866397,27.21586569997468,27.402212142944336,97848400,0.0,0.0,26.80509376525879,26.375307019551595,26.10186882019043,0.332314391668163,27.397695718529686,26.212491811987892,62.0092055413345,111.96592415720464,14.046173840625304
2017-01-11 00:00:00-05:00,27.31708513812776,27.59085470686036,27.284877160065474,27.5494441986084,110354400,0.0,0.0,26.87928714752197,26.438036155700683,26.11230141321818,0.3561389777774515,27.45331626980263,26.30525802524131,63.0894659018156,118.98967978462804,16.176252500304006
2017-01-12 00:00:00-05:00,27.35389396855466,27.44591751090735,27.195153401876347,27.43441390991211,108344800,0.0,0.0,26.92598876953125,26.497774378458658,26.12112191518148,0.36157019483001207,27.52178901643765,26.33018852262485,61.67213218399155,102.2822353854393,14.101965889159844
2017-01-13 00:00:00-05:00,27.402204756622897,27.519534811964093,27.33318666402149,27.38610076904297,104447600,0.0,0.0,26.97027473449707,26.563110796610513,26.129442310333253,0.3578509240773009,27.564542392092502,26.37600707690164,61.07597334930644,106.06031793642148,15.384290836157602
2017-01-17 00:00:00-05:00,27.22506505099349,27.662175636930503,27.19745921211967,27.606962203979492,137759200,0.0,0.0,27.018356800079346,26.64370778401693,26.14277893702189,0.36847746830783734,27.655954258594733,26.38075934156396,62.777566233336174,115.1225526714593,17.84266738720456
2017-01-18 00:00:00-05:00,27.60696682825164,27.721995856702687,27.54024978112559,27.604665756225582,94852000,0.0,0.0,27.064598846435548,26.72108408610026,26.156306171417235,0.37242074253306967,27.732258975134688,26.396938717736408,62.74806106161178,133.82694202575527,18.865327489446827
2017-01-19 00:00:00-05:00,27.46892548539264,27.627664311475066,27.462024026241657,27.556346893310547,102389200,0.0,0.0,27.10071792602539,26.80290807088216,26.17078291575114,0.3674115951831709,27.793529174986418,26.40790667706436,62.11264659323621,120.92293328935256,16.896928659059494
2017-01-20 00:00:00-05:00,27.710487610163064,27.710487610163064,27.54484731131003,27.606962203979492,130391600,0.0,0.0,27.135801982879638,26.87997760772705,26.182097752888996,0.3633377114133012,27.857409859909566,26.41419410584971,62.523890752997396,127.62150551623301,18.377381064742554
2017-01-23 00:00:00-05:00,27.60695924284487,27.793305656069048,27.55404513200667,27.625364303588867,88200800,0.0,0.0,27.17054090499878,26.949378522237144,26.19143050511678,0.3574732951930564,27.917017811113702,26.42406399888386,62.67626071131465,127.6731074003657,19.8542888318027
2017-01-24 00:00:00-05:00,27.503433666464463,27.629964509038164,27.491930064774497,27.60005760192871,92844000,0.0,0.0,27.21287145614624,27.00957686106364,26.210488700866698,0.3467861291308836,27.955769241693023,26.469973670599455,62.3158193783008,104.4715958480598,18.194942723957016
2017-01-25 00:00:00-05:00,27.7035842916051,28.090081806735956,27.671376311611137,28.03946876525879,129510400,0.0,0.0,27.2745267868042,27.070388730367025,26.24110466639201,0.3695137570215401,28.077612548770123,26.471441024838274,65.84404786929932,153.52748785606445,26.04129099509618
2017-01-26 00:00:00-05:00,27.991153703122777,28.16829932872382,27.97504971490478,28.05327033996582,105350400,0.0,0.0,27.32836046218872,27.13664518992106,26.274849796295165,0.3842103004222288,28.189597637391813,26.467123286985625,65.947639735449,160.44631777689293,27.268083762938623
2017-01-27 00:00:00-05:00,28.09928791224563,28.147599888382786,27.975056364234295,28.05557632446289,82251600,0.0,0.0,27.38806037902832,27.188485018412273,26.309320068359376,0.391530174494644,28.278109510987868,26.498011247068774,65.96548117426579,145.66244237277613,27.268083762835406
2017-01-30 00:00:00-05:00,27.82091656920229,27.981956481933594,27.758801675778333,27.981956481933594,121510000,0.0,0.0,27.444424438476563,27.237870852152508,26.350383440653484,0.38693042828699475,28.335026270385736,26.55382260656739,64.84343576962907,112.20623697428537,21.314184776600975
2017-01-31 00:00:00-05:00,27.871530600128644,27.926744035702463,27.749600125434853,27.91754150390625,196804000,0.0,0.0,27.508035469055176,27.280278205871582,26.389991792043052,0.37377865818723066,28.33798933272759,26.67808160538276,63.86024116494884,98.58842344740071,21.064886722431023
2017-02-01 00:00:00-05:00,29.22426836125969,30.020270610409472,29.21966797340711,29.61996841430664,447940000,0.0,0.0,27.65297203063965,27.378282992045083,26.462536748250326,0.49502111425853457,28.840006221535155,26.465937839744143,74.45143385354353,328.68789358157585,46.79734743985556
2017-02-02 00:00:00-05:00,29.44282796012069,29.767208875316427,29.39681530020404,29.569358825683594,134841600,0.0,0.0,27.796873378753663,27.46946277618408,26.538034216562906,0.5803331441193009,29.17540218160508,26.418344575902246,73.78643069182571,274.58807007380665,46.797347439576356
2017-02-03 00:00:00-05:00,29.51874855558765,29.72120076786806,29.484241251406825,29.695894241333008,98029200,0.0,0.0,27.940314865112306,27.56248321533203,26.609620730082195,0.6506535637016881,29.481392047432596,26.399237682792016,74.37834703879744,240.88636215180728,46.797347439391565
2017-02-06 00:00:00-05:00,29.707388111636728,30.02256642123465,29.65447224868922,29.974252700805664,107383600,0.0,0.0,28.08272075653076,27.663938776652017,26.683354250590007,0.7205382873358275,29.820795310661346,26.344646202400178,75.63060693501095,228.25611088320082,49.42479340873406
2017-02-07 00:00:00-05:00,30.03177231808843,30.388362950360797,30.011067938833033,30.259531021118164,152735200,0.0,0.0,28.226967430114748,27.78080825805664,26.762532647450765,0.7898372583295448,30.18280685870003,26.271128001529465,76.83115437262961,219.42441627542348,52.37789366657906
2017-02-08 00:00:00-05:00,30.218124475940726,30.41827384421646,30.188215807887737,30.376861572265625,92016400,0.0,0.0,28.37569990158081,27.89982490539551,26.8555144627889,0.8444900316118371,30.511589163534495,26.239810639627123,77.30681334822911,196.30021334128378,52.611951091091186
2017-02-09 00:00:00-05:00,30.41844937928978,30.603294449258463,30.29599026963115,30.596363067626953,113399600,0.1425,0.0,28.528045845031738,28.020483779907227,26.94970073699951,0.8951954287522916,30.842943575746915,26.21314811431656,78.1740047938548,179.4731481148259,54.05688576879413
2017-02-10 00:00:00-05:00,30.605603914863373,30.716509534471417,30.51087034208567,30.527042388916016,80262000,0.0,0.0,28.682677268981934,28.142665926615397,27.05316095352173,0.9191903674836546,31.10084571333135,26.264508824632518,77.21008234364348,160.05142777794777,54.926856597966186
2017-02-13 00:00:00-05:00,30.74885315818081,30.91983542397936,30.672604452850063,30.797372817993164,92141600,0.0,0.0,28.853240871429442,28.274089177449543,27.1557586034139,0.9490795375558783,31.365727426099568,26.340754316759316,78.29001018626518,150.6103271464243,56.458641808940015
2017-02-14 00:00:00-05:00,30.838963126724675,31.213271729612963,30.788130658971273,31.197099685668945,132904800,0.0,0.0,29.032747745513916,28.425815137227378,27.253975677490235,0.9935683008452258,31.67972439354951,26.385771097478322,79.75728797249268,146.12023597169355,58.56112440854532
2017-02-15 00:00:00-05:00,31.312634618691856,31.485926200920584,31.10468260464162,31.310321807861328,142492400,0.0,0.0,29.218030548095705,28.578784624735516,27.354233105977375,1.026133418003564,31.961141982987584,26.474919113203825,80.15038167884433,141.1624363254622,60.39917194910315
2017-02-16 00:00:00-05:00,31.34730668698453,31.400448477396328,31.155530153484246,31.27337074279785,90338400,0.0,0.0,29.403881740570068,28.731519254048667,27.453452905019123,1.0370059072478668,32.176475208886224,26.63128827225391,79.62832948484385,126.28736293714714,60.39917194885418
2017-02-17 00:00:00-05:00,31.215597207664135,31.38426672331697,31.215597207664135,31.358850479125977,88792800,0.0,0.0,29.591476154327392,28.882578786214193,27.54769401550293,1.0405254044854182,32.3598579249995,26.82309438365528,79.94099301704405,117.22243821765207,60.39917194867684
2017-02-21 00:00:00-05:00,31.476685021429972,31.596834850449913,31.418921155158586,31.585281372070312,98028800,0.0,0.0,29.789472007751463,29.03121700286865,27.64544070561727,1.0494878692285106,32.53209157809016,27.046852437412763,80.75058085928401,117.00756022817941,61.85930577929696
2017-02-22 00:00:00-05:00,31.522882726157093,31.682311497020557,31.448946840403497,31.680002212524418,83347600,0.0,0.0,29.99346923828125,29.174730491638183,27.746951580047607,1.0521058460380601,32.65617825155806,27.330760225004443,81.08101544031017,111.26024339617624,62.43546040476044
2017-02-23 00:00:00-05:00,31.74239806487526,31.765501493928575,31.492857761966008,31.54599952697754,83152800,0.0,0.0,30.168795776367187,29.312856737772623,27.84408187866211,1.031477484337664,32.750310475518376,27.587281077215994,79.0939938582875,103.83577270737719,62.99821624313239
2017-02-24 00:00:00-05:00,31.402746774646385,31.576038360595703,31.257180714248527,31.576038360595703,87106400,0.0,0.0,30.34493417739868,29.4470765431722,27.94255634943644,1.0059571935580323,32.79611757652102,27.893750778276342,79.21213092900321,92.29320235042388,56.142807394906306
2017-02-27 00:00:00-05:00,31.686933747897065,31.756251065000207,31.48822598586817,31.638410568237305,81029600,0.0,0.0,30.5240758895874,29.587209765116373,28.042492071787517,0.9794743248267892,32.78726004613236,28.26089173304244,79.46142771681258,94.46908223736234,57.55491970805885
2017-02-28 00:00:00-05:00,31.673086399147035,31.756266515014435,31.58528418639063,31.65229225158691,93931600,0.0,0.0,30.707592678070068,29.729416147867838,28.146263472239177,0.9486709086826011,32.679310862490915,28.73587449364922,79.51798047096253,91.0257584616508,57.555040913081186
2017-03-01 00:00:00-05:00,31.860224874821583,32.38240874255942,31.79322036869876,32.29922866821289,145658400,0.0,0.0,30.9266770362854,29.885825030008952,28.26476640701294,0.9653335770334408,32.53294143705201,29.320412635518792,81.91828259124168,107.60037266811145,62.09318770883084
2017-03-02 00:00:00-05:00,32.3477714603339,32.41246672120439,32.06126135817369,32.10747528076172,104844000,0.0,0.0,31.051052379608155,30.03591868082682,28.37850138346354,0.9520908552092671,32.615985056514226,29.486119702702087,79.07678785711856,103.49585000847628,62.293394998240224
2017-03-03 00:00:00-05:00,32.06587675828622,32.308485698692934,32.021975656373144,32.296932220458984,84432400,0.0,0.0,31.187431049346923,30.19393819173177,28.498423131306968,0.9459788392236241,32.68252026015695,29.692341838536894,79.79318622170968,99.67290033745138,61.142670971872384
2017-03-06 00:00:00-05:00,32.20220192085244,32.294626230528806,32.0242917352759,32.19527053833008,87000000,0.0,0.0,31.312399864196777,30.34688180287679,28.61342970530192,0.9223000732619262,32.69624272845305,29.928556999940508,78.30490425139985,94.01519078302728,61.14267097156114
2017-03-07 00:00:00-05:00,32.1305789105979,32.343149558403695,32.068192935228886,32.23686599731445,69785200,0.0,0.0,31.425530529022218,30.500598526000978,28.72498852411906,0.8965559476751679,32.715522691417,30.135538366627436,78.47483725872307,92.55278210527106,61.5034610591328
2017-03-08 00:00:00-05:00,32.10514955744675,32.301548072577894,32.07511475059646,32.116703033447266,74828800,0.0,0.0,31.51838912963867,30.651153373718262,28.83036511739095,0.8565832373750517,32.71927381534349,30.31750444393385,76.67991451788996,86.5621947031548,61.50346105885714
2017-03-09 00:00:00-05:00,32.0566252262074,32.068175174900205,31.66614106338095,32.04275894165039,88623600,0.0,0.0,31.60168399810791,30.784596379597982,28.927492554982503,0.8096052805307643,32.695514252229714,30.507853743986104,75.57945218961659,70.00854285065971,49.02311594592164
2017-03-10 00:00:00-05:00,32.17446408630022,32.19988032103794,32.03352015286843,32.1490478515625,78451200,0.0,0.0,31.679318237304688,30.921122296651205,29.028883743286134,0.7720518053832919,32.68995664740368,30.668679827205697,76.08970594288283,79.18963068954875,50.30252586002773
2017-03-13 00:00:00-04:00,32.08205840851597,32.216067499402925,32.07512702538827,32.162925720214844,69686800,0.0,0.0,31.761112403869628,31.05803394317627,29.12325948079427,0.7349383222926278,32.634572954469924,30.88765185326933,76.15699583889261,78.6719695664774,50.460606532615614
2017-03-14 00:00:00-04:00,32.18602176003566,32.26688904429549,32.07973471209646,32.11439514160156,61236400,0.0,0.0,31.82696352005005,31.195781898498534,29.21682637532552,0.6936140563659201,32.58552457435458,31.068402465745518,75.38947248707747,77.63347755689709,50.96716713718852
2017-03-15 00:00:00-04:00,32.21143545714722,32.52104885946369,32.123633273411656,32.454044342041016,102767200,0.0,0.0,31.88981075286865,31.346998659769692,29.31363843282064,0.6804275841636347,32.636836724551266,31.142784781186037,77.0630859647512,95.65796623671244,53.430723470966285
2017-03-16 00:00:00-04:00,32.51412208555673,32.58343942329321,32.40783503094396,32.5071907043457,76928000,0.0,0.0,31.949654197692873,31.443239402770995,29.41076119740804,0.666581737873738,32.692968662644674,31.20633973274107,77.31282183608215,104.24308591709212,54.01740747455319
2017-03-17 00:00:00-04:00,32.578835284326956,32.578835284326956,32.322363461276275,32.3454704284668,175540000,0.0,0.0,32.00325918197632,31.5357764561971,29.502619616190593,0.6352367167745214,32.69399397927708,31.31252438467556,74.75083909765273,93.95862165896266,51.31584393339025
2017-03-20 00:00:00-04:00,32.44017506789506,32.69433740496831,32.40089607500655,32.685096740722656,86168000,0.0,0.0,32.06957149505615,31.635416539510093,29.59894987742106,0.6305321842211917,32.754443758804825,31.38469923130748,76.44650448785262,110.25499802216909,52.481052648627966
2017-03-21 00:00:00-04:00,32.83528783751306,32.99471665093121,32.2853747768826,32.310791015625,158119600,0.0,0.0,32.10584697723389,31.713301150004067,29.688619963328044,0.589801598774514,32.758827077774626,31.452866876693147,71.00951899673886,98.67894982316983,55.35570461856941
2017-03-22 00:00:00-04:00,32.313109907341975,32.71745699257551,32.292312234910746,32.675865173339844,103440800,0.0,0.0,32.15564012527466,31.79384562174479,29.787326939900716,0.5802915105211817,32.82359996239232,31.487680288156998,72.95056829694863,97.56507889048943,55.3557046180791
2017-03-23 00:00:00-04:00,32.638891257984966,32.71283069351587,32.488706627299024,32.560333251953125,81385200,0.0,0.0,32.206356811523435,31.866628011067707,29.883226458231608,0.5570113563599897,32.83211619968916,31.580597423357705,71.38584548716041,96.95167404893603,55.35570461781172
2017-03-24 00:00:00-04:00,32.69434763794183,32.7498022176487,32.42863526880281,32.49563980102539,89582400,0.0,0.0,32.25233688354492,31.929937235514323,29.975210507710774,0.5272634804461838,32.81505216434005,31.68962160274979,70.50977382102434,90.33133759637408,53.302487088792546
2017-03-27 00:00:00-04:00,32.20681637913718,32.62964824085136,32.02890271013015,32.551090240478516,94300400,0.0,0.0,32.297970867156984,31.99740549723307,30.070035711924234,0.5023714363054665,32.79528558332086,31.80065615099311,70.82722229281153,65.76429666075643,40.51849280099658
2017-03-28 00:00:00-04:00,32.55802277949188,33.281223906665865,32.491014727782115,33.225772857666016,133499200,0.0,0.0,32.376644897460935,32.07835216522217,30.176220671335855,0.5309649274659485,32.937640769655204,31.81564902526667,74.30824385855685,154.82935819107564,47.851435851124414
2017-03-29 00:00:00-04:00,33.19804436103866,33.3852022314122,33.0848294503589,33.29970932006836,116760000,0.0,0.0,32.42666893005371,32.14843915303548,30.28712714513143,0.5532144183677588,33.12114477631416,31.732193083793256,74.65114558475115,192.7297793740422,48.89157175776883
2017-03-30 00:00:00-04:00,33.315886458343975,33.38751308494501,33.15645763106996,33.25580978393555,84829200,0.0,0.0,32.484085655212404,32.21328875223796,30.396036688486735,0.5608399605694885,33.25330476617798,31.714866544246824,74.04414220769931,184.44780380786156,48.91499753500272
2017-03-31 00:00:00-04:00,33.2072908029711,33.33437201036823,33.04323987603545,33.19342803955078,78646800,0.0,0.0,32.52891044616699,32.27729066212972,30.504404958089193,0.5554467281490432,33.35461852069278,31.703202371641197,73.16954949978009,157.41047245793098,45.534102890939536
2017-04-03 00:00:00-04:00,33.20499912202837,33.29972923083282,33.05250159230163,33.20268630981445,79942800,0.0,0.0,32.57928123474121,32.338751856486006,30.610665321350098,0.5456299353831326,33.44140036988399,31.717162099598422,73.21811768091585,144.54961752430268,45.53410289070603
2017-04-04 00:00:00-04:00,33.0986925024719,33.477623291318075,33.080207643793266,33.44989776611328,79565600,0.0,0.0,32.639932823181155,32.400905736287434,30.716061369578043,0.5514412830304494,33.56872233662806,31.711143309734243,74.49348978344685,156.27790549781795,47.536916055878805
2017-04-05 00:00:00-04:00,33.32282935914354,33.60933949021664,33.22809574415635,33.27661895751953,110871600,0.0,0.0,32.69792861938477,32.454126294453935,30.81442839304606,0.5358872910938857,33.63398044932858,31.761876789440954,72.00708870709546,148.61977189217683,48.97408419986915
2017-04-06 00:00:00-04:00,33.33899058109066,33.39213587503724,33.14490484195315,33.19342803955078,84596000,0.0,0.0,32.755462074279784,32.50904057820638,30.9109486579895,0.5109578248544082,33.66297310477557,31.847951043783997,70.8328901360932,118.88198504835162,46.354574746540976
2017-04-07 00:00:00-04:00,33.20960307310597,33.31357733372976,33.1033195269134,33.11949157714844,66688800,0.0,0.0,32.80398426055908,32.56048901875814,31.00378278096517,0.4797052451890522,33.67813690325261,31.92983161786556,69.78661848625163,101.44654572851674,45.03579621759072
2017-04-10 00:00:00-04:00,33.17955967379013,33.24425490924556,33.017818059525624,33.080204010009766,75733600,0.0,0.0,32.84984817504883,32.60854880015055,31.097879282633464,0.4466188284693615,33.677393667867356,32.0223026822303,69.22454983804033,83.8848073277444,42.308371059307696
2017-04-11 00:00:00-04:00,33.02707408133784,33.12180768348435,32.361633106140886,32.72439193725586,121517600,0.0,0.0,32.88034801483154,32.64428545633952,31.186850802103677,0.38722287989699566,33.63556748469782,32.12512854496526,64.3674990800909,17.97474814066001,23.822009500819874
2017-04-12 00:00:00-04:00,32.71744624106655,32.84452389130721,32.581120874796,32.76365661621094,81400000,0.0,0.0,32.89582862854004,32.659766387939456,31.272795708974204,0.3394070213036926,33.626550290499644,32.16510696658043,64.65063744288102,14.043214312727946,23.82200950069138
2017-04-13 00:00:00-04:00,32.78907799558137,32.89767433330219,32.590370178222656,32.590370178222656,71291600,0.0,0.0,32.899987602233885,32.675862884521486,31.355890782674155,0.2842531481924624,33.622294096003785,32.177681108463986,62.387375059872035,5.001256008973553,24.670241586337013
2017-04-17 00:00:00-04:00,32.68972853645613,32.7821528444351,32.54878455171169,32.770599365234375,66328400,0.0,0.0,32.921244049072264,32.69165178934733,31.44279499053955,0.2521793292123178,33.598454577824725,32.2440335203198,63.7526561874499,3.592174173089903,23.556688135509514
2017-04-18 00:00:00-04:00,32.673553715856414,32.81911625943817,32.60423637215595,32.625030517578125,58790000,0.0,0.0,32.91824073791504,32.70597712198893,31.526429462432862,0.2125641005206802,33.60037569657043,32.23610577925965,61.87603130107101,-2.8886131397728847,24.179400625431423
2017-04-19 00:00:00-04:00,32.78214066369432,32.80986618297272,32.45172961458277,32.5048713684082,69313600,0.0,0.0,32.9279447555542,32.71491063435872,31.60775458017985,0.1695188000390857,33.5784844820831,32.2774050290253,60.35886935657461,-23.90639104835744,20.00691722013983
2017-04-20 00:00:00-04:00,32.629653035873716,33.02244662108617,32.6157902720797,32.91154098510742,93278400,0.0,0.0,32.939728546142575,32.7414052327474,31.696279303232828,0.16630289244643848,33.579491167994796,32.299965924290355,63.492845011122874,23.683243734613857,23.70355443628361
2017-04-21 00:00:00-04:00,32.91153623295304,32.96698728012244,32.77521437449348,32.872257232666016,69283600,0.0,0.0,32.955324745178224,32.76905517578125,31.776825777689616,0.15875437043469987,33.57089530104161,32.33975418931484,62.99516374792306,22.783505377570894,23.703554436181385
2017-04-24 00:00:00-04:00,33.156449382600115,33.260423605852495,33.08250996345363,33.18879699707031,68537200,0.0,0.0,32.98998260498047,32.80371348063151,31.862417888641357,0.17628215495992094,33.573813775335246,32.40615143462569,65.26469508992781,81.29671919122603,28.579032622430773
2017-04-25 00:00:00-04:00,33.25118646452234,33.47992907478972,33.241942273336754,33.394439697265625,75486000,0.0,0.0,33.03215007781982,32.844763946533206,31.951398944854738,0.20441038211110651,33.60421495913979,32.460085196499854,66.63973550452522,114.42775007254936,31.944392795973517
2017-04-26 00:00:00-04:00,33.38057575895097,33.41061409080594,33.12872620522698,33.19804000854492,80164800,0.0,0.0,33.03076343536377,32.880885442097984,32.03833367029826,0.2084514922363212,33.60098367310812,32.460543197619415,64.13151006829958,81.30818933939507,28.708464339535627
2017-04-27 00:00:00-04:00,33.253499487413826,33.30895406388303,33.11255552381096,33.22346115112305,56985200,0.0,0.0,33.02695102691651,32.90653266906738,32.126765664418535,0.21126998599038416,33.59058167293601,32.463320380897,64.3113725893767,69.1688767889568,28.243748275621904
2017-04-28 00:00:00-04:00,33.2927774759267,33.341300669562116,33.103313848608956,33.19111251831055,83441600,0.0,0.0,33.02371616363526,32.929330062866214,32.186284732818606,0.20849005470734738,33.58253842653092,32.4648939007396,63.889635193251586,63.88506550024971,28.775894797739618
2017-05-01 00:00:00-04:00,33.52615710631896,34.011371579238464,33.49380947479099,33.86811828613281,134411600,0.0,0.0,33.057450675964354,32.98008499145508,32.25793072382609,0.2579422489448362,33.72941456978952,32.38548678213919,68.37904282742075,179.05568344744947,38.54285020845977
2017-05-02 00:00:00-04:00,34.089912489635154,34.216993665971486,33.928174413218755,34.08298110961914,181408800,0.0,0.0,33.10146541595459,33.026681137084964,32.33104883829753,0.3108873870563684,33.9140851999873,32.28884563192189,69.61912265454067,217.0954738831017,41.10657424749734
2017-05-03 00:00:00-04:00,33.63935976585729,34.07836720551908,33.33436842652095,33.97901153564453,182788000,0.0,0.0,33.12792110443115,33.08228848775228,32.397794818878175,0.34053187526479434,34.01897026240486,32.23687194645744,68.2787412938923,149.142858712191,25.470153232746263
2017-05-04 00:00:00-04:00,33.85423521005775,33.997488417226116,33.690184339247764,33.856544494628906,93487600,0.0,0.0,33.15691738128662,33.12164446512858,32.45774504343669,0.3501074581930581,34.104303388421656,32.20953137415158,66.71361099331602,150.45780001681283,25.470153232595173
2017-05-05 00:00:00-04:00,33.909708608923985,34.42265217204188,33.909708608923985,34.418033599853516,109310800,0.0,0.0,33.218147659301756,33.18356781005859,32.525097910563154,0.39841102063974887,34.3210065585743,32.115288760029216,69.97764798312643,214.98842563673514,31.303067929300575
2017-05-08 00:00:00-04:00,34.434183222621,35.51321143114237,34.434183222621,35.353782653808594,195009600,0.0,0.0,33.32986221313477,33.2788392384847,32.60438823699951,0.5063620437195908,34.786535806385494,31.873188619884036,74.3191422538104,323.47606957596395,43.11609257655684
2017-05-09 00:00:00-04:00,35.55249403747193,35.78586225291136,35.4554511904516,35.580223083496094,156521600,0.0,0.0,33.45486316680908,33.37981033325195,32.688607915242514,0.6032321725040006,35.21813198275578,31.69159435086239,75.21631930242192,321.20682222190123,45.53821685390607
2017-05-10 00:00:00-04:00,35.4970453320954,35.56867194825436,35.145840106230295,35.41155242919922,103222800,0.0,0.0,33.58922119140625,33.45266965230306,32.765510908762614,0.6587979229466896,35.51971381650989,31.658728566302614,73.24456476608445,231.98656615905713,38.605242329537404
2017-05-11 00:00:00-04:00,35.36979026885097,35.74564745729754,35.3373091330769,35.717803955078125,109020400,0.1575,0.0,33.73692855834961,33.53327280680339,32.84085597991943,0.7192549953243628,35.845321152521265,31.628535964177956,74.50013397938312,212.40906653829646,40.28725595925247
2017-05-12 00:00:00-04:00,35.89182166148487,36.29087775902097,35.88486166886803,36.21663665771485,130108000,0.0,0.0,33.91824188232422,33.631967035929364,32.92262789408366,0.7982179314964171,36.22576425071687,31.610719513931564,76.36873077237287,219.54128489987318,45.0823815601688
2017-05-15 00:00:00-04:00,36.195751167848314,36.34423690255087,35.973024335884055,36.12382888793945,104038800,0.0,0.0,34.085903358459475,33.72964706420898,33.00346886316935,0.8435835103215368,36.52581085514061,31.64599586177834,75.30663514871685,188.51382214844972,45.52525565867879
2017-05-16 00:00:00-04:00,36.17950585219005,36.207345816128424,35.896454418221445,36.07046127319336,80194000,0.0,0.0,34.258174896240234,33.82523956298828,33.08199570973714,0.8652556098164936,36.749770319123684,31.76657947335678,74.68873279363848,159.23312564340523,43.80373852349886
2017-05-17 00:00:00-04:00,35.636603173558846,35.861652309017664,34.73408781492753,34.859371185302734,203070800,0.0,0.0,34.37589988708496,33.8722220102946,33.13656387329102,0.7757635370555604,36.73780844036275,32.013991333807176,62.62559271790428,86.67478283548937,21.27431805990274
2017-05-18 00:00:00-04:00,35.096036864911106,35.576294125349484,35.06355571464078,35.39068603515625,134272800,0.0,0.0,34.499857139587405,33.94269091288249,33.19840860366821,0.7391921457120247,36.7975238274427,32.20219045173211,65.17804258747142,90.54898296008858,21.274318059690078
2017-05-19 00:00:00-04:00,35.585574298483046,35.72477770247132,35.411567388362954,35.511329650878906,107843200,0.0,0.0,34.63181076049805,34.01995429992676,33.26449743906657,0.7117394962473895,36.837177564357695,32.4264439566384,65.72783668514448,94.57723127469596,22.925043868611763
2017-05-22 00:00:00-04:00,35.7294077451704,35.863973471889224,35.47651863090263,35.727088928222656,91865600,0.0,0.0,34.75872535705567,34.10687421162923,33.33368161519368,0.6993315850732031,36.905816523203065,32.61163419090827,66.70052276288476,94.49997644456674,24.461075567100547
2017-05-23 00:00:00-04:00,35.938206531456125,35.938206531456125,35.569312928958254,35.68299865722656,79675600,0.0,0.0,34.87315330505371,34.193634033203125,33.40109141667684,0.6781235238165522,36.95710870037611,32.789197909731314,66.30272794196995,89.10170357385095,25.28256770648015
2017-05-24 00:00:00-04:00,35.69229090430183,35.76885435745666,35.4208405923051,35.57628631591797,76712000,0.0,0.0,34.992065620422366,34.288697179158525,33.466491317749025,0.6452669525986465,36.94057228888431,33.04355895196042,65.32724569036097,75.08462115628014,22.525604880258516
2017-05-25 00:00:00-04:00,35.666768125919795,35.81061621627435,35.50436241762813,35.699249267578125,76942400,0.0,0.0,35.115855026245114,34.38655026753744,33.52315832773844,0.6219801655649277,36.898808945893094,33.332901106597134,65.92484312778657,74.10062278773312,23.01853343730045
2017-05-26 00:00:00-04:00,35.72941089114566,35.785094364401445,35.56932400319178,35.6389274597168,87710400,0.0,0.0,35.23824577331543,34.48816884358724,33.58201586405436,0.5918354427254684,36.785349918925796,33.69114162770506,65.35321881399403,68.81400194079889,23.018533437222167
2017-05-30 00:00:00-04:00,35.59483357440635,35.82916147696767,35.573953606294275,35.652835845947266,80507600,0.0,0.0,35.32748165130615,34.58424339294434,33.63794759114583,0.5625827198271836,36.74204114280938,33.912922159802925,65.42472652266306,65.70930123288323,23.567674783952878
2017-05-31 00:00:00-04:00,35.722451704755954,35.76885283009231,35.35355797909039,35.44171905517578,97804800,0.0,0.0,35.39541854858398,34.67813301086426,33.6920550664266,0.5164114952746459,36.68314263493558,34.10769446223239,63.370966986920436,52.518088297917565,19.169478196780652
2017-06-01 00:00:00-04:00,35.53685049387354,35.573972817349585,35.31644245102639,35.53916931152344,65616400,0.0,0.0,35.47342643737793,34.779276275634764,33.747093454996744,0.4821262372823085,36.57551623441356,34.3713366403423,63.91191432658288,46.49685926098811,18.435089334287124
2017-06-02 00:00:00-04:00,35.631966612345444,36.06582260131836,35.47187972823621,36.06582260131836,111082800,0.0,0.0,35.5838903427124,34.88441899617513,33.81291211446126,0.49178248006645475,36.412578543119515,34.755202142305286,66.66427013440618,68.95332359458405,24.78901889491689
2017-06-05 00:00:00-04:00,35.80828605555389,35.83380719987951,35.60412044112713,35.71316146850586,101326800,0.0,0.0,35.64864673614502,34.97911580403646,33.87408548990886,0.4656110416807664,36.27028479353565,35.027008678754385,63.31900264274526,56.135744476594866,24.789018894729374
2017-06-06 00:00:00-04:00,35.70619937013436,36.14933760445317,35.67835941076034,35.833805084228516,106499600,0.0,0.0,35.672647857666014,35.06728274027507,33.93549811045329,0.44942423688717525,36.2833211036582,35.061974611673826,63.95903819282924,66.76637520662536,28.607134615059426
2017-06-07 00:00:00-04:00,35.96605159431426,36.1887783473258,35.84076469808959,36.0472526550293,84278400,0.0,0.0,35.69599933624268,35.15570983886719,34.000236892700194,0.4486477802394049,36.327165207810765,35.06483346467459,65.07440297868885,76.38166027679698,29.07272950897858
2017-06-08 00:00:00-04:00,36.01940845612938,36.08668952938383,35.82219932870438,35.95908737182617,85003200,0.0,0.0,35.72337608337402,35.247744750976565,34.06431509653727,0.4358935220377518,36.35007583414437,35.09667633260367,64.22511477327075,69.15261487219252,28.6641348687435
2017-06-09 00:00:00-04:00,36.00549844870563,36.00549844870563,33.87797509248136,34.564720153808594,259530800,0.0,0.0,35.66572189331055,35.292453384399415,34.0994930267334,0.30970184910869847,36.47897360491617,34.85247018170492,52.92444837921871,-48.82366311974158,4.192534493653499
2017-06-12 00:00:00-04:00,33.81302562640951,33.89422673081254,33.063633282936465,33.7387809753418,289229200,0.0,0.0,35.541829109191895,35.31070899963379,34.12001953125,0.1414174774591359,36.68837108906098,34.39528712932281,47.77357292996414,-187.19057835284465,13.737447507059896
2017-06-13 00:00:00-04:00,34.14247414441947,34.209755253603035,33.676133394588724,34.01022720336914,136661600,0.0,0.0,35.43614902496338,35.31544596354167,34.147765477498375,0.029612982505575758,36.736178820696146,34.13611922923061,49.44634313863148,-146.34875705932058,9.370016536246304
2017-06-14 00:00:00-04:00,34.22134826314073,34.22134826314073,33.37219395829046,33.67844772338867,126124800,0.0,0.0,35.316548347473145,35.301961517333986,34.16432132720947,-0.08478734080411954,36.798292936423465,33.834803758522824,47.52179927915516,-164.04404959394918,12.710106924254974
2017-06-15 00:00:00-04:00,33.251551226267416,33.52067913475004,32.99402094249624,33.47659683227539,128661600,0.0,0.0,35.247409629821775,35.28521436055501,34.18375142415365,-0.18955305162498348,36.933872808554156,33.56094645108939,46.38553179150766,-201.16043825007134,16.663311575985237
2017-06-16 00:00:00-04:00,33.35826702540767,33.52531385516667,32.991692234557526,33.0079345703125,201444400,0.0,0.0,35.12827205657959,35.2569273630778,34.18928591410319,-0.306860463602753,37.08682124785,33.16972286530918,43.86628271516794,-204.94270554326081,16.596365271261476
2017-06-19 00:00:00-04:00,33.33044553324692,34.0450343586358,33.33044553324692,33.95222854614258,130165600,0.0,0.0,35.050317001342776,35.2414005279541,34.212484169006345,-0.3199427004011426,37.067892479334766,33.032741523350786,49.574603626501904,-139.36019001159954,9.319261551711229
2017-06-20 00:00:00-04:00,34.07519113673098,34.07519113673098,33.6274150660144,33.643653869628906,99600400,0.0,0.0,34.94614524841309,35.184396235148114,34.2316177368164,-0.3511618891770283,37.030626614557505,32.86166388226867,47.9270425320048,-123.63244998639817,8.9112385969173
2017-06-21 00:00:00-04:00,33.76197670689753,33.88958246333637,33.55084750444229,33.843177795410156,85063200,0.0,0.0,34.85415420532227,35.12649472554525,34.2531525293986,-0.35570308414791896,36.963950124796376,32.74435828584816,49.05945290304695,-111.82231117675529,9.795537453223366
2017-06-22 00:00:00-04:00,33.81997198142515,34.03573877374179,33.66916392232728,33.78749084472656,76425200,0.0,0.0,34.7647144317627,35.07235933939616,34.26251449584961,-0.3596496679073127,36.897155132807136,32.63227373071826,48.75334277045339,-95.77630350827283,7.730308608966839
2017-06-23 00:00:00-04:00,33.671488172430905,34.14246645112893,33.66684699830492,33.938297271728516,141757600,0.0,0.0,34.676666831970216,35.01304244995117,34.27315762837728,-0.3466130066712694,36.79198705149895,32.56134661244148,49.63375137743463,-81.50307224992771,6.221004887383919
2017-06-26 00:00:00-04:00,34.144775991864364,34.40230621312439,33.72948129496707,33.831565856933594,102769600,0.0,0.0,34.58629875183105,34.93354008992513,34.28275356292725,-0.34096327945663063,36.68287117226471,32.48972633139739,49.017208920496216,-70.00616007276582,2.6007344271906154
2017-06-27 00:00:00-04:00,33.64364731703564,33.910459977521306,33.32115472336808,33.346675872802734,99047600,0.0,0.0,34.47099075317383,34.84096832275391,34.28530769348144,-0.37133191607717464,36.57424239165035,32.36773911469731,46.313454351107374,-95.35884174275304,7.713926073908492
2017-06-28 00:00:00-04:00,33.52301276773436,33.89886656337777,33.21444008679785,33.83390426635742,88329600,0.0,0.0,34.39060001373291,34.76641642252604,34.29582799275716,-0.3520260824213608,36.46026730180256,32.320932725663255,49.22473148419091,-80.11175331802143,9.005417506339453
2017-06-29 00:00:00-04:00,33.5740403930402,33.67148379594912,33.01025640599368,33.33506774902344,125997600,0.0,0.0,34.28039493560791,34.7156063079834,34.293914159139,-0.37268196247924124,36.327151882113455,32.23363798910236,46.551126807797175,-93.86616265405878,11.458007464566077
2017-06-30 00:00:00-04:00,33.51372939273757,33.632056354550755,33.358283648175124,33.41396713256836,92096400,0.0,0.0,34.14780216217041,34.649715677897134,34.29620329538981,-0.3783242884813589,36.045728720999385,32.24987560334143,47.021939884239686,-79.13969304307832,11.458007464519607
2017-07-03 00:00:00-04:00,33.613485823453566,33.710929238845075,33.200509831479685,33.293312072753906,57111200,0.0,0.0,34.02680969238281,34.5757817586263,34.29786802927653,-0.3880584314199922,35.80959962941019,32.24401975535544,46.375697257560915,-78.23446520933052,13.388401120870958
2017-07-05 00:00:00-04:00,33.337392618356084,33.592600538490956,33.11234347794667,33.43019485473633,86278400,0.0,0.0,33.906629180908205,34.49921862284342,34.30304641723633,-0.3803431541747955,35.48936263384874,32.32389572796767,47.226902298989955,-75.18923391530599,14.466415288954632
2017-07-06 00:00:00-04:00,33.18194297823651,33.293306356681505,33.040417283475556,33.11465835571289,96515200,0.0,0.0,33.759999465942386,34.41360727945963,34.30362065633138,-0.39513502914211074,35.01772574218804,32.50227318969673,45.504437652294804,-85.79649254941478,15.355523248087298
2017-07-07 00:00:00-04:00,33.15410508801684,33.58332341824197,33.15410508801684,33.45107650756836,76806800,0.0,0.0,33.634598922729495,34.34276695251465,34.31573206583659,-0.37538436602955016,34.35407942756007,32.91511841789892,47.61183821388841,-65.83703853802945,10.561697494511149
2017-07-10 00:00:00-04:00,33.434838750141466,33.861734736524554,33.26315070466669,33.65524673461914,84362400,0.0,0.0,33.58912525177002,34.27463353474935,34.33059190114339,-0.33934523162073305,34.16088001472527,33.01737048881477,48.85359715518902,-49.56949597308372,6.179701789454978
2017-07-11 00:00:00-04:00,33.578685629676194,33.838538303117105,33.49748454562129,33.7642936706543,79127200,0.0,0.0,33.59040088653565,34.212145741780596,34.35015729268392,-0.29854335954696865,34.16367335083992,33.01712842223137,49.51476666272326,-39.384560680909665,6.179701789423944
2017-07-12 00:00:00-04:00,33.84317758457734,33.91509986316414,33.59957078037794,33.813018798828125,99538000,0.0,0.0,33.58054046630859,34.150818506876625,34.36753094991048,-0.25928697251750776,34.12968454727584,33.03139638534134,49.814639788426454,-30.97336868521389,4.955528301344459
2017-07-13 00:00:00-04:00,33.75733101049074,34.45103963699194,33.74341102804902,34.283992767333984,100797600,0.0,0.0,33.61081771850586,34.11222763061524,34.39518032073975,-0.18800513365330573,34.24316195715209,32.97847347985962,52.6282245970754,4.980729467711653,3.1319047725350058
2017-07-14 00:00:00-04:00,34.3303882628221,34.64592079378021,34.1819025741464,34.578636169433594,80528400,0.0,0.0,33.66591968536377,34.08020985921224,34.4297430674235,-0.10651071347934504,34.427809875591045,32.90402949513649,54.28684585189211,38.52792661194452,5.860593237378062
2017-07-17 00:00:00-04:00,34.52759911588152,35.010174972615246,34.46959683558217,34.699283599853516,95174000,0.0,0.0,33.75048713684082,34.03465855916341,34.45953877766927,-0.031823715036289,34.577546306809076,32.92342796687256,54.95491222981767,73.055175087776,10.723206489528147
2017-07-18 00:00:00-04:00,34.615754276158185,34.83152456299761,34.49278974609074,34.819923400878906,71475200,0.0,0.0,33.79387187957764,34.00488395690918,34.49199988047282,0.03667809083464135,34.746925392633294,32.84081836652198,55.62573134295379,81.67396135865006,10.723206489474846
2017-07-19 00:00:00-04:00,34.91273797141296,35.13082715177635,34.78977339783427,35.03802490234375,83692000,0.0,0.0,33.86359043121338,33.97835795084635,34.52282034556071,0.10732802329099655,34.96312286856579,32.76405799386097,56.82813449493253,125.2753091685411,14.602014998392457
2017-07-20 00:00:00-04:00,35.14937659867638,35.20506005389073,34.845445261842336,34.880245208740234,68974800,0.0,0.0,33.91544380187988,33.939457702636716,34.547583770751956,0.14887100879366955,35.1050487631773,32.72583884058246,55.698652541414816,140.61424931428425,15.54347567268899
2017-07-21 00:00:00-04:00,34.799062820124,34.903466257001384,34.54153245439733,34.8640251159668,105010400,0.0,0.0,33.96927051544189,33.90295562744141,34.57535018920898,0.17842848566091618,35.229804911478936,32.70873611940485,55.58117115241762,131.6663698680824,10.389321057850765
2017-07-24 00:00:00-04:00,34.9359527131384,35.36749005262227,34.778184584848944,35.286285400390625,85972800,0.0,0.0,34.036669921875,33.92700780232747,34.609730593363444,0.23323726104472087,35.427634247927365,32.64570559582264,57.96869343246357,180.70391562468143,16.2874859071543
2017-07-25 00:00:00-04:00,35.218987415187335,35.692284493098995,35.218987415187335,35.437076568603516,75415600,0.0,0.0,34.1169454574585,33.9836176554362,34.64716332753499,0.2855495598946618,35.63736099685939,32.596529918057605,58.787032237229674,192.3688759274871,20.095679289365666
2017-07-26 00:00:00-04:00,35.578604828269064,35.71316702089403,35.51132019177788,35.6041259765625,63124000,0.0,0.0,34.229817962646486,34.03674761454264,34.676096789042155,0.3366067318804369,35.84187698102242,32.61775894427055,59.686535350795495,180.8252868853855,20.336716752836004
2017-07-27 00:00:00-04:00,35.67141095788023,35.72709443481554,34.174952474512295,34.93130111694336,129905200,0.0,0.0,34.28468780517578,34.0785093943278,34.690235455830894,0.3191001771773898,35.914612233028244,32.65476337732331,54.71116840375527,95.2229426128666,0.3055820419371467
2017-07-28 00:00:00-04:00,34.77585865952967,34.85474093746274,34.61345292843822,34.68537521362305,68854800,0.0,0.0,34.35220317840576,34.118802007039385,34.7020081837972,0.28212972548218573,35.92745322894692,32.776953127864594,53.03941216900066,65.04981842657831,0.30558204193588334
2017-07-31 00:00:00-04:00,34.77816410050082,34.87792985848564,34.367510525584244,34.5067138671875,79383600,0.0,0.0,34.40684051513672,34.168761316935225,34.71284434000651,0.23569693112803947,35.91963453751319,32.89404649276025,51.84875996507086,46.405262278162354,2.878446581557241
2017-08-01 00:00:00-04:00,34.59255746097682,34.852406514372724,34.432470619089045,34.812965393066406,141474400,0.0,0.0,34.48282318115234,34.197452545166016,34.71942653656006,0.22106227743204698,35.910380302947,33.055266059357685,53.6921276135574,54.73331947506123,2.8784465815411027
2017-08-02 00:00:00-04:00,36.954415679689205,37.06346025912752,36.23054829293145,36.457916259765625,279747200,0.0,0.0,34.63420925140381,34.29126129150391,34.73782876332601,0.33829830418832785,36.22462318469458,33.04379531811304,61.814777543237774,220.41487114083014,21.18989507232421
2017-08-03 00:00:00-04:00,36.43704248707304,36.4741648055772,35.96606413411134,36.09366989135742,108389200,0.0,0.0,34.78315982818604,34.36627769470215,34.746386210123696,0.3972379504156578,36.33180903413971,33.234510622232364,59.42700841087894,163.1038971213785,17.78018368571346
2017-08-04 00:00:00-04:00,36.20966776094429,36.5182367982239,36.12150315590527,36.28390884399414,82239600,0.0,0.0,34.924801445007326,34.44949162801107,34.760925483703616,0.4540645646170276,36.478645432826994,33.37095745718766,60.256465611758784,158.45114903232152,18.177021249383163
2017-08-07 00:00:00-04:00,36.4393590208106,36.870896210885,36.348875587739144,36.84537506103515,87481200,0.0,0.0,35.08430786132813,34.546394220987956,34.77971833546956,0.538201643602946,36.74097133271361,33.42764438994264,62.5914058980559,172.09749588794085,21.320523558245903
2017-08-08 00:00:00-04:00,36.79664597427028,37.54603440245915,36.72008254374774,37.140018463134766,144823600,0.0,0.0,35.25309410095215,34.65667597452799,34.795108032226565,0.6214919723935566,37.027192451268725,33.47899575063557,63.747630064165534,186.43939668346846,26.883584802874104
2017-08-09 00:00:00-04:00,36.949772539516886,37.41611315363051,36.91497258630468,37.36738967895508,104526000,0.0,0.0,35.43081264495849,34.7906997680664,34.815834045410156,0.6978032731651069,37.306699514038186,33.5549257758788,64.62056832345247,175.4347291024769,26.88358480272813
2017-08-10 00:00:00-04:00,37.243933411395794,37.26722684980881,36.0164466859676,36.17716217041016,163217200,0.1575,0.0,35.5254711151123,34.868808364868165,34.817612393697104,0.6546922315134225,37.34800013326389,33.70294209696072,57.16630085187878,111.82923179740314,15.275177994302217
2017-08-11 00:00:00-04:00,36.47531517491972,36.9341683844951,36.351867717935605,36.68028259277344,105028400,0.0,0.0,35.6305534362793,34.9803155263265,34.84796091715495,0.6535898567154277,37.46552966470209,33.79557720785651,59.22319802123591,113.6712157275709,15.275177994180414
2017-08-14 00:00:00-04:00,37.108863774529745,37.31616269865462,36.97609749802643,37.2323112487793,88490800,0.0,0.0,35.75720481872558,35.10759366353353,34.878654670715335,0.6893143292848123,37.66957218504199,33.84483745240917,61.33087603466716,134.04776247342258,18.660810618855102
2017-08-15 00:00:00-04:00,37.42097364559657,37.77966931882692,37.299854102886464,37.63991928100586,117862000,0.0,0.0,35.89820461273193,35.252480570475264,34.91413116455078,0.7419638949309189,37.93160756473984,33.86480166072402,62.79960943152199,143.7025710088982,22.545856238199466
2017-08-16 00:00:00-04:00,37.71910243792333,37.85186512027864,37.30217323789386,37.48851013183594,110686400,0.0,0.0,36.02072887420654,35.38775774637858,34.943488184611006,0.7626799028972968,38.129800735516014,33.91165701289707,61.89621917789217,129.5523789481084,23.137405044835734
2017-08-17 00:00:00-04:00,37.388359923307966,37.43261533993221,36.76413179853818,36.76879119873047,111762400,0.0,0.0,36.115156173706055,35.509562174479164,34.9615847269694,0.712805408459154,38.17782886525312,34.05248348215899,57.80706537262318,89.3238789858129,16.290159049932118
2017-08-18 00:00:00-04:00,36.76878794908287,37.15077698722718,36.50325902688598,36.6849365234375,109712400,0.0,0.0,36.20620174407959,35.61735750834147,34.98006223042806,0.6589175494491002,38.19580489465823,34.216598593500954,57.35040489814738,71.30194725762368,13.134731822869002
2017-08-21 00:00:00-04:00,36.6849464447683,36.77578521761113,36.12826708215064,36.617401123046875,105474000,0.0,0.0,36.2727575302124,35.71609598795573,34.99536476135254,0.6038012456414066,38.22142610165378,34.32408895877102,56.97540823707942,50.157381905132226,8.746913992432008
2017-08-22 00:00:00-04:00,36.854964926847224,37.26723470592403,36.80605367158075,37.21599197387695,86418400,0.0,0.0,36.36170330047607,35.83115259806315,35.02164916992187,0.6014888675603913,38.312159131217605,34.41124746973454,59.40897245089543,81.66361192225102,13.305442514069343
2017-08-23 00:00:00-04:00,37.05063372963544,37.376720727146186,37.00637830409861,37.26258850097656,77596400,0.0,0.0,36.44462642669678,35.94613825480143,35.04847838083903,0.5965397032192712,38.40047951002753,34.48877334336603,59.593019636317415,84.31377955444981,14.292177710603251
2017-08-24 00:00:00-04:00,37.36737935462486,37.43958758924936,36.929491873038955,37.09719467163086,79275600,0.0,0.0,36.55292110443115,36.03991165161133,35.07606964111328,0.5726701698051286,38.39234911470315,34.71349309415915,58.61710349934691,76.19080022115863,13.354910531343728
2017-08-25 00:00:00-04:00,37.18571576937024,37.39767404573715,37.09720849286256,37.2346305847168,101920400,0.0,0.0,36.68038387298584,36.128444798787434,35.10432732899984,0.5584063612532617,38.317047243029805,35.04372050294188,59.19157844197214,78.31125092386041,13.354910531299451
2017-08-28 00:00:00-04:00,37.29985381260072,37.733085679229205,37.25093898959107,37.60963821411133,103864000,0.0,0.0,36.83553009033203,36.225456619262694,35.13005758921305,0.5707825459434943,38.16383994232354,35.507220238340516,60.73033709086596,94.16894249835896,16.5497530876929
2017-08-29 00:00:00-04:00,37.29052127744569,37.99393764395831,37.267227838414755,37.94502639770508,118067600,0.0,0.0,36.992133140563965,36.3296267191569,35.16725533803304,0.6007289554781536,38.02125206299223,35.9630142181357,62.0541184689899,104.51029299680566,18.953985331850888
2017-08-30 00:00:00-04:00,38.15233307291767,38.17329503991752,37.87515744009567,38.04751968383789,109078400,0.0,0.0,37.07161331176758,36.42994321187337,35.20415058135986,0.6255214307255557,38.170202691604274,35.97302393193088,62.45423907841772,120.91818002038009,20.581477947219717
2017-08-31 00:00:00-04:00,38.11507357732661,38.320044556194304,38.07780548042678,38.19892501831055,107140400,0.0,0.0,37.176876068115234,36.54056587219238,35.24001178741455,0.649895203760785,38.284326612458045,36.06942552377242,63.04964602118335,128.32830739161105,21.908781351746182
2017-09-01 00:00:00-04:00,38.385253828589875,38.417862517958746,38.11273759156137,38.21056365966797,66364400,0.0,0.0,37.27320880889893,36.65211715698242,35.277536392211914,0.66251369016436,38.388758378292025,36.15765923950583,63.09618411861029,127.25740912269997,22.79847294317837
2017-09-05 00:00:00-04:00,38.14068146407364,38.25714156014715,37.39766548247185,37.751705169677734,117874000,0.0,0.0,37.318525314331055,36.73429781595866,35.33065280914307,0.6282458590549496,38.434531995748344,36.202518632913765,60.01343454770251,87.58525856976023,13.057731005702399
2017-09-06 00:00:00-04:00,37.8984493074153,37.963666682533365,37.388353473821574,37.71211242675781,86606800,0.0,0.0,37.34713001251221,36.810132344563804,35.396875,0.591079950812599,38.473154073261206,36.221105951763214,59.752846898569395,74.26831717424281,12.937046286157356
2017-09-07 00:00:00-04:00,37.75404660624655,37.788986780023535,37.35109552473771,37.56072235107422,87714000,0.0,0.0,37.35679664611816,36.875352223714195,35.45604991912842,0.5431487066842919,38.486865180368184,36.22672811186814,58.743888842601464,60.63300169221049,12.440256476799062
2017-09-08 00:00:00-04:00,37.467542599456294,37.535087892012,36.92483812021589,36.9481315612793,114446000,0.0,0.0,37.39534511566162,36.942579905192055,35.51054464975993,0.4505383674356267,38.401825246214486,36.388864985108754,54.86584348443907,18.171549140637815,6.876175937366527
2017-09-11 00:00:00-04:00,37.38369886793957,37.74472595411591,37.24161737805395,37.61661911010742,126323200,0.0,0.0,37.44216194152832,37.04028803507487,35.57954502105713,0.42617271103694065,38.39423139587039,36.490092487186246,57.99614021354478,54.417448092146394,9.163118479675266
2017-09-12 00:00:00-04:00,37.875162629389486,38.18960639379144,36.980749707380006,37.467552185058594,286856000,0.0,0.0,37.45392398834228,37.13898264567057,35.6538719813029,0.39033476159206515,38.40087617457451,36.50697180211005,57.08287432358727,53.07954453846705,13.809859538013336
2017-09-13 00:00:00-04:00,37.236957458568185,37.25792298117224,36.78043578057349,37.18571472167969,179629600,0.0,0.0,37.431213760375975,37.218074289957684,35.70776341756185,0.33532557606978486,38.38116550175883,36.48126201899312,55.37730015495793,-23.002738220447046,11.161173580601494
2017-09-14 00:00:00-04:00,37.03199022957224,37.127484826851486,36.822359881166186,36.86661529541016,95042800,0.0,0.0,37.40011901855469,37.23169759114583,35.76147944132487,0.26295061237048856,38.38233888568951,36.417899151419874,53.50485741180248,-47.38443057511942,11.161173580552758
2017-09-15 00:00:00-04:00,36.910877507673646,37.493178214800345,36.80140469040731,37.239295959472656,196458400,0.0,0.0,37.4236442565918,37.26988512674968,35.81808141072591,0.2329795044700944,38.363835824291826,36.483452688891774,55.329717452834316,-15.269999430800933,15.024801080545073
2017-09-18 00:00:00-04:00,37.29286040134051,37.383699154318606,36.80139854443826,36.95745468139648,113077600,0.0,0.0,37.437270164489746,37.29233665466309,35.870914141337074,0.1843597652204636,38.339517787351156,36.53502254162834,53.68141491368853,-44.24941415715926,15.02471410830547
2017-09-19 00:00:00-04:00,37.15311691683646,37.21367847131241,36.903894036289664,36.971439361572266,83242400,0.0,0.0,37.45497207641601,37.296538798014325,35.92146650950114,0.1452819979566229,38.30167305633985,36.608271096492174,53.75213476874693,-50.81460254729701,15.024714108246235
2017-09-20 00:00:00-04:00,36.77810477619086,36.861956205442226,35.83012123973316,36.351863861083984,211805600,0.0,0.0,37.41176567077637,37.270266977945965,35.96347147623698,0.06358505207897025,38.38808394127571,36.43544740027703,50.23675226263249,-163.26725183789813,0.7777645218771403
2017-09-21 00:00:00-04:00,36.28896529568272,36.28896529568272,35.57855802527852,35.72762680053711,150046800,0.0,0.0,37.33501758575439,37.21560821533203,36.00315399169922,-0.050943831168844156,38.56823776248443,36.10179740902436,47.0309330012579,-218.6626381373251,2.1592657537269386
2017-09-22 00:00:00-04:00,35.296730433842086,35.4667647623346,35.068469601363695,35.37825393676758,186581600,0.0,0.0,37.24907054901123,37.18897794087728,36.02889315287272,-0.16796408118029404,38.76033202260223,35.73780907542023,45.35519024964674,-278.21347980926606,7.795847039227103
2017-09-25 00:00:00-04:00,34.935708269423436,35.364280660403736,34.7423840426693,35.06614303588867,177549200,0.0,0.0,37.14064617156983,37.13517328898112,36.05774440765381,-0.2826302283399471,38.939969172906984,35.34132317023267,43.909338793210644,-272.97088471055014,11.17974637362381
2017-09-26 00:00:00-04:00,35.352631428347586,35.851080567151044,35.33166946109935,35.669403076171875,146640000,0.0,0.0,37.04363441467285,37.083076349894206,36.09533500671387,-0.3211242124642055,38.94293082679268,35.14433800255302,47.27035356670929,-173.2961772956573,5.216367088738368
2017-09-27 00:00:00-04:00,35.82314005216649,36.03742628493576,35.76257850428549,35.92329406738281,102016800,0.0,0.0,36.94254779815674,37.025855509440106,36.13916803995768,-0.3273703692459975,38.85500488380398,35.0300907125095,48.611005296622906,-124.86036571152316,3.028029428935538
2017-09-28 00:00:00-04:00,35.84409258504471,35.934931328862454,35.56691695403965,35.70201110839844,88022000,0.0,0.0,36.82527236938476,36.966305541992185,36.177031644185384,-0.3461855672219798,38.74008913306402,34.91045560570551,47.52163280674021,-128.15150521958086,5.170350248006615
2017-09-29 00:00:00-04:00,35.68571600201449,35.90000222315323,35.40388091253344,35.89767074584961,105199200,0.0,0.0,36.710209655761716,36.93726819356282,36.22341518402099,-0.3413735083213325,38.552674823238036,34.867744488285396,48.575743820224154,-114.54696255971139,6.942462515592616
2017-10-02 00:00:00-04:00,35.93027574081998,35.97453115605567,35.571580127050126,35.825462341308594,74795200,0.0,0.0,36.59095458984375,36.90861905415853,36.26298828125,-0.339473294920154,38.33040400375726,34.851505175930235,48.20607098824646,-99.64990206884434,6.00567575965401
2017-10-03 00:00:00-04:00,35.87204879737292,36.12360311051281,35.84875890327996,35.98152160644531,64921200,0.0,0.0,36.50244541168213,36.88742307027181,36.30175952911377,-0.32166671005168723,38.171948294655714,34.83294252870855,49.07258339712218,-78.11917165631553,4.118498231293791
2017-10-04 00:00:00-04:00,35.78352872178293,35.83709936853621,35.51101253515113,35.74858856201172,80655200,0.0,0.0,36.404269218444824,36.83850962320964,36.334831110636394,-0.3226315179294801,38.003718069326226,34.80482036756342,47.83685410119839,-93.57483933167903,7.9589575191350175
2017-10-05 00:00:00-04:00,35.91164634833667,36.20512816989654,35.881369129315786,36.1934814453125,85135200,0.0,0.0,36.33590717315674,36.80287272135417,36.3745054880778,-0.2842206785056973,37.84135022589269,34.83046412042079,50.30919344220455,-56.54425636071671,3.2951291760392087
2017-10-06 00:00:00-04:00,36.09564795285132,36.21676746633701,36.00014980656297,36.17251205444336,69630400,0.0,0.0,36.29712619781494,36.77204996744792,36.40598080952962,-0.25256050582414247,37.775888426404144,34.818363969225736,50.193197504428895,-49.95547126464582,3.1493422706925975
2017-10-09 00:00:00-04:00,36.29129911567504,36.50558529280248,36.21676649297357,36.29828643798828,65051600,0.0,0.0,36.23120956420898,36.7408384958903,36.434641647338864,-0.21484406066749528,37.57355973894638,34.888859389471584,50.89569476570613,-30.890824871051144,0.45702387868346755
2017-10-10 00:00:00-04:00,36.34952776101765,36.80139354150929,36.12592634750615,36.312259674072266,62468000,0.0,0.0,36.17344493865967,36.69759254455566,36.46152458190918,-0.18173109978116742,37.38482388020267,34.962065997116675,50.97516421025353,-22.582438284228886,4.01273534656579
2017-10-11 00:00:00-04:00,36.32856703960228,36.563815182604465,36.277324306816766,36.463661193847656,67622400,0.0,0.0,36.137342262268064,36.648213704427086,36.48892021179199,-0.14163927301029844,37.26160129417101,35.01308323036512,51.84862970314666,-17.95265789767588,4.0127353465514295
2017-10-12 00:00:00-04:00,36.417064239718734,36.65464021659528,36.272651340391555,36.335540771484375,64500400,0.0,0.0,36.11078853607178,36.59114774068197,36.51054547627767,-0.11883460740386909,37.18656426559145,35.03501280655211,51.05236610218291,-15.514792163025394,5.126269828278297
2017-10-13 00:00:00-04:00,36.50559674352587,36.63370361625292,36.43106409744572,36.566158294677734,65576800,0.0,0.0,36.07713165283203,36.53672218322754,36.538644027709964,-0.08121662415373265,37.04049425523933,35.11376905042473,52.41319440039325,0.3272836723572383,5.126269828258102
2017-10-16 00:00:00-04:00,36.77811124048966,37.267245256108666,36.71988116977698,37.239295959472656,96486000,0.0,0.0,36.09122371673584,36.50434659322103,36.57823187510173,0.0028792918139615153,37.115148689147894,35.067298744323786,56.09859649532029,59.536849422446686,12.687341823650955
2017-10-17 00:00:00-04:00,37.21599725793115,37.46987947743301,37.0878904096244,37.376712799072266,75989200,0.0,0.0,36.11148738861084,36.49184684753418,36.613072331746416,0.07969562011210485,37.22120488986459,35.00176988735709,56.805061265445666,88.24605394695227,14.930561711459477
2017-10-18 00:00:00-04:00,37.36505860103378,37.43260745030128,37.17406588237725,37.21133041381836,65496800,0.0,0.0,36.154460716247556,36.475154113769534,36.642643229166666,0.12577824408484872,37.365326967596275,34.94359446489884,55.68933743876238,87.78513763598464,14.930561711408854
2017-10-19 00:00:00-04:00,36.51024786606347,36.5871119722712,36.107296843290385,36.33089828491211,170336800,0.0,0.0,36.18462429046631,36.434159978230795,36.65475610097249,0.09021559168253646,37.380686454266666,34.988562126665954,50.25350658391372,-10.36297277540794,0.3985364882511173
2017-10-20 00:00:00-04:00,36.477638812329246,36.74316774291992,36.32624207844399,36.3937873840332,95896400,0.0,0.0,36.23540096282959,36.41568183898926,36.67913087209066,0.0663418110501297,37.37207505551966,35.098726870139515,50.609742677867544,9.677502266024065,2.268604496406161
2017-10-23 00:00:00-04:00,36.542855441022574,36.72919233940038,36.219096457297425,36.375152587890625,87937200,0.0,0.0,36.30085144042969,36.37429962158203,36.70729382832845,0.04539471358544489,37.295978947028175,35.3057239338312,50.49889417178803,9.041325204295498,0.9227484771944963
2017-10-24 00:00:00-04:00,36.40309800217904,36.66629897638764,36.38213603628996,36.591766357421875,71028800,0.0,0.0,36.34696960449219,36.345106760660805,36.74204470316569,0.04574558221720082,37.30362945543435,35.39030975355003,51.769190199071154,29.08783302789897,0.9227484771910888
2017-10-25 00:00:00-04:00,36.547513273853816,36.69658207534849,36.1655242478937,36.431053161621094,84828400,0.0,0.0,36.372357559204104,36.31995137532552,36.7690128326416,0.03267873624124462,37.308403999051556,35.43631111935665,50.769237597756515,16.49971365650426,1.8711283224052067
2017-10-26 00:00:00-04:00,36.62206251320352,36.76181613292205,36.51724907545571,36.66399002075195,68002000,0.0,0.0,36.42045650482178,36.313197199503584,36.772447395324704,0.04065062931051244,37.309131913031905,35.53178109661165,52.154893833255855,50.1961396033688,1.0000537264526088
2017-10-27 00:00:00-04:00,37.10185976956351,38.1057488893798,36.96443769463346,37.97764205932617,177816800,0.0,0.0,36.524455070495605,36.337808736165364,36.80384693145752,0.1512259146577648,37.618601387914545,35.430308753076666,58.90316734712827,194.69124065626744,14.568512047942573
2017-10-30 00:00:00-04:00,38.1732976116592,39.14690605329501,38.13370159774283,38.832462310791016,178803200,0.0,0.0,36.674805068969725,36.400308990478514,36.8463228225708,0.3043263900220907,38.13102193567051,35.21858820226894,62.46676652092381,300.0433090193569,23.961861638362556
2017-10-31 00:00:00-04:00,39.10730054876835,39.51491090283744,38.883699144821094,39.37282943725586,144187200,0.0,0.0,36.844370460510255,36.48035532633464,36.88844706217448,0.4639150074184357,38.69661467629957,34.99212624472094,64.48086303358093,311.8131084489166,26.900703513209006
2017-11-01 00:00:00-04:00,39.566164074081144,39.58247019850598,38.573925029770365,38.87206268310547,134551200,0.0,0.0,37.00054416656494,36.56436195373535,36.917314465840654,0.5437148382962391,38.98571732709556,35.01537100603433,61.32601208353103,232.18032543350682,22.768823716665693
2017-11-02 00:00:00-04:00,38.80451121930693,39.247058228740606,38.49705481387086,39.156219482421875,165573600,0.0,0.0,37.14868106842041,36.67864837646484,36.94712829589844,0.6227076716839051,39.314250363434674,34.983111773406144,62.40574250264176,191.5868362716805,21.751186262007064
2017-11-03 00:00:00-04:00,40.52811027195143,40.58866823771665,39.8572990335929,40.17873001098633,237594400,0.0,0.0,37.34899196624756,36.83866424560547,37.013821093241376,0.7590680514408206,39.84959529552613,34.84838863696899,65.94498594872701,239.30300057944063,31.937240547826665
2017-11-06 00:00:00-05:00,40.14846209750659,40.75871556536482,39.997065357610694,40.58635330200195,140105200,0.0,0.0,37.56339530944824,37.02267125447591,37.078922271728516,0.8897697163292193,40.39773292775126,34.72905769114522,67.21773375515838,215.54719935904416,33.07947263790695
2017-11-07 00:00:00-05:00,40.50716623260138,40.81927855085233,40.43496151537272,40.716793060302734,97446000,0.0,0.0,37.78362197875977,37.190917587280275,37.13699696858724,0.9924369306067504,40.88090644366131,34.68633751385823,67.61835543356483,195.02655459467,33.49070555138851
2017-11-08 00:00:00-05:00,40.68185508540157,41.04986953735352,40.604990970049464,41.04986953735352,97638000,0.0,0.0,38.01293239593506,37.361803436279295,37.1938294728597,1.0881345874765955,41.367174762669556,34.658690029200564,68.63099174264555,179.59864291134318,35.062452771957965
2017-11-09 00:00:00-05:00,40.786657677747385,41.017249962642765,40.32780458464305,40.966007232666016,117930400,0.0,0.0,38.24445571899414,37.53726997375488,37.25178775787354,1.144021119550814,41.74714404467032,34.74176739331796,68.0764964312353,151.1691461701779,31.20669984286173
2017-11-10 00:00:00-05:00,40.933290614042214,40.996406160345416,40.73693509982965,40.83043670654297,100582000,0.1575,0.0,38.4576696395874,37.701695505778,37.31948184967041,1.1639548435130962,42.048251854866876,34.867087424307925,67.16895194943274,137.74921157150956,31.206699842775446
2017-11-13 00:00:00-05:00,40.556938922656,40.79069649569724,40.533561738608874,40.666805267333984,67928400,0.0,0.0,38.62904510498047,37.86307360331217,37.385846328735354,1.1532547706291254,42.30103833559129,34.957051874369654,66.06920060499847,116.49951219780814,28.330149688953775
2017-11-14 00:00:00-05:00,40.449408180641015,40.55226208172439,40.01461895951602,40.05202102661133,99130000,0.0,0.0,38.76281051635742,37.998756917317706,37.44308999379476,1.0826864006409664,42.43763091068959,35.087990122025246,62.116344094759235,89.41375104572737,21.30977335649738
2017-11-15 00:00:00-05:00,39.73177916566144,39.81359575159804,39.36010544137141,39.52373504638672,116632400,0.0,0.0,38.87843074798584,38.124595133463544,37.48155237833659,0.9729170137589236,42.49272993150496,35.264131564466716,58.97957018751761,58.892130816394136,13.227978008413274
2017-11-16 00:00:00-05:00,40.01462337207237,40.175916683207014,39.8089191140793,39.99592590332031,94550000,0.0,0.0,39.06168212890625,38.2513432820638,37.52710800170898,0.9134956307006377,42.499467698059895,35.6238965597526,60.80948166884972,70.58488970445865,16.41679176409574
2017-11-17 00:00:00-05:00,39.98188974925974,40.063706318434406,39.654630606275354,39.77384567260742,87598000,0.0,0.0,39.23068504333496,38.3713877360026,37.57171885172526,0.8388144075559296,42.44104755882439,36.02032252784553,59.51769277629665,59.74800866242523,14.562175346279284
2017-11-20 00:00:00-05:00,39.80657988543512,39.8696954357603,39.63593783722337,39.73411560058594,65049600,0.0,0.0,39.39863319396973,38.48591537475586,37.61337693532308,0.7675749887194101,42.3182862241819,36.47898016375756,59.28461815857795,52.67039174957918,14.333890662765278
2017-11-21 00:00:00-05:00,39.921110410671325,40.60368196550586,39.921110410671325,40.4727783203125,100525200,0.0,0.0,39.59268379211426,38.624599329630534,37.6610959370931,0.7619379973160605,42.22898699532406,36.95638058890446,62.136427984481664,72.3627150487167,20.74864357639296
2017-11-22 00:00:00-05:00,40.52420657796541,40.9075687942775,40.45174231251265,40.89822006225586,102355600,0.0,0.0,39.816042137146,38.77241795857747,37.71031583150228,0.7827768695360788,42.05087108171445,37.58121319257755,63.65328414266311,85.25114377768125,23.211362762947623
2017-11-24 00:00:00-05:00,40.930948094323455,41.0244496868098,40.82575434420491,40.90055847167969,56106800,0.0,0.0,40.02787055969238,38.92458521525065,37.75786647796631,0.7903696269327369,41.74876411448921,38.30697700489555,63.66156152067046,87.78205522214469,24.14919100277256
2017-11-27 00:00:00-05:00,40.91926357421964,40.92627601601087,40.51953655783263,40.694854736328125,82867200,0.0,0.0,40.16373119354248,39.06220842997233,37.799465306599934,0.7709018924213638,41.61027140198445,38.717190985100515,62.36902900274311,75.39858500045878,20.171438515837433
2017-11-28 00:00:00-05:00,40.74394168627326,40.87718163503339,40.1735726934655,40.4564208984375,105715200,0.0,0.0,40.2449291229248,39.16944592793782,37.83689626057943,0.7278438239847489,41.55246208155028,38.93739616429932,60.886730023215264,62.485687633835134,15.833805843903246
2017-11-29 00:00:00-05:00,40.35357178635738,40.42135991448416,39.07491755078027,39.61723327636719,166665600,0.0,0.0,40.25714931488037,39.24412994384765,37.867988395690915,0.6188706116372344,41.53458582126005,38.97971280850069,56.03763122614493,23.280690886991724,3.554485307404958
2017-11-30 00:00:00-05:00,39.83929907290369,40.2390260682573,39.37412381322835,40.17123794555664,166108800,0.0,0.0,40.32210807800293,39.342793528238936,37.90897382100423,0.5706341868372036,41.42290033814335,39.221315817862504,58.30538531797332,31.268113696403255,3.554485307374275
2017-12-01 00:00:00-05:00,39.727110467845876,40.129173896658486,39.38816260097184,39.98424530029297,159037200,0.0,0.0,40.36350936889649,39.46457176208496,37.94936587015788,0.5114223702140208,41.33427746429225,39.392741273500725,57.27379981889121,22.72180369613291,3.554485307345533
2017-12-04 00:00:00-05:00,40.31851586857661,40.351241794788066,39.65230874923089,39.692047119140625,130169600,0.0,0.0,40.3391752243042,39.57451375325521,37.99509779612223,0.43589391401886957,41.352894891907646,39.32545555670075,55.68129011354325,22.377152693409517,5.789259197731119
2017-12-05 00:00:00-05:00,39.519052754741125,40.094097925131834,39.364771908190285,39.654632568359375,109400800,0.0,0.0,40.29258918762207,39.68382975260417,38.0290646870931,0.36876710908548915,41.34343620445607,39.24174217078807,55.47696344406685,4.180102925662242,2.604696770384809
2017-12-06 00:00:00-05:00,39.15438974818077,39.785534421794935,38.9112834648331,39.507362365722656,114240000,0.0,0.0,40.232117652893066,39.78101628621419,38.0630615234375,0.3002243584676805,41.31876614655852,39.145469159227616,54.660221684094545,-28.13040028645075,2.1987035889732476
2017-12-07 00:00:00-05:00,39.51203467441735,39.841633644959046,39.48398491245016,39.57982635498047,102693200,0.0,0.0,40.15861549377441,39.8859753926595,38.10296338399251,0.24888201614702865,41.210684928307316,39.10654605924151,54.997462162702845,-20.90099528275853,1.590082860218304
2017-12-08 00:00:00-05:00,39.85332546546157,39.97254053034316,39.46295079005944,39.591514587402344,93420800,0.0,0.0,40.08989086151123,39.98355954488118,38.14837837219238,0.20675266658874847,41.09856883610086,39.0812128869216,55.05324601397878,-31.632208082636495,0.15034736338049723
2017-12-11 00:00:00-05:00,39.55177980714525,40.41434580408775,39.45593834818333,40.362918853759766,141095200,0.0,0.0,40.06651496887207,40.0630687713623,38.200438753763834,0.2329257083640428,41.02326450512595,39.10976543261819,58.560315592666655,6.449431321530875,4.571388255342725
2017-12-12 00:00:00-05:00,40.24135961460867,40.29746270901659,40.08006990604287,40.13616943359375,77636800,0.0,0.0,40.03998317718506,40.10652567545573,38.253417332967125,0.2326889559141847,40.955168581404244,39.12479777296587,57.20308724138477,13.353917298121258,4.571388255328457
2017-12-13 00:00:00-05:00,40.32319150979988,40.56629787760068,40.20631269382944,40.26942825317383,95273600,0.0,0.0,40.05085353851318,40.13641230265299,38.308383814493816,0.24048207329559546,40.97178754694088,39.12991953008548,57.79773300450654,34.648251738459535,7.413864623484227
2017-12-14 00:00:00-05:00,40.29979177068341,40.470437314656,40.12447364482455,40.25771713256836,81906000,0.0,0.0,40.08755264282227,40.182600784301755,38.373481369018556,0.24291303514674212,40.9780367848349,39.197068500809635,57.724815098859324,20.520809130086143,6.415655510180134
2017-12-15 00:00:00-05:00,40.58732854854576,40.71355606857073,40.3138326161104,40.666805267333984,160677200,0.0,0.0,40.12109661102295,40.23295364379883,38.455801010131836,0.27468320649122546,41.04689114565053,39.19530207639537,59.56808682079297,61.49890351513344,9.01411735753415
2017-12-18 00:00:00-05:00,40.87951693560756,41.42183253648349,40.87484078640801,41.239501953125,117684400,0.0,0.0,40.19437942504883,40.26831270853678,38.55348847707113,0.3421292791291677,41.22996149885292,39.158797351244736,61.96950017461977,149.70419195785323,16.039884888581984
2017-12-19 00:00:00-05:00,40.91457603146081,40.998728876380696,40.694843404900205,40.80003356933594,109745600,0.0,0.0,40.24767532348633,40.27543538411458,38.64905331929525,0.3560154275987557,41.29318790979367,39.20216273717898,59.179279660383976,89.37566464143164,13.731088730054601
2017-12-20 00:00:00-05:00,40.87718950384352,41.00575689448895,40.49850334126773,40.755638122558594,93902400,0.0,0.0,40.26181831359863,40.27673021952311,38.73382390340169,0.3592962156585173,41.32760816760398,39.196028459593286,58.90212286410591,76.22873288871294,11.233730737358274
2017-12-21 00:00:00-05:00,40.713552805108094,41.146005707313414,40.69719163107256,40.909908294677734,83799600,0.0,0.0,40.26240272521973,40.27206484476725,38.81693414052327,0.37007854236260584,41.329673683606075,39.195131766833384,59.58256530416136,101.32479143168813,12.651066468127823
2017-12-22 00:00:00-05:00,40.83276787373455,41.00574974798811,40.79069322605128,40.909908294677734,65397600,0.0,0.0,40.26287021636963,40.270194880167644,38.90373242696126,0.37430881493860113,41.331325668555344,39.19441476418391,59.582565304161356,97.2686755165784,12.651066468095774
2017-12-26 00:00:00-05:00,39.925791590410505,40.082408726132456,39.66398070018009,39.87202835083008,132742000,0.0,0.0,40.22172889709473,40.23824793497722,38.96997172037761,0.29056366186426885,41.28349312689952,39.159964667289934,53.23664842598653,-55.52544894887298,0.9463305796898107
2017-12-27 00:00:00-05:00,39.76217620257071,39.92112968652542,39.671010865159374,39.87905502319336,85992800,0.0,0.0,40.19286060333252,40.21198959350586,39.03753159840902,0.22220062791348028,41.259143676166374,39.126577530498665,53.27150484902384,-59.40290776193444,0.9463305796871974
2017-12-28 00:00:00-05:00,39.97254042334844,40.17123576447634,39.850985500534065,39.991241455078125,65920800,0.0,0.0,40.211561012268064,40.20996360778808,39.104360262552895,0.17505699043385903,41.24803960673193,39.1750824178042,53.83978036218103,-29.592851144762292,1.867456078583022
2017-12-29 00:00:00-05:00,39.86032984217784,39.876691012389315,39.556444379237625,39.558780670166016,103999600,0.0,0.0,40.180938148498534,40.2111317952474,39.16786346435547,0.10162784443337358,41.257835098494986,39.10404119850208,51.34952856608447,-83.39783434474904,1.478174807919335
2018-01-02 00:00:00-05:00,39.77619340273042,40.27643451563853,39.56580942615581,40.26708221435547,102223600,0.0,0.0,40.19507999420166,40.22017033894857,39.23575681050618,0.09944242195313535,41.26852416399294,39.12163582441038,54.885062845822105,-25.613442644833306,2.9947986465526104
2018-01-03 00:00:00-05:00,40.33019115208112,40.80238241744237,40.19695119893329,40.26006317138672,118071600,0.0,0.0,40.223480796813966,40.23637758890788,39.303882662455244,0.09603702573375728,41.27062125992232,39.17634033370561,54.84420441254778,31.541227387356642,8.485146150744777
2018-01-04 00:00:00-05:00,40.33252478094121,40.5499211500562,40.224998308918046,40.44706726074219,89738400,0.0,0.0,40.263102531433105,40.26014264424642,39.37302900950114,0.1071922463567958,41.279121068642326,39.247083994223885,55.75206059169016,26.701487062116904,8.48514615071409
2018-01-05 00:00:00-05:00,40.54290490942475,40.994055211711675,40.451739619141776,40.90756607055664,94640000,0.0,0.0,40.333112716674805,40.274635569254556,39.44961744944255,0.15144547530470476,41.32248321906144,39.34374221428817,57.90784526013592,82.13946393430007,12.93812562335197
2018-01-08 00:00:00-05:00,40.755638122558594,41.050171408244445,40.65745679380547,40.755638122558594,82271200,0.0,0.0,40.39190330505371,40.26988283793131,39.52115039825439,0.1722713257762436,41.33127791980429,39.452528690303126,56.96069255044228,87.02343624436531,13.4883390142175
2018-01-09 00:00:00-05:00,40.802376800591794,40.921591854561065,40.53589336412295,40.75094985961914,86336000,0.0,0.0,40.449875068664554,40.264895884195965,39.594740549723305,0.1862506768140335,41.32196813334568,39.57778200398343,56.930967081978295,75.86222065507543,11.903501320565418
2018-01-10 00:00:00-05:00,40.47746781204214,40.74395133955629,40.44006573912767,40.74161148071289,95839600,0.0,0.0,40.46880970001221,40.26645444234212,39.66433143615723,0.19433570307830905,41.34935657966051,39.58826282036391,56.86981404324431,61.77711391251035,10.643501450726609
2018-01-11 00:00:00-05:00,40.81172158381117,41.02210547657908,40.78834797363013,40.97301483154297,74670800,0.0,0.0,40.51065196990967,40.283674240112305,39.72656008402507,0.21691500004014586,41.4040819178357,39.617222021983636,58.02559475109925,101.30492681901939,13.565838499594035
2018-01-12 00:00:00-05:00,41.18339796582762,41.459233692882485,41.05950676616482,41.3961181640625,101672400,0.0,0.0,40.5669864654541,40.34297040303548,39.79355017344157,0.2658851993988094,41.53531884455797,39.59865408635023,60.050503602240646,145.87474379708775,17.929373693519988
2018-01-16 00:00:00-05:00,41.58545326420715,41.93375318509102,41.1740413933789,41.18572998046875,118263600,0.0,0.0,40.61338710784912,40.37678680419922,39.85979016621908,0.28443903098118284,41.60790436263477,39.61886985306347,58.59641742291637,149.77084035572116,22.33249726841797
2018-01-17 00:00:00-05:00,41.176398125146065,41.901048082180715,40.923943066330935,41.86598587036133,137547200,0.0,0.0,40.67334613800049,40.43951148986817,39.95204162597656,0.3499994653920666,41.81511809070944,39.53157418529154,61.69856703023226,153.85977743726016,18.85574853892999
2018-01-18 00:00:00-05:00,41.92908718934309,42.09973275509077,41.66727989604683,41.90337371826172,124773600,0.0,0.0,40.706539726257326,40.51322237650553,40.04386806488037,0.4003583865961531,41.951546960828786,39.461532491685865,61.86103774923328,177.7788168890196,20.707740480924194
2018-01-19 00:00:00-05:00,41.75143946684489,41.97818459371661,41.47093109791973,41.71637725830078,129700400,0.0,0.0,40.752356910705565,40.58194719950358,40.13288847605387,0.4203337965842806,42.07676349255805,39.42795032885308,60.53249710803323,144.98831651044986,17.95549820191621
2018-01-22 00:00:00-05:00,41.44521189759825,41.557414516297534,41.2815823355666,41.37508392333984,108434400,0.0,0.0,40.78332920074463,40.64420458475749,40.21261043548584,0.4039682386967911,42.13671429649647,39.42994410499279,58.17364037772653,99.93792047385443,15.332129500191668
2018-01-23 00:00:00-05:00,41.44522445106315,41.94546558756909,41.333021798378475,41.38444519042969,130756400,0.0,0.0,40.80705604553223,40.70435854593913,40.295166969299316,0.3872893615021198,42.186178740385195,39.42793335067926,58.21983731530461,112.54301420549368,19.144544288741557
2018-01-24 00:00:00-05:00,41.4335355022149,41.445224095841,40.48681648822852,40.725250244140625,204420400,0.0,0.0,40.797823143005374,40.74214973449707,40.362854639689125,0.3172229593065694,42.176519007305636,39.41912727870511,53.88443927304928,21.563984707272237,8.158248883391302
2018-01-25 00:00:00-05:00,40.79303096952992,40.89588486778186,39.86267686900453,39.99825668334961,166116000,0.0,0.0,40.80413455963135,40.72999432881673,40.39653155008952,0.20071876516654186,42.16603916300079,39.44222995626191,49.66505694858654,-68.34996454138698,1.0487755525467348
2018-01-26 00:00:00-05:00,40.20630504465315,40.20630504465315,39.75281475426623,40.09176254272461,156572000,0.0,0.0,40.81476993560791,40.72851409912109,40.417519887288414,0.11461231392245708,42.14930428952804,39.480235581687786,50.18407827149331,-99.60762275527486,0.14639800880512222
2018-01-29 00:00:00-05:00,39.77620230076154,39.77620230076154,39.05389202337925,39.26193618774414,202561600,0.0,0.0,40.77830467224121,40.69493103027344,40.41567166646322,-0.020353102850378946,42.24126226813923,39.315347076343194,45.84425364433375,-172.64933188355778,7.35770054014907
2018-01-30 00:00:00-05:00,38.6938832793173,39.12399627428952,38.499864103281,39.030494689941406,184192800,0.0,0.0,40.75189037322998,40.65402361551921,40.41831219991048,-0.14432586393187563,42.32266356828051,39.181117178179456,44.72825053588067,-207.33646053568717,12.537327317937487
2018-01-31 00:00:00-05:00,39.00711972420556,39.37412077565685,38.92063057543217,39.13802337646485,129915600,0.0,0.0,40.69543743133545,40.6030642191569,40.418008931477864,-0.23123299390061192,42.41379644555064,38.97707841712026,45.36745281312125,-155.93522536743566,9.673552320602075
2018-02-01 00:00:00-05:00,39.077244956052496,39.41619265332246,38.981403514928985,39.2198371887207,188923200,0.0,0.0,40.64342613220215,40.53574206034342,40.4020273844401,-0.2901610338511489,42.476418560949675,38.81043370345463,45.86025975400713,-134.52791508298967,9.190065833948443
2018-02-02 00:00:00-05:00,38.80374406951238,38.99075077839937,37.42457627932645,37.5180778503418,346375200,0.0,0.0,40.496976661682126,40.426343536376955,40.35088946024577,-0.4687759293656839,42.80301619375217,38.19093712961208,38.40578882367118,-221.38014486833714,22.30193004739789
2018-02-05 00:00:00-05:00,37.19083407744985,38.30819507475602,36.46618412011472,36.58072662353515,290954000,0.0,0.0,40.28063468933105,40.28717981974284,40.281955019632974,-0.678148655575427,43.16405337499871,37.397216003663395,35.15015860656844,-249.76745567922177,28.844738269851103
2018-02-06 00:00:00-05:00,36.19268567354218,38.270790367350905,35.99866645876102,38.1094970703125,272975200,0.0,0.0,40.14832763671875,40.19383277893066,40.232948811848956,-0.7125057284404264,43.17905094558477,37.117604327852725,43.26455190347785,-194.55503867313274,31.745187477344682
2018-02-07 00:00:00-05:00,38.12352220639921,38.195986484247946,37.18381931919892,37.29368209838867,206434400,0.0,0.0,39.975464248657225,40.07329190572103,40.171743392944336,-0.7963831966397947,43.24633442156631,36.70459407574814,40.469152341449195,-166.84651146557644,31.74518747705487
2018-02-08 00:00:00-05:00,37.469012196193795,37.63498169732029,36.23944823971693,36.26749801635742,217562000,0.0,0.0,39.75175857543945,39.95314089457194,40.09569441477458,-0.934884408221393,43.393026658552586,36.11049049232632,37.33057242492956,-192.93922962912413,37.27242248599338
2018-02-09 00:00:00-05:00,36.86599229990847,37.05845311203358,35.2629186182967,36.711082458496094,282690400,0.1575,0.0,39.53866195678711,39.84754180908203,40.02976570129395,-0.9973571466036475,43.37273355866837,35.70459035490585,39.43112183801055,-184.00863240704024,42.272994453048476
2018-02-12 00:00:00-05:00,37.20163266035302,38.46672273816519,36.96926786105699,38.18976593017578,243278000,0.0,0.0,39.37834434509277,39.78749262491862,39.998728116353355,-0.9169794749844868,43.15307587757356,35.60361281261198,45.7065943087022,-94.83619706962041,27.15113942058174
2018-02-13 00:00:00-05:00,38.01138368785197,38.66857413140311,37.94096978650724,38.57234191894531,130196800,0.0,0.0,39.2476749420166,39.754611333211265,39.98287156422933,-0.8130367248968753,42.9389833220653,35.556366561967906,47.17156977791622,-64.8163756305636,25.178348719773233
2018-02-14 00:00:00-05:00,38.26721478410091,39.32341248785229,38.22966380983118,39.28351211547851,162579600,0.0,0.0,39.11855125427246,39.7218256632487,39.970998001098636,-0.6656031959036781,42.59886043729246,35.63824207125246,49.777488067588884,-36.356268456864825,18.982925026994938
2018-02-15 00:00:00-05:00,39.85150436778208,40.62604993130771,39.66608460137815,40.60258102416992,204588800,0.0,0.0,39.05351161956787,39.733242925008135,39.984810256958006,-0.43728250445038697,42.358917945894355,35.74810529324139,54.119933039226524,26.993408813290344,7.984835065382233
2018-02-16 00:00:00-05:00,40.454725377080166,41.032115117639805,40.31624696133215,40.471153259277344,160704400,0.0,0.0,38.9912504196167,39.734045791625974,39.9970942179362,-0.26389976157157946,42.128075916277204,35.85442492295619,53.64187269555413,40.93166937088405,4.85922549031175
2018-02-20 00:00:00-05:00,40.38196338095014,40.900671851907454,40.234094542494496,40.33502197265625,135722000,0.0,0.0,38.93924732208252,39.71496098836263,39.994798278808595,-0.13591065241895706,41.94126158634944,35.937233057815604,53.13891410773302,36.174959763440896,5.432105323959191
2018-02-21 00:00:00-05:00,40.56504027258118,40.86781542185468,40.13786518942926,40.15195083618164,149886400,0.0,0.0,38.87762260437012,39.69483807881673,39.982360458374025,-0.048689410808250955,41.714341646342476,36.04090356239776,52.454690878899726,32.26498013718053,6.117110366224811
2018-02-22 00:00:00-05:00,40.32328643776861,40.827912853294784,40.302163340873086,40.48758316040039,123967600,0.0,0.0,38.865739250183104,39.686059188842776,39.97547753651937,0.046975273420521546,41.67169350945187,36.05978499091434,53.58808711668381,39.98440187117002,6.117110366192606
2018-02-23 00:00:00-05:00,40.76219436119442,41.22692040214116,40.73168083348682,41.19171524047851,135249600,0.0,0.0,38.92541217803955,39.70106264750163,39.983758544921876,0.17756098655846841,41.87962070518718,35.97120365089192,55.871112188537005,63.054557503530965,2.8125312122198234
2018-02-26 00:00:00-05:00,41.391216287340875,42.10473494491624,41.35835694616437,42.00615692138672,152648800,0.0,0.0,39.021131896972655,39.735500717163085,40.0095874786377,0.34281795018276995,42.246109181674335,35.796154612270975,58.32409960944011,96.27053103886044,3.991778663565063
2018-02-27 00:00:00-05:00,42.03667940368092,42.360577669613704,41.81605081673808,41.87003326416016,155712400,0.0,0.0,39.151536750793454,39.75129788716634,40.04713414510091,0.45752715472296757,42.61929551700443,35.68377798458248,57.768882070922466,102.61112420666822,5.870054605373389
2018-02-28 00:00:00-05:00,42.07422201715211,42.39342858513631,41.79022418897035,41.8066520690918,151128400,0.0,0.0,39.290344619750975,39.771995290120444,40.07439104715983,0.5371290042037344,42.954396167057986,35.626293072443964,57.505205002729994,99.78149627059484,6.114031850691968
2018-03-01 00:00:00-05:00,41.9052339409774,42.19627640895745,40.52513788389774,41.07435989379883,195208000,0.0,0.0,39.38716144561768,39.74560775756836,40.09255962371826,0.5349575275148268,43.13562327900581,35.638699612229544,54.53036229458548,67.65738379177077,3.8174434550767975
2018-03-02 00:00:00-05:00,40.55798872798635,41.37947575368643,40.47583859285667,41.35835266113281,153816000,0.0,0.0,39.49408721923828,39.727440388997394,40.120331382751466,0.5498145397251974,43.34310689026147,35.645067548215096,55.45485475561345,61.081552715770016,4.178974454663803
2018-03-05 00:00:00-05:00,41.12364548723818,41.71746301418378,40.96169460145311,41.50152969360352,113605600,0.0,0.0,39.69325981140137,39.72027880350749,40.151113001505536,0.5666104859022099,43.523962422924726,35.86255719987801,55.92225675404422,76.94072798786726,1.4738559021879418
2018-03-06 00:00:00-05:00,41.75736246248173,41.837163204570295,41.33957789343051,41.4663200378418,95154000,0.0,0.0,39.9375394821167,39.72332000732422,40.183762296040854,0.5705038559698465,43.5493700556245,36.325708908608895,55.77337933745616,83.62701400918242,0.5176175056617681
2018-03-07 00:00:00-05:00,41.0602787275082,41.27386626316505,40.90302303309931,41.08140182495117,126814000,0.0,0.0,40.08613471984863,39.71321856180827,40.208788553873696,0.5363470223054136,43.625101013829045,36.547168425868215,54.14326336873111,63.60020183746247,3.9331073747078937
2018-03-08 00:00:00-05:00,41.18700320644027,41.5719283361678,41.09077461005726,41.52968215942383,95096400,0.0,0.0,40.29793472290039,39.74003295898437,40.241091346740724,0.5392340081125155,43.634469145684676,36.96140030011611,55.70306615548998,76.54643442416852,1.4724778204176319
2018-03-09 00:00:00-05:00,41.76910835419292,42.24791649869535,41.63532156620826,42.243221282958984,128740800,0.0,0.0,40.59672088623047,39.81486511230469,40.27242972056071,0.592271274561206,43.4486251664158,37.74481660604514,58.052503939111766,99.99300041459036,3.867252325856133
2018-03-12 00:00:00-04:00,42.31597708610445,42.80887083210406,42.29720338770059,42.651615142822266,128828400,0.0,0.0,40.89374752044678,39.900193532307945,40.31435381571452,0.6596535858185177,43.2330392979714,38.55445574292216,59.329685054352176,114.72996780867791,8.022201613174513
2018-03-13 00:00:00-04:00,42.85580825010609,43.06939575890961,42.069529876916704,42.240867614746094,126774000,0.0,0.0,41.096302604675294,39.99949124654134,40.34721113840739,0.6721623905659584,43.13157077331793,39.06103443603266,57.507916947966244,101.89014460898693,9.893299427234151
2018-03-14 00:00:00-04:00,42.32301285856895,42.3699542575725,41.73388701966704,41.88175582885742,117473600,0.0,0.0,41.2617733001709,40.09453328450521,40.374278450012206,0.6456556718719426,42.93980169619117,39.583744904150635,55.9539918401885,78.33295370279153,6.992496750759576
2018-03-15 00:00:00-04:00,41.89584418772932,42.30424194138419,41.79492034377192,41.93104934692383,90975200,0.0,0.0,41.39415016174316,40.18763415018717,40.395349184672035,0.6214626467366671,42.81274042617299,39.97555989731334,56.12234808816948,74.99121554999682,6.992496750730602
2018-03-16 00:00:00-04:00,41.93105312956666,42.04136741352731,41.689301464223135,41.78318786621094,157618800,0.0,0.0,41.45318050384522,40.27307917277018,40.4044106165568,0.5836305841750971,42.8307427379734,40.07561826971703,55.464499009059914,64.80867538360053,6.0498097281143455
2018-03-19 00:00:00-04:00,41.61888416294302,41.65408931941201,40.75984253110528,41.14476776123047,133787200,0.0,0.0,41.48686122894287,40.39396883646647,40.41015618642171,0.4964109189882535,42.794492450344755,40.17923000754099,52.705079853615494,35.31715166724035,1.8247810076729472
2018-03-20 00:00:00-04:00,41.13068771362305,41.49683568443578,41.06027381583607,41.13068771362305,78597600,0.0,0.0,41.52664451599121,40.545634206136064,40.41640701293945,0.4212961243006603,42.73106566153909,40.322223370443325,52.64532362160608,34.19739901138268,1.8247810076663498
2018-03-21 00:00:00-04:00,41.08375108302355,41.09548733194154,40.19654510210862,40.19889450073242,148219600,0.0,0.0,41.52899169921875,40.61528078715006,40.40455678304036,0.28331332373875995,42.72226416641341,40.33571923202409,48.853362577748015,-6.613306727406989,8.575852145280363
2018-03-22 00:00:00-04:00,39.90080183419946,40.52982452051389,39.57220842812468,39.63088607788086,165963200,0.0,0.0,41.48615684509277,40.69318758646647,40.38323974609375,0.12666728587744558,42.88126844749927,40.09104524268628,46.73077536224982,-45.34275378310275,13.04701067387104
2018-03-23 00:00:00-04:00,39.522916102330775,39.88202301847782,38.713165283203125,38.713165283203125,164115200,0.0,0.0,41.362229347229004,40.77470982869466,40.3639253616333,-0.07071308963921297,43.22831016396492,39.49614853049309,43.56698538383718,-105.02821866518104,18.70597749505636
2018-03-26 00:00:00-04:00,39.44781005466082,40.62840402011539,39.06523065201155,40.55094909667969,150164800,0.0,0.0,41.289468955993655,40.902705383300784,40.37512359619141,-0.07794614984201331,43.16329842095334,39.41563949103397,50.508333752150214,-59.94177837623814,12.145958250401188
2018-03-27 00:00:00-04:00,40.76452672958811,41.109551525655114,39.17788469603966,39.511173248291016,163690400,0.0,0.0,41.171525955200195,40.94675229390462,40.36712245941162,-0.16566988406218996,43.18335647972577,39.159695430674624,47.116371663118905,-83.2662912588776,8.159934700218061
2018-03-28 00:00:00-04:00,39.2553474561917,39.905496814461294,38.77184419806612,39.07461929321289,166674000,0.0,0.0,41.03492431640625,40.963494873046876,40.35905310312907,-0.2673361465023234,43.22801763749775,38.841830995314744,45.78102233216878,-146.20695888276492,10.923895134535359
2018-03-29 00:00:00-04:00,39.386786515119255,40.31154688271614,39.173199002522075,39.37974548339844,153594000,0.0,0.0,40.95019359588623,40.96670265197754,40.34426415761312,-0.3196020845645293,43.26446751411416,38.63591967765831,46.869775720356586,-121.22135394210005,7.574678887055256
2018-04-02 00:00:00-04:00,39.11217229534909,39.65200736477822,38.60285074845011,39.121559143066406,150347200,0.0,0.0,40.83835391998291,40.917335255940756,40.32528909047445,-0.37750505367604603,43.282143073527955,38.39456476643786,46.060156817664684,-151.50732066689378,11.459266994460021
2018-04-03 00:00:00-04:00,39.34688194941007,39.60741083952156,38.6990820303163,39.52291488647461,121112000,0.0,0.0,40.73942317962646,40.88572731018066,40.30988655090332,-0.3865515934923849,43.229924405636,38.24892195361693,47.518022235723635,-127.30951848119656,11.459266994380677
2018-04-04 00:00:00-04:00,38.69908517590817,40.37256933160999,38.6732668664508,40.2786865234375,138422000,0.0,0.0,40.68004150390625,40.883849461873375,40.299405225118,-0.32894471668487313,43.1541477540279,38.2059352537846,50.1429576964418,-84.57469869141735,5.116445698887363
2018-04-05 00:00:00-04:00,40.50635822090288,40.89362930170126,40.38900291382461,40.5579948425293,107732800,0.0,0.0,40.65387115478516,40.89738426208496,40.29611117045085,-0.2577814604929216,43.12116525271656,38.18657705685376,51.0784182224901,-23.23639421106085,1.0648509709324374
2018-04-06 00:00:00-04:00,40.12847226740504,40.482883990273784,39.47832289128992,39.52057266235352,140021200,0.0,0.0,40.55341567993164,40.86515057881673,40.27560488382975,-0.2818464170460899,43.03413333057671,38.07269802928657,47.64363923663405,-77.81996264958694,7.510256689203662
2018-04-09 00:00:00-04:00,39.87264768313758,40.62606688890287,39.865606649917375,39.91254806518555,116070800,0.0,0.0,40.43688201904297,40.82251167297363,40.26178716023763,-0.2662201096519041,42.79952891725557,38.074235120830366,48.984519149574716,-51.918306278841506,6.383006017107286
2018-04-10 00:00:00-04:00,40.60493090520861,40.83964148847571,40.25990606129403,40.66360855102539,113634400,0.0,0.0,40.33748168945313,40.77776006062825,40.25663038889567,-0.19102977182989633,42.46320040813569,38.211762970770565,51.44917563363808,-17.37508943004561,4.689236378988092
2018-04-11 00:00:00-04:00,40.42421230284707,40.82087385529702,40.29981595084088,40.47350311279297,89726400,0.0,0.0,40.24911346435547,40.73120905558268,40.24125347137451,-0.14510809172202244,42.1796533572032,38.318573571507734,50.80646384585257,-18.461624806166913,4.689236378969249
2018-04-12 00:00:00-04:00,40.70117504412537,41.074364121464306,40.61432966748776,40.87251281738281,91557200,0.0,0.0,40.19865131378174,40.70007108052572,40.23603318532308,-0.07564607996969386,41.99779452566381,38.39950810189967,52.10554200840349,8.77441840816043,2.614096803881617
2018-04-13 00:00:00-04:00,41.022707312449086,41.27149990829417,40.80442823241848,41.01097106933594,100497200,0.0,0.0,40.15264739990234,40.697958119710286,40.22178293863932,-0.009317109580919691,41.80645866949343,38.498836130311254,52.555294561835815,23.24163822157288,1.0034185542376695
2018-04-16 00:00:00-04:00,41.08138802739284,41.35365312988194,41.03444663281858,41.26681137084961,86313600,0.0,0.0,40.126828575134276,40.69490674336751,40.21117356618245,0.06316512328978519,41.68692658527506,38.56673056499349,53.391904657943165,37.51494476964415,0.32454118054351017
2018-04-17 00:00:00-04:00,41.42408000955185,41.999120331657075,41.40530272955087,41.83482360839844,106421600,0.0,0.0,40.16133136749268,40.706016540527344,40.21314767201741,0.16454488453665306,41.84207622426048,38.480586510724876,55.20602840360832,76.79054688907806,4.8722506486525345
2018-04-18 00:00:00-04:00,41.733883804966865,41.97094376098303,41.515604704784465,41.74092483520508,83018000,0.0,0.0,40.19184322357178,40.715170033772786,40.219245020548506,0.23460781660312335,41.966230286288486,38.417456160855075,54.84099186661697,75.42179066899834,4.872250648634123
2018-04-19 00:00:00-04:00,40.78331502653571,41.16589447365878,40.525135499803376,40.5579948425293,139235200,0.0,0.0,40.20979824066162,40.697723134358725,40.20547084808349,0.19246204810438883,41.991737132305666,38.427859349017574,50.490098578012834,0.3557996072831325,3.349172936230175
2018-04-20 00:00:00-04:00,40.04163301530664,40.1871524529709,38.82817596401007,38.896244049072266,261964400,0.0,0.0,40.17306613922119,40.60994186401367,40.174987411499025,0.024687242559181755,42.03379632362003,38.31233595482235,45.270700149436315,-103.64439444078937,15.139975211172267
2018-04-23 00:00:00-04:00,39.15676207117359,39.17788516145341,38.51365386526357,38.783573150634766,146062000,0.0,0.0,40.17658653259277,40.49462025960286,40.15474268595378,-0.11602958265853403,42.02591854761135,38.3272545175742,44.94481620816659,-130.81304723020972,17.079531832294972
2018-04-24 00:00:00-04:00,38.88450667946601,39.03941654299841,37.84004517183039,38.24374771118164,134768000,0.0,0.0,40.06122646331787,40.34769134521484,40.1239424387614,-0.2680185311170078,42.091248342998874,38.03120458363687,43.396480587212885,-152.7156413599359,21.07610346923777
2018-04-25 00:00:00-04:00,38.16864489208386,38.82583543069064,38.119357660993536,38.410396575927734,113528400,0.0,0.0,40.00618762969971,40.22000897725423,40.10975011189779,-0.37074992282276753,42.15520416195422,37.8571710974452,44.01243608653881,-137.305728632031,21.076103469127567
2018-04-26 00:00:00-04:00,38.52070551465223,38.89858975322706,38.34467255099439,38.5441780090332,111852000,0.0,0.0,39.97966556549072,40.10875638326009,40.10164483388265,-0.4363403869277249,42.18932743212712,37.77000369885432,44.51386241952882,-119.15011570811417,20.405340254918713
2018-04-27 00:00:00-04:00,38.49254441988215,38.56999935976334,37.70157072022894,38.09823226928711,142623200,0.0,0.0,39.91558990478516,39.98099581400553,40.08431498209635,-0.5183304062839724,42.268198748752454,37.56298106081786,43.18030802545007,-145.27476898079993,24.24309507663231
2018-04-30 00:00:00-04:00,38.05363485006051,39.257697923260864,37.98556676309641,38.78827667236328,169709600,0.0,0.0,39.89892578125,39.881165440877275,40.07712230682373,-0.5216144245509255,42.27976801097775,37.51808355152225,45.78040759381795,-97.89641465928558,17.951807684084574
2018-05-01 00:00:00-04:00,39.05819542045914,39.71303647925035,38.79062545495093,39.68956756591797,214277600,0.0,0.0,39.90725841522217,39.832658767700195,40.11331380208333,-0.4463452003505779,42.283722139113756,37.53079469133058,48.937616980278946,-38.87566301091329,13.997925038347752
2018-05-02 00:00:00-04:00,41.128337096986456,41.71980880691432,40.79270266081835,41.44285202026367,266157600,0.0,0.0,39.96546669006348,39.84306424458821,40.19434922536214,-0.2424238836036281,42.43542637489075,37.495507005236206,54.293551619048955,113.34472329006894,1.1146377212076024
2018-05-03 00:00:00-04:00,41.28088799663565,41.66111789845008,40.94290426995688,41.5179443359375,136272800,0.0,0.0,40.01346416473389,39.88703257242839,40.251156679789226,-0.0739035346614827,42.5677732623867,37.45915506708108,54.50498055123952,111.48752244981266,1.1146377212021328
2018-05-04 00:00:00-04:00,41.83716129232139,43.24542478603207,41.81838401597067,43.146846771240234,224805200,0.0,0.0,40.19477787017822,40.00423126220703,40.348709424336754,0.18891121829069135,43.093380162034016,37.296175578322426,58.78338729650909,187.34945942333366,11.07453864163739
2018-05-07 00:00:00-04:00,43.46371415611706,44.04814493310454,43.36279030101084,43.459022521972656,169805600,0.0,0.0,40.372101593017575,40.16242650349935,40.46856816609701,0.41757028726274825,43.61184712722501,37.13235605881014,59.53777623501911,216.22573212297536,15.533713669740836
2018-05-08 00:00:00-04:00,43.41911884558,43.70781190513855,43.10929910837584,43.667911529541016,113611200,0.0,0.0,40.52231674194336,40.26632525126139,40.58451531728109,0.6086240052974432,44.081792246247325,36.96284123763939,60.04400249538664,181.3872557346444,13.671616261466609
2018-05-09 00:00:00-04:00,43.78525732674539,43.98475916138972,43.47309184046762,43.975372314453125,92844800,0.0,0.0,40.69741020202637,40.41513188680013,40.680942090352374,0.7759008668811802,44.5769087719975,36.817911632055235,60.79093069867357,176.08627294374045,15.216034203234944
2018-05-10 00:00:00-04:00,44.06456158540956,44.6818479195201,44.043434913260626,44.604393005371094,111957200,0.0,0.0,40.88400421142578,40.5994576772054,40.78147627512614,0.9482943506809107,45.13971061444429,36.628297808407275,62.2831437167609,187.09864493768853,18.9897191126313
2018-05-11 00:00:00-04:00,44.64682115330001,44.7811202353957,44.16616310265883,44.43476486206055,104848800,0.1825,0.0,41.05519390106201,40.767958323160805,40.86733048756917,1.0590221074601374,45.59816042814943,36.512227373974596,61.62883235105993,167.3260885501625,19.517455376891522
2018-05-14 00:00:00-04:00,44.53371864959899,44.65623981059255,44.26276205405801,44.33108901977539,83115200,0.0,0.0,41.2084077835083,40.9416093190511,40.92947228749593,1.1254355578887996,45.98224669143422,36.43456887558238,61.22217780287294,148.9634543171089,19.51745537683938
2018-05-15 00:00:00-04:00,44.00830061465196,44.076631181678145,43.61246796024898,43.928192138671875,94780800,0.0,0.0,41.313076210021975,41.08845189412435,40.98708960215251,1.1325034894142334,46.23426617474377,36.39188624530018,59.640129063326924,115.10119381162332,14.297788374126762
2018-05-16 00:00:00-04:00,43.841004468520254,44.40412571212167,43.82450964779101,44.33815002441406,76732400,0.0,0.0,41.44293746948242,41.223767344156904,41.05380840301514,1.157838213096909,46.54539846248838,36.34047647647647,60.70887420493579,116.97125026692386,16.204348215023465
2018-05-17 00:00:00-04:00,44.295744112587485,44.510155226195536,43.9093345737116,44.05777359008789,69176000,0.0,0.0,41.61792640686035,41.34042663574219,41.11890544891357,1.1421264068268755,46.831442965312924,36.404409848407774,59.59241996582052,105.71994420222941,16.824077493683703
2018-05-18 00:00:00-04:00,44.10489541890773,44.25097597581326,43.85514339766552,43.897552490234375,73190800,0.0,0.0,41.867991828918456,41.48632596333822,41.17573827107747,1.1040197311930697,47.01114408199609,36.72483957584082,58.951527352019724,91.78620017598698,16.36904431869331
2018-05-21 00:00:00-04:00,44.29574904119214,44.59498196956539,44.0389288058782,44.20857238769531,73603200,0.0,0.0,42.139241790771486,41.62952677408854,41.22601922353109,1.086393356278073,47.168424410351925,37.11005917119105,59.81929512571,93.94973706325727,18.454829772506695
2018-05-22 00:00:00-04:00,44.385286984121706,44.50309483483212,44.008300423764275,44.09783554077149,60962800,0.0,0.0,42.431946182250975,41.74400100708008,41.26088053385417,1.0513692587264956,47.18008527008583,37.68380709441612,59.357119995119874,84.6358061196062,18.18334831705969
2018-05-23 00:00:00-04:00,43.90698701129441,44.41355932680517,43.76797101632021,44.38057327270508,80233600,0.0,0.0,42.730455017089845,41.87423667907715,41.30272286732991,1.0345018873092684,47.153601161010144,38.307308873169546,60.16993400493903,77.98109307787635,16.02488506823071
2018-05-24 00:00:00-04:00,44.47717318699425,44.49366441518397,43.87399761781053,44.33108901977539,92936000,0.0,0.0,43.01980056762695,41.989522552490236,41.34479681650797,1.0055500532038337,47.02749712799212,39.01210400726178,59.95285238139846,74.03445828577682,16.550404824759
2018-05-25 00:00:00-04:00,44.3499366417125,44.68451046232307,44.21327912142766,44.432403564453125,69844000,0.0,0.0,43.33650913238525,42.103570302327476,41.40076421101888,0.9794898043695497,46.647107013875825,40.02591125089468,60.25654704308772,75.57768096482704,17.81794507546804
2018-05-29 00:00:00-04:00,44.20150444915725,44.472461051919346,44.02950240859062,44.272186279296875,90056400,0.0,0.0,43.610704612731936,42.20374946594238,41.449328104654946,0.9351290874713101,46.15486974579608,41.066539479667796,59.51817372542773,65.45290216996133,16.061811936417623
2018-05-30 00:00:00-04:00,44.229779925474894,44.295752034505206,44.00830059006872,44.17794418334961,74762000,0.0,0.0,43.835123443603514,42.28185348510742,41.49393501281738,0.8821989103105636,45.59340345381709,42.07684343338994,59.07766561966416,58.860162870099224,15.85571603704542
2018-05-31 00:00:00-04:00,44.11197362013253,44.34994419353032,43.85750822129398,44.02950668334961,109931200,0.0,0.0,43.964456176757814,42.35813954671224,41.536654790242515,0.8188346813634197,45.31510038848298,42.613811965032646,58.37371276219517,53.353836468437024,14.361581636392136
2018-06-01 00:00:00-04:00,44.293396778992886,44.828241829945235,44.23684771666393,44.82353210449219,93770000,0.0,0.0,44.12973556518555,42.500324122111,41.59902362823486,0.8231999523208913,44.90723286241893,43.35223826795217,60.94867050356998,66.90196211360814,17.838409312993566
2018-06-04 00:00:00-04:00,45.15339070780669,45.57278634857579,45.08506373956886,45.19815826416016,105064800,0.0,0.0,44.23230113983154,42.7103879292806,41.66016489664714,0.8471235482602779,45.005053904078885,43.4595483755842,62.093147594975434,84.64762907005236,22.880323177884396
2018-06-05 00:00:00-04:00,45.49032571725215,45.69531022935619,45.32303698544506,45.546871185302734,86264000,0.0,0.0,44.336693572998044,42.935831197102864,41.71522572835286,0.8840308316855854,45.22505415011816,43.44833299587793,63.13353706672495,90.65806221660898,23.677641412003197
2018-06-06 00:00:00-04:00,45.622271460181125,45.72829781152777,45.219367010811325,45.704734802246094,83734400,0.0,0.0,44.4385347366333,43.18453076680501,41.766111056009926,0.915465478094788,45.460963360030206,43.416106113236395,63.60138035607463,91.64500108277882,22.568464690174896
2018-06-07 00:00:00-04:00,45.74243513194571,45.756571499725034,45.31832612251338,45.582218170166016,85388800,0.0,0.0,44.518877029418945,43.423591486612956,41.821800231933594,0.919887700749797,45.63619110803855,43.40156295079934,62.9599206781003,93.44378743142461,22.76389083660093
2018-06-08 00:00:00-04:00,45.04265021927023,45.23821166989341,44.71278969726127,45.16752624511719,106627200,0.0,0.0,44.54703369140625,43.644369761149086,41.87656307220459,0.8797885170625079,45.70119622072853,43.39287116208397,60.81234557188399,72.89177544548649,16.262794230322598
2018-06-11 00:00:00-04:00,45.08506572699524,45.23114631083224,44.81646397224416,45.05678939819336,73234000,0.0,0.0,44.57813491821289,43.876321665445964,41.92865873972575,0.8295119891533318,45.752898840639496,43.40337099578628,60.24467978421708,75.87717311943366,16.26279423026159
2018-06-12 00:00:00-04:00,45.094482345524824,45.381933746768155,45.03793329119162,45.30418014526367,67644400,0.0,0.0,44.6267894744873,44.09351844787598,41.98734194437663,0.8004032933878946,45.83849540352248,43.41508354545213,61.084219539082035,95.34805243442437,17.42804643216599
2018-06-13 00:00:00-04:00,45.33717074386563,45.44555554341027,44.870652683238966,44.93191146850586,86553600,0.0,0.0,44.67697544097901,44.268263244628905,42.050461006164554,0.7387792835352869,45.84935826391084,43.50459261804718,59.14009393223701,86.77962707664268,15.582197672583458
2018-06-14 00:00:00-04:00,45.13218279322,45.13689611332946,44.818813517322575,44.95547103881836,86440400,0.0,0.0,44.70784149169922,44.3853505452474,42.114207394917806,0.6839586229231571,45.875158696594895,43.540524286803546,59.225055554417445,70.72598814720226,15.002678381897981
2018-06-15 00:00:00-04:00,44.77405853621199,44.80468973270955,44.357017672066355,44.493675231933594,246876800,0.0,0.0,44.7296365737915,44.48454157511393,42.18578707377116,0.5963751506929498,45.86159048005637,43.597682667526634,56.828976498745554,13.48190092859659,9.923619560675615
2018-06-18 00:00:00-04:00,44.26747079397459,44.583194911549555,44.107250277682624,44.47010040283203,73939600,0.0,0.0,44.758263969421385,44.52865002950033,42.26644064585368,0.5190787100065606,45.82891284934427,43.6876150894985,56.70781617814273,-17.191407793528743,7.272837429961764
2018-06-19 00:00:00-04:00,43.62188314112478,43.90226635171033,43.2236921005594,43.75147247314453,134314000,0.0,0.0,44.73540897369385,44.538398361206056,42.350412432352705,0.39527694915176426,45.87289411573598,43.59792383165172,53.13546719310714,-127.51331057772794,1.42612595936111
2018-06-20 00:00:00-04:00,43.90697324221414,44.10724436672811,43.76088910968787,43.94231414794922,82514800,0.0,0.0,44.72763290405273,44.54754511515299,42.406935183207196,0.3090005242596163,45.885415203816024,43.56985060428944,53.932719735293816,-86.60310150956302,0.5100828581181607
2018-06-21 00:00:00-04:00,44.11903132362873,44.37820998177126,43.574759736739,43.69728088378906,102847600,0.0,0.0,44.693468284606936,44.538275400797524,42.47670364379883,0.21833684808051146,45.931889586811124,43.45504698240275,52.74099749795572,-95.26203223356752,3.0412425974709834
2018-06-22 00:00:00-04:00,43.852787370982426,43.85985555346904,43.51821355084701,43.57004928588867,108801600,0.0,0.0,44.655416297912595,44.50379727681478,42.55162747701009,0.13466635496716606,45.984191532923816,43.32664106290137,52.12235472732862,-120.94880795757625,2.4784022525039973
2018-06-25 00:00:00-04:00,43.21191397426476,43.570050812040066,42.58282054445238,42.9221076965332,126652400,0.0,0.0,44.5799015045166,44.4533753712972,42.610666847229005,0.015890242351801476,46.11732118611565,43.042481822917544,49.088890016671776,-189.0730194903429,6.281763062247417
2018-06-26 00:00:00-04:00,43.11531391910178,43.94939183167297,43.009283988552895,43.45459747314453,98276800,0.0,0.0,44.539022064208986,44.4241589864095,42.6828841527303,-0.034871233982997296,46.15249034536389,42.925553783054085,51.48911941971821,-119.69453834869586,2.602205526811596
2018-06-27 00:00:00-04:00,43.64308664748483,44.12609945793199,43.360348581313914,43.3909797668457,101141200,0.0,0.0,44.49967384338379,44.40625190734863,42.74735190073649,-0.0793191451867159,46.18691623565016,42.81243145111742,51.19084058597469,-97.85156606182899,0.9185372173158591
2018-06-28 00:00:00-04:00,43.37685785690985,43.874007197044854,43.30617241801084,43.70671844482422,69460800,0.0,0.0,44.48353443145752,44.38520418802897,42.80448576609294,-0.08805195435161295,46.1957044440514,42.77136441886364,52.600624742760125,-92.53312616791256,1.4315333030051585
2018-06-29 00:00:00-04:00,43.89284718810203,44.104903475310294,43.09646856653667,43.61482238769531,90950800,0.0,0.0,44.423098945617674,44.37043914794922,42.8554328918457,-0.10122119737881263,46.1697204941451,42.676477397090245,52.147128136092924,-90.54736338052311,0.8321949261824542
2018-07-02 00:00:00-04:00,43.31087761470998,44.13081920457902,43.216629182120954,44.102542877197266,70925200,0.0,0.0,44.36831817626953,44.37727216084798,42.9317990620931,-0.07147898466345737,46.080982032580465,42.6556543199586,54.30986156509128,-64.24343333482435,1.0885062625697692
2018-07-03 00:00:00-04:00,44.24626602094871,44.283965391794474,43.24489940232112,43.334434509277344,55819200,0.0,0.0,44.257696342468265,44.348134231567386,42.98883050282796,-0.10863570792950838,45.9352865622959,42.58010612264063,50.58514893565185,-81.82707828527673,2.6270207266944547
2018-07-05 00:00:00-04:00,43.65016900130516,43.92112924889861,43.419266591740104,43.68315505981445,66416800,0.0,0.0,44.15661735534668,44.33431154886882,43.03915627797445,-0.1086909234605713,45.705797487616174,42.60743722307719,52.127139636837825,-71.9132652710735,2.6270207266782593
2018-07-06 00:00:00-04:00,43.68786407155159,44.39706605714836,43.63602832826301,44.2886848449707,69940800,0.0,0.0,44.09194068908691,44.33124860127767,43.10274264017741,-0.059191170163778395,45.491282516027475,42.69259886214635,54.66816383040657,-23.74126643868693,7.416392397264713
2018-07-09 00:00:00-04:00,44.64916777229769,44.92719252665673,44.60204535912611,44.90363311767578,79026400,0.0,0.0,44.07874603271485,44.35033340454102,43.169927978515624,0.029320933747939648,45.439838990375776,42.71765307505392,57.06248633823555,50.34110352418848,12.382156613058301
2018-07-10 00:00:00-04:00,44.93426330823316,45.06856236255624,44.809383703042094,44.84944152832031,63756400,0.0,0.0,44.068378639221194,44.364234670003256,43.23390248616536,0.09401090622309027,45.4009645505313,42.73579272791109,56.78904732385015,57.680560694322836,13.65967220572006
2018-07-11 00:00:00-04:00,44.41356335394152,44.7151511888342,44.20386550631754,44.26748275756836,75326000,0.0,0.0,44.016543769836424,44.36407788594564,43.283913675944014,0.09719852224792902,45.22124331886392,42.81184422080893,53.91871043761331,3.468957415977916,6.762275970139882
2018-07-12 00:00:00-04:00,44.65624668107368,45.09920538074771,44.604410935570954,45.00967025756836,72164400,0.0,0.0,44.020431709289554,44.391802088419595,43.33682778676351,0.15779410719903808,45.238003031457026,42.80286038712208,56.799439071130685,53.47400641922843,10.332554843044825
2018-07-13 00:00:00-04:00,45.02144504787517,45.20051167231687,44.97903235551187,45.08034896850586,50055600,0.0,0.0,44.026675605773924,44.42683016459147,43.39248485565186,0.2091092449170162,45.26553127175934,42.787819939788506,57.0638618991443,67.53206093206086,11.259807333547222
2018-07-16 00:00:00-04:00,45.125113793493355,45.39135705389442,44.8659351203138,44.981388092041016,60172400,0.0,0.0,44.0510612487793,44.4320920308431,43.46620807647705,0.23903608637502316,45.34652865512873,42.75559384242987,56.56240272706966,63.83640071980873,13.012827533472793
2018-07-17 00:00:00-04:00,44.708081328191334,45.20758548689798,44.578491967618255,45.10862731933594,62138000,0.0,0.0,44.08298759460449,44.429107666015625,43.56974779764811,0.26990912175880766,45.45135861263237,42.71461657657661,57.0642530281661,54.389406712859646,9.63822883932972
2018-07-18 00:00:00-04:00,45.18637208262621,45.19108540259918,44.750481662975155,44.86122131347656,65573600,0.0,0.0,44.138475036621095,44.40625267028808,43.67104193369548,0.2712854182814439,45.539846900200395,42.737103173041795,55.76824455588578,54.90031044322525,9.638228839284077
2018-07-19 00:00:00-04:00,44.69393913236674,45.36780012426097,44.69393913236674,45.209938049316406,81147200,0.0,0.0,44.201856231689455,44.38975944519043,43.78714510599772,0.29709000082877424,45.67851427218883,42.72519819119008,57.18604422165182,74.46212080860936,11.379222642964862
2018-07-20 00:00:00-04:00,45.1863630250708,45.33951173900121,44.80702173550467,45.10625457763672,82704800,0.0,0.0,44.272304916381835,44.37389399210612,43.89874273935954,0.3056505791483417,45.7816822605494,42.76292757221427,56.62774126291301,77.14324584307408,11.379222642896522
2018-07-23 00:00:00-04:00,44.92719589230041,45.22878726865295,44.66330748260312,45.14632034301758,63957600,0.0,0.0,44.35111846923828,44.3731871287028,44.008778444925944,0.31207051690319076,45.8706788846785,42.83155805379806,56.79635286459668,69.5594792412527,9.542395248716588
2018-07-24 00:00:00-04:00,45.34423421199465,45.62933074980564,45.24998938365914,45.47382354736328,74791600,0.0,0.0,44.47870426177978,44.387088267008465,44.13170496622721,0.3396696352412292,45.91952899136626,43.0378795321933,58.171389345358214,113.51187744288387,13.648293412260585
2018-07-25 00:00:00-04:00,45.487959243995,45.90971329334485,45.33952022609749,45.902645111083984,66839600,0.0,0.0,44.60110664367676,44.407037099202476,44.250277773539224,0.39162998505939584,46.09072344339407,43.11148984395945,59.90009660551047,136.8760440140726,16.39627168816835
2018-07-26 00:00:00-04:00,45.85316741037176,46.17125001494184,45.617551731493165,45.7589225769043,76304000,0.0,0.0,44.719503784179686,44.43460413614909,44.351433690388994,0.41641159560847285,46.180276796347634,43.25873077201174,59.053906091831784,142.2795770015441,18.88706364501707
2018-07-27 00:00:00-04:00,45.9427001529024,45.98982256720947,44.790539686327264,44.99787902832031,96096000,0.0,0.0,44.78406181335449,44.436017735799155,44.41068414052327,0.37037192939254737,46.168503815138294,43.39961981157069,54.8123342594652,81.05102654084199,8.329560778442026
2018-07-30 00:00:00-04:00,45.21463849435372,45.28532390323262,44.54784941734162,44.74576568603515,84118000,0.0,0.0,44.84060897827148,44.44442075093587,44.4644811630249,0.309968597452567,46.1117147951502,43.56950316139277,53.495577207184574,39.952471015983924,5.485855260946719
2018-07-31 00:00:00-04:00,44.83765127319428,45.271183132465225,44.611458705847895,44.83529281616211,157492000,0.0,0.0,44.87724647521973,44.45659383138021,44.492621930440265,0.26625340933362196,46.10010447854945,43.65438847189001,53.90238373554052,42.03924985900249,5.485855260906223
2018-08-01 00:00:00-04:00,46.918150683987434,47.53781746675014,46.48932842822588,47.476558685302734,271742800,0.0,0.0,45.084352684021,44.58076337178548,44.55958086649577,0.43966866279770045,46.57970398062496,43.589001387417035,63.61606829998995,231.61027120561033,25.129568586775807
2018-08-02 00:00:00-04:00,47.25979195423673,49.097594916163985,47.20560135629759,48.86433410644531,249616000,0.0,0.0,45.34341163635254,44.74483070373535,44.64618790944417,0.6812305768815321,47.4760666449641,43.210756627740984,67.35503860727854,297.5537521444475,34.77932787050217
2018-08-03 00:00:00-04:00,48.7795141514494,49.182418547865296,48.41430912684515,49.005706787109375,133789600,0.0,0.0,45.57926273345947,44.92177823384603,44.73002681732178,0.8740027681183378,48.20670795844849,42.951817508470455,67.7047825168487,296.3057721989931,35.24882321705135
2018-08-06 00:00:00-04:00,49.008063284816416,49.30258289590306,48.7889424198688,49.26017379760742,101701600,0.0,0.0,45.79708976745606,45.11144905090332,44.80762316385905,1.0353743288351325,48.87280563615725,42.72137389875486,68.3364419236507,265.7433101476049,35.9247788083337
2018-08-07 00:00:00-04:00,49.319086523265995,49.36149562913163,48.71590723211677,48.79837417602539,102349600,0.0,0.0,45.99453639984131,45.30732460021973,44.880349985758464,1.1131671848963336,49.311640430446936,42.67743236923568,65.91607378329854,212.86156936049426,35.03842394445003
2018-08-08 00:00:00-04:00,48.54861791475128,48.963300271358555,48.18812616495275,48.831356048583984,90102000,0.0,0.0,46.22273006439209,45.486549886067706,44.95535443623861,1.1640613703917353,49.66514309283037,42.78031703595381,66.00503253665693,167.9005487045181,28.761595479533582
2018-08-09 00:00:00-04:00,49.368557091360415,49.427461016071646,48.81957208162651,49.21540832519531,93970400,0.0,0.0,46.43301696777344,45.680697504679365,45.043474706013996,1.2213067244509546,50.07165994415023,42.794373991396654,67.04124349565896,166.28372475410976,31.651922998409578
2018-08-10 00:00:00-04:00,49.02862623567317,49.44003672333354,48.86548063525924,49.06882095336914,98444800,0.1825,0.0,46.6324405670166,45.85943425496419,45.12231922149658,1.2405454682040826,50.394048268262225,42.87083286577098,66.24396628566103,144.24547660249968,31.729557158789383
2018-08-13 00:00:00-04:00,49.48967807024764,49.87744283435731,49.10900627803238,49.385643005371094,103563600,0.0,0.0,46.8526533126831,46.05179494222005,45.211117045084634,1.266754841752082,50.72143023596853,42.98387638939767,67.11827338346316,139.00881644248284,34.410197614140436
2018-08-14 00:00:00-04:00,49.690657765657285,49.785233134291715,49.24141574509612,49.59371566772461,82992000,0.0,0.0,47.07690773010254,46.23483403523763,45.3060530980428,1.2894516876341058,51.03886660191823,43.11494885828685,67.68688315868994,126.39121487373603,34.41019761396668
2018-08-15 00:00:00-04:00,49.46839996655359,49.82779284898479,49.25796671198787,49.709571838378906,115230400,0.0,0.0,47.31932525634765,46.44733861287435,45.397736422220866,1.3017815983045935,51.30370633762187,43.33494417507344,68.00556807863717,115.77806218002694,34.67727095717068
2018-08-16 00:00:00-04:00,50.06660467992453,50.55367473143679,50.000401193766706,50.43782043457031,114001600,0.0,0.0,47.58071937561035,46.672494125366214,45.50340283711751,1.3547005719072303,51.66706634620927,43.49437240501143,69.93374025001191,128.39481884708903,39.05569533224595
2018-08-17 00:00:00-04:00,50.466179578876776,51.53253166882398,50.39997610944165,51.44504928588867,141708000,0.0,0.0,47.897659111022946,46.91103960673014,45.6211441040039,1.4610718633317603,52.155596680241594,43.6397215418043,72.32046306918559,140.73599573487317,44.266956244596926
2018-08-20 00:00:00-04:00,51.56800483956419,51.82335904051192,50.86104191692848,50.94379806518555,121150800,0.0,0.0,48.18753299713135,47.112378438313804,45.73135592142741,1.4877749502512216,52.44617656041627,43.92888943384643,69.48098141398708,130.58252794625508,45.69419060962169
2018-08-21 00:00:00-04:00,51.26061877491701,51.35283099702867,50.60567352114959,50.844478607177734,104639200,0.0,0.0,48.45606575012207,47.31221300760905,45.83822383880615,1.4838185521817806,52.67130521898096,44.24082628126318,68.92627291660887,112.17518947817413,42.38216824086403
2018-08-22 00:00:00-04:00,50.622235974791955,51.15659362058982,50.5607587429564,50.84685516357422,76072400,0.0,0.0,48.70327625274658,47.531525421142575,45.94780165354411,1.4639987798207557,52.86760634638266,44.53894615911051,68.93241256420815,102.03977889254371,41.795679885799146
2018-08-23 00:00:00-04:00,50.75227555879988,51.31973854252035,50.74045634465841,50.950889587402344,75532800,0.0,0.0,48.96287460327149,47.72956606547038,46.06068407694499,1.4400857637199636,52.99974508014225,44.92600412640073,69.20792502846523,99.60324528557554,42.68282793879481
2018-08-24 00:00:00-04:00,51.21334139829706,51.28427111585805,50.861041500529375,51.10930633544922,73905600,0.0,0.0,49.26844596862793,47.93053131103515,46.178680737813316,1.4175764943829705,52.95129490899426,45.5855970282616,69.63214886594693,96.05084852390446,42.68282793862022
2018-08-27 00:00:00-04:00,51.343371637166726,51.71931710624487,51.14949110049513,51.5301628112793,82100400,0.0,0.0,49.607665824890134,48.148823801676436,46.29045791625977,1.4173589054315059,52.746065062467565,46.4692665873127,70.74001279321652,101.91645922087596,45.071975566146946
2018-08-28 00:00:00-04:00,51.78315877144107,52.14491472640033,51.7618798582831,51.94630432128906,91107200,0.0,0.0,49.963216400146486,48.376746368408206,46.402927017211915,1.43423266525172,52.34519802010419,47.58123478018878,71.79261778353036,111.51360345726897,47.295260768187106
2018-08-29 00:00:00-04:00,52.05271233047196,52.84243146580002,51.87774753435485,52.72184371948242,109019200,0.0,0.0,50.22548065185547,48.638767115275066,46.52250989278158,1.4929747063883738,52.609710878346235,47.841250425364706,73.62205824904696,122.7041854916323,50.67983774070874
2018-08-30 00:00:00-04:00,52.78568028191906,53.970253487975114,52.58470312439228,53.206546783447266,195175200,0.0,0.0,50.44259128570557,48.905320739746095,46.64754009246826,1.5606494878072965,53.082085864021614,47.80309670738952,74.6836364170859,141.07555824256937,55.463693896125626
2018-08-31 00:00:00-04:00,53.556475387508385,54.11447864417697,53.43589126797498,53.821292877197266,173360400,0.0,0.0,50.68337059020996,49.19582201639811,46.784858004252115,1.6449254352830067,53.6314982440215,47.73524293639842,75.95335877488702,150.60953340335402,56.027921480684675
2018-09-04 00:00:00-04:00,54.00573456833609,54.18779236627043,53.5848679685138,53.99391174316406,109560400,0.0,0.0,50.920057487487796,49.49074172973633,46.93196442921956,1.7059781761997002,54.1350944936796,47.70502048129599,76.29865840290009,145.16314879192674,56.318926800931024
2018-09-05 00:00:00-04:00,54.14285726319419,54.30363609852174,53.22309798700196,53.641597747802734,133332000,0.0,0.0,51.16221866607666,49.763000869750975,47.07504456837972,1.7062653533426442,54.43348430249918,47.89095302965414,74.05347399851318,129.04754886465955,51.21062259898776
2018-09-06 00:00:00-04:00,53.49027852572328,53.75509604813016,52.324621069428616,52.75021743774414,137160000,0.0,0.0,51.358161735534665,49.99125328063965,47.19914518992106,1.6159384690671459,54.508818991343354,48.207504479725976,68.75788781690315,97.35031713565675,39.498580399846006
2018-09-07 00:00:00-04:00,52.45465930046942,53.2869325453365,52.18511556397365,52.324615478515625,150479200,0.0,0.0,51.51362209320068,50.21010971069336,47.322356923421225,1.492803135989,54.522760023106606,48.504484163294755,66.41214732493856,81.30204611026207,37.78439403186908
2018-09-10 00:00:00-04:00,52.24186001307081,52.45465998116174,51.18260084633692,51.62238311767578,158066000,0.0,0.0,51.641300201416016,50.43092651367188,47.433472124735516,1.32329904697486,54.42166632635892,48.860934076473114,62.75767433662384,48.79994602421998,26.25127708718442
2018-09-11 00:00:00-04:00,51.54672332040395,53.03394564193792,51.203883114038426,52.927547454833984,142996000,0.0,0.0,51.81839542388916,50.70365257263184,47.57403666178386,1.2795320406319632,54.44051823810176,49.196272609676555,66.32091483559226,68.4062285455104,29.765447076048947
2018-09-12 00:00:00-04:00,53.18526639470711,53.19945233807959,51.97941069858313,52.27023696899414,197114800,0.0,0.0,51.95222148895264,50.951484044392906,47.70403893788656,1.1782250648190242,54.36078212929388,49.543660848611395,63.17199535270404,69.48184186326847,30.740866418488203
2018-09-13 00:00:00-04:00,52.84951587627025,53.991531148163254,52.62489670197329,53.532833099365234,166825600,0.0,0.0,52.143384552001955,51.15335985819499,47.867061614990234,1.1861463555385612,54.40489406072534,49.88187504327857,66.34705089335318,104.37718374362157,35.196553927184056
2018-09-14 00:00:00-04:00,53.376787478992235,53.63450842198434,52.61308074363496,52.9251823425293,127997200,0.0,0.0,52.2677526473999,51.28872146606445,48.0167760848999,1.130361592958259,54.404470757481455,50.13103453731835,63.61646696509627,83.50480939702715,35.062464000671284
2018-09-17 00:00:00-04:00,52.525599981840585,52.71475434346737,51.37176523077403,51.515995025634766,148780400,0.0,0.0,52.27129993438721,51.37239774068197,48.147087987263994,0.9613601657375597,54.402495663757314,50.1401042050171,57.89972791443316,24.13184088035828,21.92095124292617
2018-09-18 00:00:00-04:00,51.494718174599384,52.454676034287246,51.33630241652547,51.60111999511719,126286800,0.0,0.0,52.30416603088379,51.45042928059896,48.28093916575114,0.8247865645890329,54.36838520057602,50.23994686119156,58.13482284046804,17.17982385397285,21.5713634563433
2018-09-19 00:00:00-04:00,51.66257836751287,51.92739226002057,50.90596466904896,51.631839752197266,108495200,0.0,0.0,52.34353408813477,51.54487813313802,48.42610136667887,0.7108357572501163,54.31864725365723,50.3684209226123,58.221917379034075,-3.2555880981627983,17.347487026617905
2018-09-20 00:00:00-04:00,52.07398454389715,52.55632461019828,51.81626003598558,52.02433013916016,106435200,0.0,0.0,52.402407836914065,51.65131060282389,48.5689302444458,0.6447671412608216,54.2561444940109,50.548671179817234,59.339914739451935,27.730491644124395,21.472446920680994
2018-09-21 00:00:00-04:00,52.20166425202721,52.3388010443892,51.376480376679865,51.463966369628906,384986800,0.0,0.0,52.42806167602539,51.72626253763835,48.70348002115885,0.5409548235714396,54.2100308907449,50.646092461305884,57.08375878410098,-1.455719259968725,17.239977248848238
2018-09-24 00:00:00-04:00,51.265350143429465,52.3151494694153,51.22042559146119,52.20402145385742,110773600,0.0,0.0,52.4827974319458,51.83076922098795,48.84510173797607,0.512491392515976,54.158278582246766,50.80731628164483,59.20294104580897,4.994304479609076,15.759378190655308
2018-09-25 00:00:00-04:00,51.958126598742545,52.68400522996359,51.94630377783899,52.5350456237793,98217600,0.0,0.0,52.5330415725708,51.93574930826823,48.99377212524414,0.5107571123094132,54.147391944345316,50.91869120079629,60.114286257142766,33.63896956764401,18.282732957855803
2018-09-26 00:00:00-04:00,52.253691077014246,52.90390668996351,51.96050164726947,52.116554260253906,95938800,0.0,0.0,52.541554069519044,52.019843928019206,49.12733898162842,0.47019382545826005,54.14463371495968,50.93847442407841,58.407906266863485,23.71161553852934,19.764962983102606
2018-09-27 00:00:00-04:00,52.92045647589352,53.53993343518666,52.8542493888135,53.1876335144043,120724800,0.0,0.0,52.564843559265135,52.13577931722005,49.2915589650472,0.5184973580232466,54.192300208880404,50.93738690964987,61.315248958007565,88.2653695804007,23.895284519507197
2018-09-28 00:00:00-04:00,53.14979737223942,53.398062202116094,52.96773962377275,53.374420166015625,91717600,0.0,0.0,52.57323722839355,52.233665974934894,49.453080050150554,0.5653335639161128,54.21628600724044,50.93018844954666,61.79700847270112,87.19022235683975,23.89528451942111
2018-10-01 00:00:00-04:00,53.89695599056796,54.244526037328285,53.51865093552065,53.73381042480469,94403200,0.0,0.0,52.56886310577393,52.30995801289876,49.61049880981445,0.6242553576795515,54.198331776597385,50.93939443495047,62.721063283810544,128.79438024770698,29.093847034081872
2018-10-02 00:00:00-04:00,53.73144877171672,54.381664323409666,53.584855874564354,54.21142578125,99152800,0.0,0.0,52.579738807678225,52.41887893676758,49.76562868754069,0.7014055053567532,54.25160707337624,50.90787054198021,63.92081750370932,136.73544370094024,29.89642171859967
2018-10-03 00:00:00-04:00,54.39348370673561,55.20211492695663,54.3296433555075,54.871097564697266,114619200,0.0,0.0,52.64121379852295,52.55309956868489,49.93265628814697,0.8064809427536943,54.55097425026535,50.73145334678055,65.50692830811099,179.30839420644241,34.48580096645779
2018-10-04 00:00:00-04:00,54.566089500033,54.93730520599613,53.60849859022037,53.90641784667969,128168000,0.0,0.0,52.69902381896973,52.65508499145508,50.09330520629883,0.8026598299578254,54.690909896364424,50.70713774157503,61.42204545271635,117.22840082458622,26.93015097521944
2018-10-05 00:00:00-04:00,53.89932343564714,54.00572162104816,52.15438020692258,53.03157806396485,134322000,0.0,0.0,52.734371948242185,52.72444127400716,50.22700366973877,0.7207311711125044,54.723371649539615,50.745372246944754,58.02740225844152,26.735779407790353,13.615396777020184
2018-10-08 00:00:00-04:00,52.53978519538805,53.15216918862936,52.06453440498348,52.908634185791016,118655600,0.0,0.0,52.79868450164795,52.78441886901855,50.35747509002685,0.6385211014379166,54.71826204198474,50.87910696131116,57.56488373442912,-7.8029732863783625,12.858695158432957
2018-10-09 00:00:00-04:00,52.87789106435932,53.73617671665903,52.549236814198565,53.641597747802734,107564000,0.0,0.0,52.83438701629639,52.85480003356933,50.50181191762288,0.6253049366802585,54.79027415502079,50.87849987757199,59.55317136477589,41.53410685477275,16.59402164275847
2018-10-10 00:00:00-04:00,53.30822500274197,53.51865827828025,51.08330449551882,51.15660095214844,167962400,0.0,0.0,52.7787052154541,52.82847658793131,50.602611478169756,0.4095910468415269,54.86150648775708,50.69590394315112,51.147956726440626,-86.15457518657404,4.91610433050397
2018-10-11 00:00:00-04:00,50.721543060089694,51.89902330763163,50.201371338479035,50.70499038696289,212497600,0.0,0.0,52.63731307983399,52.761248143513996,50.700007629394534,0.1998908197241107,54.88219216549424,50.392433994173736,49.82586888131893,-160.505429694029,1.240123170843985
2018-10-12 00:00:00-04:00,52.11654858627355,52.698197531427574,51.27008573845108,52.516136169433594,161351600,0.0,0.0,52.6168607711792,52.738234456380205,50.82177759806315,0.17779667776682828,54.85814748862234,50.37557405373605,54.68528256108651,-51.85564666700405,4.038245703929956
2018-10-15 00:00:00-04:00,52.29150849334037,52.44992418497444,51.37174934722611,51.393028259277344,123164000,0.0,0.0,52.61071243286133,52.65729230244954,50.92655715942383,0.06886762581897443,54.86534946971073,50.356075396011924,51.48647229094851,-83.03168642557499,4.03824570389876
2018-10-16 00:00:00-04:00,51.764252977522055,52.72421066994395,51.251174194641926,52.525596618652344,116736000,0.0,0.0,52.65693626403809,52.60834846496582,51.04954509735107,0.07308686876360326,54.861779199500944,50.45209332857523,54.27659183512142,-42.68214683365796,5.841333306280937
2018-10-17 00:00:00-04:00,52.561065306134864,52.64145473247039,51.86119529237717,52.298614501953125,91541600,0.0,0.0,52.690275001525876,52.56358235677083,51.1632916132609,0.05745280912582729,54.84954734270386,50.531002660347895,53.63704075265653,-30.6856487336044,5.841333306248636
2018-10-18 00:00:00-04:00,51.51125865851134,51.95577081093266,50.36215029617322,51.07620620727539,130325200,0.0,0.0,52.64286880493164,52.507781982421875,51.249517631530765,-0.05296488286240475,54.902978700694206,50.38275890916907,50.3328715397272,-127.31765609764335,4.638372188042215
2018-10-19 00:00:00-04:00,51.55853916023749,52.31515279784084,51.409579553774584,51.85409164428711,132314800,0.0,0.0,52.66237506866455,52.49209785461426,51.35110378265381,-0.07681734305894139,54.88608501236266,50.43866512496644,52.26851355420368,-57.85154780412147,2.130450806839897
2018-10-22 00:00:00-04:00,51.967588678689886,52.81168840057024,51.766615131446095,52.170928955078125,115168400,0.0,0.0,52.66072044372559,52.510382715861006,51.47065461476644,-0.06935498545114172,54.88591515221445,50.43552573523672,53.039650032254336,-24.942548282066948,1.2522794478230332
2018-10-23 00:00:00-04:00,51.03128633927155,52.78568585733632,50.7641056774064,52.66273498535156,155071200,0.0,0.0,52.6671049118042,52.501555633544925,51.60260410308838,-0.023485648893867506,54.891513964025485,50.44269585958292,54.22710049224553,-39.77954958509678,5.299026789417439
2018-10-24 00:00:00-04:00,52.63199362779541,53.017391656334006,50.726267969157426,50.8563117980957,163702000,0.0,0.0,52.60409278869629,52.45442479451497,51.70295441945394,-0.13138262637060905,54.96158630055561,50.246599276836974,49.47366938157387,-82.57521163663006,3.694850966674855
2018-10-25 00:00:00-04:00,51.475796278943854,52.34353810184047,51.24881034120332,51.9699592590332,119423200,0.0,0.0,52.543209075927734,52.40232899983724,51.77784442901611,-0.12558208333462773,54.900143007652666,50.1862751442028,52.14874254479414,-52.00798902829404,3.694850966637476
2018-10-26 00:00:00-04:00,51.04781988153455,52.06215795324573,50.28411332859877,51.14239883422851,189033600,0.0,0.0,52.431608009338376,52.34290288289388,51.81581217447917,-0.18562257970584994,54.8337633966888,50.02945262198795,50.10929997550549,-108.9278162963355,9.81632593260713
2018-10-29 00:00:00-04:00,51.82573621097291,51.94395724211877,48.72834375182358,50.182464599609375,183742000,0.0,0.0,52.25404071807861,52.298451868693036,51.8354248046875,-0.3071234479468714,54.773083016748295,49.73499841940893,47.86317376589747,-174.96787122900977,18.46281652804394
2018-10-30 00:00:00-04:00,49.924733859271434,50.8775949642934,49.480225290241705,50.43308639526367,146640000,0.0,0.0,52.0651237487793,52.259517415364584,51.85497334798177,-0.3788238316966499,54.532263704755614,49.597983792802985,48.48681501973539,-164.39777312470795,18.462816527879454
2018-10-31 00:00:00-04:00,51.27954177612992,52.12363783449441,51.218064547531675,51.74769592285156,153435600,0.0,0.0,51.90895366668701,52.26337928771973,51.90412871042887,-0.32581312922355465,53.994073499140015,49.82383383423401,51.626587416550784,-47.55874036889238,9.467214382641357
2018-11-01 00:00:00-04:00,51.792627782293415,52.575250330223895,51.262996332298286,52.54214859008789,233292800,0.0,0.0,51.84074020385742,52.28063990275065,51.965975252787274,-0.21719241589132565,53.730864317296295,49.95061609041855,53.402166414482714,-11.956837640596087,6.436839363150411
2018-11-02 00:00:00-04:00,49.54642060751403,50.51583061906915,48.572277138067086,49.056983947753906,365314800,0.0,0.0,51.64201049804687,52.20040715535482,51.96333484649658,-0.40763442203213174,53.81897302195435,49.465047974139395,45.77685245650674,-214.86542696225888,20.074056776372124
2018-11-05 00:00:00-05:00,48.30509650170871,48.32637541370904,46.85570603182611,47.664337158203125,264654800,0.0,0.0,51.37979564666748,52.04908434549967,51.93992678324381,-0.6632900462714915,54.1079511740034,48.65164011933157,43.22544807241873,-290.3382179304172,27.08762171879921
2018-11-06 00:00:00-05:00,47.74237132513075,48.4044096899324,47.68799067176834,48.17979049682617,127531600,0.0,0.0,51.106705284118654,51.90390917460124,51.91982924143473,-0.8149123909988205,53.97159885441347,48.241811713823836,44.41173065518047,-221.3451315454241,26.565330558293326
2018-11-07 00:00:00-05:00,48.699960659016895,49.66700760551551,48.264908230328544,49.64099884033203,133697600,0.0,0.0,51.03092517852783,51.82139066060384,51.920617294311526,-0.807854446890147,53.96949358640431,48.09235677065135,47.62121945956801,-140.3764424993678,18.419496624996206
2018-11-08 00:00:00-05:00,49.82132950962304,49.854546748716,49.05495802314485,49.467803955078125,101450400,0.1825,0.0,50.9690658569336,51.69739634195964,51.916587829589844,-0.8069345163193873,53.98752514758924,47.950606566277955,47.286457832087535,-114.32831711798579,17.259864339707846
2018-11-09 00:00:00-05:00,48.7702258096886,48.879366587122874,47.98724409420614,48.51397705078125,137463200,0.0,0.0,50.768957901000974,51.53538157145182,51.88452377319336,-0.8731066939492322,53.884652600527204,47.65326320147474,45.46560076956895,-147.5590341630402,21.771640526886408
2018-11-12 00:00:00-05:00,47.21613325998762,47.41781165926097,45.97997059020177,46.07013320922851,204542000,0.0,0.0,50.50281314849853,51.27992566426595,51.79494183858235,-1.1099515647067477,54.24119748920128,46.76442880779579,41.255011099892954,-209.68739981069479,29.27224231594906
2018-11-13 00:00:00-05:00,45.467478543802656,46.78430756047721,45.42476859914762,45.60983657836914,187531600,0.0,0.0,50.15702514648437,50.99320602416992,51.70604248046875,-1.319583584261025,54.358325394498394,45.95572489847035,40.523775232307145,-203.1794695811772,31.16082186631812
2018-11-14 00:00:00-05:00,46.00606949744506,46.14368479083384,44.11505123237931,44.321475982666016,243204000,0.0,0.0,49.75816822052002,50.64155197143555,51.59732577006022,-1.5715624096743355,54.573218748853286,44.94311769218675,38.54554054801184,-212.48365506607112,35.37211220191789
2018-11-15 00:00:00-05:00,44.698732002376936,45.54814833515879,44.34520285307609,45.415279388427734,185915200,0.0,0.0,49.475121879577635,50.35851402282715,51.50679950714111,-1.6638172016647417,54.61830407505433,44.33193968410094,41.07201326408434,-179.7653074666635,35.372112201708234
2018-11-16 00:00:00-05:00,45.19936660019544,46.25995045257277,44.95261049624972,45.91828536987305,147713200,0.0,0.0,49.178331565856936,50.12140426635742,51.42292277018229,-1.6770098840300847,54.427460490372276,43.9292026413416,42.20240279994241,-142.07418680549932,30.721038728265633
2018-11-19 00:00:00-05:00,45.08071555395701,45.24680167665356,43.8920095682225,44.09843063354492,167701200,0.0,0.0,48.77470664978027,49.82773081461588,51.30607484181722,-1.813408404632753,54.28966099143303,43.25975230812751,39.37544800667547,-162.43083155198082,34.20545373247669
2018-11-20 00:00:00-05:00,42.32131328103685,43.056842423109295,41.642729521839435,41.991512298583984,271300800,0.0,0.0,48.24114551544189,49.43939463297526,51.1470973332723,-2.0676809770718094,54.217786680780776,42.26450435010301,36.451115544395854,-199.78266688486568,40.743924376417915
2018-11-21 00:00:00-05:00,42.64399822705807,42.772124438484425,41.889490881307914,41.944061279296875,124496800,0.0,0.0,47.79553298950195,49.132309977213545,50.98039328257243,-2.2471193304977106,54.26023720656434,41.33082877243956,36.388152988518655,-175.6219225926786,40.74392437625354
2018-11-23 00:00:00-05:00,41.50750600406665,41.901370249008885,40.833668325997536,40.87874603271485,94496000,0.0,0.0,47.24097232818603,48.8047684987386,50.7830083211263,-2.447079150367884,54.08939526614065,40.392549390231416,34.984676190241316,-174.71130886259203,43.56137692386013
2018-11-26 00:00:00-05:00,41.34139771589679,41.50985523537514,40.39707257866024,41.43155670166016,179994000,0.0,0.0,46.75543022155762,48.43528251647949,50.58675848642985,-2.5317570282378483,53.81297441788402,39.69788602523121,36.303486748752746,-157.78469365641004,44.6864153368371
2018-11-27 00:00:00-05:00,40.693662435434945,41.46715518330672,40.54418668522253,41.34140396118164,165549600,0.0,0.0,46.31337718963623,48.10022837320964,50.37876033782959,-2.5764398346044786,53.571785249894425,39.05496912937803,36.17967634587685,-141.74315811657533,44.686415336642305
2018-11-28 00:00:00-05:00,41.932203103325314,43.01414023001662,41.50512170583987,42.93109893798828,184250000,0.0,0.0,45.93827781677246,47.78041178385417,50.194380124409996,-2.455273319111086,53.074621084949776,38.80193454859515,39.9174684889843,-104.51368005281766,34.51862702790609
2018-11-29 00:00:00-05:00,43.33918054774312,43.372397774847585,42.16233492100179,42.601280212402344,167080000,0.0,0.0,45.48095703125,47.457167307535805,50.01037483215332,-2.358672291416724,52.21044431380606,38.75146974869394,39.421928423715165,-92.34142063022651,32.29140832476911
2018-11-30 00:00:00-05:00,42.776871754458696,42.78636446319983,42.00338253080645,42.37114715576172,158126000,0.0,0.0,44.97240695953369,47.16699867248535,49.83739032745361,-2.274466461799399,50.95037569360214,38.994438225465245,39.07181694994938,-91.22286387204232,32.802067715740115
2018-12-03 00:00:00-05:00,43.76627592803061,43.88016308346337,42.995158116098935,43.85169219970703,163210000,0.0,0.0,44.712142372131346,46.90025202433268,49.69617493947347,-2.064467230396467,50.38690650211865,39.037378242144044,42.47208377065634,-63.978044085105736,26.035417728051907
2018-12-04 00:00:00-05:00,42.93345880903892,43.27512383554187,41.82305109331107,41.92270278930664,165377200,0.0,0.0,44.42506065368652,46.558644485473636,49.53451360066732,-2.0302907230854075,50.05171158881041,38.79840971856263,39.500876313329655,-82.55332892133251,29.989840482958716
2018-12-06 00:00:00-05:00,40.75298731456774,41.46953482121454,40.435050335608125,41.455299377441406,172393600,0.0,0.0,44.088836097717284,46.18506329854329,49.34330946604411,-2.017662783282965,49.57262561236204,38.60504658307253,38.82015097087026,-100.17175602437923,34.29327129882122
2018-12-07 00:00:00-05:00,41.16346234054781,41.40072939361831,39.93204575584665,39.97712707519531,169126400,0.0,0.0,43.60564250946045,45.82242380777995,49.13842430114746,-2.102692668992617,48.72015991603364,38.49112510288727,36.74829834053501,-107.22470105665562,35.773315729391086
2018-12-10 00:00:00-05:00,39.1490601674904,40.35674848800182,38.75282465963804,40.2404899597168,248104000,0.0,0.0,43.144276809692386,45.43144149780274,48.91688524881999,-2.124340210666638,47.66217147832954,38.62638214105523,37.3644326924817,-113.35973212474097,39.100124732020824
2018-12-11 00:00:00-05:00,40.72925271093741,40.76009495801711,39.623587659446784,40.01033401489258,189126800,0.0,0.0,42.71909465789795,45.06037267049154,48.701637776692706,-2.1354515484807948,46.674805722944114,38.76338359285178,37.03826218114016,-100.84171246570838,36.596562373400594
2018-12-12 00:00:00-05:00,40.43029709170368,40.79094396093765,40.10287107949015,40.12185287475586,142510800,0.0,0.0,42.42168064117432,44.725018946329754,48.511735407511395,-2.1109252910129825,46.20734449045548,38.636016791893155,37.31255614063853,-91.28922481491496,36.4023223209971
2018-12-13 00:00:00-05:00,40.45165022819319,40.9451659993989,40.22861867943218,40.560791015625,127594400,0.0,0.0,42.16922836303711,44.39594243367513,48.32772992451986,-2.0326384251667236,45.72620431305288,38.61225241302133,38.40515850277378,-81.86746112390735,35.40653360392197
2018-12-14 00:00:00-05:00,40.098116353709955,40.11709814501256,39.21548297037447,39.262935638427734,162814800,0.0,0.0,41.9163013458252,43.97978375752767,48.1215815226237,-2.0516712136371993,45.54751967499328,38.28508301665711,36.46131992143324,-99.86144314929838,38.45969338409083
2018-12-17 00:00:00-05:00,39.255816656585765,39.94389299264908,38.610450254681176,38.89754486083984,177151600,0.0,0.0,41.5904146194458,43.5249636332194,47.902801767985025,-2.072350056222078,45.06599246118151,38.114836777710096,35.931653577940324,-105.6209477341268,40.20573646527975
2018-12-18 00:00:00-05:00,39.239220208007154,39.74934284350836,39.00432455915935,39.40293502807617,135366000,0.0,0.0,41.26464710235596,43.203162002563474,47.70178457895915,-2.024618879023606,44.21370256444501,38.31559164026691,37.23623574307976,-96.21250337215378,40.20573646511361
2018-12-19 00:00:00-05:00,39.38631192060536,39.73034825848122,37.746796501277856,38.17387771606445,196189200,0.0,0.0,40.96841945648193,42.88681335449219,47.46794884999593,-2.062194535692136,43.90916474321182,38.027674169752046,35.42169841609494,-112.48103068675425,43.755202276112705
2018-12-20 00:00:00-05:00,38.057631813758896,38.46336004562786,36.847572080543415,37.21059036254883,259092000,0.0,0.0,40.729373359680174,42.52117335001628,47.212541262308754,-2.144976795918673,44.070019950244735,37.388726769115614,34.07537988907353,-135.38814524154424,46.12109945717252
2018-12-21 00:00:00-05:00,37.217700060216195,37.52614787017046,35.50226074249866,35.76325225830078,382978400,0.0,0.0,40.42033290863037,42.0585817972819,46.93998622894287,-2.300847682806335,44.374980816260646,36.4656850010001,32.17461172277196,-163.229633910465,49.414307544854694
2018-12-24 00:00:00-05:00,35.15111176377815,35.95782190038735,34.7809757476291,34.837921142578125,148676800,0.0,0.0,40.11829166412353,41.570919036865234,46.63415768941243,-2.470563849196978,44.78429391137753,35.45228941686953,31.02984123638845,-183.04389034736937,51.07296497566828
2018-12-26 00:00:00-05:00,35.18669870684758,37.30549139242431,34.811816392339566,37.291255950927734,234330000,0.0,0.0,39.91127662658691,41.196828333536786,46.366104952494304,-2.379670161809088,44.69777852394246,35.12477472923136,37.16196120715507,-142.07368457122777,42.06911147286351
2018-12-27 00:00:00-05:00,36.97568792254167,37.19634811223778,35.606659957323785,37.04924011230469,212468400,0.0,0.0,39.696668434143064,40.896131896972655,46.088028780619304,-2.3006445173718717,44.59672659178383,34.7966102765023,36.82781571715362,-129.90350767661607,42.06911147253929
2018-12-28 00:00:00-05:00,37.369555992471305,37.611569368803295,36.66961900113825,37.0682258605957,169165600,0.0,0.0,39.403524780273436,40.611411539713544,45.80230878194173,-2.210997134916404,44.18900089685774,34.61804866368913,36.8738788285084,-107.99071729830303,39.33111753122669
2018-12-31 00:00:00-05:00,37.61393008515579,37.81086209224743,37.12753210334212,37.426490783691406,140014000,0.0,0.0,39.14478530883789,40.38157869974772,45.511565335591634,-2.0869844951397667,43.75878720774358,34.5307834099322,37.75980623942568,-91.66200794546057,38.01049093371299
2019-01-02 00:00:00-05:00,36.750296458044986,37.68987565156259,36.59369932239069,37.469215393066406,148158800,0.0,0.0,38.899688720703125,40.11670989990235,45.23761196136475,-1.962632064992654,43.308280601392866,34.491096840013384,37.86737985629927,-91.50880311117874,39.59694633509646
2019-01-03 00:00:00-05:00,34.16170590164323,34.57455183641599,33.69191819683805,33.73699951171875,365248800,0.0,0.0,38.39395408630371,39.710667037963866,44.916035652160645,-2.1405653929906876,42.730704319119226,34.05720385348819,32.751931907728476,-178.00026055740014,47.19599466281134
2019-01-04 00:00:00-05:00,34.29219923540596,35.24601358953824,34.11899533904399,35.17720413208008,234428400,0.0,0.0,38.05667915344238,39.41329282124837,44.620511817932126,-2.140689821074389,42.28578849145201,33.82756981543275,36.19280584197564,-139.6284457474849,42.89280432108805
2019-01-07 00:00:00-05:00,35.28160408429917,35.31244995449789,34.61725572428317,35.098907470703125,219111200,0.0,0.0,37.73885955810547,39.183539326985674,44.311466979980466,-2.122637869385713,41.846185375602715,33.63153374060822,36.088956064742284,-122.71583149893515,42.46650447909328
2019-01-08 00:00:00-05:00,35.48566837515682,36.02189436055887,35.238912173856136,35.76801681518555,164101200,0.0,0.0,37.52840404510498,38.977671178181964,44.05499057769775,-2.0309287530397384,41.583852484007664,33.47295560620229,37.670048331271076,-94.99389026280718,37.92111264458843
2019-01-09 00:00:00-05:00,35.89612775325254,36.66487424188444,35.502267230819925,36.37540817260742,180396400,0.0,0.0,37.335149955749515,38.82755991617839,43.8161642074585,-1.8874795222274514,41.21081468801904,33.45948522347999,39.08518696767987,-74.68687727432389,33.91529644863876
2019-01-10 00:00:00-05:00,36.18321328363876,36.531996022628334,35.79409559379819,36.491661071777344,143122800,0.0,0.0,37.15921630859375,38.662896728515626,43.54908962249756,-1.74430705003644,40.83801766053923,33.48041495664827,39.35779310999082,-67.27423315477823,33.9152964485218
2019-01-11 00:00:00-05:00,36.27338262516767,36.467939696000656,35.948324350827995,36.133392333984375,108092800,0.0,0.0,36.95979328155518,38.48929634094238,43.29476235707601,-1.6408365845251183,40.38613737027863,33.533449192831725,38.80416335440359,-65.33325100909452,33.91529644843273
2019-01-14 00:00:00-05:00,35.7917243040485,35.89137599820077,35.40497797975705,35.59004592895508,129756800,0.0,0.0,36.71125602722168,38.24459457397461,43.012503178914386,-1.5844148608416617,39.73529370491143,33.68721834953193,37.966290740438694,-76.31685358532279,35.66340146536602
2019-01-15 00:00:00-05:00,35.65411028555859,36.3943821085161,35.601911260051914,36.318458557128906,114843600,0.0,0.0,36.56403217315674,38.0351671854655,42.746167246500654,-1.4640468065818837,39.34167002464385,33.78639432166963,39.76987872881277,-58.81233384118803,32.31155517878523
2019-01-16 00:00:00-05:00,36.320836811858406,36.98518520942271,36.30185501531,36.76215362548828,122278800,0.0,0.0,36.45726261138916,37.84820073445638,42.507599703470866,-1.3176625784854963,39.01248504568498,33.90204017709334,40.85347918511134,-37.79836737002246,28.45529640163261
2019-01-17 00:00:00-05:00,36.58656655845522,37.407511879044904,36.363535024290115,36.980430603027344,119284800,0.0,0.0,36.33613739013672,37.61915868123372,42.2597053527832,-1.1705455744640076,38.50368805235219,34.16858672792125,41.390106727335215,-25.726107511527584,25.745175134653607
2019-01-18 00:00:00-05:00,37.369549802011335,37.45971241403209,37.00890297433515,37.20820999145508,135004000,0.0,0.0,36.28785400390625,37.46200892130534,42.01032670338949,-1.0237729782254306,38.32195309618518,34.25375491162731,41.95858192101951,-9.298523140235941,25.406870659576448
2019-01-22 00:00:00-05:00,37.110928234724035,37.186851783715795,36.211684376745275,36.37302780151367,121576000,0.0,0.0,36.24597587585449,37.29259986877442,41.73883158365886,-0.9637374951480737,38.23405309784314,34.257898653865844,40.46969875970612,-31.62412123559693,28.448194952655065
2019-01-23 00:00:00-05:00,36.57470436511674,36.80959998409829,35.99340097474768,36.52013397216797,92522400,0.0,0.0,36.28381996154785,37.17736676534017,41.49989528656006,-0.8939834193498299,38.26199772574844,34.30564219734726,40.85212867605871,-34.929348523589034,29.2650862721054
2019-01-24 00:00:00-05:00,36.565218274806185,36.65300590810053,36.00289663164888,36.23067092895508,101766000,0.0,0.0,36.3534574508667,37.04370613098145,41.23757381439209,-0.8522360139026617,38.211744910573316,34.49516999116008,40.32481186358558,-38.6918626033333,29.26508627200247
2019-01-25 00:00:00-05:00,36.890271619149736,37.51903133240946,36.61504465459194,37.43124008178711,134142000,0.0,0.0,36.36045665740967,36.957736333211265,41.0090545018514,-0.7140439431537118,38.23460336507164,34.4863099497477,43.456352563922124,13.094800438762622,23.28890024864211
2019-01-28 00:00:00-05:00,36.96381515140883,37.091941326997095,36.45843902887305,37.08482360839844,104768400,0.0,0.0,36.36223583221435,36.856502024332684,40.79076048533122,-0.6252709118896362,38.239201157942304,34.4852705064864,42.78615607663021,2.441027406389605,23.946650746243613
2019-01-29 00:00:00-05:00,37.07296946155649,37.51903258864824,36.5652182166273,36.70045852661133,166348800,0.0,0.0,36.34384746551514,36.7278242746989,40.56188335418701,-0.5792553991969314,38.198767210787885,34.488927720242394,42.04193793993484,15.280843372915175,21.01917208922836
2019-01-30 00:00:00-05:00,38.73384376445083,39.42191672312946,38.017296299473955,39.208377838134766,244439200,0.0,0.0,36.4329418182373,36.726005681355794,40.35289471944173,-0.3365402188267339,38.64382952369538,34.222054112779226,48.13159406673786,163.3553054726852,9.13823283946153
2019-01-31 00:00:00-05:00,39.41241268525057,40.098114016816574,39.04464819355946,39.4907112121582,162958400,0.0,0.0,36.534016609191895,36.7457778930664,40.1353707631429,-0.12002121612083982,39.10059879676197,33.96743442162182,48.758600236205424,208.3649565154296,5.336683949908605
2019-02-01 00:00:00-05:00,39.61410265633867,40.09337942283648,39.36971429863973,39.50970458984375,130672400,0.0,0.0,36.822651863098145,36.74933687845866,39.97624944051107,0.052499083548106285,39.36306594932237,34.28223777687392,48.801671532061945,213.5915655851247,5.3366839498880285
2019-02-04 00:00:00-05:00,39.72086886633868,40.72925360434192,39.69002299817537,40.63197326660156,125982000,0.0,0.0,37.09539031982422,36.8312733968099,39.85904337565104,0.2765919867503399,40.03229878099618,34.15848185865226,51.30363734197801,241.66691603285537,1.76934068854374
2019-02-05 00:00:00-05:00,41.01398071522067,41.54071383411568,40.89297582806122,41.327171325683594,144406400,0.0,0.0,37.40680351257324,36.96849276224772,39.744833056132,0.504468699251511,40.745673851051166,34.067933174095316,52.7822877111018,256.97826388638816,2.5858445605715894
2019-02-06 00:00:00-05:00,41.43868068103189,41.6569695100412,41.01160297138825,41.34140396118164,112958400,0.0,0.0,37.685472869873045,37.15443115234375,39.606506474812825,0.6783910210029731,41.36172921905402,34.00921652069207,52.812633242604484,219.0878145462261,3.1997989570531518
2019-02-07 00:00:00-05:00,40.90481834388098,41.270211452977485,40.41604903467955,40.55841064453125,126966800,0.0,0.0,37.89462299346924,37.345114135742186,39.458016586303714,0.7444629911779828,41.72959269760469,34.059653289333795,50.949161412131815,164.90710181790104,0.13565308947090274
2019-02-08 00:00:00-05:00,40.26771919259328,40.665654071185585,40.13189521411374,40.606082916259766,95280000,0.1825,0.0,38.10034408569336,37.45560836791992,39.326218350728354,0.7915477873085024,42.05789527972972,34.142792891656995,51.05792872638317,132.75456676119978,1.7037342111276665
2019-02-11 00:00:00-05:00,40.7585744212062,40.79670082315533,40.329661489113064,40.37255096435547,83973600,0.0,0.0,38.31230201721191,37.566385396321614,39.231258646647134,0.8007877677453621,42.280358840206866,34.34424519421696,50.49055937944304,118.89664776522353,0.9475115346906459
2019-02-12 00:00:00-05:00,40.53220813832866,40.74666280397595,40.43689212564779,40.72045135498047,89134000,0.0,0.0,38.56882228851318,37.68812624613444,39.149768892923994,0.8266540198440993,42.45844297212013,34.67920160490623,51.32414106382305,111.00454362909295,0.9475115346885729
2019-02-13 00:00:00-05:00,40.83960316682641,41.09933254456883,40.48932446490647,40.55127716064453,89960800,0.0,0.0,38.780463218688965,37.79228579203288,39.0869322458903,0.8240036660160968,42.6147575207703,34.94616891660763,50.8930971842515,102.73734822408144,1.168874986384567
2019-02-14 00:00:00-05:00,40.43928339998026,40.80862164255103,40.36064904112932,40.699012756347656,87342800,0.0,0.0,38.97730617523193,37.899945704142254,39.0083278020223,0.8243219985315378,42.77940882064599,35.17520352981787,51.262869198341846,90.90129832491299,0.37459459849719373
2019-02-15 00:00:00-05:00,40.80623228578758,40.91345961424227,40.44880543364929,40.608455657958984,98507200,0.0,0.0,39.15870742797851,38.12899424235026,38.919830640157066,0.8079534933826409,42.90545155262382,35.4119633033332,51.01926414504487,84.96827461639676,1.029500554547274
2019-02-19 00:00:00-05:00,40.43928042114127,40.85151175450796,40.38685751910222,40.729984283447266,75891200,0.0,0.0,39.33479614257813,38.3140869140625,38.86368986765544,0.7956163099757916,43.02618757307352,35.643404712082734,51.34028429581719,78.9083225073407,0.6251605031322692
2019-02-20 00:00:00-05:00,40.791937772979175,41.29948509114437,40.7442815842349,40.992095947265625,104457600,0.0,0.0,39.56574954986572,38.51052652994792,38.847032928466795,0.797792765560196,43.04903421273091,36.08246488700053,52.04158269792164,84.808928508829,3.513923641783747
2019-02-21 00:00:00-05:00,40.93729152317362,41.07311184292857,40.57986465359283,40.76095962524414,68998800,0.0,0.0,39.77779083251953,38.67695795694987,38.82731456756592,0.7719680852378872,42.98589126959745,36.569690395441604,51.36625234299514,73.15708148959921,2.3839070509747824
2019-02-22 00:00:00-05:00,40.8848794625303,41.22324321911487,40.83722326114031,41.216094970703125,75652800,0.0,0.0,40.027062034606935,38.83831418355306,38.83293704986572,0.7792448095776763,42.822942519521696,37.231181549692174,52.618724682622236,78.24372714995243,3.3802302284594083
2019-02-25 00:00:00-05:00,41.49963743265904,41.907101970477754,41.44959607815367,41.51631546020508,87493600,0.0,0.0,40.231315803527835,39.005802663167316,38.834349695841475,0.8000148769884632,42.817745719381215,37.644885887674455,53.43699061336051,91.27688135229535,7.813891348545742
2019-02-26 00:00:00-05:00,41.392422020496234,41.77129368525542,41.26374629243125,41.540157318115234,68280800,0.0,0.0,40.45408248901367,39.186028162638344,38.83766225179036,0.809072657761952,42.63514194541756,38.273023032609785,53.50295903030997,83.60869279795585,6.440724744557244
2019-02-27 00:00:00-05:00,41.27326982515091,41.69979758347963,41.15889061962103,41.668819427490234,111341600,0.0,0.0,40.70250053405762,39.388653945922854,38.81662425994873,0.8172126524746659,42.0595491233643,39.34545194475094,53.86782451757575,80.01411381516415,5.6553209265268105
2019-02-28 00:00:00-05:00,41.53777599764727,41.678363048433425,41.2041753537565,41.25897979736328,112861600,0.0,0.0,40.80503063201904,39.553337987263994,38.79425258636475,0.7815834168408884,41.98508658702772,39.62497467701036,52.51002321672924,72.72806985710871,5.655320926507289
2019-03-01 00:00:00-05:00,41.52824051212283,41.735546954193026,41.19702505785762,41.692657470703125,103544800,0.0,0.0,40.91512794494629,39.717688115437824,38.782944424947104,0.779357209965859,41.984564074932806,39.84569181495978,53.78518238390806,76.31364261315137,6.059863997727369
2019-03-04 00:00:00-05:00,41.86422496802693,42.35509069759693,41.45437513566205,41.90235137939453,109744800,0.0,0.0,41.034760284423825,39.88175214131673,38.750455411275226,0.78545918635578,41.968986915448696,40.100533653398955,54.39766188496537,88.53764513813954,10.367455375482733
2019-03-05 00:00:00-05:00,41.923789316150554,41.93808580910875,41.590188724744905,41.82609176635742,78949600,0.0,0.0,41.09446620941162,40.035681533813474,38.74884522755941,0.7752054473152228,42.07193601770041,40.11699640112283,54.12778690431581,81.25113258664616,10.367455375455123
2019-03-06 00:00:00-05:00,41.621175199497635,41.81657033812453,41.44722844052762,41.58543395996094,83241600,0.0,0.0,41.10737934112549,40.20942840576172,38.751014137268065,0.7391398672453775,42.104420965720195,40.11033771653078,53.26509893359023,72.79120410193829,9.131723443507614
2019-03-07 00:00:00-05:00,41.430532678062825,41.566356613968864,40.98970845134733,41.10408401489258,99185600,0.0,0.0,41.095513343811035,40.362226740519205,38.769796752929686,0.6640618260769955,42.086458060960005,40.104568626662065,51.56462656954221,51.40596772397139,5.231002565331465
2019-03-08 00:00:00-05:00,40.584633632595896,41.2399162634684,40.38923852105088,41.20178985595703,95997600,0.0,0.0,41.127682304382326,40.527930704752606,38.78581841786703,0.6054665409607338,42.08646254385235,40.1689020649123,51.8871570162344,31.524030293232002,0.3606353130935306
2019-03-11 00:00:00-04:00,41.81656828662146,42.68153896438816,41.78320858604554,42.62911605834961,128044000,0.0,0.0,41.228833961486814,40.701193237304686,38.829464785257976,0.6665194301236355,42.366151867536814,40.09151605543681,56.28614835999158,137.82615756357447,10.633177303578423
2019-03-12 00:00:00-04:00,42.8912342977693,43.52745383687402,42.74111381422792,43.10807418823242,129870400,0.0,0.0,41.365610122680664,40.901968256632486,38.879235140482585,0.74496471341714,42.70868248311547,40.02253776224586,57.63089043022496,201.32877674892745,15.896492612704428
2019-03-13 00:00:00-04:00,43.42737051589921,43.67757008556457,43.110451545781046,43.29869842529297,124130000,0.0,0.0,41.49452247619629,41.121909586588544,38.92486693064372,0.8131415586870574,43.05431251860287,39.934732433789705,58.1608064500666,221.77335471463434,16.79609598378576
2019-03-14 00:00:00-04:00,43.82052960680952,43.86818942807558,43.50122916555662,43.78002166748047,94318000,0.0,0.0,41.65595970153809,41.2742977142334,39.0001516977946,0.8956860515523815,43.45473378181348,39.857185621262694,59.484421592632124,235.08071820661326,17.948974381199847
2019-03-15 00:00:00-04:00,44.04690664893718,44.63785139707803,43.7824106162076,44.34952545166016,156171600,0.0,0.0,41.83848533630371,41.436258188883464,39.09101804097494,0.9955809156229947,43.94323088956013,39.7337397830473,60.994793974951655,249.93932853978262,22.43793189250809
2019-03-18 00:00:00-04:00,44.273276908909104,44.890433115459594,44.27089173604565,44.802268981933594,104879200,0.0,0.0,42.048176002502444,41.612677001953124,39.18100694020589,1.0986167640690994,44.45141582177503,39.64493618322986,62.15503701744182,243.7456441617183,23.852239121091316
2019-03-19 00:00:00-04:00,44.88090335634377,45.03340534638429,44.30186992001534,44.44722366333008,126585600,0.0,0.0,42.23403797149658,41.73985201517741,39.285562705993655,1.1385003035149808,44.77882933210262,39.68924661089055,60.69049488524638,201.27358608960358,24.65671306176599
2019-03-20 00:00:00-04:00,44.375741144089886,45.15255128641642,44.018314235196435,44.83563232421875,124140800,0.0,0.0,42.42621479034424,41.85680071512858,39.41264673868815,1.187757895077489,45.15030069857837,39.70212888211011,61.71148705555682,175.65094821198636,22.012067050770174
2019-03-21 00:00:00-04:00,45.27884496121636,46.782420346635014,45.228803590706896,46.48694610595703,204136800,0.0,0.0,42.712514114379886,42.02831878662109,39.59137496948242,1.34454305743661,45.8689670590692,39.55606116969057,65.63686575068007,220.09061200751484,30.748223639656096
2019-03-22 00:00:00-04:00,46.546508338197334,47.10647854779483,45.45993125023579,45.524269104003906,169630800,0.0,0.0,42.92792282104492,42.19384740193685,39.76948076883952,1.3752632607537763,46.23863445744581,39.617211184644034,61.81495229911806,181.81218954174406,32.3078650924217
2019-03-25 00:00:00-04:00,45.63386907826969,45.74586309835947,44.463894798076474,44.97382354736328,175381200,0.0,0.0,43.10079822540283,42.33943875630697,39.89752356211344,1.339749093469642,46.461851041169936,39.73974540963573,59.75680060479018,122.00876248873882,23.466516397860786
2019-03-26 00:00:00-04:00,45.66963053267575,45.96033805607303,43.98257500926579,44.50918197631836,199202000,0.0,0.0,43.24924945831299,42.47732645670573,40.02185592651367,1.2595913830244143,46.58222349050701,39.916275426118965,58.06849386619469,100.81159196295143,19.4754115756787
2019-03-27 00:00:00-04:00,44.976211880352054,45.2168779833319,44.4519865617811,44.90949249267578,119393600,0.0,0.0,43.41128311157227,42.61696116129557,40.152543703715004,1.214369042720918,46.73583136823358,40.08673485491095,59.0984205004718,93.75311490043136,19.475411575575208
2019-03-28 00:00:00-04:00,45.02387869438107,45.16923245954408,44.68551496674179,44.96907424926758,83121600,0.0,0.0,43.59678783416748,42.764221064249675,40.27825342814128,1.169852431411016,46.82840837946853,40.36516728886643,59.25252173728518,89.42812448109528,19.4754115755075
2019-03-29 00:00:00-04:00,45.23357588955932,45.293147052512026,44.92618665259963,45.262168884277344,94256000,0.0,0.0,43.77526340484619,42.916326268514,40.408135986328126,1.14502386145206,46.95800386324539,40.592522946447,60.019065247827456,91.11482057687532,20.21051443494559
2019-04-01 00:00:00-04:00,45.66485812631572,45.67438790998863,44.8880516813076,45.56954574584961,111448000,0.0,0.0,43.95862312316895,43.08169593811035,40.60534509023031,1.1370426646985052,47.10942782771366,40.80781841862424,60.81871771136116,93.08069167038511,22.46333678175471
2019-04-02 00:00:00-04:00,45.533803597504026,46.33682517645646,45.52427381326158,46.23197937011719,91062800,0.0,0.0,44.178917503356935,43.265095774332686,40.78959134419759,1.170675547073067,47.318003029539305,41.039831977174565,62.49125320695849,111.16038617496763,26.208380549328535
2019-04-03 00:00:00-04:00,46.0485014625707,46.822926454826096,46.02467154689668,46.54890060424805,93087200,0.0,0.0,44.42709083557129,43.4503225962321,40.980424563090004,1.2089665300370953,47.486663842259524,41.36751782888306,63.26728927008966,119.4282846101186,28.81827858456552
2019-04-04 00:00:00-04:00,46.415447417089275,46.79193745474998,46.02227935106706,46.629905700683594,76457200,0.0,0.0,44.70338191986084,43.64595413208008,41.16145604451497,1.231651136576005,47.48482311785372,41.921940721867955,63.46714528396217,112.48136785605243,28.79508814261816
2019-04-05 00:00:00-04:00,46.81100893546065,46.96589610699699,46.687099925418465,46.94206619262695,74106400,0.0,0.0,44.99039573669434,43.83681983947754,41.3375670115153,1.260289757733588,47.41183478577922,42.56895668760946,64.24270938164716,119.64341354010801,29.746507562200332
2019-04-08 00:00:00-04:00,46.80386629170483,47.71173014450236,46.78480308511343,47.680755615234375,103526800,0.0,0.0,45.242977714538576,44.042301177978516,41.524051920572916,1.32729193898831,47.681158011879305,42.80479741719785,66.00916650967017,131.0829981519346,33.67698870293542
2019-04-09 00:00:00-04:00,47.73316823079818,48.33602791999754,47.47343527844449,47.53777313232422,143072800,0.0,0.0,45.46446266174316,44.242221705118816,41.71412493387858,1.3532546813461792,47.890835147019715,43.03809017646661,65.36260173686865,137.8984785314073,36.74155590152505
2019-04-10 00:00:00-04:00,47.34238048248308,47.833249790891394,47.22323818776864,47.80465316772461,86781200,0.0,0.0,45.68976039886475,44.44674949645996,41.917701721191406,1.3794637309593938,48.10616798894186,43.273352808787635,66.00554461041162,125.2721058414497,34.17128896757498
2019-04-11 00:00:00-04:00,47.85946596865772,47.89520720622881,47.285199178784595,47.40672302246094,83603200,0.0,0.0,45.87109546661377,44.65167427062988,42.10250612894694,1.3525337869491736,48.2276577393158,43.51453319391173,64.16832185399562,117.16870465937349,34.486746696049615
2019-04-12 00:00:00-04:00,47.46629151971839,47.690279625122976,46.753822893813584,47.387657165527344,111042800,0.0,0.0,46.02300205230713,44.84150759379069,42.27959785461426,1.3145004144570152,48.358172694105136,43.68783141050912,64.07991700551628,102.19237174012369,29.00202638709444
2019-04-15 00:00:00-04:00,47.31855473245824,47.62117718246721,47.18273076972158,47.47343826293945,70146400,0.0,0.0,46.15656051635742,45.02721048990885,42.454481315612796,1.2765650629879772,48.503279294190726,43.80984173852412,64.30877986630088,102.19614728440543,29.002026386993485
2019-04-16 00:00:00-04:00,47.52824418170382,47.983364968636586,47.3137858769923,47.47820281982422,102785600,0.0,0.0,46.30810947418213,45.21561419169108,42.62564786275228,1.2326759623806751,48.580332453624756,44.03588649473951,64.32184141270673,102.56006136975927,31.053038730941484
2019-04-17 00:00:00-04:00,47.54731494054126,48.46233071134388,47.3257119730381,48.40275955200195,115627200,0.0,0.0,46.48646583557129,45.442858378092446,42.82614339192708,1.2579961389745336,48.83088304214819,44.14204862899439,66.7634887658262,115.06235892882118,33.67422893655193
2019-04-18 00:00:00-04:00,48.40037399343183,48.64580687709247,48.25740539371004,48.57670593261719,96783200,0.0,0.0,46.5909538269043,45.691945775349936,43.02708625793457,1.2773738103837644,49.114866237129775,44.06704141667882,67.20036121424363,126.06124769675364,34.658625597632565
2019-04-22 00:00:00-04:00,48.33126412020742,48.83404475360525,48.214503361460345,48.73634719848633,77758000,0.0,0.0,46.75155773162842,45.94309768676758,43.23551419576009,1.2907336959687754,49.39560407031523,44.1075113929416,67.60463458189489,125.51261635817875,35.67192777803162
2019-04-23 00:00:00-04:00,48.71251655805477,49.50362313511346,48.58622601734535,49.43928527832031,93292000,0.0,0.0,46.97483081817627,46.17010332743327,43.43564828236898,1.342566459465509,49.73826434445037,44.21139729190217,69.32674540176431,144.6455249623985,39.14462802857723
2019-04-24 00:00:00-04:00,49.4106933007407,49.6775708811361,49.33682565873371,49.363037109375,70162400,0.0,0.0,47.2175235748291,46.37860209147136,43.64028517405192,1.361793796768282,49.92111933457207,44.513927815086134,68.91566029898439,147.15624639576697,40.014891687286266
2019-04-25 00:00:00-04:00,49.28439996099873,49.5060028744457,48.87693173068337,48.91505813598633,74172800,0.0,0.0,47.41780185699463,46.5658140818278,43.84386183420817,1.325602717897361,49.99184970165976,44.8437540123295,66.51835207080563,122.35573568076873,34.74470777825185
2019-04-26 00:00:00-04:00,48.82450618641079,48.848336097417246,48.16207538289125,48.68153762817383,74596400,0.0,0.0,47.60342502593994,46.72919794718425,44.00174783070882,1.2635128837667509,49.960221377010704,45.24662867486918,65.29354729468233,90.9194800619252,27.054702386811183
2019-04-29 00:00:00-04:00,48.7053831210268,49.07949178302421,48.57671100424973,48.75542449951172,88818800,0.0,0.0,47.77808780670166,46.876061248779294,44.15615971883138,1.206362104497451,49.91149642937033,45.644679184032995,65.50146503658404,96.61222425404927,28.421198524198328
2019-04-30 00:00:00-04:00,48.38607033097731,48.46708622241454,47.44484688744978,47.81657028198242,186139600,0.0,0.0,47.8904390335083,46.97653795878092,44.29460748036703,1.0729437831075188,49.753694281814504,46.0271837852021,60.71993629229252,49.06845905984927,17.291331091224247
2019-05-01 00:00:00-04:00,50.011167604108095,51.30505109696013,49.85628044929439,50.16366958618164,259309200,0.0,0.0,48.08702354431152,47.16708615620931,44.45346908569336,1.1434194725745215,50.04095883733997,46.13308825128307,66.9578651379202,166.22072921610223,32.47149293902703
2019-05-02 00:00:00-04:00,50.00162852825814,50.67120752436083,49.59416398853506,49.83721160888672,127985200,0.0,0.0,48.25143909454346,47.33380546569824,44.59530309041341,1.159562815448794,50.21379731517313,46.28908087391378,65.46205340740039,138.69581901666336,30.188479533471302
2019-05-03 00:00:00-04:00,50.25184311826302,50.47821277895846,50.09457439721513,50.45676803588867,83569600,0.0,0.0,48.44278221130371,47.46613286336263,44.747225824991865,1.2084196473139883,50.48411293874845,46.40145148385896,66.91318608909853,142.88038215717143,30.188479533339688
2019-05-06 00:00:00-04:00,48.6791498523468,49.76334529835149,48.49090665482442,49.67756271362305,129772400,0.0,0.0,48.57955703735352,47.60457598368327,44.899211692810056,1.1707677987391634,50.56326887809546,46.59584519661158,63.44500060622784,86.2241711543588,16.98788388966222
2019-05-07 00:00:00-04:00,49.05802986425357,49.42498651293276,47.85469202351123,48.338409423828125,155054800,0.0,0.0,48.612439727783205,47.716728846232094,45.02808380126953,1.0210993609406103,50.55479141783273,46.67008803773368,58.091872674289796,44.232173569733156,12.31410885283781
2019-05-08 00:00:00-04:00,48.10965396395561,48.92935347903369,48.07391273228292,48.347938537597656,105358000,0.0,0.0,48.652947998046876,47.844687398274736,45.161006927490234,0.8929614616448305,50.53374861739413,46.77214737869962,58.117885306154434,35.50149764391277,12.31410885276938
2019-05-09 00:00:00-04:00,47.75222695826382,48.057230920723306,46.8610449825507,47.8284797668457,139634400,0.0,0.0,48.65413932800293,47.9419869740804,45.279474067687985,0.7409540151092955,50.53270638918872,46.775572266817136,56.15237205883816,-18.442468844030945,3.849847013429032
2019-05-10 00:00:00-04:00,47.223299584031466,47.56536064029775,46.11101077401089,47.165889739990234,164834800,0.1925,0.0,48.6420976638794,48.015214157104495,45.38971761067708,0.5605597569621139,50.557066776144175,46.72712855161462,53.75359041116243,-63.59980581302664,0.9265764693913539
2019-05-13 00:00:00-04:00,44.90064286413654,45.32402809525781,43.73812012203512,44.42462921142578,229722400,0.0,0.0,48.49394626617432,47.98729616800944,45.45181121826172,0.19416102528653312,51.1374367529562,45.85045577939244,45.44483756067818,-212.01076816354532,13.888722412796664
2019-05-14 00:00:00-04:00,44.58968654744338,45.37666024246978,44.35048432829495,45.127891540527344,146118800,0.0,0.0,48.37666893005371,47.972574361165364,45.52713514963786,-0.03901547071657063,51.392661657957056,45.360676202150366,47.59462011999884,-180.83767653201642,13.547847326266155
2019-05-15 00:00:00-04:00,44.556202404072714,45.867029661329525,44.49640184388846,45.66849136352539,106178800,0.0,0.0,48.28618335723877,47.9537914276123,45.60944360097249,-0.17813421565685417,51.51663840887341,45.05572830560413,49.18688850698961,-152.5251013678762,10.364104847168848
2019-05-16 00:00:00-04:00,45.42689206250881,46.03924912918253,45.17094394873877,45.46755599975586,132125600,0.0,0.0,48.13942317962646,47.91774660746257,45.68403460184733,-0.3011293956611212,51.605667572853974,44.67317878639895,48.61888744089033,-134.25470296582532,9.251176331212138
2019-05-17 00:00:00-04:00,44.7140667516376,45.663699804341405,44.67340281448622,45.2092170715332,131516400,0.0,0.0,47.971048736572264,47.87039031982422,45.75817222595215,-0.41466970024449523,51.66737496357055,44.27472250957398,47.88345628590845,-148.05647575372373,11.906119159783156
2019-05-20 00:00:00-04:00,43.89838342862863,44.09692166848181,43.12336708088151,43.79552459716797,154449200,0.0,0.0,47.72400760650635,47.76550559997558,45.80116271972656,-0.6116733875427158,51.84142030182422,43.60659491118847,44.10661219099442,-207.37627483538614,19.4965214015374
2019-05-21 00:00:00-04:00,44.30503541950881,44.97001729820006,44.18064924329761,44.635135650634766,113459200,0.0,0.0,47.48380012512207,47.66398493448893,45.853143056233726,-0.6920728489665677,51.73813845522129,43.22946179502286,46.69005164085659,-144.29084279759343,13.783802524624225
2019-05-22 00:00:00-04:00,44.17108734343066,44.422250430132046,43.666370461560184,43.72138595581055,118994400,0.0,0.0,47.20171756744385,47.53677202860514,45.88949686686198,-0.820068723470186,51.673969839528624,42.72946529535908,44.3806277793778,-154.17566526518033,16.224230880472682
2019-05-23 00:00:00-04:00,43.00856675291308,43.18557408801563,42.53255294513371,42.97507858276367,146118800,0.0,0.0,46.90471858978272,47.375786209106444,45.911267852783205,-0.9705393703075842,51.67678015858116,42.132657020984276,42.600277462115564,-171.5597566499089,21.304590001375484
2019-05-24 00:00:00-04:00,43.10423814743245,43.56829102566304,42.72629821206873,42.810020446777344,94858800,0.0,0.0,46.61114273071289,47.22256278991699,45.93711853027344,-1.0905362312952462,51.63855069452768,41.583734766898104,42.21284225733741,-145.8751789655175,18.789169405843833
2019-05-28 00:00:00-04:00,42.79806098088244,43.19752825231062,42.55646805143749,42.63301086425781,111792800,0.0,0.0,46.30502204895019,47.06407457987468,45.95279108683268,-1.1862435251897594,51.52459730634886,41.085446791551526,41.79118994271738,-136.54955402878332,19.554930336062135
2019-05-29 00:00:00-04:00,42.20005178150852,42.900916127061286,42.09958729527348,42.4296875,113924800,0.0,0.0,46.035677909851074,46.89594955444336,45.96158002217611,-1.263928955159706,51.47803328948304,40.59332253021911,41.30097787926072,-131.00788280162212,21.611959102550358
2019-05-30 00:00:00-04:00,42.56603133944261,42.87220986761559,42.25985281126963,42.64975357055664,84873600,0.0,0.0,45.65998210906982,46.73500124613444,45.97530771891276,-1.2928347313577433,50.93739323731643,40.38257098082322,42.06192136710342,-115.2907032211211,21.611959102473733
2019-05-31 00:00:00-04:00,42.154596523878126,42.575594670315766,41.85798817518111,41.87712478637695,108174400,0.0,0.0,45.26197776794434,46.517480087280276,45.98016923268636,-1.3623827526855479,50.41204548639918,40.111910049489495,40.17057679387059,-117.45093101930537,23.454362870316107
2019-06-03 00:00:00-04:00,42.00392038007167,42.558867752574955,40.72897183362754,41.45375442504883,161584400,0.0,0.0,44.81182708740234,46.28004837036133,45.98599707285563,-1.4351193480462072,49.61202871792144,40.011625456883245,39.172115124338994,-120.50719784228765,28.348793789464125
2019-06-04 00:00:00-04:00,41.96564243887218,43.01574014822659,41.74557681150609,42.97029113769531,123872000,0.0,0.0,44.47646350860596,46.087846501668295,46.015472094217934,-1.3547747850202683,48.754084377485704,40.198842639726216,44.30211946548348,-88.69543890321891,25.002842627584727
2019-06-05 00:00:00-04:00,44.0801918196271,44.250027028807736,43.329096875378795,43.66397857666016,119093600,0.0,0.0,44.24274196624756,45.89533627827962,46.03271980285645,-1.221050846948387,48.12437704603974,40.361106886455374,46.4395565515532,-55.5366220625481,16.513965625099488
2019-06-06 00:00:00-04:00,43.793134501142,44.36482755162113,43.57067458111561,44.30502700805664,90105200,0.0,0.0,44.040596389770506,45.72673594156901,46.052669016520184,-1.0512285038239924,47.40926520683105,40.67192757270996,48.334960180065266,-43.93082630081323,15.75760156992511
2019-06-07 00:00:00-04:00,44.613599067232066,45.90768378892111,44.43659178289126,45.48429489135742,122737600,0.0,0.0,43.923387145996095,45.61237716674805,46.08909562428792,-0.8121243468242056,46.87435880913421,40.97241548285798,51.59478725683278,-8.98708518720667,6.17506906212081
2019-06-10 00:00:00-04:00,45.88136887468619,46.73292803874346,45.83591987717714,46.065555572509766,104883600,0.0,0.0,43.86837043762207,45.525177764892575,46.12718785603841,-0.5691686783498326,46.59749738788316,41.13924348736098,53.10354509916974,20.494291528703283,1.5247473169980725
2019-06-11 00:00:00-04:00,46.61094460560243,46.8836349896468,46.309551123217446,46.59898376464844,107731600,0.0,0.0,43.977088165283206,45.4532964070638,46.16467882792155,-0.32977986660130654,46.960871369898705,40.99330496066771,54.45136254182111,35.411912446316364,0.6915887274312011
2019-06-12 00:00:00-04:00,46.39328136210811,46.87647098850419,46.25932866962694,46.45069122314453,73012800,0.0,0.0,44.04322814941406,45.407767105102536,46.19215253194173,-0.15029595909378202,47.18868248818236,40.897773810645766,54.004996037280854,35.625746952515925,0.9717465658492623
2019-06-13 00:00:00-04:00,46.57267065219424,47.072602406865755,46.30955040496847,46.44110870361328,86698400,0.0,0.0,44.081859016418456,45.28368174235026,46.22538394927979,-0.008726307087883356,47.32870195254532,40.83501608029159,53.97541846491705,45.28650226467369,0.16605745895311297
2019-06-14 00:00:00-04:00,45.81918104965697,46.30715192007323,45.520178306772145,46.10383224487305,75046000,0.0,0.0,44.11367282867432,45.1592357635498,46.246520614624025,0.07538428745698411,47.429422334493545,40.79792332285509,52.92011124711405,30.73081589893329,4.322781228161835
2019-06-17 00:00:00-04:00,46.142109980575825,46.63486965392285,45.967493369838486,46.37892150878906,58676400,0.0,0.0,44.17215805053711,45.02330754597982,46.244720204671225,0.16236826392324843,47.608347776367644,40.73596832470657,53.684163864735574,52.168891634658344,2.352833435564957
2019-06-18 00:00:00-04:00,46.895581832278275,47.909796603556295,46.69465290399887,47.46966552734375,106204000,0.0,0.0,44.3558650970459,44.94971097310384,46.277143478393555,0.31567867130803506,48.08743415955201,40.62429603453979,56.57485426535397,98.96166092999789,4.876093765658514
2019-06-19 00:00:00-04:00,47.76389566380698,47.811739025879014,47.19698759262692,47.33094024658203,84496800,0.0,0.0,44.49065532684326,44.916128667195636,46.31642875671387,0.4211297809497836,48.45235614199058,40.52895451169594,56.114067653547835,106.27596271768729,4.87609376564134
2019-06-20 00:00:00-04:00,47.92894825704651,47.986358104546575,47.36921593118183,47.71127700805664,86056000,0.0,0.0,44.69014987945557,44.89490661621094,46.36979700724284,0.5292892263884568,48.883785797803206,40.49651396110793,57.10494430018963,119.20795220019535,5.8507328650750985
2019-06-21 00:00:00-04:00,47.553407198246234,48.04377253215675,47.39792354850374,47.548622131347656,191202400,0.0,0.0,44.918827056884766,44.885578028361,46.4137825012207,0.5950224287879706,49.216189639897614,40.62146447387192,56.54017194565217,117.8247203965885,6.177706550592484
2019-06-24 00:00:00-04:00,47.491204251365325,47.87871430604713,47.402700603352024,47.50077438354492,72881600,0.0,0.0,45.153364753723146,44.89674084981282,46.45597750345866,0.635925004304319,49.47805574021296,40.82867376723333,56.370515878471686,112.54705752849226,6.177706550574085
2019-06-25 00:00:00-04:00,47.464895650291474,47.66343393459677,46.71380081144238,46.78078079223633,84281200,0.0,0.0,45.36075325012207,44.97527923583984,46.48128770192464,0.6032887869058499,49.57289415036121,41.14861234988294,53.854991008131854,83.82257533871218,1.644942018396022
2019-06-26 00:00:00-04:00,47.30702611814578,48.07725759186515,47.20656161939147,47.792606353759766,104270000,0.0,0.0,45.62889919281006,45.06410306294759,46.518338712056476,0.6515594444285071,49.73691037075323,41.52088801486689,56.66626394965255,101.26654285286469,4.1867224568727766
2019-06-27 00:00:00-04:00,47.90981377120324,48.215995988213024,47.73759152091885,47.77825546264648,83598800,0.0,0.0,45.88532428741455,45.13442853291829,46.5441099802653,0.6808083563653895,49.84802372311927,41.92262485170983,56.61565686639632,102.01870224347704,5.037853575378665
2019-06-28 00:00:00-04:00,47.524699340515674,47.720846929488616,47.13480217086817,47.3429069519043,124442400,0.0,0.0,46.15861339569092,45.19694023132324,46.5573434193929,0.661237014645728,49.68757127478192,42.629655516599925,55.072178889021785,78.36854923863206,1.0050593904394098
2019-07-01 00:00:00-04:00,48.59872246403011,48.9144711974964,47.9959317500997,48.21121597290039,109012000,0.0,0.0,46.49648647308349,45.297006861368814,46.58369859059652,0.7076346942935956,49.360000975879856,43.63297197028713,57.46479448337002,104.34460761872144,8.223093974615505
2019-07-02 00:00:00-04:00,48.17771659878482,48.589144680081205,48.16575575864351,48.49346160888672,67740800,0.0,0.0,46.772644996643066,45.45360476175944,46.60955518086751,0.7584372610560024,49.24255798290948,44.30273201037665,58.21309146619651,99.01612528448436,8.2230939745935
2019-07-03 00:00:00-04:00,48.62502883489124,48.90250429660593,48.483900395720205,48.89532852172851,45448000,0.0,0.0,47.03421249389648,45.5956111907959,46.629798062642415,0.8216544416115781,49.20826331319587,44.860161674597094,59.268532056918886,103.25257001409231,10.065370464303586
2019-07-05 00:00:00-04:00,48.64176894973504,49.05558773477184,48.53412503952128,48.852264404296875,69062000,0.0,0.0,47.2615743637085,45.76664047241211,46.651706250508624,0.8583846740852366,49.168561600116604,45.35458712730039,59.10304654603308,99.3278756290935,10.968548337195493
2019-07-08 00:00:00-04:00,48.0341982544595,48.17532669133114,47.46011437400138,47.84523010253906,101354400,0.0,0.0,47.37962112426758,45.92897885640462,46.65238253275553,0.7970465395686972,49.10723477894735,45.65200746958781,55.363561556115954,64.1780904651837,3.429857893962453
2019-07-09 00:00:00-04:00,47.649072334998095,48.20162877299694,47.55578363312732,48.13704681396485,82312000,0.0,0.0,47.48319568634033,46.10654640197754,46.664554595947266,0.7631852711060176,49.125367167042306,45.841024205638355,56.19440775036271,66.21668687469261,3.595777171547256
2019-07-10 00:00:00-04:00,48.2829558800939,48.73265344426047,48.213585211994285,48.61305236816406,71588400,0.0,0.0,47.583899116516115,46.305881118774415,46.68497784932455,0.7659304722624753,49.244677364596676,45.923120868435554,57.528404568278354,83.77086241320455,6.935317641174101
2019-07-11 00:00:00-04:00,48.63220718977892,48.8905460488803,48.24948579291271,48.25905227661133,80767200,0.0,0.0,47.67431716918945,46.50019327799479,46.69807141621907,0.7311133949562034,49.2709939168959,46.077640421483004,56.21146824197039,79.79322106634858,7.916484545953804
2019-07-12 00:00:00-04:00,48.426498389723854,48.79726263482881,48.3666978227694,48.62982177734375,70380800,0.0,0.0,47.783752822875975,46.6995288848877,46.717265065511064,0.7250803356441224,49.32355470451668,46.24395094123527,57.271274003377414,82.82663182459656,7.9164845459243685
2019-07-15 00:00:00-04:00,48.81878382184684,49.2445635130071,48.79725649643611,49.086692810058594,67789600,0.0,0.0,47.93289585113526,46.93984781901042,46.72866395314534,0.7485361084720878,49.36139143955062,46.50440026271989,58.550073724527635,101.29560170363726,10.76855591170543
2019-07-16 00:00:00-04:00,48.93838218259591,49.30197058543267,48.67765263415199,48.91685485839844,67467200,0.0,0.0,48.05979251861572,47.1886178334554,46.73433310190837,0.7448344858148772,49.35139552964965,46.768189507581795,57.883873838238294,98.88284769591228,9.82762271511949
2019-07-17 00:00:00-04:00,48.80921022118632,49.05797890617675,48.62263279495951,48.64176940917969,56430000,0.0,0.0,48.11839771270752,47.37766710917155,46.732756805419925,0.7115020734156801,49.403608157557024,46.833187267858015,56.800972203427655,89.2258163949111,9.385442613822924
2019-07-18 00:00:00-04:00,48.797255539973115,49.246956906066245,48.725494140074105,49.194332122802734,74162400,0.0,0.0,48.21156730651855,47.5620122273763,46.728674252827965,0.721357726629364,49.52624734327881,46.896887269758295,58.41748586304711,106.88354414010574,10.663445975963002
2019-07-19 00:00:00-04:00,49.22541480969587,49.39524996275497,48.40495308770733,48.45996856689453,83717200,0.0,0.0,48.24900188446045,47.700510279337564,46.71362311045329,0.6622770832157343,49.54622222823388,46.951781540687016,55.559146636611814,83.09602082267021,7.990950049612265
2019-07-22 00:00:00-04:00,48.71352835732806,49.569872702739694,48.70396187494887,49.567481994628906,89111600,0.0,0.0,48.34994487762451,47.83661651611328,46.724496841430664,0.6967901621472166,49.729286916911406,46.97060283833761,58.711002756326664,120.1181516805113,9.22636537403353
2019-07-23 00:00:00-04:00,49.86409602597792,49.97173629421098,49.5842262186613,49.95499038696289,73420800,0.0,0.0,48.47265567779541,47.96626434326172,46.74572105407715,0.7468020454603845,49.9658823458814,46.97942900970942,59.744396214832726,155.20969295538436,12.03812402796302
2019-07-24 00:00:00-04:00,49.67511590652774,50.02913410826558,49.55551481743322,49.9143180847168,59966400,0.0,0.0,48.629332542419434,48.076775487263994,46.7650359471639,0.774230066162346,50.02979825517148,47.22886682966739,59.582479811766525,143.030397800117,12.438870418449865
2019-07-25 00:00:00-04:00,49.96695653329002,50.050678778547585,49.450278810987754,49.519649505615234,55638400,0.0,0.0,48.715684700012204,48.179074096679685,46.79342060089111,0.7554125881382632,50.11189119111729,47.31947820890712,58.00446120124644,122.29407873976744,11.475602211890441
2019-07-26 00:00:00-04:00,49.62967672847252,50.1678817358878,49.54834884778114,49.691871643066406,70475600,0.0,0.0,48.8113655090332,48.28743286132813,46.78555730183919,0.7457993774244684,50.199335303637966,47.42339571442844,58.50061338093051,126.20870078230013,12.34082036422918
2019-07-29 00:00:00-04:00,49.86409857278544,50.385557683272346,49.85931350619357,50.15592193603515,86693600,0.0,0.0,48.952016258239745,48.422502517700195,46.790869140625,0.7667867784134472,50.28235016981251,47.62168234666698,59.82367858796782,149.55024477230197,13.956575182602956
2019-07-30 00:00:00-04:00,49.93585442943909,50.27073972938734,49.58901193836888,49.94063949584961,135742800,0.0,0.0,49.03848743438721,48.54122645060222,46.782266998291014,0.7573180599892879,50.39072067956111,47.6862541892133,58.922138823151215,126.03657170965785,11.320756185138581
2019-07-31 00:00:00-04:00,51.76814519291497,52.95219547888276,50.54343096661381,50.95964050292969,277125600,0.0,0.0,49.16179637908935,48.65755894978841,46.80363496144613,0.8225569727859892,50.736278021767255,47.58731473641145,61.744998309609784,237.39971254013432,28.332339909407303
2019-08-01 00:00:00-04:00,51.1653626359901,52.15326915093734,49.45267720551432,49.85692596435547,216071600,0.0,0.0,49.209876251220706,48.74175847371419,46.82894357045492,0.7763303803297816,50.80863765628853,47.61111484615288,57.33429676176096,140.82607166663925,18.746647997361
2019-08-02 00:00:00-04:00,49.16322646839944,49.37850698227008,48.2303393750456,48.802032470703125,163448400,0.0,0.0,49.20736465454102,48.77811698913574,46.83651180267334,0.6471148467997523,50.80864735077502,47.606081958307016,53.548787601787296,-2.3216716180648995,9.283618159990741
2019-08-05 00:00:00-04:00,47.35965283602837,47.51752354055811,46.06556784097547,46.24736022949219,209572000,0.0,0.0,49.127471160888675,48.734741592407225,46.810159810384114,0.33471155944400977,51.12526262832513,47.12967969345222,45.94848565695368,-181.9065927303303,4.639078516726777
2019-08-06 00:00:00-04:00,46.957790753154114,47.3787890279519,46.4148006509655,47.122840881347656,143299200,0.0,0.0,49.076760864257814,48.72214380900065,46.809442329406735,0.15597568477548407,51.22614180509461,46.927379923421014,48.537910100929466,-146.50744928712388,4.639078516694816
2019-08-07 00:00:00-04:00,46.742507730135785,47.735195505332065,46.36217706782614,47.610809326171875,133457600,0.0,0.0,49.026648712158206,48.7498114267985,46.862545331319176,0.05308921235990738,51.26638536603237,46.786912058284045,49.92121403558718,-126.43247365375741,2.3418634795335387
2019-08-08 00:00:00-04:00,47.88828556685008,48.68482942826137,47.6945323451434,48.66090774536133,108038000,0.0,0.0,49.0467414855957,48.778754806518556,46.92142893473307,0.055643682370110525,51.264587007239165,46.82889596395224,52.74873083612785,-38.264949004055886,3.497686217996698
2019-08-09 00:00:00-04:00,48.3343596886464,48.68491980321308,47.851734087471264,48.25992584228515,98478800,0.1925,0.0,49.02824668884277,48.79481048583985,46.96461950937907,0.025023771364956815,51.26680354366039,46.789689834025154,51.59792601553424,-46.68253090002829,3.4982283142746797
2019-08-12 00:00:00-04:00,47.93097076329877,48.51444257030938,47.81811826695935,48.13746643066406,89927600,0.0,0.0,48.98078536987305,48.821295801798506,47.00911801656087,-0.009020200536085099,51.25410530458947,46.70746543515662,51.24471891502843,-59.622883287989275,3.2749981882322725
2019-08-13 00:00:00-04:00,48.26712787556525,50.93716177711402,48.13746584722147,50.17601013183594,188874000,0.0,0.0,49.04374313354492,48.88678894042969,47.09189790089925,0.12702883696297107,51.37852017768161,46.708966089408236,56.386030344915426,73.47331400923251,16.67428174202017
2019-08-14 00:00:00-04:00,48.7809758877121,49.568540066095935,48.644110791052725,48.68252944946289,146189600,0.0,0.0,49.04578113555908,48.89309120178223,47.17334798177083,0.11303428100269741,51.379151530463375,46.71241074065479,52.21315844855292,5.283402820547376,16.67428174186908
2019-08-15 00:00:00-04:00,48.852997569788144,49.256382389403456,47.942974606430376,48.44000625610352,108909600,0.0,0.0,49.00806484222412,48.87791379292806,47.23676249186198,0.08143516582563848,51.35566734073123,46.660462343717015,51.57201594995315,-29.95357807710207,11.874518423563492
2019-08-16 00:00:00-04:00,49.04988847143179,49.74140951677776,48.944239015747925,49.58293533325195,110481600,0.0,0.0,49.06421318054199,48.902269490559895,47.334454981486004,0.14692381774347751,51.41033616016703,46.718090200916954,54.30734902089716,42.46210331584303,14.394702325498786
2019-08-19 00:00:00-04:00,50.5721820740641,51.07881647496091,50.43051745097723,50.507354736328125,97654400,0.0,0.0,49.11120681762695,48.991006978352864,47.45999291737874,0.27030110347728,51.53610407778446,46.68630955746944,56.36930316352631,135.60228578106592,20.851184490912253
2019-08-20 00:00:00-04:00,50.634624409226056,51.22769905454453,50.50016279412302,50.509765625,107537200,0.0,0.0,49.13894557952881,49.07009760538737,47.58832200368246,0.36407618622855864,51.61660190753336,46.66128925152426,56.37461449352322,129.25230941180018,21.53271842471555
2019-08-21 00:00:00-04:00,51.14126462439481,51.29973516626406,50.80751034118719,51.05722427368164,86141600,0.0,0.0,49.196090888977054,49.15157000223795,47.728725560506184,0.477069591284895,51.798619541021374,46.59356223693273,57.58745282240094,138.55513189668332,21.86945751867332
2019-08-22 00:00:00-04:00,51.189276167751544,51.48941498513007,50.60340461002002,51.01399612426758,89014800,0.0,0.0,49.27080821990967,49.243401463826494,47.87179737091064,0.5567120979565772,51.99539119148116,46.546225248338175,57.45697252017056,125.52968402564845,20.355550338992863
2019-08-23 00:00:00-04:00,50.28646541152127,50.91555897861763,48.26233061738834,48.65611267089844,187272000,0.0,0.0,49.21902027130127,49.24427782694499,47.97190335591634,0.4246725089211054,51.94927339748321,46.488767145119326,50.94386931657243,-1.4104518682494285,4.894459938666865
2019-08-26 00:00:00-04:00,49.429264742992345,49.74861290398016,49.23717515529538,49.580535888671875,104174400,0.0,0.0,49.19025096893311,49.26073926289876,48.10029354095459,0.3901262783718664,51.89090178674961,46.489600151116605,53.10007001420869,15.251995953844983,4.894459938636517
2019-08-27 00:00:00-04:00,49.909486415436,50.075163637483826,48.869805058122104,49.02107620239258,103493200,0.0,0.0,49.144272804260254,49.26421330769857,48.22641557057698,0.31398499708882355,51.822349601110986,46.46619600740952,51.67799419902169,-0.23503310482442336,2.6793649886713755
2019-08-28 00:00:00-04:00,49.006660548328036,49.395639227523624,48.81937424621139,49.35001754760742,63755200,0.0,0.0,49.06379165649414,49.28782157897949,48.33274434407552,0.27699230570655686,51.60543138962215,46.52215192336613,52.452506304136016,-11.323358481268501,2.3723652914181246
2019-08-29 00:00:00-04:00,50.06315640226348,50.26004923163214,49.621352927714746,50.18561172485352,83962000,0.0,0.0,49.08022594451904,49.32086423238118,48.44143822987874,0.31150990573488,51.6475795297803,46.512872359257784,54.37424153244818,48.32929845062875,7.2875507425778725
2019-08-30 00:00:00-04:00,50.46173050840228,50.53136108890802,49.751000310003654,50.12077331542969,84573600,0.0,0.0,49.14616298675537,49.37622439066569,48.53836733500163,0.329831344256192,51.7508991347139,46.541426838796845,54.19840357884965,53.30549640080736,8.778749081209586
2019-09-03 00:00:00-04:00,49.56612630727239,49.69818812822895,49.03548289552534,49.390846252441406,80092000,0.0,0.0,49.303337287902835,49.37033653259277,48.60347652435303,0.2821991860016766,51.522385289492476,47.084289286313194,52.231328870804184,-3.4003467048039138,4.206127068735864
2019-09-04 00:00:00-04:00,50.036742667870506,50.29846283883695,49.77982574387522,50.22883224487305,76752400,0.0,0.0,49.4586368560791,49.379464594523114,48.67286446889241,0.3085124837910982,51.459133840505345,47.45813987165286,54.20525351425536,49.78379272083044,7.577838956757655
2019-09-05 00:00:00-04:00,50.90354224548307,51.376561303793046,50.78588651283309,51.21088409423828,95654800,0.0,0.0,49.638640594482425,49.42268346150716,48.74972947438558,0.4039528220792832,51.58623402249006,47.69104716647479,56.389968199975115,116.97736615135906,13.250800487225805
2019-09-06 00:00:00-04:00,51.39577500112992,51.4846149241543,51.02600190350711,51.206085205078125,77449200,0.0,0.0,49.76589946746826,49.47889798482259,48.82898604075114,0.4737417475620447,51.77610215072138,47.75569678421514,56.37637236908406,115.39883220134408,13.799390890187816
2019-09-09 00:00:00-04:00,51.58545357319783,51.96963269243375,50.68023761457171,51.42457962036133,109237600,0.0,0.0,49.92413215637207,49.53665491739909,48.91204388936361,0.5404506682043291,51.93341886117425,47.91484545156988,56.866201364368514,113.96943623902902,16.258429866951225
2019-09-10 00:00:00-04:00,51.3501518092004,52.05127566981013,50.83391449199176,52.03206634521485,127111600,0.0,0.0,50.11886215209961,49.59919306437175,49.01084779103597,0.6350169895710209,52.15380292451081,48.083921379688405,58.21564913267419,122.81565146526941,16.672361478366728
2019-09-11 00:00:00-04:00,52.36101772978543,53.71524388706847,52.27937718938957,53.68642807006836,177158400,0.0,0.0,50.29438304901123,49.72405268351237,49.13263956705729,0.8338426269312862,52.880897986618585,47.707868111403876,61.6000798836995,193.56605175507443,24.53687280823162
2019-09-12 00:00:00-04:00,53.976971102844466,54.36594987704424,53.51115502500784,53.56637954711914,128906800,0.0,0.0,50.53857555389404,49.81094398498535,49.23425146738688,0.9705386985089817,53.392679605408865,47.68447150237922,61.22779943583992,207.68953988969562,27.312157137547405
2019-09-13 00:00:00-04:00,52.8244384765625,53.01412462083623,52.10890847215429,52.52429962158203,159053200,0.0,0.0,50.74279022216797,49.89985644022624,49.320807456970215,0.9834476072690705,53.54872778236721,47.93685266196873,58.076037577099186,130.9547804056694,17.6653394625702
2019-09-16 00:00:00-04:00,52.27937831072937,52.855647033642335,52.23855987155783,52.800418853759766,84632400,0.0,0.0,50.90366439819336,50.033135986328126,49.405626487731936,1.0043806499497663,53.797180517225414,48.0101482791613,58.659349607613485,123.66567599774746,17.66533946250927
2019-09-17 00:00:00-04:00,52.81482810263167,53.02132375192014,52.61313203639829,52.99250793457031,73274800,0.0,0.0,51.02792205810547,50.257974243164064,49.496357917785645,1.0246585941095603,54.05990856769761,47.99593554851332,59.06919324144572,125.79205790734207,18.44667839336139
2019-09-18 00:00:00-04:00,53.07895615977941,53.50875705605579,52.68997737232846,53.48954772949219,101360000,0.0,0.0,51.176911163330075,50.47019780476888,49.596170806884764,1.0685187494523447,54.38917828240921,47.96464404425094,60.12729711685135,132.1027624406362,20.736014934786265
2019-09-19 00:00:00-04:00,53.3070606073627,53.72725500568296,52.913278574917605,53.05494689941406,88242400,0.0,0.0,51.2767972946167,50.651669057210285,49.70074024200439,1.0560362550912856,54.5958581541939,47.9577364350395,58.753463557918906,123.92453271158067,21.754565087954685
2019-09-20 00:00:00-04:00,53.15578062057358,53.439109875358426,52.21694562055294,52.27937316894531,221652400,0.0,0.0,51.34006614685059,50.772284571329756,49.775519688924156,0.9723527923483246,54.686165798554484,47.993966495146694,56.375481889607535,89.8363270833988,16.806161561331237
2019-09-23 00:00:00-04:00,52.572318178824,52.78601688512093,52.2601730542611,52.517093658447266,76662000,0.0,0.0,51.533115196228025,50.91419016520182,49.85450032552083,0.9146713401612772,54.6659379512577,48.400292441198346,56.928239127271084,78.51231677285111,16.806161561277882
2019-09-24 00:00:00-04:00,53.07174949586762,53.42231327005474,52.149723866608696,52.26737594604492,124763200,0.0,0.0,51.66745719909668,51.051853815714516,49.93657480875651,0.8391352129266636,54.67568678475983,48.65922761343353,56.155027408575016,78.21396918387542,19.986209868872656
2019-09-25 00:00:00-04:00,52.4762724285388,53.18459931647141,52.13771495764018,53.071746826171875,87613600,0.0,0.0,51.86999073028564,51.14837837219238,50.01758365631103,0.834558030027317,54.66597150132704,49.07400995924424,58.0534678961977,81.38103250479983,19.89673166581172
2019-09-26 00:00:00-04:00,52.824431771617654,53.05013674812319,52.54350227867051,52.79801940917969,75334000,0.0,0.0,52.04239082336426,51.28556137084961,50.08932628631592,0.7996254799042077,54.59910342428964,49.48567822243888,57.18186094379159,75.85221576694087,19.896731665744195
2019-09-27 00:00:00-04:00,52.95408716657338,53.05493702755311,52.17132649489073,52.54109954833984,101408000,0.0,0.0,52.16016521453857,51.42226448059082,50.15008913675944,0.7426491001122244,54.56950526023754,49.750825168839604,56.36024655238236,60.591348673169705,17.0028977091957
2019-09-30 00:00:00-04:00,53.04053289901251,53.92414352515708,53.01412053525755,53.77767562866211,103909600,0.0,0.0,52.343010330200194,51.562089157104495,50.23217932383219,0.7881904944306797,54.65371499876538,50.03230566163501,59.27384428407513,104.1700514700601,21.576024347022624
2019-10-01 00:00:00-04:00,54.041788672136505,54.79813691460626,53.83288959473361,53.92653274536133,139223200,0.0,0.0,52.56979465484619,51.6760617574056,50.33353436787923,0.8267634879561214,54.52323099058722,50.61635831910516,59.609656788456945,124.82123535303174,25.827147807217802
2019-10-02 00:00:00-04:00,53.55917937969037,53.68403817289297,52.32740831027184,52.57472610473633,138449200,0.0,0.0,52.687089347839354,51.74489377339681,50.40749568939209,0.7397262609765605,54.30086867298183,51.07331002269688,55.32411118106544,55.20159856911026,14.743716234626875
2019-10-03 00:00:00-04:00,52.44746277412271,53.05494719260859,51.6550991210978,53.021331787109375,114426000,0.0,0.0,52.77761173248291,51.8103640238444,50.48096701304118,0.698731436598095,54.23861338158612,51.3166100833797,56.39551595645679,38.590466089275886,10.257055555889547
2019-10-04 00:00:00-04:00,54.17865555013315,54.622862444828854,53.75846122523863,54.507606506347656,138478800,0.0,0.0,52.942687797546384,51.92681770324707,50.585109583536784,0.777213458501798,54.40211679799155,51.483258797101215,59.72101620378208,115.67435109241585,17.99314146730201
2019-10-07 00:00:00-04:00,54.3299328547412,55.20873658677315,54.22668318942507,54.51961898803711,122306000,0.0,0.0,53.097439765930176,52.12226791381836,50.68327287038167,0.8308033493189413,54.535294739394416,51.659584792465935,59.74668375294482,128.34219484200827,20.6376235918877
2019-10-08 00:00:00-04:00,54.22187750074084,54.75972389234403,53.86411072762326,53.880916595458984,111820000,0.0,0.0,53.18988227844238,52.26561393737793,50.763176600138344,0.81237126836524,54.576144268327475,51.80362028855729,57.72344470264821,101.5490153636141,18.197496317334885
2019-10-09 00:00:00-04:00,54.512413024902344,54.694896109411246,54.17865880193493,54.512413024902344,74770400,0.0,0.0,53.23118152618408,52.44865849812825,50.85643590291341,0.8390481706122088,54.72478883325334,51.73757421911482,59.13872015016402,116.50305634301697,18.197496317249396
2019-10-10 00:00:00-04:00,54.72850967565127,55.331190753868945,54.577242206069194,55.24715042114258,113013600,0.0,0.0,53.31522006988526,52.64522959391276,50.966525586446124,0.9089986051711634,55.056793561534576,51.57364657823594,60.72136079374952,151.51234260476193,21.191237023319783
2019-10-11 00:00:00-04:00,55.93387223570824,57.059993724351415,55.78020129962542,56.71663665771485,166795600,0.0,0.0,53.52483692169189,52.86293042500814,51.091897328694664,1.0706680915160405,55.79465800133515,51.255015842048635,63.635464656255756,222.95015743330615,28.541639551762724
2019-10-14 00:00:00-04:00,56.40208268669869,57.17764399561088,56.34685817252537,56.63499069213867,96427600,0.0,0.0,53.71656551361084,53.08007100423177,51.22814769744873,1.1786178047429487,56.34777474588649,51.08535628133519,63.36526034118931,209.70899323780026,29.007781353693698
2019-10-15 00:00:00-04:00,56.75986191418055,57.06240057658288,56.39729547769647,56.50294494628906,87360000,0.0,0.0,53.892087364196776,53.31714096069336,51.34373874664307,1.2392286851835195,56.77612646089082,51.00804826750273,62.91828570137824,187.89977843162598,29.00778135358303
2019-10-16 00:00:00-04:00,56.03471879637498,56.48372898515924,55.99390035444989,56.27482986450195,73903200,0.0,0.0,54.031351470947264,53.51867421468099,51.44906940460205,1.2543963635036945,57.096830604619576,50.96587233727495,62.134998920902284,149.7283551139944,25.99205190677442
2019-10-17 00:00:00-04:00,56.44769497348481,56.702212051166576,56.07072260290043,56.493316650390625,67585200,0.0,0.0,54.203269958496094,53.69475529988607,51.558719380696616,1.2694139022185595,57.42011078682821,50.98642913016398,62.59637181959101,143.72996209545175,26.948836128387146
2019-10-18 00:00:00-04:00,56.32765975363138,57.04559323208137,56.255625693832314,56.76466369628906,97433600,0.0,0.0,54.42753448486328,53.8800412495931,51.67946961720784,1.2883594430244543,57.70446423573949,51.150604733987066,63.17287943574193,142.97871061207567,28.452707900814005
2019-10-21 00:00:00-04:00,57.0311814328969,57.864367125177715,56.9831599524487,57.74911117553711,87247200,0.0,0.0,54.68913536071777,54.090858968098956,51.81375694274902,1.3670520794018586,58.153879993479045,51.2243907279565,65.18672827059382,166.70617350326123,31.910315798817322
2019-10-22 00:00:00-04:00,57.90519037069038,58.15490428802028,57.53541724657344,57.61705780029297,82293600,0.0,0.0,54.95661945343018,54.277025349934895,51.93810920715332,1.4025927408814667,58.4599417671687,51.45329713969166,64.69580296001578,160.39982635042094,33.097144810762224
2019-10-23 00:00:00-04:00,58.13089626006461,58.40462275566765,57.91959732879052,58.39021301269531,75828800,0.0,0.0,55.22254276275635,54.4338181813558,52.07893543243408,1.4761302249003592,58.9251886201936,51.519896905319094,66.23591278526692,160.03099191720736,34.11818911971997
2019-10-24 00:00:00-04:00,58.70954952666312,58.77918378053314,58.06125044639696,58.48624801635742,69275200,0.0,0.0,55.506954193115234,54.59781379699707,52.20437889099121,1.5245839779149861,59.29825160741764,51.71565677881283,66.42412112715135,148.8086777185009,35.64222824376677
2019-10-25 00:00:00-04:00,58.38541683972914,59.242611574535424,58.3181860238151,59.20659637451172,73477200,0.0,0.0,55.84022903442383,54.820557022094725,52.36020673116048,1.6026358303243384,59.704936077096676,51.97552199175098,67.81618034771535,149.22926250031384,37.49295500716011
2019-10-28 00:00:00-04:00,59.408273742307344,59.84767739008357,59.24019674518622,59.79965591430664,96572800,0.0,0.0,56.14132804870606,55.05386492411296,52.54350045522054,1.6928335032745707,60.25946597320005,52.023190124212064,68.91386119394726,156.1886251397102,39.82998985349964
2019-10-29 00:00:00-04:00,59.7804471734003,59.967733495416816,58.24373795075097,58.4166145324707,142839600,0.0,0.0,56.36583213806152,55.2346684773763,52.74632136027018,1.633881558422182,60.46510302212006,52.26656125400298,63.6746578392777,118.8736807226102,31.45664916645386
2019-10-30 00:00:00-04:00,58.769590471718864,58.8992525151432,57.91719901292371,58.409423828125,124522000,0.0,0.0,56.65756702423096,55.39866434733073,52.934431076049805,1.5685007869413354,60.4389814246858,52.876152623776115,63.64863184924686,95.62944680574324,28.841165757981784
2019-10-31 00:00:00-04:00,59.36505627876599,59.828468838504534,56.968745403896456,59.73002243041992,139162000,0.0,0.0,56.993001556396486,55.62116686503092,53.13641796112061,1.6047487799876592,60.602583822321975,53.383419290471,66.26804950774716,101.43517876423202,21.573219554934354
2019-11-01 00:00:00-04:00,59.917312039179826,61.45162155934046,59.82607232816422,61.42521286010742,151125200,0.0,0.0,57.33888187408447,55.92602818806966,53.34915637969971,1.7500893355404799,61.25814051078594,53.419623237383,69.2138930622665,152.7335549165534,28.694329242522485
2019-11-04 00:00:00-05:00,61.78777973024419,61.91264217896342,61.31956753037255,61.8286018371582,103272000,0.0,0.0,57.70433101654053,56.236411794026694,53.575300979614255,1.8761952808176474,61.87190193225574,53.53676010082532,69.86180247759765,164.18057231187532,30.54725046197056
2019-11-05 00:00:00-05:00,61.72055980377515,61.99428999489555,61.54528337772311,61.73977279663086,79897600,0.0,0.0,58.09727382659912,56.55215835571289,53.80200608571371,1.946529014986261,62.228777601225644,53.9657700519726,69.52847094623525,155.51693031270537,30.876334730822293
2019-11-06 00:00:00-05:00,61.65331038805769,61.826190633565766,61.31715639057186,61.76616287231445,75864400,0.0,0.0,58.459961318969725,56.841972223917644,53.99517529805501,1.9815563168539612,62.53964040486838,54.38028223307107,69.5730882587234,140.51984158386085,29.108153812029027
2019-11-07 00:00:00-05:00,62.3128483676645,62.7005915790344,62.16112308276353,62.47902297973633,94940400,0.1925,0.0,58.82155494689941,57.1646723429362,54.2251168568929,2.0432838546146925,62.98337806945356,54.659731824345265,70.76910750424393,149.5661585563007,32.712741699965775
2019-11-08 00:00:00-05:00,62.30080757426929,62.722263418043795,61.85767774048204,62.65001678466797,69986400,0.0,0.0,59.11822395324707,57.5016362508138,54.461950365702315,2.082001130978874,63.48893640014164,54.747511506352495,71.05146943214244,137.8225982393005,30.333661714220973
2019-11-11 00:00:00-05:00,62.20688303941407,63.211155396483534,62.202069046791834,63.14613342285156,81821200,0.0,0.0,59.44378108978272,57.81391817728679,54.68800366719564,2.128184926834642,64.00165947265724,54.885902706908205,71.86712143519132,138.90679184616292,32.35476868962131
2019-11-12 00:00:00-05:00,62.989602578419984,63.28823923680265,62.83788460192321,63.08834457397461,87388800,0.0,0.0,59.77305107116699,58.11931190490723,54.89768683115641,2.135506056135057,64.38752861544836,55.15857352688561,71.62394575787673,133.68254710695916,32.67335490362509
2019-11-13 00:00:00-05:00,62.888432430266306,63.76746735630996,62.87398310487646,63.69281005859375,102734400,0.0,0.0,60.14395008087158,58.48991470336914,55.117404238382974,2.165125201156158,64.76698853677165,55.52091162497152,72.62619508339804,134.5277757614044,34.65269172052027
2019-11-14 00:00:00-05:00,63.51942181384487,63.791563071866,63.12205059753754,63.25210189819336,89182800,0.0,0.0,60.48188934326172,58.830940373738606,55.32065219879151,2.128501086013614,64.96739174560905,55.9963869409144,70.74167002411896,123.89530027330086,34.75246577565516
2019-11-15 00:00:00-05:00,63.50255217696832,64.0083006253325,63.34119892343502,64.00348663330078,100206400,0.0,0.0,60.8438304901123,59.147469711303714,55.53714370727539,2.1354900791040876,65.23359320145455,56.45406777877005,72.02210687380096,123.30456721674085,35.666463143283146
2019-11-18 00:00:00-05:00,64.01313928749168,64.40569660274649,63.635038653115814,64.32622528076172,86703200,0.0,0.0,61.17268619537354,59.47435658772786,55.798312250773115,2.142375249794597,65.57171583689707,56.77365655385,72.55577524166922,120.84907671787919,37.33157038614237
2019-11-19 00:00:00-05:00,64.51887757210454,64.54296223689062,63.91439437873861,64.13114166259766,76167200,0.0,0.0,61.49839038848877,59.816030756632486,56.04082234700521,2.1077928555841083,65.75113549643844,57.245645280539115,71.70056651116498,113.58668003240926,37.90584171856868
2019-11-20 00:00:00-05:00,63.95048922569943,64.08053312834515,62.71261003304574,63.3845329284668,106234400,0.0,0.0,61.74810638427734,60.111768086751304,56.280213292439775,1.9971194242852945,65.8148482597535,57.68136450880119,68.5038041750866,86.78986172307583,27.337370226456294
2019-11-21 00:00:00-05:00,63.50498352381992,63.58205151905622,62.900492919948576,63.10038757324219,121395200,0.0,0.0,61.978813362121585,60.373542658487956,56.50938612620036,1.8649834093263067,65.78135490132395,58.17627182291921,67.3220802139506,76.4884529955938,27.337370226333384
2019-11-22 00:00:00-05:00,63.240067666749475,63.382157650570974,62.81861170894366,63.04499435424805,65325200,0.0,0.0,62.170733261108396,60.58448791503906,56.723709170023604,1.7357858370104537,65.7659543633494,58.5755121588674,67.08868607946658,69.06770858185399,26.629799812085828
2019-11-25 00:00:00-05:00,63.26895253287637,64.16725825293672,63.22319387946589,64.15039825439453,84020400,0.0,0.0,62.38827037811279,60.83500150044759,56.95753625233968,1.7029620007403707,65.90506580733167,58.871474948893926,69.28677604145213,84.67979832553421,30.46243579695262
2019-11-26 00:00:00-05:00,64.2876744119495,64.34065772923968,63.21838008089831,63.649471282958984,105207600,0.0,0.0,62.649913215637206,61.073219045003256,57.19518000284831,1.6178783592092358,65.66547726376575,59.63434916750866,67.183296783869,77.74523937515421,31.282580415163917
2019-11-27 00:00:00-05:00,63.960142519969104,64.53814504778033,63.89512054291369,64.50442504882812,65235600,0.0,0.0,62.95466327667236,61.34753888448079,57.43310654958089,1.6009814662930992,65.32974168688203,60.579584866462696,68.85284050689646,90.15004712563524,32.224381408100285
2019-11-29 00:00:00-05:00,64.20577308333193,64.54293620552941,64.03718784743079,64.36231231689453,46617600,0.0,0.0,63.18627777099609,61.60983874003092,57.652297019958496,1.5581617286542055,65.09498356912279,61.277571972869396,68.25572881997093,87.40328131084173,32.2476859701473
2019-12-02 00:00:00-05:00,64.36715556270056,64.6031735303105,63.44718305749584,63.61817169189453,94487200,0.0,0.0,63.29592571258545,61.83828900655111,57.8591651280721,1.4474950270436295,65.0218719201824,61.569979504988495,65.19319254021858,71.80586668860657,26.69791268541542
2019-12-03 00:00:00-05:00,62.20929283970755,62.50310807690643,61.72281500581728,62.48384475708008,114430400,0.0,0.0,63.328687858581546,61.9961134592692,58.04348621368408,1.2538070577391096,64.95961900614257,61.697756711020524,60.88533511412356,12.385174011684706,12.43272225302724
2019-12-04 00:00:00-05:00,62.87398229280023,63.41344336600285,62.7800543293734,63.03533554077149,67181600,0.0,0.0,63.393465995788574,62.17672271728516,58.226874033610024,1.1317623915102146,64.85253406934014,61.934397922237004,62.14345862212397,39.496766543034084,17.505301280323128
2019-12-05 00:00:00-05:00,63.52906394668115,64.03481252591874,63.273782660423635,63.960147857666016,74424400,0.0,0.0,63.50316524505615,62.36238721211751,58.39810269673665,1.0970199758237769,64.76345031527998,62.24288017483233,64.14415954767426,63.95860022432303,20.747011523556917
2019-12-06 00:00:00-05:00,64.41773515061479,65.26546100190234,64.37437981221761,65.19561767578125,106075600,0.0,0.0,63.638994979858396,62.58603286743164,58.59192333221436,1.1558544792145469,65.01480449774135,62.263185461975446,66.58471249164529,112.87956377701613,26.652314034331372
2019-12-09 00:00:00-05:00,65.02461888758106,65.21728148518294,63.79878528754208,64.2828598022461,128042400,0.0,0.0,63.7206371307373,62.75524164835612,58.787899335225426,1.1159651631365435,65.04205753183335,62.39921672964125,63.29221591466161,87.20421115512161,22.245102810806735
2019-12-10 00:00:00-05:00,64.6874832617339,65.04150663179412,64.02759851675567,64.65858459472656,90420400,0.0,0.0,63.79625968933105,62.91720593770345,58.9855354309082,1.1019676463714632,65.15191349706565,62.440605881596454,64.04921730209055,92.3705940534109,22.245102810665674
2019-12-11 00:00:00-05:00,64.73802401273718,65.28953113493121,64.6633667099047,65.21005249023438,78756800,0.0,0.0,63.90234508514404,63.143653869628906,59.189161173502605,1.1224346360533346,65.35345144852486,62.451238721763225,65.14073399851122,118.68787315266955,23.47307754848187
2019-12-12 00:00:00-05:00,64.48996866624496,65.64114490385342,64.37918804536231,65.37622833251953,137310400,0.0,0.0,63.98651599884033,63.37588068644206,59.38727251688639,1.1389349414729466,65.57521642868883,62.397815568991824,65.4675626909622,124.91111859046153,25.205391161248578
2019-12-13 00:00:00-05:00,65.37622984964455,66.30102352499274,65.248589228168,66.26490020751953,133587600,0.0,0.0,64.13715591430665,63.59370994567871,59.60743840535482,1.2097744193205315,65.9831573320828,62.291154496530496,67.17036710878406,178.53104185133844,28.3540482655992
2019-12-16 00:00:00-05:00,66.71043995432287,67.62319496321233,66.70562596191743,67.39921569824219,128186000,0.0,0.0,64.30694236755372,63.792843373616535,59.8594357808431,1.3419755374716331,66.65700591100418,61.956878824103256,69.17726116556962,251.32491804444328,34.10396220115394
2019-12-17 00:00:00-05:00,67.32937932220554,67.85920511821561,67.14393404643634,67.53167724609375,114158400,0.0,0.0,64.46721496582032,63.98294588724772,60.10967884063721,1.440825476735192,67.22471538688207,61.709714544758576,69.40321175607674,240.22014953670356,35.06625298926269
2019-12-18 00:00:00-05:00,67.38475724722979,67.89050566637485,67.22099333233885,67.37030792236328,116028400,0.0,0.0,64.6291732788086,64.1706303914388,60.36139437357585,1.4889795802283174,67.66955013439774,61.58879642321945,68.76790647200991,210.74249755863778,35.19608828083143
2019-12-19 00:00:00-05:00,67.31251420192149,67.71711001890772,67.18005960040058,67.437744140625,98369200,0.0,0.0,64.8318338394165,64.35968310038248,60.60082766215007,1.5151182533081595,68.05758544964179,61.606082229191216,68.89101389527632,185.5772651773977,34.83136299520567
2019-12-20 00:00:00-05:00,67.96999593464518,68.07114122602003,67.08613954782287,67.2980728149414,275978000,0.0,0.0,65.04171810150146,64.52031809488932,60.84249521891276,1.5071890936630865,68.3385874086175,61.74484879438542,68.31407391611965,165.475096336078,36.3672729115762
2019-12-23 00:00:00-05:00,67.560591164887,68.45648637288053,67.52205716835296,68.39627838134766,98572000,0.0,0.0,65.30928230285645,64.71186014811198,61.10674819946289,1.5714069870600298,68.7874474647988,61.83111714091409,70.33483281728316,174.33296779073035,38.01226745505057
2019-12-24 00:00:00-05:00,68.56244109414793,68.61061041883474,68.13617123413715,68.46128845214844,48478800,0.0,0.0,65.52482681274414,64.88903198242187,61.35147507985433,1.6089983680239754,69.22764787264602,61.82200575284226,70.4502372126092,164.7144231813864,38.66828103097676
2019-12-26 00:00:00-05:00,68.59376902155901,69.8364629694818,68.56487035875298,69.8196029663086,93121200,0.0,0.0,65.83333339691163,65.11340726216635,61.616359583536784,1.728469714717633,69.88955190173107,61.777114892092186,72.74220850593551,183.17099715294242,43.58101696349081
2019-12-27 00:00:00-05:00,70.11100606214161,70.7973786870116,69.38851010956454,69.79310607910156,146266000,0.0,0.0,66.09776744842529,65.31675046284994,61.90333258310954,1.8002612493047678,70.46671554775446,61.72881934909611,72.62852951794406,178.69688337679204,47.02216092891333
2019-12-30 00:00:00-05:00,69.71120040665178,70.48909009721564,68.69007549241081,70.20731353759766,144114400,0.0,0.0,66.39001750946045,65.54859085083008,62.18976561228434,1.8690345708208298,71.04291639490872,61.737118624012176,73.30321140861427,150.73635473072,40.57527129611661
2019-12-31 00:00:00-05:00,69.82440364292783,70.72752343141342,69.72566166410049,70.72029876708984,100805600,0.0,0.0,66.74512386322021,65.77248458862304,62.45997714996338,1.9425391621581838,71.58750625351414,61.9027414729263,74.12048462321232,151.73877276827312,41.481473856814866
2020-01-02 00:00:00-05:00,71.34406195339083,72.39409318664748,71.09119131937346,72.3338851928711,135480400,0.0,0.0,67.23762588500976,66.03940658569336,62.75688158671061,2.1067101760927045,72.2556095021869,62.219642267832626,76.46490175705233,176.86951964201546,47.293192363884145
2020-01-03 00:00:00-05:00,71.56319785492231,72.3892495107853,71.40665858931894,71.63063049316406,146322800,0.0,0.0,67.66739063262939,66.28938954671224,63.052710151672365,2.1552260066791007,72.6420855156249,62.69269574963389,73.4643637171398,153.8759488411266,47.293192363597655
2020-01-06 00:00:00-05:00,70.75402846338375,72.23995764322866,70.5035611498287,72.20142364501953,118387200,0.0,0.0,68.07945442199707,66.58328590393066,63.347526995340985,2.2142093617688374,73.12595239760348,63.032956446390656,74.31076731774512,135.9692172823483,39.272110007607964
2020-01-07 00:00:00-05:00,72.21103349810856,72.46631471524569,71.64267376172208,71.86183166503906,108872000,0.0,0.0,68.41276512145996,66.87533404032389,63.62443834940593,2.20809827847296,73.53725465017098,63.288275592748924,72.88003464568011,133.33170854560362,40.1176455756308
2020-01-08 00:00:00-05:00,71.56560624404386,73.31886213203573,71.56560624404386,73.017822265625,132079200,0.0,0.0,68.84951324462891,67.20776163736979,63.896124776204424,2.270362653960561,73.98088879244413,63.71813769681368,74.60200740093818,138.89894548092542,43.19903868786357
2020-01-09 00:00:00-05:00,73.99320238999518,74.76145686133366,73.74274246581768,74.56879425048828,170108400,0.0,0.0,69.34502372741699,67.55504150390625,64.19502150217691,2.4169964665514954,74.68224162706936,64.00780582776461,76.65898599350149,166.96579844687326,47.892542532045944
2020-01-10 00:00:00-05:00,74.8024026801614,75.30092656417412,74.23644614635045,74.73737335205078,140644800,0.0,0.0,69.8213897705078,67.92463823954265,64.49892864227294,2.517784294016039,75.30339777788532,64.33938176313029,76.86962369951308,158.75363518741764,49.50661112313811
2020-01-13 00:00:00-05:00,75.05286332420356,76.36057889021191,74.93485068528152,76.3340835571289,121532000,0.0,0.0,70.36928253173828,68.31896018981934,64.83324953715007,2.695429311448734,76.1622173684957,64.57634769498085,78.74871235138902,165.14922326402842,52.49657939808926
2020-01-14 00:00:00-05:00,76.27148630079421,76.48100893453174,75.18051779267843,75.30333709716797,161954400,0.0,0.0,70.8212043762207,68.68366101582845,65.1467498779297,2.7216679486831623,76.6758511088728,64.9665576435686,74.69630850607788,144.98769940275506,52.82500622101474
2020-01-15 00:00:00-05:00,75.10344034713454,75.98247543934815,74.54952248725758,74.9806137084961,121923600,0.0,0.0,71.2002742767334,69.06240908304851,65.45034904479981,2.6854648106829444,77.10356540914321,65.29698314432358,73.47171686133476,123.99662417353922,47.30492408507584
2020-01-16 00:00:00-05:00,75.52249718552835,76.03065646802948,75.16124922768141,75.91986846923828,108829200,0.0,0.0,71.61968383789062,69.51027654012044,65.75319499969483,2.701423246888055,77.6166988320418,65.62266884373943,74.71954085066903,125.60281422242569,47.45484319874646
2020-01-17 00:00:00-05:00,76.16790890123319,76.7627640392473,75.86205500785368,76.76036071777344,137816400,0.0,0.0,72.08918647766113,69.96777737935385,66.0722500483195,2.7501886597878666,78.15532381671447,66.02304913860779,75.77439492319978,130.75159101457592,49.70411289275862
2020-01-21 00:00:00-05:00,76.3894803308505,76.83019952815127,76.10288974668396,76.24016571044922,110843200,0.0,0.0,72.52930755615235,70.37711130777994,66.36974925994873,2.715556960936638,78.45003274340047,66.60858236890422,73.80271909081014,119.85655714911144,49.90843263357973
2020-01-22 00:00:00-05:00,76.72424743670398,77.0638214037391,76.41839347401398,76.51232147216797,101832400,0.0,0.0,72.99001998901367,70.7543347676595,66.67018381754558,2.6791877766069803,78.62383987759272,67.35620010043463,74.16652560035148,115.75165095631789,50.62724162443662
2020-01-23 00:00:00-05:00,76.56529382668359,76.96025438766408,76.01860061750638,76.88078308105469,104472000,0.0,0.0,73.41424522399902,71.1742655436198,66.96475359598796,2.6495542958427194,78.8664468175791,67.96204363041893,74.65939203935626,107.32362327112604,46.89557889207205
2020-01-24 00:00:00-05:00,77.1264324079885,77.86819158420508,76.46895853504518,76.65921783447266,146537600,0.0,0.0,73.82414169311524,71.57428665161133,67.2457462946574,2.5784681098089948,78.93014743830244,68.71813594792803,73.78372369575116,108.06770061600292,49.81639842503864
2020-01-27 00:00:00-05:00,74.67237218746828,75.08419286532549,73.4248641436704,74.4050521850586,161940000,0.0,0.0,74.05341415405273,71.8807866414388,67.51222025553385,2.313570070543733,78.80156524108756,69.3052630670179,65.6764918814728,51.68248767780692,25.815209590668953
2020-01-28 00:00:00-05:00,75.28406920782065,76.68089158109271,75.18532722614749,76.50990295410156,162234000,0.0,0.0,74.38925399780274,72.25190912882486,67.81389490763347,2.2475717242562183,78.80732224340973,69.97118575219575,68.96995748668583,83.45771366380104,31.748224916372692
2020-01-29 00:00:00-05:00,78.13793027321145,78.95675744540253,77.39857441186852,78.11143493652344,216229200,0.0,0.0,74.78446006774902,72.64679361979167,68.1202517827352,2.2980078022668238,79.03847492759299,70.53044520790506,71.1489729070639,117.72568834067765,38.94782953678136
2020-01-30 00:00:00-05:00,77.19626294921763,78.05121329496869,76.76517176985938,77.99822998046875,126743200,0.0,0.0,75.14835662841797,73.00009409586589,68.3964687347412,2.3023045301138865,79.1777629414521,71.11895031538384,70.78549727385912,99.33820435222523,34.85230496757884
2020-01-31 00:00:00-05:00,77.29019858022654,77.71165450707113,74.24608645041388,74.53990173339844,199588400,0.0,0.0,75.25865745544434,73.23370157877604,68.60832373301189,2.003555786864638,79.0790236494554,71.43829126143328,60.945941622960085,51.07331262125923,20.26774891565031
2020-02-03 00:00:00-05:00,73.2851511845041,75.49839714349714,72.78422401879573,74.3351821899414,173788400,0.0,0.0,75.39388504028321,73.46586405436197,68.8182472229004,1.7303299328538202,78.84738629189084,71.94038378867558,60.431529570960514,19.05085533528873,12.935262125697223
2020-02-04 00:00:00-05:00,75.9367288800473,76.97953543976107,75.53213292898627,76.78927612304688,136616400,0.0,0.0,75.62327766418457,73.77758178710937,69.06863244374593,1.6923134101830613,78.78071079040608,72.46584453796306,64.18072648713994,67.61480666528367,18.16470159071816
2020-02-05 00:00:00-05:00,77.91394467954083,78.21258127557842,76.81334832632962,77.4154281616211,118826800,0.0,0.0,75.90095748901368,74.11482696533203,69.31757253011068,1.6931922127610761,78.61061971091502,73.19129526711234,65.05468304702262,90.85588674886816,22.189621453462514
2020-02-06 00:00:00-05:00,77.68515330009288,78.32335641079244,77.12883215929374,78.3209457397461,105425600,0.0,0.0,76.16611366271972,74.44564921061198,69.57875467936198,1.7468201160243666,78.72133526946715,73.6108920559723,66.28532685332294,100.38146856366978,22.543667558875597
2020-02-07 00:00:00-05:00,77.82124622907054,78.06989154294402,76.76631409771366,77.25636291503906,117684000,0.1925,0.0,76.30049209594726,74.738818359375,69.81392517089844,1.6840055115842176,78.78368023322076,73.81730395867376,63.562919857531334,81.71693515908174,20.684643870507188
2020-02-10 00:00:00-05:00,75.84416334192943,77.62330627441406,75.76450341427329,77.62330627441406,109348800,0.0,0.0,76.44478874206543,74.99894180297852,70.05617453257243,1.6448726790916908,78.88047204598949,74.00910543814136,64.08882581387789,67.99694344273688,15.668295913344169
2020-02-11 00:00:00-05:00,78.11817322586252,78.19059132825674,76.93770658748598,77.15496826171875,94323200,0.0,0.0,76.48583297729492,75.24433720906576,70.28054383595784,1.5581077673900268,78.94124736929393,74.0304185852959,62.89034216754306,79.27081350554782,17.672849469439733
2020-02-12 00:00:00-05:00,77.60399117788235,78.99206144129231,77.60399117788235,78.98723602294922,113730400,0.0,0.0,76.67002792358399,75.53700129191081,70.54279607137045,1.6185371563556714,79.29854358830885,74.04151225885913,65.50133050425097,116.15371303096148,20.436910782283675
2020-02-13 00:00:00-05:00,78.26059867524006,78.75064746940821,78.05782062596876,78.42475128173828,94747600,0.0,0.0,76.8422348022461,75.79381637573242,70.78315048217773,1.6025666736953355,79.45596489908932,74.22850470540287,64.06974903901977,110.51035730182866,20.43691078220136
2020-02-14 00:00:00-05:00,78.39337649475979,78.6927218682662,77.93712767417983,78.44407653808594,80113600,0.0,0.0,76.96844520568848,75.99748942057292,71.01844800313314,1.5733329350952232,79.63782655789275,74.29906385348421,64.09763764110106,104.53827899681295,19.788781228284954
2020-02-18 00:00:00-05:00,76.12900862033511,77.18877358272158,75.94795598487916,77.00772094726562,152531200,0.0,0.0,76.98081321716309,76.17672576904297,71.23305765787761,1.4179182160115147,79.64842673340661,74.31319970091957,60.487748406499946,29.85205033276159,9.721598291018644
2020-02-19 00:00:00-05:00,77.24912913343354,78.35234502696264,77.24912913343354,78.12300872802734,93984000,0.0,0.0,77.074955368042,76.37411193847656,71.47869892120362,1.3689647608812123,79.76531108142812,74.38459965465587,62.19782993489744,84.17364252752611,14.090545694587485
2020-02-20 00:00:00-05:00,77.88401513292217,78.37164756799683,76.81700838375629,77.32154083251953,100566000,0.0,0.0,77.11541633605957,76.55610224405925,71.71571814219156,1.2510754153582013,79.79446060981236,74.43637206230677,60.25904461588725,60.254608681660066,12.008081059668859
2020-02-21 00:00:00-05:00,76.91596137087494,77.35773378298828,74.95576665511149,75.57134246826172,129554000,0.0,0.0,77.04994430541993,76.64121958414714,71.92449061075847,1.0048377347898736,79.81572966670794,74.28415894413192,56.294913197485606,-40.80700117352318,3.583658542827405
2020-02-24 00:00:00-05:00,71.75960997813098,73.43011814732492,69.8211400810818,71.98169708251953,222195200,0.0,0.0,76.81606826782226,76.5549830118815,72.05501225789388,0.5141118547436321,80.39306947805372,73.2390670575908,49.39984008331285,-284.8769337348522,14.721020497637294
2020-02-25 00:00:00-05:00,72.65037937541128,73.03179362770307,69.07277807692655,69.54351043701172,230673600,0.0,0.0,76.57299118041992,76.38185424804688,72.15324624379475,-0.07071803273758803,81.31188563995093,71.83409672088891,45.48531080236348,-303.4179484787317,16.934212940312666
2020-02-26 00:00:00-05:00,69.16935530367469,71.90928692764982,69.16211349223191,70.64674377441406,198054800,0.0,0.0,76.27983322143555,76.19227625528971,72.25561822255453,-0.44010496572653324,81.71013649362555,70.84952994924555,47.435038836638384,-249.23500811371343,16.93421294014577
2020-02-27 00:00:00-05:00,67.85852144500781,69.04139705399142,65.8934935311334,66.02867889404297,320605600,0.0,0.0,75.67569541931152,75.88312098185222,72.28339099884033,-1.0928878812805038,82.70197196944439,68.64941886917866,41.07380522141926,-314.71208685868805,25.920392076128962
2020-02-28 00:00:00-05:00,62.10346116385855,67.20914325476264,61.88860853206062,65.99005126953125,426510000,0.0,0.0,75.07528648376464,75.58343556722005,72.32292232513427,-1.5949543306780782,83.2278887582174,66.92268420931188,41.02619890336222,-296.1254607800967,34.853324046021356
2020-03-02 00:00:00-05:00,68.14338175177791,72.76867383608672,67.04258234775999,72.13378143310547,341397200,0.0,0.0,74.95498046875,75.45723266601563,72.48375460306804,-1.4800369850414512,83.21120278130232,66.69875815619767,50.47143445732454,-121.33682569445484,14.948044955048532
2020-03-03 00:00:00-05:00,73.30701482551375,73.38667475068135,68.99312746023453,69.8428726196289,319475600,0.0,0.0,74.73036499023438,75.22664972941081,72.59721355438232,-1.555886069904986,83.29621133541264,66.16451864505612,47.53470842029215,-106.12236739830549,13.029496990462098
2020-03-04 00:00:00-05:00,71.56164999828624,73.24181619852034,70.76260504877715,73.08248901367188,219178400,0.0,0.0,74.54502563476562,75.12139383951823,72.74925257364909,-1.3391501582943022,83.08366294489666,66.00638832463459,51.65019818322463,-62.09088085195989,13.02949699033836
2020-03-05 00:00:00-05:00,71.33955724756618,72.31241302487865,70.34739243241086,70.7119140625,187572800,0.0,0.0,74.20984992980956,74.92804692586263,72.84119084676107,-1.343187543783472,82.80019006628623,65.6195097933329,48.755165759540844,-82.70725853464735,14.060809457472647
2020-03-06 00:00:00-05:00,68.07579869358199,70.20497969740977,67.88992061879122,69.77286529541016,226176800,0.0,0.0,73.78244590759277,74.69111633300781,72.9326909383138,-1.4059536301450208,82.36214621287267,65.20274560231287,47.66046005169242,-111.24853362992647,19.877975511980946
2020-03-09 00:00:00-04:00,63.67018706247143,67.13191312620091,63.48913439783881,64.25438690185547,286744800,0.0,0.0,73.1323471069336,74.27762196858724,72.92595431009929,-1.8793275738725868,82.53466162982255,63.730032584044636,41.936189317338155,-176.426120659677,28.805510598328894
2020-03-10 00:00:00-04:00,66.90258302825225,69.14763308452109,65.0268727397902,68.88208770751953,285290000,0.0,0.0,72.69528617858887,74.09352315266928,72.98715489705404,-1.8596264390321267,82.03103814792334,63.359534209254406,47.41507658540001,-112.08034880264154,22.346099007360557
2020-03-11 00:00:00-04:00,66.96290981260235,67.88748182990133,65.62794159632746,66.48975372314453,255598800,0.0,0.0,72.16202545166016,73.75951817830403,73.00571365356446,-2.0138402103291213,81.64247388288979,62.68157702043053,45.13734455375107,-117.75058998715417,22.346099007173418
2020-03-12 00:00:00-04:00,61.78481034349421,65.17894285229022,59.86806602728879,59.923587799072266,418474000,0.0,0.0,71.2088430404663,73.15325660705567,72.90002511342367,-2.6355099315239414,81.59050206340191,60.8271840175307,39.71975571351378,-179.46981842341583,32.671086624056755
2020-03-13 00:00:00-04:00,63.94539557678096,67.57369096094727,61.06303266081341,67.10295104980469,370732000,0.0,0.0,70.64275302886963,72.79008064270019,72.89508736928305,-2.5198260642361134,80.59346703227352,60.692039025465746,46.92512651300976,-113.89589786511117,25.4944528351727
2020-03-16 00:00:00-04:00,58.40758108532822,62.542820889319664,57.93684495675963,58.4703483581543,322423600,0.0,0.0,69.64406661987304,72.25442886352539,72.74406522115072,-3.0891152596922637,80.28350333522812,59.00462990451797,40.85125236320884,-178.03507277884296,30.566595147011682
2020-03-17 00:00:00-04:00,59.74976885901416,62.18794158675791,57.55058319841672,61.04127883911133,324056000,0.0,0.0,68.84574451446534,71.81129875183106,72.63858140309652,-3.2948474940081525,79.55458841062064,58.13690061831004,43.11952567542596,-153.00503559418277,31.165556152035
2020-03-18 00:00:00-04:00,57.88131450093201,60.3508711155952,57.24159305699179,59.5469970703125,300233600,0.0,0.0,67.9169439315796,71.2365561167399,72.50706895192464,-3.53768756234777,78.45881549066873,57.375072372490465,42.14769833330433,-154.4145995706516,31.653458375133408
2020-03-19 00:00:00-04:00,59.72081496454535,61.03646337436918,58.56690646649194,59.09075164794922,271857200,0.0,0.0,67.00540447235107,70.62573356628418,72.3702802658081,-3.724026993601832,77.27246636431168,56.738342580390466,41.84977974966151,-136.2417505401306,29.545825562510718
2020-03-20 00:00:00-04:00,59.67010772190427,60.79263606329375,55.03999095282429,55.339332580566406,401693200,0.0,0.0,65.99380397796631,69.85967979431152,72.15266450246175,-4.126838872539658,76.68531451004264,55.30229344588997,39.47632598280728,-150.39587108801896,35.07695671574084
2020-03-23 00:00:00-04:00,55.05930867623348,55.16069770044325,51.32479637531141,54.163700103759766,336752800,0.0,0.0,65.10290412902832,69.08992436726888,71.91437136332193,-4.48918536988532,76.63032983287707,53.57547842517957,38.7636187543325,-171.3531024837319,40.19337764342712
2020-03-24 00:00:00-04:00,57.05814327611463,59.79324594207158,56.560852552036245,59.59770965576172,287531200,0.0,0.0,64.60561408996583,68.48907114664713,71.74400647481282,-4.288434024684371,76.1844474563087,53.02678072362295,43.62988057076065,-106.12014346868179,27.257053095969724
2020-03-25 00:00:00-04:00,60.53193720910837,62.342463745771624,58.9748851242831,59.2693977355957,303602000,0.0,0.0,64.0367467880249,67.89288546244303,71.5686113357544,-4.108469288888493,75.48307299311442,52.59042058293538,43.414251267792956,-83.51248800288195,20.906058876397513
2020-03-26 00:00:00-04:00,59.51079165439952,62.446255405203736,59.472166210481355,62.38832092285156,252087200,0.0,0.0,63.854728889465335,67.33958829243979,71.4382947921753,-3.6718481243797,75.28344826404124,52.42600951488943,46.03529833660169,-65.49651018999579,20.652443985905382
2020-03-27 00:00:00-04:00,61.014739603264104,61.76791740598874,59.638740277699725,59.8053092956543,204216800,0.0,0.0,63.545491790771486,66.71894022623698,71.25637830098471,-3.493973801941209,75.06526766390273,52.02571591764024,44.278174385774925,-72.24609538958907,20.652443985786665
2020-03-30 00:00:00-04:00,60.529521124828726,61.68342967850782,60.20603760216864,61.51203155517578,167976400,0.0,0.0,63.014404296875,66.15453872680663,71.07601407368978,-3.1786474283088566,73.82458502295327,52.204223570796735,45.694982841751354,-59.41687619114403,20.65244398570277
2020-03-31 00:00:00-04:00,61.70273919270683,63.36600556092488,60.833685075362965,61.386497497558594,197002000,0.0,0.0,62.59158554077148,65.63383127848307,70.90527852376302,-2.9053870612181214,72.9283530465137,52.25481803502926,45.60674865517219,-46.93364179524963,16.275248580149935
2020-04-01 00:00:00-04:00,59.50595387920076,60.04186986399155,57.726811528152915,58.15650939941406,176218400,0.0,0.0,61.8452865600586,64.96828130086263,70.6711966196696,-2.915847225187413,71.0905211567412,52.60005196337599,43.3773194270208,-82.62801021778691,21.70133075550684
2020-04-02 00:00:00-04:00,58.018915768998035,59.18006600388776,57.188487147319506,59.126956939697266,165934000,0.0,0.0,61.266038703918454,64.36179517110189,70.45894870758056,-2.813398863543185,69.57665200869909,52.95542539913782,44.22474303102872,-79.39912235686941,22.60044462017032
2020-04-03 00:00:00-04:00,58.61278391804478,59.31285275446095,57.688207859940405,58.2772331237793,129880000,0.0,0.0,60.691257095336915,63.78532485961914,70.21327222188314,-2.7688557636553455,68.06152847960655,53.32098571106728,43.63324053268821,-75.97453771700813,22.242252844707867
2020-04-06 00:00:00-04:00,60.568135335844495,63.51566994282337,60.201204676104986,63.361175537109375,201820400,0.0,0.0,60.64659652709961,63.4979741414388,70.02647857666015,-2.296846751982926,67.93634355122781,53.356849502971414,47.942665110091525,-16.73262199623439,11.569463843776402
2020-04-07 00:00:00-04:00,65.3720525473446,65.58932155008534,62.523494730385906,62.627296447753906,202887200,0.0,0.0,60.33385696411133,63.267433675130206,69.82464396158854,-1.959407291253882,66.60090851576624,54.06680541245641,47.4014930269911,5.374456176402691,6.8096956159267865
2020-04-08 00:00:00-04:00,63.42635444288139,64.54405384793799,63.06184016051964,64.23023223876953,168895200,0.0,0.0,60.22088088989258,63.05354995727539,69.62291310628255,-1.5448326957725698,66.08947877630465,54.35228300348051,48.70966140849754,15.656323017899549,6.80969561589901
2020-04-09 00:00:00-04:00,64.86512738575412,65.19584902236409,63.89951332637289,64.6937255859375,161834800,0.0,0.0,60.45938777923584,63.00905151367188,69.44608624776204,-1.1654447804986319,66.65569128241552,54.263084276056155,49.088415627584006,28.70469691081078,5.2986241040597335
2020-04-13 00:00:00-04:00,64.77098217772529,66.07215077341053,64.17229875609489,65.96351623535156,131022800,0.0,0.0,60.40241603851318,63.00816701253255,69.29580128987631,-0.7536282733592472,66.35779260600962,54.447039471016744,50.132066314295585,42.3252137214671,3.266732335877376
2020-04-14 00:00:00-04:00,67.59296193706734,69.58454027985593,67.12222229104349,69.29485321044922,194994800,0.0,0.0,60.94364128112793,62.913536071777344,69.18538436889648,-0.1566439774632329,68.0214045445018,53.86587801775406,52.76025070786764,101.88846193942777,4.383636035909095
2020-04-15 00:00:00-04:00,68.17234288135833,69.1210568119712,67.74506136385055,68.66239166259766,131154400,0.0,0.0,61.324696922302245,62.87418670654297,69.05041821797688,0.2624111049909317,69.20024852783276,53.449145316771734,52.21973546665065,102.7092147178545,4.383636035894274
2020-04-16 00:00:00-04:00,69.37454631683273,69.57249897577765,68.16028687860133,69.20797729492188,157125200,0.0,0.0,61.807745933532715,62.74503631591797,68.9332150777181,0.631262674677572,70.37862260561953,53.236869261445904,52.65259731460569,117.2856176659938,5.348124632308009
2020-04-17 00:00:00-04:00,68.72516178272222,69.27073604048029,66.83496828577375,68.26890563964844,215250000,0.0,0.0,62.26665363311768,62.66360270182292,68.79582481384277,0.8381433715934037,71.20017718119036,53.333130085045006,51.81674423840962,106.55727055126852,2.2167965885236285
2020-04-20 00:00:00-04:00,67.09809629652644,67.9985265094596,66.83255101061553,66.85186004638672,130015200,0.0,0.0,62.84228000640869,62.566235860188804,68.62867609659831,0.8776372221750393,71.37082872762737,54.313731285190016,50.56372551847857,92.6619600384899,2.2110642909841776
2020-04-21 00:00:00-04:00,66.69497200558625,66.92913374203486,64.07574203406564,64.78546905517578,180991600,0.0,0.0,63.373368453979495,62.58393859863281,68.43078028361002,0.7337378269253065,70.88915977903115,55.85757712892785,48.78414331825088,53.51117435320605,4.131792515912364
2020-04-22 00:00:00-04:00,66.05040482183006,67.08602784822331,65.71003238672124,66.65150451660156,116862400,0.0,0.0,63.72605819702149,62.509585825602215,68.30155448913574,0.7614919805393896,71.15738013064869,56.294736263394284,50.41443351441902,79.34309209290451,3.752730955935757
2020-04-23 00:00:00-04:00,66.59598178954948,68.01543553598502,66.35457829164004,66.39320373535156,124814400,0.0,0.0,64.08224849700927,62.50636749267578,68.13294283548991,0.7539535259716388,71.29380361426574,56.870693379752815,50.18567916244428,87.66845254818023,1.4887784371315893
2020-04-24 00:00:00-04:00,66.91704870248016,68.31960235496462,66.86876505886688,68.30994415283203,126161200,0.0,0.0,64.3783296585083,62.785912704467776,67.96958465576172,0.8923576358845509,71.78077225810746,56.97588705890915,51.86239620800189,96.99693694371165,0.7445297391736926
2020-04-27 00:00:00-04:00,68.02750161594408,68.68895219864656,67.58091104598891,68.35823059082031,117087600,0.0,0.0,64.8059757232666,62.82775535583496,67.80891799926758,0.9944764961300905,72.0832108279155,57.528740618617704,51.9045847357587,99.29007879330283,0.17504812463603514
2020-04-28 00:00:00-04:00,68.81931364694016,69.00036629064134,67.1584635837108,67.25019073486328,112004800,0.0,0.0,65.09288368225097,63.12041676839193,67.68742281595866,0.9747604409056123,72.27515735027606,57.91061001422588,50.84672912815756,85.37501013749633,0.8952860434527875
2020-04-29 00:00:00-04:00,68.73482721743544,69.92736120107678,68.53204914375017,69.45903778076172,137280800,0.0,0.0,65.49651069641114,63.401008733113606,67.60615374247233,1.1244093307483496,72.70902495518897,58.28399643763331,52.82929031837223,104.49422703072077,1.4939047624879955
2020-04-30 00:00:00-04:00,69.99735081766806,71.10056648651737,69.60869475205328,70.9243392944336,183064000,0.0,0.0,66.13490219116211,63.78025347391765,67.50840479532877,1.345731979655966,72.85535877684585,59.41444560547838,54.09978687067318,117.86361669879605,4.456028302770465
2020-05-01 00:00:00-04:00,69.1017567929507,72.17965163700352,69.00519685948858,69.78251647949219,240616800,0.0,0.0,66.66768016815186,64.13664563496907,67.38118960062663,1.4127113577545742,72.7035082029852,60.63185213331852,52.950143350370276,106.57095331912053,7.113672382606327
2020-05-04 00:00:00-04:00,69.8066465413913,70.8977876030395,69.11864515995262,70.76984405517578,133568000,0.0,0.0,67.29231071472168,64.65099601745605,67.25533790588379,1.5278499778834487,72.14103655649654,62.443584872946815,53.82781858150594,100.28896098528934,7.113672382572573
2020-05-05 00:00:00-04:00,71.2285073158129,72.66244451792257,71.08366376030753,71.83201599121094,147751200,0.0,0.0,67.71585273742676,65.2399398803711,67.16493212381998,1.6853785671509485,72.59848617665939,62.83321929819412,54.76686919071239,124.51167848801644,11.425423570411755
2020-05-06 00:00:00-04:00,72.53207828931902,73.2031795834636,72.14824768910796,72.5731201171875,142333600,0.0,0.0,68.21314392089843,65.67245356241862,67.08076235453288,1.8487112261461078,72.93697354584496,63.4893142959519,55.42127020003066,131.14490319807004,12.709865777848973
2020-05-07 00:00:00-04:00,73.19837114485792,73.66911092684012,72.89661676334377,73.32389831542969,115215200,0.0,0.0,68.66782722473144,66.14093691507975,67.0169111887614,2.015501613239749,73.52615002226958,63.8095044271933,56.0870575345648,134.6715819900509,13.823784622263764
2020-05-08 00:00:00-04:00,73.98228898395239,75.12237513838589,73.65551062741005,75.06912231445312,133838400,0.205,0.0,69.18659706115723,66.56363029479981,66.9516092936198,2.262429311161256,74.456498269672,63.91669585264246,57.60949414531638,149.248656507278,17.23177183777009
2020-05-11 00:00:00-04:00,74.57774424961227,76.7441494175839,74.36957144120983,76.25035858154297,145946400,0.0,0.0,69.7009391784668,67.11179860432942,66.91536941528321,2.524338186267485,75.61495196853338,63.78692638840022,58.61412762565949,160.9706083745967,20.845498058115126
2020-05-12 00:00:00-04:00,76.93296121988755,77.38319101183461,75.25793117438776,75.37895965576172,162301200,0.0,0.0,70.00514450073243,67.57402954101562,66.86428413391113,2.6312567560317746,76.43464956067785,63.575639440787,57.572864731187174,154.8735339616851,22.229599431388475
2020-05-13 00:00:00-04:00,75.55809815483286,76.47791927324582,73.39410778103768,74.46884155273438,200622400,0.0,0.0,70.29546699523925,68.01010767618816,66.82196947733561,2.612437020351692,76.98865136713268,63.60228262334582,56.488630480991354,125.0760068276965,16.104137245287273
2020-05-14 00:00:00-04:00,73.70876906438306,74.98682954910396,72.98743664654351,74.92631530761719,158929200,0.0,0.0,70.58138389587403,68.56910120646158,66.76869125366211,2.6044144840077763,77.56137120824884,63.601396583499216,56.91058685280809,110.5449529278115,14.80550248250496
2020-05-15 00:00:00-04:00,72.70181680027588,74.52934407916516,72.66792527667609,74.48335266113281,166348400,0.0,0.0,70.89210624694825,69.08098106384277,66.72138811747233,2.5331130323491777,77.99092595098854,63.79328654290794,56.36308732546436,96.66897704039792,13.771222828938802
2020-05-18 00:00:00-04:00,75.80498930633232,76.61103581678174,75.11512542110488,76.23826599121094,135178400,0.0,0.0,71.36142654418946,69.67968215942383,66.73250350952148,2.5883757728240226,78.57574709032995,64.14710599804896,58.01833199833506,128.83343185693803,18.70728117192081
2020-05-19 00:00:00-04:00,76.25519801175672,77.09997437404789,75.76624564907384,75.79771423339844,101729600,0.0,0.0,71.91203880310059,70.09423344930013,66.79610379536946,2.5670319019423573,78.68029993168813,65.14377767451305,57.45237854007878,123.80872445690883,19.822453398870078
2020-05-20 00:00:00-04:00,76.65460086911052,77.34204178986873,76.61587086677298,77.2718505859375,111504800,0.0,0.0,72.44305610656738,70.58238525390625,66.92490946451822,2.638650493882153,79.13962596982286,65.7464862433119,58.84211515970896,130.13771157248098,20.381834471032406
2020-05-21 00:00:00-04:00,77.13387754437865,77.67366726497515,76.4585365069764,76.69575500488281,102688800,0.0,0.0,72.95818367004395,70.99790267944336,67.02572631835938,2.618735492567012,79.26919049199866,66.64717684808925,58.07523354818718,117.14740425442623,21.161357500191432
2020-05-22 00:00:00-04:00,76.43432834001963,77.27185079219365,76.33266854723075,77.1895523071289,81803200,0.0,0.0,73.40216407775878,71.4144302368164,67.21174087524415,2.612680669578296,79.58435942351112,67.21996873200645,58.55419226585524,108.3981467037742,20.697371198972036
2020-05-26 00:00:00-04:00,78.30544857938091,78.48456841631166,76.61104938291827,76.6667251586914,125522000,0.0,0.0,73.81758880615234,71.7712038675944,67.38968544006347,2.536455714716581,79.68107710818252,67.95410050412217,57.83056069183338,107.02083734989921,23.612974157584297
2020-05-27 00:00:00-04:00,76.5238797421972,77.14596042474004,75.78560168945737,77.00072479248047,112945200,0.0,0.0,74.3051155090332,72.0280662536621,67.47080116271972,2.474473675685971,79.44639004143963,69.16384097662677,58.17217489099544,88.66663534958077,20.493666971183835
2020-05-28 00:00:00-04:00,76.6763980387844,78.29092158030248,76.40045688271769,77.0346450805664,133560800,0.0,0.0,74.68389587402343,72.3071413675944,67.59066403706869,2.400419010814872,79.42235474338159,69.94543700466528,58.20774381298657,93.48397670269611,23.27192664056372
2020-05-29 00:00:00-04:00,77.2767040924692,77.736610955793,76.60378586836536,76.95960998535156,153532400,0.0,0.0,74.98565940856933,72.56552912394206,67.65528271993001,2.309058066231316,79.47834583019593,70.49297298694273,58.09469394740159,85.35717569116835,23.271926640480494
2020-06-01 00:00:00-04:00,76.91360133395523,78.02706486056282,76.78288850329889,77.90603637695312,80791200,0.0,0.0,75.39183540344239,72.88676681518555,67.77518475850424,2.2866633281670516,79.33969092032649,71.44397988655828,59.13039725197194,89.0206417342616,23.992964198060942
2020-06-02 00:00:00-04:00,77.6397816394303,78.29091555107586,77.1992361328535,78.26670837402344,87642800,0.0,0.0,75.76667861938476,73.2672617594401,67.91674880981445,2.2718303071916353,79.26474927432945,72.26860796444008,59.52476785317124,91.2178245744846,24.658303626397863
2020-06-03 00:00:00-04:00,78.58622664893751,78.9589964979716,78.0149682866651,78.69757080078125,104491200,0.0,0.0,76.10995635986328,73.73099848429362,68.15746854146322,2.2686899822691515,79.31768169911743,72.90223102060912,60.001741792812496,100.32088967420198,26.347085313313684
2020-06-04 00:00:00-04:00,78.52088865420797,78.81861409294638,77.64705887739464,78.01982879638672,87560400,0.0,0.0,76.38229179382324,74.10994262695313,68.30976422627766,2.1863107076087402,79.23038272014848,73.534200867498,58.87280642758024,89.21432881898205,24.75404118996326
2020-06-05 00:00:00-04:00,78.26911957554665,80.30239656428226,78.24007392223491,80.24188232421875,137250400,0.0,0.0,76.72819099426269,74.57156524658203,68.53896636962891,2.274111150392926,79.69040735504012,73.76597463348526,61.33987833209862,117.11973180788092,28.51443664566565
2020-06-08 00:00:00-04:00,79.93931540745123,80.75020774515244,79.23009024878114,80.71631622314453,95654400,0.0,0.0,77.01055068969727,74.98511098225912,68.88551184336345,2.3548314533387895,80.35838711288713,73.66271426650741,61.845404956467355,127.22493854557453,29.612665403473045
2020-06-09 00:00:00-04:00,80.39679094356325,83.65729064511632,80.36532236126617,83.2651596069336,147712400,0.0,0.0,77.3612907409668,75.48200861612956,69.15488198598226,2.5945647075919283,81.69767075922495,73.02491072270864,64.4303488315783,172.49121766330504,36.195480422069245
2020-06-10 00:00:00-04:00,84.21161714524366,85.87454732273147,83.77349462695621,85.40737915039062,166651600,0.0,0.0,77.86271171569824,76.08724822998047,69.6038324991862,2.9237115261276756,83.3897048580847,72.33571857331178,66.40900881966363,227.90419742229523,40.58009004470157
2020-06-11 00:00:00-04:00,84.55291522831224,84.97651490391192,81.20527075656385,81.30693054199219,201662400,0.0,0.0,78.20461616516113,76.48217798868815,69.94159336090088,2.8211701242976375,83.69350768914951,72.71572464117274,59.81988331006529,156.83456160618346,29.885131815765853
2020-06-12 00:00:00-04:00,83.44186857843707,84.18740070270101,80.90027071068629,82.0088882446289,200146000,0.0,0.0,78.55874481201172,76.85166295369466,70.31595821380616,2.7646779581249348,84.07092760329887,73.04656202072458,60.51370833268654,145.53680092382888,28.682411217565335
2020-06-15 00:00:00-04:00,80.66550679987964,83.67427396780367,80.50332533638101,83.02313995361328,138808800,0.0,0.0,78.98573417663575,77.2930170694987,70.71483135223389,2.769820380693517,84.49171867751326,73.47974967575823,61.50722698418635,137.86015574017128,27.09789112184979
2020-06-16 00:00:00-04:00,85.07336027406866,85.49454452238783,83.44189828296469,85.22343444824219,165428800,0.0,0.0,79.4349925994873,77.77480341593424,71.21289971669515,2.9178065075686987,85.44067448683292,73.42931071214169,63.56459326751621,178.32711421509737,31.121280643060256
2020-06-17 00:00:00-04:00,85.96655029229349,86.02706454807957,84.98379936928724,85.10482788085938,114406400,0.0,0.0,79.90034828186035,78.21723047892253,71.72858517964681,2.991037205499424,86.1564634529313,73.64423311078939,63.3757043835788,172.52328895349902,32.252811810660596
2020-06-18 00:00:00-04:00,85.06125763268233,85.55505601805591,84.53115217198582,85.13871765136719,96820400,0.0,0.0,80.29369163513184,78.63608373006186,72.15426864624024,3.01702924733182,86.83662312930339,73.75076014096028,63.407845596041724,147.35151315358968,30.369575339359088
2020-06-19 00:00:00-04:00,85.84309961565448,86.3078449275457,83.54597361995395,84.65217590332031,264476000,0.0,0.0,80.6915126800537,79.01369298299154,72.57731494903564,2.9641988358482507,87.28071085821836,74.10231450188905,62.59203973829983,127.4145510737205,26.319630047729877
2020-06-22 00:00:00-04:00,85.04429286253834,87.00979422869749,84.99830144840965,86.86698150634766,135445200,0.0,0.0,81.17538414001464,79.40695495605469,72.98529262542725,3.0657070933507953,88.09482033508078,74.2559479449485,64.72901813016902,142.11938858305984,27.96895665629084
2020-06-23 00:00:00-04:00,88.10872660527849,90.13716495464834,87.68996543764521,88.72113037109375,212155600,0.0,0.0,81.77810440063476,79.82264734903971,73.46722297668457,3.2582088331020316,89.13041421451099,74.42579458675853,66.39172090154966,171.25981711705595,34.70537679020971
2020-06-24 00:00:00-04:00,88.35079128217394,89.26818923809188,86.78225950639512,87.155029296875,192623200,0.0,0.0,82.28581962585449,80.21518300374349,73.89460627237956,3.2469675596577616,89.65146753771785,74.92017171399112,63.76520940596258,135.535960682114,31.026150456529063
2020-06-25 00:00:00-04:00,87.30996064055707,88.35080275936323,86.55232106785238,88.31207275390625,137522400,0.0,0.0,82.84969100952148,80.67662404378255,74.34336585998535,3.2934575777804582,90.24930020872146,75.45008181032149,64.8286365099809,123.72123541429117,30.094995784231415
2020-06-26 00:00:00-04:00,88.2079995637923,88.4282723384794,85.45096655963653,85.59862518310547,205256800,0.0,0.0,83.28164176940918,81.03236770629883,74.80073445638021,3.0758917449890077,90.22827265092691,76.33501088789144,60.51966608659597,94.8359151024878,25.66978925322476
2020-06-29 00:00:00-04:00,85.50662726415537,87.6657787527797,85.02977472321102,87.57137298583984,130646000,0.0,0.0,83.76490859985351,81.46863505045573,75.27480805714926,3.027751481396294,90.47779027544645,77.05202692426057,62.39931102257583,93.02329994226474,24.001103449544587
2020-06-30 00:00:00-04:00,87.1598666501381,88.58800861953088,87.1405053436716,88.30237579345703,140223200,0.0,0.0,84.26669197082519,81.87077204386394,75.77522710164388,3.013844074557838,90.74533508147351,77.78804886017687,63.073229040708654,107.48643035528616,26.22013776841888
2020-07-01 00:00:00-04:00,88.37985592496987,88.92206127344404,88.08696900587378,88.1353759765625,110737200,0.0,0.0,84.73858222961425,82.28202743530274,76.18813044230143,2.9552802339542694,90.87508004170945,78.60208441751905,62.80719276797161,107.47251244418273,27.018624632864434
2020-07-02 00:00:00-04:00,89.04067423366814,89.67486242954287,88.02161627129679,88.1353759765625,114041600,0.0,0.0,85.24435958862304,82.64414494832357,76.6132651011149,2.8757184758294727,90.67621922879216,79.81249994845392,62.80719276797161,104.4851461413632,28.814636698165213
2020-07-06 00:00:00-04:00,89.56106033827533,90.96014903943146,89.52959175677846,90.49298095703124,118655600,0.0,0.0,85.75691452026368,83.10405248006185,77.0509775797526,2.968683097098676,91.13559010159828,80.37823893892907,65.03525691247032,124.29001745237755,31.779829710065382
2020-07-07 00:00:00-04:00,90.87060685450932,91.64760765010688,90.100867472441,90.21221160888672,112424400,0.0,0.0,86.23170928955078,83.53814112345377,77.47628568013509,2.9852899253396714,91.40963118097524,81.05378739812632,64.55879732321253,121.43274846567363,33.31674137310779
2020-07-08 00:00:00-04:00,91.18770707353976,92.34473915860562,91.10056271828748,92.31327056884766,117092000,0.0,0.0,86.68411483764649,84.05969263712565,77.91544825236002,3.131886418057107,92.33059882543166,81.03763084986132,66.46092678466755,134.3531020402696,34.856312848926784
2020-07-09 00:00:00-04:00,93.20402645939578,93.25727928434208,91.66454778966232,92.71023559570312,125642800,0.0,0.0,87.04925765991212,84.58334299723307,78.30570462544759,3.242716932521546,93.26402282087346,80.83449249895077,66.80909409379122,138.24483196204588,36.831217193164875
2020-07-10 00:00:00-04:00,92.30602397781524,92.93053523193312,91.6960429410668,92.8724365234375,90257200,0.0,0.0,87.62753295898438,85.11126937866212,78.70920537312826,3.305535022903868,93.74408080620893,81.51098511175982,66.95409772956768,131.4063318516595,36.83121719300863
2020-07-13 00:00:00-04:00,94.17467542417104,96.77921054368312,92.2309584307968,92.4439697265625,191649200,0.0,0.0,88.14928703308105,85.62741470336914,79.0964719136556,3.2829018731916904,94.02326348373157,82.27531058243054,66.1642016506699,144.69457883952344,44.434247885347375
2020-07-14 00:00:00-04:00,91.82673375082923,94.16500509879576,90.89482027358297,93.97378540039062,170989200,0.0,0.0,88.69681930541992,86.16300633748372,79.52488657633464,3.349793939298735,94.6003180440127,82.79332056682715,67.57703430190641,123.2221702955828,38.449590927887606
2020-07-15 00:00:00-04:00,95.84487913129124,96.09419752364778,93.42430934647336,94.6200714111328,153198000,0.0,0.0,89.16665115356446,86.7081184387207,79.98769009908041,3.41558354249824,95.39306917045167,82.94023313667725,68.15809597484196,144.5269705965107,42.036894741330784
2020-07-16 00:00:00-04:00,93.49451766571708,94.31024858615012,92.8579065641584,93.4557876586914,110577600,0.0,0.0,89.58419914245606,87.20005900065104,80.46552874247233,3.3353267380581,95.78370155840102,83.3846967265111,65.95528891989915,116.03022999359993,39.56635950248106
2020-07-17 00:00:00-04:00,93.90600170117716,94.06091431617956,92.79495374103924,93.2669677734375,92186800,0.0,0.0,89.99061164855956,87.70829696655274,80.90911979675293,3.219375498854731,96.02660456953117,83.95461872758796,65.59959836035372,107.47990267999305,39.28780123259016
2020-07-20 00:00:00-04:00,93.35412562962276,95.37045717183656,93.01040144233043,95.23248291015624,90318000,0.0,0.0,90.51962699890137,88.20798365275066,81.38977444966635,3.248635701281458,96.43906728847628,84.60018670932647,67.48768749236658,121.36343914673083,41.78800580277245
2020-07-21 00:00:00-04:00,96.02158177786352,96.09661884897764,93.66878769091768,93.91810607910156,103433200,0.0,0.0,90.87218322753907,88.64804331461589,81.8165771484375,3.1296882984116365,96.71505286228486,85.02931359279327,65.01900050719505,113.7647166376513,43.131416676491675
2020-07-22 00:00:00-04:00,93.62037944003524,94.86213298167614,93.5332424693202,94.18195343017578,89001600,0.0,0.0,91.14522438049316,89.01193644205729,82.24697252909343,3.021877577178671,97.0745869526052,85.21586180838112,65.28272062729675,98.69120183521723,42.496415594359014
2020-07-23 00:00:00-04:00,93.9156894105172,93.99314942038048,89.08665688068213,89.89512634277344,197004400,0.0,0.0,91.28222923278808,89.16152801513672,82.6243881225586,2.561004024201324,96.94397620397822,85.62048226159794,57.94091496740548,34.258674964297036,23.849781780012062
2020-07-24 00:00:00-04:00,88.0966534330444,90.01616378626149,86.31268703007238,89.67243957519531,185438800,0.0,0.0,91.35024757385254,89.4403783162435,82.96127815246582,2.1529713385666867,96.8931921167293,85.80730303097579,57.59285430383242,-15.748022941988024,14.205254921273776
2020-07-27 00:00:00-04:00,90.73264959796012,91.88968182119616,90.50996128337567,91.79769897460938,121214000,0.0,0.0,91.66020126342774,89.76667200724283,83.30916748046874,1.978288686942193,96.49728910660374,86.82311342025173,59.96710917715817,36.14015065671056,18.632330698072415
2020-07-28 00:00:00-04:00,91.36923715007886,91.54594138277622,90.28481935549644,90.28966522216795,103625600,0.0,0.0,91.79611587524414,90.00888951619466,83.65095329284668,1.6985854703813175,96.29004478656535,87.30218696392294,57.5999221854019,16.33032689578994,17.87618739951615
2020-07-29 00:00:00-04:00,90.77138584530584,92.20436670679456,90.73507876836658,92.02040100097656,90329200,0.0,0.0,91.98201713562011,90.23545506795247,84.00512924194337,1.5981520668795355,96.16421083148917,87.79982343975105,59.49810385258899,34.99346240997716,19.429821597715033
2020-07-30 00:00:00-04:00,91.19496376791191,93.23792519284922,90.78830982976132,93.13384246826172,158130000,0.0,0.0,92.23194046020508,90.50308888753256,84.36015968322754,1.5900739097669288,96.02561537756341,88.43826554284675,60.66991043414816,49.743669904350945,21.831223075317908
2020-07-31 00:00:00-04:00,99.61614157613516,103.03398529349649,97.6215868383854,102.8839111328125,374336800,0.0,0.0,92.96936721801758,91.09459533691407,84.86533953348795,2.3434076241896804,98.66643070402347,87.2723037320117,68.83723927388633,253.2814080367713,39.508785921966975
2020-08-03 00:00:00-04:00,104.7622549635953,108.09053834247212,104.4645296144692,105.47632598876952,308151200,0.0,0.0,93.71853446960449,91.7887336730957,85.40121332804362,3.11372317101673,101.57561342447657,85.86145551473241,70.52102773528419,323.12266286494037,46.02650982356494
2020-08-04 00:00:00-04:00,105.6651349105181,107.26997389606046,104.94380243901392,106.18071746826172,173071600,0.0,0.0,94.51695976257324,92.43252487182617,85.91973991394043,3.7379534961425236,103.9592729516073,85.07464657353917,70.96203988836481,279.59559189875915,46.02650982332892
2020-08-05 00:00:00-04:00,105.90236369757778,106.88511455690512,105.43761099297777,106.56559753417967,121776800,0.0,0.0,95.22957611083984,93.02734044392903,86.42499389648438,4.215127761871088,106.0258138288364,84.43333839284328,71.20553031166328,238.84199660895806,46.02650982317701
2020-08-06 00:00:00-04:00,106.89717999809712,110.77735228156692,106.30898343243186,110.28355407714844,202428800,0.0,0.0,96.10824203491211,93.79829126993815,87.00673713684083,4.83753572549216,108.74476518229363,83.47171888753059,73.43181081619784,242.06902239875575,50.56539586722678
2020-08-07 00:00:00-04:00,109.8058680042368,110.26175680038186,106.98082124977309,107.77619934082033,198045600,0.205,0.0,96.85343017578126,94.44709548950195,87.56185976664226,5.0700317781321615,110.41073809079258,83.29612226076993,69.67366042511809,195.1127636226038,50.56539586685351
2020-08-10 00:00:00-04:00,109.21903076531764,110.35875275642206,106.69710077257368,109.34270477294922,212403600,0.0,0.0,97.69836692810058,95.2385648091634,88.13546625773112,5.3193720615027615,112.17384976697701,83.22288408922415,70.64465431457305,170.87002641994474,49.584117783630205
2020-08-11 00:00:00-04:00,108.60793322925056,109.10504168444446,105.8313811445449,106.09085083007812,187902400,0.0,0.0,98.30422019958496,95.85588073730469,88.66225789388021,5.194697358598248,113.13330421853699,83.47513618063293,66.09980915677563,129.5921158835106,46.568900608894566
2020-08-12 00:00:00-04:00,107.17966637873178,109.87377217439806,106.98567459916234,109.61672973632812,165598000,0.0,0.0,99.05405311584472,96.56635920206706,89.2185656229655,5.319085611139158,114.59813753927345,83.509968692416,68.38142095662079,132.17182548304004,47.540258689959245
2020-08-13 00:00:00-04:00,110.99408465160128,112.55817011651828,110.50667052619416,111.55667114257812,210082000,0.0,0.0,99.95909729003907,97.34706904093424,89.81454823811849,5.510677595125486,116.2219444863588,83.69625009371934,69.54796310600253,141.81496321812202,50.77309577591306
2020-08-14 00:00:00-04:00,111.38208775805406,111.54698151987802,109.65068105796512,111.45726013183594,165565200,0.0,0.0,100.86861190795898,98.12446517944336,90.38430506388346,5.590055307133895,117.58393585360095,84.15328796231701,69.4122058453054,121.35767959986941,47.76918971083049
2020-08-17 00:00:00-04:00,112.57755783182,112.60180865121056,110.54061480830164,111.16624450683594,119561600,0.0,0.0,101.66529998779296,98.81357396443686,90.95881322224935,5.5653265666033604,118.76402760138063,84.5665723742053,69.00430004500534,114.53019866000598,49.06288781682575
2020-08-18 00:00:00-04:00,110.9189229946344,112.51695384329368,110.5842808702746,112.09259033203124,105633600,0.0,0.0,102.57402420043945,99.542919921875,91.54053052266438,5.556426205330297,119.86980759340972,85.27824080746919,69.5927124419337,107.10817105029474,49.0628878165954
2020-08-19 00:00:00-04:00,112.49995954797272,113.64452867430332,112.13864675565404,112.23321533203124,145538000,0.0,0.0,103.47658729553223,100.20691808064778,92.13330535888672,5.497349840169576,120.81237506643602,86.14079952462843,69.6830935980829,105.9649939138653,50.466401508140656
2020-08-20 00:00:00-04:00,112.27444791147464,114.83760501028006,112.25747159683876,114.7236328125,126907200,0.0,0.0,104.71801261901855,100.94069798787434,92.76202049255372,5.5870828591816775,121.50605672535995,87.92996851267715,71.24872730398869,107.76796148894695,51.9165875836576
2020-08-21 00:00:00-04:00,115.68148892938784,121.11819493819868,115.6693672178966,120.63563537597656,338054800,0.0,0.0,106.26617240905762,101.86613794962565,93.48870366414388,6.065328786728529,122.92243716793178,89.60990765018346,74.48461287830906,137.89548257137622,58.52852582070504
2020-08-24 00:00:00-04:00,124.83318239328597,124.91806397068724,120.2161130032418,122.07846069335938,345937600,0.0,0.0,107.78021049499512,102.85395431518555,94.24068450927734,6.485999509848725,124.40386833814009,91.15655265185015,75.18958589213955,149.67810337939318,61.81491307116536
2020-08-25 00:00:00-04:00,120.95327585147248,121.42128630177416,119.35766525675145,121.07694244384766,211495600,0.0,0.0,109.3195743560791,103.75739288330078,94.96019961039225,6.66177711620864,124.78522107491256,93.85392763724565,73.72685508107526,126.94213701443753,58.872614108304404
2020-08-26 00:00:00-04:00,122.3912806781404,123.17938430241112,121.32673099966804,122.72349548339844,163022400,0.0,0.0,110.8547290802002,104.69417368570963,95.70114606221517,6.85492588655498,125.14056518180107,96.56889297859934,74.56829349332126,131.2225279596192,60.39819657894337
2020-08-27 00:00:00-04:00,123.32486169573068,123.657076446734,120.11424426928406,121.2563934326172,155552400,0.0,0.0,112.26085662841797,105.6208605448405,96.41045977274577,6.811100675378768,124.60696355948684,99.9147496973491,72.4301468179765,119.53281139443612,56.26279821081987
2020-08-28 00:00:00-04:00,122.22881026536903,122.64589926041506,120.8369003471594,121.05999755859376,187630000,0.0,0.0,113.16966094970704,106.54729487101237,97.12779591878255,6.683478395470985,125.28319805818074,101.05612384123333,72.14367832475801,113.1328128236819,56.262798210595975
2020-08-31 00:00:00-04:00,123.74923681098468,127.06654483126825,122.21667670793738,125.16539001464844,225702700,0.0,4.0,114.15411415100098,107.54505844116211,97.87652104695638,6.834820128271588,126.82261310200286,101.4856151999991,74.33843423414578,129.61935472406122,60.2603753035616
2020-09-01 00:00:00-04:00,128.7737011544299,130.75245576113278,126.61066398001222,130.15106201171875,151948100,0.0,0.0,115.35263137817383,108.75282363891601,98.70043347676595,7.273220447146372,129.31445924268317,101.39080351366448,76.64968700421564,152.02647226896042,63.16437330524559
2020-09-02 00:00:00-04:00,133.45866793446768,133.83695705739137,123.18665076532004,127.45452880859376,200119000,0.0,0.0,116.39707794189454,109.86190948486328,99.43692296346029,7.318702715563674,130.71200656765515,102.08214931613392,72.97239418107378,134.77884631823582,52.45813265968663
2020-09-03 00:00:00-04:00,123.09936731503696,124.97140947448622,116.88183227033254,117.25041961669922,257599600,0.0,0.0,116.74542121887207,110.77375259399415,99.96764030456544,6.456929939436776,130.7700819773907,102.72076046035343,61.4345852898993,68.84438944206194,35.51965539932825
2020-09-04 00:00:00-04:00,116.46473461185484,119.98573625952378,107.56037630423064,117.32801055908205,332607200,0.0,0.0,117.22301177978515,111.6956049601237,100.5679916381836,5.714358182154939,130.5970902741509,103.8489332854194,61.482490431813105,28.41252693026897,15.836155389452864
2020-09-08 00:00:00-04:00,110.52849400857392,115.41716207276087,109.29663073421304,109.43242645263672,231366600,0.0,0.0,117.22749786376953,112.28342920939127,101.02505060831706,4.437603136680309,130.59050227455364,103.8644934529854,54.37263167503951,-6.819876571263503,15.836155389247844
2020-09-09 00:00:00-04:00,113.7391061983007,115.5626538988252,111.79915900187883,113.79730224609376,176940500,0.0,0.0,117.61282043457031,113.0670171101888,101.53795331319174,3.7349207211946975,130.03503167804905,105.19060919109157,57.202943617457386,7.66055922841226,16.039847688068416
2020-09-10 00:00:00-04:00,116.74601936225844,116.88181506989982,109.12202651754131,110.0822982788086,182274400,0.0,0.0,117.63609886169434,113.6690803527832,101.95226771036783,2.8454692732536557,129.99681156150223,105.27538616188646,54.24054448003677,-16.468325357546828,10.929498013689573
2020-09-11 00:00:00-04:00,111.12987875287996,111.77006490232608,106.69709954942977,108.63704681396484,180860300,0.0,0.0,117.49011764526367,114.1858538309733,102.34447135925294,2.000887887805149,130.21668805754376,104.76354723298357,53.13316049727522,-57.621312836709365,6.533264435842924
2020-09-14 00:00:00-04:00,111.27536620520716,112.4490333059739,109.41301877590674,111.89614868164062,140150100,0.0,0.0,117.5120620727539,114.48626174926758,102.79042854309083,1.5763620181338212,130.19627573018224,104.82784841532558,55.26380509255939,-38.020344269549526,7.594002198346588
2020-09-15 00:00:00-04:00,114.77699015613864,115.26197700807842,110.1987130897774,112.07076263427734,184642000,0.0,0.0,117.55728797912597,114.70607630411784,103.24740498860677,1.2397213584234947,130.1523705020519,104.96220545620004,55.37624377156991,-26.539413395304546,11.880077478706246
2020-09-16 00:00:00-04:00,111.77007759799923,112.51695412354394,108.67585899150184,108.76315307617188,154679000,0.0,0.0,117.39081611633301,114.79215749104817,103.61234118143717,0.6979887815545993,130.372107298175,104.40952493449103,52.776926230964506,-59.61064692119073,9.047410602639829
2020-09-17 00:00:00-04:00,106.42552224944929,108.83105303274591,105.44584667867372,107.0269012451172,178011000,0.0,0.0,117.1305004119873,114.80753428141276,103.9174373626709,0.12709571877768155,130.74083490527352,103.5201659187011,51.46511740986017,-95.72992825905122,3.308268644798884
2020-09-18 00:00:00-04:00,107.08506846077827,107.55065156434694,102.90447793321523,103.6319580078125,287104900,0.0,0.0,116.57591667175294,114.5858144124349,104.19205284118652,-0.5924552378698849,131.4449030934301,101.70693025007577,49.00146963753677,-121.15344848625307,0.9353568758952643
2020-09-21 00:00:00-04:00,101.40107066525349,106.88142458688178,100.00430590496654,106.77472686767578,195713800,0.0,0.0,115.88287124633788,114.55243199666342,104.49976374308268,-0.8987491525434734,131.23925420260272,100.52648829007305,51.23689503600587,-119.3436808710324,5.517138025553452
2020-09-22 00:00:00-04:00,109.29663089711131,109.47122644967509,105.8823269140235,108.45275115966795,183055400,0.0,0.0,115.20158576965332,114.5227668762207,104.88066584269205,-0.9946213740513912,130.60955514311243,99.79361639619421,52.38958767992252,-78.48725668492789,1.19364333152694
2020-09-23 00:00:00-04:00,108.26845317272524,108.74373815268274,103.56407541081022,103.90357208251952,150718700,0.0,0.0,114.34291725158691,114.44985758463541,105.15286916097006,-1.421297697637229,130.27735718368763,98.40847731948618,49.13236193312899,-107.09973105410359,4.8055844906063605
2020-09-24 00:00:00-04:00,102.01212791770884,106.9395958803808,101.84723417179124,104.97055053710938,167743300,0.0,0.0,113.45527000427246,114.29498494466146,105.43067207336426,-1.654276049395179,129.40191855088784,97.5086214576571,49.88830286802598,-112.99450876606586,7.398954676118605
2020-09-25 00:00:00-04:00,105.17423363698332,109.06382969318264,104.43705165768294,108.90863037109376,149981400,0.0,0.0,112.83788185119629,114.20671691894532,105.77689297993977,-1.50380797869515,128.46575938468098,97.21000431771161,52.57902524636055,-76.7803818787463,3.780169074742717
2020-09-28 00:00:00-04:00,111.5566727246746,111.85736219121794,109.39362820642744,111.50817108154295,137672400,0.0,0.0,112.36029052734375,114.2084139506022,106.16643956502278,-1.1614117073280283,127.50658218069846,97.21399887398904,54.2562710279478,-37.61472763076686,0.7685268467963093
2020-09-29 00:00:00-04:00,111.11049343812664,111.84766814275456,110.1599159291002,110.66429901123048,99382200,0.0,0.0,111.63523597717285,114.19168243408203,106.50262819925943,-0.9472344894177098,125.53782906251433,97.73264289183138,53.619400093370125,-37.65305270680413,0.7685268467941976
2020-09-30 00:00:00-04:00,110.37329066576837,113.73910005377913,110.20839693905523,112.33263397216795,142675200,0.0,0.0,110.74431457519532,114.19968388875326,106.87130190531413,-0.6355505811862088,121.60094660301567,99.88768254737496,54.70673910619047,-24.19427219643788,3.822938261272997
2020-10-01 00:00:00-04:00,114.1077098390407,114.18530951408272,112.35205974301084,113.28323364257812,116120400,0.0,0.0,110.03574981689454,114.23468449910482,107.2208012898763,-0.3082797325825055,117.67276838866067,102.3987312451284,55.324100656652455,-11.053401387334654,4.540023425304835
2020-10-02 00:00:00-04:00,109.50032515653432,111.90586307346008,108.8504445847348,109.6264190673828,144712000,0.0,0.0,109.65454978942871,114.06477737426758,107.50273768107097,-0.34006949272246345,116.49481867125695,102.81428090760048,52.47761739333859,-44.6962396158091,1.4263828439580557
2020-10-05 00:00:00-04:00,110.48968711564348,113.14741248595816,110.14049605673377,113.00191497802734,106243800,0.0,0.0,109.43824501037598,113.81032002766928,107.83822898864746,-0.09183023508585109,115.48431673476597,103.39217328598599,54.70308267121482,-20.62812837193769,0.6533254118295516
2020-10-06 00:00:00-04:00,112.22594886007512,112.63334341918222,108.87954271233733,109.76222229003906,161498200,0.0,0.0,109.4547348022461,113.3997787475586,108.12686653137207,-0.1547313133572601,115.5025384020861,103.40693120240608,52.27263382084326,-37.342552906323924,1.469338051770594
2020-10-07 00:00:00-04:00,111.1783781507114,112.08045390652612,110.7030857522688,111.62456512451172,96849000,0.0,0.0,109.34609794616699,113.08469950358072,108.42104619344076,-0.05368650397257113,115.13810499960687,103.55409089272712,53.50119158824008,-22.024024888285897,1.4693380517646972
2020-10-08 00:00:00-04:00,112.75945623194846,112.9049537845684,111.14929614349688,111.51789093017578,83477200,0.0,0.0,109.41787757873536,112.71117935180663,108.70267651875814,0.01758184689715847,115.2834154619323,103.55233969553842,53.419711283253484,-13.551600880034838,0.006246096480864691
2020-10-09 00:00:00-04:00,111.81855926916631,113.48691510258756,111.46936816913345,113.45781707763672,100506900,0.0,0.0,109.65891609191894,112.45122680664062,109.03604367574056,0.22797045439143915,115.77999206898984,103.53784011484804,54.717106937058624,4.185209072324293,1.0568563583821013
2020-10-12 00:00:00-04:00,116.4550293101396,121.42129686008032,115.69845107798898,120.66471862792967,240226800,0.0,0.0,110.0973445892334,112.43805084228515,109.49267285664877,0.9651164049656984,117.91431737336225,102.28037180510455,59.09562069890556,106.64227225186134,13.826652396799256
2020-10-13 00:00:00-04:00,121.50859444916024,121.62499394990238,116.05734733652297,117.46380615234376,262330500,0.0,0.0,110.36699676513672,112.18133138020833,109.86319491068522,1.2763104832325212,118.81703797242326,101.91695555785017,56.58189154562058,103.15580175164895,14.121013319706107
2020-10-14 00:00:00-04:00,117.36680433445795,119.33584953717632,116.02824344500344,117.55110168457033,150712000,0.0,0.0,110.80639419555663,111.76133270263672,110.25707817077637,1.512542404864405,119.80163071040275,101.81115768071052,56.63393363070267,110.15159088242537,14.063423848428657
2020-10-15 00:00:00-04:00,115.15527990408135,117.56081055796656,114.6023951860236,117.08552551269533,112559200,0.0,0.0,111.30932540893555,111.4156992594401,110.6388043721517,1.6432474647413642,120.5365957109803,102.0820551068908,56.26186768745208,107.0963000810852,11.218951147097863
2020-10-16 00:00:00-04:00,117.63840102761569,117.90029805270328,115.2425649700268,115.44625854492188,115393800,0.0,0.0,111.90004043579101,111.35556055704753,111.06465657552083,1.5961575117770792,120.55263746034137,103.24744341124065,54.947037480704516,108.91841885463933,11.76093952049686
2020-10-19 00:00:00-04:00,116.35803418573154,116.80422116143151,112.18715207359088,112.49754333496094,120639300,0.0,0.0,112.18618125915528,111.19454498291016,111.44507497151693,1.3058486998363747,120.49687135218191,103.87549116612864,52.65712405783907,57.261726240143865,5.750299905293952
2020-10-20 00:00:00-04:00,112.71092747344602,115.40746025257594,112.15804282671203,113.98159790039062,124423700,0.0,0.0,112.4626235961914,111.34618403116862,111.81480662027995,1.1819034284659722,120.61676455194376,104.30848264043905,53.662543475590866,54.40860512035944,5.694276895614651
2020-10-21 00:00:00-04:00,113.16682541230044,115.14557257156684,112.9534300225298,113.36082458496094,89946000,0.0,0.0,112.93548622131348,111.33163477579753,112.19932594299317,1.0218059464923073,120.02743853076235,105.84353391186461,53.17389390181934,53.634356416593896,5.694276895591153
2020-10-22 00:00:00-04:00,113.92338900408984,114.49567723930028,111.14926409518417,112.2744369506836,101988000,0.0,0.0,113.3006805419922,111.40470606486002,112.53689320882161,0.7980655331347748,119.33975399401994,107.26160708996444,52.31151406955532,26.89046053841216,2.1064616104988145
2020-10-23 00:00:00-04:00,112.89522488264528,113.05042420827988,110.84858002778375,111.58576202392578,82572600,0.0,0.0,113.43453712463379,111.50299657185873,112.84442520141602,0.5587385423795723,119.17501075044063,107.69406349882695,51.76101620883108,7.1694028962142,1.512368166437593
2020-10-26 00:00:00-04:00,110.58667805207448,113.0504115687335,109.49060328818192,111.59545135498048,111850700,0.0,0.0,113.43890113830567,111.49297332763672,112.98961753845215,0.3656371880842073,119.17333815145857,107.70446412515277,51.76840362833905,-3.068333174444521,1.1740746130512472
2020-10-27 00:00:00-04:00,112.02225897491292,113.75851276167866,111.10078693291936,113.09893035888672,92276800,0.0,0.0,113.56063270568848,111.5272455851237,113.11666094462076,0.3301157947104656,119.14856498501241,107.97270042636454,52.925597844966035,25.566835069289894,0.24988700471655054
2020-10-28 00:00:00-04:00,111.5954811543954,111.96406850952522,107.76408046155812,107.86107635498048,143937800,0.0,0.0,113.3370548248291,111.49717636108399,113.14466692606608,-0.1193108675858241,119.46371630656783,107.21039334309036,48.71345733452671,-51.32198625190768,6.186474571261837
2020-10-29 00:00:00-04:00,108.99593410290058,113.41901126991604,108.83103296967955,111.85735321044922,146129200,0.0,0.0,113.26576080322266,111.65819142659505,113.23286285400391,-0.15127478983086462,119.42814026041891,107.10338134602641,51.744613498836095,-6.267603495816924,3.197803255022736
2020-10-30 00:00:00-04:00,107.72527053869118,108.6273463236584,104.48556211975593,105.5913314819336,190272600,0.0,0.0,113.06400642395019,111.72350387573242,113.15465914408365,-0.6744474048066564,119.94982454642216,106.17818830147822,47.218012863505066,-130.88772369179253,10.942323236105842
2020-11-02 00:00:00-05:00,105.83380024244885,107.35665821287547,104.0975469359875,105.5040054321289,122866900,0.0,0.0,112.68911094665528,111.68114649454752,113.11678924560547,-1.083620649517897,120.36076294119964,105.01745895211091,47.158536757134016,-147.82071315186886,11.59563150393381
2020-11-03 00:00:00-05:00,106.36733819103772,108.1423847498122,105.4652621954614,107.12391662597656,107624400,0.0,0.0,112.55719566345215,111.63685201009115,113.07980944315592,-1.262625339745199,120.52574355105003,104.58864777585427,48.40565483903769,-114.83269755728458,9.906681303251812
2020-11-04 00:00:00-05:00,110.71279021468384,112.1192490266788,108.97653651830576,111.49846649169922,138235500,0.0,0.0,112.55089073181152,111.8900151570638,113.16993637084961,-1.0395153460508766,120.52274452162352,104.57903694199952,51.596977006001424,-25.966513143483738,1.8368025361252014
2020-11-05 00:00:00-05:00,114.408382249631,116.02824377297978,113.3608163942021,115.4559555053711,126387100,0.0,0.0,112.74779396057129,112.23952865600586,113.26725680033366,-0.5371706109142593,120.80628469215884,104.68930322898373,54.24554734878943,74.03794968286292,5.238157430521716
2020-11-06 00:00:00-05:00,114.96529408792372,115.82034093796346,112.83738439067112,115.3248062133789,114457900,0.205,0.0,112.8411434173584,112.45340118408203,113.33005905151367,-0.1479361253574325,120.9771468723122,104.70513996240459,54.14397893199419,61.263095319194285,4.235040834957373
2020-11-09 00:00:00-05:00,117.08347300114552,118.53122507296646,112.7596464655049,113.02198791503906,154515300,0.0,0.0,112.45900688171386,112.50386174519856,113.35613784790038,-0.024995055055327953,119.7185259619101,105.19948780151762,52.363090010515606,60.10567647407149,8.887984289798736
2020-11-10 00:00:00-05:00,112.2738176789038,114.25597110360664,110.89407325748324,112.6819076538086,138023400,0.0,0.0,112.21991195678712,112.57111536661783,113.38139890034994,0.04448223052543199,119.08992725458853,105.3498966589857,52.1012837070573,-0.8821469175311041,5.2475131959015595
2020-11-11 00:00:00-05:00,113.86733537997074,116.2381494579348,113.1385999950758,116.10211944580078,112295000,0.0,0.0,112.14746284484863,112.6967648824056,113.44822438557942,0.37124648918181435,118.80812895678542,105.48679673291184,54.4696592294007,66.00896002886614,8.606039964089243
2020-11-12 00:00:00-05:00,116.22842646880996,117.1126214574974,115.20819406878398,115.83004760742188,103162300,0.0,0.0,112.08468894958496,112.78165868123372,113.50817159016927,0.6013239071281617,118.5707777620198,105.59860013715011,54.24892399292153,84.33272025761504,10.060939414101112
2020-11-13 00:00:00-05:00,116.05351307902214,116.27698772427064,114.52802767720522,115.8786163330078,81581900,0.0,0.0,112.10630683898925,112.99006525675456,113.52742131551106,0.7786057265673065,118.64226070690624,105.57035297107227,54.2831368863789,66.4157389999828,8.669021075626073
2020-11-16 00:00:00-05:00,115.54825966136949,117.55956865833652,114.80009473182568,116.8891372680664,91183000,0.0,0.0,112.32588653564453,113.1196393330892,113.46497968037923,0.9892400958582925,119.20333844491675,105.4484346263723,55.007309867161254,82.3216926043006,10.867930790064676
2020-11-17 00:00:00-05:00,116.16041857776304,117.24865863043144,115.58714291023576,116.00495147705078,74271000,0.0,0.0,112.42705421447754,113.32773030598959,113.36375452677409,1.0724602925054398,119.46471722918257,105.3893911997725,54.229765652467144,73.95231339145617,10.86793079002961
2020-11-18 00:00:00-05:00,115.2470439418146,116.42273584755772,114.65433871642078,114.68348693847656,76322100,0.0,0.0,112.49318733215333,113.42969436645508,113.2571969350179,1.0200235569723048,119.59238547981197,105.39398918449469,53.069950941619695,45.06936324658809,8.828614403130459
2020-11-19 00:00:00-05:00,114.25598971249796,115.68431227037438,113.49810608907283,115.2762222290039,74113000,0.0,0.0,112.64327659606934,113.55497207641602,113.13307571411133,1.014600171317781,119.8491267614559,105.43742643068278,53.531100504511684,31.86531996844262,6.320915659130491
2020-11-20 00:00:00-05:00,115.27621337018954,115.4025248266936,113.96449124482857,114.01306915283205,73604300,0.0,0.0,112.76464195251465,113.57348047892252,113.01235364278158,0.8980243369215515,119.97725834707849,105.55202555795081,52.396068902881176,21.281475817873265,6.320915659111757
2020-11-23 00:00:00-05:00,113.85761126601786,114.28513837643996,110.52486130551306,110.6220245361328,127959300,0.0,0.0,112.71597061157226,113.23872400919596,112.83838742574056,0.5259454164821591,119.97479670504974,105.45714451809478,49.48231690318688,-42.0640089707531,0.9454882989735857
2020-11-24 00:00:00-05:00,110.68031687022992,112.56530706965944,109.39773567263003,111.9045867919922,113874200,0.0,0.0,112.65625343322753,113.05341669718425,112.61737403869628,0.33074957140324557,119.92146259701822,105.39104426943685,50.55808187501107,-50.98564227360998,3.1883995636532254
2020-11-25 00:00:00-05:00,112.27382503154756,113.43979858279867,111.90459439029078,112.7402114868164,76499200,0.0,0.0,112.90021018981933,112.89305369059245,112.32719319661459,0.24070864767892886,119.80624923555796,105.99417114408071,51.2576603116429,-8.435568036110425,1.3465534418386942
2020-11-27 00:00:00-05:00,113.26491022315516,114.15882383972767,112.92483519653295,113.28433990478516,46691300,0.0,0.0,112.97155952453613,112.7663475036621,112.09102338155111,0.21082690149151517,119.86170081234306,106.0814182367292,51.71785442989721,17.02651415632307,0.1690977564138904
2020-11-30 00:00:00-05:00,113.65356330256418,117.54015173092948,113.4980962071516,115.67459106445312,169410200,0.0,0.0,113.47572250366211,112.77395858764649,112.064759572347,0.37568799739806025,119.51518449508538,107.43626051223885,53.70414239581441,81.86166251767729,6.939610311158271
2020-12-01 00:00:00-05:00,117.57901628913945,119.969267237973,116.60736920035772,119.24053192138672,127728200,0.0,0.0,114.162548828125,112.99872487386068,112.09663492838541,0.7850338474802498,119.46412509814286,108.86097255810714,56.46801473167793,158.2677705180276,11.404907355023264
2020-12-02 00:00:00-05:00,118.56037345602128,119.87210294466338,117.4624149241799,119.59032440185548,89004200,0.0,0.0,114.78586921691894,113.18568242390951,112.26593322753907,1.1247038270694532,119.5021281102484,110.06961032358947,56.73014722177209,153.4794392286434,11.4049073549671
2020-12-03 00:00:00-05:00,120.01784962535092,120.27047995352808,118.74499426371094,119.4542999267578,78967600,0.0,0.0,115.18366088867188,113.38879826863607,112.3602165222168,1.3671589375424418,120.07139375220049,110.29592802514327,56.593057346127644,151.490448992769,12.144760912537373
2020-12-04 00:00:00-05:00,119.12394956144712,119.37657991827966,118.07456876821664,118.78387451171876,78260400,0.0,0.0,115.35005683898926,113.60577952067057,112.5052427927653,1.488055256655855,120.49655940445074,110.20355427352779,55.90425752851585,121.80150687241171,10.537722987423402
2020-12-07 00:00:00-05:00,118.84216630124308,121.03809104227987,118.78386984160451,120.24134063720705,86712000,0.0,0.0,115.59588356018067,113.89429880777995,112.69864768981934,1.6820818043573809,121.18772395360003,110.0040431667613,57.07907447390108,139.6045415634241,13.707974990979926
2020-12-08 00:00:00-05:00,120.84373582820557,121.43644107050238,119.6000214847598,120.85344696044922,82225500,0.0,0.0,115.98745651245117,114.20289866129558,112.84793599446614,1.8637568768681234,121.90756802914231,110.06734499576004,57.57020410642545,142.49037254536515,14.459786592410197
2020-12-09 00:00:00-05:00,120.99920059491816,122.37893756571138,117.56928784632052,118.3271713256836,115089200,0.0,0.0,116.26971969604492,114.3771733601888,112.95220947265625,1.7833292405705379,122.06319758636837,110.47624180572146,54.88864900287384,108.6153684185392,9.431809277945664
2020-12-10 00:00:00-05:00,117.0834850101648,120.35793867044406,116.74340998030308,119.74579620361328,81312200,0.0,0.0,116.45190353393555,114.77333068847656,113.13525352478027,1.8131599517896575,122.44878049025264,110.45502657761845,56.077123390670124,94.62968989135584,7.4460933106933815
2020-12-11 00:00:00-05:00,118.95873784398792,119.27938312055916,117.13204422429256,118.9393081665039,86939800,0.0,0.0,116.60736656188965,115.00939585367838,113.33379364013672,1.7515335721287926,122.69685940725435,110.51787371652495,55.22153267238924,78.91686940883244,7.446093310649157
2020-12-14 00:00:00-05:00,119.12392157489586,119.85265683014164,118.09397811966689,118.3271713256836,79184500,0.0,0.0,116.72979431152343,115.43392384847006,113.57871386210124,1.6344588705953953,122.85594215657287,110.603646466474,54.56781422569363,81.9127572396219,8.677059564006642
2020-12-15 00:00:00-05:00,120.8145728560946,124.27364088584986,120.6105278951973,124.25420379638672,157243700,0.0,0.0,117.09804763793946,116.05893046061198,113.87003847757975,1.9969190722353432,124.08894627623587,110.10714899964304,59.383883501710855,175.25105876236594,17.437289658962374
2020-12-16 00:00:00-05:00,123.79755773169585,124.73033062366706,122.9716517851633,124.18621063232422,98208600,0.0,0.0,117.50711059570312,116.6276735941569,114.13226280212402,2.2527169940823484,125.15523658923794,109.8589846021683,59.30927249625416,182.47191832026783,18.275042465455666
2020-12-17 00:00:00-05:00,125.245321352785,125.90604917528668,124.40970414636703,125.05099487304688,94359800,0.0,0.0,118.02548599243164,117.07942454020183,114.4847198486328,2.496442120212919,126.25136014729465,109.79961183756863,59.970993440695,188.09410216380186,20.425405372144816
2020-12-18 00:00:00-05:00,125.3036238225863,125.43965383144652,122.54414204339464,123.06883239746094,192541500,0.0,0.0,118.4151165008545,117.33318710327148,114.78635787963867,2.5008241483857034,126.82875742639482,110.00147557531417,57.74438462542349,139.61861266390582,15.439532372101933
2020-12-21 00:00:00-05:00,121.47531311924553,124.67203286094654,119.94982751976666,124.59429931640624,121251600,0.0,0.0,118.94417800903321,117.64217020670573,115.04778569539388,2.597447609594937,127.52145014978808,110.36690586827834,58.957557469371686,116.13148928362534,8.950379361239593
2020-12-22 00:00:00-05:00,127.87847449783372,130.59908932336018,125.97403967211778,128.1408233642578,168904800,0.0,0.0,119.82011795043945,118.14613138834635,115.32499656677246,2.926462808267317,128.39707875780874,111.24315714307015,61.608479384270645,200.93715630568664,19.628074632932623
2020-12-23 00:00:00-05:00,128.4128836440795,128.67521768491736,127.0720059084982,127.24691009521484,88223700,0.0,0.0,120.58723411560058,118.63163146972656,115.6013734181722,3.0795789247021617,128.9243733839875,112.25009484721366,60.58808815494018,175.6986312651169,19.628074632868213
2020-12-24 00:00:00-05:00,127.59669160383469,129.67601559807733,127.38292807699284,128.22825622558594,54930100,0.0,0.0,121.36163635253907,119.03583602905273,115.86630045572916,3.2427307992638816,129.50480218413844,113.2184705209397,61.31571857715402,171.3891662717819,21.295900015403344
2020-12-28 00:00:00-05:00,130.19094891974845,133.4459565252946,129.72454782086086,132.81439208984375,124486200,0.0,0.0,122.338138961792,119.60198084513347,116.19181976318359,3.6994477408782274,131.06594944890813,113.61032847467585,64.48555155439497,203.5329070851694,27.184116150601444
2020-12-29 00:00:00-05:00,134.1358655444837,134.85487480481046,130.53104880605997,131.0460205078125,121047300,0.0,0.0,123.10671043395996,120.10756098429361,116.54881312052409,3.874048777013712,132.0679133466698,114.14550752125012,62.44453672348395,179.31470924117724,29.231049293154907
2020-12-30 00:00:00-05:00,131.7359140805847,132.13429294527648,129.61771571736733,129.92864990234375,96452100,0.0,0.0,123.64111633300782,120.54221140543619,116.8309253692627,3.877560779509679,132.90132807690466,114.38090458911097,61.178833444251524,138.85372837153517,26.839935796284763
2020-12-31 00:00:00-05:00,130.27839906928602,130.919689487732,127.9853121277558,128.9278106689453,99116600,0.0,0.0,124.10799064636231,120.97297337849935,117.15035184224446,3.7562845944190713,133.44947161275837,114.76650967996625,60.05099217790988,109.88276677582179,22.64425784132842
2021-01-04 00:00:00-05:00,129.7343224533574,129.82176713240116,123.16598610776016,125.74085235595705,143301900,0.0,0.0,124.42231826782226,121.3415522257487,117.38562329610188,3.364230685469579,133.52447393549375,115.32016260015078,56.61304931330228,64.53862927278611,11.391000288172904
2021-01-05 00:00:00-05:00,125.23553921066168,128.00473816184208,124.78857521714406,127.29542541503906,97664900,0.0,0.0,124.84789581298828,121.74219233194987,117.64858220418294,3.1427386568408338,133.63034543281347,116.0654461931631,57.831272808602456,65.43449821983066,11.391000288100747
2021-01-06 00:00:00-05:00,124.09875295807365,127.334339167221,122.79674215546176,123.01050567626952,155088000,0.0,0.0,124.98635406494141,122.04210688273112,117.80779368082682,2.591573371411158,133.54754544131768,116.42516268856514,53.544435528102284,31.620749453904438,7.046722788258772
2021-01-07 00:00:00-05:00,124.72058669046162,127.8978759503742,124.2347632793623,127.20800018310548,109578200,0.0,0.0,125.30408172607422,122.59497273763021,117.91684837341309,2.465057984552473,133.68931012237329,116.91885332977516,56.790270932544225,55.566007235905815,8.095771219302577
2021-01-08 00:00:00-05:00,128.67521556411702,128.86955684085643,126.53759495540402,128.30599975585938,105158200,0.0,0.0,125.803023147583,123.14168650309244,118.09755160013835,2.4254341233352648,133.60771329965118,117.99833299551483,57.59208009381651,72.50453629917833,9.909344993946194
2021-01-11 00:00:00-05:00,125.527126813187,126.47933708985272,124.8566877519052,125.32307434082033,100384500,0.0,0.0,126.08188705444336,123.56111526489258,118.22708447774251,2.1287953485513214,133.3558159253729,118.80795818351383,54.73752701102291,32.82715663066881,6.160428821041202
2021-01-12 00:00:00-05:00,124.85664288048967,126.0129052139805,123.26314235039196,125.14813995361328,91951100,0.0,0.0,126.39232864379883,123.95657526652018,118.36146138509115,1.8581713961251438,132.86901828982073,119.91563899777694,54.57342548338692,15.989961698681126,2.7241558901939653
2021-01-13 00:00:00-05:00,125.10927337732424,127.72300640920702,124.8469393391028,127.17888641357422,88636800,0.0,0.0,126.83491439819336,124.34005177815756,118.55700518290202,1.7869652091656292,132.08457472246502,121.5852540739217,56.152055879205435,43.09720656869254,6.0984157998735915
2021-01-14 00:00:00-05:00,127.09144014639318,127.28576659581172,125.10927181431389,125.2550277709961,90221800,0.0,0.0,126.88495559692383,124.54053497314453,118.7696299235026,1.5573424050553086,132.0494258420183,121.72048535182935,54.30265011463023,26.785154987629245,6.0984157998457444
2021-01-15 00:00:00-05:00,125.12871028033412,126.52788445335536,123.39917965706007,123.53520965576172,111598500,0.0,0.0,126.8524055480957,124.67203114827474,118.92885678609213,1.222497539023621,132.09609267407512,121.6087184221163,52.697594970260795,-4.139435336802479,2.3009201729311597
2021-01-19 00:00:00-05:00,124.15705738304294,125.06069683837404,123.340877429049,124.20564270019533,90757300,0.0,0.0,126.81013793945313,124.83040924072266,119.10960375467936,0.9997049376826936,132.1280669357341,121.49220894317214,53.25478361481028,-13.960495780286273,2.1719441640730297
2021-01-20 00:00:00-05:00,125.0121142129877,128.73352422939956,124.90523244341398,128.28656005859375,104319500,0.0,0.0,127.07102432250977,125.1471654256185,119.37647247314453,1.1393029459894564,132.12135985827513,122.02068878674442,56.482591682164085,49.53118014956304,9.599388181490662
2021-01-21 00:00:00-05:00,130.00635537983658,135.70991781539036,129.80230301173157,132.9893035888672,120150900,0.0,0.0,127.49077453613282,125.57209752400716,119.73319816589355,1.610838727607856,133.0447400373263,121.93680903493933,59.79234780394781,162.26993301167457,21.33512904308566
2021-01-22 00:00:00-05:00,132.4160646907934,135.88485193048166,131.19179469063414,135.12696838378906,114459400,0.0,0.0,127.84008178710937,126.04788157145182,120.1253901163737,2.1324444235977182,134.36081168867338,121.31935188554536,61.18067711893089,174.11094216940157,21.599142915276065
2021-01-25 00:00:00-05:00,139.01355380816258,140.97627022018892,132.6686847833474,138.8677978515625,157611700,0.0,0.0,128.42112617492677,126.73256912231446,120.55487124125163,2.815222240693089,136.58363391604757,120.25861843380598,63.464440497067855,223.67291064801617,28.79441910529319
2021-01-26 00:00:00-05:00,139.52852500725305,140.20867499016745,137.36174136904043,139.1009979248047,98390600,0.0,0.0,128.9647632598877,127.37774251302083,121.07553660074869,3.3366826759900334,138.41922660168845,119.51029991808693,63.60252927392014,222.27255754839763,28.79441910514033
2021-01-27 00:00:00-05:00,139.3633171255217,140.208660067174,136.42895396495652,138.03216552734375,140843800,0.0,0.0,129.22565193176268,128.0141710917155,121.51178347269693,3.621946442012245,139.3887901738412,119.06251368968417,62.482814552559624,187.4218371221508,26.51791162625567
2021-01-28 00:00:00-05:00,135.564189064389,137.96415826033868,132.8241374993332,133.2030792236328,142621100,0.0,0.0,129.3335048675537,128.5100346883138,121.97197926839193,3.418941693818965,139.62297921247597,119.04403052263145,57.732402855653184,111.66411482406018,18.167752456422065
2021-01-29 00:00:00-05:00,131.9788209864335,132.86302336292994,126.51816929301404,128.2185516357422,177523800,0.0,0.0,129.24799995422364,128.6421796162923,122.35055503845214,2.8233039588065196,139.5450694626654,118.9509304457819,53.397550644817066,9.853694173600287,5.5600953482915365
2021-02-01 00:00:00-05:00,129.95777399701672,131.54156320206033,127.2177225988055,130.3367156982422,106239800,0.0,0.0,129.31844520568848,128.84719645182292,122.73743502298991,2.4934321661750403,139.62556407737662,119.01132633400034,54.88663311379153,15.919813339287995,5.56009534824946
2021-02-02 00:00:00-05:00,131.8816527763116,132.4452098565485,130.79341280132044,131.1626434326172,83305400,0.0,0.0,129.58953475952148,129.05091807047526,123.06517130533854,2.2724563967281597,139.78505934936075,119.3940101696822,55.46069557563836,45.55551372518244,7.080418952474308
2021-02-03 00:00:00-05:00,131.9108002272906,131.92052618668296,129.82176496768204,130.1424102783203,89880900,0.0,0.0,129.73188400268555,129.28670399983724,123.30994555155436,1.9920441730668585,139.87189225980708,119.59187574556401,54.57330501608128,25.98021933425335,5.1966999751413
2021-02-04 00:00:00-05:00,132.43549143917588,133.5042942626405,130.7739685158837,133.4945831298828,84183100,0.0,0.0,130.2560878753662,129.58338012695313,123.61277516682942,2.017056428464656,140.00967376948384,120.50250198124856,56.91640927007779,59.177362124131136,7.927817835703599
2021-02-05 00:00:00-05:00,133.65514858435046,133.72325779067754,132.20522578325316,133.0810089111328,75693800,0.205,0.0,130.54973831176758,129.74805297851563,123.947092183431,1.980674851243947,140.27051159943736,120.82896502409781,56.544173041944106,62.67571778901945,8.305618889633426
2021-02-08 00:00:00-05:00,132.37067302189544,133.27566293088242,131.29053239728702,133.2270050048828,71297200,0.0,0.0,130.79578857421876,129.94738947550456,124.28951047261556,1.941245385387333,140.52654705419837,121.06503009423913,56.64771209822006,51.08752969462957,6.418587038126647
2021-02-09 00:00:00-05:00,132.94477197557092,134.1708861386868,132.19549648512387,132.35118103027344,76774200,0.0,0.0,131.1471939086914,130.08482030232747,124.56032816569011,1.8183645992301365,140.54781335367366,121.74657446370915,55.82231511465724,53.39966084211716,8.040780215975156
2021-02-10 00:00:00-05:00,132.80853804149436,133.3048279995829,130.7844904817518,131.74786376953125,73046600,0.0,0.0,131.4771800994873,130.04926935831705,124.82562510172527,1.6532405026747767,140.44448511578796,122.50987508318664,55.24865534547957,35.22903394110506,5.071051110800992
2021-02-11 00:00:00-05:00,132.24413324277845,132.72095704438246,130.17144270344224,131.49485778808594,64280000,0.0,0.0,131.6929786682129,130.06423060099283,125.08589579264323,1.4848466108118146,140.42951128051993,122.95644605590586,55.00344165718031,26.657809559661747,3.788813857610675
2021-02-12 00:00:00-05:00,130.73585850968206,131.88410821935858,130.0936095966532,131.72840881347656,60145100,0.0,0.0,132.01664772033692,130.12422256469728,125.33321698506673,1.3546235965821154,140.21179481245903,123.8215006282148,55.193348116500445,21.749321396145366,3.622727625182131
2021-02-16 00:00:00-05:00,131.8452173347529,132.35121823326722,129.21783758857316,129.60708618164062,80576300,0.0,0.0,132.32024154663085,130.1468650817871,125.55991923014322,1.067937394328851,139.59007657379652,125.05040651946518,53.08808816460737,5.061696875862408,1.7278854073500334
2021-02-17 00:00:00-05:00,127.71922556162116,128.66313264506522,125.98711077615506,127.32025146484376,97918500,0.0,0.0,132.4759719848633,130.19951171875,125.77053197224934,0.6487299092368914,139.12044777935492,125.83149619037167,50.92200181579636,-54.809737240795265,4.907936717645642
2021-02-18 00:00:00-05:00,125.7243978338029,126.50288006540656,123.98255701846796,126.22068786621094,96856700,0.0,0.0,132.37267837524413,130.16368713378907,125.95293973286947,0.22518358787235115,139.34740031263098,125.39795643785729,49.90910022271138,-86.94779257073783,8.729371807726773
2021-02-19 00:00:00-05:00,126.73642239782728,127.1937801275738,125.3351574256944,126.3763656616211,87668800,0.0,0.0,132.04203147888182,130.2758824666341,126.15899467468262,-0.09680215131641035,139.50366719763977,124.58039576012388,50.054608194165645,-75.66121098796621,7.193442540070309
2021-02-22 00:00:00-05:00,124.56642052486616,126.23042665376693,122.22125536466936,122.6104965209961,103916400,0.0,0.0,131.41620788574218,130.1226323445638,126.358802541097,-0.6483782356729364,139.82754045001542,123.00487532146893,46.66258687273621,-121.2784937850237,12.92819725901056
2021-02-23 00:00:00-05:00,120.43076671673298,123.30140656932252,115.20522100827414,122.47427368164062,158273000,0.0,0.0,130.5965316772461,129.92824147542316,126.53496398925782,-1.0840025939558728,139.14434840327672,122.04871495121549,46.54455715456564,-167.28828524043968,23.890131016102927
2021-02-24 00:00:00-05:00,121.57899955251936,122.1823162213377,118.94190197736168,121.97796630859376,111039900,0.0,0.0,129.74038009643556,129.81673787434895,126.68892656962076,-1.452541894802863,138.13026590564493,121.35049428722618,46.10502076525093,-146.01580990644885,23.890131015946277
2021-02-25 00:00:00-05:00,121.32597453863156,123.05808944115938,117.29734557401017,117.73523712158205,148199500,0.0,0.0,128.72553367614745,129.56964111328125,126.76310818990072,-2.0631816594468546,137.77655700374027,119.67451034855462,42.5515015732767,-162.6603176405565,26.220105924272374
2021-02-26 00:00:00-05:00,119.29220185674814,121.49140765726708,117.93959485190196,117.99798583984376,164560400,0.0,0.0,127.96527900695801,129.26361109415691,126.80183143615723,-2.497131074056483,137.93995204762382,117.99060596629222,42.83377403856164,-151.95320967788044,26.220105924082727
2021-03-01 00:00:00-05:00,120.42100448300808,124.48855870917816,119.48683030882653,124.35232543945312,116307900,0.0,0.0,127.77196769714355,129.2335210164388,126.88702799479167,-2.3017637120404117,137.87500410346365,117.66893129082345,49.091713868521005,-93.33701012395915,19.108628038006543
2021-03-02 00:00:00-05:00,124.95565484356456,125.25731317881322,121.6471165286429,121.75415802001952,102260900,0.0,0.0,127.34283981323242,129.17415262858074,126.92309188842773,-2.329728408170226,137.7127555431467,116.97292408331815,46.919200619671166,-89.68509145479774,17.354213210770418
2021-03-03 00:00:00-05:00,121.45248092660913,122.32827149061752,118.56237577745944,118.77645874023438,112966300,0.0,0.0,126.72353057861328,128.99317982991536,126.911794535319,-2.5626257233753478,137.59999555775346,115.8470655994731,44.58018528663401,-126.1123497644101,22.116223633906287
2021-03-04 00:00:00-05:00,118.47478400264606,120.27501537535014,115.4289873001609,116.89836120605467,178155000,0.0,0.0,126.061328125,128.6135732014974,126.88036931355795,-2.865711164244132,137.6506885143141,114.47196773568591,43.175808924476144,-142.681922796477,26.562595392670755
2021-03-05 00:00:00-05:00,117.7255127803743,118.65968686991202,114.40724183835442,118.15367126464844,153766600,0.0,0.0,125.29428253173828,128.11905212402343,126.8455748240153,-2.9703748962706555,136.8427946785066,113.74577038496994,44.38716766957265,-133.7140508797902,27.950129622983415
2021-03-08 00:00:00-05:00,117.67686731260756,117.74498394850409,113.08383865170995,113.22980499267578,154376600,0.0,0.0,124.30172233581543,127.38914667765299,126.71851412455241,-3.4113130225881605,136.4301025075374,112.17334216409346,40.853338383449085,-147.00305701736127,29.729123575214924
2021-03-09 00:00:00-05:00,115.82797605727136,118.77646492277744,115.5944343694315,117.83255767822266,129525800,0.0,0.0,123.53199996948243,126.68797200520834,126.7102705637614,-3.350730850085739,135.22143376578586,111.842566173179,45.0814083994494,-107.39977002619361,27.196853980601855
2021-03-10 00:00:00-05:00,118.41642461584055,118.88350799775948,116.23667741969722,116.75242614746094,111943300,0.0,0.0,122.7520622253418,125.94301961263021,126.66038106282552,-3.3512455567034465,134.03849754624835,111.46562690443527,44.312420218540325,-101.67256337866854,26.930867039806913
2021-03-11 00:00:00-05:00,119.24355264557504,119.89552719538874,117.997987110362,118.6791534423828,103026500,0.0,0.0,122.09862670898437,125.29791920979818,126.65604515075684,-3.159758940849443,132.6835890986239,111.51366431934483,46.01179033873963,-78.1765260848236,24.38689689989551
2021-03-12 00:00:00-05:00,117.16111263936789,117.9103955487277,115.95447204511132,117.77416229248048,88105100,0.0,0.0,121.4125919342041,124.78362197875977,126.64682833353679,-3.0459181917725715,131.18037729443125,111.64480657397695,45.33950483596933,-91.36769238252876,27.425279660988306
2021-03-15 00:00:00-04:00,118.1439662191268,120.66428934425416,117.18059275719496,120.65455627441406,92403800,0.0,0.0,120.85889930725098,124.53148880004883,126.58683420817057,-2.692240384771523,129.33453343882525,112.38326517567671,47.84840306547564,-60.01163615746105,20.665668037302574
2021-03-16 00:00:00-04:00,122.31854732264156,123.79766203262986,121.36491441345116,122.19204711914062,115227900,0.0,0.0,120.48814735412597,124.2599998474121,126.55359814961751,-2.261812743413344,127.93932381316338,113.03697089508856,49.13751595367397,-22.42941143914881,13.574233686670214
2021-03-17 00:00:00-04:00,120.71292450730932,122.47423118424491,119.04891881379946,121.40382385253906,111932600,0.0,0.0,120.19232597351075,123.93470586140951,126.49281196594238,-1.9616856753725784,126.937784586894,113.4468673601275,48.501687214401656,-37.58283911520822,17.2908919894466
2021-03-18 00:00:00-04:00,119.57440169521924,119.86633436304557,117.08327064661763,117.2876205444336,121229700,0.0,0.0,119.74567260742188,123.50621287027995,126.39645843505859,-2.032546091937391,125.97357144173685,113.51777377310691,45.3327758421678,-70.78518632261539,20.30014190585779
2021-03-19 00:00:00-04:00,116.67457065039012,118.16341092060108,116.4604876842397,116.76214599609376,185549500,0.0,0.0,119.26496162414551,122.9484649658203,126.26592254638672,-2.1068187914846703,124.78145589901817,113.74846734927286,44.94497166515666,-79.99360743472351,21.239364060159126
2021-03-22 00:00:00-04:00,117.09300574322106,120.53777713211232,117.02488910943605,120.07068634033205,111912300,0.0,0.0,119.13797111511231,122.51478754679361,126.13142026265463,-1.8770711777265205,124.44307640077574,113.83286582944888,47.85071046082511,-48.556102803379865,15.854699281258915
2021-03-23 00:00:00-04:00,120.01230226774646,120.89781850320576,118.85431207414344,119.2435531616211,95467100,0.0,0.0,118.97643508911133,122.04867248535156,125.99803098042806,-1.7416604954174346,124.04528796330547,113.9075822149172,47.20635968386854,-38.43683204077734,15.05312934928003
2021-03-24 00:00:00-04:00,119.51603814694975,119.59388786129526,116.84001546562122,116.8594741821289,88530500,0.0,0.0,118.72051048278809,121.53228225708008,125.80855127970378,-1.8059044606855537,123.66665019336946,113.77437077220671,45.384116618741906,-65.80760124267003,18.32366057695412
2021-03-25 00:00:00-04:00,116.32425877519718,118.38723138862224,115.79878440882976,117.34600830078124,98844700,0.0,0.0,118.70104904174805,121.05222040812174,125.5507448832194,-1.7968461053685303,123.6665369516718,113.7355611318243,45.8256014763979,-74.33122078163362,19.971305396412475
2021-03-26 00:00:00-04:00,117.11247500179746,118.21208173439534,115.72094299418823,117.9493408203125,94071200,0.0,0.0,118.69861679077148,120.60070317586263,125.33246688842773,-1.721143134768738,123.66560216134324,113.73163142019972,46.3816047542206,-70.34165841189747,20.095964187340115
2021-03-29 00:00:00-04:00,118.37751959042376,119.2825021466437,117.482270105003,118.12451171875,80819200,0.0,0.0,118.38722610473633,120.14723993937174,125.1357312520345,-1.6282437769047249,122.5827845181579,114.19166769131476,46.54637882269157,-46.19655665189381,17.49248455400461
2021-03-30 00:00:00-04:00,116.87891806940084,117.16111766205536,115.66254435493632,116.67456817626952,85671900,0.0,0.0,118.13324661254883,119.71615600585938,124.93151054382324,-1.6525689070164873,122.0781228206207,114.18837040447696,45.352959468613655,-90.18195660870006,20.52249960946133
2021-03-31 00:00:00-04:00,118.3774946900482,120.19718506636264,117.89094519064328,118.86404418945312,118323800,0.0,0.0,118.13762588500977,119.43428243001303,124.81689707438152,-1.4781353081091595,122.08570174167627,114.18955002834326,47.45737407269386,-15.414568540862874,13.338637465219252
2021-04-01 00:00:00-04:00,120.33342627373456,120.83943448866228,119.1948947978738,119.69117736816406,75089100,0.0,0.0,118.27726669311524,119.21663208007813,124.69015960693359,-1.2586438268104274,122.23832564955885,114.31620773667163,48.23639244984206,22.346445710823758,11.8793018650019
2021-04-05 00:00:00-04:00,120.53779352124104,122.76619144970482,119.75931123714496,122.51318359375,88651200,0.0,0.0,118.49524230957032,119.08785934448242,124.68187090555827,-0.8472167413950444,122.88434105508136,114.10614356405927,50.81042920826362,99.71760252104534,7.580406809932018
2021-04-06 00:00:00-04:00,123.09704186712644,123.71009165590245,122.2699090785424,122.8148422241211,80171300,0.0,0.0,118.97449417114258,119.09467086791992,124.60865160624186,-0.49115475534033237,123.02276497514364,114.92622336714152,51.07943566930194,151.83341953352613,5.525524209227816
2021-04-07 00:00:00-04:00,122.4450511751175,124.47882455845117,121.7736104771957,124.45936584472656,83466700,0.0,0.0,119.30583457946777,119.16084060668945,124.54454104105632,-0.07540453721109941,123.9946662684259,114.61700289050964,52.54308421558144,162.03533268624562,3.854238483942256
2021-04-08 00:00:00-04:00,125.4811068462127,126.88237171232534,125.06268142419076,126.85317993164062,88844600,0.0,0.0,119.81087226867676,119.32334772745769,124.57004280090332,0.4421445299341258,125.4260901869102,114.19565435044332,54.58896492771832,230.18913063445805,1.206589739436161
2021-04-09 00:00:00-04:00,126.3082511367721,129.4610823431084,125.987126690143,129.4221649169922,106686700,0.0,0.0,120.34802284240723,119.7129119873047,124.64127655029297,1.0475262818858084,127.3832161382447,113.31282954656976,56.663081810463794,245.02847514725923,6.275600999313764
2021-04-12 00:00:00-04:00,128.95509937555343,129.2762238665418,127.11594263503032,127.70953369140624,91420000,0.0,0.0,120.84479141235352,120.03663024902343,124.65012067159017,1.3732704481045204,128.49129375662164,113.19828906808539,54.9327526138811,200.96852332168044,6.275600999283965
2021-04-13 00:00:00-04:00,128.87723269707828,131.0375136441806,128.38094270892825,130.81369018554688,91266500,0.0,0.0,121.35274810791016,120.25200907389323,124.74276504516601,1.8604583277445954,130.2012995115732,112.50419670424711,57.37343830212189,219.24935157129784,9.663521066125535
2021-04-14 00:00:00-04:00,131.3099778007929,131.36836136344672,128.11821435701262,128.47825622558594,87222800,0.0,0.0,121.66705856323242,120.47614568074545,124.82514915466308,2.0346540049843043,131.07033588764196,112.26378123882289,55.052953724286475,180.44683890137384,10.293642569794482
2021-04-15 00:00:00-04:00,130.220150823009,131.36840082898902,130.04498523411246,130.88185119628906,89347100,0.0,0.0,122.14095993041992,120.87965876261393,124.93641929626465,2.3396849292027326,132.4043765845747,111.87754327626516,56.908518775912995,179.30481168572294,10.293719783929708
2021-04-16 00:00:00-04:00,130.68721289515452,131.04725481288563,129.69464764958488,130.5509796142578,84922400,0.0,0.0,122.80412788391114,121.33474604288737,124.97415962219239,2.5256118811867196,133.45388073427722,112.15437503354504,56.57591433256437,152.5873826183821,9.428757173717162
2021-04-19 00:00:00-04:00,129.91845343765638,131.82573417670255,129.75302837507442,131.21267700195312,94264200,0.0,0.0,123.5266544342041,121.77004623413086,124.94454917907714,2.695284220577946,134.40869304687303,112.64461582153518,57.09469639727414,143.30361346250294,11.032597364750151
2021-04-20 00:00:00-04:00,131.38782793049364,131.88410306298763,128.26417368348118,129.52920532226562,94812300,0.0,0.0,123.99958038330078,122.31335957845052,124.85125312805175,2.66320886279739,135.0697190062859,112.92944176031564,55.35419466921599,115.54738861776283,7.274268387417919
2021-04-21 00:00:00-04:00,128.7993896114448,130.15199668398512,127.76790700410928,129.90872192382812,68847100,0.0,0.0,124.53283882141113,122.71589838663736,124.70193519592286,2.6380034667942738,135.66566104792315,113.40001659489911,55.66935457765924,97.32059835182689,6.036651131513788
2021-04-22 00:00:00-04:00,129.46108603950333,130.54122653689166,127.8749447465964,128.39068603515625,84566500,0.0,0.0,125.1093994140625,123.10384038289388,124.52342999776205,2.467096051834602,135.7525859061563,114.4662129219687,54.08942691939113,85.04324884341315,6.908050423432653
2021-04-23 00:00:00-04:00,128.6047976585629,131.48516306112936,128.6047976585629,130.70669555664062,78657500,0.0,0.0,125.77743377685547,123.50475845336913,124.40133883158366,2.489832072576249,136.03928775096827,115.51557980274268,56.05770002576356,95.41380394562931,9.024667392410166
2021-04-26 00:00:00-04:00,131.20294297565732,131.426751593288,129.9671030596472,131.0959014892578,66905100,0.0,0.0,126.43476181030273,123.94881642659506,124.36621920267741,2.5103188062711865,136.2602633219069,116.60926029869854,56.382782063727284,95.15386095802734,9.024667392377344
2021-04-27 00:00:00-04:00,131.37812758921328,131.76737620766062,130.50234418226077,130.77481079101562,66015800,0.0,0.0,127.06727676391601,124.28615824381511,124.40882352193196,2.472147971485569,136.24782307289826,117.88673045493378,56.02903336661746,90.22060071660843,9.816506511855929
2021-04-28 00:00:00-04:00,130.69691506905932,131.38782184344353,129.50000754125335,129.98655700683594,107760100,0.0,0.0,127.73287620544434,124.54597524007161,124.40298754374186,2.35118877658806,135.5733232662976,119.89242914459109,55.15029859358641,75.02935677873616,6.981953009020018
2021-04-29 00:00:00-04:00,132.79886989631544,133.3827354474625,128.88700633959272,129.88929748535156,151101000,0.0,0.0,128.28413887023925,124.82882436116536,124.38176511128744,2.221867408198534,134.96342434949025,121.60485339098825,55.04011591059734,75.32938393796022,11.675816022541065
2021-04-30 00:00:00-04:00,128.23494495775918,129.9670594485955,127.54405319872296,127.9235610961914,109839500,0.0,0.0,128.6957580566406,125.18335571289063,124.34478429158528,1.938415941428147,134.023213868921,123.36830224436024,52.83318531284458,43.701577568363135,7.884565062335276
2021-05-03 00:00:00-04:00,128.48796838679135,130.4633727552625,128.283625938946,128.97451782226562,75135100,0.0,0.0,129.0188247680664,125.59043477376302,124.26944986979167,1.7780853750535357,133.48105264726863,124.55659688886416,53.8564849592032,50.46332565053236,9.064814152228015
2021-05-04 00:00:00-04:00,127.66089139921876,127.95282414025972,123.29167047553808,124.41073608398438,137564700,0.0,0.0,129.09861946105957,125.73510309855143,124.12494532267253,1.2681448168623461,133.1300031042261,125.06723581789305,49.07372494802714,-7.397730461248588,3.7647912626042648
2021-05-05 00:00:00-04:00,125.72439941828402,126.94077328039651,124.52749169549318,124.65399932861328,84000900,0.0,0.0,129.1083511352539,125.91545130411784,123.9820618947347,0.8735725606788378,133.09325255430244,125.1234497162054,49.3218873037137,-8.300631362834999,3.76479126258105
2021-05-06 00:00:00-04:00,124.4496312010592,126.25959594495404,123.71007387822482,126.24987030029295,78128300,0.0,0.0,129.07818565368652,126.22846450805665,123.88037338256837,0.6817854567296848,133.1432940077408,125.01307729963223,50.94417947679182,-12.512401451296176,5.708455731784421
2021-05-07 00:00:00-04:00,127.54630313860244,127.9459401484153,126.21088280565188,126.9224624633789,78973300,0.22,0.0,128.95320053100585,126.5476796468099,123.79995002746583,0.5774093460558021,133.12606142745452,124.78033963455717,51.619417695460996,9.142309850671198,1.3403312745245362
2021-05-10 00:00:00-04:00,126.14263220253412,126.26933982071908,123.60827160938824,123.6472625732422,88071200,0.0,0.0,128.75008697509764,126.73761037190755,123.66915677388509,0.22778352057612494,133.52924823959006,123.97092571060521,48.272280221946836,-42.80515171220903,7.446442598743941
2021-05-11 00:00:00-04:00,120.38183991469327,123.08189896287028,119.67026787217048,122.73099517822266,126142800,0.0,0.0,128.34595222473143,126.89115982055664,123.51919987996419,-0.12182822628929557,133.7202835423947,122.97162090706816,47.38309637397079,-100.3277766579739,15.620747378771974
2021-05-12 00:00:00-04:00,120.28438654552215,121.4930768252382,119.16342036759428,119.6702880859375,112172300,0.0,0.0,127.90555381774902,126.9910171508789,123.35358657836915,-0.6385111780466133,134.5319278368549,121.27917979864314,44.54752781060066,-143.1179242803401,16.601457409118346
2021-05-13 00:00:00-04:00,121.43461322233485,122.9649736565778,121.12269286111233,121.81476593017578,105861300,0.0,0.0,127.45219955444335,127.08937454223633,123.26182848612467,-0.8649738201617225,134.4513830299773,120.45301607890939,46.852789541245805,-110.49188476307202,12.667523969470228
2021-05-14 00:00:00-04:00,123.06243260302256,124.66102519199372,122.67253033910512,124.2321319580078,81918000,0.0,0.0,127.13625717163086,127.24073969523111,123.22868588765462,-0.8397062489984961,134.11691782459513,120.1555965186666,49.3101261248893,-76.26527899892359,8.311574541850586
2021-05-17 00:00:00-04:00,123.61804864388507,123.72527195908786,122.00970635261076,123.0819320678711,74244600,0.0,0.0,126.72971992492675,127.25969797770182,123.17377866109213,-0.9020942542917965,133.65762858978647,119.80181126006703,48.212886534172284,-99.61087588312265,9.722634232924223
2021-05-18 00:00:00-04:00,123.36460169987382,123.783745326629,121.62954445690448,121.6977767944336,63342900,0.0,0.0,126.33814849853516,127.2224624633789,123.15856666564942,-1.051110414105878,133.48174898045798,119.19454801661233,46.913326544666326,-111.47085727191774,10.539509544981547
2021-05-19 00:00:00-04:00,120.05045503106064,121.76601312715728,119.75802646818856,121.54182434082033,92612000,0.0,0.0,125.91980361938477,127.12521107991536,123.14302584330241,-1.1683231519794361,133.1622641542779,118.67734308449164,46.766400833007616,-135.8941709285841,14.480372837315247
2021-05-20 00:00:00-04:00,122.06818662946591,124.49531683623646,121.94146411990351,124.09566497802734,76857100,0.0,0.0,125.70505256652832,127.03329391479492,123.1783208211263,-1.0431170906276321,132.8935334971022,118.51657163595443,49.44841571243089,-76.09058228201818,7.346442448741815
2021-05-21 00:00:00-04:00,124.59278661639333,124.76824225453444,122.0486835817306,122.26313018798828,79295400,0.0,0.0,125.2828742980957,126.79465942382812,123.2537857055664,-1.0793189108180457,132.22198440601125,118.34376419018015,47.66577546519881,-79.76446464461137,6.65888302422695
2021-05-24 00:00:00-04:00,122.82848472896345,124.70975612799803,122.76025239580744,123.89096069335938,63092900,0.0,0.0,124.92262725830078,126.66737365722656,123.352001953125,-0.9655268047174701,131.31783949609692,118.52741502050462,49.34389663643602,-59.75622331953317,6.658883024187408
2021-05-25 00:00:00-04:00,124.59279971373591,125.08018314804376,123.13067172111496,123.69602966308594,72009500,0.0,0.0,124.5686882019043,126.43011830647787,123.34106369018555,-0.8809203444642861,130.3546975600175,118.78267884379109,49.14866763883429,-52.26390224504329,5.675770579683734
2021-05-26 00:00:00-04:00,123.7544858646491,124.17362943012176,123.22811900776954,123.6472625732422,56575900,0.0,0.0,124.25172348022461,126.26908518473307,123.37261543273925,-0.808484505627078,129.45306815441555,119.05037880603368,49.098393194370985,-54.4151838046642,5.675770579669933
2021-05-27 00:00:00-04:00,123.24764397847942,124.41734339161216,121.92198067731964,122.11692810058594,94625600,0.0,0.0,123.86310501098633,125.97692108154297,123.42828992207845,-0.8645972450334511,128.41135070750943,119.31485931446323,47.52042366306131,-67.954527415645,8.846170943876109
2021-05-28 00:00:00-04:00,122.39959761550024,122.62379382802952,121.4053539348129,121.46383666992188,71311100,0.0,0.0,123.54011878967285,125.67401631673177,123.50438117980957,-0.9508057191508641,127.7813659453821,119.29887163396359,46.85560415213357,-84.08656116526546,10.082814427923466
2021-06-01 00:00:00-04:00,121.92196296159236,122.1851426884376,120.81074644955004,121.14215850830078,67637100,0.0,0.0,123.14850082397462,125.33833236694336,123.5541893005371,-1.0331735141111977,126.66070723394259,119.63629441400664,46.52396103720422,-90.00080510339737,11.512136343878046
2021-06-02 00:00:00-04:00,121.14216813753484,122.07792909380578,120.91797935921072,121.90247344970705,59278900,0.0,0.0,123.02308769226075,125.0841079711914,123.69873377482097,-1.0252807255022702,126.52463165722465,119.52154372729684,47.43369024267637,-80.68584360892288,11.512136343841137
2021-06-03 00:00:00-04:00,121.53209235043184,121.69779842291418,120.02122361792784,120.4208755493164,76229200,0.0,0.0,122.81143150329589,124.76784642537434,123.74187240600585,-1.1256029518312545,126.40834587047773,119.21451713611405,45.86095336430033,-96.37783320855269,13.725536432371426
2021-06-04 00:00:00-04:00,120.93746915555828,122.97470451422886,120.72302254551224,122.71151733398438,75169300,0.0,0.0,122.63451385498047,124.57854080200195,123.84119059244792,-1.0086463434621464,125.84684670061121,119.42218100934973,48.58735114034067,-60.7354970809109,9.684170126733157
2021-06-07 00:00:00-04:00,122.98446273682512,123.13067702974456,121.6782985767518,122.72128295898438,71057600,0.0,0.0,122.42445487976075,124.31236038208007,123.9085594177246,-0.9047401036463327,124.9272605107339,119.92164924878759,48.5987672536676,-49.14304991677791,9.193848814176846
2021-06-08 00:00:00-04:00,123.4035896495703,125.21663622404849,123.0234370016728,123.54005432128906,74403800,0.0,0.0,122.41909446716309,124.06049880981445,124.00465761820475,-0.7477065580381748,124.91130971104737,119.92687922327882,49.569999562086394,-8.046757979891035,2.8338932087992807
2021-06-09 00:00:00-04:00,123.99818609803276,124.52455300706954,123.32560491924684,123.92020416259766,56877900,0.0,0.0,122.47855491638184,123.83201192220052,124.05908508300782,-0.58582836193834,125.05734440259741,119.89976543016627,50.02355499387908,-1.6380183545000706,2.8338932087894646
2021-06-10 00:00:00-04:00,123.81297704481985,124.953442364302,122.7602506959565,122.92595672607422,71186400,0.0,0.0,122.64133834838867,123.59665857950846,124.07131690979004,-0.5316377945521538,124.85954407854416,120.42313261823318,48.83522377739172,-7.566440369975163,4.44809054454259
2021-06-11 00:00:00-04:00,123.33537009563992,124.22239799050632,122.9162264357036,124.1346664428711,53522400,0.0,0.0,122.75733337402343,123.40483754475912,124.11683095296225,-0.38670095899739465,125.03536502931524,120.47930171873162,50.31945012886904,10.51003766478694,4.4480905445249235
2021-06-14 00:00:00-04:00,124.59280941543643,127.244128801622,123.86174536220004,127.1856460571289,96906500,0.0,0.0,122.90500907897949,123.38024037679037,124.2817980448405,-0.02535662049947973,125.86610930609193,119.94390885186705,53.81765761530868,121.81578220098072,4.615519054856486
2021-06-15 00:00:00-04:00,126.65927274152148,127.30261260822044,126.12315618593904,126.3668441772461,62746300,0.0,0.0,123.06925468444824,123.29331792195639,124.4418763478597,0.19271935366634807,126.41155179119988,119.7269575776966,52.78575505250576,157.67019638995453,4.780954143043045
2021-06-16 00:00:00-04:00,127.07841452715692,127.58528973592168,125.21664949570912,126.8639678955078,91815000,0.0,0.0,123.32756423950195,123.37509231567383,124.55509770711264,0.40103695934232064,127.00527612794285,119.64985235106106,53.34757484427537,148.94701264842652,1.9457923321576387
2021-06-17 00:00:00-04:00,126.52280804022224,129.20337594415264,126.37658632134162,128.46255493164062,96721700,0.0,0.0,123.67360076904296,123.50204416910807,124.70874773661295,0.6872011494712069,127.90458595518368,119.44261558290225,55.12394597738366,201.81499831442284,6.611758634448924
2021-06-18 00:00:00-04:00,127.40982566701064,128.18961527761795,126.95169109033546,127.1661376953125,108953300,0.0,0.0,123.82712440490722,123.53258641560872,124.88052546183268,0.8001546112101607,128.33627662222204,119.31797218759242,53.417567531845634,165.7581259816714,6.6117586344185355
2021-06-21 00:00:00-04:00,127.01021243070468,129.0669401319559,125.94773612079096,128.959716796875,79663300,0.0,0.0,124.16195373535156,123.60049489339193,125.07408727010092,1.0226098772418482,129.15108652163102,119.1728209490721,55.393761875634446,184.0442543007935,3.3464078669649338
2021-06-22 00:00:00-04:00,128.79396232556323,130.6947253937975,128.29682937988724,130.5972442626953,74783600,0.0,0.0,124.49726791381836,123.83216094970703,125.28488566080729,1.3158734889020138,130.25236054708,118.74217528055672,57.112194953837715,226.90574690714877,8.069128388001113
2021-06-23 00:00:00-04:00,130.3925806003398,130.92869718078555,129.86620618552573,130.3243408203125,60214200,0.0,0.0,124.82868347167968,124.08527247111003,125.48821614583333,1.5088726423613252,131.127242267001,118.53012467635835,56.73537436153573,207.0150619364102,8.732231878236849
2021-06-24 00:00:00-04:00,131.05536118547494,131.240566385548,129.57373445842103,130.0416259765625,68711000,0.0,0.0,125.14840164184571,124.43098373413086,125.71100044250488,1.6203349244321714,131.83185920620537,118.46494407748607,56.33702644379696,174.8180940309529,9.631049200681804
2021-06-25 00:00:00-04:00,130.09040620403312,130.50954241745376,129.4568084909208,129.74923706054688,70783700,0.0,0.0,125.53001708984375,124.69546610514323,125.89242032368978,1.6658730960085677,132.3547572473795,118.70527693230801,55.91698905004395,143.4970899880837,9.213897856848394
2021-06-28 00:00:00-04:00,130.04168479997963,131.83522514355917,129.98320205214029,131.37709045410156,62111300,0.0,0.0,126.02567977905274,124.93363138834636,126.08718554178874,1.8124240926439086,133.04418067199526,119.00717888611022,57.73201652839266,152.8581760370656,13.092448555411643
2021-06-29 00:00:00-04:00,131.39653993588485,133.043872786454,130.95790461954863,132.88790893554688,64556100,0.0,0.0,126.61296730041504,125.26049728393555,126.26009763081869,2.027109976360748,133.8724469332742,119.35348766755587,59.339351919295225,161.01119024687048,16.45861169064213
2021-06-30 00:00:00-04:00,132.73196707347742,133.9406648079474,132.43953852296474,133.5020294189453,63261400,0.0,0.0,127.19294509887695,125.65397237141927,126.43821741739909,2.2211998671067334,134.71649620870951,119.66939398904437,59.97929923009893,162.96042598318388,18.870578394611094
2021-07-01 00:00:00-04:00,133.15111722207564,133.86268195374564,132.3323143115352,133.80419921875,52485800,0.0,0.0,127.86211128234864,126.06271820068359,126.59396464029948,2.3720564907000607,135.22861068118706,120.4956118835102,60.29735995093645,148.78435919435344,18.447597978446204
2021-07-02 00:00:00-04:00,134.41826831389758,136.46525305919846,134.27206149217562,136.42626953125,78852600,0.0,0.0,128.5478488922119,126.47373835245769,126.7535161336263,2.6723850213990943,136.4308313056048,120.664866478819,62.941188968512655,174.95628997118052,25.136417666880327
2021-07-06 00:00:00-04:00,136.53350195950557,139.53572463895688,136.53350195950557,138.43426513671875,108181800,0.0,0.0,129.33349800109863,127.01277618408203,126.90371780395508,3.0374126077516905,137.87588976350284,120.79110623869444,64.79822456292825,193.7800581971452,31.948446968478862
2021-07-07 00:00:00-04:00,139.91586805219617,141.231788943126,139.05809657469072,140.9198760986328,104911600,0.0,0.0,130.2024890899658,127.58040669759114,127.12389017740885,3.4870708492034055,139.74128994534914,120.6636882345825,66.92086551384003,202.59521600719782,35.311939896150044
2021-07-08 00:00:00-04:00,138.0053823208354,140.42276298269945,137.11835448019005,139.62347412109375,105575500,0.0,0.0,130.98765258789064,128.11132151285807,127.27071990966797,3.6962118111159725,140.92593210681483,121.04937306896645,64.81224314573674,162.07472398783256,27.836572704724635
2021-07-09 00:00:00-04:00,139.1458282969305,141.97260274724476,139.04834716131978,141.4462432861328,99890800,0.0,0.0,131.91366691589354,128.70462086995443,127.48685302734376,3.9633527054253364,142.13640501386723,121.69092881791985,66.35423782759938,166.565271003102,30.987859802902143
2021-07-12 00:00:00-04:00,142.51848639937432,142.62570970674338,140.364278087154,140.85165405273438,76299700,0.0,0.0,132.74951629638673,129.32911173502603,127.6530164082845,4.080053094537078,143.0277268666891,122.47130572608435,65.38731147001221,155.69269839955246,32.27708047707693
2021-07-13 00:00:00-04:00,140.3934939298509,143.7369001800956,140.00359917768813,141.9628448486328,100827100,0.0,0.0,133.4883762359619,130.01241200764974,127.84321416219076,4.213630692579073,144.1980192126802,122.77873325924362,66.335706118356,149.820219045646,34.43291343217782
2021-07-14 00:00:00-04:00,144.3607540301203,145.79364043052715,143.95134516697595,145.3842315673828,127050800,0.0,0.0,134.43924560546876,130.82048110961915,128.07940673828125,4.543198056727874,145.84118684662423,123.0373043643133,69.03792546329528,169.41096157095572,38.19980790635908
2021-07-15 00:00:00-04:00,145.47202235618528,146.2128286669575,143.37629622116938,144.731201171875,106820300,0.0,0.0,135.3326072692871,131.58143870035806,128.33277333577473,4.697538175929566,147.0314409499523,123.63377358862192,67.96080545228388,149.41444755160347,35.94091123453584
2021-07-16 00:00:00-04:00,144.7116829108476,145.97884856339024,142.1968210625346,142.69393920898438,93251400,0.0,0.0,136.0441764831543,132.32387415568033,128.54586029052734,4.602410099336424,147.71476789873074,124.37358506757786,64.70291164932986,124.8472757997138,31.384323680100252
2021-07-19 00:00:00-04:00,140.12055849525734,140.43248618215895,138.09307315098926,138.85337829589844,121434600,0.0,0.0,136.6285385131836,132.86193618774413,128.72023849487306,4.169060905527687,147.57535065585355,125.68172637051364,59.171196653931325,70.28543880266388,17.24004942177672
2021-07-20 00:00:00-04:00,139.83790622702588,143.3860023478585,139.35053030452949,142.45997619628906,96350000,0.0,0.0,137.3035514831543,133.51989262898763,128.91612650553387,4.069737456215506,147.91920323601582,126.68789973029278,62.302165192147044,91.63498716369331,23.381260911791525
2021-07-21 00:00:00-04:00,141.8556653977963,142.4405225803077,140.97839449756518,141.72894287109375,74993500,0.0,0.0,137.86013641357422,134.1261889139811,129.09334386189778,3.8872251157848154,148.1578223249205,127.56245050222796,61.316225900498424,84.37039089594116,23.381260911701485
2021-07-22 00:00:00-04:00,142.2553100922622,144.4582442706814,142.12858757198936,143.09359741210938,77338200,0.0,0.0,138.49859924316405,134.7653020222982,129.29865697224935,3.8087935860607445,148.40499584722934,128.59220263909876,62.46335242917595,93.46305401668197,27.32395894961553
2021-07-23 00:00:00-04:00,143.8246641352954,144.96512221870486,143.21056560056124,144.8091583251953,71447400,0.0,0.0,139.2369758605957,135.4947420756022,129.54570032755535,3.8407931887617224,148.67985737306816,129.79409434812322,63.857186625075165,98.54379510550388,28.283019231241763
2021-07-26 00:00:00-04:00,144.5264642055409,146.04707474588002,143.97084849928373,145.22828674316406,72434100,0.0,0.0,140.01092834472655,136.19786275227864,129.80135014851888,3.855529125202878,148.68571483478053,131.33614185467258,64.19322207627994,100.430899150545,30.31364756677386
2021-07-27 00:00:00-04:00,145.35500444699645,145.4427434254304,141.87514775749966,143.06434631347656,104818600,0.0,0.0,140.5952911376953,136.72715276082357,130.05369656880697,3.650514692123835,148.3466540762172,132.84392819917343,61.156352325572854,77.69694033442656,23.31721777489257
2021-07-28 00:00:00-04:00,141.15382825419624,143.25929604709813,138.94113715127986,141.3195343017578,118931200,0.0,0.0,141.01687240600586,137.22557576497397,130.25944684346516,3.3091022585245184,147.86812511677147,134.16561969524025,58.834700263083135,48.50340972152014,14.420190633986074
2021-07-29 00:00:00-04:00,141.0368336570977,142.8498725143642,140.92961036922324,141.9628448486328,56699500,0.0,0.0,141.43991317749024,137.72887166341147,130.55198198954264,3.0552215378367578,147.3123489038746,135.56747745110587,59.42224222821238,53.92594323647977,14.420190633915649
2021-07-30 00:00:00-04:00,140.73469364228038,142.63545700170118,140.47150644681145,142.1773223876953,70440600,0.0,0.0,141.8585693359375,138.18603057861327,130.8440373738607,2.838604121179401,146.50479738312924,137.21234128874573,59.6210106809228,49.106115110014414,13.057276295118111
2021-08-02 00:00:00-04:00,142.66470486730785,143.2398049839172,141.58272954059322,141.84591674804688,62880000,0.0,0.0,142.12955169677736,138.67535654703775,131.10397148132324,2.6101039389126015,146.0110046718256,138.24809872172912,59.15780614319723,52.32666276968983,14.448004808465432
2021-08-03 00:00:00-04:00,142.12855135709023,144.30224361135603,141.51445299043982,143.63941955566406,64786600,0.0,0.0,142.38980941772462,139.16467997233073,131.38258743286133,2.5444062543948007,145.90913480918886,138.87048402626039,60.86019043268461,63.11645968834045,16.866391703139097
2021-08-04 00:00:00-04:00,143.55173491626834,144.05859526042843,142.58672505684436,143.23980712890625,56368300,0.0,0.0,142.50580596923828,139.58609873453776,131.7091298421224,2.432059712488268,145.97368963751873,139.03792230095783,60.28104254582654,62.66537739777498,16.866391703070775
2021-08-05 00:00:00-04:00,143.26903344221475,144.107320690727,142.47948676454712,143.34701538085938,46397700,0.0,0.0,142.69198303222657,140.020187886556,132.052730178833,2.324875362575,145.89826271977276,139.4857033446804,60.38566406834174,60.60757123279301,16.510634455232307
2021-08-06 00:00:00-04:00,142.86869219057516,143.61060825982952,142.16581806356817,142.66368103027344,54126800,0.22,0.0,142.7528549194336,140.44092305501303,132.43595339457195,2.159893711598187,145.90532815302547,139.6003816858417,59.35478615540992,49.53774711896794,15.447245247123586
2021-08-09 00:00:00-04:00,142.72228266612592,143.21038897818232,142.05846523172403,142.61489868164062,48908700,0.0,0.0,142.8410171508789,140.86977844238282,132.78262227376302,2.0021289405818834,145.86565044495913,139.8163838567987,59.28004932868152,43.21450512863265,15.075389317806177
2021-08-10 00:00:00-04:00,142.9565198163916,144.19631350606738,141.84363848192044,142.13650512695312,69023100,0.0,0.0,142.8497001647949,141.22842559814453,133.08102849324544,1.8175453299748483,145.8647003439758,139.834699985614,58.53236062348396,42.66883880755538,17.597053784654445
2021-08-11 00:00:00-04:00,142.57580253562702,143.22986295766566,142.0681679932176,142.39031982421875,48493500,0.0,0.0,142.70000457763672,141.54517262776693,133.40283495585123,1.6724631000221564,145.47271290107102,139.92729625420242,58.81744945723204,34.43195204892786,17.59705378459076
2021-08-12 00:00:00-04:00,142.71251102910742,145.50447943892834,142.3708306879483,145.34828186035156,72282600,0.0,0.0,142.73085861206056,141.94004770914714,133.7970100402832,1.7756980612034567,145.61041094954172,139.8513062745794,61.969559268871706,93.52074915122839,23.225418310003718
2021-08-13 00:00:00-04:00,145.42635605950554,145.88517705910473,144.7430103885552,145.5532684326172,59375000,0.0,0.0,142.8738250732422,142.33168334960936,134.19720077514648,1.8526964831506803,146.01747360314093,139.73017654334345,62.17709793508215,130.9080476766489,24.12273630131277
2021-08-16 00:00:00-04:00,145.00659283395282,147.59356480078714,142.9858407795006,147.5252227783203,103296000,0.0,0.0,143.3074172973633,142.70164845784504,134.58769340515136,2.0492164312491923,146.5078601240516,140.10697447067497,64.12537080626178,156.30728892892645,17.56199887790948
2021-08-17 00:00:00-04:00,146.6563820290242,148.0718870042623,145.5435005089824,146.61734008789062,92229700,0.0,0.0,143.51528549194336,142.97441762288412,134.99359690348308,2.1074084673462607,147.01044640521465,140.02012457867207,62.58985249498387,177.68228792558298,18.771043429982537
2021-08-18 00:00:00-04:00,146.2365903149313,147.13470375005627,142.6734068529053,142.87841796875,86326000,0.0,0.0,143.57275924682617,143.03970235188802,135.31005452473957,1.830722873959843,146.98096072434325,140.16455776930908,56.79581397337043,58.31445287184679,8.860782529759808
2021-08-19 00:00:00-04:00,141.5800847276963,144.4794367790495,141.06269334170713,143.21035766601562,86960300,0.0,0.0,143.57859725952147,143.15926513671874,135.63529332478842,1.6195629931801818,146.98374149243517,140.17345302660777,57.16003298324362,-10.097421064685603,3.8310239202249825
2021-08-20 00:00:00-04:00,143.93278806010758,144.96757103229274,143.2884841694112,144.66494750976562,60549600,0.0,0.0,143.57138671875,143.2665552775065,135.98558807373047,1.5517034388721243,146.96615423779983,140.17661919970018,58.736928605547185,57.24974407743223,5.204146382225115
2021-08-23 00:00:00-04:00,144.78203658666283,146.6173203855108,144.3720292286724,146.14874267578125,60131800,0.0,0.0,143.61740951538087,143.44312489827473,136.3861183166504,1.599219317670503,147.12967988613377,140.10513914462797,60.27977324750278,121.41293167719311,9.711371749946954
2021-08-24 00:00:00-04:00,145.89489777853456,147.2713604372929,145.60203116452846,146.06085205078125,48606400,0.0,0.0,143.7672348022461,143.57972513834636,136.79606857299805,1.6112109185219765,147.43248514004082,140.10198446445136,60.1419792753269,138.1486313147559,11.43830474717547
2021-08-25 00:00:00-04:00,146.24637657624294,146.74425443123712,144.28419502392072,144.83087158203125,58991300,0.0,0.0,143.94280166625975,143.5612798055013,137.1908804575602,1.5041265693341472,147.44724684851423,140.43835648400528,58.21544924896992,86.35090870456257,7.16583391129979
2021-08-26 00:00:00-04:00,144.82112485660906,145.5727977281921,144.00109506679658,144.03038024902344,48597200,0.0,0.0,144.0461784362793,143.5379191080729,137.5596789042155,1.339230672957484,147.42440911754224,140.66794775501634,56.98645075616068,50.06998012286758,6.260480727218346
2021-08-27 00:00:00-04:00,143.97178711441077,145.21158091727293,143.33725507209095,145.06515502929688,55802400,0.0,0.0,144.19057006835936,143.61695963541666,137.9704168955485,1.2773229796590329,147.4781163792173,140.90302375750142,58.167424279214764,47.498934983097904,4.126599520405804
2021-08-30 00:00:00-04:00,145.45561079403902,149.8388087234133,145.07488865020937,149.47760009765625,90956700,0.0,0.0,144.57215423583983,143.97110036214193,138.41651827494303,1.5662533338993683,148.43509479411028,140.70921367756938,62.686574102504814,202.91873566241634,16.253403369197866
2021-08-31 00:00:00-04:00,149.0285807911714,149.16524992421503,147.6911597437249,148.21832275390625,86453100,0.0,0.0,144.80109939575195,144.16304524739584,138.84146893819172,1.674319055994772,148.96250615430355,140.63969263720034,60.74905066682258,192.38155692272107,16.253403369115755
2021-09-01 00:00:00-04:00,149.19450563571235,151.29335581344367,148.71615631662897,148.88211059570312,80313700,0.0,0.0,145.0832145690918,144.40148417154947,139.2638365427653,1.792857109905242,149.5525826852473,140.61384645293631,61.39962232992914,222.78726850227827,21.161418461207383
2021-09-02 00:00:00-04:00,150.20979354918074,151.0395800272227,148.77476016459727,149.99502563476562,71115500,0.0,0.0,145.4156150817871,144.63153177897135,139.69841690063475,1.9540769317841864,150.30995428789186,140.52127587568236,62.47828013161253,203.3440752370139,21.161418461070845
2021-09-03 00:00:00-04:00,150.10238418360416,150.9516989362315,149.44832378980732,150.62954711914062,57808700,0.0,0.0,145.81390838623048,144.82554473876954,140.16014340718587,2.1087371735279703,151.0498838876597,140.57793288480127,63.08667132917162,187.2418260609371,21.16141846097708
2021-09-07 00:00:00-04:00,151.28363626481303,153.51915609845358,150.71743128739138,152.9627227783203,82278300,0.0,0.0,146.33129959106446,145.08335927327474,140.6406110127767,2.3920008095463743,152.23832214393624,140.42427703819268,65.2311181072626,216.21579098670395,26.884475392298604
2021-09-08 00:00:00-04:00,153.24578484904103,153.30435519689405,150.31714828986404,151.42027282714844,74420200,0.0,0.0,146.7954879760742,145.3618901570638,141.04452145894368,2.463627299671913,152.77322349533372,140.8177524568147,62.73851463400223,171.55502487702637,25.41612455561899
2021-09-09 00:00:00-04:00,151.79127971049817,152.3965266648195,150.28790419091163,150.40505981445312,57305700,0.0,0.0,147.19622497558595,145.66474100748698,141.44515838623047,2.4106837419236626,153.00266384728644,141.38978610388546,61.147599057862195,139.00479171520473,25.306529891838082
2021-09-10 00:00:00-04:00,151.31293648668662,151.78151431271888,145.1627947987088,145.42637634277344,140893200,0.0,0.0,147.20012969970702,145.78019205729166,141.75453186035156,1.9445716320789472,153.0014388849784,141.39882051443564,54.17787668448303,43.145315665911504,8.169723077535787
2021-09-13 00:00:00-04:00,147.04684942260073,147.8180505115286,145.21156570783384,145.99253845214844,102404300,0.0,0.0,147.2220932006836,145.90736592610676,142.04669825236002,1.6023876501042764,153.0004306219298,141.44375577943737,54.78416082326807,10.597044816497682,8.169723077477009
2021-09-14 00:00:00-04:00,146.77353720711707,147.4764113119793,143.41536423851278,144.59657287597656,109296300,0.0,0.0,147.0756607055664,145.99905446370443,142.3372055053711,1.2046748815109254,152.9689439626225,141.18237744851032,52.99562286030402,-24.657498072050114,2.8921198813803515
2021-09-15 00:00:00-04:00,145.02607290209997,145.8851443505808,142.8881659356039,145.48489379882812,83281300,0.0,0.0,147.01903839111327,146.0605702718099,142.6126251220703,0.9502112773816691,152.952486854752,141.08558992747453,53.98455215390102,-38.28170577457478,1.390123517201925
2021-09-16 00:00:00-04:00,144.90897545621797,145.42636685232276,143.71799510025087,145.25064086914062,68034100,0.0,0.0,147.1376495361328,146.12759806315105,142.8568483988444,0.7213297438308928,152.81175917507113,141.4635398971945,53.67648217310524,-39.07803018977747,1.3901235171948916
2021-09-17 00:00:00-04:00,145.27994241453277,145.27994241453277,142.29271983680104,142.58558654785156,129868800,0.0,0.0,147.1064109802246,146.1022171020508,143.0612024943034,0.32118939711327243,152.87760733514511,141.3352146253041,50.29834073806007,-80.07044832261757,2.718426793194153
2021-09-20 00:00:00-04:00,140.3792920822909,141.3945460334686,137.90947685232237,139.5397491455078,123478900,0.0,0.0,146.85015106201172,145.99808603922526,143.21950454711913,-0.2389439367939019,153.470488221866,140.22981390215745,46.81494954595666,-179.5225993953854,13.8275878407931
2021-09-21 00:00:00-04:00,140.50626423071614,141.16033974315943,139.38362576406158,140.01815795898438,75834000,0.0,0.0,146.5436218261719,145.91152801513672,143.39065322875976,-0.6369081655687125,153.83445322934708,139.2527904229967,47.40677562858223,-156.68019615198267,13.827587840726883
2021-09-22 00:00:00-04:00,141.01387841720836,142.94677480134484,140.28171911608493,142.38058471679688,76404300,0.0,0.0,146.35960845947267,145.91966400146484,143.57404479980468,-0.752989593010426,153.88378213392485,138.83543478502048,50.23559846467066,-109.17700374845249,8.427174299051503
2021-09-23 00:00:00-04:00,143.16153904107028,143.581318108749,142.1755699033987,143.33726501464844,64838200,0.0,0.0,146.28492813110353,145.95122884114582,143.7482007344564,-0.7590391253027065,153.9020643587485,138.66779190345855,51.332201360580086,-78.83036079238856,6.569331270202957
2021-09-24 00:00:00-04:00,142.1951028511181,143.96204492535793,142.09747565204063,143.4251251220703,53477900,0.0,0.0,146.25466537475586,145.88712361653646,143.9135856628418,-0.7481199853350518,153.91420776708318,138.59512298242853,51.43387589789478,-73.12766069136916,5.447870343271457
2021-09-27 00:00:00-04:00,142.00961449990794,142.48796392317834,140.39887004950094,141.9119873046875,74150700,0.0,0.0,146.09700698852538,145.7657475789388,144.0487154642741,-0.8517456703899597,153.98600793264674,138.20800604440402,49.58818599554125,-106.66271195751045,9.827413158664404
2021-09-28 00:00:00-04:00,139.84240736288436,141.30672576458994,138.31951860844126,138.53428649902344,108972300,0.0,0.0,145.54984130859376,145.46604970296224,144.08384908040364,-1.1926735999259677,153.95286233570158,137.14682028148593,45.79347235816819,-147.79053106034362,14.823563846014439
2021-09-29 00:00:00-04:00,139.08096654322168,141.0138627120859,138.6514307510702,139.43240356445312,74602000,0.0,0.0,145.11054534912108,145.22655181884767,144.1004847208659,-1.374545988503371,153.8385252063492,136.38256549189296,46.91095485332088,-129.61947705590688,14.823563845913117
2021-09-30 00:00:00-04:00,140.2427017106428,140.94557595435964,137.91931102192194,138.1340789794922,89056700,0.0,0.0,144.57314376831056,145.0684071858724,144.0540547688802,-1.6049443112488575,153.64030978828015,135.50597774834097,45.5079787419105,-134.77528814437613,16.565402410610464
2021-10-01 00:00:00-04:00,138.52453927839463,139.52028013802934,135.80091312494108,139.25669860839844,94639600,0.0,0.0,144.03622741699218,144.93661855061848,144.0479418436686,-1.6776121514216413,153.02295829099486,135.0494965429895,46.927742774753575,-142.13833808503057,21.378017312845177
2021-10-04 00:00:00-04:00,138.3878565109193,138.82716398233575,134.9808849639791,135.83018493652344,98322000,0.0,0.0,143.29625930786133,144.64212646484376,143.95434087117513,-1.9887676792117475,152.43302757798523,134.15949103773744,43.360591366377456,-158.85440947525422,23.1530488147934
2021-10-05 00:00:00-04:00,136.17186716291496,138.8564511470798,136.0449547897289,137.75332641601562,80861100,0.0,0.0,142.5357894897461,144.3622792561849,143.9027020772298,-2.0564734854785627,150.77241936567196,134.29915961382022,45.75465862808516,-126.12697495138023,23.05040874115271
2021-10-06 00:00:00-04:00,136.15233067899587,138.76857249312508,135.07849119061893,138.6221466064453,83221100,0.0,0.0,141.89588317871093,144.11432240804035,143.84702377319337,-2.016776156274659,149.15706758759427,134.6346987698276,46.80547421417311,-115.84967006888009,25.17916417556802
2021-10-07 00:00:00-04:00,139.6569450430087,140.78935501402486,139.32503639848235,139.8814697265625,61732700,0.0,0.0,141.3697036743164,143.9493423461914,143.75531107584635,-1.8622322317177975,147.46642017567376,135.27298717295906,48.30697826291585,-67.49491262043584,18.111606501243763
2021-10-08 00:00:00-04:00,140.60382633425183,140.7502521896377,139.16879336821262,139.50070190429688,58773200,0.0,0.0,141.07341995239258,143.79835306803386,143.6681360880534,-1.7503034307019334,146.91047339190922,135.23636651287595,47.88421401851925,-66.21368403026719,18.479741573630864
2021-10-11 00:00:00-04:00,138.88575464341304,141.3653278052875,138.43669034540312,139.41290283203125,64452200,0.0,0.0,140.74443817138672,143.60994466145834,143.6134521484375,-1.6496673623864524,146.1390392953686,135.34983704740483,47.7844605492852,-63.2739432657044,20.218275095146108
2021-10-12 00:00:00-04:00,139.82288519545196,139.84241361250955,137.68497785008697,138.143798828125,73035900,0.0,0.0,140.42179946899415,143.2321512858073,143.60162582397462,-1.6532608776943505,145.6144186170258,135.2291803209625,46.34091402615244,-77.8729884988982,21.98551533331155
2021-10-13 00:00:00-04:00,137.88024208325538,138.03642474342516,135.88876048394778,137.55809020996094,78762700,0.0,0.0,140.02545928955078,142.8768102010091,143.51992772420246,-1.6839589247242372,144.7827216701321,135.26819690896946,45.6820476918006,-94.92312364348551,26.035433645752757
2021-10-14 00:00:00-04:00,138.72954178771872,140.45744186952987,138.1438084019397,140.3402862548828,69907100,0.0,0.0,139.7799415588379,142.59208272298176,143.4967834472656,-1.4668781212384943,143.86046925447454,135.69941386320124,49.22917147182911,-50.89369934095038,17.52843798658838
2021-10-15 00:00:00-04:00,140.35005282323274,141.45316264244676,140.0962280805495,141.39459228515625,67940300,0.0,0.0,139.72039184570312,142.30540161132814,143.46846669514974,-1.1959798241126123,143.66088031669267,135.77990337471357,50.49644840804199,-24.78586011053621,14.247535267168733
2021-10-18 00:00:00-04:00,140.03766984054468,143.347029376178,139.75457479053856,143.06393432617188,85589200,0.0,0.0,139.89660110473633,142.05321451822917,143.43937962849935,-0.8369412823618916,144.10888977072537,135.6843124387473,52.440881372045126,-0.4154186171661139,8.299001298993106
2021-10-19 00:00:00-04:00,143.5130025382052,145.62162523479623,143.06395310397025,145.22137451171875,76378900,0.0,0.0,140.15676193237306,141.7951695760091,143.43926442464192,-0.3740019965892145,144.99663573931548,135.31688812543064,54.81378069537484,61.62145766944042,1.7187538901596418
2021-10-20 00:00:00-04:00,145.16281124011374,146.1878374535098,144.5966061422776,145.70948791503906,58418800,0.0,0.0,140.32320709228514,141.6048100789388,143.4833501180013,0.03189967539600502,145.6858281316404,134.9605860529299,55.33535314804082,92.03134277735101,0.15173405363155476
2021-10-21 00:00:00-04:00,145.2701339545865,146.08039186170322,144.35249211048287,145.9241943359375,61421000,0.0,0.0,140.45255355834962,141.4554478963216,143.5600944519043,0.3666778545399154,146.23002338763197,134.67508372906727,55.5687231286101,102.60868172612608,0.8330946072154833
2021-10-22 00:00:00-04:00,146.12922747617256,146.6075619891813,145.1042015405824,145.15301513671875,58883400,0.0,0.0,140.53894805908203,141.4463358561198,143.61326395670574,0.5632712171276353,146.5505136820672,134.52738243609687,54.51045809039706,111.25419420775061,0.6809900125759245
2021-10-25 00:00:00-04:00,145.14324421012236,145.8168331110648,144.10846150842693,145.1042022705078,50720600,0.0,0.0,140.69855880737305,141.4167246500651,143.66204528808595,0.706984406840462,147.02488930297446,134.37222831177164,54.442568233308045,98.24960434367863,2.188825363011082
2021-10-26 00:00:00-04:00,145.77776213009912,147.25183711393476,145.465367092144,145.76800537109375,60893400,0.0,0.0,141.06024475097655,141.45577239990234,143.7274134318034,0.8644763622822609,147.68564329254946,134.43484620940364,55.227025400821944,126.24209045349308,1.9766670478782675
2021-10-27 00:00:00-04:00,145.80703638063864,146.16823008237915,144.95773664051836,145.30917358398438,56094900,0.0,0.0,141.3540832519531,141.44991505940754,143.75524266560873,0.9414139470637508,148.19332391034285,134.51484259356337,54.55531121937657,106.58404842088555,0.4778416324405783
2021-10-28 00:00:00-04:00,146.25615073002083,149.5264533730465,146.15852353048365,148.94073486328125,100077900,0.0,0.0,141.89441604614257,141.5729181925456,143.85025812784832,1.2806615135793322,149.34293303465122,134.4458990576339,58.671072151323095,166.70454294848568,9.573442462957098
2021-10-29 00:00:00-04:00,143.718003300801,146.37330245291255,142.92727357091124,146.23663330078125,124953200,0.0,0.0,142.24341278076173,141.69461975097656,143.89841842651367,1.3161475277886439,149.8244590673635,134.66236649415995,54.84496894386339,87.95444844157436,0.4367597746032186
2021-11-01 00:00:00-04:00,145.44586537540286,146.13896771640327,144.2841704394488,145.4165802001953,74588300,0.0,0.0,142.7227325439453,141.89051411946613,143.9443000793457,1.2635337869909051,149.79138535507178,135.65407973281884,53.74541557317169,83.71767743141311,0.4367597746009337
2021-11-02 00:00:00-04:00,145.12372094423125,147.96450225059075,145.11394928812004,146.4513702392578,69122000,0.0,0.0,143.15763473510742,142.1049545288086,144.00824127197265,1.2904603033054798,150.00580380522302,136.30946566499182,54.92505226488476,103.67762430814595,5.215218732236509
2021-11-03 00:00:00-04:00,146.81260433188254,148.35502194347706,146.25617092597884,147.88644409179688,54511500,0.0,0.0,143.620849609375,142.28848317464193,144.10407358805338,1.4113293022923017,150.4304769758404,136.8112222429096,56.51604358287367,114.56674818222793,6.211347034141603
2021-11-04 00:00:00-04:00,147.97426542713765,148.80403696262286,147.0566234619275,147.3690185546875,60394600,0.0,0.0,143.99522705078124,142.4228749593099,144.18705190022786,1.4486675999366128,150.76240802796022,137.22804607360226,55.781663476689644,110.49140577866659,7.369252282997481
2021-11-05 00:00:00-04:00,148.49334733879175,148.7964125526137,146.70426906753366,147.89698791503906,65463900,0.22,0.0,144.41504135131837,142.57193705240886,144.22953033447266,1.503529433390412,151.04865762166932,137.7814250809674,56.379963873277056,103.3097475509685,6.303849572979221
2021-11-08 00:00:00-05:00,148.0240232040466,148.18044870579655,146.80197694204415,147.07571411132812,55020900,0.0,0.0,144.7981819152832,142.7440612792969,144.25490442911783,1.4638633933970198,151.09178708812794,138.50457674243847,55.17855801784611,87.5569294042804,6.303849572953903
2021-11-09 00:00:00-05:00,146.8410949734435,148.0435844748696,146.70422637098488,147.4374542236328,56787900,0.0,0.0,145.2628646850586,143.04083353678385,144.25344161987306,1.4449605688179759,150.8166458788764,139.7090834912408,55.609566967634365,82.64223130651274,5.991607463831804
2021-11-10 00:00:00-05:00,146.66511965093986,146.7726603269792,144.54364896685252,144.61207580566406,65187100,0.0,0.0,145.61556396484374,143.21348927815754,144.22002054850262,1.1882975638674793,149.84785455209715,141.38327337759034,51.60037773034947,41.37550055958264,0.6788843074149292
2021-11-11 00:00:00-05:00,145.62882237351127,146.0882980655143,144.37743321812488,144.5631866455078,41000000,0.0,0.0,145.826708984375,143.42779286702475,144.24810002644855,0.9697664724109814,149.30508264822896,142.34833532052102,51.533872006108446,33.07476743855574,1.173859923012463
2021-11-12 00:00:00-05:00,145.11066161989166,147.03660782102534,144.18190939663026,146.6357879638672,63804000,0.0,0.0,146.08876876831056,143.67376251220702,144.30519053141276,0.9528369022510788,148.88380533310493,143.29373220351619,54.12680664863276,48.365174119514215,1.7169668668441753
2021-11-15 00:00:00-05:00,147.00730510695527,148.48354686753203,146.08832372641191,146.6455841064453,59222800,0.0,0.0,146.26785125732422,144.0342758178711,144.33820114135742,0.9294959124767672,148.6795376646274,143.85616485002106,54.13880333242994,68.75860275634163,5.958254329691037
2021-11-16 00:00:00-05:00,146.58689139053743,148.1022316953491,146.00030323462437,147.62318420410156,59256200,0.0,0.0,146.38794174194337,144.36327107747397,144.36277516682944,0.9786014591905428,148.8193363225631,143.95654716132364,55.344414932419596,70.71514614362484,5.671286664370508
2021-11-17 00:00:00-05:00,147.62318884522813,151.53373689410836,147.61341784542643,150.05751037597656,88807000,0.0,0.0,146.60534286499023,144.74444986979168,144.42938613891602,1.200113574068098,149.51234521069813,143.69834051928234,58.176603242938995,130.2452579603212,14.959806960107475
2021-11-18 00:00:00-05:00,150.27258025090998,155.12165110785514,149.62733629184328,154.33953857421875,137827700,0.0,0.0,147.0261100769043,145.22638549804688,144.58786392211914,1.7015727388710502,151.52063461818548,142.53158553562312,62.50398730465705,208.8656569747739,23.145450886531442
2021-11-19 00:00:00-05:00,154.1245139086052,157.41916174351337,153.02956490955935,156.9596710205078,117305600,0.0,0.0,147.61644287109374,145.8083511352539,144.80335210164387,2.2840761230916087,153.84288662681953,141.38999911536794,64.80880775657823,261.0689683153244,27.75217421793039
2021-11-22 00:00:00-05:00,158.0643575600625,161.99446283900974,157.39957149925132,157.41912841796875,117467900,0.0,0.0,148.2321891784668,146.40855865478517,145.00925165812174,2.751075933055148,155.72041543952898,140.74396291740462,65.19688253537927,294.13223754736424,35.69300877582496
2021-11-23 00:00:00-05:00,157.51689191338718,158.18169292863084,155.502961782972,157.8004150390625,96041900,0.0,0.0,148.83380966186525,147.06377919514975,145.14796524047853,3.1160237091188776,157.3511490007119,140.3164703230186,65.52327268786112,225.10183084306263,29.58529554887585
2021-11-24 00:00:00-05:00,157.1551520319611,158.5140669022848,156.0699743356913,158.31854248046875,69463600,0.0,0.0,149.48427810668946,147.75579427083332,145.31630223592123,3.4077733157867556,158.8163280638799,140.15222814949902,65.97187876827334,209.57751363679412,30.155233178549093
2021-11-26 00:00:00-05:00,156.0015407986573,156.8618512011978,152.86331951425362,153.30325317382812,76959800,0.0,0.0,149.7024040222168,148.18789316813152,145.38998794555664,3.1974369852584914,159.18370468717774,140.22110335725586,58.36704878390623,124.72875519190599,20.426951756557422
2021-11-29 00:00:00-05:00,155.80598568259293,157.5852919747901,155.23895449884512,156.6565399169922,88748200,0.0,0.0,150.22339935302733,148.69662475585938,145.50101318359376,3.2637041931567694,160.04197747473128,140.40482123132338,61.44137634812301,145.13239966118968,21.791233146783505
2021-11-30 00:00:00-05:00,156.41215841772612,161.8184901598309,156.34371666317804,161.60340881347656,174048100,0.0,0.0,151.0327407836914,149.31460723876953,145.68391087849935,3.6730517558375766,161.80521737428893,140.26026419309386,65.34656644235292,177.42396062166463,29.144807962098625
2021-12-01 00:00:00-05:00,163.7346542506034,166.49159798116264,160.85062784337472,161.08526611328125,152052500,0.0,0.0,151.7644355773926,149.8434036254883,145.8192866007487,3.9105741977418234,163.19455700710327,140.3343141476819,64.6372407273301,191.01970725764627,36.01518330609747
2021-12-02 00:00:00-05:00,155.1901268526862,160.52801734787488,154.27114554315142,160.0978546142578,136739200,0.0,0.0,152.37500610351563,150.32301584879556,145.9639129638672,3.9733344620154867,164.22963067791173,140.52038152911953,63.28304221084074,111.78454079463629,19.18327766462906
2021-12-03 00:00:00-05:00,160.35202051883033,161.27100166043388,156.14817855062066,158.22076416015625,118023100,0.0,0.0,152.91759338378907,150.73290150960287,146.09417470296225,3.827486034985128,164.80081946386008,141.03436730371806,60.77887979125868,104.07627181200704,20.334939473350577
2021-12-06 00:00:00-05:00,160.61599065605895,164.12571914002814,160.6062196554979,161.6229705810547,107497000,0.0,0.0,153.60389251708983,151.28190002441406,146.36411794026694,3.94100033188505,165.84626524634308,141.36151978783658,63.487890870660955,135.05183303197015,24.605362857246863
2021-12-07 00:00:00-05:00,165.29886939857903,167.74296195252498,164.5754126322905,167.35189819335938,120405400,0.0,0.0,154.6177017211914,152.02348988850912,146.7201072692871,4.442032820387823,167.89803060448577,141.33737283789702,67.40912472591614,168.36650630000273,29.555187852370665
2021-12-08 00:00:00-05:00,168.280661937793,172.02501344578044,166.8826332677211,171.16468811035156,116998900,0.0,0.0,155.80406341552734,152.87004597981772,147.16290918986002,5.0881123666342205,170.54278160210768,141.065345228947,69.6529791833208,184.22607975200205,34.797368610069626
2021-12-09 00:00:00-05:00,170.9984899495763,172.7973384356804,170.03062395661755,170.65631103515625,108923700,0.0,0.0,157.10627517700195,153.71495056152344,147.5824328104655,5.495761562206184,172.277266739727,141.9352836142769,68.99773999446386,175.73888895361156,35.69028545712506
2021-12-10 00:00:00-05:00,171.29180928871014,175.61296364291238,170.78343380069845,175.43698120117188,115402700,0.0,0.0,158.64996490478515,154.59815877278646,148.085538482666,6.133879075544911,174.70435491043838,142.59557489913192,71.59700403922913,181.2177524291948,38.84856495646947
2021-12-13 00:00:00-05:00,177.06962931153166,178.05705234389498,171.60464142456377,171.80995178222656,153237000,0.0,0.0,159.90867309570314,155.45060272216796,148.57261123657227,6.274591258267151,175.94441746818984,143.87292872321643,67.17661288461223,163.50950561264895,41.43144287772241
2021-12-14 00:00:00-05:00,171.3308817563336,173.76520322122326,168.35887188331523,170.43145751953125,139380400,0.0,0.0,161.09796676635742,156.28443196614583,149.08747304280598,6.203365178096448,176.50794499166386,145.68798854105097,65.58460612390138,127.11344626895763,33.674851532881405
2021-12-15 00:00:00-05:00,171.19404218690133,175.4858686850592,168.45665517933287,175.29034423828125,131063300,0.0,0.0,162.4813247680664,157.2457310994466,149.67534281412762,6.464471147799202,177.7649624811217,147.1976870550111,68.32201355406539,134.88001839248665,35.61143276515805
2021-12-16 00:00:00-05:00,175.27077720416733,177.08918279763162,166.93153397693786,168.4077606201172,150185800,0.0,0.0,163.39883728027343,157.92977498372395,150.10912907918294,6.046334155686566,177.71471295025236,149.0829616102945,61.190103393977296,107.18192721032308,37.37404697092146
2021-12-17 00:00:00-05:00,166.12987292514003,169.59071677301714,165.89524955752734,167.3128204345703,195432700,0.0,0.0,164.04750137329103,158.59456837972004,150.50872166951498,5.562484199421505,177.79958045757647,150.2954222890056,60.15664974373035,75.1012702913709,34.904827985968836
2021-12-20 00:00:00-05:00,164.51673004048735,166.76529780791768,163.71507557030543,165.953857421875,107499100,0.0,0.0,164.49721069335936,159.19646402994792,150.8842005411784,5.011602036669245,177.855989086454,151.13843230026472,58.87986662384851,53.16307753111051,29.82612909332245
2021-12-21 00:00:00-05:00,167.72340078083394,169.3267248588515,165.33796412188073,169.12142944335938,91185900,0.0,0.0,165.08232574462892,159.9313212076823,151.3376912434896,4.775570736663582,178.1578755962157,152.00677589304215,60.881821277162324,68.36203033232535,32.896455367792015
2021-12-22 00:00:00-05:00,169.1703261593658,171.92727008747283,168.30022969109157,171.71218872070312,92135300,0.0,0.0,165.77791442871094,160.7404790242513,151.8906562805176,4.7428937261718715,178.70165436187713,152.85417449554475,62.42946476279642,84.7953956789911,35.84459483034688
2021-12-23 00:00:00-05:00,171.91746810959268,172.89510508509778,171.35043687369296,172.3378448486328,68356600,0.0,0.0,166.47887954711913,161.6646713256836,152.43908030192057,4.713151899368825,179.21856409368087,153.7391950005574,62.79717029929849,91.69327589837643,36.91171046555114
2021-12-27 00:00:00-05:00,173.12976761664484,176.38530127238838,173.11022561335014,176.2973175048828,74919600,0.0,0.0,167.6285827636719,162.72247568766275,153.07513427734375,4.951994134145707,179.48110783350106,155.77605769384272,65.03734599738587,111.20773107326413,40.59769335249212
2021-12-28 00:00:00-05:00,176.13111784462515,177.27495155456995,174.5375644683696,175.2805633544922,79144300,0.0,0.0,168.55978393554688,163.67730153401692,153.67553202311197,5.001579666385368,179.68694875441585,157.4326191166779,64.01339579466321,108.22048958476302,41.49897550528387
2021-12-29 00:00:00-05:00,175.31964543980357,176.59057652650236,174.1562550200767,175.3685302734375,62348900,0.0,0.0,169.24804000854493,164.63473307291667,154.3345044453939,4.9904479753051305,180.2658196943095,158.23026032278037,64.0640332697183,99.80693175868524,40.55343437182112
2021-12-30 00:00:00-05:00,175.45653864701077,176.53194546765312,174.10739462067014,174.21493530273438,59773000,0.0,0.0,169.90452346801757,165.52112477620443,154.94219792683919,4.832830692889246,180.42797336528332,159.38107357075182,62.86400778291952,91.88808618360464,40.4290439977348
2021-12-31 00:00:00-05:00,174.1073900997929,175.2218958133562,173.29594950484335,173.59902954101562,64062300,0.0,0.0,170.57958221435547,166.30584208170572,155.5251459757487,4.6051342918520675,180.14260061213437,161.01656381657656,62.22029456721247,79.37347577593067,38.32587518720111
2022-01-03 00:00:00-05:00,173.85321176039008,178.79028222604728,173.73590007898758,177.93972778320312,104487900,0.0,0.0,171.5655303955078,167.09251505533854,156.1594502766927,4.720526039227053,179.72684165420955,163.40421913680606,64.84480586271754,102.72166543514554,42.259845839183726
2022-01-04 00:00:00-05:00,178.54586564233023,178.84893075193062,175.1143499260673,175.68138122558594,99310400,0.0,0.0,172.26845092773436,167.7165720621745,156.7624615987142,4.576984508622843,179.14460413383924,165.3922977216295,62.50770382635348,95.47097704588913,42.32239821265844
2022-01-05 00:00:00-05:00,175.5933747274367,176.1408490374331,170.7345178498846,171.0082550048828,94537600,0.0,0.0,172.45126876831054,168.16954294840494,157.28905080159504,4.039578830188873,178.96173321221846,165.94080432440262,58.03057555037582,50.23630102535604,31.330911702427713
2022-01-06 00:00:00-05:00,168.83789205056922,171.37975399378487,167.80159930862231,168.15354919433594,96904000,0.0,0.0,172.30071182250975,168.5146474202474,157.78921330769856,3.3447735892047774,179.07055136700666,165.53087227801285,55.517680175032,7.388641639858218,24.661590419735624
2022-01-07 00:00:00-05:00,169.0236630282213,170.2457092977057,167.2052575825263,168.31976318359375,86709100,0.0,0.0,172.18388442993165,168.8480214436849,158.30190785725912,2.775552666332345,179.15097822485853,165.21679063500477,55.63339877219731,-3.4139249039803774,23.34408784809401
2022-01-10 00:00:00-05:00,165.29888813158135,168.64240533418686,164.40923476090865,168.33934020996094,106765600,0.0,0.0,171.8290023803711,169.34922434488934,158.76855875651043,2.2995133281073663,178.8214183776305,164.8365863831117,55.647457197091576,-30.696476012058614,17.329645880059413
2022-01-11 00:00:00-05:00,168.46641535499305,171.26244286002324,166.99995985190662,171.16468811035156,76138300,0.0,0.0,171.79673919677734,169.83282928466798,159.26472702026368,2.1257266326277033,178.79547696700138,164.7980014265533,57.65088328632788,1.3391889667221701,21.06093609930416
2022-01-12 00:00:00-05:00,172.18144710369126,173.21774007794218,170.91053076473975,171.60464477539062,74805200,0.0,0.0,171.85539855957032,170.16620381673178,159.74040552775065,2.0004404184786324,178.82556290225796,164.88523421688268,57.95680600400962,30.99830143687138,23.71893328592611
2022-01-13 00:00:00-05:00,171.84905393496263,172.6702655459411,167.94827640647682,168.33934020996094,84505800,0.0,0.0,171.5078483581543,170.4080062866211,160.12570495605468,1.6190045256098529,178.44998739952862,164.56570931677996,54.91125555988257,-13.030628199701486,17.51742086292863
2022-01-14 00:00:00-05:00,167.5083232130091,169.89375992557677,167.2639139583208,169.19964599609375,80440800,0.0,0.0,171.5474426269531,170.7113993326823,160.51720759073893,1.370336928374428,178.42385614701436,164.67102910689187,55.54791313840915,-40.051386200470915,16.126254871885727
2022-01-18 00:00:00-05:00,167.6745435442064,168.68150862321704,165.62151446360372,166.00279235839844,90956700,0.0,0.0,171.48194122314453,170.9708002726237,160.8518508911133,0.9048758491473166,178.5504683768104,164.41341406947868,52.688063660263545,-96.15269369252267,12.810798908574426
2022-01-19 00:00:00-05:00,166.19834645502328,167.25419656378617,162.2291412735544,162.5126495361328,94815000,0.0,0.0,171.30988082885742,171.00045623779297,161.14117813110352,0.25147043829980475,179.07790908029963,163.5418525774152,49.79281537231262,-164.17055407586966,6.3245378535573025
2022-01-20 00:00:00-05:00,163.24581922868165,165.8854360990158,160.50843269303434,160.8310546875,91420500,0.0,0.0,170.89536209106444,170.78309478759766,161.40329233805338,-0.3974669562813631,179.9356894139892,161.8550347681397,48.46540011950832,-189.47635110794485,3.2107039141006797
2022-01-21 00:00:00-05:00,160.74307541554964,162.61036568511253,158.67048972769118,158.7780303955078,122848900,0.0,0.0,170.2486541748047,170.37020619710287,161.6201260884603,-1.0651381695590771,180.7718477074872,159.7254606421222,46.886748800906005,-210.55296218558988,0.024513222988216735
2022-01-24 00:00:00-05:00,156.44148123567246,158.67049246380245,151.2404450916643,158.0056915283203,162294600,0.0,0.0,169.53204650878905,169.94851888020833,161.83173472086588,-1.6377151474917753,181.33087335369748,157.73321966388062,46.299839543655594,-244.58769907408987,11.611183833462764
2022-01-25 00:00:00-05:00,155.42475069595457,159.1202179477596,153.50859022634555,156.2068634033203,115798400,0.0,0.0,168.52752380371095,169.3075149536133,161.95283686319988,-2.2111481840773024,181.28327620426342,155.77177140315848,44.94433543326013,-209.1934398133281,10.80708028806474
2022-01-26 00:00:00-05:00,159.84369205931444,160.71378862428045,154.2907195812304,156.118896484375,108275300,0.0,0.0,167.56944046020507,168.78447977701822,162.1175412495931,-2.6422381158584756,181.04753814425393,154.0913427761562,44.87786836215222,-174.92511599590506,7.956072348981739
2022-01-27 00:00:00-05:00,158.81711052646853,160.1760252131081,154.7403664665498,155.6593475341797,121954600,0.0,0.0,166.5839813232422,168.29207611083984,162.28825403849285,-2.9865348377441023,180.53489318921626,152.63306945726814,44.52203859643849,-156.85797492096003,7.956072348909521
2022-01-28 00:00:00-05:00,162.00422657695262,166.5404614570555,159.15929945417386,166.52090454101562,179935700,0.0,0.0,166.19927978515625,167.99976145426433,162.62274627685548,-2.3557994046277315,179.68061455089455,152.71794501941795,53.530691055848514,-54.780982525773624,2.7394668832044946
2022-01-31 00:00:00-05:00,166.3547206203823,171.0864802658057,165.71924760028926,170.87139892578125,115541600,0.0,0.0,166.06289825439453,168.0818827311198,163.00582885742188,-1.4877387650296043,179.28167071861722,152.84412579017183,56.46020457280534,15.370743547928127,9.373894661065437
2022-02-01 00:00:00-05:00,170.11864243059435,170.93008309016165,168.45666218750117,170.70523071289062,86213900,0.0,0.0,165.7011734008789,168.19496307373046,163.39476572672527,-0.8039355713297027,177.90877254019884,153.49357426155896,56.31991548861929,25.03593253966319,9.373894661029457
2022-02-02 00:00:00-05:00,170.84207875406224,171.94681342176997,169.45383589849953,171.90769958496094,84914300,0.0,0.0,165.51248931884766,168.39342447916667,163.7949442545573,-0.16310722668364974,177.175073666718,153.84990497097732,57.11756124534083,37.287072839666756,10.82971586544088
2022-02-03 00:00:00-05:00,170.57810026310062,172.2987509371964,168.27087633720052,169.03343200683594,89418100,0.0,0.0,165.41374816894532,168.39049123128254,164.16090621948243,0.11153873199694431,176.91270922572886,153.91478711216178,54.64986177870485,19.54801488788117,8.727480089230916
2022-02-04 00:00:00-05:00,168.05457472378333,170.4234840013588,167.07569202403184,168.7495880126953,82465400,0.22,0.0,165.44355010986328,168.29173787434897,164.51610844930013,0.3028032672483505,176.9754514482471,153.91164877147946,54.40971606418369,5.28368127253666,6.613859119027908
2022-02-07 00:00:00-05:00,169.20965988540354,170.2766384169295,167.33999039041194,168.03500366210938,77251200,0.0,0.0,165.42931213378907,168.14830983479817,164.9064905802409,0.3921997695524624,176.9469556312579,153.91166863632023,53.79408945617788,4.2935317721979285,6.613859118995231
2022-02-08 00:00:00-05:00,168.10348925040896,171.64705409326743,167.8098215101135,171.13803100585938,74829200,0.0,0.0,165.569246673584,167.97633361816406,165.34940465291342,0.7053051959923948,177.30175755473817,153.8367357924298,56.02901214156187,30.281515404949033,8.789545794130444
2022-02-09 00:00:00-05:00,172.33224953586358,172.91957001402486,171.20652581374105,172.55738830566406,71285000,0.0,0.0,165.6388816833496,167.88556111653645,165.78143132527669,1.0558031329768482,177.5267284884644,153.7510348782348,57.01287100260687,61.86742974476456,10.786097778530198
2022-02-10 00:00:00-05:00,170.4626223841964,171.7743215374217,167.92731993059743,168.4852752685547,90865900,0.0,0.0,165.4829132080078,167.65611928304037,166.14542617797852,0.9935369081898386,177.12041508100847,153.84541133500713,53.46255020915821,24.426922212086552,4.677811872970368
2022-02-11 00:00:00-05:00,168.6908451580762,169.42500712943504,164.49143031742815,165.07876586914062,98670700,0.0,0.0,165.31988449096679,167.35158030192056,166.4363525390625,0.6616861314582536,176.8799972145282,153.75977176740537,50.728779286660824,-17.445624327769234,1.2252047225118734
2022-02-14 00:00:00-05:00,163.83558309476695,165.99892030677,163.04269054419584,165.31370544433594,86185500,0.0,0.0,165.1255874633789,167.07540283203124,166.69062245686848,0.412890120000867,176.54085370973544,153.71032121702237,50.90787867060497,-36.98247842922686,3.5965051748897463
2022-02-15 00:00:00-05:00,167.3595849608588,169.29776862360237,166.65478818594016,169.14114379882812,62527400,0.0,0.0,165.2825050354004,166.78211669921876,166.93731587727865,0.5185818872230641,176.83401150607222,153.73099856472857,53.74165853251274,24.268765811373203,1.9483544142194742
2022-02-16 00:00:00-05:00,168.22100455291906,169.67953027359678,166.45901263665095,168.90621948242188,61177400,0.0,0.0,165.60218353271483,166.5562779744466,167.13642501831055,0.5767386609491041,177.18477031177062,154.01959675365904,53.54540407253763,29.861299830278035,2.572634692922428
2022-02-17 00:00:00-05:00,167.4182971510757,168.27971865617212,164.91235997613748,165.31370544433594,69589300,0.0,0.0,165.82631607055663,166.36645965576173,167.26800130208332,0.3291482480273089,177.1916126916669,154.46101944944635,50.62102820725258,-3.960992185609283,0.09326165904511341
2022-02-18 00:00:00-05:00,166.23383213199764,166.93861378532614,162.68048390268257,163.7670440673828,82772700,0.0,0.0,166.07576675415038,166.22024281819662,167.367445119222,0.008035783354131354,177.00014896684274,155.15138454145801,49.41897214613428,-31.391465580029486,3.8246964405898303
2022-02-22 00:00:00-05:00,161.49608794845346,163.16998418925112,158.72584769849567,160.85003662109375,91162800,0.0,0.0,166.21798400878907,165.97125193277995,167.4096366882324,-0.476335383069312,176.76764330271732,155.66832471486083,47.23078492432045,-85.89171207840627,9.987039058432588
2022-02-23 00:00:00-05:00,162.04421705709984,162.64133603328534,156.37649344425944,156.6897430419922,90009200,0.0,0.0,166.24212799072265,165.582932027181,167.46607818603516,-1.182275409989586,176.69710323338433,155.78715274806098,44.33449375234194,-113.18000666558228,13.397234447922774
2022-02-24 00:00:00-05:00,149.35793777917277,159.411068207212,148.79018396900835,159.3033905029297,141147500,0.0,0.0,166.4013526916504,165.18755544026692,167.51019236246745,-1.513393007872395,176.28877289137213,156.51393249192867,46.467919186928384,-140.7039162715481,23.126025069619153
2022-02-25 00:00:00-05:00,160.38013909716133,161.6331077669388,157.47285626304333,161.3688201904297,91974200,0.0,0.0,166.68682632446288,164.8463612874349,167.50628255208332,-1.5908053615370363,175.54442402836665,157.82922862055912,48.09419390075765,-70.52412521776296,19.072949551835105
2022-02-28 00:00:00-05:00,159.61659142915732,161.92675492011216,158.99989062280463,161.63308715820312,95056600,0.0,0.0,166.44243545532225,164.62281951904296,167.51541290283203,-1.612246104311879,175.58446261430427,157.30040829634024,48.302071956172206,-55.777559483250315,18.539497752353594
2022-03-01 00:00:00-05:00,161.22197083806662,163.0818568508139,158.5496253630897,159.75364685058594,83474400,0.0,0.0,165.8865478515625,164.30795288085938,167.50967610677083,-1.760598094223866,175.24415767627445,156.52893802685057,46.91960127319274,-57.40061184913061,16.41714874281443
2022-03-02 00:00:00-05:00,160.91855062373517,163.82583387430233,159.50895693417934,163.042724609375,79724800,0.0,0.0,165.50342254638673,164.20928395589192,167.5900421142578,-1.5943879164541102,174.65552922219197,156.3513158705815,49.53449277399688,-30.047863319966257,15.04474161950758
2022-03-03 00:00:00-05:00,164.91239906095296,165.34310991558115,162.05406285981817,162.71969604492188,76678400,0.0,0.0,165.04402236938478,164.2161855061849,167.60832087198892,-1.4717652647509283,173.75431171464007,156.3337330241295,49.28780421345248,-10.829442996548575,12.252892905342657
2022-03-04 00:00:00-05:00,161.01639051416453,162.05400359179123,158.67686189722227,159.72425842285156,83737200,0.0,0.0,164.57856369018555,164.17929229736328,167.48119354248047,-1.597873421846657,173.3856168543313,155.7715105260398,47.040529812717736,-57.15586878196674,16.89654574986256
2022-03-07 00:00:00-05:00,159.91028134097652,161.5352302369313,155.68150083148916,155.93601989746094,96418800,0.0,0.0,163.93788528442383,164.08455861409504,167.22738240559895,-1.980662391148286,173.31329122639357,154.56247934245408,44.39247893872476,-90.37793404725853,20.744854751522436
2022-03-08 00:00:00-05:00,155.46614292973925,159.44040392728598,152.50991327214726,154.1152801513672,131148300,0.0,0.0,163.2418991088867,163.9548782348633,166.95169855753582,-2.4032408238661844,173.3728925262521,153.11090569152134,43.18380586291061,-123.8013460526057,24.570820069018783
2022-03-09 00:00:00-05:00,158.06996768709067,159.95921898709753,156.04368834876885,159.50892639160156,91454900,0.0,0.0,162.66044387817382,164.06494700113933,166.6862309773763,-2.2766710545652984,172.20094219766438,153.11994555868327,47.559287604684236,-80.74068385612168,23.561437870192414
2022-03-10 00:00:00-05:00,156.81698565051138,157.00297572975708,152.68609998585092,155.17247009277344,105342000,0.0,0.0,161.79119796752929,164.0333994547526,166.40893961588543,-2.497489873913395,170.68068006980252,152.90171586525605,44.69641390035404,-129.80803308856773,27.494651160187058
2022-03-11 00:00:00-05:00,155.57381332247203,155.91642822664025,151.2373703266691,151.46250915527344,96970100,0.0,0.0,160.94005966186523,163.89350484212238,166.09279047648113,-2.9379859482013444,170.37394205273316,151.5061772709973,42.43564941913827,-153.29430046469386,29.122545664036544
2022-03-14 00:00:00-04:00,148.2517749321591,150.86538982544317,146.9302923114544,147.43930053710938,108732100,0.0,0.0,160.05808639526367,163.25745137532553,165.62860641479492,-3.570562352602991,171.03485824932937,149.08131454119797,40.15703543691332,-188.35292872210334,33.70063460611984
2022-03-15 00:00:00-04:00,147.713390079557,152.28478532825997,147.20438184151632,151.81491088867188,92964300,0.0,0.0,159.38314666748047,162.6222351074219,165.35205891927083,-3.676428939373068,170.65530855528073,148.11098477968022,43.566352346098554,-148.3000710577625,30.81996086862148
2022-03-16 00:00:00-04:00,153.73355381345266,156.62125521924412,151.1982508293672,156.21990966796875,102300200,0.0,0.0,158.7370849609375,162.13939107259114,165.16717707316081,-3.3660803062789455,169.09877965512774,148.37539026674725,46.727108212670075,-90.7619369738538,22.479677507193013
2022-03-17 00:00:00-04:00,155.26058530967927,157.60011436017203,154.30128444798586,157.22813415527344,75615400,0.0,0.0,158.15318069458007,161.6500722249349,165.0217483520508,-3.0041416140552144,167.35305663443705,148.9533047547231,47.424332221350596,-65.80158743884739,20.683041251314226
2022-03-18 00:00:00-04:00,157.12047215929823,161.00663805311925,156.3863100625295,160.51719665527344,123511700,0.0,0.0,157.91335525512696,161.36619771321614,164.87834447224935,-2.4239608254006555,166.56076787891797,149.26594263133595,49.6482502247264,-25.994459330161426,14.629533270844128
2022-03-21 00:00:00-04:00,160.0571284608097,162.8371670898303,159.56768703876222,161.8876495361328,95811400,0.0,0.0,157.81938552856445,161.13746643066406,164.7146021525065,-1.8324558657263879,166.23674885232722,149.40202220480168,50.549856178557306,5.360915336767577,11.519951996827595
2022-03-22 00:00:00-04:00,162.01486028186812,165.84229498697945,161.42753966012307,165.25497436523438,81532000,0.0,0.0,158.03963241577148,161.0447987874349,164.59655431111653,-1.0795248612016906,167.00365391421855,149.0756109173244,52.702558663540074,46.99530552869401,6.608533384774029
2022-03-23 00:00:00-04:00,164.44248019289995,168.9942779440516,164.1096487837443,166.6156005859375,98062700,0.0,0.0,158.53592529296876,160.89405110677083,164.43519236246746,-0.3687793914900226,168.25274611918854,148.81910446674897,53.5478364952942,85.39616930609127,1.7464991740931743
2022-03-24 00:00:00-04:00,167.44765777264146,170.46261801995993,166.61561651162776,170.39410400390625,90131400,0.0,0.0,159.09046096801757,160.8219416300456,164.353751373291,0.49369416246949527,170.163007257173,148.01791467886213,55.81628190110199,127.87178526963139,0.4416147718144938
2022-03-25 00:00:00-04:00,170.20813758146855,171.57856745870845,169.10199529276142,171.0303955078125,80546200,0.0,0.0,159.57353973388672,160.90677897135416,164.28144912719728,1.2145534581913182,171.84297030003808,147.30410916773536,56.18898692186656,147.27590590223787,2.096956917521919
2022-03-28 00:00:00-04:00,168.53425457976377,172.01907505501657,168.3678462915148,171.89183044433594,90371900,0.0,0.0,160.08647689819335,161.13388112386068,164.24273071289062,1.8342066511069675,173.5208895857047,146.652064210682,56.70052181108592,143.14543256623097,0.9546073450715323
2022-03-29 00:00:00-04:00,172.95877935054617,175.22977935165113,172.6161644453855,175.18084716796875,100589400,0.0,0.0,160.8578369140625,161.46278584798176,164.26909434000652,2.5611589864605264,175.88851202406127,145.8271618040637,58.6093257510859,176.65244624194386,5.726756705000538
2022-03-30 00:00:00-04:00,174.77948791199498,175.8171010585222,172.96854916161706,174.01596069335938,92633200,0.0,0.0,161.40649871826173,161.62527974446616,164.20369822184244,3.008596123176517,177.53406625363766,145.2789311828858,57.67772979192611,165.5715654562842,6.57853277251781
2022-03-31 00:00:00-04:00,174.08453235394947,174.2705224958716,170.71717276870268,170.92274475097656,103049300,0.0,0.0,161.81665115356446,161.69249725341797,164.1243876139323,3.078114019807515,178.49274507536418,145.14055723176475,55.264721839167585,130.95153666426296,2.892034356682827
2022-04-01 00:00:00-04:00,170.35492714540266,171.18698327855927,168.30906622272897,170.62901306152344,78751300,0.0,0.0,162.36188888549805,161.8696741739909,164.1180669148763,3.0740697981254925,179.45772677042802,145.26605100056807,55.03852776469486,102.25200300374969,0.9008120605232052
2022-04-04 00:00:00-04:00,170.8835430731966,174.72076108227714,170.75628355518236,174.67181396484375,76468400,0.0,0.0,163.29867858886718,162.23316650390626,164.22670466105143,3.358371750085354,180.9560158795354,145.64134129819894,57.51440845318003,130.7359422245408,4.446282776862735
2022-04-05 00:00:00-04:00,173.7516811601631,174.53479031608524,170.73672061862993,171.3632049560547,73401800,0.0,0.0,164.16107482910155,162.58360544840494,164.27742869059244,3.278908780121043,181.61350427298242,146.70864538522068,54.95250345027845,106.3222148514086,4.41459421750448
2022-04-06 00:00:00-04:00,168.72023795719042,169.96342328033663,166.53733352192953,168.20143127441406,89058800,0.0,0.0,164.5957000732422,162.9673283894857,164.27513020833334,2.9270637232931165,181.9931811804452,147.1982189660392,52.634748560085455,59.09012535390299,2.1760777839651553
2022-04-07 00:00:00-04:00,167.54556668896316,169.69910564386342,166.26323274049562,168.50486755371094,77594700,0.0,0.0,165.26231994628907,163.2740442911784,164.23079986572264,2.642250533263052,182.15386465880744,148.3707752337707,52.83225674728,54.06385122024612,2.5912364856543126
2022-04-08 00:00:00-04:00,168.1524524173325,168.1524524173325,165.62693350816983,166.49813842773438,76575500,0.0,0.0,166.01410140991212,163.4450215657552,164.14569142659505,2.2289142229534775,181.6081576679639,150.42004515186034,51.36686801232223,36.83596368445866,3.573974424677094
2022-04-11 00:00:00-04:00,165.14731642594322,165.46055114101816,162.0050962053992,162.24981689453125,72246700,0.0,0.0,166.7546272277832,163.4655792236328,164.0441993713379,1.5407770572650747,179.83943839800241,153.669816057564,48.42530642575685,-1.0056353815121393,8.981048451656719
2022-04-12 00:00:00-04:00,164.4718899777678,166.2828141709391,163.12102695263263,164.11949157714844,79265200,0.0,0.0,167.36985626220704,163.6111073811849,163.95953013102215,1.1332273772648023,178.50951539211025,156.23019713230383,49.73577254281965,11.171044136668943,7.564465676704376
2022-04-13 00:00:00-04:00,163.85517369033073,167.42808955183875,163.24827119923606,166.80160522460938,70618900,0.0,0.0,167.89894104003906,163.7364034016927,163.97284367879232,1.0149655841587446,177.738068220138,158.05981385994014,51.56222232209475,23.90790270086776,5.586933450543063
2022-04-14 00:00:00-04:00,167.0169298477089,167.653212444084,161.55476362429968,161.7994842529297,75329400,0.0,0.0,168.12750854492188,163.70572967529296,163.96095759073893,0.5117141806036614,177.0968411358805,159.15817595396325,48.18426445526428,0.7287654719812564,8.16944590926146
2022-04-18 00:00:00-04:00,160.45844346214486,163.08185675186522,160.11584349387897,161.58416748046875,69023900,0.0,0.0,168.18085708618165,163.7677266438802,163.97350947062174,0.0944211255353764,176.97049150460523,159.39122266775806,48.044109107503225,-22.202423331101595,10.325463325101058
2022-04-19 00:00:00-04:00,161.5351838977818,164.2760577080458,160.44862379550628,163.8649139404297,67723800,0.0,0.0,168.27972030639648,164.03202311197916,164.05829086303712,-0.051654013401986276,176.81202884806322,159.74741176472975,49.64896215528896,-10.662179460996109,8.1455575255243
2022-04-20 00:00:00-04:00,165.1962520760154,165.3137281661249,162.59243524088046,163.6985626220703,67929800,0.0,0.0,168.20189971923827,164.3514658610026,164.15317204793294,-0.17878188824022345,176.87755434138055,159.526245097096,49.53351794877608,-2.7704928782710416,6.258304442760245
2022-04-21 00:00:00-04:00,165.34307817395856,167.90774603308134,162.4064301142371,162.90565490722656,87227800,0.0,0.0,168.01640243530272,164.46469014485677,164.26481857299805,-0.33959799662537193,176.98845083316263,159.04435403744282,48.9720436906834,1.2798797891645286,1.6700118903857404
2022-04-22 00:00:00-04:00,162.94482378114378,164.3250370614869,158.08955892864606,158.37342834472656,84882400,0.0,0.0,167.41536865234374,164.5713887532552,164.3023941040039,-0.8232685993872337,177.28261912578085,157.54811817890663,45.89583246081656,-52.96761800410433,8.473832874844232
2022-04-25 00:00:00-04:00,157.71757136622622,159.7242838315626,155.11375480994548,159.44041442871094,96046400,0.0,0.0,166.83586959838868,164.83731892903646,164.36541188557942,-1.1077151264823897,177.15996093532755,156.51177826144982,46.71105364856135,-85.05371599523141,12.77764408498889
2022-04-26 00:00:00-04:00,158.8237547860096,158.91185066459684,153.41053339870618,153.4888458251953,95623200,0.0,0.0,165.91572036743165,165.03897043863932,164.14821090698243,-1.7927175633589627,177.54086920012446,154.29057153473883,42.97465596993089,-130.0115094551791,15.140294576514824
2022-04-27 00:00:00-04:00,152.61759051221244,156.41564486229873,152.0987839265491,153.26365661621094,88063200,0.0,0.0,164.81986083984376,165.08726196289064,163.85474853515626,-2.3269343660347204,176.89112629495216,152.74859538473535,42.84052545032377,-153.14853299300745,16.93297700284032
2022-04-28 00:00:00-04:00,155.88706244158715,161.04577820352466,155.57381282317428,160.18435668945312,130216800,0.0,0.0,164.12828063964844,165.21941019694012,163.6794006347656,-2.1668838851825853,175.54850617676095,152.70805510253592,48.000419110846956,-88.24971671425719,8.558968341701235
2022-04-29 00:00:00-04:00,158.42235165998022,162.69028026576655,153.9292842451666,154.32083129882812,131747600,0.0,0.0,163.298184967041,165.12250010172525,163.38628616333008,-2.484539991058483,175.04769794473683,151.5486719893452,44.48108923925277,-116.80451062121853,10.903353380466875
2022-05-02 00:00:00-04:00,153.4007100151784,154.88860092145774,150.0333512355366,154.6243133544922,123055300,0.0,0.0,162.49794998168946,164.9260706583659,163.14613418579103,-2.680892616679671,174.32503753372293,150.67086242965598,44.69818522518247,-161.54033011915942,16.170529720134063
2022-05-03 00:00:00-04:00,154.81025192073247,157.31620351399488,153.0189101995976,156.11216735839844,88966500,0.0,0.0,161.5699676513672,164.73355458577473,162.9355105082194,-2.6854894527757835,172.2300973153385,150.9098379873959,45.77359074586557,-122.58698373393598,11.906112601234739
2022-05-04 00:00:00-04:00,156.29818841895514,162.964376768375,155.8968429541357,162.51409912109375,108256500,0.0,0.0,161.12751235961915,164.6421920776367,162.8434954325358,-2.1477916828608556,170.76134293374992,151.49368178548838,50.09340248068886,-53.941131672912064,2.8215979141797245
2022-05-05 00:00:00-04:00,160.38990141926735,160.61504020896953,151.6778383257631,153.45941162109375,130525300,0.0,0.0,160.39041137695312,164.20365244547526,162.54885177612306,-2.424353496370685,170.00119334549626,150.77962940841,44.86415552414341,-111.5010192246052,8.557742750491887
2022-05-06 00:00:00-04:00,152.93984857664353,156.30235682996496,151.1458596477854,154.1848602294922,116124600,0.23,0.0,159.67441101074218,163.66334431966146,162.2426429748535,-2.555534475557465,168.86428190192157,150.48454011956278,45.337097381659454,-118.74012580075437,9.25641543875706
2022-05-09 00:00:00-04:00,151.8810971374127,152.7633948486293,148.50880608897836,149.0675811767578,131577900,0.0,0.0,158.80288314819336,162.9312505086263,161.91901473999025,-3.037404688807328,168.55675493215477,149.04901136423194,42.66645354797538,-149.52989428859635,12.67778171073239
2022-05-10 00:00:00-04:00,152.45950928453797,153.65550196924158,149.92046680625165,151.46937561035156,115366700,0.0,0.0,158.26386108398438,162.25050201416016,161.69219156901042,-3.188727896066183,168.39971360479444,148.12800856317432,44.2606582549984,-120.89745690994589,11.210375815270664
2022-05-11 00:00:00-04:00,150.4792663261752,152.3908891933398,142.94059580220576,143.6170196533203,142689800,0.0,0.0,157.23873748779297,161.19837443033853,161.33058013916016,-3.8973459507921007,168.91162684020924,145.5658481353767,40.456080320853886,-166.62808710696146,19.676916341197856
2022-05-12 00:00:00-04:00,139.96040581157675,143.3228989996902,136.06853101088905,139.75453186035156,182602000,0.0,0.0,155.8863838195801,160.05632680257162,160.84080327351887,-4.716235521873529,169.06443128219203,142.70833635696815,38.7606869533705,-215.52135216190874,26.787304001943387
2022-05-13 00:00:00-04:00,141.74459868206603,145.18553469561974,140.2937279042498,144.2150115966797,113990900,0.0,0.0,155.00716018676758,159.16606903076172,160.42928314208984,-4.9482476510550555,168.85357283107626,141.1607475424589,41.68039200179674,-162.62366214292646,23.716552667458213
2022-05-16 00:00:00-04:00,142.68571610317943,144.616949555646,141.3426662408205,142.6759033203125,86643800,0.0,0.0,154.06174697875977,158.2342987060547,160.05198644002277,-5.19641111731994,168.5829596154569,139.54053434206264,40.98292686957059,-151.89237588437715,23.71655266735375
2022-05-17 00:00:00-04:00,145.93054340694096,146.82263885480765,143.79343645262884,146.30307006835938,78336300,0.0,0.0,153.18365478515625,157.2886739095052,159.76092020670572,-5.042276187998738,167.32791711455155,139.03939245576095,43.29618752167619,-116.56470113746258,20.032460234061347
2022-05-18 00:00:00-04:00,143.96011558077154,144.46007380411618,137.14687404841018,138.0487823486328,109742900,0.0,0.0,151.9011657714844,156.17819315592448,159.38089930216472,-5.522515065027278,166.6687779894809,137.13355355348787,39.6385551114954,-159.19157254781447,26.82513248315726
2022-05-19 00:00:00-04:00,137.12732118856076,138.87229156176298,133.9118691553446,134.64710998535156,136095600,0.0,0.0,150.4882385253906,155.0597157796224,159.01352208455404,-6.107194429969184,166.199901322766,134.77657572801522,38.26059006899886,-180.0729262622606,29.826380690412943
2022-05-20 00:00:00-04:00,136.3528515735585,137.93116906609265,130.00037534307543,134.8823699951172,137426100,0.0,0.0,149.31368560791014,153.9389658610026,158.60650507609049,-6.4769117159113705,166.0238657720182,132.60350544380208,38.41376332255669,-173.96918964433678,33.250725440893575
2022-05-23 00:00:00-04:00,135.07840236616943,140.4407585737006,134.941158046499,140.29371643066406,117726300,0.0,0.0,148.35635070800782,153.06548512776692,158.25525334676107,-6.261090936923182,164.81569443376543,131.89700698225022,41.84677105241904,-124.48334877895077,29.07036767553941
2022-05-24 00:00:00-04:00,138.03898075989613,139.17615657107172,134.62746828487894,137.59783935546875,104132700,0.0,0.0,147.5618003845215,152.2437525431315,157.85466588338215,-6.235704840444612,164.50504518968285,130.61855557936013,40.67815887678353,-123.329644560213,29.35694002408596
2022-05-25 00:00:00-04:00,135.70578755446192,138.99966571047085,135.61756228135172,137.75466918945312,92482700,0.0,0.0,146.7863510131836,151.36492513020832,157.4880162556966,-6.1322426431655686,164.04745154372844,129.52525048263877,40.77768696759966,-110.44217888088234,29.356940023953676
2022-05-26 00:00:00-04:00,134.68626677474316,141.49949297179575,134.4411865880973,140.9505157470703,90601500,0.0,0.0,145.82465896606445,150.5032221476237,157.11981277465821,-5.7263600835140664,162.05520161696927,129.59411631515962,42.80071610126202,-90.94820316516125,25.04829688781888
2022-05-27 00:00:00-04:00,142.52887188890233,146.7344424649416,142.40142537012454,146.6952362060547,90978500,0.0,0.0,145.4433792114258,149.99974721272787,156.8527384440104,-4.884834963600156,161.1844446500221,129.70231377282948,46.217104135497976,-38.0125005692538,16.63248402810438
2022-05-31 00:00:00-04:00,146.1364342695409,147.69514080945274,143.9503080341332,145.91094970703125,103718400,0.0,0.0,145.00771102905273,149.47730662027996,156.62251663208008,-4.232416941212506,160.1497984576438,129.86562360046165,45.83050547685149,-29.99997616985772,15.161113853533426
2022-06-01 00:00:00-04:00,146.95009283292427,148.75389460714223,144.7737792988703,145.7835235595703,74286600,0.0,0.0,144.49127883911132,148.87459360758464,156.45330835978191,-3.6831955970741603,158.7154409816934,130.26711669652923,45.766161311649476,-21.64865684458399,13.528296008366684
2022-06-02 00:00:00-04:00,144.9208398093746,148.2931460840145,143.96992734384497,148.2343292236328,72348100,0.0,0.0,143.77729034423828,148.35911916097004,156.35529251098632,-3.0154143702363285,155.38531869104173,132.16926199743483,47.23994366873602,-14.274237466526419,14.480654802108463
2022-06-03 00:00:00-04:00,144.0091352358549,145.05808578629097,141.6171647882395,142.51905822753906,88570300,0.0,0.0,143.23027267456055,147.6795659383138,156.07212804158527,-2.913779307641647,153.91129508764513,132.54925026147598,44.33359843871401,-44.73992237215623,17.240407747965904
2022-06-06 00:00:00-04:00,144.13656879270374,145.6462712304333,142.0484806619193,143.2640838623047,71598400,0.0,0.0,142.68423385620116,147.17592112223306,155.87365493774413,-2.741512990782553,152.04186655134157,133.32660116106075,44.791635224809305,-35.75269531017413,16.270047230301063
2022-06-07 00:00:00-04:00,141.50932395629872,146.06781003090646,141.26424373812603,145.7835235595703,67808200,0.0,0.0,142.5200309753418,146.72069142659504,155.77900517781575,-2.3743232454184238,151.51423200536712,133.52582994531647,46.33633315263321,-25.185685959982912,17.215115354552292
2022-06-08 00:00:00-04:00,145.65608826850138,146.92069570984725,144.5581335933167,145.0482940673828,53950200,0.0,0.0,142.19897689819337,146.43933970133463,155.739155069987,-2.1182319429239556,150.25789387202445,134.14005992436228,45.948227780937955,-9.776394316154853,15.745334598934862
2022-06-09 00:00:00-04:00,144.1855888973648,145.03846322934638,139.7251261469218,139.8329620361328,69473000,0.0,0.0,142.009774017334,145.9916498819987,155.53945592244466,-2.3094890965345485,150.1061072319162,133.91344080275178,43.287659576598166,-52.405869284495296,21.51444153638893
2022-06-10 00:00:00-04:00,137.51941663931075,137.9899664897166,134.36278209908923,134.43141174316406,91437900,0.0,0.0,141.7436180114746,145.13321838378906,155.1763142903646,-2.8639083816054836,150.47702732839545,133.01020869455377,40.759008202628166,-117.61955923079644,27.233280832668047
2022-06-13 00:00:00-04:00,130.25523715092532,132.53938671229503,128.85338540144875,129.28472900390625,122207100,0.0,0.0,140.99710388183593,144.298681640625,154.71059087117513,-3.6762069188342537,151.25960120840864,130.7346065552632,38.539952244374554,-171.0156028779252,32.46360538525326
2022-06-14 00:00:00-04:00,130.51011351307002,131.25515193955982,128.8925752102517,130.1473846435547,84784300,0.0,0.0,140.37067794799805,143.48278401692707,154.20442733764648,-4.201913221262828,151.6780057539484,129.06335014204768,39.11471722423829,-159.2982340391432,32.46360538514974
2022-06-15 00:00:00-04:00,131.64728162043858,134.63726323315953,129.5592083618082,132.7648468017578,91533000,0.0,0.0,139.69376678466796,142.70453999837238,153.71904729207355,-4.357105927397072,151.1259983366198,128.2615352327161,40.850963327387916,-124.0100849776991,26.490710915141634
2022-06-16 00:00:00-04:00,129.48080971072673,129.78470685138856,126.5006252583711,127.50055694580078,108123900,0.0,0.0,139.16635551452637,141.53742192586262,153.08980700174968,-4.848985375955834,151.82553775422684,126.5071732748259,38.56298334497229,-164.1321667335696,29.466087178600702
2022-06-17 00:00:00-04:00,127.51036998343508,130.46113104749855,127.25547692933144,128.97103881835938,134520300,0.0,0.0,138.88255195617677,140.72114283243815,152.4623976389567,-5.0617985224464235,152.20543108497571,125.55967282737782,39.54146053877259,-141.48180906157933,28.278201517977212
2022-06-21 00:00:00-04:00,130.79444423466086,134.36281257312174,130.69642109612053,133.19622802734375,81000500,0.0,0.0,138.7982448577881,140.0215217590332,151.84243303934733,-4.8337960248497325,152.2484370669257,125.34805264865048,42.27421240697997,-89.87529655063972,21.619671192730486
2022-06-22 00:00:00-04:00,132.13745484401576,135.04900927487205,131.2747825760473,132.6864471435547,73409200,0.0,0.0,138.41788139343262,139.47548395792643,151.20336723327637,-4.640741876153442,152.11794319484636,124.71781959201888,42.03705566305064,-81.22796988512873,20.481867663259145
2022-06-23 00:00:00-04:00,134.1275183400123,135.86267563561398,132.96093402675356,135.54898071289062,72433800,0.0,0.0,138.3154384613037,138.94480412801107,150.5976530710856,-4.208252422200474,152.07184385589073,124.55903306671665,43.86630898723412,-54.34517953910497,19.114923982745495
2022-06-24 00:00:00-04:00,137.14692437830942,139.1173794844748,137.01949279922658,138.87229919433594,89116800,0.0,0.0,138.37131996154784,138.78664677937826,149.9925106048584,-3.556342088849078,152.1272140201106,124.61542590298507,45.91622034018353,-4.5444166771768195,13.773483909862373
2022-06-27 00:00:00-04:00,139.89182661956758,140.66628871317417,138.1958752001904,138.87229919433594,70207900,0.0,0.0,138.26740913391114,138.7572390238444,149.40678291320802,-3.005058014697994,151.9725732125314,124.5622450552909,45.91622034018353,8.170120425072453,11.31601750483339
2022-06-28 00:00:00-04:00,139.3330131628478,140.59762053174873,134.61767206581916,134.7353057861328,67083400,0.0,0.0,137.66941261291504,138.4412488301595,148.8036589304606,-2.8689111855793215,150.86028042382273,124.47854480200733,43.78608603404168,-25.024337321486563,15.669087146008916
2022-06-29 00:00:00-04:00,134.75490940956817,137.90173093297278,133.98044756827542,136.4900665283203,66242400,0.0,0.0,137.1983684539795,138.23505427042645,148.23467648824055,-2.589568383496129,149.8101882328778,124.58654867508119,44.907560010778866,-29.736960395913677,16.424837545677292
2022-06-30 00:00:00-04:00,134.5490488814723,135.64700354645933,131.13753620204082,134.02947998046875,98964500,0.0,0.0,136.6106662750244,137.82593460083007,147.55730425516765,-2.537485418347927,148.61903686514302,124.60229568490581,43.644514399832495,-61.57213358600822,19.744254666352294
2022-07-01 00:00:00-04:00,133.36284196732555,136.3038045198631,132.9903302157903,136.1959686279297,71051600,0.0,0.0,136.00874824523925,137.7641741434733,146.9711836496989,-2.2949371584674054,146.69834877536357,125.31914771511494,45.052153369700974,-36.4398150477768,18.618276589327422
2022-07-05 00:00:00-04:00,135.05883599741875,138.82326526029516,134.23535494237336,138.7742462158203,73353800,0.0,0.0,135.8215076446533,137.9017453511556,146.480730565389,-1.8730787751000548,146.15625811605608,125.48675717325054,46.691416754902015,-6.214559523547311,14.351364783773343
2022-07-06 00:00:00-04:00,138.56838663745515,141.28386518046202,138.3036957651199,140.10748291015625,74064300,0.0,0.0,135.6636775970459,138.0759157816569,146.00744082132977,-1.4148622566731888,145.60892778782494,125.71842740626685,47.52879171046446,29.98602934930883,10.341251610474055
2022-07-07 00:00:00-04:00,140.47017616296918,143.66603189279604,140.4603783389641,143.469970703125,66253700,0.0,0.0,135.54799995422363,138.18179092407226,145.6236380259196,-0.7715042800429899,145.04118099568672,126.05481891276054,49.594538733364296,65.1837933483613,6.597419444715094
2022-07-08 00:00:00-04:00,142.40140757015126,144.64635079248632,142.1465295229667,144.14637756347656,64547800,0.0,0.0,135.5029041290283,138.40007553100585,145.3219140370687,-0.20469843165744805,144.81286649499043,126.19294176306619,50.00413940774461,75.54998124095913,5.079616382403322
2022-07-11 00:00:00-04:00,142.8033331399919,143.7542455393016,140.95052737444695,142.01907348632812,63141600,0.0,0.0,135.6122097015381,138.5422223409017,144.953573735555,0.07201349960323,145.1838812149677,126.04053818810848,48.71618304540513,52.59689167511158,6.755257196125775
2022-07-12 00:00:00-04:00,142.89155544175705,145.5286208059207,142.19553604555907,142.98959350585938,77588800,0.0,0.0,136.04011878967285,138.610191599528,144.55670687357585,0.3654103305011063,146.1401410735289,125.9400965058168,49.33210577235145,66.58272827137388,3.939224521572476
2022-07-13 00:00:00-04:00,140.17608985764943,143.56799177024092,139.3232005090592,142.62689208984375,71185600,0.0,0.0,136.70722694396972,138.47458012898764,144.23716367085774,0.5621819758756601,146.69036286830647,126.72409101963297,49.104107414635834,46.19947719829456,8.003047776977004
2022-07-14 00:00:00-04:00,141.24465485515523,146.01881345268225,140.43098661066193,145.5482635498047,78140700,0.0,0.0,137.47727088928224,138.4624905904134,143.96989860534669,0.942985039845496,147.7028560085914,127.25168576997308,50.991382908059,77.30445475162175,4.115256890589475
2022-07-15 00:00:00-04:00,146.83245817528143,147.8912065060331,145.2835494113212,147.21478271484375,76259900,0.0,0.0,138.19976768493652,138.51019922892252,143.6923964182536,1.3635304502540748,149.04649380542085,127.35304156445218,52.04085474078877,115.27596968137698,1.2351617691558632
2022-07-18 00:00:00-04:00,147.77357228115997,148.58724039251226,143.81306761767442,144.17579650878906,81420900,0.0,0.0,139.03352966308594,138.3749148050944,143.36701698303222,1.4350525365555313,148.94026421584792,129.12679511032397,50.02022986475774,99.34563041429887,3.4060050513292865
2022-07-19 00:00:00-04:00,145.0090674390563,148.25392726287154,144.01894870347078,148.02845764160156,82982400,0.0,0.0,139.98640060424805,138.5585614522298,143.11906369527182,1.7820692753174399,149.47519562339372,130.49760558510238,52.441932492120856,111.94222445688075,3.40600505130697
2022-07-20 00:00:00-04:00,148.14612084165154,150.69496170219924,147.41088001170658,150.02833557128906,64823400,0.0,0.0,140.8280059814453,138.78403650919597,142.97997881571453,2.193174426569584,150.75664471665095,130.89936724623965,53.64797117930167,139.19530376222377,0.47994738626824357
2022-07-21 00:00:00-04:00,151.45959834271974,152.50854901941838,148.94997891240936,152.29287719726562,65086600,0.0,0.0,141.80832748413087,139.00101496378582,142.86085319519043,2.6709191115137685,152.212603483622,131.40405148463975,54.98516027306412,153.66285078460533,3.273676049680848
2022-07-22 00:00:00-04:00,152.33208328648058,153.2045683993023,150.39105184778396,151.0576629638672,66675400,0.0,0.0,142.5837615966797,139.2013272603353,142.82033348083496,2.9162470698569223,153.32989802998767,131.8376251633717,54.104431565358624,149.29184451393397,4.3398080855786745
2022-07-25 00:00:00-04:00,150.9791857674136,151.98891489270602,149.2832351431614,149.94004821777344,53623900,0.0,0.0,143.13714904785155,139.53823013305663,142.76494000752766,2.9860675467068063,154.2133694313285,132.06092866437461,53.30526037565377,125.16192988953159,2.4799700105661455
2022-07-26 00:00:00-04:00,149.26362321320852,150.07729118277658,147.83236337932289,148.6166229248047,55138700,0.0,0.0,143.624365234375,140.011070505778,142.57214444478353,2.9011685516748003,154.76774394214664,132.48098652660337,52.35789025568457,99.21672247778815,0.06347959030851683
2022-07-27 00:00:00-04:00,149.57735592146827,154.23387992265205,149.16562296270044,153.70449829101562,78620700,0.0,0.0,144.57282485961915,140.8250628153483,142.56187222798664,3.2074608947329466,155.75959255249933,133.38605716673896,55.503032682683234,127.91374262700293,6.591250871778359
2022-07-28 00:00:00-04:00,153.89073492463993,154.5377501582959,151.3713185756555,154.2534637451172,81378700,0.0,0.0,145.46099472045898,141.62859878540038,142.55569140116373,3.454673383271114,156.76576583407925,134.15622360683872,55.828511831327106,129.97587656205815,7.050409288436031
2022-07-29 00:00:00-04:00,158.06696899861157,160.4099356728857,156.36120501340108,159.3119659423828,101786900,0.0,0.0,146.7251190185547,142.51350275675455,142.60902137756347,4.012516124975804,158.2986774204794,135.15156061662998,58.70765022117926,172.5405280994983,15.36707430819516
2022-08-01 00:00:00-04:00,157.84148924790597,160.37071938994356,157.72385550686172,158.33164978027344,67829400,0.0,0.0,147.83190307617187,143.54120585123698,142.5393138885498,4.325643865516611,159.39954020252839,136.26426594981535,57.9503913685722,161.5887563281543,15.367074308131052
2022-08-02 00:00:00-04:00,156.94941580554178,159.2139551778832,156.48866368683446,156.86117553710938,59907000,0.0,0.0,148.73624954223632,144.47087707519532,142.59600995381672,4.4043739919498535,160.1493385103683,137.32316057410435,56.813251664732746,137.75812931247947,13.089332356246238
2022-08-03 00:00:00-04:00,157.67478223031586,163.31162641377182,157.5865569548774,162.86068725585938,82507500,0.0,0.0,149.8739097595215,145.4596923828125,142.74060707092286,4.894458370657389,162.16757146198228,137.58024805706071,60.116438393494185,160.30009144288863,18.604384396828213
2022-08-04 00:00:00-04:00,162.74307352499065,163.89986001020398,161.19416464799912,162.54701232910156,55474100,0.0,0.0,150.8277618408203,146.45504455566407,142.96526425679525,5.197627808585366,163.9609859064464,137.6945377751942,59.86877027044581,158.28223656806853,19.364255795320165
2022-08-05 00:00:00-04:00,160.22042780912037,162.81206933981915,160.01426786699392,162.32122802734375,56697000,0.23,0.0,151.73650436401368,147.34745279947916,143.14612846374513,5.3579102124219276,165.42653214338847,138.0464765846389,59.68567203751106,138.12380431539515,17.095966365911313
2022-08-08 00:00:00-04:00,163.32256080452132,164.73618641729826,161.19231095001098,161.85003662109375,60276900,0.0,0.0,152.72805252075196,148.1133773803711,143.45001207987468,5.384840870058298,166.32698285608615,139.12912218541777,59.294180157612985,133.4433027483561,19.671139973466172
2022-08-09 00:00:00-04:00,161.01557009848565,162.78260161908204,160.2596703687026,161.89907836914062,63135500,0.0,0.0,153.67352676391602,148.8809366861979,143.81908785502117,5.348486842465945,167.04918025506328,140.29787327276875,59.32290743128497,115.41398602097468,17.835809763251653
2022-08-10 00:00:00-04:00,164.60850119483868,166.23809760904007,163.8427901046544,166.1399383544922,70170500,0.0,0.0,154.84917907714845,149.9277577718099,144.1845033009847,5.597355146261037,168.269929845139,141.4284283091579,61.7384344043888,137.31254684182997,22.397440954599002
2022-08-11 00:00:00-04:00,166.94495103045548,167.85792369494868,165.10920924668594,165.40371704101562,57149200,0.0,0.0,155.841951751709,150.89154612223308,144.56330019632975,5.669820007176298,169.30326402374735,142.38063947967063,61.0869735780903,132.8816764237975,24.43193828882936
2022-08-12 00:00:00-04:00,166.70936592550703,169.01631131920942,166.2970460032489,168.94760131835938,68039400,0.0,0.0,156.92859268188477,152.05548350016275,144.94070905049642,5.944684156716534,170.95448710429514,142.9026982594744,63.02956580832035,138.7731837670327,25.869695788969917
2022-08-15 00:00:00-04:00,168.37821564106778,170.2139574393794,168.21133138479297,170.0176239013672,54091700,0.0,0.0,158.22068405151367,153.18287200927733,145.47352307637533,6.177645800080995,172.05995745074387,144.38141065228348,63.59718655030971,138.2658456742186,27.348096677719685
2022-08-16 00:00:00-04:00,169.61511402434292,170.52808660786044,168.51563433427114,169.86053466796875,56377100,0.0,0.0,159.31228790283203,154.21908162434895,146.06041348775227,6.27723374933953,173.21055536666228,145.41402043900177,63.449239313187654,128.21177664338848,27.739120024143986
2022-08-17 00:00:00-04:00,169.6052979143018,172.92337473871223,169.40896440067246,171.35269165039062,79542000,0.0,0.0,160.3785057067871,155.26058858235677,146.66825218200682,6.402755534400939,174.54712838811122,146.209883025463,64.26608663206773,129.84241266016446,30.682012482036452
2022-08-18 00:00:00-04:00,170.5673396933382,171.69626861182405,169.94887490568271,170.9600067138672,62290100,0.0,0.0,161.31186218261718,156.1769231160482,147.17935702006022,6.396807644177642,175.69554859397704,146.92817577125732,63.87744885422173,117.79496668337624,30.682012481942156
2022-08-19 00:00:00-04:00,169.86053968443733,170.55754092380556,168.1720444080825,168.37820434570312,70346300,0.0,0.0,162.177889251709,156.98465067545573,147.6923631032308,6.113293778944836,176.03820061349313,148.31757788992485,61.35392441089081,97.01977526217817,26.589376138129634
2022-08-22 00:00:00-04:00,166.58171149389958,166.74859572706774,164.0784180378036,164.50054931640625,69026800,0.0,0.0,162.90591430664062,157.734033203125,148.13812777201335,5.512171759357614,175.53456747864107,150.27726113464018,57.80578490280635,62.24707042113378,17.796985447343246
2022-08-23 00:00:00-04:00,164.0195474098714,165.61969500518398,163.597416059393,164.1667938232422,54147100,0.0,0.0,163.6834228515625,158.4399398803711,148.52506573994955,4.951766072085519,174.3738934007116,152.9929523024134,57.50965544245113,53.37209022992889,16.810808906097417
2022-08-24 00:00:00-04:00,164.2551587296091,165.03068148199358,163.20475103663767,164.4613037109375,53841500,0.0,0.0,164.22126312255858,159.16775360107422,148.82116686503093,4.47976507085275,173.8249902803345,154.61753596478266,57.70742940279438,47.907205838036504,15.990754856758482
2022-08-25 00:00:00-04:00,165.6883632421721,167.02345197761028,165.2662469773801,166.91546630859375,51218200,0.0,0.0,164.85436325073243,159.87999369303387,149.17124214172364,4.25468591732556,173.28969463233165,156.41903186913322,59.338919644964285,63.87412934700218,18.97700419756203
2022-08-26 00:00:00-04:00,167.44560000363606,167.91680343416758,160.56399573070382,160.62289428710938,78961000,0.0,0.0,164.91990966796874,160.3269307454427,149.4185649871826,3.5278838447020746,173.1927136693861,156.64710566655137,53.8308461912788,28.3331514393207,9.4776062806746
2022-08-29 00:00:00-04:00,158.19815240165843,159.91609703205498,156.89252766433086,158.4239501953125,73314000,0.0,0.0,164.9245246887207,160.80186920166017,149.58839200337727,2.7428338734183626,173.18194245601353,156.6671069214279,52.083147506695205,-24.95702089393632,2.845154985991257
2022-08-30 00:00:00-04:00,159.16019500251252,159.58231130465205,154.8309714061125,155.99917602539062,77906200,0.0,0.0,164.88142471313478,161.06755981445312,149.81306063334148,1.9030795875081026,173.32299604273453,156.43985338353502,50.223119830829546,-49.65325027241089,0.6510022717452908
2022-08-31 00:00:00-04:00,157.3735291899389,157.63858767600124,154.2615972644816,154.3401336669922,87991100,0.0,0.0,164.4553970336914,161.21128641764324,149.9976614634196,1.0911196644012193,174.10058723192662,154.8102068354562,48.984910874780844,-71.50700761997294,1.6066518374012158
2022-09-01 00:00:00-04:00,153.77076113952282,155.5181549609377,151.83684522830168,155.06658935546875,74229900,0.0,0.0,164.08137588500978,161.30374348958333,150.15237922668456,0.5004851964962143,174.58050855450452,153.58224321551504,49.54834170894915,-90.2672219812717,5.606735126821537
2022-09-02 00:00:00-04:00,156.82381061062185,157.4226376540656,152.13136852434044,152.9559783935547,76957800,0.0,0.0,163.6131134033203,161.3670206705729,150.2841739654541,-0.13633396701789025,175.21975343738984,152.00647336925078,47.95645786166934,-92.7290464431661,2.229867417850271
2022-09-06 00:00:00-04:00,153.60388383195894,154.21252227519972,150.87480729194033,151.6994171142578,73714800,0.0,0.0,163.1055824279785,161.42566630045573,150.4819482167562,-0.7339512032532696,175.86710277043215,150.34406208552485,47.02595310258297,-119.62860351025209,4.318115231696354
2022-09-07 00:00:00-04:00,151.9841081371773,153.80021196934476,150.79626559392008,153.1032257080078,87449600,0.0,0.0,162.66578979492186,161.5752197265625,150.79314511617025,-1.0818209882296514,176.1860750893215,149.14550450052224,48.18780552642436,-120.59606234286814,4.450076372644806
2022-09-08 00:00:00-04:00,151.80741774838046,153.4959132532277,149.88331299426738,151.63072204589844,84923800,0.0,0.0,161.9403289794922,161.50609385172527,151.16557833353679,-1.4595047758497515,176.21189207550418,147.6687658834802,47.067640553145985,-131.58398726170137,6.008819828910377
2022-09-09 00:00:00-04:00,152.62217501880943,154.92913481819144,151.91536244109605,154.48736572265625,68028800,0.0,0.0,161.3945114135742,161.5138905843099,151.57124468485515,-1.5108979369406654,175.94070972938778,146.84831309776064,49.42696050740453,-104.01707717937389,3.272803854851491
2022-09-12 00:00:00-04:00,156.6667134786447,161.2511691580026,156.38203213199495,160.43637084960938,104956000,0.0,0.0,160.9689498901367,161.5513707478841,152.03243675231934,-1.0593805124322557,175.07612066755252,146.8617791127209,53.857701284862934,-29.99033707913141,7.608376320260816
2022-09-13 00:00:00-04:00,156.97104316313002,157.59931943362142,150.56065692569356,151.0220489501953,122656600,0.0,0.0,160.01917114257813,161.3077173868815,152.42446161905926,-1.4445548696802746,174.11903313101266,145.9193091541436,47.102079536734884,-107.19579476925816,2.206647668487288
2022-09-14 00:00:00-04:00,151.9545936516292,154.22229230283722,150.79621575036018,152.46507263183594,87965400,0.0,0.0,159.14939804077147,161.1611806233724,152.81602884928387,-1.6147544869980663,172.83312542416843,145.46567065737452,48.13367788053877,-108.32506884969764,2.2066476684750427
2022-09-15 00:00:00-04:00,151.81721471946022,152.3964188629796,148.60712326254628,149.5789794921875,90481100,0.0,0.0,158.06071243286132,160.71845703125,153.08907470703124,-1.9599296571534808,171.10620922358683,145.01521564213581,46.26685895851159,-122.76521892066121,5.669103801043993
2022-09-16 00:00:00-04:00,148.44022763272653,148.57766259301448,145.65223775657734,147.93955993652344,162278800,0.0,0.0,156.90969009399413,160.2315419514974,153.34329325358073,-2.338810570893429,169.20369866787522,144.61568152011304,45.23590456979378,-138.9819532432854,10.113075369327053
2022-09-19 00:00:00-04:00,146.5750321533895,151.72886599832884,146.36888718799335,151.65032958984375,81474200,0.0,0.0,156.07329635620118,159.87584533691407,153.6116490681966,-2.3129856669103788,167.31298671013246,144.8336060022699,47.951557800637644,-102.69562659555744,4.672927337517141
2022-09-20 00:00:00-04:00,150.59011171978128,155.18439428665013,150.27598106267698,154.0260009765625,107689800,0.0,0.0,155.549568939209,159.61504414876302,153.86421076456705,-2.076881421636557,166.0902925158724,145.0088453625456,49.60655797850626,-65.1314896256024,0.882087755128361
2022-09-21 00:00:00-04:00,154.45795295017905,155.8323177224437,150.78646922639234,150.90426635742188,101696800,0.0,0.0,154.88644256591797,159.24855041503906,154.0647435506185,-2.1172585618049027,164.79428203355806,144.9786030982779,47.551212758346075,-67.30842463120445,1.8920095539910884
2022-09-22 00:00:00-04:00,149.588778163199,151.6404909111481,148.1457037475465,149.9421844482422,86652500,0.0,0.0,154.1604866027832,158.70862528483073,154.3181915283203,-2.201512045440552,163.20438626275262,145.1165869428138,46.93127602510033,-87.23289447879823,2.304975742168594
2022-09-23 00:00:00-04:00,148.42061851178616,148.69548848555905,145.83878806603744,147.67453002929688,96029900,0.0,0.0,153.19843978881835,158.1176523844401,154.50459925333658,-2.4233296623878573,160.44420107554942,145.95267850208728,45.485352200610095,-105.23023924714161,5.811060191231081
2022-09-26 00:00:00-04:00,146.9186627081055,150.95337992464147,146.89902485639834,148.00833129882812,93339400,0.0,0.0,152.5677116394043,157.4196767171224,154.7375801086426,-2.5428740796644433,159.26788226624635,145.86754101256227,45.73991672283646,-88.86490870171886,2.1010530852347853
2022-09-27 00:00:00-04:00,149.94222342090066,151.88595100420483,147.20332025510484,148.98016357421875,84442700,0.0,0.0,152.09552230834962,156.7184280395508,154.95065002441407,-2.5300305318623373,158.37588562914823,145.815158987551,46.49245105007621,-78.41766935518558,0.5940364247233482
2022-09-28 00:00:00-04:00,144.93563790031018,147.88068609523327,142.18692325585735,147.0953369140625,146691400,0.0,0.0,151.65033035278321,155.95958811442057,155.08933486938477,-2.6414922091026654,158.02715517618213,145.2735055293843,45.23378041721204,-112.74652078750992,8.138920795941115
2022-09-29 00:00:00-04:00,143.42383363893248,144.03247205665744,138.1031007730531,139.87013244628906,128138200,0.0,0.0,150.92683029174805,154.91016947428386,155.08537902832032,-3.2750868458614377,159.06022441092932,142.79343617256677,40.8484053185231,-164.87473680531988,13.657926418980471
2022-09-30 00:00:00-04:00,138.69210195416497,140.4787712884576,135.47218456289696,135.66851806640625,124925300,0.0,0.0,149.95692672729493,153.7337865193685,154.95535481770833,-4.069341490767243,160.32983377441332,139.58401968017654,38.59732802451824,-201.2563727873725,16.981958412737235
2022-10-03 00:00:00-04:00,135.67835835777296,140.44933637961338,135.1678792129988,139.84068298339844,114311700,0.0,0.0,149.3011619567871,152.78253580729168,154.8835932413737,-4.31242423638048,160.5010701405554,138.10125377301878,41.8870325058848,-179.40627470180058,17.3626252642914
2022-10-04 00:00:00-04:00,142.37343574191996,143.5416405102459,141.61753589548164,143.42384338378906,87830100,0.0,0.0,148.88738327026368,152.0799789428711,154.90700607299806,-4.167893087910926,160.32322002258925,137.4515465179381,44.52746848348931,-117.99649337770717,11.965616519101319
2022-10-05 00:00:00-04:00,141.43103055560152,144.68039782185656,140.39043433471556,143.7183380126953,79471000,0.0,0.0,148.41813888549805,151.3983637491862,154.91915181477864,-3.9836666269703187,159.89570616978156,136.94057160121454,44.7409402603588,-108.86051362996801,13.59669635574222
2022-10-06 00:00:00-04:00,143.13912691743977,144.8374334955695,142.5599378213271,142.76608276367188,68402200,0.0,0.0,147.97490692138672,150.67518971761066,154.92147165934244,-3.869895127557527,159.6136360299462,136.33617781282723,44.17233342669852,-96.1819843594087,13.318746965276045
2022-10-07 00:00:00-04:00,139.9290298735793,140.47878470691822,136.8956342636469,137.52391052246094,85925600,0.0,0.0,147.12673416137696,149.69547119140626,154.78773244222006,-4.154835526147735,159.23030769173053,135.0231606310234,41.1911285253949,-152.35671531245828,20.57065763729791
2022-10-10 00:00:00-04:00,137.84783935546875,139.2909136665795,136.03173592220895,137.84783935546875,74899000,0.0,0.0,145.99730758666993,148.9363026936849,154.6316167195638,-4.304890398465403,157.04074059853127,134.9538745748086,41.44375350532323,-145.9154706764691,21.605448352020414
2022-10-11 00:00:00-04:00,137.33738075448184,138.76083241469453,135.68816128454225,136.43423461914062,77033700,0.0,0.0,145.26791687011718,148.20331217447918,154.50259068806966,-4.486162366871895,156.82884774439842,133.70698599583594,40.655342438108754,-140.91259000369234,22.023391885362955
2022-10-12 00:00:00-04:00,136.5814915458878,137.78895683135124,135.6292583188671,135.8059539794922,70433700,0.0,0.0,144.4349609375,147.53020477294922,154.29888229370118,-4.6271794601894385,156.21107603008903,132.65884584491096,40.30282704708678,-134.26206936491687,22.09705073798697
2022-10-13 00:00:00-04:00,132.51732843397534,140.95978909716513,131.90867508719168,140.37078857421875,113224000,0.0,0.0,143.97455139160155,147.06455993652344,154.13792317708334,-4.3207851985632715,155.62319931684152,132.32590346636158,43.955320727874536,-108.06022024187281,26.626024259920257
2022-10-14 00:00:00-04:00,141.66660017858484,141.87276009592642,135.65870802953629,135.84523010253906,88598000,0.0,0.0,143.36983489990234,146.4238479614258,153.86379572550456,-4.392506208436714,155.40122519417466,131.33844460563003,41.36002477119594,-98.71203065329901,24.78450712345647
2022-10-17 00:00:00-04:00,138.48597103526853,140.282437004532,137.7006219624551,139.80142211914062,85250900,0.0,0.0,142.7773895263672,145.98536275227863,153.6761917114258,-4.083047166888605,154.2457012087797,131.30907784395467,44.33241780250533,-76.12298110362023,24.784507123275244
2022-10-18 00:00:00-04:00,142.825015544548,144.0128431743189,138.03439937209953,141.11688232421875,99136600,0.0,0.0,142.13193359375,145.6326115926107,153.5291389465332,-3.689126053397217,152.31576059031107,131.94810659718894,45.286380755236856,-51.867642444448784,17.32372610957488
2022-10-19 00:00:00-04:00,139.09461918905455,142.29489928414645,138.90809708603376,141.22486877441406,61758300,0.0,0.0,141.6479637145996,145.23666636149088,153.40594304402669,-3.329842774111796,150.95906050110955,132.33686692808965,45.365888208825936,-50.82829036663441,17.323726109477604
2022-10-20 00:00:00-04:00,140.40024050696854,143.21766459219867,140.0370077826972,140.76345825195312,64522000,0.0,0.0,141.18902740478515,144.87442423502605,153.19025904337565,-3.047213776188613,149.64428783654975,132.73376697302055,45.076352155709266,-41.50516850964736,15.495746832876524
2022-10-21 00:00:00-04:00,140.25299045906925,145.1417806685085,140.03701908535325,144.57240295410156,86548600,0.0,0.0,141.0339210510254,144.5439254760742,153.02890803019207,-2.487207277061003,149.0927653432263,132.9750767588245,47.915091811719,-15.6432949387644,11.74032591714562
2022-10-24 00:00:00-04:00,144.49386606815804,147.47817461798252,143.3256613631015,146.71246337890625,75981900,0.0,0.0,140.9691276550293,144.08646189371746,152.81891632080078,-1.8493944330072623,148.80975188876818,133.12850342129042,49.43412866742569,24.448314378549526,7.355474452772605
2022-10-25 00:00:00-04:00,147.3407290522299,149.69677613929844,146.62410499116672,149.5495147705078,74732300,0.0,0.0,140.99759521484376,144.0373774210612,152.67254740397135,-1.1022903053387267,148.96381644534978,133.03137398433773,51.37880126218713,67.04013386517369,3.3707427967720216
2022-10-26 00:00:00-04:00,148.19482861119383,149.2059606049606,145.32830191392304,146.61431884765625,88194300,0.0,0.0,140.97354431152343,143.84235229492188,152.50176645914715,-0.7385372839986815,148.86480256502574,133.0822860580211,49.347621444300195,49.400518221735446,5.490247895859058
2022-10-27 00:00:00-04:00,145.35775035197634,146.31979510961392,141.48991849585923,142.14764404296875,109180200,0.0,0.0,141.08741989135743,143.59464111328126,152.15654907226562,-0.8014451601432597,148.97736598406723,133.19747379864762,46.456405655864934,-2.8498225752389796,11.442531586404174
2022-10-28 00:00:00-04:00,145.48537216958695,154.6150242142885,145.11234293200243,152.88726806640625,164762400,0.0,0.0,141.94835739135743,143.7595647176107,151.99555333455405,0.015123464805640197,151.01815790887005,132.87855687384481,53.26673898463614,110.62498818861512,2.3121582076752203
2022-10-31 00:00:00-04:00,150.35452378899333,151.41474288743174,149.13723186575905,150.53121948242188,97943200,0.0,0.0,142.4828842163086,143.72226104736328,151.79905319213867,0.4667659652334635,152.26202354462984,132.70374488798737,51.77230488700977,102.1993005207047,2.312158207661883
2022-11-01 00:00:00-04:00,152.23931825640548,152.60253597457515,146.3983105936967,147.8904571533203,80379300,0.0,0.0,142.70621490478516,143.5177429199219,151.56639353434244,0.6046385536718617,152.77554141233006,132.63688839724026,50.14119336595218,86.41133326129578,1.9633332713728358
2022-11-02 00:00:00-04:00,146.22160672381153,149.38262560122348,142.34396380900958,142.3734130859375,93604600,0.0,0.0,142.63896865844725,143.23338114420574,151.2409657796224,0.26566184062099296,152.69779322314486,132.58014409374965,46.944704758407944,24.938620378010224,7.859553705050219
2022-11-03 00:00:00-04:00,139.45781809061094,140.18426855678922,136.20845130657773,136.33607482910156,97918500,0.0,0.0,142.31746826171874,142.77984415690105,150.74423472086588,-0.4845567196151137,152.7627929044507,131.8721436189868,43.78486660459568,-90.1820249177369,15.788405074910374
2022-11-04 00:00:00-04:00,139.71866273149064,140.28898493787645,132.1373429796548,136.07058715820312,140814800,0.23,0.0,142.24480209350585,142.3930460611979,150.255349222819,-1.0879912836368533,152.84954336699795,131.64006082001376,43.65120809938074,-106.11164373450423,20.485112264081476
2022-11-07 00:00:00-05:00,134.82177198830993,136.827719829141,133.40580174577732,136.6015625,83374600,0.0,0.0,142.18248825073243,142.0128204345703,149.71624857584635,-1.5060118830702152,152.9099519182896,131.45502458317526,44.0048601292889,-108.33625295981544,20.485112263982128
2022-11-08 00:00:00-05:00,138.06670690734794,139.06967336647747,135.19544046730184,137.17189025878906,89908500,0.0,0.0,142.21937103271483,141.61921132405598,149.1688196818034,-1.7708621396679405,152.8684058804145,131.57033618501515,44.39265061858114,-78.19720774723578,16.650951305649
2022-11-09 00:00:00-05:00,136.18857977969958,136.2377483327938,132.3438299914245,132.61915588378906,74917800,0.0,0.0,142.06003112792968,141.1366719563802,148.5481300354004,-2.321366226578789,153.1972958270112,130.92276642884815,41.9911869003947,-129.1883017954927,20.000683451919052
2022-11-10 00:00:00-05:00,138.88285345399055,144.41888427734375,137.17188688278108,144.41888427734375,118854000,0.0,0.0,142.26243591308594,141.28829701741537,148.0992332458496,-1.7849296567059696,153.4175617348948,131.10731009127707,49.33905267562311,12.996048928506506,7.212693002720552
2022-11-11 00:00:00-05:00,143.3864383750097,147.5064994693465,141.9606252113591,147.20167541503906,93979700,0.0,0.0,142.83025817871095,141.67273559570313,147.7032610575358,-1.1223144795056328,153.76395372011717,131.89656263730473,50.857692001361386,69.0676045217857,2.9302231472223896
2022-11-14 00:00:00-05:00,146.48384590068005,147.77198095425382,144.96953850636208,145.80535888671875,73374100,0.0,0.0,143.13045501708984,141.8715581258138,147.32704696655273,-0.7017686992915344,154.04367326908397,132.21723676509572,50.07847405485575,74.37381591389078,2.5658175143786184
2022-11-15 00:00:00-05:00,149.67963703147598,151.02676861885655,146.08071431905194,147.5360107421875,89868300,0.0,0.0,143.45141143798827,142.00863037109374,147.04430465698243,-0.22622620268418814,154.49211379645809,132.41070907951845,51.040286206592775,101.14351179457763,1.8415720755773581
2022-11-16 00:00:00-05:00,146.6411608430867,147.36880131400713,144.83185736513215,146.30682373046875,64218300,0.0,0.0,143.70550918579102,142.09491322835285,146.74663848876952,0.05087309945150764,154.76435503323336,132.64666333834867,50.327855968451004,64.54491424913235,0.13363421424420183
2022-11-17 00:00:00-05:00,143.98623783804743,148.95196191687904,143.71091192910288,148.20465087890625,80389400,0.0,0.0,144.07756881713868,142.276198832194,146.47569427490234,0.4187875605505269,155.22003272693183,132.93510490734553,51.41110476930822,72.87683695668814,2.282720598390614
2022-11-18 00:00:00-05:00,149.76810292744864,150.15159363499748,147.4671586821555,148.76512145996094,74829600,0.0,0.0,144.28720474243164,142.65090586344402,146.17318852742514,0.7469770273014262,155.6249222231298,132.94948726173348,51.732683920554805,93.69822777062055,3.9037367785744816
2022-11-21 00:00:00-05:00,147.65399909356225,147.8604860232478,145.2547175972566,145.5398712158203,58724100,0.0,0.0,144.22857513427735,142.90730692545574,145.92180480957032,0.7383080484163713,155.52554048518672,132.93160978336797,49.7717297389441,51.5234580177298,0.7161491925388022
2022-11-22 00:00:00-05:00,145.65788443814483,147.909660354169,144.47789906303868,147.6736602783203,51804100,0.0,0.0,144.13478240966796,143.28195444742838,145.74263331095378,0.8933191377694811,155.27581180268967,132.99375301664625,51.04183265484113,55.09282473900949,0.3937629802900849
2022-11-23 00:00:00-05:00,146.9558387051269,149.29612388958984,146.84767388557262,148.54881286621094,58301400,0.0,0.0,144.23150711059571,143.70671641031902,145.61846059163412,1.074399039427533,155.49608126112258,132.96693296006885,51.56151361779975,74.72532865862587,1.6082203083192321
2022-11-25 00:00:00-05:00,145.83488861865806,146.39538323134536,144.6647458342524,145.6382293701172,35195900,0.0,0.0,144.40603637695312,143.8822977701823,145.47342885335286,0.9718435947198998,155.64279625082875,133.1692765030775,49.74483062746273,29.23575117175335,1.5881375245842788
2022-11-28 00:00:00-05:00,142.7177853624681,144.19275214587688,140.98716307142482,141.81314086914062,69246000,0.0,0.0,143.85233001708986,144.08122812906902,145.2525380452474,0.5752834816121606,154.39964367542916,133.30501635875055,47.47095781619279,-28.066077528077333,6.7030732019540835
2022-11-29 00:00:00-05:00,141.88198289483077,142.39330897926848,138.00774892115945,138.81405639648438,83763800,0.0,0.0,143.26647186279297,144.0483159383138,145.01683934529623,0.01878909339149004,153.55012994357895,132.98281378200699,45.77386247939616,-73.55207397921203,10.597418553656574
2022-11-30 00:00:00-05:00,139.04019702693043,146.23804217919428,138.20439151332914,145.55955505371094,111380900,0.0,0.0,143.1499267578125,144.19640502929687,144.91450831095378,0.12067755284473947,153.26437756690638,133.0354759487186,49.938088489687715,-12.640635385996001,4.759995311731512
2022-12-01 00:00:00-05:00,145.73654727553216,146.64119170281938,144.16324348642758,145.83486938476562,71250400,0.0,0.0,143.3229995727539,144.3500717163086,144.79336903889973,0.221091847453863,153.49977298859483,133.14622615691297,50.09988352674968,24.485494653709228,4.16362573389081
2022-12-02 00:00:00-05:00,143.5240993516398,145.53004745802463,143.2192602974079,145.3432159423828,65447400,0.0,0.0,143.77335662841796,144.5027303059896,144.6885772705078,0.2580242327557585,153.43227270307935,134.11444055375657,49.80253707686596,7.191784835168891,5.467164826253323
2022-12-05 00:00:00-05:00,145.30386574755366,148.40128929094377,143.3372438141924,144.18289184570312,68826400,0.0,0.0,144.17897186279296,144.4897466023763,144.51683603922527,0.19145794876706645,153.13141017773154,135.2265335478544,49.09120366857507,17.476891201303403,1.1386433336405541
2022-12-06 00:00:00-05:00,144.61558740538712,144.84174478338647,139.55152565219004,140.52500915527344,64727200,0.0,0.0,144.37514419555663,144.28349812825522,144.18498001098632,-0.1546738894779196,152.78389728043908,135.96639111067418,46.906327205422215,-48.148478086098145,6.379417073642862
2022-12-07 00:00:00-05:00,139.816952722661,140.97725216235455,137.6634998599058,138.5878143310547,69721100,0.0,0.0,144.44594039916993,143.91810811360676,143.97774276733398,-0.5786311972773035,152.6199033977604,136.27197740057946,45.78982653732018,-87.4830120540465,8.8717428539664
2022-12-08 00:00:00-05:00,139.98417924727298,141.12482380942538,138.7452125702619,140.2693328857422,62128300,0.0,0.0,144.82844924926758,143.70660858154298,143.77448043823242,-0.7700591611646814,151.18636840035632,138.47053009817884,46.92425030379255,-64.77888712737175,8.637895171568749
2022-12-09 00:00:00-05:00,139.96449489513216,143.14060047218985,138.54852454565471,139.78750610351562,76097000,0.0,0.0,144.59688034057618,143.62793731689453,143.61128921508788,-0.9496990566823911,151.3431194771772,137.85064120397516,46.63497007557891,-53.65473764944872,5.437699298660447
2022-12-12 00:00:00-05:00,140.31847817047847,142.0884409898644,138.7058487137347,142.07861328125,70462700,0.0,0.0,144.34072723388672,143.26764882405598,143.51360677083332,-0.8968533987452929,151.0595178540691,137.62193661370435,48.20562833975559,-41.27074579062015,5.437699298632638
2022-12-13 00:00:00-05:00,147.00504073940357,147.46719825510277,141.8328286540092,143.04229736328125,93886200,0.0,0.0,144.20257415771485,143.0180180867513,143.3701395670573,-0.7683544704701717,150.9081766690651,137.49697164636459,48.86055622621857,19.82584331722909,2.7432033663314708
2022-12-14 00:00:00-05:00,142.92427726159215,144.21241242784126,138.80420126905452,140.8199920654297,82291200,0.0,0.0,143.86677322387695,142.78233591715494,143.1500394185384,-0.8362004111605188,150.5420861989342,137.1914602488197,47.42983563826984,-29.618602365564104,1.6995085215994103
2022-12-15 00:00:00-05:00,138.75505030022137,139.43353745953314,133.7598273780729,134.22198486328125,98931900,0.0,0.0,143.26253128051758,142.5106216430664,142.87200139363605,-1.4061634701501475,151.09532328484832,135.42973927618684,43.51620566797874,-124.11884612795264,8.515473837891037
2022-12-16 00:00:00-05:00,134.40876216882202,135.3527321802719,131.49815545789718,132.26513671875,160156900,0.0,0.0,142.46555557250977,142.3749237060547,142.57738393147787,-1.9927929157012159,151.35362836946734,133.5774827755522,42.44174874646423,-165.60098195349426,11.365952906492353
2022-12-19 00:00:00-05:00,132.85516655290323,132.94366095306307,129.12842399506934,130.160888671875,79592600,0.0,0.0,141.53534393310548,142.1779337565104,142.28548990885417,-2.5975532324426354,151.47891264535838,131.59177522085258,41.30719072194785,-193.31829249806785,14.26155319014012
2022-12-20 00:00:00-05:00,129.1972093009086,131.02616804412892,127.7222430565094,130.09202575683594,77432800,0.0,0.0,140.76295166015626,141.96094919840496,141.98688481648762,-3.0472598871298544,151.74270000020914,129.78320332010338,41.26984180840526,-198.2389953897876,15.947157999228683
2022-12-21 00:00:00-05:00,130.76068907847488,134.52677190815584,130.53453175568677,133.18946838378906,85928000,0.0,0.0,140.0387420654297,141.8282018025716,141.7237065633138,-3.117778112018101,151.00995621156883,129.06752791929054,43.640980025675454,-139.98899182693114,10.359682762923233
2022-12-22 00:00:00-05:00,132.10786913644063,132.31435609146064,128.12545567267372,130.0232391357422,77852100,0.0,0.0,139.11246337890626,141.74167124430338,141.4391716003418,-3.390073890768832,150.18613974310406,128.03878701470845,41.854097413019794,-172.77886756343983,13.332992211401203
2022-12-23 00:00:00-05:00,128.7350936895975,130.21006041152802,127.4764566205478,129.65940856933594,63814900,0.0,0.0,138.3135223388672,141.24968872070312,141.26899286905925,-3.593801239637088,149.70588775834403,126.92115691939036,41.6513707323297,-164.7909613540559,14.126792430660952
2022-12-27 00:00:00-05:00,129.18743096288975,129.2169290987198,126.57181955561124,127.85995483398438,69007800,0.0,0.0,137.61586303710936,140.60496470133464,141.13885014851888,-3.8560078509478046,149.7881233512469,125.44360272297183,40.64412493041581,-160.45172014944583,15.246154016697941
2022-12-28 00:00:00-05:00,127.50594763388185,128.84325132058044,123.76936998157429,123.93653106689452,85438400,0.0,0.0,136.8719867706299,139.87600377400716,140.87378094991047,-4.33047694549245,150.47074865943597,123.27322488182381,38.54186375636749,-167.31020040039036,18.644640658926924
2022-12-29 00:00:00-05:00,125.8540011982905,128.3024440403956,125.59834568207036,127.44696807861328,75703700,0.0,0.0,135.966357421875,139.20636901855468,140.6074996948242,-4.372826965121192,149.5415196299996,122.39119521375038,41.34974058134755,-133.19200872781002,18.64464065880643
2022-12-30 00:00:00-05:00,126.2669596162648,127.78125184057714,125.30331160781724,127.76158142089844,77034200,0.0,0.0,135.06269302368165,138.58819427490235,140.3415537516276,-4.331077033364579,148.27315555682867,121.85223049053462,41.59712486343515,-121.27855657829579,19.010518119631115
2023-01-03 00:00:00-05:00,128.10576937065363,128.7154174535332,122.09773792777466,122.98271942138672,112117500,0.0,0.0,133.94466819763184,137.74746322631836,140.01183102925617,-4.630229730287084,147.27598899238873,120.61334740287495,39.01150050748674,-130.9635499723591,22.90741523229286
2023-01-04 00:00:00-05:00,124.77235152537196,126.51281646624362,122.9925607402256,124.2511978149414,89113600,0.0,0.0,132.94808349609374,136.93033243815105,139.79061915079754,-4.710653313515024,146.03458168376616,119.86158530842133,40.03498647741983,-119.81215404332288,22.907415232167295
2023-01-05 00:00:00-05:00,125.00834271164996,125.63766124201172,122.67790010774006,122.93355560302734,80962700,0.0,0.0,132.06851081848146,136.1767885843913,139.54204775492352,-4.825091644190877,145.37364295016977,118.76337868679316,39.32581804919879,-117.41907462543216,23.295115854788385
2023-01-06 00:00:00-05:00,123.90705557556224,128.1156191203873,122.8057442493749,127.45680236816406,87754700,0.0,0.0,131.5119602203369,135.5028933207194,139.3924238840739,-4.498935703835514,144.5982940732641,118.42562636740969,42.91665090818678,-88.8305188559098,18.442604013299537
2023-01-09 00:00:00-05:00,128.29258725392592,131.18352399196448,127.72226507394718,127.97792053222656,70790800,0.0,0.0,130.89738960266112,134.81719690958658,139.2619566599528,-4.150559820625205,143.39321252375564,118.40156668156662,43.31646433934253,-58.044527909580935,12.758758784285543
2023-01-10 00:00:00-05:00,128.08606049318604,129.06937130152838,125.9817759634987,128.5482177734375,63896200,0.0,0.0,130.33542518615724,134.24752985636394,139.0649138132731,-3.7848221285475887,142.13961633777822,118.53123403453625,43.762390653784344,-64.27569250416535,15.148476585986616
2023-01-11 00:00:00-05:00,129.05956971451124,131.28184718963053,128.28276062052532,131.26219177246094,69458900,0.0,0.0,129.79460411071778,133.89583155314128,138.98852984110513,-3.2386442772422015,140.24716957259062,119.34203864884495,45.85919796947815,-37.766609785489926,11.144929590633147
2023-01-12 00:00:00-05:00,131.6456594903947,132.01930740516633,129.24637865052426,131.18350219726562,71379600,0.0,0.0,129.201664352417,133.64147974650066,138.84489784240722,-2.7800967612522243,137.6417030494014,120.76162565543261,45.80796995855894,-29.990879080486486,9.828238015181663
2023-01-13 00:00:00-05:00,129.82653652186357,132.66830441383743,129.4627162913207,132.51097106933594,57809700,0.0,0.0,128.7862133026123,133.20652694702147,138.70146598815919,-2.283258919770134,135.4491774499337,122.12324915529092,46.844213855947814,-19.51272700702857,8.656374674757238
2023-01-17 00:00:00-05:00,132.5798193932039,134.99875596810472,131.8915047175872,133.67129516601562,63646600,0.0,0.0,128.75867881774903,132.80107447306315,138.57557309468586,-1.775416991582972,135.33099608482215,122.18636155067591,47.74767689823446,6.802840896847335,4.513920321547404
2023-01-18 00:00:00-05:00,134.53663801277594,136.2967583598761,132.77650266153844,132.95350646972656,69672800,0.0,0.0,128.79309730529786,132.38808415730793,138.44540723164877,-1.4145619638858022,135.44940530840637,122.13678930218936,47.23392382681812,18.121473817830502,2.267460462841084
2023-01-19 00:00:00-05:00,131.84235433638028,133.9761376268957,131.53753029546905,133.0124969482422,58280400,0.0,0.0,128.9356777191162,132.0157376607259,138.25274213155112,-1.1110146309208346,135.83314435915264,122.03821107907974,47.28214840628494,9.381352928285915,4.298656969295228
2023-01-20 00:00:00-05:00,133.02231973826562,135.71659745917918,131.98001240951498,135.569091796875,80223600,0.0,0.0,129.20953102111815,131.85054041544598,138.0670192718506,-0.6565866227989829,136.70895693124163,121.71010511099468,49.35722619205588,37.02886505206479,1.2409585619243786
2023-01-23 00:00:00-05:00,135.81492969380113,140.92815961902411,135.59860004292767,138.75503540039062,81760300,0.0,0.0,129.48780937194823,131.8561144510905,137.88711128234863,-0.03892146717751643,137.95911789319138,121.01650085070509,51.802891876979324,97.45887184036339,7.187525265564868
2023-01-24 00:00:00-05:00,137.96838472187488,140.77082749424633,137.95855701188813,140.15133666992188,66435100,0.0,0.0,129.99421424865722,131.8521812438965,137.77939491271974,0.5568336302911234,139.71851679125086,120.26991170606355,52.83555493249016,116.02199373701032,7.187525265531462
2023-01-25 00:00:00-05:00,138.53871015801215,140.05300275817604,136.49342112366645,139.49252319335938,65799300,0.0,0.0,130.4858699798584,131.84234848022462,137.73514289855956,0.9646927184363108,141.09312723257423,119.87861272714255,52.28872496184239,104.3195955639792,4.568435886887042
2023-01-26 00:00:00-05:00,140.78065564701856,141.8426334902846,139.53184628445516,141.55747985839844,54105100,0.0,0.0,131.1707462310791,131.82497736612956,137.54631309509278,1.4379726756650086,142.7851208172245,119.5563716449337,53.83784073378673,139.31166000020676,7.426688786275424
2023-01-27 00:00:00-05:00,140.77080718806803,144.77287517943125,140.69214050710963,143.49456787109375,70555800,0.0,0.0,132.14864807128907,131.8400530497233,137.4290355682373,1.946914447433386,144.47031859602876,119.82697754654939,55.247901806043615,172.1845925890201,11.896263572692176
2023-01-30 00:00:00-05:00,142.540806802597,143.12095684480488,140.4660194445421,140.61351013183594,64015300,0.0,0.0,132.8069751739502,131.83317031860352,137.30775311787923,2.0936429737791116,145.47306861846602,120.14088172943438,52.76792461292766,147.549998180438,11.466641921827414
2023-01-31 00:00:00-05:00,140.31849689379183,141.93112656571586,139.90550801485074,141.8819580078125,65874500,0.0,0.0,133.5129940032959,132.08850275675456,137.29956219991047,2.28592876687685,146.56327892459353,120.46270908199824,53.71421291488359,135.86238609047055,10.379897862656916
2023-02-01 00:00:00-05:00,141.56730384751015,144.16324461699494,138.961535368266,143.0029296875,77663600,0.0,0.0,134.51400451660157,132.44642918904623,137.41067644755046,2.499951801251825,147.23037568110274,121.7976333521004,54.54673695018617,133.26359605850735,13.840421854000834
2023-02-02 00:00:00-05:00,146.41502317640206,148.65697138188685,145.6972102432423,148.30299377441406,118339000,0.0,0.0,135.7165943145752,133.05116602579753,137.61454989115398,3.0619413217125384,148.88745955395524,122.54572907519514,58.222140648249585,182.14915439392365,20.253421940689
2023-02-03 00:00:00-05:00,145.5595602225663,154.75352622762708,145.3629009773319,151.9215850830078,154357300,0.0,0.0,137.1659957885742,133.7788180033366,137.86988360087076,3.756015137896213,150.78618890435888,123.54580267278955,60.47922163662536,191.4716082982547,27.796003235193606
2023-02-06 00:00:00-05:00,150.0238078121574,150.54496158543438,148.26367223482333,149.19781494140625,69858300,0.0,0.0,138.25304641723633,134.31242955525715,138.0703156789144,4.039720764489033,152.0792879912148,124.42680484325784,58.03767436894882,155.19671301293317,27.796003235030422
2023-02-07 00:00:00-05:00,148.12598902287087,152.63938353904294,148.12598902287087,152.06906127929688,83322600,0.0,0.0,139.45760345458984,135.04729029337565,138.39448076883951,4.445005840603017,153.70591595216527,125.2092909570144,59.8070969883585,151.83743897462173,30.222337168509434
2023-02-08 00:00:00-05:00,151.31189384284664,152.00020850727236,148.64711456554969,149.3845977783203,64120100,0.0,0.0,140.499422454834,135.7047966003418,138.47724266052245,4.497736309382475,154.4326559304871,126.56618897918088,57.46354420308144,129.03233109294482,30.22233716833779
2023-02-09 00:00:00-05:00,151.21355015828513,151.75437415824857,147.90962490884843,148.35211181640625,56007100,0.0,0.0,141.35391845703126,136.38786849975585,138.49641660054525,4.405429547967174,154.99500390418103,127.71283300988149,56.581387938231366,112.8591110781656,28.593985303500826
2023-02-10 00:00:00-05:00,147.19007494553122,149.04151212756338,146.95371454850684,148.71652221679688,57450700,0.23,0.0,142.2305694580078,137.2138682047526,138.5449359893799,4.311974885943982,155.36370541665312,129.0974334993625,56.82339690091123,96.33012778284402,26.473444619646823
2023-02-13 00:00:00-05:00,148.65744714640496,151.91717418893083,148.6279039729175,151.51341247558594,62199000,0.0,0.0,143.18069152832032,138.01608301798504,138.61122601826986,4.412729859294217,156.1008709974688,130.26051205917184,58.65320394587788,109.46164925788372,30.062498689850855
2023-02-14 00:00:00-05:00,149.8096612758476,151.43461079325414,148.56880303013764,150.87326049804688,61707600,0.0,0.0,144.04078979492186,138.78647232055664,138.68733329772948,4.390315166596338,156.58019333828446,131.50138625155927,58.07050617399309,100.04083496782158,29.927659165073486
2023-02-15 00:00:00-05:00,150.78461690781828,153.1383177826238,150.55811427879885,152.9709014892578,65573800,0.0,0.0,145.04165954589843,139.78607838948568,138.76677080790202,4.490054900486967,157.03866166250123,133.04465742929563,59.43652929648712,109.73345258374194,32.02907524541442
2023-02-16 00:00:00-05:00,151.17852906062296,153.95570692832584,151.02097051495025,151.37550354003906,68167900,0.0,0.0,145.95980987548828,140.6902219136556,138.8102771759033,4.389761637352649,156.8391975359769,135.08042221499966,57.951069135801184,102.88673153432858,33.025924234027634
2023-02-17 00:00:00-05:00,150.03617955770974,150.67630162569367,148.55896091432058,150.23313903808594,59144100,0.0,0.0,146.69301223754883,141.60020802815754,138.8884983062744,4.170029728617493,156.5526344811637,136.83338999393396,56.89774616037886,78.67654097892228,27.212652360919463
2023-02-21 00:00:00-05:00,147.9188545173904,149.00215442484804,146.15604651567105,146.2249755859375,58867200,0.0,0.0,147.06650924682617,142.22581380208334,138.86435356140137,3.6306138583132395,156.1991608818108,137.93385761184155,53.3763646664812,49.755772998640296,21.83695038523912
2023-02-22 00:00:00-05:00,146.60902132895072,147.67262055430007,144.9250004924314,146.64842224121094,51011300,0.0,0.0,147.39136352539063,142.8481638590495,138.83268038431802,3.2003992901671836,155.9312991456127,138.85142790516855,53.689601677026744,38.984591785089336,19.16810054285722
2023-02-23 00:00:00-05:00,147.810473815914,148.0566768897737,145.0037677901394,147.13095092773438,48394200,0.0,0.0,147.77328491210938,143.46758829752605,138.857559076945,2.865357124417386,155.46714759411955,140.0794222300992,54.05348919704411,38.01018114924956,19.735530629627153
2023-02-24 00:00:00-05:00,144.87577631301392,144.9545631210652,143.5068874555982,144.4818572998047,55469600,0.0,0.0,147.91950378417968,143.90824381510416,138.90203768412272,2.3588823504547065,155.21692074890515,140.6220868194542,51.74435562656201,7.977453581301679,16.439838936648826
2023-02-27 00:00:00-05:00,145.46664446890208,146.9044621404894,145.21058363066865,145.67344665527344,44998500,0.0,0.0,148.02844772338867,144.39124196370443,139.01636085510253,2.030245341085987,155.10956772623146,140.94732772054587,52.68489651387055,22.174495487384792,19.428344815076873
2023-02-28 00:00:00-05:00,144.81668575965537,146.81585399639758,144.60002580056587,145.1712188720703,50547000,0.0,0.0,148.2563331604004,144.81325022379556,139.00988858540853,1.7095657488625307,154.58620484985877,141.92646147094203,52.24094254715036,12.614217229097719,18.060622738760078
2023-03-01 00:00:00-05:00,144.60000744430354,144.9939263960711,142.8076416515582,143.10308837890625,55479000,0.0,0.0,148.31738967895507,145.1276433308919,138.96435890197753,1.2738597526645492,154.40738621074368,142.22739314716645,50.43065775623629,-18.51920450489724,14.092588392269603
2023-03-02 00:00:00-05:00,142.1872382713636,144.48185327566276,141.7145174362223,143.69400024414062,52238100,0.0,0.0,148.3519432067871,145.48565979003905,138.9368719736735,0.9651160041216826,154.32163226306662,142.38225415050758,50.933221865221064,-30.147169455642654,11.723525116752981
2023-03-03 00:00:00-05:00,145.79161175732688,148.8149928448926,145.0924034132026,148.7362060546875,70732300,0.0,0.0,148.37360382080078,146.00978342692056,139.01276054382325,1.1144515250035454,154.3456883291659,142.40151931243565,54.9637473836222,31.659740174545384,18.65030777771122
2023-03-06 00:00:00-05:00,151.4542972077173,153.92618602775224,151.1293223291666,151.4936981201172,87558000,0.0,0.0,148.35220947265626,146.5406036376953,139.19557202657063,1.4387228639623402,154.27362789392046,142.43079105139205,56.96372778051873,108.82774878462676,25.75875435389611
2023-03-07 00:00:00-05:00,151.3656586110283,151.69064849711955,148.83469862838186,149.2975616455078,56182000,0.0,0.0,148.35719680786133,146.89202117919922,139.37406781514485,1.5011955291154777,154.28178120314885,142.4326124125738,54.9531342973724,63.70258242300611,20.854271392901715
2023-03-08 00:00:00-05:00,150.48916195859897,151.13914166926784,149.52405013269365,150.54824829101562,47204800,0.0,0.0,148.28115615844726,147.23858489990235,139.5453830718994,1.632803582890034,154.04192093516994,142.52039138172458,55.870758325540045,69.03252343369464,20.854271392834193
2023-03-09 00:00:00-05:00,151.2277963802791,152.1929083670859,147.9483691410299,148.3029022216797,53833600,0.0,0.0,148.22707138061523,147.53226420084636,139.68730634053549,1.538191931935728,153.96448025074386,142.4896625104866,53.83411125230363,46.18952579078832,17.48722587966176
2023-03-10 00:00:00-05:00,147.92869544727571,148.64760438030467,145.3681768808884,146.24465942382812,68572400,0.0,0.0,148.12169876098633,147.68850351969402,139.7567404429118,1.2823464331322612,153.9264534700861,142.31694405188657,52.03537905722654,-20.508090761847306,12.192332857452216
2023-03-13 00:00:00-04:00,145.56511831219402,150.81417020284252,145.4567883472071,148.18472290039062,84457100,0.0,0.0,148.09510879516603,147.84484202067057,139.84244753519695,1.222046944358084,153.89325928846162,142.29695830187043,53.54876203684914,9.473393380624975,15.500326367579335
2023-03-14 00:00:00-04:00,148.98238986483992,151.07018694052056,147.820318670502,150.27249145507812,73695900,0.0,0.0,148.03306274414064,148.16680806477865,139.99998919169107,1.3274229339333772,153.70232073654233,142.36380475173894,55.12500061811045,45.46946686935348,15.887683477505636
2023-03-15 00:00:00-04:00,148.8937927615987,150.92250395033966,147.64307677577528,150.6664581298828,77167900,0.0,0.0,148.02272262573243,148.45962473551432,140.27406374613443,1.4262826840530067,153.67088430135436,142.3745609501105,55.42029976758484,41.934501681211536,15.508463168531671
2023-03-16 00:00:00-04:00,149.84907174243986,154.08376844517147,149.33696504123728,153.4830322265625,76161100,0.0,0.0,148.04832916259767,148.8089614868164,140.62769533793133,1.7121669440351184,153.79473512345618,142.30192320173916,57.489210997159425,114.40591778208181,20.31934728048108
2023-03-17 00:00:00-04:00,153.70953434482817,154.35951419092353,151.93686886777078,152.64593505859375,98944600,0.0,0.0,148.1118507385254,148.95372619628907,141.0024461110433,1.8498614825417121,154.038379904608,142.18532157244277,56.6804577992129,126.01311872307204,20.726643311161308
2023-03-20 00:00:00-04:00,152.71486085947325,155.4230948668754,151.80882025865256,155.00946044921875,73641400,0.0,0.0,148.35066680908204,149.05665537516276,141.41773668924967,2.12520411244671,154.9803337238414,141.7209998943227,58.39020875797158,149.95079855577734,22.311174259246258
2023-03-21 00:00:00-04:00,154.93069227015488,156.9790888157361,154.1625247817563,156.8609161376953,73938300,0.0,0.0,148.88246383666993,149.31209208170574,141.81226081848143,2.4644040157271263,156.4361163521383,141.32881132120156,59.679788223686515,185.32235168711836,24.592303415049475
2023-03-22 00:00:00-04:00,156.88062840402722,159.67749219321786,155.41325242402124,155.43295288085938,75701800,0.0,0.0,149.32169036865236,149.42422180175782,142.23575604756672,2.588162950621154,157.33593401725386,141.30744672005085,58.239669033400894,190.34220230465561,28.365717435416368
2023-03-23 00:00:00-04:00,156.41773262448348,159.09642316640492,155.2851895124044,156.51620483398438,67622100,0.0,0.0,149.79095306396485,149.6619420369466,142.6833693186442,2.742043605837324,158.34592736987975,141.23597875804995,59.01577951441715,173.58708848117647,28.051129578633685
2023-03-24 00:00:00-04:00,156.44731907052963,157.9048374069247,155.4526638252611,157.8162078857422,59196500,0.0,0.0,150.45767059326172,149.97741190592447,143.18264020284016,2.9350609597128425,159.34253652388676,141.57280466263668,59.94006889307833,156.9767219849897,28.05112957849751
2023-03-27 00:00:00-04:00,157.5108907515981,158.3282868109909,155.4723219600322,155.8760986328125,52390300,0.0,0.0,150.96780319213866,150.216064453125,143.7149663289388,2.8980708440287515,159.86765370225928,142.06795268201805,57.92332909035338,132.0855764116717,28.669703489418254
2023-03-28 00:00:00-04:00,155.57080817581272,156.08291480553032,153.61102618902072,155.2556610107422,45992200,0.0,0.0,151.47202529907227,150.34080607096354,144.17844454447427,2.7865699363159138,160.12845457346694,142.8155960246776,57.2856913919355,92.21111128375148,23.828800208541743
2023-03-29 00:00:00-04:00,156.9495011006279,158.60399325884137,156.9298156779046,158.3282470703125,51305700,0.0,0.0,152.23328323364257,150.58930562337238,144.68788897196453,2.9125624727879256,160.45794186883833,144.0086245984468,59.56601361341026,134.51310405772463,27.64317892733779
2023-03-30 00:00:00-04:00,159.07673846378026,160.0024644815908,158.82069266127598,159.89413452148438,49501700,0.0,0.0,153.04328994750978,150.82008005777996,145.3030792236328,3.1029970775499294,160.9100871538978,145.17649274112176,60.672878828718396,148.26399775058283,29.66433134323867
2023-03-31 00:00:00-04:00,159.972908545837,162.49402556851254,159.45095924162882,162.39553833007812,68749800,0.0,0.0,153.72625656127929,151.18741455078126,145.93881823221844,3.4163783728205033,162.35357641221955,145.09893671033902,62.37492775966314,160.36546936345917,33.108103105857914
2023-04-03 00:00:00-04:00,161.7751332479675,163.76444342844442,161.725889623748,163.64627075195312,56976200,0.0,0.0,154.3338851928711,151.6345189412435,146.61736348470052,3.7227454683208805,163.9538610148223,144.71390937091988,63.19877375089084,163.70484012052307,34.79216038935845
2023-04-04 00:00:00-04:00,164.0697406002056,164.3060859426903,162.6023648150906,163.11447143554688,46278300,0.0,0.0,155.02473068237305,152.19750213623047,147.2116579691569,3.8779294812267153,165.09576763786748,144.9536937268786,62.595907112496555,152.2359454827893,35.50826557199551
2023-04-05 00:00:00-04:00,162.23798454444034,162.54327395468036,159.3426339632527,161.27285766601562,51511700,0.0,0.0,155.56096115112305,152.6849833170573,147.76657358805338,3.8084101082276334,165.76954179731132,145.35238050493479,60.52748457611417,111.87240694536226,26.83638823810186
2023-04-06 00:00:00-04:00,159.96308282888376,162.45467221127325,159.53962067833683,162.1592254638672,45390100,0.0,0.0,156.25377731323243,153.18592580159506,148.32675704956054,3.7812500806840035,166.267237750634,146.24031687583087,61.166394611431656,107.57538115377585,26.836388237942987
2023-04-10 00:00:00-04:00,158.96843186504725,159.5691680908203,157.6487867222166,159.5691680908203,47716900,0.0,0.0,156.92000274658204,153.68883616129557,148.79853998819988,3.5102654244374207,165.84320550765702,147.99679998550707,58.31320590340154,70.8182931733415,21.99030552870878
2023-04-11 00:00:00-04:00,159.88432686993428,159.89416958590462,158.07226031922266,158.3578643798828,47644200,0.0,0.0,157.42865982055665,154.1116500854492,149.25144602457684,3.1613242675376796,165.35993757524568,149.4973820658676,57.026262513722344,64.5280200558365,22.516698757361798
2023-04-12 00:00:00-04:00,158.77147274218814,159.59871163720814,157.35334033527027,157.66848754882812,50133100,0.0,0.0,157.79845962524413,154.52822570800782,149.67073796590168,2.796917810309452,164.97900756149605,150.61791168899222,56.29480727591036,53.058620624683854,20.65366514560123
2023-04-13 00:00:00-04:00,159.1752417539843,163.28190788405584,158.96842452673738,163.04554748535156,68445600,0.0,0.0,158.41741409301758,155.19297434488934,150.16030883789062,2.9084797226845183,165.12821715385166,151.7066110321835,60.39388831089322,98.32266139847522,26.57143416958198
2023-04-14 00:00:00-04:00,162.09028798128088,163.79402444901268,161.3319931654023,162.7008819580078,49386500,0.0,0.0,158.87830657958983,155.8265370686849,150.65609842936198,2.935246025381929,165.4263830997196,152.33023005946006,60.020612271447106,106.42907794632082,27.35077840253932
2023-04-17 00:00:00-04:00,162.58269264644778,162.87813940299813,161.53879379674336,162.72056579589844,41516200,0.0,0.0,159.38203811645508,156.2926823933919,151.15123291015624,2.9243368988896066,165.44335282400718,153.32072340890298,60.03520544995021,98.39168411201612,27.350778402460783
2023-04-18 00:00:00-04:00,163.5773508935462,164.8674527745674,163.13417327770642,163.9417266845703,49923000,0.0,0.0,159.82865142822266,156.7076166788737,151.6241101582845,2.9798786296641424,165.84957724094878,153.80772561549654,60.94999503784215,116.12078521766887,30.420686073600013
2023-04-19 00:00:00-04:00,163.28194323734553,165.6061017331643,163.02588232654637,165.0841522216797,47720200,0.0,0.0,160.23981323242188,157.23383636474608,152.06292877197265,3.080569160955889,166.52474268480677,153.954883780037,61.79630083873634,118.66606026598554,31.532008507756984
2023-04-20 00:00:00-04:00,163.56751067945328,165.3204757933169,163.04556123695718,164.11900329589844,52456400,0.0,0.0,160.67411575317382,157.68619486490886,152.4623898824056,3.0473596154844813,166.7576819176851,154.59054958866255,60.64759327332922,105.37317233798979,31.532008507596526
2023-04-21 00:00:00-04:00,162.54333712378204,163.9220688758568,161.9918444229521,162.5137939453125,58337300,0.0,0.0,160.97399520874023,158.1598912556966,152.8460777282715,2.8585621075557412,166.77951129626172,155.16847912121875,58.76806442576945,79.80212569246325,28.40116586486995
2023-04-24 00:00:00-04:00,162.49405610505224,163.0849495926161,161.40091367199096,162.8190460205078,41949600,0.0,0.0,161.22413711547853,158.71237080891927,153.20043716430663,2.702418218652184,166.88611098000615,155.5621632509509,59.01791461318328,69.86003437792506,26.652211398617982
2023-04-25 00:00:00-04:00,162.68116189989732,163.78414697340926,161.24332919160244,161.28273010253906,48714100,0.0,0.0,161.49446868896484,159.1489710489909,153.49690653483074,2.426731358178614,166.5669037428596,156.42203363507008,57.21288243893106,60.21033495816086,27.855035219978305
2023-04-26 00:00:00-04:00,160.58349205788602,162.76977657727082,160.32744626830737,161.27285766601562,45498800,0.0,0.0,161.79532852172852,159.5156499226888,153.84122899373372,2.182294776168362,165.93834153557137,157.65231550788567,57.201252599907235,43.63131896782775,25.075634683382468
2023-04-27 00:00:00-04:00,162.68118215487013,165.99999552987848,162.68118215487013,165.85227966308594,64902300,0.0,0.0,162.1715301513672,160.02184397379557,154.24073435465496,2.331225194289374,166.35518985388885,157.98787044884554,61.00489389702395,108.59323465838997,30.581478839415805
2023-04-28 00:00:00-04:00,165.93105213681218,167.27039764589344,165.33031595199537,167.10296630859375,55275900,0.0,0.0,162.53197174072267,160.47584177652996,154.64240163167318,2.5211117762846413,167.11278893596182,157.95115454548352,61.96003966183736,139.59378544074826,32.59666301442453
2023-05-01 00:00:00-04:00,166.70902333840385,167.86125191507637,166.07874407354768,167.01431274414062,52472900,0.0,0.0,162.76291046142578,160.9547876993815,154.9542569478353,2.634080617136135,167.76142755263817,157.76439337021338,61.8489527626157,143.97141555828424,33.52511491146788
2023-05-02 00:00:00-04:00,167.50673256610264,167.76279339985444,164.99545801480568,165.9802703857422,48425700,0.0,0.0,162.87961044311524,161.3204813639323,155.18856836954754,2.6100832459978562,168.07025534865375,157.68896553757673,60.53930657187606,123.5191020589526,30.125524954220765
2023-05-03 00:00:00-04:00,166.9256982160475,168.32412999077732,164.62124085601573,164.90682983398438,65136000,0.0,0.0,162.9692283630371,161.58867848714192,155.45038528442382,2.4759067631025857,168.23824615594978,157.70021057012443,59.193269905790736,111.82536693016559,31.066327425628348
2023-05-04 00:00:00-04:00,162.38573893481126,164.50307988258416,161.81454585901537,163.27206420898438,81235400,0.0,0.0,163.06918869018554,161.84998219807943,155.63710199991863,2.212158622508241,168.2782152696703,157.86016211070077,57.1899962839149,39.188652723741775,22.53282231495103
2023-05-05 00:00:00-04:00,168.3832383689214,171.65282310766082,168.1665784150509,170.9339141845703,113453200,0.0,0.0,163.5079231262207,162.33057250976563,155.99625727335612,2.5915102639980603,169.76659989866124,157.24924635378017,63.224337330027666,208.09509356103166,33.87776549789308
2023-05-08 00:00:00-04:00,169.86043164324718,171.20963479482143,169.49605587870553,170.8649444580078,55962800,0.0,0.0,164.07271194458008,162.76553039550782,156.37147115071613,2.8536883494965366,170.8518542507481,157.29356963841207,63.14145779462562,197.81311379661028,33.87776549777006
2023-05-09 00:00:00-04:00,170.42178299192224,170.90433143409618,168.9938080662103,169.16122436523438,45326900,0.0,0.0,164.61287994384764,163.20836791992187,156.71221618652345,2.8906685703410915,171.19343352883678,158.0323263588585,61.094868244682814,162.9470451974998,32.419918222810175
2023-05-10 00:00:00-04:00,170.39220401753116,171.38685888873536,169.2892041806763,170.9239959716797,53724500,0.0,0.0,165.27565536499023,163.73064575195312,157.03572591145834,3.027319543079983,171.57540775204862,158.97590297793184,62.39933417617537,167.66780155721366,33.14347827928817
2023-05-11 00:00:00-04:00,171.2096322648924,171.9383837832071,169.55513971049686,171.11114501953125,49514700,0.0,0.0,165.6789352416992,164.15674235026043,157.3730239868164,3.11481217177149,172.39638378350259,158.96148669989583,62.53728994757755,158.797911440652,33.979278507642725
2023-05-12 00:00:00-04:00,171.21964497087455,171.65356424240227,168.63587209674515,170.18417358398438,45533100,0.24,0.0,166.05309982299804,164.49974365234374,157.65991185506184,3.073917653275089,172.90442215888032,159.20177748711575,61.38331426093255,129.0067047665214,31.15222220702169
2023-05-15 00:00:00-04:00,170.76598190315437,170.81529363826058,169.09934457223466,169.69105529785156,37266700,0.0,0.0,166.4016242980957,164.74292755126953,157.96517105102538,2.9675103164906886,173.24832900087685,159.55491959531454,60.76625329609125,111.58998137558748,31.152222206894745
2023-05-16 00:00:00-04:00,169.6121595312474,170.74625419954612,169.42478396654107,169.69105529785156,42110300,0.0,0.0,166.68909072875977,164.94442036946614,158.28946965535482,2.8503249635514294,173.583543207637,159.79463824988252,60.76625329609124,103.35116751531147,31.152222206793628
2023-05-17 00:00:00-04:00,169.3360281894031,170.53914722242257,168.06385467134209,170.30247497558594,57951600,0.0,0.0,166.95000686645508,165.18402048746745,158.69076131184895,2.77480496088495,173.98231096827303,159.91770276463714,61.28269074322848,88.93710802002934,26.76822171552314
2023-05-18 00:00:00-04:00,170.60820660461047,172.81724313624747,170.19401507639674,172.62986755371094,65496700,0.0,0.0,167.37555007934571,165.56258748372395,159.12378540039063,2.869676105074916,174.7100780173215,160.04102214136992,63.190652021146875,121.42246754330068,30.7751944230773
2023-05-19 00:00:00-04:00,173.9513327998332,173.9513327998332,172.5213826746833,172.73834228515625,55809500,0.0,0.0,167.88677749633788,165.91522471110025,159.55057525634766,2.9199557424322222,175.2198098043578,160.55374518831798,63.27790375157928,131.99886296934878,32.67237531096239
2023-05-22 00:00:00-04:00,171.57466634347682,172.2945846931845,171.0519949677244,171.7916259765625,43570900,0.0,0.0,168.3354064941406,166.32263997395833,160.00573806762696,2.85055124289633,175.45785511557628,161.21295787270495,61.95207834660631,100.70750194621289,27.971564817306017
2023-05-23 00:00:00-04:00,170.73645787700843,170.9830015913585,168.91202837168436,169.1881561279297,50747300,0.0,0.0,168.73067779541014,166.68364969889322,160.39764989217122,2.5560053793474253,175.0356666781556,162.4256889126647,58.467087332211854,59.01803136371779,21.486503019302617
2023-05-24 00:00:00-04:00,168.7246024757336,170.03621645106807,168.16249079935005,169.4642333984375,45143500,0.0,0.0,169.14024658203124,167.07684122721355,160.8025334676107,2.3181308197487738,174.3795774709235,163.90091569313898,58.72181011093664,45.47742487106455,19.29603796497352
2023-05-25 00:00:00-04:00,170.02637505144455,171.49576564962197,169.31632809947834,170.59835815429688,56058300,0.0,0.0,169.3775505065918,167.32860158284504,161.2607879638672,2.1958159080548683,174.41591685879968,164.33918415438393,59.770326768707804,66.01523784497523,22.124546380117067
2023-05-26 00:00:00-04:00,170.92377905521317,173.3399036765556,170.7166757800904,173.0045928955078,54835000,0.0,0.0,169.6726318359375,167.67205861409505,161.74929784138996,2.266911943399208,174.8397268564888,164.5055368153862,61.89474482242052,98.2894630769314,25.535755527749906
2023-05-30 00:00:00-04:00,174.51345913931758,176.51539231960112,174.12885165758402,174.8487548828125,55964400,0.0,0.0,170.0643539428711,168.07633158365886,162.18450698852538,2.443892848215796,175.56031039409953,164.56839749164266,63.42600913301387,146.43514522270377,30.925473864943804
2023-05-31 00:00:00-04:00,174.87836477742368,176.8704419237823,174.31623796446905,174.79946899414062,99625300,0.0,0.0,170.50531387329102,168.4382563273112,162.57293650309245,2.550770832685572,176.03664026001024,164.9739874865718,63.35562136023244,140.59337026809408,31.498952471002198
2023-06-01 00:00:00-04:00,175.24321733975688,177.62975798334406,174.4838587106697,177.6001739501953,68901800,0.0,0.0,171.13998107910157,168.85545705159504,163.04464670817057,2.828856590998896,176.87568517138877,165.40427698681438,65.59980681957191,155.82934114405305,32.73446936623979
2023-06-02 00:00:00-04:00,178.52718373632618,179.2668146743205,176.78165050926717,178.4482879638672,61996900,0.0,0.0,171.8987922668457,169.33309987386068,163.50964736938477,3.0821481851726276,177.25471917737164,166.54286535631977,66.24735096603794,178.14035752227736,35.335709139306985
2023-06-05 00:00:00-04:00,180.1050954524954,182.39301299737724,175.57854201305094,177.09725952148438,121946500,0.0,0.0,172.20695953369142,169.8192153930664,163.98955332438152,3.137697470843193,178.0189617773891,166.39495728999373,64.25418514871333,174.93478310952858,39.92511852260893
2023-06-06 00:00:00-04:00,177.4818328127375,177.62975297431,174.97694105936182,176.7323455810547,64848400,0.0,0.0,172.50032958984374,170.28299204508463,164.49768142700196,3.1163518108545816,178.61173054045574,166.38892863923175,63.71852437703547,129.08228067196532,37.97567766983024
2023-06-07 00:00:00-04:00,175.9730110061888,178.70471906299082,174.86850018805862,175.36158752441406,61944600,0.0,0.0,172.81034774780272,170.75228729248047,164.95062917073568,2.9547658013781586,178.83702092631353,166.78367456929192,61.71911501309456,117.45989898749923,39.532873439729805
2023-06-08 00:00:00-04:00,175.44047811466783,178.33983422301452,175.00657387447097,178.07357788085938,50214900,0.0,0.0,173.1678268432617,171.31231129964192,165.41398061116536,3.010835642315328,179.56044088627948,166.77521280024393,64.02924369315478,123.87897155697027,39.53287343941143
2023-06-09 00:00:00-04:00,178.99068805786467,179.71059129506313,178.13272098000036,178.45816040039062,48900000,0.0,0.0,173.5351776123047,171.73250732421874,165.87717564900717,3.051132435008583,180.26562610303827,166.8047291215711,64.34488994747412,143.77977051292157,41.53588212942692
2023-06-12 00:00:00-04:00,178.76385922591572,181.3476316497168,178.46800386072707,181.24900817871097,54274900,0.0,0.0,174.08841934204102,172.20404205322265,166.3399419148763,3.2705649878392933,181.4486592693297,166.72817941475233,66.54850851418466,157.29764954959919,43.8344415266878
2023-06-13 00:00:00-04:00,180.27273686584888,181.60406367252176,179.91771337450308,180.7756805419922,54929100,0.0,0.0,174.64265060424805,172.66275431315105,166.80877100626628,3.3674553532209472,182.2730825016407,167.0122187068554,65.8346402445661,148.1214374933742,44.19000280574794
2023-06-14 00:00:00-04:00,180.8348467124019,181.84074910193183,179.50351991974284,181.4068298339844,57462900,0.0,0.0,175.2284393310547,173.17697296142578,167.24872716267905,3.455339140237612,183.05463606675747,167.4022425953519,66.33281311753208,137.04654336386267,42.68074312058081
2023-06-15 00:00:00-04:00,181.4167083517838,183.9413132306641,181.23918907707676,183.4383544921875,65433200,0.0,0.0,175.88523330688477,173.79469045003256,167.69168446858723,3.646875821999231,184.16258927274043,167.6078773410291,67.89173437700178,154.87574143622527,45.66453272942331
2023-06-16 00:00:00-04:00,184.14839232814637,184.4048073735327,181.7224110612984,182.36341857910156,101256200,0.0,0.0,176.3719108581543,174.43106892903646,168.14052556355793,3.669630461970854,184.98129167747112,167.7625300388375,66.21351879287354,143.15318244370758,46.302579669781444
2023-06-20 00:00:00-04:00,181.86043752572817,183.52707478677848,181.86043752572817,182.45213317871097,49799100,0.0,0.0,176.85760040283202,174.81500956217448,168.57279103597006,3.65271596890355,185.69681002638913,168.0183907792749,66.28467192418128,128.02615962399466,46.302579669579174
2023-06-21 00:00:00-04:00,182.34369383727915,182.84665255889604,180.06563271508736,181.4167022705078,49515700,0.0,0.0,177.3388542175293,175.16673482259114,168.96613260904948,3.515239003379861,186.06406795851117,168.61364047654743,64.64102484573755,101.62353046210522,39.5135888223279
2023-06-22 00:00:00-04:00,181.19974867789384,184.4639845971855,181.13070922445527,184.4146728515625,51245300,0.0,0.0,178.10018005371094,175.67518310546876,169.4417755126953,3.6066237747103287,186.48130452091092,169.71905558651096,67.08563934595327,122.48179796366269,42.02157353689587
2023-06-23 00:00:00-04:00,182.98470820219737,184.96691381940127,182.45216546765664,184.0990753173828,53117000,0.0,0.0,178.8319221496582,176.11435241699218,169.92249908447266,3.6119445327160804,186.56910053772933,171.09474376158707,66.58432262332877,121.16034072007916,42.78472370631235
2023-06-26 00:00:00-04:00,184.2470177435845,185.45015206010265,182.66913223239737,182.7085876464844,48088700,0.0,0.0,179.43743362426758,176.5009338378906,170.3288380940755,3.464029363301705,186.3085438706139,172.56632337792126,64.3911852007605,110.17946129291569,43.52362776700176
2023-06-27 00:00:00-04:00,183.32000947784528,185.78544616190248,183.10304984582177,185.4600067138672,50730800,0.0,0.0,180.06020431518556,177.0101282755534,170.75493596394855,3.5281517132862064,186.7312859948805,173.38912263549062,66.64038359481513,119.0956001703663,44.04233643153885
2023-06-28 00:00:00-04:00,185.33178721386028,187.274552399172,185.00636283468697,186.633544921875,51216800,0.0,0.0,180.64944381713866,177.5748779296875,171.1589027404785,3.6317987480919385,187.4626872510099,173.83620038326742,67.54490100809252,131.9513116229816,46.307969449510516
2023-06-29 00:00:00-04:00,186.46591313429835,187.44223149955704,186.3278492789131,186.96885681152344,46347300,0.0,0.0,181.2579132080078,178.1508046468099,171.54761250813803,3.698364196779579,188.04496642633686,174.47085998967876,67.8029410258148,131.7954632271266,46.560011415303535
2023-06-30 00:00:00-04:00,188.98063939826477,191.79122791985353,188.6157445714927,191.2882843017578,85213200,0.0,0.0,181.94231872558595,178.85033162434897,172.0171760559082,4.052939727630132,189.84522297050108,174.0394144806708,70.88744245985016,171.53518452696983,52.537845417573806
2023-07-03 00:00:00-04:00,191.1009064221508,191.19952989799955,189.10882958307744,189.79916381835935,31458200,0.0,0.0,182.50986251831054,179.42264149983723,172.49261449178059,4.165763484149295,190.9671253374278,174.05259969919328,68.54550830106162,150.3253007443585,52.53784541726914
2023-07-05 00:00:00-04:00,188.9214865295673,190.31198136153697,187.98460856583768,188.6847991943359,46920300,0.0,0.0,183.08923950195313,179.95419006347657,172.9347073872884,4.117789893361589,191.5728480480773,174.60563095582896,66.83613300200383,126.1646628314466,47.959285689820526
2023-07-06 00:00:00-04:00,187.2153769807983,189.36524537083605,186.5842258571581,189.15814208984375,45094300,0.0,0.0,183.71052932739258,180.53307393391927,173.4278569539388,4.071036913401912,192.05276963843676,175.3682890163484,67.19560270173191,111.19858715667307,42.449551361013434
2023-07-07 00:00:00-04:00,188.76369580404943,190.0062704618662,187.60987325439865,188.0437774658203,46815000,0.0,0.0,184.3446388244629,181.1615946451823,173.92262217203776,3.8991183190566687,191.9062724101293,176.78300523879648,65.46739128296721,108.22239210224396,43.44678580728648
2023-07-10 00:00:00-04:00,186.6433878022031,187.36330604998784,184.4540791221688,186.00238037109375,59922200,0.0,0.0,184.7410789489746,181.7128662109375,174.3948537190755,3.557143374972611,191.727916845733,177.7542410522162,62.42484681464342,66.19800393097978,31.814412075079037
2023-07-11 00:00:00-04:00,186.5447914459214,186.68285528837708,184.02018687082855,185.4797210693359,46638100,0.0,0.0,185.09215698242187,182.2089116414388,174.7687566121419,3.2069834217753908,191.42471203359156,178.75960193125218,61.665796279247814,53.68995869544407,30.311420687491736
2023-07-12 00:00:00-04:00,187.05759515232103,189.04967210294507,185.86433228601203,187.1463623046875,60750200,0.0,0.0,185.38702468872071,182.68030395507813,175.1761812845866,3.0290461960588573,191.5119003094669,179.26214906797452,63.14411064330017,81.8139449225123,34.52430670459895
2023-07-13 00:00:00-04:00,187.86627557643092,188.54673850979384,187.15622860664624,187.9057159423828,41342300,0.0,0.0,185.74352645874023,183.11553599039715,175.595933787028,2.915692862723205,191.56055087544965,179.92650204203082,63.80205546371416,85.7659470753655,34.5243067044712
2023-07-14 00:00:00-04:00,187.6000029338883,188.53686585918993,187.00830716161784,188.05364990234375,41616200,0.0,0.0,186.07586746215821,183.55734202067057,175.9977991739909,2.8054570016426226,191.60188523296,180.54984969135643,63.93181935928946,80.79670235704283,33.98258099587266
2023-07-17 00:00:00-04:00,189.2468975888844,191.63345333608896,189.15814548736353,191.3080139160156,50520200,0.0,0.0,186.4693504333496,184.01427001953124,176.43486353556315,2.94672623975967,192.31603098128772,180.62266988541148,66.65236784184216,123.72342425553913,39.27799877340991
2023-07-18 00:00:00-04:00,190.6768691009351,191.64331601668744,189.75971887799713,191.05160522460935,48288200,0.0,0.0,186.903759765625,184.43438059488932,176.883740234375,3.0033720863800966,192.7569928265602,181.05052670468982,66.24510396611268,116.95876202513237,39.29404259662128
2023-07-19 00:00:00-04:00,190.4303150490968,195.48938034906212,189.9865244553515,192.4026641845703,80507300,0.0,0.0,187.40128631591796,184.9445607503255,177.38188807169595,3.1213030560496406,193.35208315218804,181.45048947964787,67.33311390400371,139.2163600565542,45.141299131273975
2023-07-20 00:00:00-04:00,192.39277822300156,193.7537038386121,189.83858989767532,190.4598846435547,59581200,0.0,0.0,187.85344543457032,185.4021453857422,177.84256871541342,3.023149145184931,193.2368065319519,182.47008433718872,64.25235566594344,110.41758910706581,44.58714971266555
2023-07-21 00:00:00-04:00,191.41651794617297,192.2744851317762,188.58618628535973,189.286376953125,71951700,0.0,0.0,188.09703063964844,185.86630503336588,178.30929616292318,2.8181829417644906,193.26167155882936,182.9323897204675,62.46643838645096,82.2819304131162,39.90894431101109
2023-07-24 00:00:00-04:00,190.73602285584008,192.21528467718613,189.5920567691867,190.08514404296875,45377800,0.0,0.0,188.39633407592774,186.26669057210287,178.78950093587238,2.6892001520435542,193.27111336638376,183.52155478547172,63.186934671662314,89.10660900921884,39.9089443106987
2023-07-25 00:00:00-04:00,190.6571617022808,191.7518162507371,190.25282645288885,190.94314575195312,37283200,0.0,0.0,188.80806198120118,186.68285675048827,179.20768203735352,2.625943685006888,193.0038465895535,184.61227737284887,63.95577977003103,91.37610850072166,39.908944310514784
2023-07-26 00:00:00-04:00,190.99243214213985,192.9351972994816,190.64728006234532,191.8109588623047,47471900,0.0,0.0,189.12560958862304,187.03492177327473,179.6194819132487,2.615685747442029,193.21444100640238,185.0367781708437,64.72658679680796,103.09949614079484,41.876168664360925
2023-07-27 00:00:00-04:00,193.3099676892758,194.4736466049838,189.88794029801272,190.54867553710935,47460200,0.0,0.0,189.32136611938478,187.36068827311198,180.0117212931315,2.47714555107288,193.28066946661548,185.36206277215408,62.7087228469776,94.93441192890995,44.3273086349436
2023-07-28 00:00:00-04:00,191.97860770429688,193.9115165426313,191.4559363697747,193.12257385253903,48291400,0.0,0.0,189.62905197143556,187.75121307373047,180.46409301757814,2.545698304993749,193.77082537101842,185.4872785718527,65.00971159414811,115.9522482512381,44.327308634520904
2023-07-31 00:00:00-04:00,193.34940127389015,193.77346420221568,192.56045853696887,193.7340087890625,38824100,0.0,0.0,189.75133819580077,188.09440155029296,180.94454600016277,2.619172357218588,194.23009278959472,185.27258360200682,65.5323496591302,120.56423848663404,44.32730863436316
2023-08-01 00:00:00-04:00,193.52691923606864,194.0101351852124,192.5801849485631,192.90562438964844,35175100,0.0,0.0,189.90666122436522,188.44580841064453,181.4384386698405,2.5808074334275943,194.60259747690867,185.21072497182178,64.18860615312602,110.0699680464691,44.72429878650521
2023-08-02 00:00:00-04:00,192.3434921357412,192.48155598125388,189.19760772385695,189.91751098632812,50389300,0.0,0.0,189.96829681396486,188.6946543375651,181.75483194986978,2.2829705130025104,194.6289343148941,185.3076593130356,59.626275650936144,44.68029167765524,30.92129025438314
2023-08-03 00:00:00-04:00,188.92147165885288,189.7103992851957,188.05363321247987,188.52699279785156,61235200,0.0,0.0,189.93673934936524,188.9316640218099,182.04919942220053,1.912681212585852,194.62891454273338,185.2445641559971,57.6535894604879,-5.511658240537736,26.69382887828593
2023-08-04 00:00:00-04:00,182.95511789971007,184.78940327661547,179.40488328381886,179.4739227294922,115956800,0.0,0.0,189.50824661254882,188.76697235107423,182.2210777282715,0.8785893482582594,196.10638860992688,182.91010461517075,47.147888528389714,-203.244731634114,1.149553361878649
2023-08-07 00:00:00-04:00,179.6119861039443,180.59816071157977,174.89807268327343,176.37733459472656,97576100,0.0,0.0,189.02699432373046,188.50958099365235,182.31196670532228,-0.1886302752647282,197.76036886463157,180.29361978282935,44.29203989472896,-275.49056044234834,8.766352406736553
2023-08-08 00:00:00-04:00,177.20569866966517,177.77768168655695,175.1248698685598,177.31417846679688,67823000,0.0,0.0,188.61871719360352,188.32976735432942,182.41535059611002,-0.9478873890817852,198.708464987622,178.52896939958504,45.32847275750598,-258.3187683558805,8.766352406684225
2023-08-09 00:00:00-04:00,178.3693964131728,178.42856448196,174.56276182695083,175.72645568847656,60378500,0.0,0.0,188.04772186279297,188.00531565348308,182.50772196451823,-1.6586007638291846,199.66518752119114,176.4302562043948,43.89666038237998,-235.3698185105018,7.1430021599265725
2023-08-10 00:00:00-04:00,176.99860916334498,178.25105509162734,175.14461118800062,175.50949096679688,54686900,0.0,0.0,187.42791061401368,187.63451385498047,182.60469589233398,-2.2138337758156297,200.32907264390278,174.5267485841246,43.701519051260284,-201.98909392568916,7.143002159873946
2023-08-11 00:00:00-04:00,175.10461152163393,176.38835756307438,174.34422750725284,175.5687255859375,52036700,0.24,0.0,186.80366439819335,187.25450948079427,182.7026570638021,-2.6188912511919398,200.74372379767988,172.86360499870682,43.772114916363414,-184.51380855858847,8.931659044730234
2023-08-14 00:00:00-04:00,175.74649049543365,177.44500246999712,175.09473274674426,177.21788024902344,43675600,0.0,0.0,186.09915771484376,186.7854960123698,182.8179138183594,-2.774842562181391,200.49737738643285,171.70093804325467,45.732021080681506,-145.01879900650397,6.139478821233464
2023-08-15 00:00:00-04:00,176.6451282666605,177.2376229940336,174.8379899652799,175.2329864501953,43622600,0.0,0.0,185.30822677612304,186.29995676676432,182.86129913330078,-3.0237436067414194,200.28717321330623,170.32928033893984,43.82983705155221,-137.3982890191561,6.74034198731534
2023-08-16 00:00:00-04:00,174.9169842350172,176.30935657463468,174.29485048513217,174.36398315429688,46964900,0.0,0.0,184.4062927246094,185.82259623209634,182.88839314778645,-3.2536151312775985,199.7543781419397,169.05820730727908,43.01942820147136,-130.73197087357568,8.028830984650215
2023-08-17 00:00:00-04:00,174.9268647491592,175.29223725703497,171.31258808782235,171.8260955810547,66062900,0.0,0.0,183.47460327148437,185.24486134847004,182.88896764119465,-3.5990882388933017,199.52178488139697,167.42742166157177,40.74345876595284,-138.23465508713903,14.72128335542917
2023-08-18 00:00:00-04:00,170.14734105941557,172.91236175457905,169.81159252872837,172.3099822998047,61172200,0.0,0.0,182.62578353881835,184.72040150960285,182.94099807739258,-3.7901421520379017,199.16692413492373,166.08464294271297,41.35542047452809,-133.50058350763226,17.83429662020693
2023-08-21 00:00:00-04:00,172.88274314562352,173.92949746098708,171.56935789788312,173.6431121826172,46311900,0.0,0.0,181.80368194580078,184.3084259033203,183.0106460571289,-3.7902892198096083,198.41802979098307,165.18933410061848,43.0321754489647,-108.07667068310577,14.894202852705293
2023-08-22 00:00:00-04:00,174.8478727981476,175.46012191641384,174.04799506153495,175.0157470703125,42038900,0.0,0.0,181.00731201171874,183.95962677001953,183.08426920572916,-3.6377123249449426,197.30090644437257,164.7137175790649,44.71581253653199,-83.84072438005792,10.598333594347315
2023-08-23 00:00:00-04:00,176.28962468028294,179.28176749229362,176.1019960768648,178.8571319580078,52722800,0.0,0.0,180.3596206665039,183.68331909179688,183.1818115234375,-3.170281349893571,195.855292049951,164.8639492830568,49.07315475357531,-51.16021218795061,0.8581129737142815
2023-08-24 00:00:00-04:00,178.41275636104422,178.83739189345877,173.81097351698816,174.17636108398438,54945800,0.0,0.0,179.54100494384767,183.22567392985027,183.1706049601237,-3.1413267656598123,194.49048778013383,164.5915221075615,44.638283272280354,-68.12121166647366,5.992458820097642
2023-08-25 00:00:00-04:00,175.16388093182096,176.91175631972774,173.62337343895007,176.37850952148438,51449600,0.0,0.0,178.70380172729492,182.8365025838216,183.1969223022461,-2.907172993645787,192.26137956447184,165.146223890118,46.9706962508028,-63.61000813904473,6.403056518487696
2023-08-28 00:00:00-04:00,177.8400250704037,178.33377827348758,176.3192718348921,177.93878173828125,43820700,0.0,0.0,177.91404037475587,182.39086151123047,183.20256576538085,-2.566122847353057,189.47888070393753,166.3492000455742,48.559173080369206,-44.340089525843865,2.879515977452371
2023-08-29 00:00:00-04:00,177.45488030453177,182.5899100858624,177.2573820568172,181.8196563720703,53003900,0.0,0.0,177.35974197387696,182.0831298828125,183.2587552388509,-1.9600893106977821,186.75909902843992,167.960384919314,52.240286253232114,-15.511082573108514,6.6879100064484245
2023-08-30 00:00:00-04:00,182.62942352828824,185.50307057198083,182.4319252754348,185.30555725097656,60813900,0.0,0.0,177.12914428710937,181.8465596516927,183.39556020100912,-1.1848619476425881,185.3884611815196,168.86982739269914,55.218002861372184,22.9047993955536,12.452675869502205
2023-08-31 00:00:00-04:00,185.49317264844964,186.75717945843076,185.1376697913831,185.52279663085935,60794500,0.0,0.0,176.97893447875975,181.68199005126954,183.54206771850585,-0.54665774460139,184.43573904603855,169.52212991148096,55.39728199716383,39.07754593306524,14.796869068381538
2023-09-01 00:00:00-04:00,187.1225652663115,187.54718572230075,185.92767607044595,187.0929412841797,45766500,0.0,0.0,177.35988540649413,181.60887552897137,183.73759028116862,0.08484321581943277,186.032702993782,168.68706781920625,56.69357446704559,51.352121855566175,16.258076934180757
2023-09-05 00:00:00-04:00,185.9276685232417,187.60642607121576,185.26604116890505,187.32992553710935,45280000,0.0,0.0,177.9075149536133,181.51703491210938,183.89186274210613,0.597546778025901,187.63780098799907,168.1772289192275,56.88920237608418,52.66003508255046,14.555975939595536
2023-09-06 00:00:00-04:00,186.0461707664675,186.49056063180015,179.2027597126584,180.6247711181641,81755800,0.0,0.0,178.07304458618165,181.17308909098307,183.92797292073567,0.4575438400322014,187.87321801825726,168.27287115410604,50.245796843089195,8.929926521521542,0.5940010717404622
2023-09-07 00:00:00-04:00,172.99135904079122,175.98351721110967,171.3718491931888,175.3416290283203,112488800,0.0,0.0,178.05380325317384,180.62411142985027,183.8295166015625,-0.07880647855472489,187.8748643340839,168.23274217226378,45.87882887425523,-72.50789147716155,13.492709783483948
2023-09-08 00:00:00-04:00,176.12176201867752,177.98814840122637,175.56874581023814,175.95387268066406,65551300,0.0,0.0,178.07602233886718,180.1376180013021,183.74915313720703,-0.4492859356247152,187.87483218313383,168.27721249460052,46.43691484963917,-43.83010414972665,9.434475121850664
2023-09-11 00:00:00-04:00,177.82027676778657,178.0473990105972,175.12437356668377,177.119140625,58953100,0.0,0.0,178.1535430908203,179.6041702270508,183.6776916503906,-0.6414717034604678,187.89318643776366,168.41389974387695,47.50276251658116,-37.36754537791212,10.1710572483885
2023-09-12 00:00:00-04:00,177.24749835360407,177.87950173703112,172.6358460753217,174.09735107421875,90370200,0.0,0.0,177.99751663208008,178.94961496988932,183.52200826009116,-1.0257888167449778,187.89890880535134,168.09612445880882,45.095494839878846,-59.69833708195917,14.21307435914958
2023-09-13 00:00:00-04:00,174.30473020059844,175.08486860955094,171.8063404869434,172.03347778320312,84267900,0.0,0.0,177.83754119873046,178.25387674967448,183.3498425801595,-1.4798415319435492,188.02622152835127,167.64886086910965,43.53665100824924,-87.32292298900973,15.523813563866076
2023-09-14 00:00:00-04:00,171.82610607332606,173.89987544974738,171.41135521167203,173.54437255859375,60895800,0.0,0.0,177.79656066894532,177.70810546875,183.20137990315754,-1.6981893292110328,188.05045169922857,167.54266963866206,44.97706602975737,-88.49286084193764,16.154855107447684
2023-09-15 00:00:00-04:00,174.27510652680778,174.29486087176767,171.6483512368518,172.82347106933594,109259500,0.0,0.0,177.84642944335937,177.18465474446614,183.05815938313802,-1.9074147669060153,187.9871370372336,167.70572184948514,44.417768750226664,-89.9779261561661,15.264134982442899
2023-09-18 00:00:00-04:00,174.2751007250675,177.13887792290447,173.9689761950564,175.74649047851562,67257600,0.0,0.0,178.01825485229492,177.06040700276694,182.91368967692057,-1.816425572722153,187.87649513677138,168.16001456781845,47.17317191636463,-31.545547478592397,9.03613324985438
2023-09-19 00:00:00-04:00,175.30212586469654,177.38576479928514,174.91699900323945,176.832763671875,51826900,0.0,0.0,178.1777374267578,177.0755879720052,182.79258448282877,-1.6377834641594404,187.83919753525538,168.51627731826022,48.161122864132814,-14.276137741808189,8.509616943825021
2023-09-20 00:00:00-04:00,177.0203888259045,177.45489404541186,173.20861358406935,173.29750061035156,58436200,0.0,0.0,178.09182510375976,176.9416987101237,182.63573303222657,-1.761172786128867,187.90110120890927,168.28254899861025,45.30836341424759,-49.797995394764094,11.566435236971564
2023-09-21 00:00:00-04:00,172.36922214048295,174.0973581099587,171.6878404044714,171.7569580078125,63149100,0.0,0.0,177.73681640625,176.80938212076822,182.40734888712566,-1.9606672740723923,187.93566295759072,167.53796985490928,44.13000406872002,-91.30028120772597,14.206121572435375
2023-09-22 00:00:00-04:00,172.48772049861157,174.86761425499944,171.87547142547365,172.60621643066406,56725400,0.0,0.0,177.65830917358397,176.71260630289714,182.1735600789388,-2.026875477059093,187.99578502797482,167.32083331919313,44.94653648050237,-74.9496789852669,12.447473747011365
2023-09-25 00:00:00-04:00,172.02359502231215,174.75899170155245,171.97421669351675,173.88011169433594,46172700,0.0,0.0,177.53338928222655,176.65631917317708,181.95541432698568,-1.9540284301368445,187.995611778307,167.0711667861461,46.16737290985712,-64.15128133928626,12.447473746939679
2023-09-26 00:00:00-04:00,172.63583748924898,173.01107959102313,169.51531434646242,169.8115692138672,64588900,0.0,0.0,177.12702865600585,176.40944213867186,181.59746907552082,-2.199242498025626,188.139801678866,166.1142556331457,43.01578737063565,-112.60829934544894,16.823144320462138
2023-09-27 00:00:00-04:00,170.46333088230946,170.87808171574733,166.93794126401278,168.30068969726562,66921800,0.0,0.0,176.45108032226562,176.1783655802409,181.2391611735026,-2.4868251907383296,187.90194503231396,165.0002156122173,41.916544530302815,-141.95188037345727,21.098950217399164
2023-09-28 00:00:00-04:00,167.2243249736919,169.8807195182162,165.5258128129139,168.55746459960938,56294400,0.0,0.0,175.61367568969726,175.9848149617513,180.90370559692383,-2.663315910018696,186.78425183758773,164.4430995418068,42.17633152503893,-144.10424489825888,23.332756476716238
2023-09-29 00:00:00-04:00,169.8708616906263,170.9077464641982,168.21184303928078,169.07098388671875,51861100,0.0,0.0,174.79108505249025,175.89297790527343,180.56891962687175,-2.730276434585562,185.29217718199763,164.28999292298286,42.706480475782264,-114.17463083447979,20.760475369620103
2023-10-02 00:00:00-04:00,169.08081880430257,172.12233981703872,168.79443355791753,171.57920837402344,52164500,0.0,0.0,174.01539840698243,175.86861877441407,180.29451014200848,-2.5515378387821954,182.8500566548753,165.18074015908957,45.24314849847922,-87.97743446694979,17.7558198426234
2023-10-03 00:00:00-04:00,170.1078434596355,171.46073744550782,168.6858469308082,170.24609375,49594600,0.0,0.0,173.16120681762695,175.75538482666016,180.03190536499022,-2.4887684492425706,179.53683961871195,166.78557401654194,44.16794740962752,-96.72502721230896,17.944638774496866
2023-10-04 00:00:00-04:00,168.95244285882518,172.03347264460572,168.83394692911625,171.49034118652344,53020300,0.0,0.0,172.70448532104493,175.63787129720052,179.79874903361002,-2.31197191322255,178.05526301263592,167.35370762945394,45.420311050684006,-81.09018181307047,16.485445516709163
2023-10-05 00:00:00-04:00,171.61871413723316,173.2579782200924,170.52258153582127,172.7247314453125,48527900,0.0,0.0,172.57364044189453,175.43345794677734,179.55838851928712,-2.0486389721841363,177.7788984995585,167.36838238423056,46.64849251686279,-54.59491075726007,13.38294062419275
2023-10-06 00:00:00-04:00,171.6285909459562,175.76624458491796,171.016326818613,175.27249145507812,57266700,0.0,0.0,172.53957138061523,175.4699956258138,179.34783477783202,-1.6157375620766175,177.65990221197606,167.4192405492544,49.09432641086253,-22.62319626392579,7.325622665730705
2023-10-09 00:00:00-04:00,174.6010122921434,176.81303215553828,173.6036362062995,176.7537841796875,42390800,0.0,0.0,172.52130355834962,175.48250478108724,179.1595036824544,-1.1399910255611303,177.57501408559006,167.46759303110917,50.46029070663458,5.59734084241094,4.906035406893411
2023-10-10 00:00:00-04:00,175.87483897307072,177.4745940017534,175.72670402010016,176.1612091064453,43698000,0.0,0.0,172.62449645996094,175.42325236002605,178.90705693562825,-0.8015347304237537,177.89341153994388,167.355581379978,49.90610845708967,18.49478955181661,3.3822666244453186
2023-10-11 00:00:00-04:00,175.9736185461729,177.60301297187604,175.3811238107674,177.5536346435547,47551100,0.0,0.0,172.9005043029785,175.2810516357422,178.68209075927734,-0.4161514394734809,178.5998201924679,167.20118841348912,51.20866744528333,28.176109082112525,4.134723467923075
2023-10-12 00:00:00-04:00,177.8202822818536,180.0619109305439,176.80313684087554,178.45228576660156,56743100,0.0,0.0,173.1458999633789,175.0526092529297,178.4495844523112,-0.03778322803609058,179.36122547249465,166.93057445426314,52.041241663089444,63.29946617008625,1.5110956196574228
2023-10-13 00:00:00-04:00,179.1533924067404,179.6570151987734,175.91437292525092,176.61550903320312,51427100,0.0,0.0,173.33550186157225,174.75569966634114,178.21884485880534,0.11256618085926107,179.73795266263244,166.93305106051207,50.22897098151424,54.08029177305953,0.5058678012838744
2023-10-16 00:00:00-04:00,174.54176320804768,176.8426550206093,174.3047562379969,176.48715209960938,52517000,0.0,0.0,173.37253494262694,174.4021733601888,178.0055244445801,0.21883919676284336,179.84192263617865,166.90314724907523,50.10283936152312,34.797132312184495,4.076687988814854
2023-10-17 00:00:00-04:00,174.44298390478113,176.19087429527403,172.61610626933813,174.93673706054688,57549400,0.0,0.0,173.27773361206056,173.98906707763672,177.75305099487304,0.17592780500413596,179.58721588169536,166.96825134242576,48.578554364395146,16.43437833768002,7.672858934810138
2023-10-18 00:00:00-04:00,173.3863659573123,175.36137864838344,172.9222367694585,173.6431121826172,54764400,0.0,0.0,173.29501419067384,173.7563451131185,177.46471710205077,0.03710774649789528,179.60661719540172,166.98341118594595,47.335543713113125,8.197946079959785,7.67285893476716
2023-10-19 00:00:00-04:00,173.84062376512662,175.6181383369893,173.0012523479638,173.26788330078125,59302900,0.0,0.0,173.37056045532228,173.68722025553384,177.15566584269206,-0.10201007619903635,179.64068265383986,167.1004382568047,46.974876167498785,8.103157916861907,7.020006761431305
2023-10-20 00:00:00-04:00,173.11972583296543,173.22835212793277,170.4830858385587,170.7200927734375,64244000,0.0,0.0,173.27625427246093,173.51276092529298,176.82518946329753,-0.41308556253090956,179.65065105048993,166.90185749443194,44.58852936369049,-62.81554370468739,12.40831405439963
2023-10-23 00:00:00-04:00,168.7747380957869,171.83599917885627,167.80697088494813,170.838623046875,55980100,0.0,0.0,173.1241798400879,173.30341033935548,176.45379028320312,-0.6426427386986688,179.58248835897166,166.66587132120412,44.723673098357466,-96.20754949609919,17.654529688991744
2023-10-24 00:00:00-04:00,170.88794448829165,171.50019348742782,169.30792860053273,171.2730712890625,43816600,0.0,0.0,173.19725494384767,173.20926767985026,176.0794413248698,-0.7805148233427985,179.529590036306,166.86491985138935,45.230161743073516,-74.76972554302915,17.654529688902137
2023-10-25 00:00:00-04:00,169.73259505065448,170.89784530264086,168.51795139973865,168.96234130859375,57157000,0.0,0.0,173.23033752441407,173.10689646402994,175.6803866068522,-1.0639712433909096,179.46105894629886,166.99961610252927,43.05930119781221,-103.2026725673196,19.18364009312201
2023-10-26 00:00:00-04:00,168.2414494672427,169.2388405091802,163.600172706508,164.804931640625,70625300,0.0,0.0,173.04271087646484,172.81558176676432,175.26184361775717,-1.605572671433066,180.04423886881182,166.04118288411786,39.528218374490066,-180.35996045311862,27.81579077033626
2023-10-27 00:00:00-04:00,164.8247009041889,166.8490920877316,164.74569858206283,166.1183319091797,58499100,0.0,0.0,172.89507827758788,172.59207712809246,174.88836593627929,-1.9068344791434129,180.35850663751197,165.4316499176638,41.10657548464255,-159.55586735930433,27.815790770204806
2023-10-30 00:00:00-04:00,166.90832288755587,169.03145545417337,166.7601878982554,168.16244506835938,51131000,0.0,0.0,172.7242401123047,172.3392756144206,174.69984130859376,-1.9580723445187118,180.46573070198892,164.98274952262048,43.481628125105516,-102.03017378655707,21.645300682104605
2023-10-31 00:00:00-04:00,167.23418704526227,168.764809656098,165.8022909489589,168.63644409179688,44846000,0.0,0.0,172.64375762939454,172.0660649617513,174.57082646687826,-1.9380898685753607,180.525916456364,164.76159880242508,44.023143395593046,-100.87327061373111,23.326031161042962
2023-11-01 00:00:00-04:00,168.86356825336904,172.0532092124064,167.99455793411695,171.7964630126953,56934900,0.0,0.0,172.65906372070313,172.01603037516276,174.47886454264324,-1.6482663069118928,180.53297647870076,164.7851509627055,47.492716995329815,-30.752177779923183,14.59645313469211
2023-11-02 00:00:00-04:00,173.32709544733643,175.55885407348563,173.2678474852133,175.3514862060547,77334800,0.0,0.0,172.79040145874023,172.13584798177084,174.47261505126954,-1.1188213094783634,180.75602126326422,164.82478165421625,51.02547464605274,63.71363025106022,6.298477883143412
2023-11-03 00:00:00-04:00,172.06308417750907,174.61085195895754,171.18420427007575,174.44296264648438,79829200,0.0,0.0,172.74892501831056,172.19707285563152,174.45483957926433,-0.7637386887827518,180.6686339637955,164.82921607282563,50.13372834832403,32.90888044878309,10.29248188636933
2023-11-06 00:00:00-05:00,174.17635419198152,177.18823614800198,174.00847994055556,176.99073791503906,63841300,0.0,0.0,172.76077270507812,172.3007603963216,174.47853978474936,-0.27359514756921044,180.70637425370634,164.8151711564499,52.539923651885545,89.40348281014892,4.587918246676776
2023-11-07 00:00:00-05:00,176.94138484513783,180.1606652677133,176.7340169447808,179.5484161376953,70530000,0.0,0.0,172.9301330566406,172.6253219604492,174.51738204956055,0.31756965202731635,181.31326462740324,164.54700148587798,54.804699869994074,136.22227687626574,1.4907591589548206
2023-11-08 00:00:00-05:00,180.07177947416378,181.15802736111343,179.32126504404005,180.6050262451172,49340300,0.0,0.0,173.08270263671875,173.03546651204428,174.60691604614257,0.8614019149582077,181.91895475870172,164.24645051473578,55.70796370546129,153.51487610397967,3.438785848638833
2023-11-09 00:00:00-05:00,180.6741893081627,181.8196853547634,179.53854783351557,180.1310577392578,53763500,0.0,0.0,173.16664123535156,173.42125295003254,174.70303395589193,1.239855323739107,182.24620640951443,164.0870760611887,55.19606101220114,144.65379600776203,4.731701820120201
2023-11-10 00:00:00-05:00,181.9108804268445,184.48178544542023,181.475802800193,184.3136749267578,66133400,0.24,0.0,173.5515495300293,173.9293426513672,174.91116027832032,1.8558910712313832,183.8213978448569,163.28170121520168,58.66362444632346,183.90290884897323,9.760654976253013
2023-11-13 00:00:00-05:00,183.7401702602705,183.9478113332898,182.14818998578377,182.73158264160156,43627500,0.0,0.0,173.8637710571289,174.30108846028645,175.08485361735026,2.1911836133712086,184.86316889508538,162.86437321917242,56.939267984608236,159.64584912534858,9.760654976209663
2023-11-14 00:00:00-05:00,185.59912547957177,186.0045400899508,184.21480130754796,185.342041015625,60108400,0.0,0.0,174.3840362548828,174.80428670247395,175.27983576456705,2.6371481407433635,186.52247440521248,162.24559810455312,58.996518170120126,179.15093609889522,13.534392862993636
2023-11-15 00:00:00-05:00,185.7474572062222,187.3789832148446,185.67823345303117,185.90565490722656,53790500,0.0,0.0,174.99716339111328,175.28479715983073,175.46133422851562,3.001458230285266,188.17252487541884,161.8218019068077,59.42943545496315,176.78099181770654,15.963881064753343
2023-11-16 00:00:00-05:00,187.4482222334322,188.82266388785249,186.5385061665612,187.5866546630859,54412900,0.0,0.0,175.7131019592285,175.7801946004232,175.60682627360026,3.3867785575415326,190.00190312318793,161.4243007952691,60.709354700497244,176.0675623483631,18.453563818593846
2023-11-17 00:00:00-05:00,188.12057839811112,188.24912816814668,186.4593894684262,187.5668487548828,50922700,0.0,0.0,176.5554397583008,176.19000651041668,175.83000106811522,3.6484919773011484,191.57260360049872,161.53827591610286,60.68601955358901,154.7674340381774,18.254946274476307
2023-11-20 00:00:00-05:00,187.7646375447921,189.76203272766995,187.75475490242272,189.3071746826172,46505100,0.0,0.0,177.4788673400879,176.60845286051432,176.04547882080078,3.9507892664784947,193.26738833440612,161.69034634576968,62.01324944181004,155.227304418049,20.879322576021938
2023-11-21 00:00:00-05:00,189.26759612132616,189.37636552049435,187.61628985249988,188.50621032714844,38134500,0.0,0.0,178.34052429199218,177.01995290120442,176.22160263061522,4.0787140399962425,194.57764201531648,162.10340656866788,61.03225975430329,134.0628155638132,20.513011160052788
2023-11-22 00:00:00-05:00,189.34672485819107,190.77059476808083,188.69410838615653,189.16873168945312,39617700,0.0,0.0,179.35084381103516,177.40712280273436,176.34408721923828,4.185309637437626,195.64545906998262,163.0562285520877,61.5526821231952,131.00750368538547,22.945298381340244
2023-11-24 00:00:00-05:00,188.7336553269539,188.76331834061185,187.13179223741545,187.84373474121097,24048300,0.0,0.0,180.50278396606444,177.720171101888,176.38639017740886,4.115431108081054,195.68726443405714,165.31830349807174,59.89767841188224,104.3978714759695,18.733663904250626
2023-11-27 00:00:00-05:00,187.79427548166112,188.53588093642713,186.78568783853885,187.6657257080078,40552600,0.0,0.0,181.58015365600585,178.08851165771483,176.422105662028,3.9995833219412873,195.4698006000174,167.6905067119943,59.674684737444345,93.4151104867099,17.808799781834413
2023-11-28 00:00:00-05:00,187.6558499360948,188.9413024556769,187.2800983304318,188.26890563964844,38415400,0.0,0.0,182.58547668457032,178.48123677571616,176.44170506795248,3.9113570074390793,195.2418410050433,169.92911236409734,60.19415123296828,90.72678815544734,18.577349965154827
2023-11-29 00:00:00-05:00,188.76331653900831,189.93999969621768,186.85492560121705,187.2504425048828,43014200,0.0,0.0,183.51617660522462,178.89169362386068,176.4403803507487,3.7164150350992315,194.4776810024935,172.55467220795572,58.869529065745624,83.29007962798372,20.472376190270047
2023-11-30 00:00:00-05:00,187.71517468500207,188.18981305356235,186.08364867108205,187.82394409179688,48794400,0.0,0.0,184.3175506591797,179.36438802083333,176.56036656697592,3.5670798268363626,193.93218221885343,174.70291909950595,59.390102716069094,72.48632851278603,18.273219577199256
2023-12-01 00:00:00-05:00,188.19971472368132,189.4159436040849,187.11202054575708,189.0995330810547,45704800,0.0,0.0,185.00495300292968,179.8921096801758,176.7896649678548,3.511185211792423,193.85602513062585,176.1538808752335,60.539269373010384,77.90645029843606,20.655192510205914
2023-12-04 00:00:00-05:00,187.8536157357217,187.9228394923183,185.35193435249073,187.3097686767578,43389500,0.0,0.0,185.64829330444337,180.44509887695312,176.97892990112305,3.284606398958914,193.01251434411796,178.28407226476878,58.150823751299164,59.645908348044514,15.649803780118008
2023-12-05 00:00:00-05:00,188.0810636242485,192.2241539878595,188.05138552105933,191.255126953125,66628400,0.0,0.0,186.36151275634765,181.12564900716146,177.21452967325845,3.3843854092530137,192.91349916847818,179.80952634421712,61.6051619906487,87.64704504641287,23.656517151637047
2023-12-06 00:00:00-05:00,192.27358406476233,192.58011192579391,189.95977851245675,190.1674346923828,41089700,0.0,0.0,186.89246368408203,181.75546112060547,177.48236440022785,3.3372238790338713,192.81012817239952,180.97479919576455,60.18828303875863,86.76300096896234,24.271900841589193
2023-12-07 00:00:00-05:00,191.4627298348145,192.81739077775995,191.4231691002471,192.09556579589844,47477700,0.0,0.0,187.46699066162108,182.5265686035156,177.81673253377278,3.4160539490396786,193.03528159872462,181.89869972451754,61.79944463187114,94.33799198680846,24.69050865848663
2023-12-08 00:00:00-05:00,192.0263919187675,193.79636559429088,191.50232520965804,193.51950073242188,53406400,0.0,0.0,188.13641281127929,183.4837209065755,178.14965133666993,3.5524762615129077,193.18631744482943,183.08650817772914,62.945091519911905,100.54349399103062,26.42634335068293
2023-12-11 00:00:00-05:00,190.9485678278168,191.32431940935732,189.2774811684409,191.0177764892578,60943700,0.0,0.0,188.47161788940429,184.31370239257814,178.4528897603353,3.419308033807738,193.339860469979,183.60337530882958,59.69147786052819,73.65213621273547,19.927604032919
2023-12-12 00:00:00-05:00,190.91889435682484,192.54053754746204,189.5741159727842,192.53065490722656,52696900,0.0,0.0,188.96157150268556,185.1259760538737,178.73262583414714,3.3966929367962564,193.34576965090315,184.57737335446797,60.95408309701554,84.02862304945215,22.189460925188524
2023-12-13 00:00:00-05:00,192.9064060967763,195.7838388648497,192.66910200901864,195.74429321289065,70404200,0.0,0.0,189.48168411254883,186.02957102457682,179.04781799316407,3.596624415808378,194.48262379216527,184.4807444329324,63.4685929149072,125.98490613262622,27.81456974512463
2023-12-14 00:00:00-05:00,195.80361960949875,197.38570218691584,193.96443748585023,195.89260864257812,66831600,0.0,0.0,189.9810317993164,186.83277587890626,179.4244031270345,3.724110145427602,195.45094270367764,184.51112089495518,63.58056853278542,143.172622349419,30.385861590376688
2023-12-15 00:00:00-05:00,195.3191123528845,196.1793699091571,194.7950456705572,195.35867309570312,128538400,0.0,0.0,190.36963272094727,187.4996821085612,179.81776504516603,3.7389589766272593,196.21474612219907,184.52451931969546,62.862976243205004,139.00450840967005,30.38586159027993
2023-12-18 00:00:00-05:00,193.89520715993984,194.42917151631295,192.214237877434,193.69744873046875,55751900,0.0,0.0,190.67616271972656,188.14149831136066,180.1692855834961,3.5754641345954497,196.54535013463672,184.8069753048164,60.65946805755269,104.67868174194523,22.841481074302198
2023-12-19 00:00:00-05:00,193.964464462268,194.74561567460933,193.6974822378966,194.73573303222656,40714100,0.0,0.0,190.94759063720704,188.73299814860027,180.51687927246093,3.4894499532623513,197.04776293706,184.84741833735407,61.53131121855008,117.65793927336232,23.403648715900772
2023-12-20 00:00:00-05:00,194.6961457159339,195.46741418063525,192.6493225097656,192.6493225097656,52242800,0.0,0.0,191.15474624633788,189.16969502766926,180.89750849405925,3.215856807084151,197.1868493017424,185.12264319093336,58.821488491485425,94.90650156186058,20.397887531481267
2023-12-21 00:00:00-05:00,193.9051267903215,194.8741537657828,191.33422165280876,192.50100708007812,46482500,0.0,0.0,191.32136001586915,189.56622772216798,181.30084711710612,2.9530238314186192,197.30638925091546,185.33633078082283,58.631605387060716,74.991177285362,16.70825681236201
2023-12-22 00:00:00-05:00,192.99542315884528,193.2228597266461,190.8101672306993,191.43312072753903,37149600,0.0,0.0,191.50082931518554,189.94296315511068,181.6821080525716,2.6282603513480183,197.25769540897207,185.743963221399,57.25494977335448,46.263946038978006,15.252281033868751
2023-12-26 00:00:00-05:00,191.44298138124012,191.719846217368,190.6717128965979,190.8892517089844,28919300,0.0,0.0,191.66200561523436,190.16214904785156,182.04574584960938,2.300478781706005,197.1405496169727,186.18346161349604,56.55533393004044,24.827389185780927,14.86064985591849
2023-12-27 00:00:00-05:00,190.33552729492325,191.3342172608312,188.95118798803827,190.98812866210935,48087700,0.0,0.0,191.79796676635743,190.43736724853517,182.3692278544108,2.0253411974015023,197.05233607222306,186.5435974604918,56.65494558656143,2.266964624651463,10.053270984091562
2023-12-28 00:00:00-05:00,191.967044481322,192.48122849088116,191.00790021395272,191.4133148193359,34049900,0.0,0.0,192.00611038208007,190.63974304199218,182.72201487223307,1.8206147356607971,196.81271526172412,187.199505502436,57.09258192844331,31.224800000888067,12.576717773043883
2023-12-29 00:00:00-05:00,191.72972215657148,192.2241257878035,189.58401220758475,190.37506103515625,42672100,0.0,0.0,192.13366622924804,190.78872324625652,183.03676020304363,1.556645100679674,196.5960419698131,187.67129048868298,55.67266320316309,0.7570885867194066,8.661848327060511
2024-01-02 00:00:00-05:00,185.0552730997862,186.3308429174033,181.83176685644636,183.5621795654297,82488700,0.0,0.0,191.8567985534668,190.65457407633463,183.2173843383789,0.7886140147113565,197.61174319916736,186.10185390776624,47.631345518488615,-194.12957779537604,9.134902925298924
2024-01-03 00:00:00-05:00,182.15809638511385,183.79952025374087,181.3769301071995,182.1877593994141,58414500,0.0,0.0,191.6006980895996,190.47527109781902,183.33263880411783,0.06825284847613489,198.54135149305372,184.66004468614548,46.23757207148624,-214.6123626081532,10.029270771285441
2024-01-04 00:00:00-05:00,180.1112512492328,181.04073256447913,178.85547678867908,179.8739471435547,71983600,0.0,0.0,191.0316390991211,190.16083017985025,183.3846415201823,-0.6814881067166141,199.73422052576484,182.32905767247735,43.99554970790866,-239.78287794616287,14.836462220981002
2024-01-05 00:00:00-05:00,179.95306152436652,180.71443234786256,178.1534248404595,179.15211486816406,62379700,0.0,0.0,190.48087310791016,189.84902699788412,183.43448994954426,-1.318707804614263,200.67943100101965,180.28231521480066,43.31768719638162,-218.11637792421598,16.127243529370507
2024-01-08 00:00:00-05:00,180.0519155054874,183.52263874374273,179.46852282651062,183.4830780029297,59144500,0.0,0.0,190.0502487182617,189.65950520833334,183.53331400553387,-1.457436060824989,200.67993333284528,179.42056410367815,48.26520169156307,-141.2179692274846,9.273960176614
2024-01-09 00:00:00-05:00,181.8614486084712,183.07767744176536,180.68476543102267,183.0677947998047,42841800,0.0,0.0,189.52766342163085,189.50030721028645,183.61023915608723,-1.5826453368994748,200.46249883893452,178.59282800432717,47.85090373354211,-127.16626241596441,9.27396017655758
2024-01-10 00:00:00-05:00,182.28666173303463,184.31370496059992,181.86146667843008,184.10606384277344,46792900,0.0,0.0,189.18207778930665,189.38165181477865,183.73508173624674,-1.5798830473546275,200.35295334346165,178.01120223515164,48.98350765024145,-99.49046164634629,6.318540195261839
2024-01-11 00:00:00-05:00,184.45212033242825,184.9564217479187,181.56480461990645,183.51275634765625,49128400,0.0,0.0,188.73118286132814,189.22311350504557,183.85217514038087,-1.607043868007139,200.05983587033745,177.40252985231882,48.36258999374486,-93.51560096473594,4.793948715829708
2024-01-12 00:00:00-05:00,183.977482710611,184.64987951630312,183.11722519297732,183.83905029296875,40477800,0.0,0.0,188.13592071533202,189.1094004313151,184.00054702758788,-1.5839806763794115,199.16000730174173,177.1118341289223,48.73231622388168,-79.47127478493617,4.7939487158127605
2024-01-16 00:00:00-05:00,180.1211135415678,182.1975994977323,178.90486988724322,181.5746612548828,65603000,0.0,0.0,187.42002334594727,188.90109100341797,184.13273951212565,-1.7284951853915516,198.17963145164498,176.66041524024956,46.349836029261354,-115.73895066608245,13.494378023407501
2024-01-17 00:00:00-05:00,179.24109293861534,180.88250149305736,178.2819487070673,180.6352996826172,47317400,0.0,0.0,186.68385467529296,188.61894989013672,184.25552978515626,-1.8969556790103752,197.16767650151962,176.2000328490663,45.39737333600688,-116.75991713344617,14.687053879809913
2024-01-18 00:00:00-05:00,184.0071435872404,187.02300881659585,183.75005912545993,186.5187225341797,78005800,0.0,0.0,186.3249183654785,188.59258168538412,184.51884028116862,-1.5379897906496751,196.27569227838524,176.37414445257178,51.81314480229372,-35.80933611678818,0.5501235949238484
2024-01-19 00:00:00-05:00,187.21090309791916,189.80157360580037,186.70661676571424,189.4159393310547,68903000,0.0,0.0,186.0589286804199,188.5312754313151,184.82846221923828,-1.0081047514066768,195.32383279231695,176.79402456852287,54.534537128599574,4.269018482144999,4.93517297314237
2024-01-22 00:00:00-05:00,190.1476486318495,193.14373357255337,190.10808789018887,191.7198486328125,60133900,0.0,0.0,186.01245498657227,188.58302256266276,185.16924184163412,-0.39767664529080093,195.14656868205694,176.8783412910876,56.55304104363473,45.22874564375994,10.97806059084237
2024-01-23 00:00:00-05:00,192.83720939883855,193.55903452389103,191.66052626402544,192.9954071044922,42355600,0.0,0.0,186.03717498779298,188.6130172729492,185.5697929382324,0.18686487314244005,195.2475838272415,176.82676614834446,57.63040040376803,59.551160243079224,11.699577291175702
2024-01-24 00:00:00-05:00,193.23271418014863,194.18197579456825,192.1648005219272,192.3230133056641,53631300,0.0,0.0,186.08166961669923,188.57313435872396,186.02842763264974,0.5890712312888411,195.40968271470408,176.75365651869438,56.86150696370885,61.6605010277775,12.796287150496688
2024-01-25 00:00:00-05:00,193.0349547434494,194.07320538533628,190.9485708187439,191.9967041015625,54822100,0.0,0.0,186.1370422363281,188.60576527913412,186.45973383585613,0.8714467465317455,195.59742666755758,176.67665780509864,56.48318411506282,52.803858544249536,10.035992223695885
2024-01-26 00:00:00-05:00,192.09558049769083,192.5800863732271,189.7916578927919,190.2662811279297,44594000,0.0,0.0,186.10094985961913,188.53028615315756,186.82813110351563,0.9447106680244701,195.48863687542502,176.71326284381325,54.49415856439933,33.47742690236393,7.4485563680203395
2024-01-29 00:00:00-05:00,189.86089500402176,190.04877081575225,187.45810037105477,189.5840301513672,47145600,0.0,0.0,186.0094856262207,188.32494405110677,187.1772575378418,0.9369206634508487,195.2130831309803,176.80588812146112,53.722557144928636,11.307598281030169,2.4231184002450057
2024-01-30 00:00:00-05:00,188.80286821503816,189.65324309628332,185.37170567810733,185.9353179931641,55859400,0.0,0.0,185.7874984741211,187.99303436279297,187.41290512084962,0.629074867606846,194.75898746235396,176.81600948588823,49.81986488695525,-13.720318804397563,1.823864198840554
2024-01-31 00:00:00-05:00,184.94651023142663,185.00585134318092,182.2866312758536,182.3360595703125,55467800,0.0,0.0,185.72619247436523,187.55894724527994,187.52931467692056,0.09359586713000567,194.7781057633962,176.67427918533426,46.38152108227447,-63.588756274762645,7.679487416729171
2024-02-01 00:00:00-05:00,181.93065217781273,184.857513201702,181.7625567551165,184.76852416992188,64885400,0.0,0.0,185.85523071289063,187.26131642659504,187.70140736897787,-0.13296282178905017,194.76725676912247,176.9432046566588,48.849564775139605,-51.02448157099914,8.63709537884331
2024-02-02 00:00:00-05:00,177.84689023760967,185.23328233515724,177.2437171517322,183.7698516845703,102551700,0.0,0.0,186.0500259399414,186.89578704833986,187.81439259847005,-0.3886170034284646,194.5734196175715,177.52663226231132,47.91288638264144,-71.90416723575404,16.374338518796993
2024-02-05 00:00:00-05:00,186.04410163536497,187.13179578344227,183.75995901240583,185.5793609619141,69668800,0.0,0.0,186.37138824462892,186.66012166341145,187.91490834554037,-0.44013886146689174,194.26080837839064,178.4819681108672,49.72000240970334,-16.50186046110082,12.24304735744241
2024-02-06 00:00:00-05:00,184.76853636353553,187.19111127921153,184.67954732588265,187.1812286376953,43490800,0.0,0.0,186.5562957763672,186.48279571533203,188.02451171875,-0.3477048460618448,194.3332347253549,178.77935682737947,51.26830673917543,0.8104294428853648,12.114409808243128
2024-02-07 00:00:00-05:00,188.5062066759397,188.91162125480523,186.49892923853312,187.28997802734375,53439000,0.0,0.0,186.76740493774415,186.34469095865884,188.14382705688476,-0.2626474200481823,194.3729570821203,179.16185279336798,51.37346849289495,24.791768884968203,8.387077601691473
2024-02-08 00:00:00-05:00,187.2702046333428,187.41851968576853,185.25304448034683,186.21218872070312,40962000,0.0,0.0,186.87271118164062,186.18878885904948,188.17546895345052,-0.27899134811653425,194.3808085897059,179.36461377357534,50.26145094958629,5.421525553926484,10.613224767234987
2024-02-09 00:00:00-05:00,186.7765071990768,188.10321111496148,186.13296840440984,186.9745330810547,45155200,0.24,0.0,187.04580001831056,186.05500233968098,188.24618479410807,-0.22780323625468668,194.38547774073388,179.70612229588724,51.036950916608916,22.556694350135828,9.105972539522298
2024-02-12 00:00:00-05:00,186.54880424779185,186.796321504533,184.9349868995182,185.2914123535156,41781900,0.0,0.0,187.1184181213379,185.85093892415364,188.2453409830729,-0.3193685828759385,194.3524865344653,179.8843497082105,49.28200251711715,-0.33109912877114317,11.29379147230876
2024-02-13 00:00:00-05:00,183.92510799252145,184.36074073565217,181.68754255866872,183.2023468017578,56529500,0.0,0.0,187.19980239868164,185.61184844970703,188.20028584798177,-0.554117390393202,194.20424758804506,180.19535720931822,47.19816064111813,-49.17082843817329,16.90269327876464
2024-02-14 00:00:00-05:00,183.4796222278503,183.68752828939827,180.62821823999963,182.32122802734375,54630500,0.0,0.0,187.28409881591796,185.5704833984375,188.11252873738607,-0.8020113453484043,193.99012710505042,180.5780705267855,46.343157560309216,-65.04812929183778,18.63870305174563
2024-02-15 00:00:00-05:00,181.727184392981,182.65785175424017,179.54903541760635,182.0341033935547,65434500,0.0,0.0,187.05986785888672,185.56536153157552,188.02031631469725,-1.0099950546856746,194.1618680791349,179.95786763863853,46.0618745702777,-79.88576501108639,20.391430453600364
2024-02-16 00:00:00-05:00,181.5984737728991,183.0142804515248,179.86585283584154,180.49949645996097,49752500,0.0,0.0,186.61404571533203,185.58621317545573,187.873521677653,-1.283854125881163,194.1965003421402,179.03159108852384,44.566278958837835,-87.60695609482677,19.5117840342167
2024-02-20 00:00:00-05:00,179.98465441119404,180.6182980286837,178.2124373755958,179.75694274902344,53665600,0.0,0.0,186.0159004211426,185.60637410481772,187.72770055135092,-1.5430203138626268,193.78750552657613,178.24429531570905,43.85353886021824,-120.83566418904262,22.238317307503586
2024-02-21 00:00:00-05:00,180.13316833455778,181.0737309260645,178.86588113831095,180.5093994140625,41371400,0.0,0.0,185.3916000366211,185.5072514851888,187.58337834676107,-1.6684614358522651,192.80002750654128,177.98317256670092,44.7793097629828,-104.50216379410612,21.069680508466586
2024-02-22 00:00:00-05:00,181.65787110291916,183.1231842228548,180.64801151557128,182.53903198242188,52292200,0.0,0.0,184.90240097045898,185.4896260579427,187.49496663411458,-1.5858197004952217,191.64596130703524,178.15884063388273,47.208194149503534,-64.81362630658876,15.911055716402144
2024-02-23 00:00:00-05:00,183.1726595934398,183.2023604547528,180.4202689919066,180.7073974609375,45119700,0.0,0.0,184.33793563842772,185.37633717854817,187.3789944966634,-1.6491131779208388,190.4406636542988,178.23520762255666,45.34614953669621,-75.28269955676257,16.32092443870613
2024-02-26 00:00:00-05:00,180.43017719516277,180.9450021899407,178.8559560281093,179.36090087890625,40867400,0.0,0.0,183.79266662597655,185.23794199625652,187.23052775065105,-1.7873216049214875,189.60707436981886,177.97825888213424,44.02556170301309,-103.24802461929423,19.12208870309947
2024-02-27 00:00:00-05:00,179.30152539649055,182.09351248592515,177.77681047698752,180.8163299560547,54318900,0.0,0.0,183.35428161621093,185.1371846516927,187.1232925415039,-1.7591336187258833,188.62705004633426,178.0815131860876,45.79082197304539,-88.1718638863366,16.168535998263422
2024-02-28 00:00:00-05:00,180.69748823755316,181.30143093346825,178.34113428414614,179.61831665039062,48953900,0.0,0.0,183.03843154907227,185.0719731648763,186.98653208414714,-1.8125699203780243,188.41597497193246,177.6608881262121,44.59330275180061,-95.23646397763456,16.16853599815653
2024-02-29 00:00:00-05:00,179.4698114222519,180.75690414056305,177.74708592784262,178.95497131347656,136682600,0.0,0.0,182.86937713623047,185.01596221923828,186.8174560546875,-1.8866963383450468,188.54425448184057,177.19449979062037,43.93516379397429,-104.97620587782978,17.30347650619364
2024-03-01 00:00:00-05:00,177.76690051629518,178.73716395290236,175.61845249589473,177.8758087158203,73563100,0.0,0.0,182.52474136352538,184.72786509195964,186.66022338867188,-2.0093588235926916,188.5409229819667,176.50855974508406,42.87034573701184,-124.55430448597103,21.255232222114916
2024-03-04 00:00:00-05:00,174.4006596751229,175.14321147352493,172.06409607852763,173.36109924316406,81510100,0.0,0.0,182.0043037414551,184.1927037556966,186.36198959350585,-2.4427109984733306,189.24350298247316,174.76510450043702,38.80059574238657,-174.89272300442033,27.259530906486464
2024-03-05 00:00:00-05:00,169.06417026385637,170.3314573247722,167.9354922531265,168.43052673339844,95132400,0.0,0.0,181.1468620300293,183.41639302571613,185.99970779418945,-3.1477167944041753,190.38853867453966,171.90518538551893,35.042275026852025,-230.82800899412987,33.36486399089926
2024-03-06 00:00:00-05:00,169.3612273012443,169.53944760498507,167.00485787713032,167.44049072265625,68587700,0.0,0.0,180.15982513427736,182.56456247965494,185.5887898763021,-3.743177577891771,190.79894843211548,169.52070183643923,34.35112347438243,-225.990754190991,34.644003295619356
2024-03-07 00:00:00-05:00,167.47015957545335,169.0344703547855,166.81672553933012,167.3216552734375,71765100,0.0,0.0,179.16140899658203,181.73118387858074,185.15215911865235,-4.176529138363691,190.69351352915507,167.62930446400898,34.26720107260148,-211.39131913061934,34.90532029824761
2024-03-08 00:00:00-05:00,167.32166963491963,171.9749911536114,167.26226790901475,169.03448486328125,76267000,0.0,0.0,178.30252380371093,180.965776570638,184.78577092488607,-4.331817839391306,190.17719599381272,166.42785161360914,36.57751817589199,-169.35933560028556,26.713344859788762
2024-03-11 00:00:00-04:00,171.2225546353428,172.6482565736913,170.34139373001014,171.03443908691406,60139500,0.0,0.0,177.5055191040039,180.32471516927083,184.4275006612142,-4.244576822762582,189.06501480346995,165.94602340453784,39.160402494361264,-129.48543530708406,24.91668720290885
2024-03-12 00:00:00-04:00,171.43046672764987,172.30173241116674,169.31171935776177,171.50967407226562,59825400,0.0,0.0,176.8164321899414,179.72223663330078,184.0235903422038,-4.089943869902754,188.06049427081024,165.57237010907255,39.76342510765787,-121.93380772058983,26.564047374422152
2024-03-13 00:00:00-04:00,171.05423942259554,171.4700666239107,169.06419090034882,169.43052673339844,52488700,0.0,0.0,176.12784118652343,179.1720769246419,183.58255564371746,-4.088041556433296,187.41197975128364,164.8437026217632,38.0562676561026,-122.12584384228998,26.962557336416257
2024-03-14 00:00:00-04:00,171.19286456313577,172.57895536432744,170.34140446890183,171.28196716308594,72913500,0.0,0.0,175.57587814331055,178.80360717773436,183.18127721150717,-3.8922705180826256,186.6626854804913,164.4890708061298,40.412889250862555,-93.3337711213464,23.847935555000586
2024-03-15 00:00:00-04:00,169.47011882986197,170.9057159423828,168.59885322457814,170.9057159423828,121752700,0.0,0.0,175.01945877075195,178.34151357014974,182.8014149983724,-3.724546633640813,185.85572198045946,164.18319556104444,40.09222974060097,-99.03695498062756,26.7683812209061
2024-03-18 00:00:00-04:00,173.82643054023092,175.94517770513775,171.7967859641753,171.9947967529297,75604200,0.0,0.0,174.5942237854004,177.94901173909506,182.42239939371746,-3.4638158146910314,185.18983482368412,163.99861274711668,41.48255065927284,-56.7500973493477,13.720821582680495
2024-03-19 00:00:00-04:00,172.6086342803731,174.85609525037736,171.31164624406932,174.33135986328125,55215200,0.0,0.0,174.32294464111328,177.57407836914064,182.11710001627605,-3.0336733487086747,184.63606052043025,164.0098287617963,44.34900797199554,-49.37192998954471,14.596211256571031
2024-03-20 00:00:00-04:00,173.97492929704185,176.8956298828125,173.3511809805003,176.8956298828125,53423100,0.0,0.0,174.1422561645508,177.2312250773112,181.8570103963216,-2.457538214558099,184.1201815485372,164.16433078056437,47.280833499976985,-19.236534435420158,9.75336405187578
2024-03-21 00:00:00-04:00,175.29172116809335,175.72735394947048,169.14338597139206,169.66812133789062,106181300,0.0,0.0,173.49871063232422,176.64382985432943,181.49426040649413,-2.554697543641197,182.836063433903,164.16135783074543,40.985188081486434,-66.22507616109755,17.219648325250116
2024-03-22 00:00:00-04:00,170.05426688241553,171.33146450930536,168.37115239719608,170.56910705566406,71160100,0.0,0.0,172.99179611206054,176.1223937988281,181.1555913289388,-2.529832658244146,181.76510986009316,164.21848236402792,41.98145231449116,-78.8990601666082,18.499765486479827
2024-03-25 00:00:00-04:00,168.87608692531137,170.2324767040703,167.76719930445816,169.15330505371094,54288300,0.0,0.0,172.48141632080078,175.52835286458333,180.79167760213215,-2.5944630911145907,180.8740343744574,164.08879826714414,40.860153463227,-87.22872766844195,19.506834530220008
2024-03-26 00:00:00-04:00,168.31174106723407,169.71763732680742,167.8959138727621,168.02462768554688,57388400,0.0,0.0,171.8418312072754,174.95279337565105,180.40186614990233,-2.70556988024137,179.4753028849728,164.208359529578,39.979526226655274,-88.83140386611274,19.5068345301448
2024-03-27 00:00:00-04:00,168.71767294274684,171.87599567632833,168.42064920188324,171.5888671875,60273300,0.0,0.0,171.44035873413085,174.5656773885091,180.08876291910806,-2.4774598558374237,178.13911963796414,164.74159783029756,43.92739893755815,-56.612576232216426,14.114129504911439
2024-03-28 00:00:00-04:00,170.04439201670246,170.51962102200082,168.8167007201525,169.77706909179688,65672700,0.0,0.0,170.98146362304686,174.1475387573242,179.85901107788087,-2.4150389172199027,176.69818102082974,165.264746225264,42.45881828780199,-66.30672516807313,14.114129504826817
2024-04-01 00:00:00-04:00,169.48994505423667,169.54934678777494,167.79692011211174,168.34146118164062,46240500,0.0,0.0,170.5047462463379,173.6911173502604,179.62823944091798,-2.453133241139227,175.31977762441326,165.68971486826254,41.32631798461342,-79.84686031908996,16.030007062926902
2024-04-02 00:00:00-04:00,167.40089107386055,167.65830361021796,166.55932626663449,167.16326904296875,49329500,0.0,0.0,170.19485473632812,173.24657643636067,179.4163948059082,-2.5490101243188974,175.03357067223553,165.35613880042072,40.411202852871895,-98.15732376833736,18.317550912605594
2024-04-03 00:00:00-04:00,167.11374996517486,168.98497988400436,166.90584392266877,167.9652099609375,47691700,0.0,0.0,170.17158889770508,172.8535186767578,179.22994639078777,-2.5311062971793206,175.0503334105461,165.29284438486405,41.326040295850106,-80.99804304267704,14.84795687460784
2024-04-04 00:00:00-04:00,168.59885072968464,170.2126681045212,167.14346313476562,167.14346313476562,53704400,0.0,0.0,170.15673751831054,172.40798746744792,178.95761947631837,-2.5537870193466006,175.07215772795396,165.2413173086671,40.66426408932814,-74.42735165350149,11.711960525398904
2024-04-05 00:00:00-04:00,167.90579979250484,168.69785802201392,167.27215623034843,167.89590454101562,42104800,0.0,0.0,170.18544998168946,171.91988321940104,178.7047546386719,-2.4824300140577407,175.03744092480758,165.33345903857133,41.55085530075825,-76.359920484116,11.71196052535702
2024-04-08 00:00:00-04:00,167.3513719945941,167.51968192191484,166.5692240844266,166.77713012695312,37425500,0.0,0.0,170.07258224487305,171.4555409749349,178.41593907674152,-2.487480689508118,175.13764872317302,165.00751576657308,40.61736054396955,-95.0677574858748,13.164807507173006
2024-04-09 00:00:00-04:00,167.02464767080627,168.39094781013864,166.67813256359855,167.98501586914062,42373800,0.0,0.0,169.92011108398438,171.07634480794272,178.15714340209962,-2.366734855347346,175.04648423981794,164.79373792815082,42.07092761300667,-78.40036725886519,10.826391587991296
2024-04-10 00:00:00-04:00,167.12364410431726,167.41075745661644,165.4504251384005,166.11376953125,49709300,0.0,0.0,169.6503158569336,170.5862594604492,177.86172205607096,-2.3944352930833475,174.98805280027753,164.31257891358965,40.482838391618586,-108.76605565654211,13.433899604198427
2024-04-11 00:00:00-04:00,166.66822184170525,173.7175238179071,166.49001666248702,173.3016815185547,91070300,0.0,0.0,169.8438735961914,170.37570495605468,177.7238390604655,-1.8154562149082665,175.42333200096078,164.26441519142202,48.2458935080236,22.14419074951473,1.8220239315724691
2024-04-12 00:00:00-04:00,172.52944039553972,176.58872985356905,172.47994902506244,174.7967071533203,101670900,0.0,0.0,170.0196105957031,170.23709615071616,177.62652918497722,-1.2218898641070552,175.99700606279683,164.0422151286094,49.658704266526655,136.08742825191337,7.670174279918255
2024-04-15 00:00:00-04:00,173.61847284158247,174.87586450170738,170.78687534747343,170.97499084472656,73531800,0.0,0.0,170.0230743408203,170.00706888834637,177.367466990153,-1.0477865897875631,176.0027116734572,164.0434370081834,46.31524377604406,73.48404704098482,3.8950264005451554
2024-04-16 00:00:00-04:00,170.0443189749856,172.0343518545104,166.59888372884157,167.69786071777344,73711200,0.0,0.0,169.8082275390625,169.81829427083332,177.00549901326497,-1.160863788527422,175.79834296980573,163.81811210831927,43.704946882286826,-40.94899069233466,4.659015757438829
2024-04-17 00:00:00-04:00,167.9256158132339,168.95528100035153,166.33160400390625,166.33160400390625,50901200,0.0,0.0,169.40823974609376,169.74833017985026,176.5823616027832,-1.3452169580078532,175.19143544146493,163.62504405072258,42.667828405346754,-92.80195082281095,5.174464401549589
2024-04-18 00:00:00-04:00,166.36129252101995,166.96523521407434,164.8959946340493,165.38111877441406,43122900,0.0,0.0,168.83251419067383,169.6796844482422,176.12212346394855,-1.5501452776684346,173.69684014278656,163.9681882385611,41.9513874187363,-136.21774230988643,7.9399444432461115
2024-04-19 00:00:00-04:00,164.55936395716853,164.74746436429578,162.45051229612085,163.3613739013672,68149400,0.0,0.0,168.51717681884764,169.54767506917318,175.63942947387696,-1.8541554293530282,173.93914580863012,163.09520782906517,40.45804574974228,-193.45980946246945,12.439848277740436
2024-04-22 00:00:00-04:00,163.87623994630854,165.59895049362888,163.1336881290828,164.19305419921875,48116400,0.0,0.0,168.1983741760254,169.38629404703775,175.1760353088379,-2.004865177660747,173.85698136806732,162.53976698398347,41.347417135623786,-150.9570496790351,10.494448936729396
2024-04-23 00:00:00-04:00,163.70792820716713,165.39104261951863,163.28219064755024,165.24252319335938,49537800,0.0,0.0,168.00283508300782,169.19323018391927,174.75897267659505,-2.0163768250625935,173.79129309499012,162.21437707102552,42.46916993925277,-129.9936129863345,10.494448936682861
2024-04-24 00:00:00-04:00,164.88609429896647,167.6186945681344,164.55938480415762,167.3414764404297,48251800,0.0,0.0,167.96867752075195,169.05429026285807,174.3882634480794,-1.8349794028896156,173.76465170976667,162.17270333173724,44.659014652209414,-72.7165994773118,5.389379719085306
2024-04-25 00:00:00-04:00,167.84642483703811,168.91570135131437,166.48012455092012,168.20285034179688,50558300,0.0,0.0,167.79937667846679,169.01336771647135,174.09272232055665,-1.6032338816719403,173.34239624282563,162.25635711410794,45.53906989371371,-32.60278017923891,2.5360246550809835
2024-04-26 00:00:00-04:00,168.19290937676217,169.63840150907166,167.49984906174126,167.61866760253906,44838400,0.0,0.0,167.69145660400392,168.8912577311198,173.8474324544271,-1.449997878360449,173.1558392025481,162.22707400545974,45.03660129757075,-19.42769043811326,0.9604127793430204
2024-04-29 00:00:00-04:00,171.64827897757164,174.28186646983917,171.38097119165224,171.77699279785156,68169400,0.0,0.0,167.86323318481445,168.92030029296876,173.63090693155925,-0.9816987390645693,173.6217321264071,162.1047342432218,49.166749490320335,96.85500809060551,8.395709030829549
2024-04-30 00:00:00-04:00,171.60868084411632,173.2521991943247,168.31174889120035,168.6384735107422,65934800,0.0,0.0,167.93699340820314,168.8084228515625,173.37871729532878,-0.8539764649233916,173.69553322930958,162.1784535870967,46.441964453470426,34.47149418634298,1.9364362531669042
2024-05-01 00:00:00-04:00,167.89588568564642,170.99480617347464,167.43055209459067,167.61866760253906,50383100,0.0,0.0,167.9196662902832,168.58466644287108,173.07937240600586,-0.8255292688583324,173.6799338225008,162.1593987580656,45.592644148451214,-1.6992120596447586,0.1636775836278596
2024-05-02 00:00:00-04:00,170.79680537480178,171.69777183075684,169.19289835753364,171.3116455078125,94214900,0.0,0.0,168.12807540893556,168.3985336303711,172.81487935384115,-0.4992373106219077,174.06888138228524,162.18726943558588,49.081018434258695,76.41247781619748,1.576230163191557
2024-05-03 00:00:00-04:00,184.7963833456082,185.14291355827163,180.84601747897057,181.55886840820312,163224100,0.0,0.0,168.81122360229492,168.79489186604818,172.7193608601888,0.5795361337326312,177.25473312901562,160.3677140755742,56.99564803090305,388.13948631350405,23.103042988078354
2024-05-06 00:00:00-04:00,180.53911545314375,182.370734315354,178.62827413884693,179.9054718017578,78569700,0.0,0.0,169.46764068603517,169.1061040242513,172.6142489115397,1.2862297168724979,179.18976078669664,159.7455205853737,55.55431998445794,264.5332750026393,18.674053280010646
2024-05-07 00:00:00-04:00,181.6281834220511,183.06378067502385,179.5193463953144,180.5886077880859,77305800,0.0,0.0,170.09782028198242,169.4872807820638,172.50781682332357,1.8797443154855102,180.97999690171756,159.2156436622473,56.02958417507746,231.99040039350578,19.609065356654565
2024-05-08 00:00:00-04:00,181.03414013837897,181.25195654794928,179.6480343404535,180.92523193359375,45057100,0.0,0.0,170.8383934020996,169.91730092366535,172.4350471496582,2.3501802511859466,182.56236443479935,159.11442236939985,56.267962414306744,189.5639779036407,19.60906535660059
2024-05-09 00:00:00-04:00,180.74701199258516,182.82616313989396,180.3014839202349,182.737060546875,48983000,0.0,0.0,171.31016235351564,170.28890736897787,172.4272923787435,2.8365060702308256,184.15706476362877,158.4632599434025,57.549364245748755,182.2356575270726,21.79466409853782
2024-05-10 00:00:00-04:00,183.31206939842303,183.5004400954196,180.56586910059417,181.47796630859375,50759500,0.25,0.0,171.64422531127929,170.67893727620444,172.41323801676432,3.0847651508135527,185.20073521552806,158.08771540703052,56.36212735190026,156.59325617154357,22.72555565763609
2024-05-13 00:00:00-04:00,183.84742393900163,185.4931713127623,183.03445892506747,184.68020629882812,72044800,0.0,0.0,172.32948608398436,171.22356211344402,172.45733973185222,3.4995654536157303,187.07681299772372,157.582159170245,58.608721345984456,166.59247209046882,25.438922695850074
2024-05-14 00:00:00-04:00,185.89964252722956,186.68286641073877,184.6901187820661,185.82032775878903,52393600,0.0,0.0,173.23560943603516,171.84546407063803,172.54602025349934,3.8756202181030233,188.9781231636684,157.4930957084019,59.37897262226815,160.23279115669033,27.021545861285347
2024-05-15 00:00:00-04:00,186.2962448244031,189.0127042016136,185.7608738375932,188.0906982421875,70400000,0.0,0.0,174.3235641479492,172.516313680013,172.6849161783854,4.307195582481228,191.03481135981053,157.6123169360879,60.878678085620855,159.08211962762095,30.030312788422517
2024-05-16 00:00:00-04:00,188.83421956137332,189.458813878606,188.03117836935675,188.20962524414065,52845200,0.0,0.0,175.46498947143556,173.21851908365886,172.8132532755534,4.6057266335603515,192.7143116498031,158.215667293068,60.956788259039996,148.59103582519174,30.597087932027318
2024-05-17 00:00:00-04:00,187.8824709799172,189.1713095252472,187.55530322495105,188.2393798828125,41282900,0.0,0.0,176.70888977050782,173.89663492838542,172.90825907389322,4.789505158903154,193.87098129189962,159.54679824911602,60.97695393174323,130.85169686442458,29.440059049994982
2024-05-20 00:00:00-04:00,187.70400151197455,190.27175449259957,187.38674246856843,189.39930725097656,44361300,0.0,0.0,177.9692024230957,174.6507074991862,173.05312423706056,4.971439746203032,194.96260904994946,160.97579579624195,61.77317699927443,124.17090770334178,30.904457635930342
2024-05-21 00:00:00-04:00,189.44890089382775,191.07481584379752,189.28036268210627,190.69808959960935,42309400,0.0,0.0,179.2419807434082,175.40780995686848,173.2420773824056,5.16093307464854,196.0338477485626,162.45011373825378,62.655780835593546,123.0079259973743,31.970324944624565
2024-05-22 00:00:00-04:00,190.6187885434668,191.1640681663492,188.63596455316463,189.2605438232422,34648500,0.0,0.0,180.33793411254882,176.1793690999349,173.38281428019206,5.135906440134676,196.71551581172127,163.96035241337637,61.042034868367,108.11343096708559,30.301801419591342
2024-05-23 00:00:00-04:00,189.33983451815809,189.35966699130785,185.0272019643745,185.27505493164065,51005900,0.0,0.0,181.19154434204103,176.57848154703777,173.47709325154622,4.739839091938961,196.66043680311546,165.7226518809666,56.84313766446917,77.0881922780681,21.409083303056175
2024-05-24 00:00:00-04:00,187.19840810516956,188.94328765804343,186.42509288132968,188.3484344482422,36327000,0.0,0.0,182.22803268432617,177.03020579020182,173.63365097045897,4.620684531663358,196.60728266623843,167.8487827024139,59.08812291509995,81.68126009989471,21.40908330290254
2024-05-28 00:00:00-04:00,189.86527247896473,191.34248153890573,187.47598148636737,188.35833740234375,52280100,0.0,0.0,183.05709991455078,177.60965067545573,173.80835978190103,4.475462424861092,196.79703628522603,169.31716354387552,59.09521558206963,84.74599819500436,25.048389701281717
2024-05-29 00:00:00-04:00,187.98162409974876,190.59895109353056,187.8824768517226,188.65577697753903,53068000,0.0,0.0,184.05796508789064,178.3082478841146,174.06327107747396,4.334409373679904,196.19877551833054,171.91715465745074,59.31437412607765,80.11515778639844,25.04838970114587
2024-05-30 00:00:00-04:00,189.12172393667825,190.52952698465035,188.99285067972127,189.6471710205078,49889100,0.0,0.0,185.15939025878907,179.08543345133464,174.41688181559246,4.253588309957905,194.7496544345696,175.56912608300854,60.05235697443925,81.42782917242852,25.048389701048933
2024-05-31 00:00:00-04:00,189.79592715782175,190.9162276263297,188.27906791647348,190.59896850585935,75158300,0.0,0.0,186.1237564086914,179.9260284423828,174.8028564453125,4.217719887811057,193.46651479562578,178.78099802175703,60.75926658796241,80.16349037126326,23.169846664901062
2024-06-03 00:00:00-04:00,191.24337752621932,193.31544019840624,190.86665123579675,192.3636779785156,50080500,0.0,0.0,186.66399688720702,180.89277191162108,175.22022349039713,4.2823272085881285,194.18047284914388,179.14752092527016,62.047415307789535,95.98223591584829,26.983907051822545
2024-06-04 00:00:00-04:00,192.96842627855952,193.64259428823095,191.3722523931234,192.6809234619141,47471400,0.0,0.0,187.30276947021486,181.84236755371094,175.61433080037435,4.309451362190686,194.56808487292412,180.0374540675056,62.2777039384804,96.3978408644065,27.491657974948872
2024-06-05 00:00:00-04:00,193.72190135445055,195.20901937445225,193.19645419760303,194.1878662109375,54156800,0.0,0.0,187.98273239135742,182.80721232096354,176.0002212524414,4.401803880038557,195.14705093730058,180.81841384541426,63.36988339338868,107.21420323226752,29.905971594201556
2024-06-06 00:00:00-04:00,194.0093990023229,194.81244022862765,192.5024486640224,192.80978393554688,41181800,0.0,0.0,188.57695999145508,183.65615590413412,176.3552230834961,4.3140643449305,195.22978560668088,181.9241343762293,61.6804348795829,96.0504750899932,27.953279838341945
2024-06-07 00:00:00-04:00,192.9783133981505,195.2486550396786,192.4726987931798,195.19908142089844,53103900,0.0,0.0,189.20006103515624,184.5560302734375,176.78469899495443,4.386758647082644,195.8841881821506,182.51593388816187,63.429136082841374,102.71295720960916,28.650637227081333
2024-06-10 00:00:00-04:00,195.20902308787944,195.6055969774052,190.4998159349584,191.46148681640625,97010200,0.0,0.0,189.69923706054686,185.35079091389974,177.12102432250975,4.095565625936558,195.36943904652026,184.02903507457347,59.067131264884104,81.5648010070806,23.076956482534428
2024-06-11 00:00:00-04:00,191.9869251216324,205.38091074009856,191.9671077738811,205.37098693847656,172373300,0.0,0.0,190.7337760925293,186.47059071858723,177.695445505778,4.930339586332707,199.33886405432534,182.12868813073325,67.63566666788111,173.78833064451217,37.054938384530324
2024-06-12 00:00:00-04:00,205.58909768640683,218.3089152196564,205.1231328450552,211.2401580810547,198134300,0.0,0.0,192.00476760864257,187.890646870931,178.34953486124675,5.996374551448952,204.2804358699595,179.72909934732564,70.34533389636161,288.9305248193822,49.58774142578716
2024-06-13 00:00:00-04:00,212.8958066808934,214.888539245905,209.7827737762817,212.4001007080078,97862700,0.0,0.0,193.2202377319336,189.38336130777995,178.98401387532553,6.855783414001252,208.34699665922216,178.09347880464503,70.84439570100739,278.49915585217,49.58774142538377
2024-06-14 00:00:00-04:00,212.01345147179217,213.32210737882852,209.4853479747781,210.6651306152344,70122700,0.0,0.0,194.34301300048827,190.695144144694,179.54683888753254,7.3125786873580125,211.14461087840903,177.5414151225675,69.04643056008781,231.30809600313694,48.858027771034976
2024-06-17 00:00:00-04:00,211.5375569916551,217.06963733267017,210.8931452933454,214.80921936035156,93728300,0.0,0.0,195.67150497436523,191.8034891764323,180.29919052124023,7.91771506994192,214.51830272263652,176.82470722609395,70.87298277209034,224.07551372082978,51.915425733819944
2024-06-18 00:00:00-04:00,215.72133922684367,216.75241620599633,211.17076165562816,212.44967651367188,79943300,0.0,0.0,196.8240234375,192.88829600016277,180.99720001220703,8.113368760038185,216.83880260976463,176.80924426523535,68.49238660096074,187.20987387681868,51.915425733341756
2024-06-20 00:00:00-04:00,212.0927269910851,212.40007736780652,207.0563681724187,207.8792266845703,86172500,0.0,0.0,197.68308029174804,193.79798329671223,181.64263203938802,7.809604356965451,218.06232649502368,177.3038340884724,64.1730967231857,130.66223972914207,41.945254827150585
2024-06-21 00:00:00-04:00,208.5831574221536,210.0702753319445,205.33132746963065,205.70806884765625,241805100,0.0,0.0,198.50545654296874,194.62407786051432,182.27068939208985,7.309416186861569,218.78079923928948,178.230113846648,62.24413247688444,101.03881565486009,38.01655637880745
2024-06-24 00:00:00-04:00,205.93611728903505,210.8733451834048,204.8158168041684,206.35250854492188,80727000,0.0,0.0,199.5593292236328,195.41125946044923,182.85008341471354,6.885640973179022,219.11758214682698,180.00107630043863,62.589419119331026,92.82027034911339,38.83188028966777
2024-06-25 00:00:00-04:00,207.3538052595708,209.5646648210329,206.81844945769743,207.2745056152344,55549700,0.0,0.0,200.50563278198243,196.2711441040039,183.47504069010418,6.548704136464892,219.60605961261703,181.40520595134782,63.089017977339815,87.68645110104211,38.83188028945642
2024-06-26 00:00:00-04:00,209.68360834691896,213.0147528009443,208.83099354238436,211.4185791015625,66213200,0.0,0.0,201.65864486694335,197.16242319742838,184.1929926554362,6.5406745381029054,220.4532231683498,182.8640665655369,65.24696550692414,101.42377184620132,42.32008869223946
2024-06-27 00:00:00-04:00,212.84625148948237,213.88723714823547,210.52635096614495,212.2613220214844,49772700,0.0,0.0,202.83892211914062,198.04378967285157,184.9446268717448,6.5270732960967734,221.15401756645218,184.52382667182906,65.66920616324099,100.05901979596489,43.16794332422495
2024-06-28 00:00:00-04:00,213.91696855097956,214.2143951724623,208.49394377490637,208.81118774414065,82542700,0.0,0.0,203.79712295532227,198.73447265625,185.62539316813152,6.166810063898225,221.18820118047003,186.4060447301745,62.45552827368389,81.04428279751188,38.27013771554914
2024-07-01 00:00:00-04:00,210.26855134899324,215.64200216221636,210.10001313722785,214.88853454589844,60402900,0.0,0.0,205.01160125732423,199.62376963297527,186.42114435831706,6.299078101901102,221.90734714348883,188.11585537115963,65.52943223091091,94.41960069461993,39.76743593683901
2024-07-02 00:00:00-04:00,214.2936836981781,218.4873670751859,213.25271326862932,218.37831115722656,58046200,0.0,0.0,206.31233291625978,200.62840067545574,187.26251780192058,6.609309278996221,223.1134951648862,189.51117066763337,67.12816230479967,107.48442077570124,42.63625438400015
2024-07-03 00:00:00-04:00,218.11063203893852,219.64732360839844,217.1489612238199,219.64732360839844,37369800,0.0,0.0,207.660652923584,201.63666788736978,188.143687693278,6.878279892152875,224.18159859233455,191.13970725483344,67.6918394835705,112.679934190185,43.76578842657423
2024-07-05 00:00:00-04:00,219.74645469045151,224.50523511983303,219.74645469045151,224.39617919921875,60412400,0.0,0.0,209.17106857299805,202.75993754069012,189.0838737487793,7.389452985008802,226.02591367831272,192.3162234676834,69.70302474280737,128.97177883724697,48.18597212832147
2024-07-08 00:00:00-04:00,225.13973799267995,225.89322076278884,221.3327197032473,225.8634796142578,59085900,0.0,0.0,210.8237533569336,203.98003540039062,190.07970225016277,7.822784039756499,227.40354561149758,194.2439611023696,70.29409081130261,129.40681736396886,49.36241627564751
2024-07-09 00:00:00-04:00,225.97253595078877,227.42991284004063,224.4259356098064,226.71609497070312,48076100,0.0,0.0,212.39960403442382,205.3614034016927,190.96994247436524,8.141154791543016,228.7155324476195,196.08367562122814,70.63841976944153,133.85576326071066,50.645848053054
2024-07-10 00:00:00-04:00,227.3307677065015,231.0783037422216,227.28119408246096,230.97915649414065,62627700,0.0,0.0,214.37548751831054,206.7824274698893,191.90631663004558,8.637887156874541,229.5461512171911,199.20482381942998,72.29920920461363,149.70556550369278,53.53809013345098
2024-07-11 00:00:00-04:00,229.40283250811748,230.39424455320685,223.8311016555944,225.6156463623047,64710600,0.0,0.0,215.38772048950196,208.0243377685547,192.8169942220052,8.500769117408055,230.7292757146049,200.046165264399,67.34163135343937,124.13724829614796,45.21336036051276
2024-07-12 00:00:00-04:00,226.9540066999144,230.64206011910093,226.7160624017349,228.56008911132812,53046500,0.0,0.0,216.25371704101562,209.35448150634767,193.83136469523112,8.531349914130942,232.5360017318325,199.97143235019874,68.56573060518016,131.36474385758595,45.43319879084715
2024-07-15 00:00:00-04:00,234.44908623752588,235.1926451763578,231.08820043911544,232.3869476318359,62631300,0.0,0.0,217.25305938720703,210.77914072672527,194.93228708902996,8.763362330132367,234.93291913321292,199.57319964120114,70.07384939741598,152.47374361836322,49.29790733602531
2024-07-16 00:00:00-04:00,232.98180687397965,234.24090427881208,230.33473879844303,232.80335998535156,43234300,0.0,0.0,218.3599708557129,212.18595377604166,196.05599110921224,8.87848914203633,237.04657639488246,199.67336531654334,70.23459843522855,141.16446631922207,47.50844604929436
2024-07-17 00:00:00-04:00,227.47949520376963,229.4722431354341,224.69362972259935,226.91439819335935,57345900,0.0,0.0,218.9652297973633,213.3376444498698,197.11520818074544,8.39773411790432,237.9493918910821,199.9810677036445,65.11739228075561,96.79083295472701,34.97822040176209
2024-07-18 00:00:00-04:00,228.3023493485251,228.46097889584823,220.36114484151935,222.25473022460935,66034600,0.0,0.0,219.45548248291016,214.3234380086263,198.08290278116863,7.55366212008974,238.23651364095457,200.67445132486574,61.45250284485901,67.91526461791086,26.444511903589756
2024-07-19 00:00:00-04:00,222.88925101284036,224.85224251867805,221.36246807560823,222.3836212158203,49151500,0.0,0.0,220.18070220947266,215.26329650878907,199.0352544148763,6.8165524331226095,238.18362185018353,202.17778256876178,61.51448291334837,56.67828479093595,26.44451190345044
2024-07-22 00:00:00-04:00,225.06043082550624,225.82382229500527,221.17409763275575,222.03663635253903,48201800,0.0,0.0,220.99713058471679,216.2375249226888,199.94684041341145,6.1336836302157,237.6682879551529,204.32597321428068,61.24025976419723,52.80083828912755,27.543864974231298
2024-07-23 00:00:00-04:00,222.44308791792704,224.9910238167192,220.76759935066607,223.0775909423828,39960300,0.0,0.0,221.83338470458983,217.16680857340495,200.8614194234212,5.6118120438777055,237.02363441587408,206.64313499330558,61.769173606948264,47.53449150829333,26.724108487311977
2024-07-24 00:00:00-04:00,222.07627816799848,222.86941075843336,215.26528287042115,216.6631622314453,61777600,0.0,0.0,222.30281753540038,218.00686442057292,201.67882766723633,4.627293701072233,236.11658188620987,208.4890531845909,56.82605492601374,2.528704323305122,16.26080719279158
2024-07-25 00:00:00-04:00,217.0497975364767,218.95332167523745,212.77681471652627,215.62217712402344,51391200,0.0,0.0,222.51299743652345,218.34857076009115,202.4095807393392,3.720173182315534,235.74514492916484,209.28084994388206,56.072715621598704,-26.08619813514726,11.936744938434124
2024-07-26 00:00:00-04:00,216.82181578900727,217.60503979261497,214.1549149112693,216.0881805419922,41601300,0.0,0.0,222.70434036254883,218.51017150878906,203.20040918986004,3.004245149027156,235.41260858300458,209.99607214209308,56.34074799578546,-26.427416342512657,11.936744938370461
2024-07-29 00:00:00-04:00,215.09676223529075,217.41666277155184,213.897147014136,216.3657684326172,36311800,0.0,0.0,223.08206939697266,218.6423604329427,204.01286087036132,2.4312402236342336,234.4276421990843,211.73649659486102,56.50429175491249,-28.610039517976848,11.47713684793003
2024-07-30 00:00:00-04:00,217.3075789949067,218.43778796730905,214.2639371695869,216.92092895507812,41643800,0.0,0.0,223.18368911743164,218.85088704427082,204.77301559448242,1.9988846089655965,234.2533129148269,212.1140653200364,56.838789059007695,-24.504661381442336,12.942000142088832
2024-07-31 00:00:00-04:00,219.5382417741392,221.8978068103832,218.73520059867647,220.17274475097656,50036300,0.0,0.0,223.27341079711914,219.02967122395833,205.4165802001953,1.8967692523143853,234.20729671843517,212.3395248758031,58.760509135353395,11.917256576040119,17.71493378028878
2024-08-01 00:00:00-04:00,222.44310665442717,222.5521625800544,215.15623749650504,216.48472595214844,62501000,0.0,0.0,223.11528091430665,219.16417287190754,206.02623443603517,1.5009478094211204,234.35711513245,211.8734466961633,55.843360882511156,-12.968952730005075,11.191868097456634
2024-08-02 00:00:00-04:00,217.2679231335739,223.66254232334137,215.84030263063204,217.97183227539065,105568600,0.0,0.0,222.79406356811523,219.50059305826824,206.64928817749023,1.2923560402400938,234.24694392849918,211.3411832077313,56.739219453255636,-5.126469775779936,12.743734660610645
2024-08-05 00:00:00-04:00,197.3801970311264,211.66644653820467,194.31673780556497,207.4727783203125,119548600,0.0,0.0,221.87452850341796,219.55941670735677,207.09174728393555,0.27667036665621936,235.10495434439903,208.6441026624369,49.41687544254338,-166.76039667690665,16.511033230394602
2024-08-06 00:00:00-04:00,203.5368691310161,208.18659343179937,199.343200967242,205.4502868652344,69660500,0.0,0.0,220.81123809814454,219.5293426513672,207.4703010559082,-0.6835860505642302,235.71558586012983,205.90689033615925,48.177867392310944,-164.82729165696034,16.511033230212497
2024-08-07 00:00:00-04:00,205.12313014700663,211.80525225793107,204.61751548926864,208.01806640625,63516400,0.0,0.0,219.66318359375,219.55412801106772,207.91263605753582,-1.223296430578273,234.80518589496748,204.52118129253253,49.829971788766706,-123.39161180333933,11.314245969154591
2024-08-08 00:00:00-04:00,211.27982425167653,212.36045976406425,207.03658185433545,211.4781036376953,47161100,0.0,0.0,218.95630645751953,219.55611216227214,208.35926767985026,-1.3561913773050094,234.2475239243795,203.66508899065957,51.96463608111071,-99.25886049453597,10.531743257142676
2024-08-09 00:00:00-04:00,210.2784745623819,214.91827509282652,210.1495861717322,214.38291931152344,42201600,0.0,0.0,218.2474479675293,219.6268320719401,208.83531087239584,-1.2131329897649437,232.96789523432005,203.52700070073854,53.67641801413319,-68.80423157728427,6.948734527083754
2024-08-12 00:00:00-04:00,214.4623401059105,217.8767320905019,213.9958359256548,215.91146850585935,38028100,0.25,0.0,217.42367401123047,219.86350809733074,209.29899037679036,-0.965289781861884,230.57257210718976,204.2747759152712,54.557932659440105,-41.5531256143811,2.9554565090097067
2024-08-13 00:00:00-04:00,217.380462936734,220.2390393048837,217.380462936734,219.6236572265625,44155300,0.0,0.0,216.76468887329102,220.02134552001954,209.8225575764974,-0.46398116225935837,227.82304301607928,205.70633473050276,56.63130652459454,-8.411246253609072,0.12493105588356816
2024-08-14 00:00:00-04:00,218.92885985517657,221.37054778476931,218.06532277692483,220.07029724121097,41960600,0.0,0.0,216.4224838256836,220.07774505615234,210.35307286580402,-0.03030106126252008,226.54211086434668,206.30285678702052,56.876205711816134,-0.8966822561417067,1.5839688231002134
2024-08-15 00:00:00-04:00,222.92888658909135,223.67330627029455,221.10256546081067,223.04798889160156,46414000,0.0,0.0,216.4621467590332,220.19110056559245,210.91388422648112,0.547358762754925,226.68372661954484,206.24056689852156,58.49272387970706,29.99990068733807,4.520492106735152
2024-08-16 00:00:00-04:00,222.2539159800548,225.1422676891868,221.98592068094572,224.3680725097656,44340200,0.0,0.0,216.56136932373047,220.190163675944,211.47505060831705,1.099009354955399,227.05975216059676,206.0629864868642,59.19422795558796,43.6777701706181,6.364211102879418
2024-08-19 00:00:00-04:00,224.0405257400108,224.30852103873067,221.38045847347976,224.20925903320312,40687800,0.0,0.0,216.67000045776368,220.13502298990886,212.05752919514973,1.5060210304299346,227.44816409302828,205.89183682249907,59.06998208261557,38.1412244358826,5.495613021514893
2024-08-20 00:00:00-04:00,224.0901616619868,225.47973889834265,223.7725353535306,224.82464599609375,30299000,0.0,0.0,216.75735321044922,220.0719746907552,212.71668904622396,1.8568328868251172,227.7797254059314,205.73498101496705,59.41148153046562,55.48027083627513,7.015143689817113
2024-08-21 00:00:00-04:00,224.8346020684513,226.2837305852908,223.37553826276908,224.71548461914065,34765500,0.0,0.0,217.15996932983398,219.8631856282552,213.32280654907225,2.1018169620578533,228.74190863349912,205.57803002616885,59.320658078986796,60.37123599471019,8.064870098970026
2024-08-22 00:00:00-04:00,226.09512887719345,226.64103964823343,222.2340729078472,222.85939025878903,43695300,0.0,0.0,217.52182998657227,219.77131042480468,213.8978240966797,2.1217392149094962,229.35106221702785,205.6925977561167,57.767326432024646,51.57130926046386,6.302321577563888
2024-08-23 00:00:00-04:00,223.98096305377337,226.52191275369313,222.66085720360695,225.1521759033203,38677300,0.0,0.0,217.97502975463868,219.6577133178711,214.50609741210937,2.29606873263441,230.25878042053034,205.69127908874702,59.134737780056106,65.29313128608841,6.302321577527921
2024-08-26 00:00:00-04:00,225.07279660900764,225.58893181224732,222.22415556593285,225.4896697998047,30602200,0.0,0.0,218.43122482299805,219.42780405680338,215.1034723917643,2.43340825270667,231.13387961142695,205.72857003456915,59.335228679677186,67.88541024220514,5.597178156535271
2024-08-27 00:00:00-04:00,224.31846403822652,227.147264886192,223.21672230373292,226.33335876464844,35934600,0.0,0.0,218.90184631347657,219.2121373494466,215.69904556274415,2.5805821160248286,232.05824054976944,205.7454520771837,59.84470371917695,89.68975381088006,7.853556948175743
2024-08-28 00:00:00-04:00,226.22414704916855,228.14971479709,224.0008084384826,224.80479431152344,38052200,0.0,0.0,219.1334487915039,219.14181722005208,216.23973083496094,2.544544165201188,232.54465924161264,205.72223834139515,58.471690028310576,92.22530614712922,9.296263032088122
2024-08-29 00:00:00-04:00,228.3879521456165,231.1869621230462,227.1770283167567,228.0802459716797,51906300,0.0,0.0,219.71322479248047,219.33600107828775,216.82971954345703,2.748601240264037,233.63514488183728,205.79130470312367,60.48152332739597,129.92279306036758,13.539131931802867
2024-08-30 00:00:00-04:00,228.4772755570311,228.68570457235603,225.78743262658827,227.2961273193359,52990800,0.0,0.0,220.17943954467773,219.49975128173827,217.38152389526368,2.814601150279998,234.47529959360884,205.88357949574663,59.765218075072895,103.97570312956972,11.079889029465429
2024-09-03 00:00:00-04:00,226.8494805883163,227.2961293418145,219.52438650802387,221.11248779296875,50190600,0.0,0.0,220.86142501831054,219.4689463297526,217.8532356262207,2.3409534691261342,233.84622929421144,207.87662074240964,54.49954460555148,43.5150484421247,0.890960374161943
2024-09-04 00:00:00-04:00,220.01075793789536,220.12986023982225,215.86185105944423,219.206787109375,43840200,0.0,0.0,221.54925003051758,219.339919535319,218.25336405436198,1.7911627416775673,232.37462963863786,210.7238704223973,53.010522040846105,-10.683704358289225,4.413128768373093
2024-09-05 00:00:00-04:00,219.9809679444758,223.80231295165623,219.87178579311316,220.7253875732422,36615400,0.0,0.0,222.1846160888672,219.47532704671224,218.74109573364257,1.4611448270713652,230.9644857186075,213.40474645912687,54.04554065881284,28.854902339699702,0.9863432011631252
2024-09-06 00:00:00-04:00,222.28368749781316,223.56409767944487,218.13479623481732,219.1769866943359,48423000,0.0,0.0,222.5695602416992,219.59382069905598,218.97119572957357,1.0624134013324351,229.9339383958758,215.20518208752262,52.81839565070052,11.434989116971261,1.5057893484116074
2024-09-09 00:00:00-04:00,219.17698492990527,219.62363365317324,215.0975649862482,219.2663116455078,67180000,0.0,0.0,222.81372985839843,219.69975840250652,219.10496495564777,0.7450353470568416,229.30761033196129,216.31984938483558,52.882241589235285,-21.083327678559225,5.714576433725864
2024-09-10 00:00:00-04:00,217.29111136152255,219.83206111139577,215.1174037589381,218.4722595214844,51591000,0.0,0.0,222.9417694091797,219.7699747721354,219.20616760253907,0.42454370663898544,228.9450854665046,216.9384533518548,52.23226323112761,-24.94856112353092,5.394859227042907
2024-09-11 00:00:00-04:00,219.81222755985956,221.43008920211523,216.26878297144032,221.0032958984375,44587100,0.0,0.0,223.01075134277343,219.9060536702474,219.37847035725912,0.37051419841455413,228.88382475053984,217.13767793500702,54.09281737578521,-1.6900536595354085,2.925929841630998
2024-09-12 00:00:00-04:00,220.84449248276735,221.8866830044339,218.1844402475294,221.11248779296875,37455600,0.0,0.0,223.06286087036133,219.9373784383138,219.48352483113607,0.3326714676211111,228.84385576881274,217.28186597190992,54.172479023320086,10.142897404393754,2.2181695389260496
2024-09-13 00:00:00-04:00,221.91644846858935,222.37301734416337,220.25887596851652,220.844482421875,36766600,0.0,0.0,222.952685546875,220.08270365397135,219.62343826293946,0.27785213078544757,228.81824504910537,217.0871260446446,53.9348418343107,19.757613113344046,1.4495003140140377
2024-09-16 00:00:00-04:00,214.92879834553045,215.60374658961533,212.32829765435247,214.71044921875,59357400,0.0,0.0,222.4698043823242,219.97399088541667,219.73729197184244,-0.257588484144577,229.34753961780996,215.59206914683847,48.86007908332532,-75.04345506597906,12.54369307022681
2024-09-17 00:00:00-04:00,214.14473138540643,215.28616885496612,212.9040318988166,215.1769866943359,45519300,0.0,0.0,222.01819076538087,220.23079783121744,219.8951072692871,-0.6369410934117354,229.5683150518788,214.46806647888292,49.23588775674648,-83.04595180814299,12.543693070182927
2024-09-18 00:00:00-04:00,215.931337193002,221.05294820219595,215.92140190435072,219.0479736328125,59894900,0.0,0.0,221.7293571472168,220.68405405680338,220.1066983540853,-0.6180994093589618,229.26940169818675,214.18931259624685,52.24790598364046,-30.236559178266972,3.4787891605865786
2024-09-19 00:00:00-04:00,223.31596324984213,228.11002736409569,222.95864123060412,227.1670837402344,66781300,0.0,0.0,221.8519371032715,221.32235463460287,220.4382413228353,0.05138476089675237,229.67093808273054,214.03293612381245,57.694306781933456,92.67775831644245,6.096236618648384
2024-09-20 00:00:00-04:00,228.2589097535001,231.3556905514529,225.92638886705737,226.5020751953125,318679900,0.0,0.0,222.03407135009766,221.82315368652343,220.68963292439778,0.5222746996971068,230.11712773193565,213.95101496825967,57.14208276078455,121.39539596898531,10.055941432364037
2024-09-23 00:00:00-04:00,225.6484798300337,227.74278104335215,224.12986496132828,224.7849578857422,54146000,0.0,0.0,222.01571044921874,222.16988830566407,220.8983601888021,0.7482756960029064,230.0705633246814,213.9608575737561,55.71755671047627,71.38482028235882,7.461257049241298
2024-09-24 00:00:00-04:00,226.94871280288095,227.64351653597865,224.0504410184132,225.67823791503903,43556100,0.0,0.0,222.02513885498047,222.49544728597004,221.1794776916504,0.9880734510467732,230.09753557058605,213.9527421393749,56.30378805356176,72.23777603410954,7.345513540853576
2024-09-25 00:00:00-04:00,223.2563961324406,225.5988371064948,222.35317851779175,224.68568420410156,42308700,0.0,0.0,221.94275512695313,222.6641815185547,221.3427635192871,1.0855110149402947,229.86220550233787,214.0233047515684,55.45985913106097,36.287270555687066,4.849022896499339
2024-09-26 00:00:00-04:00,225.6087536412769,226.7998218869056,223.73281698946673,225.82711791992188,36636700,0.0,0.0,221.99387130737304,222.8560755411784,221.46691029866537,1.2405350321879496,230.00378354047172,213.98395907427437,56.24016322543067,59.67419613022732,6.441744622384949
2024-09-27 00:00:00-04:00,226.76013618443497,227.81224676693589,225.60876359989413,226.09510803222656,34026000,0.0,0.0,221.89461441040038,222.95764617919923,221.57437337239583,1.3692335728115665,229.63151089006908,214.15771793073168,56.42557414328418,77.39667969177107,7.787802047354379
2024-09-30 00:00:00-04:00,228.32835965023511,231.2663421630859,227.94126208675945,231.2663421630859,54541900,0.0,0.0,222.0931251525879,223.18758850097657,221.6888760884603,1.866982062966315,230.5808593734759,213.6053909316999,59.82361902902463,142.69610506279267,12.243888616464092
2024-10-01 00:00:00-04:00,227.81227091446172,227.94129335648356,222.0752779583648,224.5269012451172,63285000,0.0,0.0,222.26384582519532,223.19817657470702,221.66659978230794,1.6980605838710403,230.80571125004852,213.72198040034212,54.132372179425005,34.40211958182632,3.4603595771553786
2024-10-02 00:00:00-04:00,224.20928918092056,225.67827315966653,221.3606479532611,225.09266662597656,32880600,0.0,0.0,222.5581398010254,223.2071105957031,221.63954264322916,1.591495859020256,231.06202001375559,214.0542595882952,54.50821261043216,18.954655685545692,2.4499862748880936
2024-10-03 00:00:00-04:00,223.46481998018768,225.12239234050705,221.6583697697889,223.99087524414065,34044200,0.0,0.0,222.7214141845703,223.1829569498698,221.5230712890625,1.4019760827767982,231.20249502841617,214.24033334072445,53.623026084450665,10.803904938813256,2.4499862748760997
2024-10-04 00:00:00-04:00,226.20429410810965,226.3035561118749,222.46235586119457,225.11248779296875,37245100,0.0,0.0,223.01818923950196,223.2580602010091,221.5146853129069,1.326988357902536,231.3917596460904,214.64461883291352,54.40281601163394,31.028659198398177,4.1064152435827515
2024-10-07 00:00:00-04:00,222.8295863298211,224.01073444452055,219.68317483471031,220.04049682617188,39505400,0.0,0.0,223.05689849853516,223.0876708984375,221.3726921081543,0.8485116489499944,231.36433758617267,214.74945941089766,50.43572342513501,-34.20039213138186,0.02562146047372339
2024-10-08 00:00:00-04:00,222.63108533790577,224.29857792676057,221.58889489724396,224.09014892578125,31855700,0.0,0.0,223.33779296875,223.04102020263673,221.23441212972006,0.7870162564466057,231.36780237757856,215.30778355992143,53.251395709321734,8.088742439572354,0.39794134256003916
2024-10-09 00:00:00-04:00,223.55416342639623,228.0405364361267,223.15714569962591,227.83209228515625,33591100,0.0,0.0,223.67923278808593,223.09097798665366,221.15155766805012,1.0283698635642224,231.87039901213487,215.48806656403698,55.659191721388005,67.82455715556708,5.764395230652649
2024-10-10 00:00:00-04:00,226.0851959438118,227.7923994519787,225.47973405841245,227.3358154296875,28183500,0.0,0.0,223.9903991699219,223.17534535725912,221.1585812886556,1.1661562184074228,232.243604555821,215.73719378402276,55.26863881023862,76.718671690155,5.764395230632453
2024-10-11 00:00:00-04:00,227.5938974682738,227.70307961960657,225.6484741750507,225.85691833496097,31759200,0.0,0.0,224.24102096557618,223.10123443603516,221.21861775716147,1.1428442641507388,232.3958260952934,216.08621583585898,54.09842611505725,70.54053585869252,5.7643952306142
2024-10-14 00:00:00-04:00,226.99836439928595,230.00581860221664,226.89911753216435,229.5790252685547,39882100,0.0,0.0,224.9844497680664,223.17733103434244,221.33854115804036,1.4084762574938452,232.1293822567487,217.83951727938413,56.496614207623956,116.85363784253634,9.100918053551965
2024-10-15 00:00:00-04:00,231.87181141001133,235.72294688412148,230.64103225198252,232.1100311279297,64751400,0.0,0.0,225.8311019897461,223.54391581217448,221.50643107096354,1.8024450814308466,232.03363058033568,219.6285733991565,58.03878091706355,176.51345971648726,16.677892216885468
2024-10-16 00:00:00-04:00,229.8767969908349,230.39291705034768,228.1298824963092,230.05545043945312,34082200,0.0,0.0,226.38147583007813,223.9055379231771,221.62272872924805,1.9266712551618923,231.97310541256195,220.7898462475943,56.36098119403831,109.2950677977459,12.419970152960708
2024-10-17 00:00:00-04:00,231.69315867439417,232.11004699556463,228.8048220166126,230.4226837158203,32993800,0.0,0.0,226.54425582885742,224.2287811279297,221.85205408732097,2.0313380485911807,232.4147756017539,220.67373605596094,56.59300026730487,117.8315755944088,14.62390734311533
2024-10-18 00:00:00-04:00,234.4226930307779,234.4226930307779,232.26884075534687,233.25148010253903,46431500,0.0,0.0,226.88172607421876,224.69793090820312,222.14587580362956,2.315851766046478,233.4736927377201,220.2897594107174,58.35729275321873,157.41140906012228,17.51587709672816
2024-10-21 00:00:00-04:00,232.70554934615632,235.08770100400855,232.70554934615632,234.7204437255859,36254500,0.0,0.0,227.37850036621094,225.21306864420572,222.45641352335613,2.6295521839420246,234.75584805645926,220.00115267596263,59.24711204179126,161.664536743805,18.338715628528103
2024-10-22 00:00:00-04:00,232.14974382855843,234.4624093106695,230.86934872103873,234.10508728027344,38846600,0.0,0.0,227.79984283447266,225.73416290283203,222.75206883748373,2.796274194531094,235.71153264767702,219.8881530212683,58.70352882675261,135.89639051748526,15.060136423787489
2024-10-23 00:00:00-04:00,232.33830371042365,233.39041424004768,226.06532109909307,229.04299926757812,52287000,0.0,0.0,228.0177085876465,226.0021530151367,222.95410334269206,2.491217191050737,235.80735912761781,220.22805804767518,54.452056709925515,67.2095251563802,7.0342979485830615
2024-10-24 00:00:00-04:00,228.26882480795348,229.10258628095696,226.71051430099084,228.8544464111328,31109500,0.0,0.0,228.16907501220703,226.26021830240884,223.09879837036132,2.208781223239413,235.89690333944793,220.44124668496613,54.30052419550793,40.64566534860184,7.0342979485577874
2024-10-25 00:00:00-04:00,228.03062932515897,231.484732210271,227.86189602437616,229.68820190429688,38802300,0.0,0.0,228.34872970581054,226.5550089518229,223.31885630289713,2.0288385957964863,236.04052590852248,220.6569335030986,54.874955414222235,63.67696852534004,10.352575640268089
2024-10-28 00:00:00-04:00,231.5839844241638,232.98348177622344,230.81970938626552,231.6633758544922,36087100,0.0,0.0,228.36858139038085,227.12010650634767,223.54704869588215,2.022300970940279,236.0940586778577,220.643104102904,56.22347722736265,98.82224706310951,12.3879201444786
2024-10-29 00:00:00-04:00,231.36561495313973,232.5864588417728,230.5914197900792,231.93136596679688,35417200,0.0,0.0,228.73880462646486,227.6785858154297,223.95469182332357,2.015510863889915,236.39851287259873,221.07909638033098,56.40632953560292,90.80974230765291,11.987284916471115
2024-10-30 00:00:00-04:00,230.87925826342104,231.7328600109945,227.8420287171323,228.387939453125,47070900,0.0,0.0,228.90356826782227,227.98991800944012,224.33698603312175,1.7045556921599143,236.3724329370795,221.43470359856502,53.35783579400998,34.34611937951913,7.225169712960368
2024-10-31 00:00:00-04:00,227.63359787833264,228.11995749798112,223.69313535160188,224.2291259765625,64370100,0.0,0.0,228.91548080444335,227.89198608398436,224.60717035929363,1.10974750886038,236.35204385035712,221.47891775852958,50.07217168261959,-57.326324533549865,0.5504330139667744
2024-11-01 00:00:00-04:00,219.32586653780092,223.67328184782377,218.6310779402587,221.25143432617188,65276700,0.0,0.0,228.72242813110353,227.7169647216797,224.77005920410156,0.39354635030267104,236.7515356790377,220.69332058316937,47.88800758765454,-138.67002283087913,6.774289060708959
2024-11-04 00:00:00-05:00,219.34570882983752,221.1323036464343,218.07523400035532,220.3581085205078,44944500,0.0,0.0,228.73830871582032,227.56940307617188,224.86964569091796,-0.24332722964939535,236.69605324661507,220.78056418502558,47.248377115735806,-154.44022506643284,7.539380023634171
2024-11-05 00:00:00-05:00,220.1497125999007,222.28370958768312,219.49461965793017,221.7874298095703,28111300,0.0,0.0,228.62317276000977,227.43970947265626,224.96757837931315,-0.6255093649043033,236.92334736758121,220.32299815243832,48.38937473197725,-118.83009581313338,5.6808376677432575
2024-11-06 00:00:00-05:00,220.95366880237512,224.387931303672,219.54423614319148,221.06285095214844,54561100,0.0,0.0,228.2847106933594,227.3189483642578,224.99156494140624,-0.9756126633182305,237.24641628832316,219.3230050983956,47.84665013954209,-105.38421223220415,2.3371586607523973
2024-11-07 00:00:00-05:00,222.95864433437472,226.1844626949483,222.899093187882,225.7874298095703,42137700,0.0,0.0,228.20729141235353,227.3176254272461,225.08685048421225,-0.861902544807549,237.2300571075097,219.18452571719735,51.514739643814,-41.88315366774439,0.44485095694786925
2024-11-08 00:00:00-05:00,225.72780810336752,227.20835428792032,224.9726384261151,225.51914978027344,38328800,0.25,0.0,228.19040298461914,227.29842681884764,225.12803649902344,-0.7843924252937313,237.23293495656475,219.14787101267353,51.30278294857795,-23.40516780156993,2.015307523862239
2024-11-11 00:00:00-05:00,223.5716039938927,224.26715706282303,220.093823487321,222.80648803710935,42005600,0.0,0.0,227.85177612304688,227.0164316813151,225.10201009114584,-0.9311208476330819,237.1781392263475,218.52541301974625,49.18594690730388,-84.48105177532906,5.3448966465089525
2024-11-12 00:00:00-05:00,223.1244638182889,224.1578547832826,221.94201602014732,222.80648803710935,40398300,0.0,0.0,227.38659896850587,226.9590845743815,225.07863057454426,-1.0354679494928973,236.74669773058866,218.02650020642307,49.18594690730389,-71.22179321773474,5.34489664649084
2024-11-13 00:00:00-05:00,222.58787261698697,225.2111120360391,221.34580821096,223.6908264160156,48566200,0.0,0.0,227.068367767334,226.9123565673828,225.05973358154296,-1.0348756606156826,236.4790551588447,217.6576803758233,49.90704163778844,-62.21346167715699,3.617765296097581
2024-11-14 00:00:00-05:00,223.59146688403663,227.41701609796436,223.57158960851197,226.77114868164065,44923900,0.0,0.0,226.885791015625,227.00503234863282,225.0939946492513,-0.7768944483045743,236.16321290008636,217.6083691311636,52.34388737373945,-17.866548191882444,0.06339620296222825
2024-11-15 00:00:00-05:00,224.96270031544069,225.47940335635096,222.8462328667566,223.57159423828125,47923700,0.0,0.0,226.40179672241212,226.95366923014322,225.10586471557616,-0.821154030171499,235.28243252369387,217.52116092113036,49.74369201716465,-53.88135754625764,1.2160607384647946
2024-11-18 00:00:00-05:00,223.81998425203597,228.28148462394063,223.7404903183321,226.57240295410156,44633700,0.0,0.0,225.9943946838379,227.17139943440756,225.12953516642253,-0.60709170780612,233.96964228888334,218.01914707879246,52.05448001667738,-15.88183827072002,3.2436839892619975
2024-11-19 00:00:00-05:00,225.53901477922057,228.6988344551977,225.22105418122663,226.8307647705078,36211800,0.0,0.0,225.63067855834962,227.26275329589845,225.1518867492676,-0.4118505786292417,232.6553286953227,218.60602842137652,52.25002915525017,-4.3425650182238185,3.8961294608611556
2024-11-20 00:00:00-05:00,226.61215353970655,228.4702769508748,224.45593165289552,227.5461883544922,35169600,0.0,0.0,225.55583801269532,227.2532231648763,225.17210057576497,-0.19711960088076808,232.45824557678287,218.65343044860776,52.80146447304113,-6.555558177594711,2.5842331304073927
2024-11-21 00:00:00-05:00,227.42694424740617,228.69881686539628,224.27707103239013,227.06922912597656,42108300,0.0,0.0,225.4665771484375,227.2443369547526,225.20984115600587,-0.06468473225993421,232.23423286657564,218.69892143029935,52.38424609955342,-9.28770578315662,2.962843529333556
2024-11-22 00:00:00-05:00,226.61216818417896,229.25528492407807,226.61216818417896,228.41067504882812,38168300,0.0,0.0,225.40270080566407,227.32946217854817,225.21534830729166,0.14682185930595892,232.02514306053783,218.7802585507903,53.45431575106542,17.940720111481742,3.9035884711241673
2024-11-25 00:00:00-05:00,229.99059491471,231.76922452168117,228.2815130321861,231.39163208007812,90152800,0.0,0.0,225.38911361694335,227.38988240559897,225.2836067199707,0.5486561103554948,231.95837337255938,218.81985386132732,55.74081266992405,63.654491733525965,8.068777540933574
2024-11-26 00:00:00-05:00,231.84870566104107,234.07449047305911,231.84870566104107,233.56771850585935,45986200,0.0,0.0,225.47093124389647,227.43847198486327,225.49119389851887,1.0308219636861793,232.41342745639776,218.5284350313952,57.32395178495164,115.94597812341465,11.699396534140908
2024-11-27 00:00:00-05:00,232.9814664022851,234.1937224347506,232.32565277909848,233.43853759765625,33498400,0.0,0.0,225.72346115112305,227.55124155680338,225.72838973999023,1.386534944830089,233.43729140897082,218.00963089327527,57.19830705731833,112.06378139940458,11.885587883084089
2024-11-29 00:00:00-05:00,233.31931239062584,236.3002669685808,232.48464874765904,235.8233184814453,28481400,0.0,0.0,226.30317077636718,227.73126271565755,225.98002192179362,1.8396654142925968,235.19660901279684,217.40973253993752,58.91793243155641,132.66529977300874,15.155388739860607
2024-12-02 00:00:00-05:00,235.7637060292764,239.26134854667043,235.65440375298792,238.0689697265625,48137100,0.0,0.0,227.14404754638673,227.891845703125,226.29488830566407,2.352857586111128,237.13841876577212,217.14967632700134,60.46521407939829,173.30546397122976,19.499262531216853
2024-12-03 00:00:00-05:00,238.28756099978403,241.21882985808793,237.3833345065081,241.10952758789065,38861000,0.0,0.0,228.18161849975587,228.1048151652018,226.65894190470377,2.970669657401288,239.43861642617227,216.92462057333947,62.44630312824856,198.3990393366265,22.222450981688525
2024-12-04 00:00:00-05:00,241.32815927991484,242.56029272240897,239.7184485394643,241.46726989746097,44383900,0.0,0.0,229.16561050415038,228.3502212524414,227.0421920776367,3.449394516783485,241.46176385866517,216.8694571496356,62.673957941953,201.58027766637414,24.044013712120414
2024-12-05 00:00:00-05:00,242.4410361127995,242.98753231090083,240.59284370740727,241.49705505371097,40033900,0.0,0.0,230.18732070922852,228.7653564453125,227.3837547302246,3.7875305356950832,243.03222604552445,217.34241537293258,62.69343674280371,181.89876378631354,24.625620835439832
2024-12-06 00:00:00-05:00,241.36787220390693,243.07695387436263,240.5431396985891,241.29830932617188,36870600,0.0,0.0,230.9628646850586,229.1801518758138,227.72018508911134,3.993434816854119,244.54129747708078,217.38443189303644,62.46841115134986,158.96853773441882,24.750378161697647
2024-12-09 00:00:00-05:00,240.29475369946152,245.67041216886827,240.21525975684384,245.1835174560547,44649200,0.0,0.0,231.94608306884766,229.69666239420573,228.12583567301434,4.419177739042254,246.6647378388269,217.2274282988684,65.00829950610824,162.36965423528204,28.310447422987316
2024-12-10 00:00:00-05:00,245.32260336553807,246.63423054379348,243.78244060146585,246.197021484375,36914800,0.0,0.0,233.11560974121093,230.18111724853514,228.6506118774414,4.7832253328842285,248.47951472222212,217.75170476019974,65.635862848908,162.94117833951697,29.591069727645625
2024-12-11 00:00:00-05:00,246.38582450957213,249.2077910379196,244.69660488558225,244.92515563964844,45205800,0.0,0.0,234.2215431213379,230.61424357096354,229.14641469319662,4.912478732663885,249.64511427210425,218.79797197057155,64.14245919974158,151.73437430278557,32.90190677926806
2024-12-12 00:00:00-05:00,245.32260415969785,247.1608653940442,244.1202792424049,246.3858184814453,32777500,0.0,0.0,235.35629272460938,231.21417287190755,229.60204544067383,5.074283090438996,250.85693152923426,219.8556539199845,65.08622609174974,131.68943219163015,31.46974297364474
2024-12-13 00:00:00-05:00,246.24671899982584,247.7073727380188,244.67674782957272,246.55474853515625,33155300,0.0,0.0,236.34547271728516,231.95836029052734,229.92517318725587,5.156702200211953,252.06279630800682,220.6281491265635,65.19582237064346,122.49280571765425,32.18659309144645
2024-12-16 00:00:00-05:00,246.4156487620838,249.7841268474892,246.0777957183055,249.44627380371097,51694800,0.0,0.0,237.63920669555665,232.89818827311197,230.30757649739584,5.39317272416136,253.18808923887102,222.0903241522423,67.02847988718952,128.29480813458656,34.86497745621841
2024-12-17 00:00:00-05:00,248.49237939681157,252.2185726786221,248.19428090188288,251.87078857421875,51356400,0.0,0.0,238.9041259765625,233.948610941569,230.75900700887044,5.710389581037873,254.77505382799458,223.03319812513044,68.46864938614755,134.99464575346772,37.842068948562044
2024-12-18 00:00:00-05:00,250.559158393614,252.66569465886903,246.16722071424977,246.47525024414065,56774100,0.0,0.0,239.88635025024413,234.77153828938802,231.10562388102213,5.463432327689475,255.02584720356072,224.74685329692755,62.21278289239009,107.76304404526803,32.62076555092105
2024-12-19 00:00:00-05:00,245.92873792847348,250.400169527173,245.5213371883983,248.2041931152344,60882300,0.0,0.0,240.91925048828125,235.6762496948242,231.49759902954102,5.345607331703889,255.3143520255631,226.5241489509994,63.3236222680606,97.26173515188424,30.985340445945095
2024-12-20 00:00:00-05:00,246.4653249902114,253.3811464831127,244.13025293349912,252.8743896484375,147495300,0.0,0.0,242.2095085144043,236.5791483561198,231.94838689168293,5.564926988988304,255.9904789897337,228.42853803907488,66.10772258664126,105.10830459733904,34.822789034112574
2024-12-23 00:00:00-05:00,253.15260355822255,254.02700659111463,251.840976266006,253.64942932128903,40858800,0.0,0.0,243.47144622802733,237.5168243408203,232.407625579834,5.735167184535612,256.5357503192673,230.40714213678734,66.5437241761623,119.08509922689544,35.62506014756811
2024-12-24 00:00:00-05:00,253.868019379837,256.5707374276886,253.66927695641888,256.5608215332031,23234700,0.0,0.0,244.7299057006836,238.6419687906901,232.8292002360026,6.035436036304759,257.7436363259582,231.71617507540896,68.13659145516326,128.67604308417162,38.69936079665503
2024-12-26 00:00:00-05:00,256.5508929178466,258.44877099351584,255.99445048269988,257.3756103515625,27237100,0.0,0.0,245.92030029296876,239.79427286783854,233.37667872111004,6.266906910963883,258.9903565903339,232.85024399560365,68.5698194101984,133.00067911124438,40.856566145980345
2024-12-27 00:00:00-05:00,256.19316170058187,257.05766400729357,251.4534547993944,253.96739196777344,42355300,0.0,0.0,246.9467430114746,240.8034917195638,233.8579241434733,6.104960324471875,259.08034018305653,234.81314583989268,64.75973236995779,104.69643812688915,29.46098716269176
2024-12-30 00:00:00-05:00,250.62873106361576,251.8906728018858,249.15813098648073,250.5989227294922,35557500,0.0,0.0,247.68552322387694,241.59775085449218,234.3013916015625,5.639797101522987,258.7166445192061,236.6544019285478,61.27845879856363,73.5526716997913,24.20662283806693
2024-12-31 00:00:00-05:00,250.83738041728796,251.6720440162376,247.84647977817443,248.8302001953125,39480700,0.0,0.0,248.22358474731445,242.43970438639323,234.69668680826823,5.0699871138475885,258.2870544434654,238.16011505116347,59.53989142109689,61.19180665986476,21.296396117747502
2025-01-02 00:00:00-05:00,247.34966196417784,247.51859606258617,240.28481431614935,242.3019256591797,55740700,0.0,0.0,248.2832046508789,242.96402180989583,235.06771062215168,4.045003119323809,258.18199673535946,238.38441256639837,53.720401748658716,6.39240548383287,6.425109953381143
2025-01-03 00:00:00-05:00,241.8150329589844,242.62981931594803,240.3543640210219,241.8150329589844,40244100,0.0,0.0,248.30059280395508,243.4634974161784,235.3631253560384,3.15701563619902,258.1500719137895,238.45111369412066,53.31832269160979,-14.876829997654859,6.425109953356624
2025-01-06 00:00:00-05:00,242.75898865424097,245.75982034447205,241.65603491404497,243.44461059570312,45045600,0.0,0.0,248.3979705810547,243.99344482421876,235.62333399454752,2.5553163582047205,257.999625292065,238.79631587004442,54.49748252081242,-0.8646761211720855,11.245314381339819
2025-01-07 00:00:00-05:00,241.43743349025635,243.99112508347835,239.81779188041267,240.67233276367188,40856000,0.0,0.0,248.36667175292968,244.44688161214194,235.84560928344726,1.833628762255671,258.06932055099577,238.66402295486358,52.177961645111694,-31.02356095217209,7.869440124308969
2025-01-08 00:00:00-05:00,240.3841632667122,242.16280789951685,238.52603985831155,241.15921020507812,37628900,0.0,0.0,248.16545639038085,244.87183278401693,236.10064748128255,1.2861471794191175,258.30321175609896,238.02770102466278,52.544914912069025,-49.450623692117674,5.541209071443183
2025-01-10 00:00:00-05:00,238.48630187104283,238.63535869995312,231.5208099984783,235.34637451171875,61710900,0.0,0.0,247.62292404174804,245.00365753173827,236.19676996866863,0.37884967682140314,259.255403033174,235.9904450503221,47.996272113597556,-122.33837069596228,5.858066750818382
2025-01-13 00:00:00-05:00,232.04743903723335,233.18020116738663,228.26162915914,232.9119110107422,49630700,0.0,0.0,247.02226181030272,244.98179728190104,236.21013463338215,-0.5305155367084922,260.35733028469673,233.68719333590872,46.261242427794535,-167.1377059348177,10.510056570804132
2025-01-14 00:00:00-05:00,233.2596800887061,234.62097773623856,230.9941559742804,231.79901123046875,39435300,0.0,0.0,246.2929214477539,244.9271464029948,236.23919397989908,-1.3257137287926923,261.2691678617213,231.31667503378648,45.4836874337292,-153.10581901672074,8.067953411587897
2025-01-15 00:00:00-05:00,233.1503884256181,237.4429702030776,232.94171493841435,236.35987854003903,39832000,0.0,0.0,245.78317794799804,244.94503173828124,236.3381472269694,-1.5697945357443075,261.4021125660781,230.16424332991804,49.10996629863535,-114.92530078271838,3.4364878414884603
2025-01-16 00:00:00-05:00,235.84318609247865,236.4989845496957,226.58234697208553,226.81088256835935,71759100,0.0,0.0,244.65140838623046,244.56976216634115,236.23080393473307,-2.504879809179471,262.30109594734495,227.00172082511597,42.92573162456972,-174.0012343093836,12.20769422792289
2025-01-17 00:00:00-05:00,230.64637201374376,230.81529094249188,227.0294813062853,228.51995849609375,68488300,0.0,0.0,243.4838668823242,244.15010986328124,236.12746251424153,-3.0726142963059146,262.1810135786066,224.7867201860418,44.22612295131278,-172.17990759988223,12.207694227850668
2025-01-21 00:00:00-05:00,222.57792910461188,222.99526090225285,217.9872641686431,221.2265625,98070400,0.0,0.0,242.2214324951172,243.4754196166992,235.9128204345703,-4.064214338087055,263.32311644675804,221.11974854347636,40.18426172065282,-227.54126564860096,22.868403244014207
2025-01-22 00:00:00-05:00,218.39465138442915,222.6971640978084,218.39465138442915,222.4090118408203,64126500,0.0,0.0,240.9316734313965,242.83915150960286,235.8022539774577,-4.700466681661112,263.5895596164112,218.27378724638183,41.08726171019643,-192.58667599330326,22.86840324387751
2025-01-23 00:00:00-05:00,223.3132578125695,225.58871322146769,220.88874557201237,222.2401123046875,60234800,0.0,0.0,239.39995956420898,242.2038782755534,235.6920150756836,-5.15886188043018,262.78856281480785,216.01135631361012,40.995812292602665,-155.8075755127216,17.966220943692495
2025-01-24 00:00:00-05:00,223.3529644564833,224.19757422629087,220.00436403066544,221.36566162109375,54697900,0.0,0.0,237.78577117919923,241.40994974772136,235.55330607096354,-5.528969718835867,261.4876634006331,214.0838789577654,40.51286819977502,-145.27512314029113,18.98886921582689
2025-01-27 00:00:00-05:00,222.59782027357136,230.67619691244207,222.55806572164707,228.40074157714844,94863400,0.0,0.0,236.37776718139648,240.81674041748047,235.49892883300782,-5.1947290861199065,258.688398635069,214.06713572772392,45.824380833535876,-95.96037782852005,8.718127480805908
2025-01-28 00:00:00-05:00,229.3844597561093,238.66516132615985,229.3447052045828,236.74740600585935,75707600,0.0,0.0,235.34635696411132,240.54414876302084,235.57919616699218,-4.207829672030812,255.35862364799593,215.33409028022672,51.17500635829314,-38.33074250664918,2.065440972403212
2025-01-29 00:00:00-05:00,232.6336842670617,238.33724933385383,232.52438199561368,237.8404235839844,45486100,0.0,0.0,234.54000854492188,240.2593022664388,235.7367375691732,-3.2994731200361116,252.59725583127272,216.48276125857103,51.81963296581612,-26.831860517073274,2.0654409723877976
2025-01-30 00:00:00-05:00,237.1547951903121,239.26133146080377,235.7040725307193,236.08164978027344,55658300,0.0,0.0,233.81414489746095,239.9101989746094,235.93427963256835,-2.690497969680621,250.247456541987,217.3808332529349,50.70527361578475,-19.332157369697132,3.2532956525241694
2025-01-31 00:00:00-05:00,245.62071750771997,245.62071750771997,231.95800933839703,234.5017547607422,100959800,0.0,0.0,233.09772262573242,239.41204833984375,236.15511830647787,-2.308751252644697,247.94771570257936,218.24772954888547,49.711854770330625,-14.59353415044226,10.943222251407263
2025-02-03 00:00:00-05:00,228.52991033796465,230.35822543026035,224.2671369795404,226.56246948242188,73063300,0.0,0.0,232.31074981689454,238.5684377034505,236.25852432250977,-2.6166846873954626,246.77003242591425,217.85146720787483,45.11676836239061,-83.83118720160698,0.9086664518300043
2025-02-04 00:00:00-05:00,225.8073134168997,231.64998934854387,225.21111642561868,231.32208251953125,45067300,0.0,0.0,231.78610229492188,238.0633321126302,236.4174352010091,-2.448439077047368,245.5374851457998,218.03471944404396,48.0923934665134,-62.97455599081859,2.441841607592088
2025-02-05 00:00:00-05:00,227.0791967098242,231.19291368703577,226.82085275464703,230.9941864013672,39620300,0.0,0.0,231.16358108520507,237.48966522216796,236.58295745849608,-2.3148772313341794,243.77254348528396,218.55461868512617,47.907284277663074,-57.5934182569817,2.4418416075784806
2025-02-06 00:00:00-05:00,229.8216550685821,232.31573010563136,228.96711414866223,231.73941040039065,29925300,0.0,0.0,230.71693496704103,236.78516591389973,236.68215713500976,-2.1244063240147284,242.51442396527526,218.9194459688068,48.374470385368824,-44.356398089944555,3.8260003382470287
2025-02-07 00:00:00-05:00,231.1233398047693,232.51444580894437,225.8172293901739,226.1848907470703,39707200,0.0,0.0,229.9682189941406,235.86968129475912,236.69325281778973,-2.3940628068753256,240.83967216921522,219.096765819066,45.24570355270068,-62.964922847816624,0.2799524107313993
2025-02-10 00:00:00-05:00,228.3633671022546,229.3779949636392,226.005813710008,226.4534454345703,33115600,0.25,0.0,229.5235725402832,234.86610209147136,236.75403544108073,-2.556626198069523,240.19444005476265,218.85270502580374,45.422259363337474,-66.63781321748516,0.27995241073017235
2025-02-11 00:00:00-05:00,227.000572314181,233.9936212519964,226.9309481287188,231.3973388671875,53718400,0.0,0.0,229.44784393310547,234.00015970865886,236.8972162882487,-2.260470675769909,240.0386610120512,218.85702685415976,48.57985648244857,-31.160699979878594,5.575684696796058
2025-02-12 00:00:00-05:00,229.9848183887123,235.71455375787428,229.4675472393098,235.62501525878903,45243300,0.0,0.0,229.63914413452147,233.3887471516927,237.09611943562825,-1.6654291079627797,240.5423857865686,218.73590248247436,51.083389992897885,2.698196825856726,7.655512908934292
2025-02-13 00:00:00-05:00,235.66480095549997,241.06625350434595,234.33184765944375,240.2605133056641,53614100,0.0,0.0,229.83417587280275,233.04413350423178,237.320942179362,-0.8104658803522113,241.36507429514603,218.30327745045946,53.64344446249951,64.19387240194621,13.765966887478108
2025-02-14 00:00:00-05:00,239.9819785190441,244.25938055012708,239.7233505557091,243.3143768310547,40896200,0.0,0.0,230.6593505859375,232.8602727254232,237.6499885559082,0.11222622741206578,243.55998245011682,217.75871872175816,55.23991261249791,116.30696983615819,17.149761409041712
2025-02-18 00:00:00-05:00,242.86674847770817,243.8913336127375,240.56889220053384,243.18507385253903,48822500,0.0,0.0,231.39260635375976,232.88971099853515,237.9268664042155,0.8235394505661588,245.4007874315829,217.38442527593662,55.15671140576323,118.64453412507666,17.149761408969265
2025-02-19 00:00:00-05:00,243.37407429304395,244.716969605811,241.88195827091008,243.5829620361328,32204200,0.0,0.0,232.51042633056642,232.94864196777343,238.2060696919759,1.4031914383317883,246.67007467056033,218.3507779905725,55.37069110539736,126.6408918793137,18.03967510111474
2025-02-20 00:00:00-05:00,243.65259654249155,245.4829218502696,243.00600383864503,244.5379180908203,32316900,0.0,0.0,233.61687164306642,232.985085550944,238.48926518758137,1.9175227785411266,247.91071907946667,219.32302420666616,55.89323874449778,137.008017883627,18.875932885617694
2025-02-21 00:00:00-05:00,244.65729095432025,247.38289505871285,243.93113206298463,244.2593994140625,53197400,0.0,0.0,234.71783599853515,233.10465443929036,238.77576802571613,2.2764188027410626,248.71093315477953,220.72473884229078,55.69648287680065,142.27818433557812,20.945744390235266
2025-02-24 00:00:00-05:00,243.64264638435856,247.55199828948733,243.1353323966777,245.80125427246097,51326400,0.0,0.0,235.93961563110352,233.25938924153647,239.06561101277669,2.6546600206304447,249.27566758955118,222.60356367265587,56.571972392653585,139.71773502432953,19.62330309087976
2025-02-25 00:00:00-05:00,246.6964922140581,248.68598005449408,243.6227371434456,245.7415313720703,48013300,0.0,0.0,236.8066551208496,233.60589447021485,239.30477600097657,2.9159860993373456,250.33243261101154,223.28087763068766,56.527212301014735,132.8667372776933,20.898265537791737
2025-02-26 00:00:00-05:00,243.04579925662603,243.6923767743236,237.87313357927937,239.09666442871097,44433600,0.0,0.0,236.9241180419922,233.81205291748046,239.39692509969075,2.5574232868957267,250.488477695174,223.35975838881038,51.80913907496368,66.86764905452677,11.612155595557802
2025-02-27 00:00:00-05:00,238.15169082894496,241.18566339775504,235.8140361008641,236.0527801513672,41153600,0.0,0.0,236.83473587036133,233.95384521484374,239.44049580891928,2.0045366021816164,250.39723161356014,223.27224012716252,49.8379320970306,38.48214823170516,8.523981801772836
2025-02-28 00:00:00-05:00,235.70458076540925,240.8175641664438,228.9900589647863,240.56887817382812,56833400,0.0,0.0,237.05909729003906,234.09414520263672,239.51958847045898,1.908778083446009,250.71726277042802,223.4009318096501,52.60558424805621,28.858831276141448,0.8784903996433546
2025-03-03 00:00:00-05:00,240.519147417306,242.74737946323825,234.8690087281554,236.77891540527344,47184000,0.0,0.0,237.17295532226564,234.4264129638672,239.49808756510416,1.5096679338573722,250.77922538172814,223.56668526280313,50.200982643557424,39.66718244501893,1.6152182018591656
2025-03-04 00:00:00-05:00,236.46059966619737,238.80819608105105,233.44651142335263,234.68994140625,53798100,0.0,0.0,237.57932891845704,234.6320790608724,239.39109446207684,1.0131288032449675,250.308495069494,224.85016276742007,48.925805223539456,12.623997029191148,0.26476814300062096
2025-03-05 00:00:00-05:00,234.18263593082168,235.30670153327668,228.0251680036218,234.50096130371097,47227600,0.0,0.0,237.738272857666,235.0745590209961,239.27498931884764,0.5974814556595334,250.2153540610208,225.2611916543112,48.809774900010915,-24.582791592720962,7.0450418216752375
2025-03-06 00:00:00-05:00,233.20777237015392,236.60979483297604,231.9345013377031,234.0930938720703,45170400,0.0,0.0,237.89321823120116,235.46402842203776,239.1515899658203,0.23248648558953278,250.0915171140538,225.69491934834852,48.55269208841509,-12.606125615823032,5.265627604455225
2025-03-07 00:00:00-05:00,233.87426828677377,240.10136041796665,233.5261018066448,237.81346130371097,46273600,0.0,0.0,238.1969207763672,235.98314005533854,239.09350916544597,0.24065379434830447,250.04761615812527,226.34622539460912,50.98856014434578,18.406823444510454,0.6290062287042089
2025-03-10 00:00:00-04:00,234.30201287196223,234.9187645202326,223.04151782981955,226.2843780517578,72071200,0.0,0.0,238.20189514160157,236.147097269694,238.77852350870768,-0.6753887592796843,250.03142530758896,226.37236497561418,44.26923950978069,-106.8951345382937,12.589107541058963
2025-03-11 00:00:00-04:00,222.6336665978936,224.65299583409444,216.3070937419303,219.6792755126953,76137400,0.0,0.0,237.86318664550782,235.85638173421225,238.33656107584636,-1.9122919453319014,251.37708882258383,224.34928446843182,41.06220981897971,-200.56755041918765,19.062025096523822
2025-03-12 00:00:00-04:00,218.98294858814833,220.58448707211764,213.7804415985268,215.8395538330078,62547500,0.0,0.0,237.08529739379884,235.15945332845052,237.85180104573567,-3.165885721440958,253.61980582634953,220.55078896124814,39.34798849338958,-209.90732579837623,21.323277444855872
2025-03-13 00:00:00-04:00,214.8149604095551,215.70028194858563,207.3245394208188,208.57791137695312,61368300,0.0,0.0,235.73294219970703,234.1840362548828,237.2216692606608,-4.69124393885906,256.6214366174168,214.84444778199725,36.376943974008974,-236.93581995215953,26.733752383371943
2025-03-14 00:00:00-04:00,210.13968770979585,212.82549370042787,208.47846691122496,212.367919921875,60107600,0.0,0.0,234.33831253051758,233.3935785929362,236.6518887837728,-5.5305268299608485,257.5494224977371,211.12720256329806,38.869104241281526,-199.21429620332762,26.733752383243885
2025-03-17 00:00:00-04:00,212.18883784213668,214.0888025037831,208.8663965620962,212.87521362304688,48073400,0.0,0.0,232.81635437011718,232.67269388834634,236.04237111409506,-6.084590830246725,257.4947360223308,208.13797271790358,39.19887760638498,-170.34681370053613,24.9345877204479
2025-03-18 00:00:00-04:00,213.0343879953175,214.019174884069,210.3784232206469,211.57211303710935,42432400,0.0,0.0,231.2357063293457,232.17301534016926,235.3707265218099,-6.553297534417311,257.1371204592121,205.3342921994793,38.644904374168675,-154.86535970967958,24.93458772034236
2025-03-19 00:00:00-04:00,213.0940452987452,217.6101760496477,212.6265144386749,214.1086883544922,54385400,0.0,0.0,229.76199264526366,231.59923553466797,234.8312838236491,-6.643488544737892,256.05643407074825,203.46755121977907,40.34264834666565,-121.74362031537595,19.762658373313283
2025-03-20 00:00:00-04:00,212.8652784783013,216.3468825511506,211.10457731145533,212.9747009277344,48862900,0.0,0.0,228.18383178710937,230.99858601888022,234.2441256205241,-6.728902281514024,254.53295418725253,201.8347093869662,39.83290997341728,-119.35695332415344,21.19299784908588
2025-03-21 00:00:00-04:00,210.4480334492585,217.68976839110027,210.16950634984832,217.12277221679688,94127800,0.0,0.0,226.8270004272461,230.51136474609376,233.64826532999675,-6.388238955000162,252.47611257349388,201.17788828099833,42.57839741930283,-99.06268583325509,19.252576676949587
2025-03-24 00:00:00-04:00,219.8384246082871,220.3158974796034,217.4311459430569,219.56983947753903,44299500,0.0,0.0,225.5154296875,230.29086303710938,233.08027216593425,-5.853329399695042,249.72136741465323,201.30949196034675,44.13411266536706,-68.43451661426815,15.511105123068923
2025-03-25 00:00:00-04:00,219.60962662242417,222.9221258053629,218.9232508666907,222.5739593505859,34493600,0.0,0.0,224.35705108642577,230.1615468343099,232.51382446289062,-5.127891218062558,246.62752003741775,202.0865821354338,45.992364503678175,-51.48773018466006,11.906564804261645
2025-03-26 00:00:00-04:00,222.3352199198642,223.8372930332484,219.31120492080973,220.3656311035156,34466100,0.0,0.0,223.420499420166,229.7938232421875,231.89699147542316,-4.677253400674488,244.63126203674264,202.20973680358938,44.85770756967194,-49.97123958982083,10.65227539953166
2025-03-27 00:00:00-04:00,220.22636977863215,223.80745418869537,219.40073045135125,222.67344665527344,37094800,0.0,0.0,222.75153274536132,229.362104288737,231.37542572021485,-4.086788304282351,243.1116660522938,202.39139943842883,46.29020243598316,-42.4732125740907,10.652275399472193
2025-03-28 00:00:00-04:00,220.50488863250547,222.63364006926244,216.5358548246797,216.75469970703125,39818600,0.0,0.0,221.5608238220215,228.57857716878254,230.81135533650715,-4.049750867888662,240.25047667498947,202.8711709690535,43.30548580361668,-57.67731523969419,13.885747025766786
2025-03-31 00:00:00-04:00,215.86939419548492,224.43414081005065,215.09349507460487,220.9624938964844,65299300,0.0,0.0,220.77000274658204,227.83351440429686,230.34689356486004,-3.638917432605183,238.03237171054226,203.5076337826218,45.872227437979305,-45.41722377803175,11.267770593852637
2025-04-01 00:00:00-04:00,218.6546823259,222.5043368564035,217.749461617725,222.0169219970703,36412700,0.0,0.0,220.13635177612304,227.1279093424479,230.00881017049153,-3.1914563179334436,236.13114968016902,204.14155387207705,46.50011189050347,-38.66217487357929,11.26777059378189
2025-04-02 00:00:00-04:00,220.15677238154151,224.006427206847,219.85834611462545,222.7132568359375,35905900,0.0,0.0,219.54696655273438,226.4322525024414,229.69044723510743,-2.748963419657798,234.1184624766248,204.97547062884394,46.920750138624385,-26.82983551495162,9.030120806840834
2025-04-03 00:00:00-04:00,204.45969456936825,206.39945769712665,200.19224908119847,202.12205505371097,103419000,0.0,0.0,217.94841461181642,225.0183904012044,229.00173797607422,-4.013556722215952,232.8126471926903,203.08418203094254,37.82359640267722,-141.38023351710302,28.503907724744067
2025-04-04 00:00:00-04:00,192.8709112290044,198.82943318150367,186.3553350717911,187.3898773193359,125910900,0.0,0.0,215.42723541259767,223.12273966471355,228.11369705200195,-6.133812870014026,232.96857262880454,197.8858981963908,33.077067794467965,-207.01450718591167,38.14203669491405
2025-04-07 00:00:00-04:00,176.26863687444822,193.12954493623215,173.70219548773406,180.5062561035156,160466300,0.0,0.0,213.13832931518556,220.9462397257487,227.1028144836426,-8.274201995960993,235.8881510888915,190.3885075414796,31.18542873610366,-245.77376290613535,45.13824080591574
2025-04-08 00:00:00-04:00,185.71870692843436,189.33957458197375,168.32064359895526,171.51376342773438,120859500,0.0,0.0,210.7300537109375,218.47198079427082,226.03893763224283,-10.574201986198744,239.8657003041899,181.59440711768514,28.94815777625,-252.99414961218054,47.73886832783058
2025-04-09 00:00:00-04:00,171.04623198001363,199.55559936553783,170.98654976711688,197.8048553466797,184395900,0.0,0.0,209.82831878662108,217.09558715820313,225.4538200378418,-10.158397472352931,239.4110281042581,180.24560946898407,41.61623619328677,-158.24798360732535,35.15701338371691
2025-04-10 00:00:00-04:00,188.07624843340895,193.7562279640405,182.03814529024513,189.4191436767578,121880000,0.0,0.0,208.87038040161133,215.54113260904947,224.74748891194662,-10.385805152013319,239.83221521464827,177.90854558857438,39.30402757725446,-148.8886729371832,35.15701338323888
2025-04-11 00:00:00-04:00,185.1218672695082,198.491214081568,185.0820690088969,197.1085205078125,87435900,0.0,0.0,208.1074104309082,214.0924540201823,224.0932996114095,-9.832219226170082,239.45598841643002,176.7588324453864,42.34276053732923,-110.52083692151008,29.67924499926131
2025-04-14 00:00:00-04:00,210.32866545443895,211.82078139531484,200.10269875392328,201.45555114746097,101352900,0.0,0.0,207.53642730712892,212.91500854492188,223.67071075439452,-8.93967830189166,238.93531506228126,176.13753955197657,43.98289016567058,-46.76886979097824,15.989246382351112
2025-04-15 00:00:00-04:00,200.7990180691496,202.44033954558063,198.74984792281177,201.0775451660156,51343900,0.0,0.0,207.0116989135742,211.79459533691406,223.21333719889324,-8.168671749459548,238.47730862757177,175.54608919957664,43.87062954913714,-61.682043647767756,16.9102000077814
2025-04-16 00:00:00-04:00,197.3174002682565,199.64509734735063,191.35887885331948,193.2489013671875,59732400,0.0,0.0,205.96870956420898,210.41952667236328,222.74704284667968,-8.096023708008033,237.82428042699104,174.11313870142692,41.59602150262566,-86.99671123888102,21.757714730926224
2025-04-17 00:00:00-04:00,196.16351652823,197.78495412822457,193.3981293835527,195.94467163085935,52164700,0.0,0.0,205.11720809936523,209.14791259765624,222.30597050984701,-7.731796147854169,237.09446631049502,173.13994988823544,42.655145388367245,-74.33429564278147,21.75771473084563
2025-04-21 00:00:00-04:00,192.25415204712533,192.78136508405416,188.81233157759124,192.1447296142578,46742500,0.0,0.0,203.8683059692383,207.62562154134113,221.80438079833985,-7.6614503154641795,235.82236987514153,171.91424206333505,41.55624586414679,-90.68308836714712,24.67559303858547
2025-04-22 00:00:00-04:00,195.08918671811185,200.5304375648519,194.93998119085117,198.6901702880859,52976400,0.0,0.0,202.82432250976564,206.70581461588543,221.42645594278972,-6.9968826686371415,233.9726006773818,171.67604434214948,44.12142138669658,-48.50033315243228,17.04535792118557
2025-04-23 00:00:00-04:00,204.9172632087338,206.9067512010516,201.7340854567431,203.52462768554688,52929200,0.0,0.0,201.87185592651366,206.16732635498047,221.01185404459636,-6.010818735073343,231.6104389670684,172.13327288595892,45.93455927416867,-12.055037012340737,11.249753440270082
2025-04-24 00:00:00-04:00,203.81309077731203,207.7323844355936,201.87334307751465,207.27479553222656,47311000,0.0,0.0,201.21731414794922,205.8818344116211,220.5206438700358,-4.870603474738971,229.79564349130646,172.63898480459198,47.30660285530879,-0.8487351902740488,10.516737609242025
2025-04-25 00:00:00-04:00,205.28532955589748,208.6475693809006,205.11622488486225,208.18003845214844,38222300,0.0,0.0,200.49264373779297,205.86857198079426,220.02630411783855,-3.8495538671927534,227.47035491521893,173.51493256036701,47.63841982343434,9.940052312625863,9.687997491432622
2025-04-28 00:00:00-04:00,208.8962283982374,210.38834431536768,206.36958545714225,209.03549194335935,38743100,0.0,0.0,200.10668334960937,205.7574910481771,219.57553482055664,-2.937475362070586,226.31468437565877,173.89868232355997,47.95878429639476,18.323608508164423,8.09305469804868
2025-04-29 00:00:00-04:00,207.59312493762445,211.12446912484504,207.27479957627347,210.09988403320312,36827600,0.0,0.0,199.5635528564453,205.66498006184895,219.16883697509766,-2.1044996672771106,224.3641520476152,174.76295366527543,48.36541557544145,24.452517496985898,7.409832248438391
2025-04-30 00:00:00-04:00,208.19992461631293,212.4574277707069,205.5837430092506,211.3831024169922,52286500,0.0,0.0,199.0318618774414,205.65867970784504,218.91584752400715,-1.3255354807147057,222.20841641566741,175.8553073392154,48.86373128196572,26.945764049221765,8.780032952036171
2025-05-01 00:00:00-04:00,207.98107159612528,213.43226431553572,207.8020097882055,212.19879150390625,57365700,0.0,0.0,198.50613861083986,205.5950164794922,218.59712600708008,-0.6350608719935735,219.82332762666533,177.18894959501438,49.186203916978705,36.274534218665444,7.828443596999526
2025-05-02 00:00:00-04:00,205.00680709347017,205.9020858869881,201.09747008207196,204.2707061767578,101010600,0.0,0.0,198.6135711669922,205.3048833211263,218.15173467000326,-0.7192934311783858,220.02892057228323,177.19822176170115,46.25345470048607,-7.719433098660416,13.228963799563212
2025-05-05 00:00:00-04:00,202.03251395918383,203.02725796650907,197.1682163705072,197.8446350097656,69018500,0.0,0.0,199.13630905151368,204.6622787475586,217.58682174682616,-1.2897115870954678,219.89855471914964,178.3740633838777,44.05109234205141,-32.92286657598888,16.20554885165179
2025-05-06 00:00:00-04:00,197.1682027308483,199.59536519080132,195.9844550154461,197.46661376953125,51216500,0.0,0.0,199.98432693481445,203.92550455729167,217.10818379720052,-1.7520783712988077,218.84064145671536,181.12801241291353,43.92381865719544,-40.16934453972066,17.09192424471167
2025-05-07 00:00:00-04:00,198.12317194216024,198.3917570874617,192.2342889482049,195.2185211181641,68536700,0.0,0.0,201.16956481933593,203.01365661621094,216.5876017252604,-2.273699871039554,214.72612842070475,187.6130012179671,43.15671929961623,-51.88220846073652,19.86977180031325
2025-05-08 00:00:00-04:00,196.68079799363124,198.99855348942916,193.65676753221484,196.45201110839844,50478900,0.0,0.0,201.10192260742187,202.21653594970704,216.00517959594725,-2.5580685126862477,214.74241583066862,187.46142938417512,43.71466440165529,-40.419980402074536,19.20126138465453
2025-05-09 00:00:00-04:00,197.95407268173315,199.4859718922483,196.5017396407649,197.48654174804688,36453900,0.0,0.0,201.50529251098632,201.3769724527995,215.36953837076823,-2.6691860183612732,214.13048889430425,188.8800961276684,44.18995116748151,-25.908017079913446,18.651399587580332
2025-05-12 00:00:00-04:00,210.13634313336473,210.435160708662,205.93301745006437,209.95704650878903,63775800,0.26,0.0,202.14771881103516,201.15038401285807,214.8644805908203,-1.731027718322565,215.13334108888327,189.16209653318705,49.506832959055274,62.269135259026385,7.163924432108421
2025-05-13 00:00:00-04:00,209.5984864444124,212.55675181657617,208.1741443311085,212.0886077880859,51909300,0.0,0.0,202.67937164306642,200.8545878092448,214.34405110677082,-0.8062375211594599,216.39578068772923,188.9629625984036,50.34332021159694,85.03703833422615,5.12380409075978
2025-05-14 00:00:00-04:00,211.59057778761635,213.09462076548897,209.74789716231064,211.4909820556641,49325800,0.0,0.0,203.20004348754884,200.50372314453125,213.8158162434896,-0.12017275250795478,217.44098567060536,188.95910130449232,50.10258392176586,95.39205489340895,4.601548217395935
2025-05-15 00:00:00-04:00,210.116431917556,212.1184991665837,208.71199985896817,210.6144561767578,45029500,0.0,0.0,204.06832122802734,200.10042978922527,213.26634114583334,0.34878957734909477,217.86527912365045,190.27136333240423,49.74169050473689,95.26683466385589,5.536543848976736
2025-05-16 00:00:00-04:00,211.52086084946143,211.73003772257164,208.94109887256835,210.4252014160156,54737900,0.0,0.0,204.79234771728517,200.37720133463543,212.69779586791992,0.6971381502850136,218.31132603338835,191.27336940118198,49.66179054930959,88.99396723763239,5.536543848961621
2025-05-19 00:00:00-04:00,207.0884445111699,208.65223273202483,203.45285841572863,207.9550018310547,46140500,0.0,0.0,205.582861328125,201.06270548502604,212.09272257486978,0.7650632687389418,217.77142440446744,193.39429825178257,48.607553565551065,53.24324459158104,10.509429510363935
2025-05-20 00:00:00-04:00,206.84938410987283,207.64622592622175,204.2198167548668,206.04258728027344,42496600,0.0,0.0,205.9504821777344,201.9139165242513,211.430078125,0.6570049983058937,217.69929477851906,194.2016695769497,47.7949639574818,42.722734894138505,10.50942951032499
2025-05-21 00:00:00-04:00,204.3592586621154,206.2218644000924,199.91689108628387,201.2914276123047,59211800,0.0,0.0,205.83882217407228,202.90650533040363,210.68924306233723,0.185846835726295,217.7263388334903,193.95130551465425,45.82607594814242,1.6208537517290378,14.294972378303628
2025-05-22 00:00:00-04:00,199.91690559460176,201.94883789272,198.91088686006037,200.5643310546875,46742400,0.0,0.0,205.5032989501953,202.9984878540039,210.04703750610352,-0.24341409209586118,217.59717490340873,193.40942299698187,45.52915272667488,-25.882816136493144,15.162924559399876
2025-05-23 00:00:00-04:00,192.9046989896,196.91877297523905,192.6955373289648,194.49838256835935,78432900,0.0,0.0,204.81921615600587,203.16779581705728,209.35446421305338,-1.0608490106140778,217.7914746842685,191.84695762774322,43.11802488349053,-99.4812637034864,20.320271566551284
2025-05-27 00:00:00-04:00,197.51641281084125,199.94677348688452,196.64984031499387,199.4188690185547,56288500,0.0,0.0,204.33838500976563,203.24480743408202,208.66863072713215,-1.296682588803776,217.36540453927427,191.311365480257,45.538245078555356,-55.247298650736944,16.743533452519106
2025-05-28 00:00:00-04:00,199.79736291846777,201.9289060786693,199.11008702875665,199.62803649902344,45339700,0.0,0.0,203.81479263305664,203.18389027913412,208.049449412028,-1.4499897517491718,216.7078745169856,190.92171074912767,45.63995642194483,-33.71349726377268,14.439835276955776
2025-05-29 00:00:00-04:00,202.77554227533128,203.0046291598645,197.72556941325453,199.15988159179688,51396800,0.0,0.0,203.20363159179686,203.11996815999348,207.45728174845377,-1.5909237922201669,215.7400496117427,190.66721357185102,45.44345406472937,-36.42494009304308,15.642666322100347
2025-05-30 00:00:00-04:00,198.5821728136608,201.1619498266407,196.00241099917395,200.05633544921875,70819900,0.0,0.0,202.5965087890625,203.34688262939454,206.8832046508789,-1.6117000257040104,214.45656158804027,190.73645599008475,45.90481705620011,-50.565294872236514,17.142404064863296
2025-06-02 00:00:00-04:00,199.48856723355908,201.3312628058232,199.32919584599733,200.9029541015625,35423300,0.0,0.0,202.42812118530273,203.5121587117513,206.33003565470378,-1.5420742189792804,214.28371859091357,190.5725237796919,46.34808291404167,-35.285243656080596,16.931098560578118
2025-06-03 00:00:00-04:00,200.55437033168948,202.96480586317463,200.16591202699755,202.46678161621097,46381600,0.0,0.0,202.659228515625,203.8562271118164,205.74092432657878,-1.3452008168841871,214.3171789439912,191.00127808725878,47.175201558592505,-23.965288631816037,14.863144108917249
2025-06-04 00:00:00-04:00,202.10819540070028,205.42503857555045,201.3013985849111,202.0185546875,43604000,0.0,0.0,202.88682556152344,203.96717325846353,205.33649393717448,-1.2113813444061918,214.29294853076857,191.4807025922783,46.960543089307656,-11.871570552974394,11.783106820688861
2025-06-05 00:00:00-04:00,202.69585814733983,203.9409187010704,199.35908978394465,199.8372039794922,55126100,0.0,0.0,203.11775970458984,203.8442591349284,205.00579274495442,-1.2667429954464637,214.0472368225223,192.18828258665738,45.908867838406046,-37.09837300552403,13.673638916844679
2025-06-06 00:00:00-04:00,202.19783403313104,204.8871617909174,201.2515910514923,203.11419677734375,46607700,0.0,0.0,203.45086898803712,203.70557250976563,204.79370346069337,-1.0342691598750946,213.9214046430791,192.98033333299514,47.72810790454895,-6.683181378464449,12.459035909640193
2025-06-09 00:00:00-04:00,203.58233063284263,205.1859691550524,199.22960401477,200.65394592285156,72862600,0.0,0.0,203.60923919677734,203.45470275878907,204.66163736979166,-1.0366043237046085,213.79178889338237,193.4266895001723,46.51313466964054,-24.796469434132103,14.479011875179461
2025-06-10 00:00:00-04:00,199.8073282051838,203.5425099498084,199.77744796710627,201.869140625,54672600,0.0,0.0,203.2048439025879,203.21582438151043,204.48665771484374,-0.9296821046109756,212.9593363772109,193.4503514279649,47.19991343780492,-21.674774432116507,14.479011875115093
2025-06-11 00:00:00-04:00,202.69585666840095,203.69190510411792,197.62597377823997,197.9945068359375,60989900,0.0,0.0,202.50013885498046,202.81231180826822,204.2386459350586,-1.1444040630854886,211.5643223183113,193.43595539164963,45.28210861223759,-49.11219995647035,16.668528340518424
2025-06-12 00:00:00-04:00,198.29333609984755,198.890956077424,196.58013147350607,198.4128570556641,43904600,0.0,0.0,201.84623260498046,202.37997029622395,204.0193250020345,-1.2662192088855022,210.02291314613336,193.66955206382755,45.52931440494896,-75.1825657619319,17.727738800576272
2025-06-13 00:00:00-04:00,198.94077463318544,199.57824510364551,194.92670015226577,195.6737365722656,51447300,0.0,0.0,201.09919662475585,201.82913513183593,203.71207580566406,-1.565733914853098,208.60544251168608,193.59295073782562,44.177476602509195,-93.38616985564008,19.40319941528809
2025-06-16 00:00:00-04:00,196.52037110088895,197.90487790098297,195.78328974313985,197.6359405517578,43020700,0.0,0.0,200.45973358154296,201.60797627766928,203.4564297993978,-1.6260242198556227,206.691641667048,194.22782549603792,45.379317211438206,-81.71388603195615,19.403199415232937
2025-06-17 00:00:00-04:00,196.4207613301707,197.6060614779548,194.43863454049264,194.8669281005859,38856200,0.0,0.0,199.80532989501953,201.50871938069662,203.08549906412762,-1.8756199054085982,205.4437276825836,194.16693210745544,43.9965161275472,-102.75058702805268,20.806788666220324
2025-06-18 00:00:00-04:00,195.16573699325735,196.7893008408277,194.2991796996429,195.80320739746097,45394700,0.0,0.0,199.2933609008789,201.4532725016276,202.68938852945965,-1.975108548123501,204.3795884436015,194.20713335815628,44.58714685161864,-100.14466925383667,20.954476739464738
2025-06-20 00:00:00-04:00,197.4566611092843,200.90298042554332,196.08210930882012,200.20574951171875,96813500,0.0,0.0,199.23907699584962,201.61951344807943,202.31658503214518,-1.6793471901602288,204.25824809484365,194.21990589685558,47.29114226455123,-45.11053361396123,14.441760949708003
2025-06-23 00:00:00-04:00,200.83324176458547,201.50059236215068,198.1737943867686,200.70375061035156,55814300,0.0,0.0,199.2460479736328,201.76123809814453,201.98888702392577,-1.388760885424432,204.2733496787032,194.21874626856243,47.590407493573494,-29.48278175594149,13.523139396512935
2025-06-24 00:00:00-04:00,201.78945874554145,202.63610603642124,199.4089034764897,199.50851440429688,54064000,0.0,0.0,199.49655456542968,201.8286371866862,201.60280481974283,-1.240613695753467,203.99974319798284,194.99336593287651,46.92886251187487,-24.484593415783657,11.759807329845893
2025-06-25 00:00:00-04:00,200.65396860223956,202.8651975026319,199.82724651799433,200.76353454589844,39525700,0.0,0.0,199.56378784179688,201.52218678792318,201.33628540039064,-1.0102903455899934,204.1021079412537,195.02546774234006,47.718285894648545,-8.894722950921318,11.398672373946779
2025-06-26 00:00:00-04:00,200.63404307360597,201.8392684520338,198.67184150130464,200.20574951171875,50799100,0.0,0.0,199.59267349243163,201.12609151204427,200.99033966064454,-0.862819970318526,204.1400604476847,195.04528653717855,47.39415843557125,-22.32067734564418,12.867639101063105
2025-06-27 00:00:00-04:00,201.09222774816857,202.41697405518968,199.20969672208463,200.28543090820312,73188600,0.0,0.0,199.64895095825196,200.75257314046223,200.62814814249674,-0.7310914455821091,204.2016417651091,195.09626015139483,47.44691087837471,-6.339844708656971,11.907955051064611
2025-06-30 00:00:00-04:00,201.211736268348,206.57048164253425,198.4726031076903,204.3592529296875,91912800,0.0,0.0,199.86409683227538,200.5440663655599,200.32224807739257,-0.29457655473765954,204.88087808417998,194.84731558037078,50.09377527335574,72.4342474830644,5.251848678668064
2025-07-01 00:00:00-04:00,205.85334490237685,209.35943993298892,205.32544040497007,206.99880981445312,78788900,0.0,0.0,200.16888961791992,200.4298533121745,200.40352732340494,0.26134223151481706,206.10744126100298,194.23033797483686,51.72352612048085,204.88802543671463,1.0758812868272616
2025-07-02 00:00:00-04:00,208.08449026524104,212.49697770796604,207.31752868499885,211.6005401611328,67941800,0.0,0.0,200.625577545166,200.5513712565104,200.80703837076823,1.061002479379198,208.42228978656243,192.8288653037696,54.40863843942772,281.6281230496962,3.3852106960761343
2025-07-03 00:00:00-04:00,211.31166931275297,213.8017903991559,210.97301649264048,212.7061462402344,34955800,0.0,0.0,201.15995712280272,200.77348988850912,201.3437032063802,1.7636222185815882,210.6416286659679,191.67828557963756,55.030293505314006,299.74514442326813,5.1855348434695445
2025-07-07 00:00:00-04:00,211.83958469799765,215.37555986284275,207.97492690746137,209.1203765869141,50229000,0.0,0.0,201.62411575317384,201.03445485432943,201.97048009236653,2.0079652075085335,211.72200182619594,191.52622968015174,52.62290087766528,220.3436577758725,0.7242413899316852
2025-07-08 00:00:00-04:00,209.26978591644843,210.59451698338924,207.6262968509882,209.1801300048828,42848900,0.0,0.0,201.9274124145508,201.32164815266927,202.1600680033366,2.1812858822322028,212.56377430295416,191.29105052614742,52.658602651262456,157.9568328144057,0.2129457642047898
2025-07-09 00:00:00-04:00,208.7020103462271,210.4949004226829,206.4011410808137,210.30564880371097,48749400,0.0,0.0,202.40999755859374,201.848557027181,202.50817642211913,2.382005450287096,213.66113347516287,191.15886164202462,53.343688482300784,139.96421625273248,1.6028636843514044
2025-07-10 00:00:00-04:00,209.67816220166208,212.63642743345136,209.2000631819418,211.57066345214844,44443600,0.0,0.0,202.89507369995118,202.2536168416341,202.74921213785808,2.6130318593189656,214.86180458489105,190.92834281501132,54.11571801035682,156.81242371173477,1.6204802297174268
2025-07-11 00:00:00-04:00,209.73792710960444,211.29176024279,209.03072603053,210.3255920410156,39765800,0.0,0.0,203.5116279602051,202.61020202636718,202.89704615275065,2.6649353793610544,215.68413228633818,191.339123634072,53.21908875151622,125.08603873298242,1.357448394377705
2025-07-14 00:00:00-04:00,209.10042946873696,210.07656782568804,206.719874444485,207.7956085205078,38840100,0.0,0.0,203.98076553344725,202.89805959065754,203.0090138753255,2.4734088492183446,216.04864430669636,191.91288676019815,51.427925478890344,83.91453949337729,2.2156064303017073
2025-07-15 00:00:00-04:00,208.393257343384,211.05270487364396,208.09443976951917,208.28369140625,42296300,0.0,0.0,204.61126327514648,203.17230478922525,203.25959370930988,2.334100842422515,216.15812850266624,193.06439804762672,51.75200097342396,90.05304451051066,0.664919379733327
2025-07-16 00:00:00-04:00,209.4689902412225,211.5606828488181,207.8155461810567,209.3295440673828,47490500,0.0,0.0,205.19594345092773,203.45319112141928,203.4826749165853,2.281786794767754,216.4357972348319,193.95608966702355,52.45517524767323,87.93763491210112,0.15055430729307173
2025-07-17 00:00:00-04:00,209.7379236663323,210.9630589706935,208.761785269157,209.19009399414065,48068100,0.0,0.0,205.91210174560547,203.67730153401692,203.76676432291666,2.203672514611327,216.16259609610165,195.6616073951093,52.349937551379035,81.6226218669512,0.15055430729253205
2025-07-18 00:00:00-04:00,210.0367321724359,210.95309492429405,208.87135730762196,210.3455047607422,48974600,0.0,0.0,206.63921661376952,203.95486653645833,203.96101989746094,2.2095283105183796,215.88425978366627,197.39417344387277,53.15546955703754,80.62019180413095,0.15055430729198832
2025-07-21 00:00:00-04:00,211.2618927646461,214.9273439465105,210.79374875413163,211.640380859375,51377400,0.0,0.0,207.21094818115233,204.34830576578776,204.09628245035807,2.292231334433154,216.19128946429882,198.23060689800585,54.05592840071643,103.57023962574472,6.697025417663169
2025-07-22 00:00:00-04:00,212.29776458434165,214.1006098348481,211.39135685335447,213.5527801513672,46404100,0.0,0.0,207.85339965820313,204.69625854492188,204.20091552734374,2.4834609253579742,216.7112400736851,198.99555924272116,55.366730990112316,101.8170988567962,6.697025417632208
2025-07-23 00:00:00-04:00,214.15041924441525,214.29982043425815,211.57065737650467,213.30377197265625,46989300,0.0,0.0,208.54316253662108,205.1179194132487,204.28631108601888,2.5851192296285888,216.792504989787,200.29382008345516,55.15477328501847,95.0663588424002,7.024016762132349
2025-07-24 00:00:00-04:00,213.05475989741393,214.83769515517375,212.68622683006964,212.91531372070312,46022600,0.0,0.0,209.15075149536133,205.48612518310546,204.35097478230793,2.6043178783500025,216.7520692380108,201.54943375271188,54.81611432528965,93.56672556546019,7.925324115792167
2025-07-25 00:00:00-04:00,213.85158759699283,214.38946224202752,212.55672164240056,213.0348358154297,40268800,0.0,0.0,209.79220581054688,205.9874694824219,204.39989064534504,2.5992152445532213,216.30209993234806,203.2823116887457,54.90424806534496,86.80016696255666,7.665363573275834
2025-07-28 00:00:00-04:00,213.1842678888476,214.00103498726415,212.21809958876685,213.2041931152344,37858000,0.0,0.0,210.43814392089843,206.4805140177409,204.43024215698242,2.5791067520238755,215.34178584333407,205.5345019984628,55.032816185925455,80.97819377536152,6.96843057572087
2025-07-29 00:00:00-04:00,213.33365491441555,213.96117031669576,209.9869466315705,210.43516540527344,51411700,0.0,0.0,210.74193954467773,206.97256164550782,204.40084838867188,2.313069605777258,214.7266036211077,206.75727546824777,52.50111287406519,57.87802513581858,2.4482386583749243
2025-07-30 00:00:00-04:00,211.06265157316113,211.55072076453231,206.89917652304968,208.2239227294922,45512500,0.0,0.0,210.80319519042968,207.32549438476562,204.46673533121745,1.9018807494729515,214.57769956308007,207.02869081777928,50.5789369555031,21.033318073137405,3.3960924795669833
2025-07-31 00:00:00-04:00,207.66614913739537,209.01080544085684,206.3414028602417,206.74978637695312,80698400,0.0,0.0,210.5606575012207,207.72158966064453,204.6151545206706,1.4404554607189084,214.7229081291008,206.3984068733406,49.333306123595754,-6.813447961425736,4.415050136864461
2025-08-01 00:00:00-04:00,210.0367334275219,212.73603143542957,200.7037642416869,201.58029174804688,104434500,0.0,0.0,210.00436477661134,207.9141591389974,204.6837158203125,0.6501431363325594,215.66391997759365,204.34480957562903,45.28727233738142,-54.78680180340474,13.909684204704345
2025-08-04 00:00:00-04:00,203.70186769022783,207.0585613783641,200.88304868853191,202.5464630126953,75109300,0.0,0.0,209.6756690979004,207.99218292236327,204.80584818522135,0.10061702139972795,216.24230295019876,203.10903524560203,46.14130483466105,-88.61635754790528,13.909684204547789
2025-08-05 00:00:00-04:00,202.59626309701343,204.5285996595603,201.36117265797924,202.1181640625,44155100,0.0,0.0,209.32257080078125,208.0393300374349,204.90028406778973,-0.3652363127814624,216.70961473533012,201.93552686623238,45.81336485128155,-108.84995810578131,13.909684204464705
2025-08-06 00:00:00-04:00,204.81744899810377,214.52892145014,204.77759854868273,212.40733337402344,108483100,0.0,0.0,209.4276550292969,208.46929066975912,205.14896392822266,0.09472955352609347,216.9324387640934,201.92287129450037,53.947545946628935,39.79510042690826,4.683125331409032
2025-08-07 00:00:00-04:00,218.01508808955717,219.9773047383464,215.7241736307253,219.16053771972656,90224800,0.0,0.0,209.8071487426758,209.08252410888673,205.30235544840494,0.9927392877145849,218.44957360463246,201.16472388071912,58.20721448523732,196.52965978153762,12.713035676786312
2025-08-08 00:00:00-04:00,219.9573735658332,230.08718413442585,218.3836152444713,228.44371032714844,113854000,0.0,0.0,210.71305465698242,210.02378946940104,205.57494049072267,2.4255328853179776,222.725539340808,198.70056997315683,63.06532214554411,322.70899913409664,24.86351368619601
2025-08-11 00:00:00-04:00,227.27701087414155,228.91238364576833,224.12592192869857,226.53909301757812,61806100,0.26,0.0,211.65022888183594,210.89891153971354,205.82574234008788,3.3685152874026016,225.48998916271674,197.81046860095515,61.54685213023378,296.34444451191234,24.863513686026508
2025-08-12 00:00:00-04:00,227.36674823663387,230.1488857994339,226.429412881848,229.0021209716797,55626200,0.0,0.0,212.68615036010743,211.7203404744466,206.13220342000326,4.265412387512299,228.4348478858235,196.93745283439137,62.7468044906339,278.2038492069516,26.20797654483785
2025-08-13 00:00:00-04:00,230.4181341091737,234.33703985510917,229.77992501054072,232.6717529296875,69878500,0.0,0.0,213.85326080322267,212.57610524495442,206.50297927856445,5.212235030829476,231.8533576969949,195.85316390945044,64.45631202543657,276.85510891509443,30.561579213115678
2025-08-14 00:00:00-04:00,233.39969406647393,234.4567012802976,230.19875827485632,232.1233062744141,51916300,0.0,0.0,214.99992141723632,213.26019744873048,206.90578435262043,5.850898222969789,234.5999718706361,195.39987096383655,64.00222644659246,226.47624773068108,30.68245444681518
2025-08-15 00:00:00-04:00,233.33985018068216,233.6190590405621,228.69299310222905,230.9366455078125,56038700,0.0,0.0,216.02947845458985,213.86788075764974,207.32068532307943,6.189936067647466,236.73231436965364,195.32664253952606,63.008680198148525,176.83092566844587,27.78677987558788
2025-08-18 00:00:00-04:00,231.0463446646661,232.46233685580373,229.4608338889283,230.23863220214844,37476200,0.0,0.0,216.95939102172852,214.5718226114909,207.80313873291016,6.329341453565348,238.48649191324742,195.43229013020962,62.419062351386685,148.6526616504334,27.78677987546092
2025-08-19 00:00:00-04:00,230.62753117126795,232.2130419457167,228.70298322789472,229.90956115722656,39402600,0.0,0.0,217.7772300720215,215.26280364990234,208.2922259012858,6.340182268537831,239.99126565620196,195.56319448784103,62.1354930506761,127.1010648371328,26.279690946932025
2025-08-20 00:00:00-04:00,229.33119207499823,229.81981519856657,225.13307755654057,225.3723907470703,42263900,0.0,0.0,218.3806610107422,215.76502838134766,208.80679270426432,5.914483475258379,240.73824821131979,196.0230738101646,58.35426187902905,88.12131205380251,19.41668570811288
2025-08-21 00:00:00-04:00,225.63166356522296,225.88095827873423,223.14868274098328,224.26551818847656,30621200,0.0,0.0,218.94817123413085,216.1881902058919,209.220903523763,5.425259732541832,241.2978481032321,196.5984943650296,57.47162365024376,63.58518400749775,15.797793043770797
2025-08-22 00:00:00-04:00,225.53193619713707,228.44369658121065,224.77408575714253,227.1174468994141,42477800,0.0,0.0,219.65230178833008,216.74791870117187,209.67906036376954,5.207642740316828,242.1046691425973,197.19993443406287,59.11974086343773,75.51703473644741,19.074194805529142
2025-08-25 00:00:00-04:00,225.84106025439092,228.6531118971015,225.59176554347297,226.51914978027344,30983100,0.0,0.0,220.31804962158202,217.37203674316407,210.13504816691082,4.9300713353052,242.7549923321485,197.88110691101554,58.626673734654695,70.80820885292606,19.339509907253632
2025-08-26 00:00:00-04:00,226.2299670421739,228.84258604761433,224.05612439304167,228.6630859375,54575100,0.0,0.0,221.22944564819335,218.05134989420574,210.6118273417155,4.827443958333504,243.4559507728672,199.0029405235195,59.867436145237775,67.6528678817122,16.4435344446605
2025-08-27 00:00:00-04:00,227.96506627689797,230.24859923631865,227.6160475796746,229.8397674560547,31259500,0.0,0.0,222.31023788452148,218.73502400716146,211.09410756429037,4.785890619356223,243.96890599663342,200.65156977240954,60.539333523356476,77.06528090092898,18.32088155921733
2025-08-28 00:00:00-04:00,230.16884905542523,232.75153884501827,228.69301327644948,231.9039306640625,38074700,0.0,0.0,223.56794509887695,219.49215189615884,211.5847267150879,4.863457112598525,244.32462968934297,202.81126050841092,61.702871623820464,84.71016692596794,21.566161902296198
2025-08-29 00:00:00-04:00,231.85405874294375,232.7216147258446,230.71727541448905,231.485107421875,39418400,0.0,0.0,225.06318588256835,220.19680531819662,212.07583592732746,4.8353941678976184,243.30714347775785,206.81922828737885,61.32333650538216,82.92774800204818,21.56616190222522
2025-09-02 00:00:00-04:00,228.6032698757151,230.19876225122124,226.32970313085187,229.0719451904297,44075600,0.0,0.0,226.38945999145508,220.7778574625651,212.56308161417644,4.565800353240064,241.2918563274969,211.48706365541327,59.15456471359763,56.736530432312406,13.133714319250988
2025-09-03 00:00:00-04:00,236.5408165177042,238.17618932549604,233.6988505309185,237.79725646972656,66427800,0.0,0.0,228.1734146118164,221.58600667317708,213.1411326090495,4.998584442631881,238.75919316819096,217.58763605544186,63.926494979607305,108.46913159758715,23.158979806109688
2025-09-04 00:00:00-04:00,237.7772812570227,239.22318747047024,236.07211403385233,239.10353088378903,47549400,0.0,0.0,229.5082244873047,222.4459986368815,213.7819590250651,5.3849005976346405,238.3046667987705,220.71178217583886,64.56759811487862,113.26799326747785,24.34445298442268
2025-09-05 00:00:00-04:00,239.3229322237051,240.63921565449175,237.8171975861315,239.01380920410156,54870400,0.0,0.0,230.50088806152343,223.31594848632812,214.4010368347168,5.619046276278425,238.85006434987895,222.1517117731679,64.48616663040862,114.78452026674496,25.942958757834187
2025-09-08 00:00:00-04:00,238.62491556233425,239.47250850410185,235.6732593017711,237.20892333984375,48999500,0.0,0.0,230.93914871215821,224.1217514038086,215.05461044311522,5.59447953075906,239.74155085323875,222.13674657107768,62.83698434928111,98.58258705775377,21.908627867749292
2025-09-09 00:00:00-04:00,236.33140663047269,238.10638391026913,232.70167593051625,233.6888885498047,66313900,0.0,0.0,231.29663848876953,224.80457458496093,215.6425443013509,5.230676832007077,239.92566473931518,222.66761223822388,59.753876930533515,76.66112362053103,16.555244561667006
2025-09-10 00:00:00-04:00,231.53496736029473,231.76431424305812,225.31256565050364,226.1501922607422,83440800,0.0,0.0,231.15404205322267,225.32840881347656,216.15048522949218,4.284659893036775,240.0333482130293,222.27473589341602,53.895243704836076,19.731415642342906,4.725537731044358
2025-09-11 00:00:00-04:00,226.23995033725743,229.7998710451417,226.010588238333,229.3810577392578,50208600,0.0,0.0,230.98950729370117,226.0336466471354,216.67957051595053,3.752383356311583,239.8723525379638,222.10666204943854,55.81586807172885,21.836320500823547,4.725537731018918
2025-09-12 00:00:00-04:00,228.57335925244223,233.84842918261825,228.373926506362,233.40968322753903,55824200,0.0,0.0,231.05382614135743,226.92230987548828,217.32194976806642,3.613967210007303,239.989708584136,222.11794369857887,58.06903239038695,51.85828984892442,10.076944489644998
2025-09-15 00:00:00-04:00,236.33139853346725,237.5180438551372,234.36695488957943,236.03224182128903,42699500,0.0,0.0,231.30860595703126,228.07070821126302,217.9924336751302,3.6735436531733683,240.51684154652077,222.10037036754176,59.461192136269226,93.5331895542754,14.575934543877716
2025-09-16 00:00:00-04:00,236.51088466190768,240.53949594661788,235.65332541334,237.4781494140625,63421100,0.0,0.0,231.67058181762695,229.23509775797527,218.61364034016927,3.7936996641580834,241.26288141402804,222.07828222122586,60.21457678208302,116.06179770751376,18.067488447228186
2025-09-17 00:00:00-04:00,238.2958480596019,239.42266510979977,237.05934071942244,238.3157958984375,46508000,0.0,0.0,232.0908935546875,230.44168548583986,219.24050776163736,3.9114267465702426,242.08649724237296,222.09528986700207,60.652807713692965,121.215743260792,18.067488447168433
2025-09-18 00:00:00-04:00,239.29302360434255,240.51954939992544,235.98238232851827,237.20892333984375,44249600,0.0,0.0,232.68272018432617,231.26840515136718,219.86884791056315,3.8707908748791624,242.4012127667106,222.96422760194176,59.75310377423963,113.3344017889137,19.34817930237862
2025-09-19 00:00:00-04:00,240.5494606794321,245.60516498271895,239.53234916144805,244.8074188232422,163741300,0.0,0.0,233.70981521606444,232.12330118815103,220.60291264851887,4.400989864396536,244.0074261746879,223.41220425744098,63.588742031431295,186.79194217830067,24.97303504105733
2025-09-22 00:00:00-04:00,247.5995237986898,255.9160073848096,247.42002368458668,255.35755920410156,105517400,0.0,0.0,235.12182083129883,233.0204294840495,221.52210947672526,5.607840842526883,248.80226451456392,221.44137714803375,67.97281613515801,281.4404722221365,34.54716948090922
2025-09-23 00:00:00-04:00,255.15815615601056,256.6140289111009,252.86464151383095,253.7122344970703,60275200,0.0,0.0,236.48147506713866,233.92620086669922,222.41255620320638,6.358221366227355,251.8616290616029,221.1013210726744,66.67761008146937,252.52206218113693,35.12692454936662
2025-09-24 00:00:00-04:00,254.49998437943248,255.01852163586057,250.33176892231356,251.5981903076172,42303700,0.0,0.0,237.62823028564452,234.67940317789714,223.1998718261719,6.705026270067918,253.94544960950884,221.3110109617802,65.03056003738863,197.43460929590105,30.77861318310556
2025-09-25 00:00:00-04:00,252.49566170312627,256.4444966190252,250.99989343760635,256.14532470703125,55202100,0.0,0.0,238.94350814819336,235.46185557047525,224.01898040771485,7.263063326077827,256.7867957621195,221.10022053426724,66.85246211933679,192.3136121686418,32.052048611898904
2025-09-26 00:00:00-04:00,253.38315498635407,256.87328100426123,253.06405044687503,254.73931884765625,46076300,0.0,0.0,240.08527755737305,236.21572265625,224.73796005249022,7.5053418817356885,258.92643113123927,221.24412398350682,65.75661889694328,172.67054758175738,32.438669344030174
2025-09-29 00:00:00-04:00,253.8418726304012,254.2806338056043,252.29624220529692,253.7122344970703,40127700,0.0,0.0,241.1966339111328,236.97490895589192,225.42139485677083,7.52769764658629,260.5178894176173,221.8753784046483,64.95204472839049,143.03353025601584,31.05730868952552
2025-09-30 00:00:00-04:00,254.1410137555297,255.1980209495745,252.39595068950493,253.9116668701172,37704300,0.0,0.0,242.4386199951172,237.76401011149088,226.16791636149088,7.47533625397341,261.6714879207638,223.2057520694706,65.03797298816262,132.63911981619927,31.934795433276335
2025-10-01 00:00:00-04:00,254.32049261064776,258.0599285933123,254.21080232618831,254.72933959960935,48713900,0.0,0.0,243.28522415161132,238.59133605957032,226.92706985473632,7.414350807937382,263.1385017658389,223.4319465373837,65.39779212301255,132.38285286675028,34.62027375443244
2025-10-02 00:00:00-04:00,255.85613542550084,257.45162766856953,253.43299812845933,256.40460205078125,42630200,0.0,0.0,244.15027770996093,239.62574310302733,227.6953857421875,7.415715331416436,264.73074963350444,223.5698057864174,66.1364556584615,119.35732325376905,33.14336403871893
2025-10-03 00:00:00-04:00,253.9515436206674,258.5086431914624,253.23357360959045,257.2920837402344,49155600,0.0,0.0,245.06419143676757,240.72662862141928,228.4574094136556,7.403071086219171,266.29727960671005,223.83110326682507,66.52803864532368,111.56351302344514,34.158852996467914
2025-10-06 00:00:00-04:00,257.2621558739689,258.33912604890287,254.3304629034206,255.96583557128903,44664100,0.0,0.0,246.00203704833984,241.68824157714843,229.21808013916015,7.203001569112075,267.43029521363434,224.57377888304535,65.35964353560843,100.91815481700996,34.15885299626434
2025-10-07 00:00:00-04:00,256.0855101139428,256.6738420114173,254.70939836699205,255.75645446777344,31955800,0.0,0.0,247.10541534423828,242.6628184000651,230.01742757161458,6.947463693387476,268.13294035294666,226.07789033552993,65.1727102083859,89.85584192256388,34.15885299616117
2025-10-08 00:00:00-04:00,255.79633660873375,257.7906945345413,255.3874895821648,257.3320007324219,36496900,0.0,0.0,248.66450576782228,243.61844889322916,230.83489939371745,6.793767182881311,267.6774722752286,229.65153926041597,65.93120186332499,90.35640953919028,35.30823377063194
2025-10-09 00:00:00-04:00,257.08267167133846,257.27213808351553,252.42584836214985,253.32330322265625,38322000,0.0,0.0,249.8616180419922,244.40123341878254,231.568128712972,6.276145703125877,266.64684163846033,233.07639444552402,62.356745881299844,68.34374088393137,29.124713558165226
2025-10-10 00:00:00-04:00,254.22079760361632,255.65673769030235,243.31165772832736,244.5780792236328,61999100,0.0,0.0,250.42003784179687,244.8237050374349,232.15792846679688,5.101454074299937,265.56353179288203,235.2765438907117,55.559008869042586,21.523123159943644,12.724852972007442
2025-10-13 00:00:00-04:00,248.67648318296307,248.98560621270488,244.867252416582,246.9613342285156,38142900,0.0,0.0,250.96649246215821,245.3395792643229,232.76819229125977,4.313092609662874,264.64149767748006,237.29148724683637,56.88408655198748,12.140305833729991,12.724852971926586
2025-10-14 00:00:00-04:00,245.90431694508948,248.1479694164288,244.00966795095763,247.07101440429688,35478000,0.0,0.0,251.4461357116699,245.93954823811848,233.35870285034179,3.6550278566943177,263.73147652236366,239.16079490097619,56.94520327044769,4.252380483692743,11.301420712459628
2025-10-15 00:00:00-04:00,248.78616738422895,251.10959602979932,246.7718617608356,248.63658142089844,33893600,0.0,0.0,251.96217498779296,246.3008590698242,233.94343287150065,3.222685856613708,262.69409918351136,241.23025079207454,57.82790582986312,20.65399755055293,15.130087207256976
2025-10-16 00:00:00-04:00,247.54965348458143,248.33741809379524,244.43846029169785,246.7519073486328,39777000,0.0,0.0,252.43932418823243,246.55580495198566,234.5009017944336,2.696886234186195,261.04791797243786,243.83073040402698,56.38821564338875,-0.3479420623767803,11.217305121579008
2025-10-17 00:00:00-04:00,247.3203043073955,252.66518358811555,246.57242016484557,251.5782470703125,49147000,0.0,0.0,252.77786560058593,246.97461954752603,235.1452840169271,2.6392083740799706,260.6212769357159,244.93445426545597,59.08658968169729,28.763419437997936,16.652168633459137
2025-10-20 00:00:00-04:00,255.168106265739,263.63416054313814,254.90884523128253,261.50018310546875,90483000,0.0,0.0,253.0849967956543,247.7843282063802,235.9530398050944,3.3554361916265236,261.78772647832164,244.38226711298694,63.84409538127785,106.36231456831132,28.17962868165564
2025-10-21 00:00:00-04:00,261.141213133835,264.5415968076956,261.0913359303388,262.0286865234375,46695900,0.0,0.0,253.50081939697264,248.72898813883464,236.76678136189778,3.920504569865642,263.0803055249656,243.92133326897974,64.07428919055641,122.31746018769614,29.019765495075514
2025-10-22 00:00:00-04:00,261.9090191460537,262.1084670888602,254.7093866241015,257.72088623046875,45015300,0.0,0.0,253.80695419311525,249.78134460449218,237.55487670898438,3.974901656854712,263.52081547884364,244.09309290738685,60.809773135472746,81.45768100555058,18.900552925903455
2025-10-23 00:00:00-04:00,259.2066564378435,259.8847307097371,257.2821086816683,258.84765625,32754900,0.0,0.0,253.94207077026368,250.76356455485026,238.39860560099285,4.062107220505595,263.86579355325404,244.01834798727333,61.34270229316629,84.37356691327469,18.90055292584092
2025-10-24 00:00:00-04:00,260.4531458541269,263.3848541030092,258.44880663072195,262.07855224609375,38253700,0.0,0.0,254.30903244018555,251.7191935221354,239.32075169881185,4.3418741407693915,264.8786493716058,243.73941550876532,62.84155908487762,110.9323268971837,22.46949581015185
2025-10-27 00:00:00-04:00,264.13273028939324,268.3607587413759,263.9033682058253,268.0516357421875,44888200,0.0,0.0,255.0260025024414,252.78650665283203,240.42860743204753,4.9880699937611155,267.2422717769825,242.8097332279003,65.40674551804868,171.62390471762473,27.182210476498632
2025-10-28 00:00:00-04:00,268.23110734142335,269.12859257872884,267.39348082722177,268.2410888671875,41534800,0.0,0.0,255.74247360229492,253.8119379679362,241.52351786295574,5.452617763270183,269.2916589588992,242.19328824569064,65.484925705546,185.57993699916187,27.881989197284618
2025-10-29 00:00:00-04:00,268.5203194424725,270.6443152614699,266.35642794866993,268.93914794921875,51086700,0.0,0.0,256.4529640197754,254.8327163696289,242.63720092773437,5.810127221557281,271.2144847931341,241.69144324641667,65.77970885293504,184.0672674644757,29.27003075757655
2025-10-30 00:00:00-04:00,271.2226702585742,273.36662916750566,267.72259312931254,270.63433837890625,69886500,0.0,0.0,257.16445083618163,255.946896870931,243.6076510111491,6.159243814645549,273.23024728546324,241.09865438690002,66.49850800264406,196.51809796394718,31.71202520564074
2025-10-31 00:00:00-04:00,276.2085578376442,276.53764389728985,268.4006608909581,269.60723876953125,86167100,0.0,0.0,257.7802085876465,256.7735575358073,244.44842936197918,6.280643526264328,274.7832742746129,240.77714290068008,65.63439081761543,185.8388256052423,34.439536350641305
2025-11-03 00:00:00-05:00,269.6571458353552,270.08592548154905,265.4988962118729,268.2909851074219,50194600,0.0,0.0,258.39646606445314,257.20467173258464,245.11255060831706,6.19918268310488,276.0052806104004,240.78765151850587,64.52285213138101,126.13859220728685,29.541539056862042
2025-11-04 00:00:00-05:00,267.5730004152706,270.72408938596277,266.86501191822913,269.2781982421875,49274800,0.0,0.0,259.07255325317385,257.7235371907552,245.82486902872722,6.143466173623949,277.2826413616443,240.86246514470335,64.98296782703495,123.52967523236478,30.120745124805893
2025-11-05 00:00:00-05:00,267.8521863717013,270.93349568379296,266.17693326929896,269.3778991699219,43683100,0.0,0.0,259.67484817504885,258.31619415283205,246.49779866536457,6.037755977540769,278.43118136674286,240.91851498335487,65.03035067480556,111.19933924838683,28.938488845641324
2025-11-06 00:00:00-05:00,267.1342708755924,272.6287059365568,267.1342708755924,269.0089416503906,51204000,0.0,0.0,260.45913009643556,258.74498138427737,247.1034184773763,5.856695754236171,279.4079885837575,241.5102716091136,64.69521980048992,108.35657791964465,30.546785591729904
2025-11-07 00:00:00-05:00,269.03885049148494,271.5218466038475,266.0173996929098,267.7126159667969,48227400,0.0,0.0,261.61585693359376,259.177424621582,247.69657363891602,5.5446858865257695,279.262543345678,243.9691705215095,63.505698946037015,88.77014575630558,28.563648644325394
2025-11-10 00:00:00-05:00,268.46119877683986,273.2223721938244,266.9639805623884,268.9303283691406,41312400,0.26,0.0,262.714306640625,259.6846944173177,248.3298016866048,5.334185858318278,279.2181559064037,246.2104573748463,64.14630008642345,93.30010566117254,30.23297057041046
2025-11-11 00:00:00-05:00,269.3096487524697,275.3983427074405,269.2996575494418,274.73956298828125,46208300,0.0,0.0,264.09773406982424,260.3789576212565,249.0714838663737,5.571890468419724,279.6940069848465,248.501461154802,67.00463454109503,114.99440373502861,32.32628254606903
2025-11-12 00:00:00-05:00,274.49005224267427,275.2187095291286,271.19618380015726,272.962890625,48398000,0.0,0.0,265.3140495300293,260.9867426554362,249.78903935750324,5.552900097286795,279.5700769203468,251.0580221397118,65.35617838231971,105.74219038828828,32.32628254588355
2025-11-13 00:00:00-05:00,273.6016390736082,276.1868626363035,271.58539619817094,272.4438171386719,49602800,0.0,0.0,266.59864501953126,261.5213831583659,250.5735631306966,5.433333117036398,278.1939231681839,255.0033668708786,64.8738013057394,100.21099183268426,33.27947529595301
2025-11-14 00:00:00-05:00,270.5473523374902,275.4482508823214,269.10005949599775,271.90484619140625,47431300,0.0,0.0,267.61497497558594,262.0084752400716,251.36755193074544,5.234742123986734,277.0240930909707,258.20585686020115,64.3635317653694,83.63439166955226,28.473956905852027
2025-11-17 00:00:00-05:00,268.3214829895084,269.98836893107386,265.237217022597,266.9639892578125,45018300,0.0,0.0,267.88816528320314,262.3750803629557,252.0316609700521,4.625353275766656,276.8567078101678,258.9196227562385,59.895802323274545,41.49742625311439,21.434118117069694
2025-11-18 00:00:00-05:00,269.48928956232544,270.20795552947055,264.8279672087311,266.94403076171875,45677300,0.0,0.0,268.13393249511716,262.7479995727539,252.7054089864095,4.093609161082327,276.6861246392691,259.5817403509652,59.87843366697766,38.25762585976043,20.709193726316816
2025-11-19 00:00:00-05:00,265.0376012369211,271.70520656667077,265.0076580872151,268.0619812011719,40424500,0.0,0.0,268.65098724365237,263.1056655883789,253.36205724080403,3.7195309392081413,275.66438325195696,261.63759123534777,60.541457092255605,43.4505731972348,22.46106112652825
2025-11-20 00:00:00-05:00,270.327749378444,274.91922505965954,265.42688147061517,265.7562561035156,45823600,0.0,0.0,268.9964172363281,263.52009735107424,253.96066538492838,3.2001294078502838,274.4933909331136,263.49944353954265,58.47957680225151,44.51232261917967,26.087443750468104
2025-11-21 00:00:00-05:00,265.4568071090486,272.8230952896135,265.17732758833057,270.98651123046875,59030800,0.0,0.0,269.4418151855469,264.40037841796874,254.61204172770184,3.1739505041462053,273.92958688860165,264.9540434824921,61.55227449688839,50.409031347235555,25.615558479726428
2025-11-24 00:00:00-05:00,270.397645153795,276.48633959077114,270.397645153795,275.4083557128906,65585800,0.0,0.0,269.80965118408204,265.34861246744794,255.3440958658854,3.470009321731993,274.97280793210973,264.64649443605435,63.889473694874155,92.50015086102016,29.61561136152117
2025-11-25 00:00:00-05:00,274.75950033189645,279.8600396675645,274.7395483878858,276.45635986328125,46914200,0.0,0.0,270.22041473388674,266.3281239827474,256.1338361104329,3.74602144070667,276.1136795027304,264.3271499650431,64.41976761894233,126.83660802390483,33.04585479174026
2025-11-26 00:00:00-05:00,276.4464065684995,279.0116481613461,276.11703191175064,277.0353088378906,33431400,0.0,0.0,270.62522277832034,267.27474822998045,256.78780364990234,3.965764512627686,277.21858390165903,264.03186165498164,64.71588412464033,136.66071522292677,33.04585479159732
2025-11-28 00:00:00-05:00,276.7458380127342,278.4826014787427,275.4781737009374,278.3328857421875,20135600,0.0,0.0,271.01015014648436,268.32744750976565,257.44162623087567,4.196244398804538,278.45027685003544,263.5700234429333,65.38384154750375,145.30489806759954,31.744707981674722
2025-12-01 00:00:00-05:00,277.4944549964911,282.89442609469603,275.62792768573877,282.57501220703125,46587700,0.0,0.0,271.6585388183594,269.3606730143229,258.1676462809245,4.6674026099698835,280.6767458082546,262.6403318284641,67.46675257051393,188.0121372732286,36.20198028739606
2025-12-02 00:00:00-05:00,282.47518456741903,286.86701880065203,282.10587559562896,285.6592712402344,53669500,0.0,0.0,272.526953125,270.1659759521484,258.9751520792643,5.229391642905171,283.3451200523998,261.70878619760015,68.87534976379534,232.46630812981337,39.86023247590467
2025-12-03 00:00:00-05:00,285.6692634925469,288.0847586222564,282.77461708045536,283.623046875,43538700,0.0,0.0,273.24419555664065,270.8857879638672,259.8073880513509,5.447668381534868,285.01557609127855,261.47281502200275,66.89717250030236,202.86323535683343,40.93423669498859
2025-12-04 00:00:00-05:00,283.5731318378766,284.20196835267484,278.07334059490756,280.179443359375,43989100,0.0,0.0,273.7842727661133,271.6344065348307,260.70787556966144,5.28189781503778,285.7974356786504,261.7711098535762,63.69659480844385,133.06916872722076,31.551599625930063
2025-12-05 00:00:00-05:00,280.01974631085085,280.6186397013617,277.53434330937836,278.26300048828125,47265800,0.0,0.0,274.2469757080078,272.2815846761068,261.5225746154785,4.938949389289974,286.1984101475329,262.29554126848274,61.9891667949166,96.10565031016681,30.5210168017682
2025-12-08 00:00:00-05:00,277.6142094762677,279.15136205700173,275.6378704438954,277.3746643066406,38211800,0.0,0.0,274.730078125,272.791455078125,262.2553243001302,4.543108854464492,286.3457802865901,263.1143759634098,61.20248343810102,69.13387070884956,26.90242171826149
2025-12-09 00:00:00-05:00,277.6441787437343,279.5107061083118,276.4064879695729,276.6659851074219,32193300,0.0,0.0,275.1168609619141,273.07860005696614,262.9325533548991,4.124671247418917,286.43066407057677,263.8030578532514,60.56814066485226,66.00360799251396,27.297511592614974
2025-12-10 00:00:00-05:00,277.23491184461454,279.2312028389952,275.92734368017386,278.26300048828125,33038300,0.0,0.0,275.29303283691405,273.41266377766925,263.61230087280273,3.8772279532219613,286.69151175926135,263.89455391456676,61.498425855636526,64.83355807312937,26.35547862617322
2025-12-11 00:00:00-05:00,278.5824273392719,279.07150890817053,273.3022288840155,277.514404296875,33248000,0.0,0.0,275.52060852050784,273.69850565592446,264.2656110127767,3.579460115397353,286.90494117903745,264.1362758619782,60.802834068951896,43.209258711735686,21.269179850328303
2025-12-12 00:00:00-05:00,277.38461586894516,278.70217518025987,276.30663218031253,277.763916015625,39532900,0.0,0.0,275.78661346435547,273.9361582438151,264.94152755737304,3.3252787258294347,287.1167317206955,264.45649520801544,60.95510649946833,53.85117942376074,21.269179850247486
2025-12-15 00:00:00-05:00,279.63046152672615,279.63046152672615,272.33402020742307,273.6016540527344,50409100,0.0,0.0,275.8714538574219,274.0693054199219,265.4214314778646,2.756206554902235,287.10417838243796,264.63872933240583,57.12546533729793,15.885632085061472,13.847444915559828
2025-12-16 00:00:00-05:00,272.3140798989353,274.9891026980292,271.2859911871425,274.1007385253906,37648600,0.0,0.0,276.2282913208008,274.2629638671875,265.7338177998861,2.318755534987133,286.69701993107674,265.75956271052485,57.45701141037416,-13.816548317436833,11.977172305569717
2025-12-17 00:00:00-05:00,274.50001118897205,275.6478724530811,271.13626563598973,271.33587646484375,50138700,0.0,0.0,276.44788360595703,274.33155314127606,266.0275451660156,1.7290398930728088,286.2602993443443,266.6354678675698,55.0187629543871,-28.51786327828412,12.907521266277111
2025-12-18 00:00:00-05:00,273.1025913325419,273.12257373871984,266.4549687260805,271.68524169921875,51630700,0.0,0.0,276.62904663085936,274.40846455891926,266.36232935587566,1.2751774015166006,285.9089018408961,267.34919142082265,55.266901015570916,-67.4903590661864,4.767371404029379
2025-12-19 00:00:00-05:00,271.6453053723066,274.09077415448866,269.399477884542,273.1625061035156,144632000,0.0,0.0,276.9993591308594,274.5469167073568,266.6459490458171,1.0228996480587398,284.9479616275517,269.05075663416704,56.32089356090869,-40.07782623346801,6.214042086861035
2025-12-22 00:00:00-05:00,272.3539780142796,273.37210596231955,270.00836035897595,270.4674987792969,36571800,0.0,0.0,276.9734085083008,274.6387461344401,266.9080853780111,0.5986028222146729,285.0075950543888,268.9392219622128,53.92311803330108,-58.77072873783492,6.214042086827117
2025-12-23 00:00:00-05:00,270.3377490962612,271.99467443806464,269.06012395403746,271.85491943359375,29642000,0.0,0.0,276.7957366943359,274.7362325032552,267.21046346028646,0.3700322806885765,285.1273116842326,268.4641617044392,54.94466116793026,-65.55746398902983,4.549466188706433
2025-12-24 00:00:00-05:00,271.8349404799371,274.9192064044749,271.69521595033444,273.3022155761719,17910600,0.0,0.0,276.63802947998045,274.6883209228516,267.533639272054,0.3021897278388792,285.1147965582169,268.161262401744,55.99740906338981,-24.993275592763464,9.094875886420864
2025-12-26 00:00:00-05:00,273.65160578690546,274.8593534534055,272.35399820928086,272.89300537109375,21521800,0.0,0.0,276.4309143066406,274.685991414388,267.8363670349121,0.21294942388669824,285.067719835198,267.7941087780832,55.61730686171059,-24.078954163368,9.094875886382482
2025-12-29 00:00:00-05:00,272.1843267483383,273.8512128461511,271.8449608988494,273.2523498535156,23715200,0.0,0.0,276.17688751220703,274.7129425048828,268.11716283162434,0.16927068948615442,284.87678019940114,267.4769948250129,55.889303881370836,-30.473417196306897,8.135688456554925
2025-12-30 00:00:00-05:00,272.30405905646904,273.57169281796894,271.77504318392386,272.57354736328125,22139600,0.0,0.0,275.6768142700195,274.7352325439453,268.37185389200846,0.07897096172365536,283.96841085703517,267.3852176830039,55.22790302905151,-36.87398924687992,8.000765196537731
2025-12-31 00:00:00-05:00,272.553621806917,273.17246717497864,271.24605357156486,271.3558349609375,27293600,0.0,0.0,274.9616424560547,274.8816274007161,268.62835388183595,-0.08981609311172178,282.0007396899801,267.92254522212926,54.041083572268406,-54.01906157437643,6.956268206594445
2026-01-02 00:00:00-05:00,271.7551282774649,277.32476727085935,268.5011639041959,270.5074462890625,37838100,0.0,0.0,274.3058624267578,275.0004079182943,268.8742037455241,-0.288710846729316,280.31596295880325,268.29576189471237,53.216853071249844,-55.79345138111878,13.731113739927254
2026-01-05 00:00:00-05:00,270.1381413175191,271.00652312062255,265.64648609237463,266.764404296875,45647200,0.0,0.0,273.63511047363284,274.9571553548177,269.0314104715983,-0.7398401619406627,279.8750951062976,267.3951258409681,49.75346571851203,-136.4459654318795,8.131523819137847
2026-01-06 00:00:00-05:00,266.5048844877732,267.05385240251036,261.63392891626114,261.87347412109375,52352100,0.0,0.0,272.8156341552734,274.827729288737,269.1739133199056,-1.4750175008501287,280.6082161069575,265.0230522035893,45.73048709601202,-204.64773451123662,0.9073665110336371
2026-01-07 00:00:00-05:00,262.7119324450406,263.1910228349833,259.3282042611396,259.84722900390625,48309800,0.0,0.0,271.9392623901367,274.4564198811849,269.4283991495768,-2.19583961332296,281.3478230030711,262.53070177720235,44.19883890374793,-231.29546203080605,2.9470024980833847
2026-01-08 00:00:00-05:00,256.5433578451618,258.80916773471864,255.22581364132833,258.55963134765625,50419300,0.0,0.0,271.03394470214846,273.89479573567706,269.6217041015625,-2.8382768123307187,281.89920007200175,260.1686893322952,43.24666286343207,-244.91340448950893,9.322070717511087
2026-01-09 00:00:00-05:00,258.5995368285105,259.7274461787287,255.74485516422808,258.8890075683594,39997000,0.0,0.0,270.0652450561523,273.30921732584636,269.81867065429685,-3.282990739106026,281.6477009182623,258.48278919404237,43.56837265865794,-210.38179844754242,7.684166986745931
2026-01-12 00:00:00-05:00,258.679389570116,260.81540508500296,256.32375036738995,259.7673645019531,45263800,0.0,0.0,269.1778930664062,272.7336191813151,270.0041837056478,-3.523931972058051,281.07248801298397,257.2832981198285,44.43725037426997,-177.2807624760623,5.742426641474711
2026-01-13 00:00:00-05:00,258.24022168851656,261.3244878277737,257.9108470550362,260.5658874511719,45730800,0.0,0.0,268.31799163818357,272.1413859049479,270.2344167073568,-3.6088449879994755,280.08498238873653,256.5510008876306,45.23032827333087,-147.78450413098773,4.827442781223497
2026-01-14 00:00:00-05:00,259.0087756526009,261.33447181199796,256.23393227813756,259.4779052734375,40019400,0.0,0.0,267.61180419921874,271.37148234049477,270.36607767740884,-3.7210364421546274,279.733562480862,255.49004591757546,44.33831978872601,-141.74067324035545,7.553289900895741
2026-01-15 00:00:00-05:00,260.16664839115424,260.55593980217856,256.57331808587395,257.7311706542969,39388600,0.0,0.0,266.79332580566404,270.4405456542969,270.30326080322266,-3.905871409277097,279.2755099615225,254.31114164980556,42.93211073503642,-134.41984338918388,7.5532899008425884
2026-01-16 00:00:00-05:00,257.4217218192236,258.41986733264514,254.4572284259222,255.05612182617188,72142800,0.0,0.0,265.97933807373045,269.4883148193359,270.1870513916016,-4.219567983376976,279.3087597960065,252.6499163514544,40.87815992052368,-141.66579327558276,10.995758949312345
2026-01-20 00:00:00-05:00,252.26132447540704,254.31750190322293,242.9685916985444,246.2425079345703,80267500,0.0,0.0,264.707201385498,268.3570836385091,269.9957450866699,-5.120335718159936,280.3920417975956,249.02236097340045,35.14701024585372,-195.01361357429482,26.390434100673446
2026-01-21 00:00:00-05:00,248.2388060412761,251.09350304772093,244.7253292878455,247.1907501220703,54641700,0.0,0.0,263.40861358642576,267.3213419596354,269.8014633178711,-5.6920707692787005,280.3926607182003,246.4245664546512,36.14343492400353,-172.67523285639666,26.390434100411696
2026-01-22 00:00:00-05:00,248.737864640942,250.5345296526772,247.68980878155543,247.8894500732422,39708300,0.0,0.0,262.279711151123,266.33850148518883,269.5649782816569,-6.01940768479929,280.260420009243,244.29900229300307,36.882628314944775,-146.02888957589553,26.39043410026952
2026-01-23 00:00:00-05:00,246.8613663013417,248.94748685874615,244.22624741136653,247.58001708984375,41689000,0.0,0.0,261.0659660339355,265.3689692179362,269.22378463745116,-6.231955105209892,279.5941001467968,242.53783192107426,36.688058083672864,-144.76400241655548,30.40782768319585
2026-01-26 00:00:00-05:00,251.01365072947272,256.08423219515316,249.33677343540953,254.93637084960935,55969200,0.0,0.0,260.1476737976074,264.5914148966471,269.0020393371582,-5.740629791587793,277.92771436196017,242.36763323325462,43.958836873432816,-87.12489349710947,16.81781748784937
2026-01-27 00:00:00-05:00,258.6894015269614,261.4642450011371,257.73115984508394,257.7910461425781,49648300,0.0,0.0,259.39257583618166,263.93396962483723,268.81623764038085,-5.062544638836897,276.1466704501904,242.63848122217294,46.42854758507797,-40.65771546282093,8.037746911945844
2026-01-28 00:00:00-05:00,257.1721946066941,258.3799421919039,254.03801819206552,255.9644470214844,41288000,0.0,0.0,258.5281806945801,263.20732065836586,268.5717394510905,-4.619300136924608,274.00678162574064,243.04957976341953,45.11257645750167,-59.2944304539462,12.697383958563533
2026-01-29 00:00:00-05:00,257.52154586161765,259.16847988830324,253.93820707645816,257.801025390625,67253000,0.0,0.0,257.78955459594727,262.68063303629555,268.37496922810874,-4.072879530344807,271.78492015925366,243.7941890326409,46.684404402306534,-48.79548116415941,11.450079087167344
2026-01-30 00:00:00-05:00,254.6968198516284,261.4143357105436,251.7123589200436,258.99884033203125,92443400,0.0,0.0,257.171704864502,262.17723642985027,268.2201001485189,-3.5028054468969003,269.654681611191,244.68872811781296,47.69500338510938,-42.215579717668156,7.930539920652847
2026-02-02 00:00:00-05:00,259.5477742456141,269.98836769074944,258.72928762151224,269.50927734375,73913400,0.0,0.0,257.12179641723634,262.1163497924805,268.22395146687825,-2.177808777199232,269.38634733229304,244.85724550217964,55.37343251127971,35.9818838406789,4.037755543260355
2026-02-03 00:00:00-05:00,268.70080609664296,271.3758289780004,267.11372779647115,268.98028564453125,64394700,0.0,0.0,257.23259048461915,262.0261845906576,268.2173245747884,-1.1570864076905991,269.8974163460699,244.5677646231684,54.95340748401878,64.26254752478512,5.786633513499887
2026-02-04 00:00:00-05:00,271.7850411492978,278.432693698261,271.7850411492978,275.97723388671875,90545700,0.0,0.0,257.9377784729004,262.12000885009763,268.3334627787272,0.21397213369652945,273.02885405346785,242.84670289233293,59.189175378244386,117.4664986017231,14.030270254232201
2026-02-05 00:00:00-05:00,277.6142303156022,278.98168486317746,272.72332314901723,275.3983459472656,52977400,0.0,0.0,258.71533432006834,262.2843704223633,268.4615582784017,1.2395457748417584,275.70388293150285,241.72678570863383,58.71663333748243,116.26806857355724,14.631417983978661
2026-02-06 00:00:00-05:00,276.6060720438839,280.3890519626743,276.4164219647768,277.6042175292969,50453400,0.0,0.0,259.6675636291504,262.4760136922201,268.6061230977376,2.2048989728829724,278.63863343761824,240.69649382068252,59.97621210856092,130.67251185115867,16.18566221342519
2026-02-09 00:00:00-05:00,277.6541982366954,277.9439398399519,271.4499228389202,274.3672180175781,44623400,0.26,0.0,260.4414741516113,262.51151377360026,268.5999173482259,2.6778805889561,280.50992027000837,240.37302803321427,57.32128963764359,100.0580222386141,8.944743023564902
2026-02-10 00:00:00-05:00,274.6369782150198,275.11651686144285,272.68876099546605,273.4280700683594,34376900,0.0,0.0,261.12450942993166,262.5293492635091,268.6076703389486,2.943015288346885,282.00962637447685,240.23939248538647,56.569716158578316,92.79408280650667,8.94474302353671
2026-02-11 00:00:00-05:00,274.44714753122867,279.92208361183503,274.1973776592452,275.24639892578125,51931300,0.0,0.0,261.8585350036621,262.59581756591797,268.6543800354004,3.2622551435801483,283.6722600652632,240.04480994206102,57.68106873024909,112.46890633372554,14.464599917139493
2026-02-12 00:00:00-05:00,275.3363333447182,275.46621856633783,259.94051360693726,261.4891052246094,81077200,0.0,0.0,261.9590950012207,262.2263361612956,268.48078435262045,2.377747211904989,283.745136835081,240.17305316736042,48.05624362892301,26.979386830431213,3.4907678706827268
2026-02-13 00:00:00-05:00,261.7688319830923,261.9886306947134,255.21485759663088,255.5445556640625,56290700,0.0,0.0,261.84976425170896,261.6992935180664,268.2904604593913,1.1834507510685057,283.74680608799713,239.95272241542077,44.72062341533843,-38.03778089439074,8.416832705185522
2026-02-17 00:00:00-05:00,257.8124646511843,266.0449008431299,255.30478047881587,263.6371154785156,58469100,0.0,0.0,262.2788139343262,261.4702824910482,268.2353452046712,0.8798221045454397,283.95048581506086,240.60714205359153,49.6430207748673,0.5313281230622413,3.7161009615409752
2026-02-18 00:00:00-05:00,263.35737977838915,266.57441720150126,262.20844437502524,264.106689453125,34203300,0.0,0.0,263.1720230102539,261.3816919962565,268.16942367553713,0.6693688426566382,283.49112493680565,242.85292108370214,49.910752230760814,26.371253752023716,3.1123536368567506
2026-02-19 00:00:00-05:00,262.35827847824623,264.2365527856389,259.81060750150084,260.3401184082031,30845300,0.0,0.0,263.82949142456056,261.33058013916013,268.0791547139486,0.1963884675915324,282.7758775316504,244.88310531747075,47.80188074316686,0.41270644341078433,5.684269056785178
2026-02-20 00:00:00-05:00,258.73163460792017,264.5063132392292,257.9223826043077,264.3364562988281,42070500,0.0,0.0,264.65184173583987,261.48022104899087,267.9683204650879,0.14237793746110583,282.0495623389756,247.2541211327041,50.11534231589878,7.4625595284309325,7.68062723648113
2026-02-23 00:00:00-05:00,263.24744081710827,269.1819753311392,263.13755670993424,265.9349670410156,37308200,0.0,0.0,265.56958923339846,261.72606557210287,267.81043065388997,0.22595598089571922,281.00084422071706,250.13833424607984,51.01371909647107,40.67950130613252,2.142372539644276
2026-02-24 00:00:00-05:00,267.61343657617186,274.6369951599546,267.46358073991865,271.8895263671875,47014600,0.0,0.0,266.41724700927733,262.15941619873047,267.7343167622884,0.7638699385987024,281.23965566981457,251.5948383487401,54.192670030222175,82.80488155353673,3.827469814550254
2026-02-25 00:00:00-05:00,271.5298429675081,274.6869380517792,270.8005039088116,273.97760009765625,33714300,0.0,0.0,267.22657470703126,262.63309071858725,267.6833549499512,1.3431774117241844,281.83183989935605,252.62130951470647,55.24622805782165,91.13348577255275,3.880676748640489
2026-02-26 00:00:00-05:00,274.6969199809464,275.8558253670768,270.55071567552415,272.6987609863281,32345100,0.0,0.0,268.06329040527345,263.03751983642576,267.58945287068684,1.679728267409132,281.8461772263487,254.2804035841982,54.452746910743016,83.22054531635678,5.151167186240934
2026-02-27 00:00:00-05:00,272.5588900215503,272.5588900215503,262.6480379442022,263.93682861328125,72366500,0.0,0.0,268.3700805664063,263.18615061442057,267.27881647745767,1.2253079420485165,281.44620628397377,255.2939548488388,49.421694348053975,25.498252224926393,3.7469867275670126
2026-03-02 00:00:00-05:00,262.16844722421786,266.2846497598317,259.960490133898,264.476318359375,41827900,0.0,0.0,268.6439544677734,263.4109888712565,266.9257672627767,0.8983532173996878,281.10881163781477,256.1790972977321,49.71760565900369,0.4228089118929514,6.529676211380114
2026-03-03 00:00:00-05:00,263.23749216234586,265.31556422164516,259.8905695547566,263.5072326660156,38568900,0.0,0.0,268.3438522338867,263.692692565918,266.59050369262695,0.5546484836045806,281.0083991470826,255.67930532069082,49.18290135679555,-7.542393265357633,6.602346762031627
2026-03-04 00:00:00-05:00,264.4063951364299,265.9050144519466,261.179387723623,262.2783508300781,39803100,0.0,0.0,268.0087554931641,264.2272206624349,266.292152150472,0.18101290772330003,280.9539478032082,255.06356318311992,48.49866762516244,-10.873472300924844,5.884416707662537
2026-03-05 00:00:00-05:00,260.54995479568396,261.3192350446657,257.01320478174756,260.0504150390625,49658600,0.0,0.0,267.21241455078126,264.65587615966797,265.9886090596517,-0.2915114146319411,280.0527365313209,254.37209257024165,47.26542173949168,-52.144048881769045,10.301300439013348
2026-03-06 00:00:00-05:00,258.39192833924307,258.53178361058343,254.13584003818684,257.2229919433594,41120000,0.0,0.0,266.30364685058595,264.9669942220052,265.652747853597,-0.8839501316372207,279.27659678271306,253.33069691845884,45.738512266411064,-86.40436333321759,13.21132934924684
2026-03-09 00:00:00-04:00,255.45463216869055,260.9095975388004,253.44647267699952,259.6407775878906,38218500,0.0,0.0,265.4054748535156,265.3690195719401,265.36899439493817,-1.1451662245233365,277.5447496314968,253.26620007553444,47.24607293015536,-80.31842279554427,10.15622254669692
2026-03-10 00:00:00-04:00,257.4128391437035,262.2384104290217,256.71350175461305,260.58990478515625,30590800,0.0,0.0,264.7166091918945,265.557470703125,265.07444279988607,-1.26105852971466,276.2638177330575,253.16940065073152,47.83463896750119,-64.42641241118851,8.464100251414512
2026-03-11 00:00:00-04:00,260.8496568052655,261.888707997661,259.3110658747261,260.5699157714844,26218900,0.0,0.0,264.0737014770508,265.6500996907552,264.79203465779625,-1.3390808721407552,274.99345208454463,253.15395086955698,47.82301464751542,-57.05794815032492,8.464100251388414
2026-03-12 00:00:00-04:00,258.4219063383753,258.71164792954545,253.94601921584928,255.52456665039065,40794000,0.0,0.0,263.0876098632813,265.63543701171875,264.42137883504233,-1.7874272996884883,273.29808470048397,252.8771350260786,44.96958573244583,-109.01338478029024,14.161307169781745
2026-03-13 00:00:00-04:00,255.24483747003177,256.0940459350445,249.29033192864068,249.8897705078125,36930000,0.0,0.0,262.5076431274414,265.371728515625,264.0261807759603,-2.567825733788368,274.29618396107566,250.7191022938071,42.06951958987615,-152.17141174199617,18.70360276817995
2026-03-16 00:00:00-04:00,251.8779423541949,253.6563027081548,249.6499992581203,252.58729553222656,32074200,0.0,0.0,262.3597801208496,265.1580103556315,263.6676233927409,-2.934798855608051,274.582257182202,250.13730305949727,43.86240826698443,-143.7951442814568,18.703602768091844
2026-03-17 00:00:00-04:00,252.72716690012703,254.89516767044785,251.94787083452104,253.99598693847656,32361600,0.0,0.0,261.87772369384766,264.6409006754557,263.3786252339681,-3.0764941653031883,274.6367978559604,249.11864953173492,44.78555878038745,-115.68631407982458,16.941434418652154
2026-03-18 00:00:00-04:00,252.3974721128864,254.70534343896443,248.7708084606242,249.70994567871097,35757900,0.0,0.0,261.15788650512695,263.9985560099284,263.01237030029296,-3.494355671794267,274.96859627694954,247.34717673330437,42.58159524698225,-131.78678784649225,20.088583756068317
2026-03-19 00:00:00-04:00,249.17043241392184,251.5982036354298,247.0723745163624,248.73085021972656,34864100,0.0,0.0,260.5774230957031,263.09034322102866,262.60517603556315,-3.860022806977838,275.46661611538167,245.68823007602455,42.092088337772296,-142.99720646480236,21.728725961098228
2026-03-20 00:00:00-04:00,247.7517334570195,248.97061168291063,245.77356028907465,247.76173400878903,88331100,0.0,0.0,259.74868698120116,262.1691228230794,262.22674662272135,-4.1798337039973035,275.57267817307627,243.92469578932602,41.602389299573446,-149.71087724441867,22.97927835887751
2026-03-23 00:00:00-04:00,253.73622734962268,254.3656523266213,250.0496214753341,251.25851440429688,40546100,0.0,0.0,259.0148643493652,261.29093271891276,261.8834732055664,-4.1038189199236115,274.991405495353,243.03832320337744,44.03279166762625,-100.19047965851694,15.07858946796117
2026-03-24 00:00:00-04:00,250.1195650925759,254.5954370944537,249.32029842391177,251.4083709716797,45152300,0.0,0.0,257.99080657958984,260.5256378173828,261.51857579549153,-3.9855416401894956,273.09441229279423,242.88720086638546,44.1358651281944,-95.17856995939765,15.834750533183831
2026-03-25 00:00:00-04:00,253.86611511385965,254.76528059453105,251.3684162845015,252.3874664306641,28476700,0.0,0.0,256.9112998962402,259.824284362793,261.17681681315105,-3.7693504967729723,270.178417629962,243.6441821625185,44.82269036783326,-78.71122692064417,15.58680424179836
2026-03-26 00:00:00-04:00,251.88793104116343,256.76344411909713,250.53918279672283,252.6572265625,41796700,0.0,0.0,255.90922317504882,259.0713119506836,260.8335647583008,-3.5354950833312273,267.0054341804875,244.81301216961012,45.01536763599838,-68.66680865291698,12.65210623084903
2026-03-27 00:00:00-04:00,253.666280215245,255.2548282141602,247.8416601166152,248.57098388671875,47900000,0.0,0.0,255.14093093872071,258.64070790608724,260.4335220336914,-3.6379525645052126,266.02258973534873,244.2592721420927,42.67995534150072,-93.52816712064467,15.64321705826366
2026-03-30 00:00:00-04:00,249.83982057534303,250.63907198816295,245.2840052006544,246.40298461914065,39446200,0.0,0.0,254.23726425170898,258.3359888712565,260.01764119466145,-3.8497131814767727,264.85323875149453,243.62128975192343,41.498298737700225,-118.32783846080717,18.384493586913816
2026-03-31 00:00:00-04:00,247.6818040942864,255.24482803058763,246.87255213324852,253.5563812255859,49598100,0.0,0.0,253.7397216796875,257.9999643961589,259.7351234436035,-3.401109796749722,263.417696232128,244.06174712724703,46.54950913003759,-65.93858919606531,11.627019238545273
2026-04-01 00:00:00-04:00,253.8461228128272,255.94418062939917,253.096813183035,255.3946990966797,40059400,0.0,0.0,253.3955390930176,257.7095647176107,259.5456283569336,-2.8642343825686396,262.2494610756316,244.5416171104036,47.74888170434147,-32.19115243753097,10.635044032144204
2026-04-02 00:00:00-04:00,253.96601496217016,255.89424639361263,250.4192795609811,255.68443298339844,31289400,0.0,0.0,253.17723999023437,257.55437520345055,259.4424776713053,-2.3878519744256153,261.5420819545915,244.81239802587726,47.93934617493329,-38.48885882257823,13.673396411595563
2026-04-06 00:00:00-04:00,256.27389167390277,261.9186847371787,256.2239194053331,258.6217041015625,29329900,0.0,0.0,253.24717559814454,257.36388346354164,259.4220522562663,-1.7530936797087406,261.7762160325962,244.71813516369286,49.85626219702729,16.677086619046392,5.337384731410747
2026-04-07 00:00:00-04:00,255.92421782448065,255.96418954301225,245.47383916108728,253.26666259765625,62148000,0.0,0.0,252.9284698486328,256.941606648763,259.33383611043297,-1.6629804499178533,260.9103874024918,244.94655229477382,46.618856344486375,-61.675623826942925,16.62389039283849
2026-04-08 00:00:00-04:00,258.2121146377317,259.51090582044134,256.29386854025813,258.66168212890625,41032800,0.0,0.0,252.83205871582032,256.50067850748695,259.33004735310874,-1.1430556440284931,260.4632071133229,245.20091031831777,50.002460144694865,20.8939851703902,12.063690050492834
2026-04-09 00:00:00-04:00,258.7615948993736,260.879638597066,255.8342992320816,260.2502136230469,28121600,0.0,0.0,252.81607360839843,256.04309895833336,259.3380948384603,-0.5959604131691378,260.38001859411344,245.2521286226834,50.949484762942646,41.537557354425495,10.341227902926613
2026-04-10 00:00:00-04:00,259.7406946341393,261.94865175168746,258.78155637925676,260.240234375,31291500,0.0,0.0,253.0518569946289,255.62781473795573,259.33266728719076,-0.16132904224696176,261.23956736442307,244.86414662483475,50.94321394461332,73.16876630123149,8.987753312743008
2026-04-13 00:00:00-04:00,259.49093671136296,259.9405042051452,256.4237552437805,258.96142578125,36234700,0.0,0.0,253.50543975830078,255.46196797688802,259.3240592956543,0.07901939805952907,261.9564480574947,245.0544314591069,50.125365262485246,51.48564566597041,11.46558496461388
2026-04-14 00:00:00-04:00,259.01136264890187,261.68888841493145,256.9532612999924,258.59173583984375,48370700,0.0,0.0,253.80566177368163,255.26581522623698,259.33840204874673,0.23693513917828568,262.54116193874694,245.07016160861633,49.885857603761245,67.19575347340374,9.185300159543473
2026-04-15 00:00:00-04:00,257.92237663273806,266.3146386359468,257.57269269729437,266.18475341796875,49913500,0.0,0.0,254.41510009765625,255.35506591796874,259.52387924194335,0.96366898658124,264.7591292397626,244.0710709555499,54.50465435496807,140.27883728307916,3.3960691264116027
2026-04-16 00:00:00-04:00,266.55439590858066,266.91408037974617,261.0294875448873,263.15753173828125,43323100,0.0,0.0,255.08747940063478,255.38437194824218,259.80579630533856,1.2805776049807491,265.8821634147706,244.2927953864989,52.50868987656636,145.07622267499085,2.666321364390975
2026-04-17 00:00:00-04:00,266.7142527536172,272.0493335842862,266.47448343207725,269.98126220703125,61436200,0.0,0.0,256.15,255.71540018717448,260.18563817342124,2.0586175273879803,268.39601972150837,243.9039802784916,56.24503872657295,218.5938716002144,3.377153331150988
2026-04-20 00:00:00-04:00,270.08114756253855,274.0275237795767,270.04120633500696,272.79864501953125,36590200,0.0,0.0,257.40184555053713,256.2345886230469,260.600791422526,2.869481422836543,271.07321998066845,243.73047112040584,57.66754432190344,224.6334419268036,5.591767197086998
2026-04-21 00:00:00-04:00,271.250098918132,272.5488901425708,265.1557075406741,265.9250183105469,50209800,0.0,0.0,258.1351707458496,256.4440633138021,260.9065414428711,2.9237495074674484,271.9912308969363,244.27911059476293,53.29460672207099,147.48159288335174,0.24937697306841516
2026-04-22 00:00:00-04:00,267.5734973129919,273.48803128351057,266.62435952726383,272.9185791015625,43249200,0.0,0.0,259.21068115234374,256.855019124349,261.20624491373695,3.4908390441970027,274.164077447046,244.25728485764148,56.74680464603831,169.23077641980106,0.8414186445224162
2026-04-23 00:00:00-04:00,274.79681820267325,275.5161566987003,271.39995382845746,273.1783142089844,33399600,0.0,0.0,260.25022354125974,257.2752990722656,261.4626993815104,3.9160779314667025,276.0718931254273,244.4285539570922,56.86928624770929,176.93501013313286,3.1945634229601523
2026-04-24 00:00:00-04:00,272.50893317942314,272.80864483253174,269.4017800912603,270.81048583984375,38157100,0.0,0.0,261.15788650512695,257.7848297119141,261.7101333618164,4.015728039550311,277.226380232203,245.08939277805092,55.390084176790104,135.53126394060098,0.7575515510989698
2026-04-27 00:00:00-04:00,265.84505761361925,268.1129570778125,264.8260075108844,267.3636474609375,41466800,0.0,0.0,262.0975196838379,258.36729227701824,261.86951039632163,3.773076737428994,277.23796028040135,246.95707908727445,53.30228134127795,85.83369604108816,4.5806122296756495
2026-04-28 00:00:00-04:00,272.0893199684016,272.97851539952296,268.4127145556596,270.4608154296875,40018900,0.0,0.0,263.30041122436523,258.9630762736003,262.06054331461587,3.7870348231609796,276.93893094336164,249.6618915053688,54.88303582762126,114.21912708010335,1.1785212603314106
2026-04-29 00:00:00-04:00,267.3037117460274,270.7905199823619,266.7942019267937,269.92132568359375,30047900,0.0,0.0,264.1186584472656,259.4939208984375,262.0674107869466,3.711777334252247,277.2499277802219,250.9873891143093,54.55029388658272,91.94434141982316,0.7031685035097189
2026-04-30 00:00:00-04:00,270.25102650288807,275.7459641951834,267.893213328058,271.1002502441406,91848200,0.0,0.0,264.9039360046387,260.2069310506185,262.1027435302734,3.704560721455664,277.7130244994682,252.09484750980917,55.16478380982209,104.83014709285935,4.898736467938713
2026-05-01 00:00:00-04:00,278.6032901046287,286.95561044034525,278.1137509144006,279.88214111328125,79915400,0.0,0.0,266.1138214111328,261.24530741373695,262.16782531738284,4.357239162854626,279.7975919880318,252.43005083423375,59.39522861406226,174.90548941702087,15.85256765027398
2026-05-04 00:00:00-04:00,279.4025768563376,280.3716851917065,274.60697695873915,276.5751647949219,46668400,0.0,0.0,267.0114944458008,262.2057551066081,262.18743896484375,4.555137390259858,280.97843313592875,253.0445557556728,57.2894733242348,126.0625353632192,11.68933590039921
2026-05-05 00:00:00-04:00,276.6750995896243,284.30808218316156,276.2455026895375,283.9184265136719,49311700,0.0,0.0,268.54408264160156,263.29441884358727,262.29267578125,5.244062721030275,282.8825142935693,254.20565098963388,60.505873203669864,148.12691745296857,15.226845624424831
2026-05-06 00:00:00-04:00,281.66051049385584,287.76487170009636,280.8112868075762,287.245361328125,58336100,0.0,0.0,269.9732666015625,264.4889851888021,262.50731150309247,5.989454145196703,285.7865195670889,254.16001363603613,61.85229779629314,162.18613767111236,18.203421326179583
2026-05-07 00:00:00-04:00,289.00371711581823,291.8611003514943,285.5169394038565,287.1754150390625,45224300,0.0,0.0,271.3195266723633,265.6485834757487,262.73643391927084,6.499614626596269,288.19621836923716,254.4428349754894,61.806470197291766,167.39645611793935,21.57883041520351
2026-05-08 00:00:00-04:00,289.7430674686918,294.4886952888782,289.7330669166447,293.0500183105469,52692800,0.0,0.0,272.96001586914065,266.99500986735023,263.03316090901694,7.293872647906937,291.5896322757954,254.3303994624859,64.11642804463605,180.74512549722613,23.669038353952047
2026-05-11 00:00:00-04:00,291.9800109863281,293.8800048828125,290.2300109863281,292.67999267578125,42247300,0.27,0.0,274.6459442138672,268.465310160319,263.5530090332031,7.80351580316443,294.0291559327767,255.2627324949577,63.864746150220455,165.83218617401698,23.669038353861374
2026-05-12 00:00:00-04:00,292.55999755859375,295.2699890136719,292.55999755859375,294.79998779296875,45748100,0.0,0.0,276.45635681152345,270.0785435994466,264.20726623535154,8.282996338105704,296.28463671761,256.6280769054369,64.68632985304954,166.44516141430117,24.803659369821975
2026-05-13 00:00:00-04:00,293.5,300.9200134277344,293.5,298.8699951171875,52684300,0.0,0.0,278.0906188964844,271.58899739583336,264.7944808959961,8.888937554158588,299.66527431844645,256.5159634745223,66.2120206041853,173.06071921023184,29.227297651071048
2026-05-14 00:00:00-04:00,299.82000732421875,300.45001220703125,295.3800048828125,298.2099914550781,35324900,0.0,0.0,279.8432418823242,273.0161738077799,265.3628692626953,9.20972952469657,301.997346442998,257.68913732165043,65.73559110790063,155.72258187297123,29.22729765091145
2026-05-15 00:00:00-04:00,297.8999938964844,303.20001220703125,296.5199890136719,300.2300109863281,54862800,0.0,0.0,281.3556793212891,274.5010264078776,266.02770080566404,9.517249241716968,304.7692742405413,257.94208440203687,66.49881928167386,149.4635115380058,31.331414648581703
2026-05-18 00:00:00-04:00,300.239990234375,300.6600036621094,294.9100036621094,297.8399963378906,34483000,0.0,0.0,282.60774688720704,275.8083028157552,266.5860931396484,9.45906837293495,306.76115761344147,258.4543361609726,64.73395409670377,123.56423802214366,29.0084912435949
2026-05-19 00:00:00-04:00,296.9700012207031,300.510009765625,296.3500061035156,298.9700012207031,42243600,0.0,0.0,284.25999603271487,277.3317474365234,267.1366770426432,9.395832259863539,308.12761702173293,260.3923750436968,65.18586849795682,117.54635931058559,29.008491243457748
2026-05-20 00:00:00-04:00,298.17999267578125,302.79998779296875,298.0799865722656,302.25,38229800,0.0,0.0,285.72656707763673,278.7846913655599,267.64268493652344,9.500865609396953,310.2553759941521,261.1977581611214,66.47582232509171,119.57597680947836,30.869681329475387
2026-05-21 00:00:00-04:00,301.05999755859375,305.5400085449219,300.3999938964844,304.989990234375,42965100,0.0,0.0,287.31715087890626,280.27601725260416,268.15955810546876,9.693459442008361,312.53585071884993,262.0984510389626,67.51595164305263,122.61904185921527,33.042528413896704
2026-05-22 00:00:00-04:00,306.1199951171875,311.3999938964844,305.8399963378906,308.82000732421875,43670200,0.0,0.0,289.217626953125,281.8953430175781,268.7615788777669,10.039413700457715,314.9227772095638,263.5124766966862,68.91075914756537,137.07665897901995,37.395933535116015
2026-05-26 00:00:00-04:00,309.55999755859375,311.82000732421875,307.6700134277344,308.3299865722656,48000500,0.0,0.0,291.2659439086914,283.54096171061195,269.50146484375,10.15696123668863,316.1545753639992,266.3773124533836,68.5213491922577,128.94511130392505,37.69628784118788
2026-05-27 00:00:00-04:00,308.3299865722656,313.260009765625,308.29998779296875,310.8500061035156,50430900,0.0,0.0,293.2854034423828,285.28290405273435,270.2743596394857,10.334335237804737,317.61418937925276,268.95661750551284,69.44007309996746,126.90735218592806,38.73870323197549
2026-05-28 00:00:00-04:00,310.67999267578125,312.79998779296875,309.57000732421875,312.510009765625,48157800,0.0,0.0,295.4148376464844,286.8270792643229,271.09107259114586,10.487955214712883,318.5596550847595,272.27002020820925,70.03600552000657,121.72513222377341,38.738703231825106
2026-05-29 00:00:00-04:00,311.7749938964844,315.0,310.4200134277344,310.7049865722656,15811223,0.0,0.0,297.39507446289065,288.4119944254557,271.89818318684894,10.344801435159695,318.46465824884297,276.32549067693833,68.53272611854831,116.08493478373528,40.36987971927215
