Date,Open,High,Low,Close,Volume,Dividends,Stock Splits
2016-05-31 00:00:00-04:00,22.67391147834835,22.85603194678067,22.49634497688307,22.73310089111328,169228800,0.0,0.0
2016-06-01 00:00:00-04:00,22.54186425664834,22.660243029826294,22.38478720234156,22.41438102722168,116693200,0.0,0.0
2016-06-02 00:00:00-04:00,22.218605412811385,22.273240842302986,21.99778497521207,22.24592399597168,160766400,0.0,0.0
2016-06-03 00:00:00-04:00,22.261852865345205,22.371123692243952,22.18445110419915,22.291446685791016,114019600,0.0,0.0
2016-06-06 00:00:00-04:00,22.307387409815206,23.195221340147576,22.20722275072929,22.453083038330078,93170000,0.0,0.0
2016-06-07 00:00:00-04:00,22.59422878727063,22.735372201930687,22.52821017735685,22.544145584106445,89638000,0.0,0.0
2016-06-08 00:00:00-04:00,22.541863679255194,22.664794677408715,22.46446364532262,22.523653030395508,83392400,0.0,0.0
2016-06-09 00:00:00-04:00,22.423501348446656,22.762699004359536,22.41439514963177,22.685298919677734,106405600,0.0,0.0
2016-06-10 00:00:00-04:00,22.43031587222993,22.616988483596124,22.418934433788163,22.498611450195312,126851600,0.0,0.0
2016-06-13 00:00:00-04:00,22.466748484703306,22.564637920975898,22.104784574084448,22.159420013427734,152082000,0.0,0.0
2016-06-14 00:00:00-04:00,22.15486624507442,22.418940701079542,22.025106000128226,22.186737060546875,127727600,0.0,0.0
2016-06-15 00:00:00-04:00,22.268687704111798,22.403001894795192,22.0888442801829,22.1138858795166,117780800,0.0,0.0
2016-06-16 00:00:00-04:00,21.956809775393893,22.252755038411323,21.870303526845767,22.207225799560547,125307200,0.0,0.0
2016-06-17 00:00:00-04:00,21.995507675465443,22.00233688641061,21.695010236076318,21.701839447021484,244032800,0.0,0.0
2016-06-20 00:00:00-04:00,21.854373548479586,21.984133821950504,21.63355303785743,21.64948844909668,137647600,0.0,0.0
2016-06-21 00:00:00-04:00,21.61305902529588,21.93404413901869,21.553869628070824,21.833879470825195,142185600,0.0,0.0
2016-06-22 00:00:00-04:00,21.911276651977456,22.05697227466508,21.70639163981398,21.751922607421875,116876400,0.0,0.0
2016-06-23 00:00:00-04:00,21.840707468421712,21.920384496701352,21.683628657792593,21.87713050842285,128960800,0.0,0.0
2016-06-24 00:00:00-04:00,21.1509300314275,21.549316923000653,21.09174063551022,21.26247787475586,301245600,0.0,0.0
2016-06-27 00:00:00-04:00,21.171420532073174,21.182803710961903,20.829946007362317,20.952877044677734,181958400,0.0,0.0
2016-06-28 00:00:00-04:00,21.148651842251095,21.321666054463222,20.97563763003897,21.305728912353516,161779600,0.0,0.0
2016-06-29 00:00:00-04:00,21.392236244676305,21.524273448369915,21.31483446647255,21.49012565612793,146124000,0.0,0.0
2016-06-30 00:00:00-04:00,21.499225442806583,21.801998043822323,21.467354642699664,21.76329803466797,143345600,0.0,0.0
2016-07-01 00:00:00-04:00,21.73826641463874,21.961363854547113,21.701843370736256,21.829326629638672,104106000,0.0,0.0
2016-07-05 00:00:00-04:00,21.715501360026124,21.717778342983515,21.503787102545367,21.624441146850586,110820800,0.0,0.0
2016-07-06 00:00:00-04:00,21.535651754635122,21.77696151102869,21.483293319400158,21.747365951538086,123796400,0.0,0.0
2016-07-07 00:00:00-04:00,21.786068710331573,21.968189107508774,21.767858060076918,21.84070587158203,100558400,0.0,0.0
2016-07-08 00:00:00-04:00,21.96591273121933,22.056972932321376,21.86574807315307,22.009166717529297,115648400,0.0,0.0
2016-07-11 00:00:00-04:00,22.025102967911465,22.229987994048525,22.020550739254617,22.077463150024414,95179600,0.0,0.0
2016-07-12 00:00:00-04:00,22.120709445982424,22.241363446440136,22.109328008989863,22.177621841430664,96670000,0.0,0.0
2016-07-13 00:00:00-04:00,22.175348749652812,22.23453639615039,22.045586808073868,22.052417755126953,103568800,0.0,0.0
2016-07-14 00:00:00-04:00,22.170797838449396,22.535036907490163,22.154862433454767,22.4895076751709,155676000,0.0,0.0
2016-07-15 00:00:00-04:00,22.519104930441348,22.605612916576966,22.423492485919063,22.487234115600586,120548000,0.0,0.0
2016-07-18 00:00:00-04:00,22.469019737799965,22.794558806447593,22.44625512018853,22.72626495361328,145975600,0.0,0.0
2016-07-19 00:00:00-04:00,22.664796163674534,22.764962554700436,22.614712968161584,22.735368728637695,95119600,0.0,0.0
2016-07-20 00:00:00-04:00,22.764963661535447,22.869682285959044,22.705774269703365,22.755857467651367,105104000,0.0,0.0
2016-07-21 00:00:00-04:00,22.726262605703987,22.992612251581413,22.566906825229403,22.635202407836914,130808000,0.0,0.0
2016-07-22 00:00:00-04:00,22.596502683958082,22.605608877546853,22.38023449408964,22.45991325378418,113254800,0.0,0.0
2016-07-25 00:00:00-04:00,22.3665820652162,22.500894548774546,22.06380756036966,22.159420013427734,161531600,0.0,0.0
2016-07-26 00:00:00-04:00,22.041037135170935,22.302834557369803,21.949976935689307,22.00688934326172,224959200,0.0,0.0
2016-07-27 00:00:00-04:00,23.737026607388394,23.755238994973727,23.39099992741144,23.4365291595459,369379200,0.0,0.0
2016-07-28 00:00:00-04:00,23.409212413656437,23.77800371125491,23.406935430991453,23.752962112426758,159479200,0.0,0.0
2016-07-29 00:00:00-04:00,23.718821183600856,23.80077520896637,23.602719358194836,23.723373413085938,110934800,0.0,0.0
2016-08-01 00:00:00-04:00,23.768900956669082,24.165010864131546,23.768900956669082,24.14224624633789,152671600,0.0,0.0
2016-08-02 00:00:00-04:00,24.142241818714755,24.14679404670702,23.675559423802557,23.784832000732422,135266400,0.0,0.0
2016-08-03 00:00:00-04:00,23.85995808599503,24.09443693605807,23.850851892023883,24.08305549621582,120810400,0.0,0.0
2016-08-04 00:00:00-04:00,24.16545245152314,24.26158283232779,24.096786895955468,24.231828689575195,109634800,0.1425,0.0
2016-08-05 00:00:00-04:00,24.323380557839805,24.63924001955661,24.30278193880834,24.600330352783203,162213600,0.0,0.0
2016-08-08 00:00:00-04:00,24.60948336646476,24.804035186767578,24.5270871466591,24.804035186767578,112148800,0.0,0.0
2016-08-09 00:00:00-04:00,24.771992464217153,24.93449908368157,24.7216379561109,24.904743194580078,105260800,0.0,0.0
2016-08-10 00:00:00-04:00,24.881861288365783,24.92534960067685,24.66442321928655,24.7193546295166,96034000,0.0,0.0
2016-08-11 00:00:00-04:00,24.83837106387141,24.932213889268045,24.68501994290599,24.703330993652344,109938000,0.0,0.0
2016-08-12 00:00:00-04:00,24.668994145530196,24.82005766994111,24.668994145530196,24.760547637939453,74641600,0.0,0.0
2016-08-15 00:00:00-04:00,24.751395763843067,25.07183216140726,24.737663349139908,25.0580997467041,103472800,0.0,0.0
2016-08-16 00:00:00-04:00,25.092430377750215,25.22976150751289,24.996299983906624,25.03520965576172,135177600,0.0,0.0
2016-08-17 00:00:00-04:00,24.97112008237138,25.032919433468297,24.797168616999258,24.998586654663086,101424000,0.0,0.0
2016-08-18 00:00:00-04:00,25.000879796385863,25.085565351322884,24.952812850963635,24.9665470123291,87938800,0.0,0.0
2016-08-19 00:00:00-04:00,24.895592108196556,25.106165702014025,24.80175102783004,25.0306339263916,101472400,0.0,0.0
2016-08-22 00:00:00-04:00,24.91618537887745,24.971116769936508,24.685013228240997,24.836076736450195,103280800,0.0,0.0
2016-08-23 00:00:00-04:00,24.854388436650385,25.021473689483713,24.840656024118577,24.913898468017578,85030800,0.0,0.0
2016-08-24 00:00:00-04:00,24.8498123178777,24.891011302987323,24.64610670990169,24.726215362548828,94700400,0.0,0.0
2016-08-25 00:00:00-04:00,24.579734540782386,24.691886673061536,24.417227891003797,24.620933532714844,100344800,0.0,0.0
2016-08-26 00:00:00-04:00,24.584313218873458,24.70790844864497,24.332540630944195,24.47673797607422,111065200,0.0,0.0
2016-08-29 00:00:00-04:00,24.403492465114848,24.591176350488606,24.327960698184036,24.449268341064453,99881200,0.0,0.0
2016-08-30 00:00:00-04:00,24.215805550674766,24.37602284269513,24.147139999101746,24.261581420898438,99455600,0.0,0.0
2016-08-31 00:00:00-04:00,24.183764239161054,24.3920467372776,24.179185603989712,24.28447151184082,118649600,0.0,0.0
2016-09-01 00:00:00-04:00,24.29363097090216,24.44469452374681,24.1746126307344,24.428672790527344,106806000,0.0,0.0
2016-09-02 00:00:00-04:00,24.650682859257305,24.71934841445918,24.44926657489614,24.657550811767578,107210000,0.0,0.0
2016-09-06 00:00:00-04:00,24.696461978350715,24.788015475435525,24.607197798908395,24.650684356689453,107521600,0.0,0.0
2016-09-07 00:00:00-04:00,24.680436836338693,24.89329794549112,24.506485390542494,24.80174446105957,169457200,0.0,0.0
2016-09-08 00:00:00-04:00,24.547688186556055,24.552265075682133,24.0876331218055,24.15172004699707,212008000,0.0,0.0
2016-09-09 00:00:00-04:00,23.950308056629332,24.19750202362435,23.604694366455078,23.604694366455078,186228000,0.0,0.0
2016-09-12 00:00:00-04:00,23.494826106333228,24.197496422009813,23.46735953427949,24.13340950012207,181171200,0.0,0.0
2016-09-13 00:00:00-04:00,24.607205139845533,24.90017502092691,24.545405768725978,24.70791244506836,248704800,0.0,0.0
2016-09-14 00:00:00-04:00,24.886434865548,25.87063014465147,24.85667897528379,25.582237243652344,443554800,0.0,0.0
2016-09-15 00:00:00-04:00,26.06060067510993,26.48861222068165,25.97591339445229,26.451990127563477,359934400,0.0,0.0
2016-09-16 00:00:00-04:00,26.348998373685482,26.580168830453403,26.10180443856475,26.303220748901367,319547600,0.0,0.0
2016-09-19 00:00:00-04:00,26.365016812905786,26.5916103520135,25.920983512266076,25.99651527404785,188092000,0.0,0.0
2016-09-20 00:00:00-04:00,25.875206237689383,26.12011081115645,25.75160929226149,25.994224548339844,138057200,0.0,0.0
2016-09-21 00:00:00-04:00,26.058316452331603,26.090359916955993,25.735592488260867,25.989652633666992,144012800,0.0,0.0
2016-09-22 00:00:00-04:00,26.172754940092023,26.307796736816936,26.09264628757944,26.234554290771484,124296000,0.0,0.0
2016-09-23 00:00:00-04:00,26.188777575064645,26.273464865638555,25.531884855537015,25.797388076782227,209924800,0.0,0.0
2016-09-26 00:00:00-04:00,25.552479943478165,25.95302491074402,25.53188132621277,25.836294174194336,119477600,0.0,0.0
2016-09-27 00:00:00-04:00,25.863762648307365,25.904961632109924,25.712699125618776,25.884361267089844,98429600,0.0,0.0
2016-09-28 00:00:00-04:00,26.021698975216374,26.23913704438409,25.962188928804075,26.081207275390625,118564400,0.0,0.0
2016-09-29 00:00:00-04:00,25.900386687102312,26.046871585785244,25.589105840841654,25.67608070373535,143548000,0.0,0.0
2016-09-30 00:00:00-04:00,25.74016420879201,25.94844843326282,25.58910244107431,25.875205993652344,145516400,0.0,0.0
2016-10-03 00:00:00-04:00,25.797388833340097,25.875209919491997,25.698969126471315,25.7539005279541,86807200,0.0,0.0
2016-10-04 00:00:00-04:00,25.87748858889676,26.163592086461026,25.779068915885166,25.86375617980957,118947200,0.0,0.0
2016-10-05 00:00:00-04:00,25.95531463912669,26.014824667009425,25.79280803081087,25.875205993652344,85812400,0.0,0.0
2016-10-06 00:00:00-04:00,26.023980341230185,26.170465231130333,25.89351718159294,26.067468643188477,115117200,0.0,0.0
2016-10-07 00:00:00-04:00,26.163603093580928,26.220823817166742,25.98049782584907,26.106382369995117,97433600,0.0,0.0
2016-10-10 00:00:00-04:00,26.326108295770283,26.72207644962108,26.257444478974328,26.561859130859375,144944000,0.0,0.0
2016-10-11 00:00:00-04:00,26.93951422421971,27.166109532262723,26.59618990489879,26.61907958984375,256164000,0.0,0.0
2016-10-12 00:00:00-04:00,26.859407924510492,27.003605268881365,26.722078533968947,26.857118606567383,150347200,0.0,0.0
2016-10-13 00:00:00-04:00,26.731230933637267,26.880005150259226,26.486326329501203,26.77471923828125,140769600,0.0,0.0
2016-10-14 00:00:00-04:00,26.980709328593424,27.047085563656005,26.809047193643227,26.92348861694336,142608800,0.0,0.0
2016-10-17 00:00:00-04:00,26.854829278087568,26.971558291980898,26.728942993020848,26.905183792114258,94499600,0.0,0.0
2016-10-18 00:00:00-04:00,27.049383724604194,27.05624993284904,26.882298423614554,26.886877059936523,98214000,0.0,0.0
2016-10-19 00:00:00-04:00,26.836518749601414,26.95324951200044,26.046873480624278,26.806764602661133,80138400,0.0,0.0
2016-10-20 00:00:00-04:00,26.747255811038844,26.866274150593316,26.625948153539685,26.793031692504883,96503200,0.0,0.0
2016-10-21 00:00:00-04:00,26.735807426320722,26.758697110259885,26.6144997848891,26.687742233276367,92770800,0.0,0.0
2016-10-24 00:00:00-04:00,26.80218568949886,26.948670597321588,26.779297750071155,26.928071975708008,94154800,0.0,0.0
2016-10-25 00:00:00-04:00,26.99673361095342,27.090576425127797,26.8502487149759,27.065399169921875,192516000,0.0,0.0
2016-10-26 00:00:00-04:00,26.16359610977424,26.481743108289862,25.934713276526317,26.456565856933594,264536800,0.0,0.0
2016-10-27 00:00:00-04:00,26.410793330304532,26.518368554939595,26.11553422850968,26.202510833740234,138248000,0.0,0.0
2016-10-28 00:00:00-04:00,26.06289532854449,26.369597563133876,25.966763187546174,26.028562545776367,151446800,0.0,0.0
2016-10-31 00:00:00-04:00,26.01253725478018,26.145289731996076,25.909538920566067,25.98736000061035,105677600,0.0,0.0
2016-11-01 00:00:00-04:00,25.969053738668325,26.040006879184247,25.29842676886926,25.51815414428711,175303200,0.0,0.0
2016-11-02 00:00:00-04:00,25.497553859616954,25.714991902906835,25.45864418807882,25.541040420532227,113326800,0.0,0.0
2016-11-03 00:00:00-04:00,25.531838097943226,25.642264957129893,25.20285508147735,25.267271041870117,107730400,0.1425,0.0
2016-11-04 00:00:00-04:00,24.96819331187081,25.36389333452078,24.87156937755949,25.03951072692871,123348000,0.0,0.0
2016-11-07 00:00:00-05:00,25.324783872490706,25.423708878055244,25.18214728731297,25.40070343017578,130240000,0.0,0.0
2016-11-08 00:00:00-05:00,25.377697966609183,25.70208059611489,25.237362443161036,25.550241470336914,97016800,0.0,0.0
2016-11-09 00:00:00-05:00,25.27876923832055,25.610053278444553,24.857764485066493,25.508827209472656,236705600,0.0,0.0
2016-11-10 00:00:00-05:00,25.557143017878346,25.557143017878346,24.347039171303557,24.79795265197754,228538000,0.0,0.0
2016-11-11 00:00:00-05:00,24.643811225593108,25.04641268693562,24.51267824839253,24.945186614990234,136575600,0.0,0.0
2016-11-14 00:00:00-05:00,24.779545367845188,24.80255081531767,23.94443551369246,24.319429397583008,204702000,0.0,0.0
2016-11-15 00:00:00-05:00,24.517282287264077,24.772646821194414,24.422959414978134,24.64151382446289,129058000,0.0,0.0
2016-11-16 00:00:00-05:00,24.54718432076294,25.359290416788934,24.524178875156075,25.304075241088867,235362000,0.0,0.0
2016-11-17 00:00:00-05:00,25.262668119430153,25.386899648584652,25.03721226501154,25.294876098632812,110528000,0.0,0.0
2016-11-18 00:00:00-05:00,25.241963923155183,25.43061141206758,25.22816100488457,25.32018280029297,113715600,0.0,0.0
2016-11-21 00:00:00-05:00,25.333990290230282,25.76419767272217,25.30868376711859,25.704383850097656,117058400,0.0,0.0
2016-11-22 00:00:00-05:00,25.754987254155598,25.863114773392986,25.62845643254817,25.72047996520996,103862000,0.0,0.0
2016-11-23 00:00:00-05:00,25.619256652066213,25.653765699916704,25.382297214804243,25.5893497467041,109705600,0.0,0.0
2016-11-25 00:00:00-05:00,25.566342501900497,25.73658666962397,25.524931995589796,25.718181610107422,45903600,0.0,0.0
2016-11-28 00:00:00-05:00,25.635362135650787,25.874622658112738,25.626159605340344,25.667570114135742,108776000,0.0,0.0
2016-11-29 00:00:00-05:00,25.485827700139822,25.773400231067928,25.322486713197073,25.64226722717285,114115200,0.0,0.0
2016-11-30 00:00:00-05:00,25.67447127436906,25.812505717013426,25.368493727118555,25.426008224487305,144649200,0.0,0.0
2016-12-01 00:00:00-05:00,25.39150476644213,25.522637770046657,25.083226101264454,25.18905258178711,148347600,0.0,0.0
2016-12-02 00:00:00-05:00,25.115433567203517,25.327086523891644,25.041815071172717,25.283376693725586,106112000,0.0,0.0
2016-12-05 00:00:00-05:00,25.306378819889094,25.313280278734737,24.903777338663584,25.101627349853516,137298000,0.0,0.0
2016-12-06 00:00:00-05:00,25.19135070193901,25.389200720014333,25.12003328444787,25.294876098632812,104782000,0.0,0.0
2016-12-07 00:00:00-05:00,25.136135021878374,25.58014698705001,25.113129575252483,25.543336868286133,119994800,0.0,0.0
2016-12-08 00:00:00-05:00,25.504233822463927,25.86542486610041,25.44441824209,25.79410743713379,108273200,0.0,0.0
2016-12-09 00:00:00-05:00,25.83781764485599,26.387656214381703,25.83781764485599,26.215112686157227,137610400,0.0,0.0
2016-12-12 00:00:00-05:00,26.06327548149486,26.4566745180519,25.879228347983513,26.065576553344727,105497600,0.0,0.0
2016-12-13 00:00:00-05:00,26.189801766875863,26.668322826103353,26.169097389460877,26.500381469726562,174935200,0.0,0.0
2016-12-14 00:00:00-05:00,26.46587241883168,26.732738784998737,26.452069500555023,26.500381469726562,136127200,0.0,0.0
2016-12-15 00:00:00-05:00,26.544094797742623,26.85467454156549,26.50958749749872,26.645320892333984,186098000,0.0,0.0
2016-12-16 00:00:00-05:00,26.794853821721503,26.801755280446198,26.606206344032927,26.679824829101562,177404400,0.0,0.0
2016-12-19 00:00:00-05:00,26.640717421692816,27.00420773209918,26.629213819473506,26.833965301513672,111117600,0.0,0.0
2016-12-20 00:00:00-05:00,26.856969099908948,27.031813662716168,26.84316618225683,26.90528106689453,85700000,0.0,0.0
2016-12-21 00:00:00-05:00,26.870772051742385,27.008806485032228,26.866169909350997,26.930585861206055,95132800,0.0,0.0
2016-12-22 00:00:00-05:00,26.767249498113298,26.804059622741242,26.60390851928433,26.753446578979492,104343600,0.0,0.0
2016-12-23 00:00:00-05:00,26.592408103864674,26.80636215209961,26.592408103864674,26.80636215209961,56998000,0.0,0.0
2016-12-27 00:00:00-05:00,26.806352678437122,27.100828341075097,26.799451220482073,26.97659683227539,73187600,0.0,0.0
2016-12-28 00:00:00-05:00,27.036420839178867,27.151449862372658,26.732744288155406,26.8615779876709,83623600,0.0,0.0
2016-12-29 00:00:00-05:00,26.790257568569604,26.942096714705162,26.77875571990097,26.85467529296875,60158000,0.0,0.0
2016-12-30 00:00:00-05:00,26.83626947796643,26.96280034100216,26.555598401292904,26.645320892333984,122345200,0.0,0.0
2017-01-03 00:00:00-05:00,26.640717233261352,26.762647693029223,26.401456701458834,26.721237182617188,115127600,0.0,0.0
2017-01-04 00:00:00-05:00,26.652222419559344,26.804061561829098,26.62921696760427,26.69133186340332,84472400,0.0,0.0
2017-01-05 00:00:00-05:00,26.668323926614956,26.884579016290644,26.64301740526128,26.827064514160156,88774400,0.0,0.0
2017-01-06 00:00:00-05:00,26.866168254629233,27.183649362365156,26.794850848782673,27.126134872436523,127007600,0.0,0.0
2017-01-09 00:00:00-05:00,27.135337048348266,27.475823618608228,27.13303773237843,27.374597549438477,134247600,0.0,0.0
2017-01-10 00:00:00-05:00,27.323991499898003,27.464327038866397,27.215865699974678,27.402212142944336,97848400,0.0,0.0
2017-01-11 00:00:00-05:00,27.31708513812776,27.590854706860362,27.284877160065474,27.5494441986084,110354400,0.0,0.0
2017-01-12 00:00:00-05:00,27.35389396855466,27.44591751090735,27.195153401876347,27.43441390991211,108344800,0.0,0.0
2017-01-13 00:00:00-05:00,27.402204756622897,27.519534811964093,27.333186664021486,27.38610076904297,104447600,0.0,0.0
2017-01-17 00:00:00-05:00,27.225065050993486,27.662175636930506,27.19745921211967,27.606962203979492,137759200,0.0,0.0
2017-01-18 00:00:00-05:00,27.60696682825164,27.721995856702687,27.54024978112559,27.604665756225586,94852000,0.0,0.0
2017-01-19 00:00:00-05:00,27.468925485392642,27.627664311475066,27.462024026241657,27.556346893310547,102389200,0.0,0.0
2017-01-20 00:00:00-05:00,27.710487610163064,27.710487610163064,27.54484731131003,27.606962203979492,130391600,0.0,0.0
2017-01-23 00:00:00-05:00,27.60695924284487,27.793305656069048,27.554045132006674,27.625364303588867,88200800,0.0,0.0
2017-01-24 00:00:00-05:00,27.503433666464463,27.629964509038164,27.491930064774497,27.60005760192871,92844000,0.0,0.0
2017-01-25 00:00:00-05:00,27.7035842916051,28.090081806735956,27.671376311611134,28.03946876525879,129510400,0.0,0.0
2017-01-26 00:00:00-05:00,27.991153703122777,28.16829932872382,27.97504971490478,28.05327033996582,105350400,0.0,0.0
2017-01-27 00:00:00-05:00,28.09928791224563,28.147599888382786,27.975056364234295,28.05557632446289,82251600,0.0,0.0
2017-01-30 00:00:00-05:00,27.82091656920229,27.981956481933594,27.758801675778333,27.981956481933594,121510000,0.0,0.0
2017-01-31 00:00:00-05:00,27.871530600128644,27.926744035702466,27.749600125434853,27.91754150390625,196804000,0.0,0.0
2017-02-01 00:00:00-05:00,29.224268361259686,30.020270610409472,29.21966797340711,29.61996841430664,447940000,0.0,0.0
2017-02-02 00:00:00-05:00,29.44282796012069,29.767208875316427,29.39681530020404,29.569358825683594,134841600,0.0,0.0
2017-02-03 00:00:00-05:00,29.518748555587646,29.72120076786806,29.484241251406825,29.695894241333008,98029200,0.0,0.0
2017-02-06 00:00:00-05:00,29.707388111636728,30.02256642123465,29.65447224868922,29.974252700805664,107383600,0.0,0.0
2017-02-07 00:00:00-05:00,30.03177231808843,30.388362950360797,30.011067938833033,30.259531021118164,152735200,0.0,0.0
2017-02-08 00:00:00-05:00,30.218124475940726,30.41827384421646,30.188215807887737,30.376861572265625,92016400,0.0,0.0
2017-02-09 00:00:00-05:00,30.41844937928978,30.603294449258463,30.29599026963115,30.596363067626953,113399600,0.1425,0.0
2017-02-10 00:00:00-05:00,30.605603914863373,30.716509534471417,30.51087034208567,30.527042388916016,80262000,0.0,0.0
2017-02-13 00:00:00-05:00,30.74885315818081,30.91983542397936,30.672604452850063,30.797372817993164,92141600,0.0,0.0
2017-02-14 00:00:00-05:00,30.838963126724675,31.213271729612963,30.788130658971273,31.197099685668945,132904800,0.0,0.0
2017-02-15 00:00:00-05:00,31.312634618691856,31.485926200920584,31.10468260464162,31.310321807861328,142492400,0.0,0.0
2017-02-16 00:00:00-05:00,31.34730668698453,31.400448477396328,31.155530153484246,31.27337074279785,90338400,0.0,0.0
2017-02-17 00:00:00-05:00,31.215597207664135,31.38426672331697,31.215597207664135,31.358850479125977,88792800,0.0,0.0
2017-02-21 00:00:00-05:00,31.476685021429972,31.596834850449913,31.418921155158582,31.585281372070312,98028800,0.0,0.0
2017-02-22 00:00:00-05:00,31.522882726157093,31.682311497020557,31.448946840403494,31.680002212524414,83347600,0.0,0.0
2017-02-23 00:00:00-05:00,31.74239806487526,31.765501493928575,31.492857761966008,31.54599952697754,83152800,0.0,0.0
2017-02-24 00:00:00-05:00,31.402746774646385,31.576038360595703,31.257180714248527,31.576038360595703,87106400,0.0,0.0
2017-02-27 00:00:00-05:00,31.686933747897065,31.756251065000207,31.48822598586817,31.638410568237305,81029600,0.0,0.0
2017-02-28 00:00:00-05:00,31.673086399147035,31.756266515014435,31.585284186390634,31.652292251586914,93931600,0.0,0.0
2017-03-01 00:00:00-05:00,31.860224874821586,32.38240874255942,31.793220368698762,32.29922866821289,145658400,0.0,0.0
2017-03-02 00:00:00-05:00,32.3477714603339,32.41246672120439,32.06126135817369,32.10747528076172,104844000,0.0,0.0
2017-03-03 00:00:00-05:00,32.06587675828622,32.308485698692934,32.021975656373144,32.296932220458984,84432400,0.0,0.0
2017-03-06 00:00:00-05:00,32.20220192085244,32.294626230528806,32.0242917352759,32.19527053833008,87000000,0.0,0.0
2017-03-07 00:00:00-05:00,32.1305789105979,32.343149558403695,32.068192935228886,32.23686599731445,69785200,0.0,0.0
2017-03-08 00:00:00-05:00,32.10514955744675,32.301548072577894,32.07511475059646,32.116703033447266,74828800,0.0,0.0
2017-03-09 00:00:00-05:00,32.0566252262074,32.068175174900205,31.66614106338095,32.04275894165039,88623600,0.0,0.0
2017-03-10 00:00:00-05:00,32.17446408630022,32.19988032103794,32.03352015286843,32.1490478515625,78451200,0.0,0.0
2017-03-13 00:00:00-04:00,32.08205840851597,32.216067499402925,32.07512702538827,32.162925720214844,69686800,0.0,0.0
2017-03-14 00:00:00-04:00,32.18602176003566,32.26688904429549,32.07973471209646,32.11439514160156,61236400,0.0,0.0
2017-03-15 00:00:00-04:00,32.21143545714722,32.52104885946369,32.123633273411656,32.454044342041016,102767200,0.0,0.0
2017-03-16 00:00:00-04:00,32.51412208555673,32.58343942329321,32.40783503094396,32.5071907043457,76928000,0.0,0.0
2017-03-17 00:00:00-04:00,32.578835284326956,32.578835284326956,32.322363461276275,32.3454704284668,175540000,0.0,0.0
2017-03-20 00:00:00-04:00,32.44017506789506,32.69433740496831,32.40089607500655,32.685096740722656,86168000,0.0,0.0
2017-03-21 00:00:00-04:00,32.83528783751306,32.99471665093121,32.2853747768826,32.310791015625,158119600,0.0,0.0
2017-03-22 00:00:00-04:00,32.313109907341975,32.71745699257551,32.292312234910746,32.675865173339844,103440800,0.0,0.0
2017-03-23 00:00:00-04:00,32.638891257984966,32.71283069351587,32.488706627299024,32.560333251953125,81385200,0.0,0.0
2017-03-24 00:00:00-04:00,32.69434763794183,32.7498022176487,32.42863526880281,32.49563980102539,89582400,0.0,0.0
2017-03-27 00:00:00-04:00,32.20681637913718,32.62964824085136,32.02890271013015,32.551090240478516,94300400,0.0,0.0
2017-03-28 00:00:00-04:00,32.55802277949188,33.281223906665865,32.491014727782115,33.225772857666016,133499200,0.0,0.0
2017-03-29 00:00:00-04:00,33.19804436103866,33.3852022314122,33.0848294503589,33.29970932006836,116760000,0.0,0.0
2017-03-30 00:00:00-04:00,33.315886458343975,33.38751308494501,33.15645763106996,33.25580978393555,84829200,0.0,0.0
2017-03-31 00:00:00-04:00,33.2072908029711,33.33437201036823,33.04323987603545,33.19342803955078,78646800,0.0,0.0
2017-04-03 00:00:00-04:00,33.20499912202837,33.29972923083282,33.05250159230163,33.20268630981445,79942800,0.0,0.0
2017-04-04 00:00:00-04:00,33.0986925024719,33.477623291318075,33.080207643793266,33.44989776611328,79565600,0.0,0.0
2017-04-05 00:00:00-04:00,33.32282935914354,33.60933949021664,33.22809574415635,33.27661895751953,110871600,0.0,0.0
2017-04-06 00:00:00-04:00,33.33899058109066,33.39213587503724,33.14490484195315,33.19342803955078,84596000,0.0,0.0
2017-04-07 00:00:00-04:00,33.20960307310597,33.31357733372976,33.1033195269134,33.11949157714844,66688800,0.0,0.0
2017-04-10 00:00:00-04:00,33.17955967379013,33.24425490924556,33.017818059525624,33.080204010009766,75733600,0.0,0.0
2017-04-11 00:00:00-04:00,33.02707408133784,33.12180768348435,32.361633106140886,32.72439193725586,121517600,0.0,0.0
2017-04-12 00:00:00-04:00,32.71744624106655,32.84452389130721,32.581120874796,32.76365661621094,81400000,0.0,0.0
2017-04-13 00:00:00-04:00,32.78907799558137,32.89767433330219,32.590370178222656,32.590370178222656,71291600,0.0,0.0
2017-04-17 00:00:00-04:00,32.68972853645613,32.7821528444351,32.54878455171169,32.770599365234375,66328400,0.0,0.0
2017-04-18 00:00:00-04:00,32.673553715856414,32.81911625943817,32.60423637215595,32.625030517578125,58790000,0.0,0.0
2017-04-19 00:00:00-04:00,32.78214066369432,32.80986618297272,32.45172961458277,32.5048713684082,69313600,0.0,0.0
2017-04-20 00:00:00-04:00,32.629653035873716,33.02244662108617,32.6157902720797,32.91154098510742,93278400,0.0,0.0
2017-04-21 00:00:00-04:00,32.91153623295304,32.96698728012244,32.77521437449348,32.872257232666016,69283600,0.0,0.0
2017-04-24 00:00:00-04:00,33.156449382600115,33.260423605852495,33.08250996345363,33.18879699707031,68537200,0.0,0.0
2017-04-25 00:00:00-04:00,33.25118646452234,33.47992907478972,33.241942273336754,33.394439697265625,75486000,0.0,0.0
2017-04-26 00:00:00-04:00,33.38057575895097,33.41061409080594,33.12872620522698,33.19804000854492,80164800,0.0,0.0
2017-04-27 00:00:00-04:00,33.253499487413826,33.30895406388303,33.11255552381096,33.22346115112305,56985200,0.0,0.0
2017-04-28 00:00:00-04:00,33.2927774759267,33.341300669562116,33.103313848608956,33.19111251831055,83441600,0.0,0.0
2017-05-01 00:00:00-04:00,33.52615710631896,34.011371579238464,33.49380947479099,33.86811828613281,134411600,0.0,0.0
2017-05-02 00:00:00-04:00,34.089912489635154,34.216993665971486,33.928174413218755,34.08298110961914,181408800,0.0,0.0
2017-05-03 00:00:00-04:00,33.63935976585729,34.07836720551908,33.33436842652095,33.97901153564453,182788000,0.0,0.0
2017-05-04 00:00:00-04:00,33.85423521005775,33.997488417226116,33.690184339247764,33.856544494628906,93487600,0.0,0.0
2017-05-05 00:00:00-04:00,33.909708608923985,34.42265217204188,33.909708608923985,34.418033599853516,109310800,0.0,0.0
2017-05-08 00:00:00-04:00,34.434183222621,35.51321143114237,34.434183222621,35.353782653808594,195009600,0.0,0.0
2017-05-09 00:00:00-04:00,35.55249403747193,35.78586225291136,35.4554511904516,35.580223083496094,156521600,0.0,0.0
2017-05-10 00:00:00-04:00,35.4970453320954,35.56867194825436,35.145840106230295,35.41155242919922,103222800,0.0,0.0
2017-05-11 00:00:00-04:00,35.36979026885097,35.74564745729754,35.3373091330769,35.717803955078125,109020400,0.1575,0.0
2017-05-12 00:00:00-04:00,35.89182166148487,36.29087775902097,35.88486166886803,36.216636657714844,130108000,0.0,0.0
2017-05-15 00:00:00-04:00,36.195751167848314,36.34423690255087,35.973024335884055,36.12382888793945,104038800,0.0,0.0
2017-05-16 00:00:00-04:00,36.17950585219005,36.207345816128424,35.896454418221445,36.07046127319336,80194000,0.0,0.0
2017-05-17 00:00:00-04:00,35.636603173558846,35.861652309017664,34.73408781492753,34.859371185302734,203070800,0.0,0.0
2017-05-18 00:00:00-04:00,35.096036864911106,35.576294125349484,35.06355571464078,35.39068603515625,134272800,0.0,0.0
2017-05-19 00:00:00-04:00,35.585574298483046,35.72477770247132,35.411567388362954,35.511329650878906,107843200,0.0,0.0
2017-05-22 00:00:00-04:00,35.7294077451704,35.863973471889224,35.47651863090263,35.727088928222656,91865600,0.0,0.0
2017-05-23 00:00:00-04:00,35.938206531456125,35.938206531456125,35.569312928958254,35.68299865722656,79675600,0.0,0.0
2017-05-24 00:00:00-04:00,35.69229090430183,35.76885435745666,35.4208405923051,35.57628631591797,76712000,0.0,0.0
2017-05-25 00:00:00-04:00,35.666768125919795,35.81061621627435,35.50436241762813,35.699249267578125,76942400,0.0,0.0
2017-05-26 00:00:00-04:00,35.72941089114566,35.785094364401445,35.56932400319178,35.6389274597168,87710400,0.0,0.0
2017-05-30 00:00:00-04:00,35.59483357440635,35.82916147696767,35.573953606294275,35.652835845947266,80507600,0.0,0.0
2017-05-31 00:00:00-04:00,35.722451704755954,35.76885283009231,35.35355797909039,35.44171905517578,97804800,0.0,0.0
2017-06-01 00:00:00-04:00,35.53685049387354,35.573972817349585,35.31644245102639,35.53916931152344,65616400,0.0,0.0
2017-06-02 00:00:00-04:00,35.631966612345444,36.06582260131836,35.47187972823621,36.06582260131836,111082800,0.0,0.0
2017-06-05 00:00:00-04:00,35.80828605555389,35.83380719987951,35.60412044112713,35.71316146850586,101326800,0.0,0.0
2017-06-06 00:00:00-04:00,35.70619937013436,36.14933760445317,35.67835941076034,35.833805084228516,106499600,0.0,0.0
2017-06-07 00:00:00-04:00,35.96605159431426,36.1887783473258,35.84076469808959,36.0472526550293,84278400,0.0,0.0
2017-06-08 00:00:00-04:00,36.01940845612938,36.08668952938383,35.82219932870438,35.95908737182617,85003200,0.0,0.0
2017-06-09 00:00:00-04:00,36.00549844870563,36.00549844870563,33.87797509248136,34.564720153808594,259530800,0.0,0.0
2017-06-12 00:00:00-04:00,33.81302562640951,33.89422673081254,33.063633282936465,33.7387809753418,289229200,0.0,0.0
2017-06-13 00:00:00-04:00,34.14247414441947,34.209755253603035,33.676133394588724,34.01022720336914,136661600,0.0,0.0
2017-06-14 00:00:00-04:00,34.22134826314073,34.22134826314073,33.37219395829046,33.67844772338867,126124800,0.0,0.0
2017-06-15 00:00:00-04:00,33.251551226267416,33.52067913475004,32.99402094249624,33.47659683227539,128661600,0.0,0.0
2017-06-16 00:00:00-04:00,33.35826702540767,33.52531385516667,32.991692234557526,33.0079345703125,201444400,0.0,0.0
2017-06-19 00:00:00-04:00,33.33044553324692,34.0450343586358,33.33044553324692,33.95222854614258,130165600,0.0,0.0
2017-06-20 00:00:00-04:00,34.07519113673098,34.07519113673098,33.6274150660144,33.643653869628906,99600400,0.0,0.0
2017-06-21 00:00:00-04:00,33.76197670689753,33.88958246333637,33.55084750444229,33.843177795410156,85063200,0.0,0.0
2017-06-22 00:00:00-04:00,33.81997198142515,34.03573877374179,33.66916392232728,33.78749084472656,76425200,0.0,0.0
2017-06-23 00:00:00-04:00,33.671488172430905,34.14246645112893,33.66684699830492,33.938297271728516,141757600,0.0,0.0
2017-06-26 00:00:00-04:00,34.144775991864364,34.40230621312439,33.72948129496707,33.831565856933594,102769600,0.0,0.0
2017-06-27 00:00:00-04:00,33.64364731703564,33.910459977521306,33.32115472336808,33.346675872802734,99047600,0.0,0.0
2017-06-28 00:00:00-04:00,33.52301276773436,33.89886656337777,33.21444008679785,33.83390426635742,88329600,0.0,0.0
2017-06-29 00:00:00-04:00,33.5740403930402,33.67148379594912,33.01025640599368,33.33506774902344,125997600,0.0,0.0
2017-06-30 00:00:00-04:00,33.51372939273757,33.632056354550755,33.358283648175124,33.41396713256836,92096400,0.0,0.0
2017-07-03 00:00:00-04:00,33.613485823453566,33.710929238845075,33.200509831479685,33.293312072753906,57111200,0.0,0.0
2017-07-05 00:00:00-04:00,33.337392618356084,33.592600538490956,33.11234347794667,33.43019485473633,86278400,0.0,0.0
2017-07-06 00:00:00-04:00,33.18194297823651,33.293306356681505,33.040417283475556,33.11465835571289,96515200,0.0,0.0
2017-07-07 00:00:00-04:00,33.15410508801684,33.58332341824197,33.15410508801684,33.45107650756836,76806800,0.0,0.0
2017-07-10 00:00:00-04:00,33.434838750141466,33.861734736524554,33.26315070466669,33.65524673461914,84362400,0.0,0.0
2017-07-11 00:00:00-04:00,33.578685629676194,33.838538303117105,33.49748454562129,33.7642936706543,79127200,0.0,0.0
2017-07-12 00:00:00-04:00,33.84317758457734,33.91509986316414,33.59957078037794,33.813018798828125,99538000,0.0,0.0
2017-07-13 00:00:00-04:00,33.75733101049074,34.45103963699194,33.74341102804902,34.283992767333984,100797600,0.0,0.0
2017-07-14 00:00:00-04:00,34.3303882628221,34.64592079378021,34.1819025741464,34.578636169433594,80528400,0.0,0.0
2017-07-17 00:00:00-04:00,34.52759911588152,35.010174972615246,34.46959683558217,34.699283599853516,95174000,0.0,0.0
2017-07-18 00:00:00-04:00,34.615754276158185,34.83152456299761,34.49278974609074,34.819923400878906,71475200,0.0,0.0
2017-07-19 00:00:00-04:00,34.91273797141296,35.13082715177635,34.78977339783427,35.03802490234375,83692000,0.0,0.0
2017-07-20 00:00:00-04:00,35.14937659867638,35.20506005389073,34.845445261842336,34.880245208740234,68974800,0.0,0.0
2017-07-21 00:00:00-04:00,34.799062820124,34.903466257001384,34.54153245439733,34.8640251159668,105010400,0.0,0.0
2017-07-24 00:00:00-04:00,34.9359527131384,35.36749005262227,34.778184584848944,35.286285400390625,85972800,0.0,0.0
2017-07-25 00:00:00-04:00,35.218987415187335,35.692284493098995,35.218987415187335,35.437076568603516,75415600,0.0,0.0
2017-07-26 00:00:00-04:00,35.578604828269064,35.71316702089403,35.51132019177788,35.6041259765625,63124000,0.0,0.0
2017-07-27 00:00:00-04:00,35.67141095788023,35.72709443481554,34.174952474512295,34.93130111694336,129905200,0.0,0.0
2017-07-28 00:00:00-04:00,34.77585865952967,34.85474093746274,34.61345292843822,34.68537521362305,68854800,0.0,0.0
2017-07-31 00:00:00-04:00,34.77816410050082,34.87792985848564,34.367510525584244,34.5067138671875,79383600,0.0,0.0
2017-08-01 00:00:00-04:00,34.59255746097682,34.852406514372724,34.432470619089045,34.812965393066406,141474400,0.0,0.0
2017-08-02 00:00:00-04:00,36.954415679689205,37.063460259127524,36.23054829293145,36.457916259765625,279747200,0.0,0.0
2017-08-03 00:00:00-04:00,36.437042487073036,36.474164805577196,35.96606413411134,36.09366989135742,108389200,0.0,0.0
2017-08-04 00:00:00-04:00,36.20966776094429,36.5182367982239,36.12150315590527,36.28390884399414,82239600,0.0,0.0
2017-08-07 00:00:00-04:00,36.4393590208106,36.870896210885,36.348875587739144,36.845375061035156,87481200,0.0,0.0
2017-08-08 00:00:00-04:00,36.79664597427028,37.546034402459156,36.72008254374774,37.140018463134766,144823600,0.0,0.0
2017-08-09 00:00:00-04:00,36.949772539516886,37.41611315363051,36.91497258630468,37.36738967895508,104526000,0.0,0.0
2017-08-10 00:00:00-04:00,37.243933411395794,37.26722684980881,36.0164466859676,36.177162170410156,163217200,0.1575,0.0
2017-08-11 00:00:00-04:00,36.47531517491972,36.9341683844951,36.351867717935605,36.68028259277344,105028400,0.0,0.0
2017-08-14 00:00:00-04:00,37.108863774529745,37.31616269865462,36.97609749802643,37.2323112487793,88490800,0.0,0.0
2017-08-15 00:00:00-04:00,37.42097364559657,37.77966931882692,37.299854102886464,37.63991928100586,117862000,0.0,0.0
2017-08-16 00:00:00-04:00,37.71910243792333,37.85186512027864,37.30217323789386,37.48851013183594,110686400,0.0,0.0
2017-08-17 00:00:00-04:00,37.388359923307966,37.43261533993221,36.76413179853818,36.76879119873047,111762400,0.0,0.0
2017-08-18 00:00:00-04:00,36.76878794908287,37.15077698722718,36.50325902688598,36.6849365234375,109712400,0.0,0.0
2017-08-21 00:00:00-04:00,36.6849464447683,36.77578521761113,36.128267082150636,36.617401123046875,105474000,0.0,0.0
2017-08-22 00:00:00-04:00,36.854964926847224,37.26723470592403,36.806053671580756,37.21599197387695,86418400,0.0,0.0
2017-08-23 00:00:00-04:00,37.050633729635436,37.376720727146186,37.006378304098604,37.26258850097656,77596400,0.0,0.0
2017-08-24 00:00:00-04:00,37.36737935462486,37.439587589249356,36.929491873038955,37.09719467163086,79275600,0.0,0.0
2017-08-25 00:00:00-04:00,37.18571576937024,37.39767404573715,37.09720849286256,37.2346305847168,101920400,0.0,0.0
2017-08-28 00:00:00-04:00,37.29985381260072,37.733085679229205,37.25093898959107,37.60963821411133,103864000,0.0,0.0
2017-08-29 00:00:00-04:00,37.29052127744569,37.99393764395831,37.267227838414755,37.94502639770508,118067600,0.0,0.0
2017-08-30 00:00:00-04:00,38.15233307291767,38.17329503991752,37.87515744009567,38.04751968383789,109078400,0.0,0.0
2017-08-31 00:00:00-04:00,38.11507357732661,38.320044556194304,38.07780548042678,38.19892501831055,107140400,0.0,0.0
2017-09-01 00:00:00-04:00,38.385253828589875,38.417862517958746,38.11273759156137,38.21056365966797,66364400,0.0,0.0
2017-09-05 00:00:00-04:00,38.14068146407364,38.25714156014715,37.39766548247185,37.751705169677734,117874000,0.0,0.0
2017-09-06 00:00:00-04:00,37.8984493074153,37.963666682533365,37.388353473821574,37.71211242675781,86606800,0.0,0.0
2017-09-07 00:00:00-04:00,37.75404660624655,37.788986780023535,37.35109552473771,37.56072235107422,87714000,0.0,0.0
2017-09-08 00:00:00-04:00,37.467542599456294,37.535087892012,36.92483812021589,36.9481315612793,114446000,0.0,0.0
2017-09-11 00:00:00-04:00,37.38369886793957,37.74472595411591,37.24161737805395,37.61661911010742,126323200,0.0,0.0
2017-09-12 00:00:00-04:00,37.875162629389486,38.189606393791436,36.980749707380006,37.467552185058594,286856000,0.0,0.0
2017-09-13 00:00:00-04:00,37.236957458568185,37.257922981172236,36.78043578057349,37.18571472167969,179629600,0.0,0.0
2017-09-14 00:00:00-04:00,37.03199022957224,37.127484826851486,36.822359881166186,36.866615295410156,95042800,0.0,0.0
2017-09-15 00:00:00-04:00,36.910877507673646,37.493178214800345,36.80140469040731,37.239295959472656,196458400,0.0,0.0
2017-09-18 00:00:00-04:00,37.29286040134051,37.383699154318606,36.80139854443826,36.957454681396484,113077600,0.0,0.0
2017-09-19 00:00:00-04:00,37.15311691683646,37.21367847131241,36.903894036289664,36.971439361572266,83242400,0.0,0.0
2017-09-20 00:00:00-04:00,36.77810477619086,36.861956205442226,35.83012123973316,36.351863861083984,211805600,0.0,0.0
2017-09-21 00:00:00-04:00,36.28896529568272,36.28896529568272,35.57855802527852,35.72762680053711,150046800,0.0,0.0
2017-09-22 00:00:00-04:00,35.296730433842086,35.4667647623346,35.068469601363695,35.37825393676758,186581600,0.0,0.0
2017-09-25 00:00:00-04:00,34.935708269423436,35.364280660403736,34.7423840426693,35.06614303588867,177549200,0.0,0.0
2017-09-26 00:00:00-04:00,35.352631428347586,35.851080567151044,35.33166946109935,35.669403076171875,146640000,0.0,0.0
2017-09-27 00:00:00-04:00,35.82314005216649,36.03742628493576,35.76257850428549,35.92329406738281,102016800,0.0,0.0
2017-09-28 00:00:00-04:00,35.84409258504471,35.934931328862454,35.56691695403965,35.70201110839844,88022000,0.0,0.0
2017-09-29 00:00:00-04:00,35.68571600201449,35.90000222315323,35.40388091253344,35.89767074584961,105199200,0.0,0.0
2017-10-02 00:00:00-04:00,35.93027574081998,35.97453115605567,35.571580127050126,35.825462341308594,74795200,0.0,0.0
2017-10-03 00:00:00-04:00,35.87204879737292,36.12360311051281,35.84875890327996,35.98152160644531,64921200,0.0,0.0
2017-10-04 00:00:00-04:00,35.78352872178293,35.83709936853621,35.51101253515113,35.74858856201172,80655200,0.0,0.0
2017-10-05 00:00:00-04:00,35.91164634833667,36.20512816989654,35.881369129315786,36.1934814453125,85135200,0.0,0.0
2017-10-06 00:00:00-04:00,36.09564795285132,36.21676746633701,36.00014980656297,36.17251205444336,69630400,0.0,0.0
2017-10-09 00:00:00-04:00,36.29129911567504,36.50558529280248,36.21676649297357,36.29828643798828,65051600,0.0,0.0
2017-10-10 00:00:00-04:00,36.34952776101765,36.80139354150929,36.12592634750615,36.312259674072266,62468000,0.0,0.0
2017-10-11 00:00:00-04:00,36.32856703960228,36.563815182604465,36.277324306816766,36.463661193847656,67622400,0.0,0.0
2017-10-12 00:00:00-04:00,36.417064239718734,36.654640216595276,36.272651340391555,36.335540771484375,64500400,0.0,0.0
2017-10-13 00:00:00-04:00,36.50559674352587,36.63370361625292,36.43106409744572,36.566158294677734,65576800,0.0,0.0
2017-10-16 00:00:00-04:00,36.77811124048966,37.267245256108666,36.71988116977698,37.239295959472656,96486000,0.0,0.0
2017-10-17 00:00:00-04:00,37.21599725793115,37.46987947743301,37.0878904096244,37.376712799072266,75989200,0.0,0.0
2017-10-18 00:00:00-04:00,37.36505860103378,37.43260745030128,37.17406588237725,37.21133041381836,65496800,0.0,0.0
2017-10-19 00:00:00-04:00,36.51024786606347,36.5871119722712,36.107296843290385,36.33089828491211,170336800,0.0,0.0
2017-10-20 00:00:00-04:00,36.477638812329246,36.74316774291992,36.32624207844399,36.3937873840332,95896400,0.0,0.0
2017-10-23 00:00:00-04:00,36.542855441022574,36.72919233940038,36.219096457297425,36.375152587890625,87937200,0.0,0.0
2017-10-24 00:00:00-04:00,36.40309800217904,36.66629897638764,36.38213603628996,36.591766357421875,71028800,0.0,0.0
2017-10-25 00:00:00-04:00,36.547513273853816,36.69658207534849,36.1655242478937,36.431053161621094,84828400,0.0,0.0
2017-10-26 00:00:00-04:00,36.62206251320352,36.76181613292205,36.517249075455716,36.66399002075195,68002000,0.0,0.0
2017-10-27 00:00:00-04:00,37.10185976956351,38.1057488893798,36.96443769463346,37.97764205932617,177816800,0.0,0.0
2017-10-30 00:00:00-04:00,38.1732976116592,39.14690605329501,38.13370159774283,38.832462310791016,178803200,0.0,0.0
2017-10-31 00:00:00-04:00,39.10730054876835,39.51491090283744,38.883699144821094,39.37282943725586,144187200,0.0,0.0
2017-11-01 00:00:00-04:00,39.566164074081144,39.58247019850598,38.573925029770365,38.87206268310547,134551200,0.0,0.0
2017-11-02 00:00:00-04:00,38.80451121930693,39.247058228740606,38.49705481387086,39.156219482421875,165573600,0.0,0.0
2017-11-03 00:00:00-04:00,40.52811027195143,40.58866823771665,39.8572990335929,40.17873001098633,237594400,0.0,0.0
2017-11-06 00:00:00-05:00,40.14846209750659,40.75871556536482,39.997065357610694,40.58635330200195,140105200,0.0,0.0
2017-11-07 00:00:00-05:00,40.50716623260138,40.81927855085233,40.43496151537272,40.716793060302734,97446000,0.0,0.0
2017-11-08 00:00:00-05:00,40.68185508540157,41.049869537353516,40.604990970049464,41.049869537353516,97638000,0.0,0.0
2017-11-09 00:00:00-05:00,40.786657677747385,41.017249962642765,40.32780458464305,40.966007232666016,117930400,0.0,0.0
2017-11-10 00:00:00-05:00,40.933290614042214,40.996406160345416,40.73693509982965,40.83043670654297,100582000,0.1575,0.0
2017-11-13 00:00:00-05:00,40.556938922656,40.79069649569724,40.533561738608874,40.666805267333984,67928400,0.0,0.0
2017-11-14 00:00:00-05:00,40.449408180641015,40.55226208172439,40.01461895951602,40.05202102661133,99130000,0.0,0.0
2017-11-15 00:00:00-05:00,39.73177916566144,39.81359575159804,39.36010544137141,39.52373504638672,116632400,0.0,0.0
2017-11-16 00:00:00-05:00,40.014623372072364,40.175916683207014,39.8089191140793,39.99592590332031,94550000,0.0,0.0
2017-11-17 00:00:00-05:00,39.98188974925974,40.063706318434406,39.654630606275354,39.77384567260742,87598000,0.0,0.0
2017-11-20 00:00:00-05:00,39.80657988543512,39.8696954357603,39.63593783722337,39.73411560058594,65049600,0.0,0.0
2017-11-21 00:00:00-05:00,39.921110410671325,40.60368196550586,39.921110410671325,40.4727783203125,100525200,0.0,0.0
2017-11-22 00:00:00-05:00,40.52420657796541,40.9075687942775,40.45174231251265,40.89822006225586,102355600,0.0,0.0
2017-11-24 00:00:00-05:00,40.930948094323455,41.0244496868098,40.82575434420491,40.90055847167969,56106800,0.0,0.0
2017-11-27 00:00:00-05:00,40.91926357421964,40.92627601601087,40.51953655783263,40.694854736328125,82867200,0.0,0.0
2017-11-28 00:00:00-05:00,40.74394168627326,40.87718163503339,40.1735726934655,40.4564208984375,105715200,0.0,0.0
2017-11-29 00:00:00-05:00,40.35357178635738,40.42135991448416,39.07491755078027,39.61723327636719,166665600,0.0,0.0
2017-11-30 00:00:00-05:00,39.83929907290369,40.2390260682573,39.37412381322835,40.17123794555664,166108800,0.0,0.0
2017-12-01 00:00:00-05:00,39.727110467845876,40.129173896658486,39.38816260097184,39.98424530029297,159037200,0.0,0.0
2017-12-04 00:00:00-05:00,40.31851586857661,40.351241794788066,39.65230874923089,39.692047119140625,130169600,0.0,0.0
2017-12-05 00:00:00-05:00,39.519052754741125,40.094097925131834,39.364771908190285,39.654632568359375,109400800,0.0,0.0
2017-12-06 00:00:00-05:00,39.15438974818077,39.785534421794935,38.9112834648331,39.507362365722656,114240000,0.0,0.0
2017-12-07 00:00:00-05:00,39.51203467441735,39.841633644959046,39.48398491245016,39.57982635498047,102693200,0.0,0.0
2017-12-08 00:00:00-05:00,39.85332546546157,39.97254053034316,39.46295079005944,39.591514587402344,93420800,0.0,0.0
2017-12-11 00:00:00-05:00,39.55177980714525,40.41434580408775,39.455938348183324,40.362918853759766,141095200,0.0,0.0
2017-12-12 00:00:00-05:00,40.241359614608676,40.29746270901659,40.08006990604287,40.13616943359375,77636800,0.0,0.0
2017-12-13 00:00:00-05:00,40.32319150979988,40.56629787760068,40.20631269382944,40.26942825317383,95273600,0.0,0.0
2017-12-14 00:00:00-05:00,40.29979177068341,40.470437314655996,40.12447364482455,40.25771713256836,81906000,0.0,0.0
2017-12-15 00:00:00-05:00,40.58732854854576,40.71355606857073,40.3138326161104,40.666805267333984,160677200,0.0,0.0
2017-12-18 00:00:00-05:00,40.87951693560756,41.42183253648349,40.87484078640801,41.239501953125,117684400,0.0,0.0
2017-12-19 00:00:00-05:00,40.91457603146081,40.998728876380696,40.694843404900205,40.80003356933594,109745600,0.0,0.0
2017-12-20 00:00:00-05:00,40.87718950384352,41.00575689448895,40.49850334126773,40.755638122558594,93902400,0.0,0.0
2017-12-21 00:00:00-05:00,40.713552805108094,41.146005707313414,40.69719163107256,40.909908294677734,83799600,0.0,0.0
2017-12-22 00:00:00-05:00,40.83276787373455,41.00574974798811,40.79069322605128,40.909908294677734,65397600,0.0,0.0
2017-12-26 00:00:00-05:00,39.925791590410505,40.082408726132456,39.66398070018009,39.87202835083008,132742000,0.0,0.0
2017-12-27 00:00:00-05:00,39.76217620257071,39.92112968652542,39.671010865159374,39.87905502319336,85992800,0.0,0.0
2017-12-28 00:00:00-05:00,39.97254042334844,40.17123576447634,39.850985500534065,39.991241455078125,65920800,0.0,0.0
2017-12-29 00:00:00-05:00,39.86032984217784,39.876691012389315,39.556444379237625,39.558780670166016,103999600,0.0,0.0
2018-01-02 00:00:00-05:00,39.77619340273042,40.27643451563853,39.56580942615581,40.26708221435547,102223600,0.0,0.0
2018-01-03 00:00:00-05:00,40.33019115208112,40.80238241744237,40.19695119893329,40.26006317138672,118071600,0.0,0.0
2018-01-04 00:00:00-05:00,40.33252478094121,40.5499211500562,40.224998308918046,40.44706726074219,89738400,0.0,0.0
2018-01-05 00:00:00-05:00,40.54290490942475,40.994055211711675,40.451739619141776,40.90756607055664,94640000,0.0,0.0
2018-01-08 00:00:00-05:00,40.755638122558594,41.050171408244445,40.65745679380547,40.755638122558594,82271200,0.0,0.0
2018-01-09 00:00:00-05:00,40.802376800591794,40.921591854561065,40.53589336412295,40.75094985961914,86336000,0.0,0.0
2018-01-10 00:00:00-05:00,40.47746781204214,40.74395133955629,40.44006573912767,40.74161148071289,95839600,0.0,0.0
2018-01-11 00:00:00-05:00,40.81172158381117,41.02210547657908,40.78834797363013,40.97301483154297,74670800,0.0,0.0
2018-01-12 00:00:00-05:00,41.18339796582762,41.459233692882485,41.05950676616482,41.3961181640625,101672400,0.0,0.0
2018-01-16 00:00:00-05:00,41.58545326420715,41.93375318509102,41.1740413933789,41.18572998046875,118263600,0.0,0.0
2018-01-17 00:00:00-05:00,41.176398125146065,41.901048082180715,40.923943066330935,41.86598587036133,137547200,0.0,0.0
2018-01-18 00:00:00-05:00,41.92908718934309,42.09973275509077,41.667279896046836,41.90337371826172,124773600,0.0,0.0
2018-01-19 00:00:00-05:00,41.75143946684489,41.97818459371661,41.470931097919724,41.71637725830078,129700400,0.0,0.0
2018-01-22 00:00:00-05:00,41.44521189759825,41.557414516297534,41.2815823355666,41.375083923339844,108434400,0.0,0.0
2018-01-23 00:00:00-05:00,41.44522445106315,41.94546558756909,41.333021798378475,41.38444519042969,130756400,0.0,0.0
2018-01-24 00:00:00-05:00,41.4335355022149,41.445224095841,40.48681648822852,40.725250244140625,204420400,0.0,0.0
2018-01-25 00:00:00-05:00,40.793030969529916,40.89588486778186,39.862676869004524,39.99825668334961,166116000,0.0,0.0
2018-01-26 00:00:00-05:00,40.206305044653156,40.206305044653156,39.75281475426623,40.09176254272461,156572000,0.0,0.0
2018-01-29 00:00:00-05:00,39.77620230076154,39.77620230076154,39.05389202337925,39.26193618774414,202561600,0.0,0.0
2018-01-30 00:00:00-05:00,38.6938832793173,39.12399627428952,38.499864103281,39.030494689941406,184192800,0.0,0.0
2018-01-31 00:00:00-05:00,39.00711972420556,39.37412077565685,38.92063057543217,39.138023376464844,129915600,0.0,0.0
2018-02-01 00:00:00-05:00,39.077244956052496,39.41619265332246,38.981403514928985,39.2198371887207,188923200,0.0,0.0
2018-02-02 00:00:00-05:00,38.80374406951238,38.99075077839937,37.42457627932645,37.5180778503418,346375200,0.0,0.0
2018-02-05 00:00:00-05:00,37.19083407744985,38.30819507475602,36.46618412011472,36.580726623535156,290954000,0.0,0.0
2018-02-06 00:00:00-05:00,36.19268567354218,38.270790367350905,35.99866645876102,38.1094970703125,272975200,0.0,0.0
2018-02-07 00:00:00-05:00,38.12352220639921,38.195986484247946,37.18381931919892,37.29368209838867,206434400,0.0,0.0
2018-02-08 00:00:00-05:00,37.469012196193795,37.63498169732029,36.23944823971693,36.26749801635742,217562000,0.0,0.0
2018-02-09 00:00:00-05:00,36.86599229990847,37.05845311203358,35.2629186182967,36.711082458496094,282690400,0.1575,0.0
2018-02-12 00:00:00-05:00,37.20163266035302,38.46672273816519,36.96926786105699,38.18976593017578,243278000,0.0,0.0
2018-02-13 00:00:00-05:00,38.01138368785197,38.66857413140311,37.94096978650724,38.57234191894531,130196800,0.0,0.0
2018-02-14 00:00:00-05:00,38.26721478410091,39.32341248785229,38.22966380983118,39.283512115478516,162579600,0.0,0.0
2018-02-15 00:00:00-05:00,39.851504367782084,40.62604993130771,39.66608460137815,40.60258102416992,204588800,0.0,0.0
2018-02-16 00:00:00-05:00,40.454725377080166,41.032115117639805,40.31624696133215,40.471153259277344,160704400,0.0,0.0
2018-02-20 00:00:00-05:00,40.38196338095014,40.900671851907454,40.234094542494496,40.33502197265625,135722000,0.0,0.0
2018-02-21 00:00:00-05:00,40.56504027258118,40.86781542185468,40.13786518942926,40.15195083618164,149886400,0.0,0.0
2018-02-22 00:00:00-05:00,40.32328643776861,40.827912853294784,40.302163340873086,40.48758316040039,123967600,0.0,0.0
2018-02-23 00:00:00-05:00,40.76219436119442,41.22692040214116,40.73168083348682,41.191715240478516,135249600,0.0,0.0
2018-02-26 00:00:00-05:00,41.391216287340875,42.10473494491624,41.35835694616437,42.00615692138672,152648800,0.0,0.0
2018-02-27 00:00:00-05:00,42.03667940368092,42.360577669613704,41.816050816738084,41.870033264160156,155712400,0.0,0.0
2018-02-28 00:00:00-05:00,42.07422201715211,42.39342858513631,41.790224188970356,41.8066520690918,151128400,0.0,0.0
2018-03-01 00:00:00-05:00,41.9052339409774,42.19627640895745,40.52513788389774,41.07435989379883,195208000,0.0,0.0
2018-03-02 00:00:00-05:00,40.557988727986356,41.37947575368643,40.47583859285667,41.35835266113281,153816000,0.0,0.0
2018-03-05 00:00:00-05:00,41.12364548723818,41.71746301418378,40.96169460145311,41.501529693603516,113605600,0.0,0.0
2018-03-06 00:00:00-05:00,41.75736246248173,41.837163204570295,41.339577893430516,41.4663200378418,95154000,0.0,0.0
2018-03-07 00:00:00-05:00,41.0602787275082,41.27386626316505,40.903023033099316,41.08140182495117,126814000,0.0,0.0
2018-03-08 00:00:00-05:00,41.18700320644027,41.5719283361678,41.09077461005726,41.52968215942383,95096400,0.0,0.0
2018-03-09 00:00:00-05:00,41.76910835419292,42.24791649869535,41.63532156620826,42.243221282958984,128740800,0.0,0.0
2018-03-12 00:00:00-04:00,42.31597708610445,42.80887083210406,42.29720338770059,42.651615142822266,128828400,0.0,0.0
2018-03-13 00:00:00-04:00,42.85580825010609,43.06939575890961,42.069529876916704,42.240867614746094,126774000,0.0,0.0
2018-03-14 00:00:00-04:00,42.32301285856895,42.3699542575725,41.73388701966704,41.88175582885742,117473600,0.0,0.0
2018-03-15 00:00:00-04:00,41.89584418772932,42.30424194138419,41.79492034377192,41.93104934692383,90975200,0.0,0.0
2018-03-16 00:00:00-04:00,41.93105312956666,42.04136741352731,41.689301464223135,41.78318786621094,157618800,0.0,0.0
2018-03-19 00:00:00-04:00,41.61888416294302,41.65408931941201,40.75984253110528,41.14476776123047,133787200,0.0,0.0
2018-03-20 00:00:00-04:00,41.13068771362305,41.49683568443578,41.06027381583607,41.13068771362305,78597600,0.0,0.0
2018-03-21 00:00:00-04:00,41.08375108302355,41.09548733194154,40.19654510210862,40.19889450073242,148219600,0.0,0.0
2018-03-22 00:00:00-04:00,39.90080183419946,40.52982452051389,39.57220842812468,39.63088607788086,165963200,0.0,0.0
2018-03-23 00:00:00-04:00,39.522916102330775,39.88202301847782,38.713165283203125,38.713165283203125,164115200,0.0,0.0
2018-03-26 00:00:00-04:00,39.44781005466082,40.62840402011539,39.06523065201155,40.55094909667969,150164800,0.0,0.0
2018-03-27 00:00:00-04:00,40.76452672958811,41.109551525655114,39.17788469603966,39.511173248291016,163690400,0.0,0.0
2018-03-28 00:00:00-04:00,39.2553474561917,39.905496814461294,38.77184419806612,39.07461929321289,166674000,0.0,0.0
2018-03-29 00:00:00-04:00,39.386786515119255,40.31154688271614,39.173199002522075,39.37974548339844,153594000,0.0,0.0
2018-04-02 00:00:00-04:00,39.11217229534909,39.65200736477822,38.60285074845011,39.121559143066406,150347200,0.0,0.0
2018-04-03 00:00:00-04:00,39.34688194941007,39.60741083952156,38.6990820303163,39.52291488647461,121112000,0.0,0.0
2018-04-04 00:00:00-04:00,38.69908517590817,40.37256933160999,38.6732668664508,40.2786865234375,138422000,0.0,0.0
2018-04-05 00:00:00-04:00,40.50635822090288,40.89362930170126,40.38900291382461,40.5579948425293,107732800,0.0,0.0
2018-04-06 00:00:00-04:00,40.128472267405044,40.482883990273784,39.47832289128992,39.520572662353516,140021200,0.0,0.0
2018-04-09 00:00:00-04:00,39.87264768313758,40.62606688890287,39.865606649917375,39.91254806518555,116070800,0.0,0.0
2018-04-10 00:00:00-04:00,40.60493090520861,40.83964148847571,40.25990606129403,40.66360855102539,113634400,0.0,0.0
2018-04-11 00:00:00-04:00,40.42421230284707,40.82087385529702,40.29981595084088,40.47350311279297,89726400,0.0,0.0
2018-04-12 00:00:00-04:00,40.70117504412537,41.074364121464306,40.61432966748776,40.87251281738281,91557200,0.0,0.0
2018-04-13 00:00:00-04:00,41.022707312449086,41.27149990829417,40.80442823241848,41.01097106933594,100497200,0.0,0.0
2018-04-16 00:00:00-04:00,41.08138802739284,41.35365312988194,41.03444663281858,41.26681137084961,86313600,0.0,0.0
2018-04-17 00:00:00-04:00,41.42408000955185,41.999120331657075,41.40530272955087,41.83482360839844,106421600,0.0,0.0
2018-04-18 00:00:00-04:00,41.733883804966865,41.97094376098303,41.515604704784465,41.74092483520508,83018000,0.0,0.0
2018-04-19 00:00:00-04:00,40.78331502653571,41.16589447365878,40.525135499803376,40.5579948425293,139235200,0.0,0.0
2018-04-20 00:00:00-04:00,40.04163301530664,40.1871524529709,38.82817596401007,38.896244049072266,261964400,0.0,0.0
2018-04-23 00:00:00-04:00,39.15676207117359,39.17788516145341,38.51365386526357,38.783573150634766,146062000,0.0,0.0
2018-04-24 00:00:00-04:00,38.88450667946601,39.03941654299841,37.84004517183039,38.24374771118164,134768000,0.0,0.0
2018-04-25 00:00:00-04:00,38.16864489208386,38.82583543069064,38.119357660993536,38.410396575927734,113528400,0.0,0.0
2018-04-26 00:00:00-04:00,38.52070551465223,38.89858975322706,38.34467255099439,38.5441780090332,111852000,0.0,0.0
2018-04-27 00:00:00-04:00,38.49254441988215,38.56999935976334,37.70157072022894,38.09823226928711,142623200,0.0,0.0
2018-04-30 00:00:00-04:00,38.05363485006051,39.257697923260864,37.98556676309641,38.78827667236328,169709600,0.0,0.0
2018-05-01 00:00:00-04:00,39.05819542045914,39.71303647925035,38.79062545495093,39.68956756591797,214277600,0.0,0.0
2018-05-02 00:00:00-04:00,41.128337096986456,41.71980880691432,40.79270266081835,41.44285202026367,266157600,0.0,0.0
2018-05-03 00:00:00-04:00,41.28088799663565,41.66111789845008,40.94290426995688,41.5179443359375,136272800,0.0,0.0
2018-05-04 00:00:00-04:00,41.83716129232139,43.24542478603207,41.81838401597067,43.146846771240234,224805200,0.0,0.0
2018-05-07 00:00:00-04:00,43.46371415611706,44.04814493310454,43.36279030101084,43.459022521972656,169805600,0.0,0.0
2018-05-08 00:00:00-04:00,43.41911884558,43.70781190513855,43.109299108375836,43.667911529541016,113611200,0.0,0.0
2018-05-09 00:00:00-04:00,43.78525732674539,43.98475916138972,43.47309184046762,43.975372314453125,92844800,0.0,0.0
2018-05-10 00:00:00-04:00,44.06456158540956,44.6818479195201,44.043434913260626,44.604393005371094,111957200,0.0,0.0
2018-05-11 00:00:00-04:00,44.64682115330001,44.7811202353957,44.16616310265883,44.43476486206055,104848800,0.1825,0.0
2018-05-14 00:00:00-04:00,44.53371864959899,44.65623981059255,44.26276205405801,44.33108901977539,83115200,0.0,0.0
2018-05-15 00:00:00-04:00,44.00830061465196,44.076631181678145,43.61246796024898,43.928192138671875,94780800,0.0,0.0
2018-05-16 00:00:00-04:00,43.841004468520254,44.40412571212167,43.824509647791004,44.33815002441406,76732400,0.0,0.0
2018-05-17 00:00:00-04:00,44.295744112587485,44.510155226195536,43.9093345737116,44.05777359008789,69176000,0.0,0.0
2018-05-18 00:00:00-04:00,44.10489541890773,44.25097597581326,43.85514339766552,43.897552490234375,73190800,0.0,0.0
2018-05-21 00:00:00-04:00,44.29574904119214,44.594981969565396,44.0389288058782,44.20857238769531,73603200,0.0,0.0
2018-05-22 00:00:00-04:00,44.385286984121706,44.50309483483212,44.008300423764275,44.097835540771484,60962800,0.0,0.0
2018-05-23 00:00:00-04:00,43.90698701129441,44.41355932680517,43.76797101632021,44.38057327270508,80233600,0.0,0.0
2018-05-24 00:00:00-04:00,44.47717318699425,44.49366441518397,43.873997617810524,44.33108901977539,92936000,0.0,0.0
2018-05-25 00:00:00-04:00,44.3499366417125,44.68451046232307,44.21327912142766,44.432403564453125,69844000,0.0,0.0
2018-05-29 00:00:00-04:00,44.20150444915725,44.472461051919346,44.02950240859062,44.272186279296875,90056400,0.0,0.0
2018-05-30 00:00:00-04:00,44.229779925474894,44.295752034505206,44.00830059006872,44.17794418334961,74762000,0.0,0.0
2018-05-31 00:00:00-04:00,44.11197362013253,44.34994419353032,43.85750822129398,44.02950668334961,109931200,0.0,0.0
2018-06-01 00:00:00-04:00,44.293396778992886,44.828241829945235,44.23684771666393,44.82353210449219,93770000,0.0,0.0
2018-06-04 00:00:00-04:00,45.15339070780669,45.57278634857579,45.08506373956886,45.198158264160156,105064800,0.0,0.0
2018-06-05 00:00:00-04:00,45.49032571725215,45.69531022935619,45.32303698544506,45.546871185302734,86264000,0.0,0.0
2018-06-06 00:00:00-04:00,45.622271460181125,45.72829781152777,45.219367010811325,45.704734802246094,83734400,0.0,0.0
2018-06-07 00:00:00-04:00,45.74243513194571,45.756571499725034,45.31832612251338,45.582218170166016,85388800,0.0,0.0
2018-06-08 00:00:00-04:00,45.04265021927023,45.23821166989341,44.71278969726127,45.16752624511719,106627200,0.0,0.0
2018-06-11 00:00:00-04:00,45.08506572699524,45.23114631083224,44.81646397224416,45.05678939819336,73234000,0.0,0.0
2018-06-12 00:00:00-04:00,45.094482345524824,45.381933746768155,45.03793329119162,45.30418014526367,67644400,0.0,0.0
2018-06-13 00:00:00-04:00,45.33717074386563,45.44555554341027,44.870652683238966,44.93191146850586,86553600,0.0,0.0
2018-06-14 00:00:00-04:00,45.13218279322,45.13689611332946,44.818813517322575,44.95547103881836,86440400,0.0,0.0
2018-06-15 00:00:00-04:00,44.77405853621199,44.80468973270955,44.357017672066355,44.493675231933594,246876800,0.0,0.0
2018-06-18 00:00:00-04:00,44.267470793974596,44.583194911549555,44.107250277682624,44.47010040283203,73939600,0.0,0.0
2018-06-19 00:00:00-04:00,43.62188314112478,43.90226635171033,43.2236921005594,43.75147247314453,134314000,0.0,0.0
2018-06-20 00:00:00-04:00,43.90697324221414,44.10724436672811,43.76088910968787,43.94231414794922,82514800,0.0,0.0
2018-06-21 00:00:00-04:00,44.11903132362873,44.37820998177126,43.574759736739,43.69728088378906,102847600,0.0,0.0
2018-06-22 00:00:00-04:00,43.852787370982426,43.85985555346904,43.51821355084701,43.57004928588867,108801600,0.0,0.0
2018-06-25 00:00:00-04:00,43.21191397426476,43.570050812040066,42.58282054445238,42.9221076965332,126652400,0.0,0.0
2018-06-26 00:00:00-04:00,43.11531391910178,43.94939183167297,43.009283988552895,43.45459747314453,98276800,0.0,0.0
2018-06-27 00:00:00-04:00,43.64308664748483,44.12609945793199,43.360348581313914,43.3909797668457,101141200,0.0,0.0
2018-06-28 00:00:00-04:00,43.37685785690985,43.874007197044854,43.30617241801084,43.70671844482422,69460800,0.0,0.0
2018-06-29 00:00:00-04:00,43.89284718810203,44.104903475310294,43.09646856653667,43.61482238769531,90950800,0.0,0.0
2018-07-02 00:00:00-04:00,43.31087761470998,44.13081920457902,43.216629182120954,44.102542877197266,70925200,0.0,0.0
2018-07-03 00:00:00-04:00,44.24626602094871,44.283965391794474,43.244899402321124,43.334434509277344,55819200,0.0,0.0
2018-07-05 00:00:00-04:00,43.65016900130516,43.92112924889861,43.419266591740104,43.68315505981445,66416800,0.0,0.0
2018-07-06 00:00:00-04:00,43.68786407155159,44.39706605714836,43.63602832826301,44.2886848449707,69940800,0.0,0.0
2018-07-09 00:00:00-04:00,44.64916777229769,44.92719252665673,44.60204535912611,44.90363311767578,79026400,0.0,0.0
2018-07-10 00:00:00-04:00,44.93426330823316,45.06856236255624,44.809383703042094,44.84944152832031,63756400,0.0,0.0
2018-07-11 00:00:00-04:00,44.41356335394152,44.7151511888342,44.20386550631754,44.26748275756836,75326000,0.0,0.0
2018-07-12 00:00:00-04:00,44.65624668107368,45.09920538074771,44.604410935570954,45.00967025756836,72164400,0.0,0.0
2018-07-13 00:00:00-04:00,45.02144504787517,45.20051167231687,44.97903235551187,45.08034896850586,50055600,0.0,0.0
2018-07-16 00:00:00-04:00,45.125113793493355,45.39135705389442,44.8659351203138,44.981388092041016,60172400,0.0,0.0
2018-07-17 00:00:00-04:00,44.708081328191334,45.20758548689798,44.578491967618255,45.10862731933594,62138000,0.0,0.0
2018-07-18 00:00:00-04:00,45.18637208262621,45.19108540259918,44.750481662975155,44.86122131347656,65573600,0.0,0.0
2018-07-19 00:00:00-04:00,44.69393913236674,45.36780012426097,44.69393913236674,45.209938049316406,81147200,0.0,0.0
2018-07-20 00:00:00-04:00,45.186363025070804,45.33951173900121,44.80702173550467,45.10625457763672,82704800,0.0,0.0
2018-07-23 00:00:00-04:00,44.92719589230041,45.22878726865295,44.66330748260312,45.14632034301758,63957600,0.0,0.0
2018-07-24 00:00:00-04:00,45.34423421199465,45.62933074980564,45.24998938365914,45.47382354736328,74791600,0.0,0.0
2018-07-25 00:00:00-04:00,45.487959243995,45.90971329334485,45.33952022609749,45.902645111083984,66839600,0.0,0.0
2018-07-26 00:00:00-04:00,45.85316741037176,46.17125001494184,45.617551731493165,45.7589225769043,76304000,0.0,0.0
2018-07-27 00:00:00-04:00,45.942700152902404,45.98982256720947,44.790539686327264,44.99787902832031,96096000,0.0,0.0
2018-07-30 00:00:00-04:00,45.21463849435372,45.28532390323262,44.54784941734162,44.745765686035156,84118000,0.0,0.0
2018-07-31 00:00:00-04:00,44.83765127319428,45.271183132465225,44.611458705847895,44.83529281616211,157492000,0.0,0.0
2018-08-01 00:00:00-04:00,46.918150683987434,47.53781746675014,46.48932842822588,47.476558685302734,271742800,0.0,0.0
2018-08-02 00:00:00-04:00,47.25979195423673,49.097594916163985,47.20560135629759,48.86433410644531,249616000,0.0,0.0
2018-08-03 00:00:00-04:00,48.7795141514494,49.182418547865296,48.41430912684515,49.005706787109375,133789600,0.0,0.0
2018-08-06 00:00:00-04:00,49.008063284816416,49.30258289590306,48.7889424198688,49.26017379760742,101701600,0.0,0.0
2018-08-07 00:00:00-04:00,49.319086523265995,49.36149562913163,48.71590723211677,48.79837417602539,102349600,0.0,0.0
2018-08-08 00:00:00-04:00,48.548617914751276,48.963300271358555,48.188126164952756,48.831356048583984,90102000,0.0,0.0
2018-08-09 00:00:00-04:00,49.368557091360415,49.427461016071646,48.81957208162651,49.21540832519531,93970400,0.0,0.0
2018-08-10 00:00:00-04:00,49.02862623567317,49.44003672333354,48.86548063525924,49.06882095336914,98444800,0.1825,0.0
2018-08-13 00:00:00-04:00,49.48967807024764,49.87744283435731,49.10900627803238,49.385643005371094,103563600,0.0,0.0
2018-08-14 00:00:00-04:00,49.690657765657285,49.785233134291715,49.24141574509612,49.59371566772461,82992000,0.0,0.0
2018-08-15 00:00:00-04:00,49.46839996655359,49.82779284898479,49.25796671198787,49.709571838378906,115230400,0.0,0.0
2018-08-16 00:00:00-04:00,50.066604679924524,50.55367473143679,50.000401193766706,50.43782043457031,114001600,0.0,0.0
2018-08-17 00:00:00-04:00,50.466179578876776,51.53253166882398,50.39997610944165,51.44504928588867,141708000,0.0,0.0
2018-08-20 00:00:00-04:00,51.56800483956419,51.82335904051192,50.86104191692848,50.94379806518555,121150800,0.0,0.0
2018-08-21 00:00:00-04:00,51.26061877491701,51.352830997028676,50.60567352114959,50.844478607177734,104639200,0.0,0.0
2018-08-22 00:00:00-04:00,50.622235974791955,51.15659362058982,50.5607587429564,50.84685516357422,76072400,0.0,0.0
2018-08-23 00:00:00-04:00,50.75227555879988,51.31973854252035,50.74045634465841,50.950889587402344,75532800,0.0,0.0
2018-08-24 00:00:00-04:00,51.21334139829706,51.28427111585805,50.861041500529375,51.10930633544922,73905600,0.0,0.0
2018-08-27 00:00:00-04:00,51.343371637166726,51.71931710624487,51.14949110049513,51.5301628112793,82100400,0.0,0.0
2018-08-28 00:00:00-04:00,51.78315877144107,52.14491472640033,51.7618798582831,51.94630432128906,91107200,0.0,0.0
2018-08-29 00:00:00-04:00,52.05271233047196,52.84243146580002,51.87774753435485,52.72184371948242,109019200,0.0,0.0
2018-08-30 00:00:00-04:00,52.78568028191906,53.970253487975114,52.58470312439228,53.206546783447266,195175200,0.0,0.0
2018-08-31 00:00:00-04:00,53.556475387508385,54.11447864417697,53.43589126797498,53.821292877197266,173360400,0.0,0.0
2018-09-04 00:00:00-04:00,54.00573456833609,54.18779236627043,53.5848679685138,53.99391174316406,109560400,0.0,0.0
2018-09-05 00:00:00-04:00,54.14285726319419,54.30363609852174,53.22309798700196,53.641597747802734,133332000,0.0,0.0
2018-09-06 00:00:00-04:00,53.49027852572328,53.755096048130156,52.324621069428616,52.75021743774414,137160000,0.0,0.0
2018-09-07 00:00:00-04:00,52.45465930046942,53.2869325453365,52.18511556397365,52.324615478515625,150479200,0.0,0.0
2018-09-10 00:00:00-04:00,52.24186001307081,52.45465998116174,51.18260084633692,51.62238311767578,158066000,0.0,0.0
2018-09-11 00:00:00-04:00,51.54672332040395,53.03394564193792,51.203883114038426,52.927547454833984,142996000,0.0,0.0
2018-09-12 00:00:00-04:00,53.18526639470711,53.19945233807959,51.97941069858313,52.27023696899414,197114800,0.0,0.0
2018-09-13 00:00:00-04:00,52.84951587627025,53.991531148163254,52.62489670197329,53.532833099365234,166825600,0.0,0.0
2018-09-14 00:00:00-04:00,53.376787478992235,53.63450842198434,52.61308074363496,52.9251823425293,127997200,0.0,0.0
2018-09-17 00:00:00-04:00,52.525599981840585,52.71475434346737,51.37176523077403,51.515995025634766,148780400,0.0,0.0
2018-09-18 00:00:00-04:00,51.494718174599384,52.454676034287246,51.33630241652547,51.60111999511719,126286800,0.0,0.0
2018-09-19 00:00:00-04:00,51.66257836751287,51.92739226002057,50.90596466904896,51.631839752197266,108495200,0.0,0.0
2018-09-20 00:00:00-04:00,52.07398454389715,52.55632461019828,51.81626003598558,52.024330139160156,106435200,0.0,0.0
2018-09-21 00:00:00-04:00,52.20166425202721,52.3388010443892,51.376480376679865,51.463966369628906,384986800,0.0,0.0
2018-09-24 00:00:00-04:00,51.265350143429465,52.3151494694153,51.22042559146119,52.20402145385742,110773600,0.0,0.0
2018-09-25 00:00:00-04:00,51.958126598742545,52.68400522996359,51.94630377783899,52.5350456237793,98217600,0.0,0.0
2018-09-26 00:00:00-04:00,52.253691077014246,52.90390668996351,51.96050164726947,52.116554260253906,95938800,0.0,0.0
2018-09-27 00:00:00-04:00,52.92045647589352,53.53993343518666,52.8542493888135,53.1876335144043,120724800,0.0,0.0
2018-09-28 00:00:00-04:00,53.14979737223942,53.398062202116094,52.96773962377275,53.374420166015625,91717600,0.0,0.0
2018-10-01 00:00:00-04:00,53.89695599056796,54.244526037328285,53.51865093552065,53.73381042480469,94403200,0.0,0.0
2018-10-02 00:00:00-04:00,53.73144877171672,54.381664323409666,53.584855874564354,54.21142578125,99152800,0.0,0.0
2018-10-03 00:00:00-04:00,54.39348370673561,55.20211492695663,54.3296433555075,54.871097564697266,114619200,0.0,0.0
2018-10-04 00:00:00-04:00,54.566089500033,54.93730520599613,53.60849859022037,53.90641784667969,128168000,0.0,0.0
2018-10-05 00:00:00-04:00,53.89932343564714,54.00572162104816,52.15438020692258,53.031578063964844,134322000,0.0,0.0
2018-10-08 00:00:00-04:00,52.53978519538805,53.15216918862936,52.06453440498348,52.908634185791016,118655600,0.0,0.0
2018-10-09 00:00:00-04:00,52.87789106435932,53.73617671665903,52.549236814198565,53.641597747802734,107564000,0.0,0.0
2018-10-10 00:00:00-04:00,53.30822500274197,53.51865827828025,51.08330449551882,51.15660095214844,167962400,0.0,0.0
2018-10-11 00:00:00-04:00,50.721543060089694,51.89902330763163,50.201371338479035,50.70499038696289,212497600,0.0,0.0
2018-10-12 00:00:00-04:00,52.11654858627355,52.698197531427574,51.27008573845108,52.516136169433594,161351600,0.0,0.0
2018-10-15 00:00:00-04:00,52.29150849334037,52.44992418497444,51.37174934722611,51.393028259277344,123164000,0.0,0.0
2018-10-16 00:00:00-04:00,51.764252977522055,52.72421066994395,51.251174194641926,52.525596618652344,116736000,0.0,0.0
2018-10-17 00:00:00-04:00,52.561065306134864,52.64145473247039,51.86119529237717,52.298614501953125,91541600,0.0,0.0
2018-10-18 00:00:00-04:00,51.51125865851134,51.95577081093266,50.36215029617322,51.07620620727539,130325200,0.0,0.0
2018-10-19 00:00:00-04:00,51.55853916023749,52.31515279784084,51.409579553774584,51.85409164428711,132314800,0.0,0.0
2018-10-22 00:00:00-04:00,51.967588678689886,52.81168840057024,51.766615131446095,52.170928955078125,115168400,0.0,0.0
2018-10-23 00:00:00-04:00,51.03128633927155,52.78568585733632,50.7641056774064,52.66273498535156,155071200,0.0,0.0
2018-10-24 00:00:00-04:00,52.63199362779541,53.017391656334006,50.726267969157426,50.8563117980957,163702000,0.0,0.0
2018-10-25 00:00:00-04:00,51.475796278943854,52.34353810184047,51.24881034120332,51.9699592590332,119423200,0.0,0.0
2018-10-26 00:00:00-04:00,51.04781988153455,52.06215795324573,50.28411332859877,51.142398834228516,189033600,0.0,0.0
2018-10-29 00:00:00-04:00,51.82573621097291,51.94395724211877,48.72834375182358,50.182464599609375,183742000,0.0,0.0
2018-10-30 00:00:00-04:00,49.924733859271434,50.8775949642934,49.480225290241705,50.43308639526367,146640000,0.0,0.0
2018-10-31 00:00:00-04:00,51.27954177612992,52.12363783449441,51.218064547531675,51.74769592285156,153435600,0.0,0.0
2018-11-01 00:00:00-04:00,51.792627782293415,52.575250330223895,51.262996332298286,52.54214859008789,233292800,0.0,0.0
2018-11-02 00:00:00-04:00,49.54642060751403,50.51583061906915,48.572277138067086,49.056983947753906,365314800,0.0,0.0
2018-11-05 00:00:00-05:00,48.30509650170871,48.326375413709044,46.85570603182611,47.664337158203125,264654800,0.0,0.0
2018-11-06 00:00:00-05:00,47.74237132513075,48.4044096899324,47.68799067176834,48.17979049682617,127531600,0.0,0.0
2018-11-07 00:00:00-05:00,48.699960659016895,49.66700760551551,48.264908230328544,49.64099884033203,133697600,0.0,0.0
2018-11-08 00:00:00-05:00,49.82132950962304,49.854546748716004,49.05495802314485,49.467803955078125,101450400,0.1825,0.0
2018-11-09 00:00:00-05:00,48.7702258096886,48.879366587122874,47.98724409420614,48.51397705078125,137463200,0.0,0.0
2018-11-12 00:00:00-05:00,47.21613325998762,47.41781165926097,45.97997059020177,46.070133209228516,204542000,0.0,0.0
2018-11-13 00:00:00-05:00,45.467478543802656,46.78430756047721,45.42476859914762,45.60983657836914,187531600,0.0,0.0
2018-11-14 00:00:00-05:00,46.00606949744506,46.14368479083384,44.11505123237931,44.321475982666016,243204000,0.0,0.0
2018-11-15 00:00:00-05:00,44.698732002376936,45.54814833515879,44.34520285307609,45.415279388427734,185915200,0.0,0.0
2018-11-16 00:00:00-05:00,45.19936660019544,46.25995045257277,44.95261049624972,45.91828536987305,147713200,0.0,0.0
2018-11-19 00:00:00-05:00,45.08071555395701,45.24680167665356,43.8920095682225,44.09843063354492,167701200,0.0,0.0
2018-11-20 00:00:00-05:00,42.32131328103685,43.056842423109295,41.642729521839435,41.991512298583984,271300800,0.0,0.0
2018-11-21 00:00:00-05:00,42.64399822705807,42.772124438484425,41.889490881307914,41.944061279296875,124496800,0.0,0.0
2018-11-23 00:00:00-05:00,41.50750600406665,41.901370249008885,40.833668325997536,40.878746032714844,94496000,0.0,0.0
2018-11-26 00:00:00-05:00,41.34139771589679,41.50985523537514,40.397072578660236,41.431556701660156,179994000,0.0,0.0
2018-11-27 00:00:00-05:00,40.693662435434945,41.467155183306716,40.54418668522253,41.34140396118164,165549600,0.0,0.0
2018-11-28 00:00:00-05:00,41.932203103325314,43.01414023001662,41.50512170583987,42.93109893798828,184250000,0.0,0.0
2018-11-29 00:00:00-05:00,43.33918054774312,43.372397774847585,42.16233492100179,42.601280212402344,167080000,0.0,0.0
2018-11-30 00:00:00-05:00,42.776871754458696,42.78636446319983,42.00338253080645,42.37114715576172,158126000,0.0,0.0
2018-12-03 00:00:00-05:00,43.76627592803061,43.88016308346337,42.995158116098935,43.85169219970703,163210000,0.0,0.0
2018-12-04 00:00:00-05:00,42.93345880903892,43.27512383554187,41.82305109331107,41.92270278930664,165377200,0.0,0.0
2018-12-06 00:00:00-05:00,40.75298731456774,41.46953482121454,40.435050335608125,41.455299377441406,172393600,0.0,0.0
2018-12-07 00:00:00-05:00,41.16346234054781,41.40072939361831,39.93204575584665,39.97712707519531,169126400,0.0,0.0
2018-12-10 00:00:00-05:00,39.1490601674904,40.35674848800182,38.75282465963804,40.2404899597168,248104000,0.0,0.0
2018-12-11 00:00:00-05:00,40.72925271093741,40.76009495801711,39.623587659446784,40.01033401489258,189126800,0.0,0.0
2018-12-12 00:00:00-05:00,40.43029709170368,40.79094396093765,40.10287107949015,40.12185287475586,142510800,0.0,0.0
2018-12-13 00:00:00-05:00,40.45165022819319,40.9451659993989,40.22861867943218,40.560791015625,127594400,0.0,0.0
2018-12-14 00:00:00-05:00,40.098116353709955,40.11709814501256,39.21548297037447,39.262935638427734,162814800,0.0,0.0
2018-12-17 00:00:00-05:00,39.255816656585765,39.94389299264908,38.610450254681176,38.897544860839844,177151600,0.0,0.0
2018-12-18 00:00:00-05:00,39.239220208007154,39.74934284350836,39.00432455915935,39.40293502807617,135366000,0.0,0.0
2018-12-19 00:00:00-05:00,39.38631192060536,39.73034825848122,37.746796501277856,38.17387771606445,196189200,0.0,0.0
2018-12-20 00:00:00-05:00,38.057631813758896,38.46336004562786,36.847572080543415,37.21059036254883,259092000,0.0,0.0
2018-12-21 00:00:00-05:00,37.217700060216195,37.52614787017046,35.50226074249866,35.76325225830078,382978400,0.0,0.0
2018-12-24 00:00:00-05:00,35.15111176377815,35.95782190038735,34.7809757476291,34.837921142578125,148676800,0.0,0.0
2018-12-26 00:00:00-05:00,35.18669870684758,37.30549139242431,34.811816392339566,37.291255950927734,234330000,0.0,0.0
2018-12-27 00:00:00-05:00,36.97568792254167,37.19634811223778,35.606659957323785,37.04924011230469,212468400,0.0,0.0
2018-12-28 00:00:00-05:00,37.369555992471305,37.611569368803295,36.66961900113825,37.0682258605957,169165600,0.0,0.0
2018-12-31 00:00:00-05:00,37.61393008515579,37.81086209224743,37.12753210334212,37.426490783691406,140014000,0.0,0.0
2019-01-02 00:00:00-05:00,36.750296458044986,37.68987565156259,36.593699322390684,37.469215393066406,148158800,0.0,0.0
2019-01-03 00:00:00-05:00,34.16170590164323,34.57455183641599,33.69191819683805,33.73699951171875,365248800,0.0,0.0
2019-01-04 00:00:00-05:00,34.29219923540596,35.24601358953824,34.11899533904399,35.17720413208008,234428400,0.0,0.0
2019-01-07 00:00:00-05:00,35.28160408429917,35.31244995449789,34.61725572428317,35.098907470703125,219111200,0.0,0.0
2019-01-08 00:00:00-05:00,35.48566837515682,36.02189436055887,35.238912173856136,35.76801681518555,164101200,0.0,0.0
2019-01-09 00:00:00-05:00,35.89612775325254,36.66487424188444,35.502267230819925,36.37540817260742,180396400,0.0,0.0
2019-01-10 00:00:00-05:00,36.18321328363876,36.531996022628334,35.79409559379819,36.491661071777344,143122800,0.0,0.0
2019-01-11 00:00:00-05:00,36.27338262516767,36.467939696000656,35.948324350827995,36.133392333984375,108092800,0.0,0.0
2019-01-14 00:00:00-05:00,35.7917243040485,35.89137599820077,35.40497797975705,35.59004592895508,129756800,0.0,0.0
2019-01-15 00:00:00-05:00,35.65411028555859,36.3943821085161,35.601911260051914,36.318458557128906,114843600,0.0,0.0
2019-01-16 00:00:00-05:00,36.320836811858406,36.98518520942271,36.30185501531,36.76215362548828,122278800,0.0,0.0
2019-01-17 00:00:00-05:00,36.58656655845522,37.407511879044904,36.363535024290115,36.980430603027344,119284800,0.0,0.0
2019-01-18 00:00:00-05:00,37.369549802011335,37.45971241403209,37.00890297433515,37.20820999145508,135004000,0.0,0.0
2019-01-22 00:00:00-05:00,37.110928234724035,37.186851783715795,36.211684376745275,36.37302780151367,121576000,0.0,0.0
2019-01-23 00:00:00-05:00,36.57470436511674,36.80959998409829,35.99340097474768,36.52013397216797,92522400,0.0,0.0
2019-01-24 00:00:00-05:00,36.565218274806185,36.65300590810053,36.00289663164888,36.23067092895508,101766000,0.0,0.0
2019-01-25 00:00:00-05:00,36.890271619149736,37.51903133240946,36.61504465459194,37.43124008178711,134142000,0.0,0.0
2019-01-28 00:00:00-05:00,36.96381515140883,37.091941326997095,36.45843902887305,37.08482360839844,104768400,0.0,0.0
2019-01-29 00:00:00-05:00,37.07296946155649,37.51903258864824,36.5652182166273,36.70045852661133,166348800,0.0,0.0
2019-01-30 00:00:00-05:00,38.73384376445083,39.42191672312946,38.017296299473955,39.208377838134766,244439200,0.0,0.0
2019-01-31 00:00:00-05:00,39.41241268525057,40.098114016816574,39.04464819355946,39.4907112121582,162958400,0.0,0.0
2019-02-01 00:00:00-05:00,39.61410265633867,40.09337942283648,39.36971429863973,39.50970458984375,130672400,0.0,0.0
2019-02-04 00:00:00-05:00,39.72086886633868,40.72925360434192,39.69002299817537,40.63197326660156,125982000,0.0,0.0
2019-02-05 00:00:00-05:00,41.01398071522067,41.54071383411568,40.89297582806122,41.327171325683594,144406400,0.0,0.0
2019-02-06 00:00:00-05:00,41.43868068103189,41.6569695100412,41.01160297138825,41.34140396118164,112958400,0.0,0.0
2019-02-07 00:00:00-05:00,40.90481834388098,41.270211452977485,40.41604903467955,40.55841064453125,126966800,0.0,0.0
2019-02-08 00:00:00-05:00,40.26771919259328,40.665654071185585,40.13189521411374,40.606082916259766,95280000,0.1825,0.0
2019-02-11 00:00:00-05:00,40.7585744212062,40.79670082315533,40.329661489113064,40.37255096435547,83973600,0.0,0.0
2019-02-12 00:00:00-05:00,40.53220813832866,40.74666280397595,40.43689212564779,40.72045135498047,89134000,0.0,0.0
2019-02-13 00:00:00-05:00,40.83960316682641,41.09933254456883,40.48932446490647,40.55127716064453,89960800,0.0,0.0
2019-02-14 00:00:00-05:00,40.43928339998026,40.80862164255103,40.36064904112932,40.699012756347656,87342800,0.0,0.0
2019-02-15 00:00:00-05:00,40.80623228578758,40.91345961424227,40.44880543364929,40.608455657958984,98507200,0.0,0.0
2019-02-19 00:00:00-05:00,40.43928042114127,40.85151175450796,40.38685751910222,40.729984283447266,75891200,0.0,0.0
2019-02-20 00:00:00-05:00,40.791937772979175,41.29948509114437,40.7442815842349,40.992095947265625,104457600,0.0,0.0
2019-02-21 00:00:00-05:00,40.93729152317362,41.07311184292857,40.57986465359283,40.76095962524414,68998800,0.0,0.0
2019-02-22 00:00:00-05:00,40.8848794625303,41.22324321911487,40.83722326114031,41.216094970703125,75652800,0.0,0.0
2019-02-25 00:00:00-05:00,41.49963743265904,41.907101970477754,41.44959607815367,41.51631546020508,87493600,0.0,0.0
2019-02-26 00:00:00-05:00,41.392422020496234,41.77129368525542,41.26374629243125,41.540157318115234,68280800,0.0,0.0
2019-02-27 00:00:00-05:00,41.27326982515091,41.699797583479636,41.15889061962103,41.668819427490234,111341600,0.0,0.0
2019-02-28 00:00:00-05:00,41.53777599764727,41.678363048433425,41.2041753537565,41.25897979736328,112861600,0.0,0.0
2019-03-01 00:00:00-05:00,41.52824051212283,41.735546954193026,41.19702505785762,41.692657470703125,103544800,0.0,0.0
2019-03-04 00:00:00-05:00,41.86422496802693,42.35509069759693,41.45437513566205,41.90235137939453,109744800,0.0,0.0
2019-03-05 00:00:00-05:00,41.923789316150554,41.93808580910875,41.590188724744905,41.82609176635742,78949600,0.0,0.0
2019-03-06 00:00:00-05:00,41.621175199497635,41.81657033812453,41.44722844052762,41.58543395996094,83241600,0.0,0.0
2019-03-07 00:00:00-05:00,41.430532678062825,41.566356613968864,40.98970845134733,41.10408401489258,99185600,0.0,0.0
2019-03-08 00:00:00-05:00,40.584633632595896,41.2399162634684,40.38923852105088,41.20178985595703,95997600,0.0,0.0
2019-03-11 00:00:00-04:00,41.81656828662146,42.68153896438816,41.78320858604554,42.62911605834961,128044000,0.0,0.0
2019-03-12 00:00:00-04:00,42.8912342977693,43.52745383687402,42.741113814227916,43.10807418823242,129870400,0.0,0.0
2019-03-13 00:00:00-04:00,43.42737051589921,43.67757008556457,43.110451545781046,43.29869842529297,124130000,0.0,0.0
2019-03-14 00:00:00-04:00,43.82052960680952,43.86818942807558,43.50122916555662,43.78002166748047,94318000,0.0,0.0
2019-03-15 00:00:00-04:00,44.04690664893718,44.63785139707803,43.7824106162076,44.349525451660156,156171600,0.0,0.0
2019-03-18 00:00:00-04:00,44.273276908909104,44.890433115459594,44.27089173604565,44.802268981933594,104879200,0.0,0.0
2019-03-19 00:00:00-04:00,44.88090335634377,45.03340534638429,44.30186992001534,44.44722366333008,126585600,0.0,0.0
2019-03-20 00:00:00-04:00,44.375741144089886,45.15255128641642,44.018314235196435,44.83563232421875,124140800,0.0,0.0
2019-03-21 00:00:00-04:00,45.27884496121636,46.782420346635014,45.228803590706896,46.48694610595703,204136800,0.0,0.0
2019-03-22 00:00:00-04:00,46.546508338197334,47.106478547794836,45.45993125023579,45.524269104003906,169630800,0.0,0.0
2019-03-25 00:00:00-04:00,45.63386907826969,45.74586309835947,44.463894798076474,44.97382354736328,175381200,0.0,0.0
2019-03-26 00:00:00-04:00,45.66963053267575,45.96033805607303,43.98257500926579,44.50918197631836,199202000,0.0,0.0
2019-03-27 00:00:00-04:00,44.976211880352054,45.2168779833319,44.4519865617811,44.90949249267578,119393600,0.0,0.0
2019-03-28 00:00:00-04:00,45.02387869438107,45.169232459544084,44.68551496674179,44.96907424926758,83121600,0.0,0.0
2019-03-29 00:00:00-04:00,45.23357588955932,45.293147052512026,44.92618665259963,45.262168884277344,94256000,0.0,0.0
2019-04-01 00:00:00-04:00,45.66485812631572,45.67438790998863,44.8880516813076,45.56954574584961,111448000,0.0,0.0
2019-04-02 00:00:00-04:00,45.533803597504026,46.33682517645646,45.52427381326158,46.23197937011719,91062800,0.0,0.0
2019-04-03 00:00:00-04:00,46.0485014625707,46.822926454826096,46.02467154689668,46.54890060424805,93087200,0.0,0.0
2019-04-04 00:00:00-04:00,46.415447417089275,46.79193745474998,46.02227935106706,46.629905700683594,76457200,0.0,0.0
2019-04-05 00:00:00-04:00,46.81100893546065,46.96589610699699,46.687099925418465,46.94206619262695,74106400,0.0,0.0
2019-04-08 00:00:00-04:00,46.80386629170483,47.71173014450236,46.78480308511343,47.680755615234375,103526800,0.0,0.0
2019-04-09 00:00:00-04:00,47.73316823079818,48.33602791999754,47.47343527844449,47.53777313232422,143072800,0.0,0.0
2019-04-10 00:00:00-04:00,47.34238048248308,47.833249790891394,47.22323818776864,47.80465316772461,86781200,0.0,0.0
2019-04-11 00:00:00-04:00,47.85946596865772,47.89520720622881,47.285199178784595,47.40672302246094,83603200,0.0,0.0
2019-04-12 00:00:00-04:00,47.46629151971839,47.690279625122976,46.753822893813584,47.387657165527344,111042800,0.0,0.0
2019-04-15 00:00:00-04:00,47.31855473245824,47.62117718246721,47.18273076972158,47.47343826293945,70146400,0.0,0.0
2019-04-16 00:00:00-04:00,47.52824418170382,47.983364968636586,47.3137858769923,47.47820281982422,102785600,0.0,0.0
2019-04-17 00:00:00-04:00,47.54731494054126,48.46233071134388,47.3257119730381,48.40275955200195,115627200,0.0,0.0
2019-04-18 00:00:00-04:00,48.40037399343183,48.64580687709247,48.25740539371004,48.57670593261719,96783200,0.0,0.0
2019-04-22 00:00:00-04:00,48.33126412020742,48.83404475360525,48.214503361460345,48.73634719848633,77758000,0.0,0.0
2019-04-23 00:00:00-04:00,48.71251655805477,49.50362313511346,48.58622601734535,49.43928527832031,93292000,0.0,0.0
2019-04-24 00:00:00-04:00,49.4106933007407,49.6775708811361,49.33682565873371,49.363037109375,70162400,0.0,0.0
2019-04-25 00:00:00-04:00,49.28439996099873,49.5060028744457,48.87693173068337,48.91505813598633,74172800,0.0,0.0
2019-04-26 00:00:00-04:00,48.82450618641079,48.848336097417246,48.16207538289125,48.68153762817383,74596400,0.0,0.0
2019-04-29 00:00:00-04:00,48.7053831210268,49.07949178302421,48.57671100424973,48.75542449951172,88818800,0.0,0.0
2019-04-30 00:00:00-04:00,48.38607033097731,48.46708622241454,47.44484688744978,47.81657028198242,186139600,0.0,0.0
2019-05-01 00:00:00-04:00,50.011167604108095,51.30505109696013,49.85628044929439,50.16366958618164,259309200,0.0,0.0
2019-05-02 00:00:00-04:00,50.00162852825814,50.67120752436083,49.59416398853506,49.83721160888672,127985200,0.0,0.0
2019-05-03 00:00:00-04:00,50.25184311826302,50.47821277895846,50.09457439721513,50.45676803588867,83569600,0.0,0.0
2019-05-06 00:00:00-04:00,48.6791498523468,49.76334529835149,48.49090665482442,49.67756271362305,129772400,0.0,0.0
2019-05-07 00:00:00-04:00,49.05802986425357,49.42498651293276,47.85469202351123,48.338409423828125,155054800,0.0,0.0
2019-05-08 00:00:00-04:00,48.10965396395561,48.92935347903369,48.07391273228292,48.347938537597656,105358000,0.0,0.0
2019-05-09 00:00:00-04:00,47.75222695826382,48.057230920723306,46.8610449825507,47.8284797668457,139634400,0.0,0.0
2019-05-10 00:00:00-04:00,47.223299584031466,47.56536064029775,46.11101077401089,47.165889739990234,164834800,0.1925,0.0
2019-05-13 00:00:00-04:00,44.90064286413654,45.32402809525781,43.73812012203512,44.42462921142578,229722400,0.0,0.0
2019-05-14 00:00:00-04:00,44.58968654744338,45.37666024246978,44.35048432829495,45.127891540527344,146118800,0.0,0.0
2019-05-15 00:00:00-04:00,44.556202404072714,45.867029661329525,44.49640184388846,45.66849136352539,106178800,0.0,0.0
2019-05-16 00:00:00-04:00,45.42689206250881,46.03924912918253,45.17094394873877,45.46755599975586,132125600,0.0,0.0
2019-05-17 00:00:00-04:00,44.7140667516376,45.663699804341405,44.67340281448622,45.2092170715332,131516400,0.0,0.0
2019-05-20 00:00:00-04:00,43.89838342862863,44.09692166848181,43.12336708088151,43.79552459716797,154449200,0.0,0.0
2019-05-21 00:00:00-04:00,44.30503541950881,44.97001729820006,44.18064924329761,44.635135650634766,113459200,0.0,0.0
2019-05-22 00:00:00-04:00,44.17108734343066,44.422250430132046,43.666370461560184,43.72138595581055,118994400,0.0,0.0
2019-05-23 00:00:00-04:00,43.00856675291308,43.18557408801563,42.53255294513371,42.97507858276367,146118800,0.0,0.0
2019-05-24 00:00:00-04:00,43.10423814743245,43.56829102566304,42.72629821206873,42.810020446777344,94858800,0.0,0.0
2019-05-28 00:00:00-04:00,42.79806098088244,43.19752825231062,42.55646805143749,42.63301086425781,111792800,0.0,0.0
2019-05-29 00:00:00-04:00,42.20005178150852,42.900916127061286,42.09958729527348,42.4296875,113924800,0.0,0.0
2019-05-30 00:00:00-04:00,42.56603133944261,42.87220986761559,42.25985281126963,42.64975357055664,84873600,0.0,0.0
2019-05-31 00:00:00-04:00,42.154596523878126,42.575594670315766,41.85798817518111,41.87712478637695,108174400,0.0,0.0
2019-06-03 00:00:00-04:00,42.00392038007167,42.558867752574955,40.72897183362754,41.45375442504883,161584400,0.0,0.0
2019-06-04 00:00:00-04:00,41.96564243887218,43.01574014822659,41.74557681150609,42.97029113769531,123872000,0.0,0.0
2019-06-05 00:00:00-04:00,44.0801918196271,44.250027028807736,43.329096875378795,43.663978576660156,119093600,0.0,0.0
2019-06-06 00:00:00-04:00,43.793134501142,44.36482755162113,43.57067458111561,44.30502700805664,90105200,0.0,0.0
2019-06-07 00:00:00-04:00,44.613599067232066,45.90768378892111,44.43659178289126,45.48429489135742,122737600,0.0,0.0
2019-06-10 00:00:00-04:00,45.88136887468619,46.73292803874346,45.83591987717714,46.065555572509766,104883600,0.0,0.0
2019-06-11 00:00:00-04:00,46.61094460560243,46.8836349896468,46.309551123217446,46.59898376464844,107731600,0.0,0.0
2019-06-12 00:00:00-04:00,46.39328136210811,46.87647098850419,46.25932866962694,46.45069122314453,73012800,0.0,0.0
2019-06-13 00:00:00-04:00,46.57267065219424,47.072602406865755,46.30955040496847,46.44110870361328,86698400,0.0,0.0
2019-06-14 00:00:00-04:00,45.81918104965697,46.30715192007323,45.520178306772145,46.10383224487305,75046000,0.0,0.0
2019-06-17 00:00:00-04:00,46.142109980575825,46.63486965392285,45.967493369838486,46.37892150878906,58676400,0.0,0.0
2019-06-18 00:00:00-04:00,46.895581832278275,47.909796603556295,46.69465290399887,47.46966552734375,106204000,0.0,0.0
2019-06-19 00:00:00-04:00,47.76389566380698,47.811739025879014,47.19698759262692,47.33094024658203,84496800,0.0,0.0
2019-06-20 00:00:00-04:00,47.92894825704651,47.986358104546575,47.36921593118183,47.71127700805664,86056000,0.0,0.0
2019-06-21 00:00:00-04:00,47.553407198246234,48.04377253215675,47.39792354850374,47.548622131347656,191202400,0.0,0.0
2019-06-24 00:00:00-04:00,47.491204251365325,47.87871430604713,47.402700603352024,47.50077438354492,72881600,0.0,0.0
2019-06-25 00:00:00-04:00,47.464895650291474,47.66343393459677,46.71380081144238,46.78078079223633,84281200,0.0,0.0
2019-06-26 00:00:00-04:00,47.30702611814578,48.07725759186515,47.20656161939147,47.792606353759766,104270000,0.0,0.0
2019-06-27 00:00:00-04:00,47.90981377120324,48.215995988213024,47.73759152091885,47.778255462646484,83598800,0.0,0.0
2019-06-28 00:00:00-04:00,47.524699340515674,47.720846929488616,47.13480217086817,47.3429069519043,124442400,0.0,0.0
2019-07-01 00:00:00-04:00,48.59872246403011,48.914471197496404,47.9959317500997,48.21121597290039,109012000,0.0,0.0
2019-07-02 00:00:00-04:00,48.17771659878482,48.589144680081205,48.16575575864351,48.49346160888672,67740800,0.0,0.0
2019-07-03 00:00:00-04:00,48.62502883489124,48.90250429660593,48.483900395720205,48.895328521728516,45448000,0.0,0.0
2019-07-05 00:00:00-04:00,48.64176894973504,49.05558773477184,48.53412503952128,48.852264404296875,69062000,0.0,0.0
2019-07-08 00:00:00-04:00,48.0341982544595,48.17532669133114,47.46011437400138,47.84523010253906,101354400,0.0,0.0
2019-07-09 00:00:00-04:00,47.649072334998095,48.20162877299694,47.55578363312732,48.137046813964844,82312000,0.0,0.0
2019-07-10 00:00:00-04:00,48.2829558800939,48.73265344426047,48.213585211994285,48.61305236816406,71588400,0.0,0.0
2019-07-11 00:00:00-04:00,48.63220718977892,48.8905460488803,48.24948579291271,48.25905227661133,80767200,0.0,0.0
2019-07-12 00:00:00-04:00,48.426498389723854,48.79726263482881,48.3666978227694,48.62982177734375,70380800,0.0,0.0
2019-07-15 00:00:00-04:00,48.81878382184684,49.2445635130071,48.79725649643611,49.086692810058594,67789600,0.0,0.0
2019-07-16 00:00:00-04:00,48.93838218259591,49.30197058543267,48.67765263415199,48.91685485839844,67467200,0.0,0.0
2019-07-17 00:00:00-04:00,48.80921022118632,49.05797890617675,48.62263279495951,48.64176940917969,56430000,0.0,0.0
2019-07-18 00:00:00-04:00,48.797255539973115,49.246956906066245,48.725494140074105,49.194332122802734,74162400,0.0,0.0
2019-07-19 00:00:00-04:00,49.22541480969587,49.39524996275497,48.40495308770733,48.45996856689453,83717200,0.0,0.0
2019-07-22 00:00:00-04:00,48.71352835732806,49.569872702739694,48.70396187494887,49.567481994628906,89111600,0.0,0.0
2019-07-23 00:00:00-04:00,49.86409602597792,49.97173629421098,49.5842262186613,49.95499038696289,73420800,0.0,0.0
2019-07-24 00:00:00-04:00,49.67511590652774,50.02913410826558,49.55551481743322,49.9143180847168,59966400,0.0,0.0
2019-07-25 00:00:00-04:00,49.96695653329002,50.050678778547585,49.450278810987754,49.519649505615234,55638400,0.0,0.0
2019-07-26 00:00:00-04:00,49.62967672847252,50.1678817358878,49.54834884778114,49.691871643066406,70475600,0.0,0.0
2019-07-29 00:00:00-04:00,49.864098572785444,50.385557683272346,49.85931350619357,50.155921936035156,86693600,0.0,0.0
2019-07-30 00:00:00-04:00,49.93585442943909,50.27073972938734,49.589011938368884,49.94063949584961,135742800,0.0,0.0
2019-07-31 00:00:00-04:00,51.76814519291497,52.95219547888276,50.54343096661381,50.95964050292969,277125600,0.0,0.0
2019-08-01 00:00:00-04:00,51.1653626359901,52.15326915093734,49.45267720551432,49.85692596435547,216071600,0.0,0.0
2019-08-02 00:00:00-04:00,49.16322646839944,49.37850698227008,48.2303393750456,48.802032470703125,163448400,0.0,0.0
2019-08-05 00:00:00-04:00,47.35965283602837,47.517523540558116,46.065567840975476,46.24736022949219,209572000,0.0,0.0
2019-08-06 00:00:00-04:00,46.957790753154114,47.3787890279519,46.4148006509655,47.122840881347656,143299200,0.0,0.0
2019-08-07 00:00:00-04:00,46.742507730135785,47.735195505332065,46.36217706782614,47.610809326171875,133457600,0.0,0.0
2019-08-08 00:00:00-04:00,47.88828556685008,48.68482942826137,47.6945323451434,48.66090774536133,108038000,0.0,0.0
2019-08-09 00:00:00-04:00,48.3343596886464,48.68491980321308,47.851734087471264,48.259925842285156,98478800,0.1925,0.0
2019-08-12 00:00:00-04:00,47.93097076329877,48.51444257030938,47.81811826695935,48.13746643066406,89927600,0.0,0.0
2019-08-13 00:00:00-04:00,48.267127875565244,50.93716177711402,48.13746584722147,50.17601013183594,188874000,0.0,0.0
2019-08-14 00:00:00-04:00,48.7809758877121,49.568540066095935,48.644110791052725,48.68252944946289,146189600,0.0,0.0
2019-08-15 00:00:00-04:00,48.852997569788144,49.256382389403456,47.942974606430376,48.440006256103516,108909600,0.0,0.0
2019-08-16 00:00:00-04:00,49.04988847143179,49.74140951677776,48.944239015747925,49.58293533325195,110481600,0.0,0.0
2019-08-19 00:00:00-04:00,50.5721820740641,51.07881647496091,50.43051745097723,50.507354736328125,97654400,0.0,0.0
2019-08-20 00:00:00-04:00,50.634624409226056,51.22769905454453,50.50016279412302,50.509765625,107537200,0.0,0.0
2019-08-21 00:00:00-04:00,51.14126462439481,51.29973516626406,50.80751034118719,51.05722427368164,86141600,0.0,0.0
2019-08-22 00:00:00-04:00,51.189276167751544,51.48941498513007,50.60340461002002,51.01399612426758,89014800,0.0,0.0
2019-08-23 00:00:00-04:00,50.28646541152127,50.91555897861763,48.26233061738834,48.65611267089844,187272000,0.0,0.0
2019-08-26 00:00:00-04:00,49.429264742992345,49.74861290398016,49.23717515529538,49.580535888671875,104174400,0.0,0.0
2019-08-27 00:00:00-04:00,49.909486415436,50.075163637483826,48.869805058122104,49.02107620239258,103493200,0.0,0.0
2019-08-28 00:00:00-04:00,49.006660548328036,49.395639227523624,48.819374246211396,49.35001754760742,63755200,0.0,0.0
2019-08-29 00:00:00-04:00,50.06315640226348,50.26004923163214,49.621352927714746,50.185611724853516,83962000,0.0,0.0
2019-08-30 00:00:00-04:00,50.46173050840228,50.53136108890802,49.751000310003654,50.12077331542969,84573600,0.0,0.0
2019-09-03 00:00:00-04:00,49.56612630727239,49.69818812822895,49.03548289552534,49.390846252441406,80092000,0.0,0.0
2019-09-04 00:00:00-04:00,50.036742667870506,50.29846283883695,49.77982574387522,50.22883224487305,76752400,0.0,0.0
2019-09-05 00:00:00-04:00,50.90354224548307,51.376561303793046,50.78588651283309,51.21088409423828,95654800,0.0,0.0
2019-09-06 00:00:00-04:00,51.39577500112992,51.4846149241543,51.02600190350711,51.206085205078125,77449200,0.0,0.0
2019-09-09 00:00:00-04:00,51.58545357319783,51.96963269243375,50.68023761457171,51.42457962036133,109237600,0.0,0.0
2019-09-10 00:00:00-04:00,51.3501518092004,52.05127566981013,50.833914491991756,52.032066345214844,127111600,0.0,0.0
2019-09-11 00:00:00-04:00,52.36101772978543,53.71524388706847,52.27937718938957,53.68642807006836,177158400,0.0,0.0
2019-09-12 00:00:00-04:00,53.976971102844466,54.365949877044244,53.51115502500784,53.56637954711914,128906800,0.0,0.0
2019-09-13 00:00:00-04:00,52.8244384765625,53.01412462083623,52.10890847215429,52.52429962158203,159053200,0.0,0.0
2019-09-16 00:00:00-04:00,52.27937831072937,52.855647033642335,52.23855987155783,52.800418853759766,84632400,0.0,0.0
2019-09-17 00:00:00-04:00,52.81482810263167,53.02132375192014,52.61313203639829,52.99250793457031,73274800,0.0,0.0
2019-09-18 00:00:00-04:00,53.07895615977941,53.50875705605579,52.68997737232846,53.48954772949219,101360000,0.0,0.0
2019-09-19 00:00:00-04:00,53.3070606073627,53.72725500568296,52.913278574917605,53.05494689941406,88242400,0.0,0.0
2019-09-20 00:00:00-04:00,53.15578062057358,53.439109875358426,52.21694562055294,52.27937316894531,221652400,0.0,0.0
2019-09-23 00:00:00-04:00,52.572318178824,52.78601688512093,52.2601730542611,52.517093658447266,76662000,0.0,0.0
2019-09-24 00:00:00-04:00,53.07174949586762,53.42231327005474,52.149723866608696,52.26737594604492,124763200,0.0,0.0
2019-09-25 00:00:00-04:00,52.4762724285388,53.18459931647141,52.13771495764018,53.071746826171875,87613600,0.0,0.0
2019-09-26 00:00:00-04:00,52.824431771617654,53.05013674812319,52.543502278670516,52.79801940917969,75334000,0.0,0.0
2019-09-27 00:00:00-04:00,52.95408716657338,53.05493702755311,52.17132649489073,52.541099548339844,101408000,0.0,0.0
2019-09-30 00:00:00-04:00,53.04053289901251,53.92414352515708,53.01412053525755,53.77767562866211,103909600,0.0,0.0
2019-10-01 00:00:00-04:00,54.041788672136505,54.79813691460626,53.83288959473361,53.92653274536133,139223200,0.0,0.0
2019-10-02 00:00:00-04:00,53.55917937969037,53.68403817289297,52.32740831027184,52.57472610473633,138449200,0.0,0.0
2019-10-03 00:00:00-04:00,52.44746277412271,53.05494719260859,51.6550991210978,53.021331787109375,114426000,0.0,0.0
2019-10-04 00:00:00-04:00,54.17865555013315,54.622862444828854,53.75846122523863,54.507606506347656,138478800,0.0,0.0
2019-10-07 00:00:00-04:00,54.3299328547412,55.20873658677315,54.22668318942507,54.51961898803711,122306000,0.0,0.0
2019-10-08 00:00:00-04:00,54.22187750074084,54.75972389234403,53.86411072762326,53.880916595458984,111820000,0.0,0.0
2019-10-09 00:00:00-04:00,54.512413024902344,54.694896109411246,54.17865880193493,54.512413024902344,74770400,0.0,0.0
2019-10-10 00:00:00-04:00,54.72850967565127,55.331190753868945,54.577242206069194,55.24715042114258,113013600,0.0,0.0
2019-10-11 00:00:00-04:00,55.93387223570824,57.059993724351415,55.78020129962542,56.716636657714844,166795600,0.0,0.0
2019-10-14 00:00:00-04:00,56.402082686698684,57.17764399561088,56.34685817252537,56.63499069213867,96427600,0.0,0.0
2019-10-15 00:00:00-04:00,56.75986191418055,57.06240057658288,56.39729547769647,56.50294494628906,87360000,0.0,0.0
2019-10-16 00:00:00-04:00,56.03471879637498,56.48372898515924,55.99390035444989,56.27482986450195,73903200,0.0,0.0
2019-10-17 00:00:00-04:00,56.44769497348481,56.702212051166576,56.07072260290043,56.493316650390625,67585200,0.0,0.0
2019-10-18 00:00:00-04:00,56.32765975363138,57.04559323208137,56.255625693832314,56.76466369628906,97433600,0.0,0.0
2019-10-21 00:00:00-04:00,57.0311814328969,57.864367125177715,56.9831599524487,57.74911117553711,87247200,0.0,0.0
2019-10-22 00:00:00-04:00,57.90519037069038,58.15490428802028,57.53541724657344,57.61705780029297,82293600,0.0,0.0
2019-10-23 00:00:00-04:00,58.13089626006461,58.40462275566765,57.91959732879052,58.39021301269531,75828800,0.0,0.0
2019-10-24 00:00:00-04:00,58.70954952666312,58.77918378053314,58.06125044639696,58.48624801635742,69275200,0.0,0.0
2019-10-25 00:00:00-04:00,58.38541683972914,59.242611574535424,58.3181860238151,59.20659637451172,73477200,0.0,0.0
2019-10-28 00:00:00-04:00,59.408273742307344,59.84767739008357,59.24019674518622,59.79965591430664,96572800,0.0,0.0
2019-10-29 00:00:00-04:00,59.7804471734003,59.967733495416816,58.24373795075097,58.4166145324707,142839600,0.0,0.0
2019-10-30 00:00:00-04:00,58.769590471718864,58.8992525151432,57.91719901292371,58.409423828125,124522000,0.0,0.0
2019-10-31 00:00:00-04:00,59.36505627876599,59.828468838504534,56.968745403896456,59.73002243041992,139162000,0.0,0.0
2019-11-01 00:00:00-04:00,59.917312039179826,61.45162155934046,59.82607232816422,61.42521286010742,151125200,0.0,0.0
2019-11-04 00:00:00-05:00,61.78777973024419,61.91264217896342,61.31956753037255,61.8286018371582,103272000,0.0,0.0
2019-11-05 00:00:00-05:00,61.72055980377515,61.99428999489555,61.54528337772311,61.73977279663086,79897600,0.0,0.0
2019-11-06 00:00:00-05:00,61.65331038805769,61.826190633565766,61.31715639057186,61.76616287231445,75864400,0.0,0.0
2019-11-07 00:00:00-05:00,62.3128483676645,62.7005915790344,62.16112308276353,62.47902297973633,94940400,0.1925,0.0
2019-11-08 00:00:00-05:00,62.30080757426929,62.722263418043795,61.85767774048204,62.65001678466797,69986400,0.0,0.0
2019-11-11 00:00:00-05:00,62.20688303941407,63.211155396483534,62.202069046791834,63.14613342285156,81821200,0.0,0.0
2019-11-12 00:00:00-05:00,62.989602578419984,63.28823923680265,62.83788460192321,63.08834457397461,87388800,0.0,0.0
2019-11-13 00:00:00-05:00,62.888432430266306,63.76746735630996,62.87398310487646,63.69281005859375,102734400,0.0,0.0
2019-11-14 00:00:00-05:00,63.51942181384487,63.791563071866,63.12205059753754,63.25210189819336,89182800,0.0,0.0
2019-11-15 00:00:00-05:00,63.50255217696832,64.0083006253325,63.34119892343502,64.00348663330078,100206400,0.0,0.0
2019-11-18 00:00:00-05:00,64.01313928749168,64.40569660274649,63.635038653115814,64.32622528076172,86703200,0.0,0.0
2019-11-19 00:00:00-05:00,64.51887757210454,64.54296223689062,63.91439437873861,64.13114166259766,76167200,0.0,0.0
2019-11-20 00:00:00-05:00,63.95048922569943,64.08053312834515,62.71261003304574,63.3845329284668,106234400,0.0,0.0
2019-11-21 00:00:00-05:00,63.504983523819924,63.58205151905622,62.900492919948576,63.10038757324219,121395200,0.0,0.0
2019-11-22 00:00:00-05:00,63.240067666749475,63.382157650570974,62.81861170894366,63.04499435424805,65325200,0.0,0.0
2019-11-25 00:00:00-05:00,63.26895253287637,64.16725825293672,63.22319387946589,64.15039825439453,84020400,0.0,0.0
2019-11-26 00:00:00-05:00,64.2876744119495,64.34065772923968,63.21838008089831,63.649471282958984,105207600,0.0,0.0
2019-11-27 00:00:00-05:00,63.960142519969104,64.53814504778033,63.89512054291369,64.50442504882812,65235600,0.0,0.0
2019-11-29 00:00:00-05:00,64.20577308333193,64.54293620552941,64.03718784743079,64.36231231689453,46617600,0.0,0.0
2019-12-02 00:00:00-05:00,64.36715556270056,64.6031735303105,63.44718305749584,63.61817169189453,94487200,0.0,0.0
2019-12-03 00:00:00-05:00,62.20929283970755,62.503108076906436,61.72281500581728,62.48384475708008,114430400,0.0,0.0
2019-12-04 00:00:00-05:00,62.87398229280023,63.41344336600285,62.7800543293734,63.035335540771484,67181600,0.0,0.0
2019-12-05 00:00:00-05:00,63.52906394668115,64.03481252591874,63.273782660423635,63.960147857666016,74424400,0.0,0.0
2019-12-06 00:00:00-05:00,64.41773515061479,65.26546100190234,64.37437981221761,65.19561767578125,106075600,0.0,0.0
2019-12-09 00:00:00-05:00,65.02461888758106,65.21728148518294,63.79878528754208,64.2828598022461,128042400,0.0,0.0
2019-12-10 00:00:00-05:00,64.6874832617339,65.04150663179412,64.02759851675567,64.65858459472656,90420400,0.0,0.0
2019-12-11 00:00:00-05:00,64.73802401273718,65.28953113493121,64.6633667099047,65.21005249023438,78756800,0.0,0.0
2019-12-12 00:00:00-05:00,64.48996866624496,65.64114490385342,64.37918804536231,65.37622833251953,137310400,0.0,0.0
2019-12-13 00:00:00-05:00,65.37622984964455,66.30102352499274,65.248589228168,66.26490020751953,133587600,0.0,0.0
2019-12-16 00:00:00-05:00,66.71043995432287,67.62319496321233,66.70562596191743,67.39921569824219,128186000,0.0,0.0
2019-12-17 00:00:00-05:00,67.32937932220554,67.85920511821561,67.14393404643634,67.53167724609375,114158400,0.0,0.0
2019-12-18 00:00:00-05:00,67.38475724722979,67.89050566637485,67.22099333233885,67.37030792236328,116028400,0.0,0.0
2019-12-19 00:00:00-05:00,67.31251420192149,67.71711001890772,67.18005960040058,67.437744140625,98369200,0.0,0.0
2019-12-20 00:00:00-05:00,67.96999593464518,68.07114122602003,67.08613954782287,67.2980728149414,275978000,0.0,0.0
2019-12-23 00:00:00-05:00,67.560591164887,68.45648637288053,67.52205716835296,68.39627838134766,98572000,0.0,0.0
2019-12-24 00:00:00-05:00,68.56244109414793,68.61061041883474,68.13617123413715,68.46128845214844,48478800,0.0,0.0
2019-12-26 00:00:00-05:00,68.59376902155901,69.8364629694818,68.56487035875298,69.8196029663086,93121200,0.0,0.0
2019-12-27 00:00:00-05:00,70.11100606214161,70.7973786870116,69.38851010956454,69.79310607910156,146266000,0.0,0.0
2019-12-30 00:00:00-05:00,69.71120040665178,70.48909009721564,68.69007549241081,70.20731353759766,144114400,0.0,0.0
2019-12-31 00:00:00-05:00,69.82440364292783,70.72752343141342,69.72566166410049,70.72029876708984,100805600,0.0,0.0
2020-01-02 00:00:00-05:00,71.34406195339083,72.39409318664748,71.09119131937346,72.3338851928711,135480400,0.0,0.0
2020-01-03 00:00:00-05:00,71.56319785492231,72.3892495107853,71.40665858931894,71.63063049316406,146322800,0.0,0.0
2020-01-06 00:00:00-05:00,70.75402846338375,72.23995764322866,70.5035611498287,72.20142364501953,118387200,0.0,0.0
2020-01-07 00:00:00-05:00,72.21103349810856,72.46631471524569,71.64267376172208,71.86183166503906,108872000,0.0,0.0
2020-01-08 00:00:00-05:00,71.56560624404386,73.31886213203573,71.56560624404386,73.017822265625,132079200,0.0,0.0
2020-01-09 00:00:00-05:00,73.99320238999518,74.76145686133366,73.74274246581768,74.56879425048828,170108400,0.0,0.0
2020-01-10 00:00:00-05:00,74.8024026801614,75.30092656417412,74.23644614635045,74.73737335205078,140644800,0.0,0.0
2020-01-13 00:00:00-05:00,75.05286332420356,76.36057889021191,74.93485068528152,76.3340835571289,121532000,0.0,0.0
2020-01-14 00:00:00-05:00,76.27148630079421,76.48100893453174,75.18051779267843,75.30333709716797,161954400,0.0,0.0
2020-01-15 00:00:00-05:00,75.10344034713454,75.98247543934815,74.54952248725758,74.9806137084961,121923600,0.0,0.0
2020-01-16 00:00:00-05:00,75.52249718552835,76.03065646802948,75.16124922768141,75.91986846923828,108829200,0.0,0.0
2020-01-17 00:00:00-05:00,76.16790890123319,76.7627640392473,75.86205500785368,76.76036071777344,137816400,0.0,0.0
2020-01-21 00:00:00-05:00,76.3894803308505,76.83019952815127,76.10288974668396,76.24016571044922,110843200,0.0,0.0
2020-01-22 00:00:00-05:00,76.72424743670398,77.0638214037391,76.41839347401398,76.51232147216797,101832400,0.0,0.0
2020-01-23 00:00:00-05:00,76.56529382668359,76.96025438766408,76.01860061750638,76.88078308105469,104472000,0.0,0.0
2020-01-24 00:00:00-05:00,77.1264324079885,77.86819158420508,76.46895853504518,76.65921783447266,146537600,0.0,0.0
2020-01-27 00:00:00-05:00,74.67237218746828,75.08419286532549,73.4248641436704,74.4050521850586,161940000,0.0,0.0
2020-01-28 00:00:00-05:00,75.28406920782065,76.68089158109271,75.18532722614749,76.50990295410156,162234000,0.0,0.0
2020-01-29 00:00:00-05:00,78.13793027321145,78.95675744540253,77.39857441186852,78.11143493652344,216229200,0.0,0.0
2020-01-30 00:00:00-05:00,77.19626294921763,78.05121329496869,76.76517176985938,77.99822998046875,126743200,0.0,0.0
2020-01-31 00:00:00-05:00,77.29019858022654,77.71165450707113,74.24608645041388,74.53990173339844,199588400,0.0,0.0
2020-02-03 00:00:00-05:00,73.2851511845041,75.49839714349714,72.78422401879573,74.3351821899414,173788400,0.0,0.0
2020-02-04 00:00:00-05:00,75.9367288800473,76.97953543976107,75.53213292898627,76.78927612304688,136616400,0.0,0.0
2020-02-05 00:00:00-05:00,77.91394467954083,78.21258127557842,76.81334832632962,77.4154281616211,118826800,0.0,0.0
2020-02-06 00:00:00-05:00,77.68515330009288,78.32335641079244,77.12883215929374,78.3209457397461,105425600,0.0,0.0
2020-02-07 00:00:00-05:00,77.82124622907054,78.06989154294402,76.76631409771366,77.25636291503906,117684000,0.1925,0.0
2020-02-10 00:00:00-05:00,75.84416334192943,77.62330627441406,75.76450341427329,77.62330627441406,109348800,0.0,0.0
2020-02-11 00:00:00-05:00,78.11817322586252,78.19059132825674,76.93770658748598,77.15496826171875,94323200,0.0,0.0
2020-02-12 00:00:00-05:00,77.60399117788235,78.99206144129231,77.60399117788235,78.98723602294922,113730400,0.0,0.0
2020-02-13 00:00:00-05:00,78.26059867524006,78.75064746940821,78.05782062596876,78.42475128173828,94747600,0.0,0.0
2020-02-14 00:00:00-05:00,78.39337649475979,78.6927218682662,77.93712767417983,78.44407653808594,80113600,0.0,0.0
2020-02-18 00:00:00-05:00,76.12900862033511,77.18877358272158,75.94795598487916,77.00772094726562,152531200,0.0,0.0
2020-02-19 00:00:00-05:00,77.24912913343354,78.35234502696264,77.24912913343354,78.12300872802734,93984000,0.0,0.0
2020-02-20 00:00:00-05:00,77.88401513292217,78.37164756799683,76.81700838375629,77.32154083251953,100566000,0.0,0.0
2020-02-21 00:00:00-05:00,76.91596137087494,77.35773378298828,74.95576665511149,75.57134246826172,129554000,0.0,0.0
2020-02-24 00:00:00-05:00,71.75960997813098,73.43011814732492,69.8211400810818,71.98169708251953,222195200,0.0,0.0
2020-02-25 00:00:00-05:00,72.65037937541128,73.03179362770307,69.07277807692655,69.54351043701172,230673600,0.0,0.0
2020-02-26 00:00:00-05:00,69.16935530367469,71.90928692764982,69.16211349223191,70.64674377441406,198054800,0.0,0.0
2020-02-27 00:00:00-05:00,67.85852144500781,69.04139705399142,65.8934935311334,66.02867889404297,320605600,0.0,0.0
2020-02-28 00:00:00-05:00,62.10346116385855,67.20914325476264,61.88860853206062,65.99005126953125,426510000,0.0,0.0
2020-03-02 00:00:00-05:00,68.14338175177791,72.76867383608672,67.04258234775999,72.13378143310547,341397200,0.0,0.0
2020-03-03 00:00:00-05:00,73.30701482551375,73.38667475068135,68.99312746023453,69.8428726196289,319475600,0.0,0.0
2020-03-04 00:00:00-05:00,71.56164999828624,73.24181619852034,70.76260504877715,73.08248901367188,219178400,0.0,0.0
2020-03-05 00:00:00-05:00,71.33955724756618,72.31241302487865,70.34739243241086,70.7119140625,187572800,0.0,0.0
2020-03-06 00:00:00-05:00,68.07579869358199,70.20497969740977,67.88992061879122,69.77286529541016,226176800,0.0,0.0
2020-03-09 00:00:00-04:00,63.67018706247143,67.13191312620091,63.48913439783881,64.25438690185547,286744800,0.0,0.0
2020-03-10 00:00:00-04:00,66.90258302825225,69.14763308452109,65.0268727397902,68.88208770751953,285290000,0.0,0.0
2020-03-11 00:00:00-04:00,66.96290981260235,67.88748182990133,65.62794159632746,66.48975372314453,255598800,0.0,0.0
2020-03-12 00:00:00-04:00,61.78481034349421,65.17894285229022,59.86806602728879,59.923587799072266,418474000,0.0,0.0
2020-03-13 00:00:00-04:00,63.94539557678096,67.57369096094727,61.06303266081341,67.10295104980469,370732000,0.0,0.0
2020-03-16 00:00:00-04:00,58.40758108532822,62.542820889319664,57.93684495675963,58.4703483581543,322423600,0.0,0.0
2020-03-17 00:00:00-04:00,59.74976885901416,62.18794158675791,57.550583198416724,61.04127883911133,324056000,0.0,0.0
2020-03-18 00:00:00-04:00,57.88131450093201,60.350871115595204,57.24159305699179,59.5469970703125,300233600,0.0,0.0
2020-03-19 00:00:00-04:00,59.72081496454535,61.03646337436918,58.56690646649194,59.09075164794922,271857200,0.0,0.0
2020-03-20 00:00:00-04:00,59.67010772190427,60.79263606329375,55.03999095282429,55.339332580566406,401693200,0.0,0.0
2020-03-23 00:00:00-04:00,55.05930867623348,55.160697700443244,51.32479637531141,54.163700103759766,336752800,0.0,0.0
2020-03-24 00:00:00-04:00,57.05814327611463,59.79324594207158,56.560852552036245,59.59770965576172,287531200,0.0,0.0
2020-03-25 00:00:00-04:00,60.531937209108364,62.342463745771624,58.9748851242831,59.2693977355957,303602000,0.0,0.0
2020-03-26 00:00:00-04:00,59.51079165439952,62.446255405203736,59.472166210481355,62.38832092285156,252087200,0.0,0.0
2020-03-27 00:00:00-04:00,61.014739603264104,61.76791740598874,59.638740277699725,59.8053092956543,204216800,0.0,0.0
2020-03-30 00:00:00-04:00,60.529521124828726,61.68342967850782,60.20603760216864,61.51203155517578,167976400,0.0,0.0
2020-03-31 00:00:00-04:00,61.70273919270683,63.366005560924876,60.833685075362965,61.386497497558594,197002000,0.0,0.0
2020-04-01 00:00:00-04:00,59.50595387920076,60.04186986399155,57.726811528152915,58.15650939941406,176218400,0.0,0.0
2020-04-02 00:00:00-04:00,58.018915768998035,59.18006600388776,57.188487147319506,59.126956939697266,165934000,0.0,0.0
2020-04-03 00:00:00-04:00,58.61278391804478,59.31285275446095,57.688207859940405,58.2772331237793,129880000,0.0,0.0
2020-04-06 00:00:00-04:00,60.568135335844495,63.51566994282337,60.201204676104986,63.361175537109375,201820400,0.0,0.0
2020-04-07 00:00:00-04:00,65.3720525473446,65.58932155008534,62.523494730385906,62.627296447753906,202887200,0.0,0.0
2020-04-08 00:00:00-04:00,63.42635444288139,64.54405384793799,63.06184016051964,64.23023223876953,168895200,0.0,0.0
2020-04-09 00:00:00-04:00,64.86512738575412,65.19584902236409,63.89951332637289,64.6937255859375,161834800,0.0,0.0
2020-04-13 00:00:00-04:00,64.77098217772529,66.07215077341053,64.17229875609489,65.96351623535156,131022800,0.0,0.0
2020-04-14 00:00:00-04:00,67.59296193706734,69.58454027985593,67.12222229104349,69.29485321044922,194994800,0.0,0.0
2020-04-15 00:00:00-04:00,68.17234288135833,69.1210568119712,67.74506136385055,68.66239166259766,131154400,0.0,0.0
2020-04-16 00:00:00-04:00,69.37454631683273,69.57249897577765,68.16028687860133,69.20797729492188,157125200,0.0,0.0
2020-04-17 00:00:00-04:00,68.72516178272222,69.27073604048029,66.83496828577375,68.26890563964844,215250000,0.0,0.0
2020-04-20 00:00:00-04:00,67.09809629652644,67.9985265094596,66.83255101061553,66.85186004638672,130015200,0.0,0.0
2020-04-21 00:00:00-04:00,66.69497200558625,66.92913374203486,64.07574203406564,64.78546905517578,180991600,0.0,0.0
2020-04-22 00:00:00-04:00,66.05040482183006,67.08602784822331,65.71003238672124,66.65150451660156,116862400,0.0,0.0
2020-04-23 00:00:00-04:00,66.59598178954948,68.01543553598502,66.35457829164004,66.39320373535156,124814400,0.0,0.0
2020-04-24 00:00:00-04:00,66.91704870248016,68.31960235496462,66.86876505886688,68.30994415283203,126161200,0.0,0.0
2020-04-27 00:00:00-04:00,68.02750161594408,68.68895219864656,67.58091104598891,68.35823059082031,117087600,0.0,0.0
2020-04-28 00:00:00-04:00,68.81931364694016,69.00036629064134,67.1584635837108,67.25019073486328,112004800,0.0,0.0
2020-04-29 00:00:00-04:00,68.73482721743544,69.92736120107678,68.53204914375017,69.45903778076172,137280800,0.0,0.0
2020-04-30 00:00:00-04:00,69.99735081766806,71.10056648651737,69.60869475205328,70.9243392944336,183064000,0.0,0.0
2020-05-01 00:00:00-04:00,69.1017567929507,72.17965163700352,69.00519685948858,69.78251647949219,240616800,0.0,0.0
2020-05-04 00:00:00-04:00,69.8066465413913,70.8977876030395,69.11864515995262,70.76984405517578,133568000,0.0,0.0
2020-05-05 00:00:00-04:00,71.2285073158129,72.66244451792257,71.08366376030753,71.83201599121094,147751200,0.0,0.0
2020-05-06 00:00:00-04:00,72.53207828931902,73.2031795834636,72.14824768910796,72.5731201171875,142333600,0.0,0.0
2020-05-07 00:00:00-04:00,73.19837114485792,73.66911092684012,72.89661676334377,73.32389831542969,115215200,0.0,0.0
2020-05-08 00:00:00-04:00,73.98228898395239,75.12237513838589,73.65551062741005,75.06912231445312,133838400,0.205,0.0
2020-05-11 00:00:00-04:00,74.57774424961227,76.7441494175839,74.36957144120983,76.25035858154297,145946400,0.0,0.0
2020-05-12 00:00:00-04:00,76.93296121988755,77.38319101183461,75.25793117438776,75.37895965576172,162301200,0.0,0.0
2020-05-13 00:00:00-04:00,75.55809815483286,76.47791927324582,73.39410778103768,74.46884155273438,200622400,0.0,0.0
2020-05-14 00:00:00-04:00,73.70876906438306,74.98682954910396,72.98743664654351,74.92631530761719,158929200,0.0,0.0
2020-05-15 00:00:00-04:00,72.70181680027588,74.52934407916516,72.66792527667609,74.48335266113281,166348400,0.0,0.0
2020-05-18 00:00:00-04:00,75.80498930633232,76.61103581678174,75.11512542110488,76.23826599121094,135178400,0.0,0.0
2020-05-19 00:00:00-04:00,76.25519801175672,77.09997437404789,75.76624564907384,75.79771423339844,101729600,0.0,0.0
2020-05-20 00:00:00-04:00,76.65460086911052,77.34204178986873,76.61587086677298,77.2718505859375,111504800,0.0,0.0
2020-05-21 00:00:00-04:00,77.13387754437865,77.67366726497515,76.4585365069764,76.69575500488281,102688800,0.0,0.0
2020-05-22 00:00:00-04:00,76.43432834001963,77.27185079219365,76.33266854723075,77.1895523071289,81803200,0.0,0.0
2020-05-26 00:00:00-04:00,78.30544857938091,78.48456841631166,76.61104938291827,76.6667251586914,125522000,0.0,0.0
2020-05-27 00:00:00-04:00,76.5238797421972,77.14596042474004,75.78560168945737,77.00072479248047,112945200,0.0,0.0
2020-05-28 00:00:00-04:00,76.6763980387844,78.29092158030248,76.40045688271769,77.0346450805664,133560800,0.0,0.0
2020-05-29 00:00:00-04:00,77.2767040924692,77.736610955793,76.60378586836536,76.95960998535156,153532400,0.0,0.0
2020-06-01 00:00:00-04:00,76.91360133395523,78.02706486056282,76.78288850329889,77.90603637695312,80791200,0.0,0.0
2020-06-02 00:00:00-04:00,77.6397816394303,78.29091555107586,77.1992361328535,78.26670837402344,87642800,0.0,0.0
2020-06-03 00:00:00-04:00,78.58622664893751,78.9589964979716,78.0149682866651,78.69757080078125,104491200,0.0,0.0
2020-06-04 00:00:00-04:00,78.52088865420797,78.81861409294638,77.64705887739464,78.01982879638672,87560400,0.0,0.0
2020-06-05 00:00:00-04:00,78.26911957554665,80.30239656428226,78.24007392223491,80.24188232421875,137250400,0.0,0.0
2020-06-08 00:00:00-04:00,79.93931540745123,80.75020774515244,79.23009024878114,80.71631622314453,95654400,0.0,0.0
2020-06-09 00:00:00-04:00,80.39679094356325,83.65729064511632,80.36532236126617,83.2651596069336,147712400,0.0,0.0
2020-06-10 00:00:00-04:00,84.21161714524366,85.87454732273147,83.77349462695621,85.40737915039062,166651600,0.0,0.0
2020-06-11 00:00:00-04:00,84.55291522831224,84.97651490391192,81.20527075656385,81.30693054199219,201662400,0.0,0.0
2020-06-12 00:00:00-04:00,83.44186857843707,84.18740070270101,80.90027071068629,82.0088882446289,200146000,0.0,0.0
2020-06-15 00:00:00-04:00,80.66550679987964,83.67427396780367,80.50332533638101,83.02313995361328,138808800,0.0,0.0
2020-06-16 00:00:00-04:00,85.07336027406866,85.49454452238783,83.44189828296469,85.22343444824219,165428800,0.0,0.0
2020-06-17 00:00:00-04:00,85.96655029229349,86.02706454807957,84.98379936928724,85.10482788085938,114406400,0.0,0.0
2020-06-18 00:00:00-04:00,85.06125763268233,85.55505601805591,84.53115217198582,85.13871765136719,96820400,0.0,0.0
2020-06-19 00:00:00-04:00,85.84309961565448,86.3078449275457,83.54597361995395,84.65217590332031,264476000,0.0,0.0
2020-06-22 00:00:00-04:00,85.04429286253834,87.00979422869749,84.99830144840965,86.86698150634766,135445200,0.0,0.0
2020-06-23 00:00:00-04:00,88.10872660527849,90.13716495464834,87.68996543764521,88.72113037109375,212155600,0.0,0.0
2020-06-24 00:00:00-04:00,88.35079128217394,89.26818923809188,86.78225950639512,87.155029296875,192623200,0.0,0.0
2020-06-25 00:00:00-04:00,87.30996064055707,88.35080275936323,86.55232106785238,88.31207275390625,137522400,0.0,0.0
2020-06-26 00:00:00-04:00,88.2079995637923,88.4282723384794,85.45096655963653,85.59862518310547,205256800,0.0,0.0
2020-06-29 00:00:00-04:00,85.50662726415537,87.6657787527797,85.02977472321102,87.57137298583984,130646000,0.0,0.0
2020-06-30 00:00:00-04:00,87.1598666501381,88.58800861953088,87.1405053436716,88.30237579345703,140223200,0.0,0.0
2020-07-01 00:00:00-04:00,88.37985592496987,88.92206127344404,88.08696900587378,88.1353759765625,110737200,0.0,0.0
2020-07-02 00:00:00-04:00,89.04067423366814,89.67486242954287,88.02161627129679,88.1353759765625,114041600,0.0,0.0
2020-07-06 00:00:00-04:00,89.56106033827533,90.96014903943146,89.52959175677846,90.49298095703125,118655600,0.0,0.0
2020-07-07 00:00:00-04:00,90.87060685450933,91.64760765010688,90.10086747244101,90.21221160888672,112424400,0.0,0.0
2020-07-08 00:00:00-04:00,91.18770707353977,92.34473915860562,91.10056271828748,92.31327056884766,117092000,0.0,0.0
2020-07-09 00:00:00-04:00,93.20402645939578,93.25727928434208,91.66454778966232,92.71023559570312,125642800,0.0,0.0
2020-07-10 00:00:00-04:00,92.30602397781523,92.93053523193312,91.6960429410668,92.8724365234375,90257200,0.0,0.0
2020-07-13 00:00:00-04:00,94.17467542417103,96.77921054368312,92.2309584307968,92.4439697265625,191649200,0.0,0.0
2020-07-14 00:00:00-04:00,91.82673375082925,94.16500509879575,90.89482027358295,93.97378540039062,170989200,0.0,0.0
2020-07-15 00:00:00-04:00,95.84487913129125,96.09419752364778,93.42430934647335,94.62007141113281,153198000,0.0,0.0
2020-07-16 00:00:00-04:00,93.49451766571708,94.31024858615012,92.85790656415841,93.4557876586914,110577600,0.0,0.0
2020-07-17 00:00:00-04:00,93.90600170117715,94.06091431617955,92.79495374103925,93.2669677734375,92186800,0.0,0.0
2020-07-20 00:00:00-04:00,93.35412562962276,95.37045717183655,93.01040144233045,95.23248291015625,90318000,0.0,0.0
2020-07-21 00:00:00-04:00,96.02158177786353,96.09661884897764,93.66878769091768,93.91810607910156,103433200,0.0,0.0
2020-07-22 00:00:00-04:00,93.62037944003524,94.86213298167614,93.53324246932021,94.18195343017578,89001600,0.0,0.0
2020-07-23 00:00:00-04:00,93.91568941051719,93.99314942038049,89.08665688068213,89.89512634277344,197004400,0.0,0.0
2020-07-24 00:00:00-04:00,88.0966534330444,90.01616378626149,86.31268703007238,89.67243957519531,185438800,0.0,0.0
2020-07-27 00:00:00-04:00,90.73264959796012,91.88968182119616,90.50996128337569,91.79769897460938,121214000,0.0,0.0
2020-07-28 00:00:00-04:00,91.36923715007886,91.54594138277622,90.28481935549645,90.28966522216797,103625600,0.0,0.0
2020-07-29 00:00:00-04:00,90.77138584530584,92.20436670679456,90.73507876836658,92.02040100097656,90329200,0.0,0.0
2020-07-30 00:00:00-04:00,91.19496376791191,93.23792519284922,90.78830982976133,93.13384246826172,158130000,0.0,0.0
2020-07-31 00:00:00-04:00,99.61614157613516,103.03398529349649,97.6215868383854,102.8839111328125,374336800,0.0,0.0
2020-08-03 00:00:00-04:00,104.7622549635953,108.09053834247213,104.4645296144692,105.47632598876953,308151200,0.0,0.0
2020-08-04 00:00:00-04:00,105.6651349105181,107.26997389606046,104.94380243901392,106.18071746826172,173071600,0.0,0.0
2020-08-05 00:00:00-04:00,105.90236369757778,106.88511455690511,105.43761099297775,106.56559753417969,121776800,0.0,0.0
2020-08-06 00:00:00-04:00,106.89717999809713,110.77735228156692,106.30898343243186,110.28355407714844,202428800,0.0,0.0
2020-08-07 00:00:00-04:00,109.80586800423681,110.26175680038186,106.98082124977309,107.77619934082031,198045600,0.205,0.0
2020-08-10 00:00:00-04:00,109.21903076531765,110.35875275642206,106.69710077257369,109.34270477294922,212403600,0.0,0.0
2020-08-11 00:00:00-04:00,108.60793322925056,109.10504168444446,105.8313811445449,106.09085083007812,187902400,0.0,0.0
2020-08-12 00:00:00-04:00,107.17966637873178,109.87377217439806,106.98567459916234,109.61672973632812,165598000,0.0,0.0
2020-08-13 00:00:00-04:00,110.99408465160128,112.55817011651827,110.50667052619417,111.55667114257812,210082000,0.0,0.0
2020-08-14 00:00:00-04:00,111.38208775805406,111.54698151987802,109.65068105796512,111.45726013183594,165565200,0.0,0.0
2020-08-17 00:00:00-04:00,112.57755783182,112.60180865121056,110.54061480830164,111.16624450683594,119561600,0.0,0.0
2020-08-18 00:00:00-04:00,110.91892299463439,112.51695384329368,110.58428087027461,112.09259033203125,105633600,0.0,0.0
2020-08-19 00:00:00-04:00,112.49995954797271,113.64452867430332,112.13864675565405,112.23321533203125,145538000,0.0,0.0
2020-08-20 00:00:00-04:00,112.27444791147464,114.83760501028006,112.25747159683876,114.7236328125,126907200,0.0,0.0
2020-08-21 00:00:00-04:00,115.68148892938783,121.11819493819868,115.66936721789659,120.63563537597656,338054800,0.0,0.0
2020-08-24 00:00:00-04:00,124.83318239328597,124.91806397068724,120.2161130032418,122.07846069335938,345937600,0.0,0.0
2020-08-25 00:00:00-04:00,120.95327585147248,121.42128630177416,119.35766525675145,121.07694244384766,211495600,0.0,0.0
2020-08-26 00:00:00-04:00,122.39128067814039,123.17938430241111,121.32673099966804,122.72349548339844,163022400,0.0,0.0
2020-08-27 00:00:00-04:00,123.32486169573068,123.657076446734,120.11424426928406,121.25639343261719,155552400,0.0,0.0
2020-08-28 00:00:00-04:00,122.22881026536905,122.64589926041506,120.83690034715939,121.05999755859375,187630000,0.0,0.0
2020-08-31 00:00:00-04:00,123.74923681098468,127.06654483126823,122.21667670793738,125.16539001464844,225702700,0.0,4.0
2020-09-01 00:00:00-04:00,128.7737011544299,130.75245576113278,126.61066398001222,130.15106201171875,151948100,0.0,0.0
2020-09-02 00:00:00-04:00,133.45866793446768,133.83695705739137,123.18665076532004,127.45452880859375,200119000,0.0,0.0
2020-09-03 00:00:00-04:00,123.09936731503697,124.97140947448622,116.88183227033254,117.25041961669922,257599600,0.0,0.0
2020-09-04 00:00:00-04:00,116.46473461185484,119.98573625952378,107.56037630423063,117.32801055908203,332607200,0.0,0.0
2020-09-08 00:00:00-04:00,110.52849400857393,115.41716207276087,109.29663073421304,109.43242645263672,231366600,0.0,0.0
2020-09-09 00:00:00-04:00,113.7391061983007,115.56265389882519,111.79915900187885,113.79730224609375,176940500,0.0,0.0
2020-09-10 00:00:00-04:00,116.74601936225844,116.88181506989982,109.12202651754133,110.0822982788086,182274400,0.0,0.0
2020-09-11 00:00:00-04:00,111.12987875287997,111.77006490232608,106.69709954942977,108.63704681396484,180860300,0.0,0.0
2020-09-14 00:00:00-04:00,111.27536620520715,112.4490333059739,109.41301877590674,111.89614868164062,140150100,0.0,0.0
2020-09-15 00:00:00-04:00,114.77699015613865,115.26197700807842,110.19871308977739,112.07076263427734,184642000,0.0,0.0
2020-09-16 00:00:00-04:00,111.77007759799923,112.51695412354394,108.67585899150183,108.76315307617188,154679000,0.0,0.0
2020-09-17 00:00:00-04:00,106.42552224944927,108.83105303274593,105.44584667867372,107.02690124511719,178011000,0.0,0.0
2020-09-18 00:00:00-04:00,107.08506846077829,107.55065156434694,102.90447793321525,103.6319580078125,287104900,0.0,0.0
2020-09-21 00:00:00-04:00,101.40107066525347,106.88142458688178,100.00430590496654,106.77472686767578,195713800,0.0,0.0
2020-09-22 00:00:00-04:00,109.29663089711133,109.47122644967507,105.8823269140235,108.45275115966797,183055400,0.0,0.0
2020-09-23 00:00:00-04:00,108.26845317272523,108.74373815268274,103.56407541081022,103.90357208251953,150718700,0.0,0.0
2020-09-24 00:00:00-04:00,102.01212791770884,106.93959588038079,101.84723417179123,104.97055053710938,167743300,0.0,0.0
2020-09-25 00:00:00-04:00,105.17423363698332,109.06382969318265,104.43705165768294,108.90863037109375,149981400,0.0,0.0
2020-09-28 00:00:00-04:00,111.55667272467461,111.85736219121794,109.39362820642745,111.50817108154297,137672400,0.0,0.0
2020-09-29 00:00:00-04:00,111.11049343812664,111.84766814275456,110.1599159291002,110.66429901123047,99382200,0.0,0.0
2020-09-30 00:00:00-04:00,110.37329066576835,113.73910005377913,110.20839693905525,112.33263397216797,142675200,0.0,0.0
2020-10-01 00:00:00-04:00,114.1077098390407,114.18530951408272,112.35205974301084,113.28323364257812,116120400,0.0,0.0
2020-10-02 00:00:00-04:00,109.50032515653433,111.90586307346008,108.85044458473479,109.62641906738281,144712000,0.0,0.0
2020-10-05 00:00:00-04:00,110.48968711564349,113.14741248595817,110.14049605673375,113.00191497802734,106243800,0.0,0.0
2020-10-06 00:00:00-04:00,112.22594886007512,112.63334341918222,108.87954271233731,109.76222229003906,161498200,0.0,0.0
2020-10-07 00:00:00-04:00,111.1783781507114,112.08045390652613,110.70308575226879,111.62456512451172,96849000,0.0,0.0
2020-10-08 00:00:00-04:00,112.75945623194846,112.90495378456839,111.14929614349687,111.51789093017578,83477200,0.0,0.0
2020-10-09 00:00:00-04:00,111.81855926916633,113.48691510258755,111.46936816913343,113.45781707763672,100506900,0.0,0.0
2020-10-12 00:00:00-04:00,116.45502931013961,121.42129686008033,115.69845107798898,120.66471862792969,240226800,0.0,0.0
2020-10-13 00:00:00-04:00,121.50859444916024,121.62499394990238,116.05734733652297,117.46380615234375,262330500,0.0,0.0
2020-10-14 00:00:00-04:00,117.36680433445795,119.33584953717633,116.02824344500344,117.55110168457031,150712000,0.0,0.0
2020-10-15 00:00:00-04:00,115.15527990408137,117.56081055796655,114.60239518602361,117.08552551269531,112559200,0.0,0.0
2020-10-16 00:00:00-04:00,117.63840102761567,117.90029805270329,115.24256497002679,115.44625854492188,115393800,0.0,0.0
2020-10-19 00:00:00-04:00,116.35803418573154,116.80422116143153,112.18715207359088,112.49754333496094,120639300,0.0,0.0
2020-10-20 00:00:00-04:00,112.71092747344602,115.40746025257594,112.15804282671203,113.98159790039062,124423700,0.0,0.0
2020-10-21 00:00:00-04:00,113.16682541230045,115.14557257156684,112.9534300225298,113.36082458496094,89946000,0.0,0.0
2020-10-22 00:00:00-04:00,113.92338900408984,114.49567723930029,111.14926409518415,112.2744369506836,101988000,0.0,0.0
2020-10-23 00:00:00-04:00,112.89522488264528,113.05042420827988,110.84858002778377,111.58576202392578,82572600,0.0,0.0
2020-10-26 00:00:00-04:00,110.58667805207448,113.0504115687335,109.49060328818192,111.59545135498047,111850700,0.0,0.0
2020-10-27 00:00:00-04:00,112.02225897491293,113.75851276167866,111.10078693291935,113.09893035888672,92276800,0.0,0.0
2020-10-28 00:00:00-04:00,111.59548115439539,111.96406850952522,107.76408046155812,107.86107635498047,143937800,0.0,0.0
2020-10-29 00:00:00-04:00,108.99593410290058,113.41901126991604,108.83103296967955,111.85735321044922,146129200,0.0,0.0
2020-10-30 00:00:00-04:00,107.72527053869118,108.6273463236584,104.48556211975591,105.5913314819336,190272600,0.0,0.0
2020-11-02 00:00:00-05:00,105.83380024244883,107.35665821287549,104.0975469359875,105.5040054321289,122866900,0.0,0.0
2020-11-03 00:00:00-05:00,106.36733819103772,108.1423847498122,105.46526219546139,107.12391662597656,107624400,0.0,0.0
2020-11-04 00:00:00-05:00,110.71279021468385,112.11924902667879,108.97653651830575,111.49846649169922,138235500,0.0,0.0
2020-11-05 00:00:00-05:00,114.40838224963099,116.02824377297978,113.3608163942021,115.4559555053711,126387100,0.0,0.0
2020-11-06 00:00:00-05:00,114.96529408792372,115.82034093796346,112.83738439067113,115.3248062133789,114457900,0.205,0.0
2020-11-09 00:00:00-05:00,117.08347300114552,118.53122507296646,112.7596464655049,113.02198791503906,154515300,0.0,0.0
2020-11-10 00:00:00-05:00,112.27381767890381,114.25597110360664,110.89407325748324,112.6819076538086,138023400,0.0,0.0
2020-11-11 00:00:00-05:00,113.86733537997074,116.2381494579348,113.1385999950758,116.10211944580078,112295000,0.0,0.0
2020-11-12 00:00:00-05:00,116.22842646880996,117.1126214574974,115.20819406878398,115.83004760742188,103162300,0.0,0.0
2020-11-13 00:00:00-05:00,116.05351307902214,116.27698772427065,114.52802767720522,115.87861633300781,81581900,0.0,0.0
2020-11-16 00:00:00-05:00,115.54825966136949,117.55956865833653,114.80009473182567,116.8891372680664,91183000,0.0,0.0
2020-11-17 00:00:00-05:00,116.16041857776305,117.24865863043144,115.58714291023577,116.00495147705078,74271000,0.0,0.0
2020-11-18 00:00:00-05:00,115.24704394181461,116.42273584755772,114.65433871642078,114.68348693847656,76322100,0.0,0.0
2020-11-19 00:00:00-05:00,114.25598971249795,115.68431227037438,113.49810608907285,115.2762222290039,74113000,0.0,0.0
2020-11-20 00:00:00-05:00,115.27621337018954,115.40252482669361,113.96449124482857,114.01306915283203,73604300,0.0,0.0
2020-11-23 00:00:00-05:00,113.85761126601786,114.28513837643995,110.52486130551306,110.62202453613281,127959300,0.0,0.0
2020-11-24 00:00:00-05:00,110.68031687022992,112.56530706965945,109.39773567263003,111.90458679199219,113874200,0.0,0.0
2020-11-25 00:00:00-05:00,112.27382503154757,113.43979858279869,111.90459439029078,112.7402114868164,76499200,0.0,0.0
2020-11-27 00:00:00-05:00,113.26491022315516,114.15882383972767,112.92483519653295,113.28433990478516,46691300,0.0,0.0
2020-11-30 00:00:00-05:00,113.65356330256418,117.54015173092947,113.49809620715159,115.67459106445312,169410200,0.0,0.0
2020-12-01 00:00:00-05:00,117.57901628913943,119.96926723797301,116.60736920035771,119.24053192138672,127728200,0.0,0.0
2020-12-02 00:00:00-05:00,118.56037345602128,119.87210294466338,117.4624149241799,119.59032440185547,89004200,0.0,0.0
2020-12-03 00:00:00-05:00,120.01784962535093,120.27047995352808,118.74499426371094,119.45429992675781,78967600,0.0,0.0
2020-12-04 00:00:00-05:00,119.12394956144712,119.37657991827966,118.07456876821664,118.78387451171875,78260400,0.0,0.0
2020-12-07 00:00:00-05:00,118.84216630124308,121.03809104227989,118.78386984160453,120.24134063720703,86712000,0.0,0.0
2020-12-08 00:00:00-05:00,120.84373582820557,121.43644107050238,119.6000214847598,120.85344696044922,82225500,0.0,0.0
2020-12-09 00:00:00-05:00,120.99920059491815,122.37893756571138,117.56928784632052,118.3271713256836,115089200,0.0,0.0
2020-12-10 00:00:00-05:00,117.0834850101648,120.35793867044406,116.74340998030307,119.74579620361328,81312200,0.0,0.0
2020-12-11 00:00:00-05:00,118.95873784398792,119.27938312055916,117.13204422429256,118.9393081665039,86939800,0.0,0.0
2020-12-14 00:00:00-05:00,119.12392157489586,119.85265683014165,118.09397811966689,118.3271713256836,79184500,0.0,0.0
2020-12-15 00:00:00-05:00,120.81457285609459,124.27364088584986,120.6105278951973,124.25420379638672,157243700,0.0,0.0
2020-12-16 00:00:00-05:00,123.79755773169585,124.73033062366706,122.9716517851633,124.18621063232422,98208600,0.0,0.0
2020-12-17 00:00:00-05:00,125.245321352785,125.90604917528667,124.40970414636703,125.05099487304688,94359800,0.0,0.0
2020-12-18 00:00:00-05:00,125.3036238225863,125.43965383144652,122.54414204339464,123.06883239746094,192541500,0.0,0.0
2020-12-21 00:00:00-05:00,121.47531311924551,124.67203286094654,119.94982751976666,124.59429931640625,121251600,0.0,0.0
2020-12-22 00:00:00-05:00,127.87847449783371,130.59908932336018,125.97403967211778,128.1408233642578,168904800,0.0,0.0
2020-12-23 00:00:00-05:00,128.4128836440795,128.67521768491736,127.07200590849821,127.24691009521484,88223700,0.0,0.0
2020-12-24 00:00:00-05:00,127.59669160383469,129.67601559807733,127.38292807699283,128.22825622558594,54930100,0.0,0.0
2020-12-28 00:00:00-05:00,130.19094891974845,133.4459565252946,129.72454782086086,132.81439208984375,124486200,0.0,0.0
2020-12-29 00:00:00-05:00,134.1358655444837,134.85487480481046,130.53104880605997,131.0460205078125,121047300,0.0,0.0
2020-12-30 00:00:00-05:00,131.7359140805847,132.13429294527648,129.61771571736733,129.92864990234375,96452100,0.0,0.0
2020-12-31 00:00:00-05:00,130.27839906928602,130.919689487732,127.9853121277558,128.9278106689453,99116600,0.0,0.0
2021-01-04 00:00:00-05:00,129.7343224533574,129.82176713240116,123.16598610776015,125.74085235595703,143301900,0.0,0.0
2021-01-05 00:00:00-05:00,125.23553921066168,128.00473816184208,124.78857521714406,127.29542541503906,97664900,0.0,0.0
2021-01-06 00:00:00-05:00,124.09875295807365,127.33433916722099,122.79674215546176,123.01050567626953,155088000,0.0,0.0
2021-01-07 00:00:00-05:00,124.72058669046162,127.89787595037421,124.2347632793623,127.20800018310547,109578200,0.0,0.0
2021-01-08 00:00:00-05:00,128.67521556411702,128.86955684085643,126.53759495540402,128.30599975585938,105158200,0.0,0.0
2021-01-11 00:00:00-05:00,125.527126813187,126.47933708985273,124.8566877519052,125.32307434082031,100384500,0.0,0.0
2021-01-12 00:00:00-05:00,124.85664288048969,126.0129052139805,123.26314235039197,125.14813995361328,91951100,0.0,0.0
2021-01-13 00:00:00-05:00,125.10927337732423,127.72300640920702,124.84693933910279,127.17888641357422,88636800,0.0,0.0
2021-01-14 00:00:00-05:00,127.09144014639318,127.28576659581172,125.10927181431389,125.2550277709961,90221800,0.0,0.0
2021-01-15 00:00:00-05:00,125.12871028033413,126.52788445335536,123.39917965706009,123.53520965576172,111598500,0.0,0.0
2021-01-19 00:00:00-05:00,124.15705738304294,125.06069683837403,123.340877429049,124.20564270019531,90757300,0.0,0.0
2021-01-20 00:00:00-05:00,125.0121142129877,128.73352422939956,124.90523244341398,128.28656005859375,104319500,0.0,0.0
2021-01-21 00:00:00-05:00,130.00635537983658,135.70991781539036,129.80230301173157,132.9893035888672,120150900,0.0,0.0
2021-01-22 00:00:00-05:00,132.4160646907934,135.88485193048166,131.19179469063414,135.12696838378906,114459400,0.0,0.0
2021-01-25 00:00:00-05:00,139.01355380816258,140.97627022018892,132.6686847833474,138.8677978515625,157611700,0.0,0.0
2021-01-26 00:00:00-05:00,139.52852500725305,140.20867499016745,137.36174136904043,139.1009979248047,98390600,0.0,0.0
2021-01-27 00:00:00-05:00,139.3633171255217,140.208660067174,136.42895396495652,138.03216552734375,140843800,0.0,0.0
2021-01-28 00:00:00-05:00,135.564189064389,137.96415826033868,132.8241374993332,133.2030792236328,142621100,0.0,0.0
2021-01-29 00:00:00-05:00,131.9788209864335,132.86302336292994,126.51816929301403,128.2185516357422,177523800,0.0,0.0
2021-02-01 00:00:00-05:00,129.95777399701672,131.54156320206033,127.2177225988055,130.3367156982422,106239800,0.0,0.0
2021-02-02 00:00:00-05:00,131.8816527763116,132.4452098565485,130.79341280132044,131.1626434326172,83305400,0.0,0.0
2021-02-03 00:00:00-05:00,131.9108002272906,131.92052618668296,129.82176496768204,130.1424102783203,89880900,0.0,0.0
2021-02-04 00:00:00-05:00,132.43549143917588,133.5042942626405,130.7739685158837,133.4945831298828,84183100,0.0,0.0
2021-02-05 00:00:00-05:00,133.65514858435046,133.72325779067754,132.20522578325316,133.0810089111328,75693800,0.205,0.0
2021-02-08 00:00:00-05:00,132.37067302189544,133.27566293088242,131.29053239728702,133.2270050048828,71297200,0.0,0.0
2021-02-09 00:00:00-05:00,132.94477197557092,134.1708861386868,132.19549648512387,132.35118103027344,76774200,0.0,0.0
2021-02-10 00:00:00-05:00,132.80853804149436,133.3048279995829,130.7844904817518,131.74786376953125,73046600,0.0,0.0
2021-02-11 00:00:00-05:00,132.24413324277845,132.72095704438246,130.17144270344224,131.49485778808594,64280000,0.0,0.0
2021-02-12 00:00:00-05:00,130.73585850968206,131.88410821935858,130.0936095966532,131.72840881347656,60145100,0.0,0.0
2021-02-16 00:00:00-05:00,131.8452173347529,132.35121823326722,129.21783758857316,129.60708618164062,80576300,0.0,0.0
2021-02-17 00:00:00-05:00,127.71922556162117,128.66313264506522,125.98711077615506,127.32025146484375,97918500,0.0,0.0
2021-02-18 00:00:00-05:00,125.7243978338029,126.50288006540657,123.98255701846796,126.22068786621094,96856700,0.0,0.0
2021-02-19 00:00:00-05:00,126.73642239782728,127.19378012757379,125.33515742569439,126.3763656616211,87668800,0.0,0.0
2021-02-22 00:00:00-05:00,124.56642052486617,126.23042665376691,122.22125536466936,122.6104965209961,103916400,0.0,0.0
2021-02-23 00:00:00-05:00,120.43076671673298,123.30140656932251,115.20522100827414,122.47427368164062,158273000,0.0,0.0
2021-02-24 00:00:00-05:00,121.57899955251936,122.1823162213377,118.94190197736167,121.97796630859375,111039900,0.0,0.0
2021-02-25 00:00:00-05:00,121.32597453863157,123.05808944115938,117.29734557401017,117.73523712158203,148199500,0.0,0.0
2021-02-26 00:00:00-05:00,119.29220185674814,121.49140765726709,117.93959485190196,117.99798583984375,164560400,0.0,0.0
2021-03-01 00:00:00-05:00,120.42100448300808,124.48855870917815,119.48683030882653,124.35232543945312,116307900,0.0,0.0
2021-03-02 00:00:00-05:00,124.95565484356455,125.25731317881322,121.6471165286429,121.75415802001953,102260900,0.0,0.0
2021-03-03 00:00:00-05:00,121.45248092660913,122.32827149061751,118.56237577745944,118.77645874023438,112966300,0.0,0.0
2021-03-04 00:00:00-05:00,118.47478400264606,120.27501537535014,115.4289873001609,116.89836120605469,178155000,0.0,0.0
2021-03-05 00:00:00-05:00,117.7255127803743,118.65968686991202,114.40724183835442,118.15367126464844,153766600,0.0,0.0
2021-03-08 00:00:00-05:00,117.67686731260757,117.74498394850409,113.08383865170997,113.22980499267578,154376600,0.0,0.0
2021-03-09 00:00:00-05:00,115.82797605727136,118.77646492277744,115.5944343694315,117.83255767822266,129525800,0.0,0.0
2021-03-10 00:00:00-05:00,118.41642461584055,118.88350799775948,116.23667741969722,116.75242614746094,111943300,0.0,0.0
2021-03-11 00:00:00-05:00,119.24355264557505,119.89552719538874,117.99798711036199,118.67915344238281,103026500,0.0,0.0
2021-03-12 00:00:00-05:00,117.16111263936789,117.9103955487277,115.95447204511132,117.77416229248047,88105100,0.0,0.0
2021-03-15 00:00:00-04:00,118.14396621912681,120.66428934425417,117.18059275719496,120.65455627441406,92403800,0.0,0.0
2021-03-16 00:00:00-04:00,122.31854732264155,123.79766203262986,121.36491441345117,122.19204711914062,115227900,0.0,0.0
2021-03-17 00:00:00-04:00,120.71292450730932,122.47423118424491,119.04891881379946,121.40382385253906,111932600,0.0,0.0
2021-03-18 00:00:00-04:00,119.57440169521924,119.86633436304555,117.08327064661763,117.2876205444336,121229700,0.0,0.0
2021-03-19 00:00:00-04:00,116.67457065039011,118.16341092060107,116.4604876842397,116.76214599609375,185549500,0.0,0.0
2021-03-22 00:00:00-04:00,117.09300574322106,120.53777713211232,117.02488910943605,120.07068634033203,111912300,0.0,0.0
2021-03-23 00:00:00-04:00,120.01230226774646,120.89781850320577,118.85431207414345,119.2435531616211,95467100,0.0,0.0
2021-03-24 00:00:00-04:00,119.51603814694975,119.59388786129526,116.84001546562122,116.8594741821289,88530500,0.0,0.0
2021-03-25 00:00:00-04:00,116.32425877519718,118.38723138862223,115.79878440882977,117.34600830078125,98844700,0.0,0.0
2021-03-26 00:00:00-04:00,117.11247500179746,118.21208173439534,115.72094299418823,117.9493408203125,94071200,0.0,0.0
2021-03-29 00:00:00-04:00,118.37751959042377,119.2825021466437,117.48227010500301,118.12451171875,80819200,0.0,0.0
2021-03-30 00:00:00-04:00,116.87891806940085,117.16111766205535,115.66254435493632,116.67456817626953,85671900,0.0,0.0
2021-03-31 00:00:00-04:00,118.3774946900482,120.19718506636265,117.89094519064328,118.86404418945312,118323800,0.0,0.0
2021-04-01 00:00:00-04:00,120.33342627373456,120.83943448866229,119.19489479787379,119.69117736816406,75089100,0.0,0.0
2021-04-05 00:00:00-04:00,120.53779352124103,122.76619144970482,119.75931123714496,122.51318359375,88651200,0.0,0.0
2021-04-06 00:00:00-04:00,123.09704186712644,123.71009165590245,122.26990907854241,122.8148422241211,80171300,0.0,0.0
2021-04-07 00:00:00-04:00,122.4450511751175,124.47882455845117,121.7736104771957,124.45936584472656,83466700,0.0,0.0
2021-04-08 00:00:00-04:00,125.4811068462127,126.88237171232534,125.06268142419076,126.85317993164062,88844600,0.0,0.0
2021-04-09 00:00:00-04:00,126.3082511367721,129.4610823431084,125.987126690143,129.4221649169922,106686700,0.0,0.0
2021-04-12 00:00:00-04:00,128.95509937555343,129.2762238665418,127.11594263503031,127.70953369140625,91420000,0.0,0.0
2021-04-13 00:00:00-04:00,128.87723269707828,131.0375136441806,128.38094270892825,130.81369018554688,91266500,0.0,0.0
2021-04-14 00:00:00-04:00,131.3099778007929,131.36836136344672,128.11821435701262,128.47825622558594,87222800,0.0,0.0
2021-04-15 00:00:00-04:00,130.220150823009,131.36840082898902,130.04498523411246,130.88185119628906,89347100,0.0,0.0
2021-04-16 00:00:00-04:00,130.68721289515452,131.04725481288563,129.69464764958488,130.5509796142578,84922400,0.0,0.0
2021-04-19 00:00:00-04:00,129.91845343765638,131.82573417670255,129.75302837507442,131.21267700195312,94264200,0.0,0.0
2021-04-20 00:00:00-04:00,131.38782793049364,131.88410306298763,128.26417368348118,129.52920532226562,94812300,0.0,0.0
2021-04-21 00:00:00-04:00,128.7993896114448,130.15199668398512,127.76790700410929,129.90872192382812,68847100,0.0,0.0
2021-04-22 00:00:00-04:00,129.46108603950333,130.54122653689166,127.8749447465964,128.39068603515625,84566500,0.0,0.0
2021-04-23 00:00:00-04:00,128.6047976585629,131.48516306112936,128.6047976585629,130.70669555664062,78657500,0.0,0.0
2021-04-26 00:00:00-04:00,131.20294297565732,131.426751593288,129.9671030596472,131.0959014892578,66905100,0.0,0.0
2021-04-27 00:00:00-04:00,131.37812758921328,131.76737620766062,130.50234418226077,130.77481079101562,66015800,0.0,0.0
2021-04-28 00:00:00-04:00,130.69691506905932,131.38782184344353,129.50000754125335,129.98655700683594,107760100,0.0,0.0
2021-04-29 00:00:00-04:00,132.79886989631544,133.3827354474625,128.88700633959272,129.88929748535156,151101000,0.0,0.0
2021-04-30 00:00:00-04:00,128.23494495775918,129.9670594485955,127.54405319872295,127.9235610961914,109839500,0.0,0.0
2021-05-03 00:00:00-04:00,128.48796838679135,130.4633727552625,128.283625938946,128.97451782226562,75135100,0.0,0.0
2021-05-04 00:00:00-04:00,127.66089139921877,127.95282414025972,123.29167047553808,124.41073608398438,137564700,0.0,0.0
2021-05-05 00:00:00-04:00,125.72439941828402,126.94077328039651,124.52749169549318,124.65399932861328,84000900,0.0,0.0
2021-05-06 00:00:00-04:00,124.44963120105919,126.25959594495404,123.71007387822482,126.24987030029297,78128300,0.0,0.0
2021-05-07 00:00:00-04:00,127.54630313860244,127.9459401484153,126.21088280565189,126.9224624633789,78973300,0.22,0.0
2021-05-10 00:00:00-04:00,126.14263220253412,126.26933982071908,123.60827160938823,123.64726257324219,88071200,0.0,0.0
2021-05-11 00:00:00-04:00,120.38183991469329,123.08189896287028,119.67026787217047,122.73099517822266,126142800,0.0,0.0
2021-05-12 00:00:00-04:00,120.28438654552215,121.4930768252382,119.16342036759427,119.6702880859375,112172300,0.0,0.0
2021-05-13 00:00:00-04:00,121.43461322233485,122.96497365657781,121.12269286111233,121.81476593017578,105861300,0.0,0.0
2021-05-14 00:00:00-04:00,123.06243260302256,124.66102519199373,122.67253033910511,124.23213195800781,81918000,0.0,0.0
2021-05-17 00:00:00-04:00,123.61804864388507,123.72527195908786,122.00970635261075,123.0819320678711,74244600,0.0,0.0
2021-05-18 00:00:00-04:00,123.36460169987382,123.78374532662899,121.62954445690447,121.6977767944336,63342900,0.0,0.0
2021-05-19 00:00:00-04:00,120.05045503106065,121.76601312715728,119.75802646818856,121.54182434082031,92612000,0.0,0.0
2021-05-20 00:00:00-04:00,122.06818662946591,124.49531683623646,121.94146411990351,124.09566497802734,76857100,0.0,0.0
2021-05-21 00:00:00-04:00,124.59278661639331,124.76824225453443,122.04868358173061,122.26313018798828,79295400,0.0,0.0
2021-05-24 00:00:00-04:00,122.82848472896345,124.70975612799803,122.76025239580743,123.89096069335938,63092900,0.0,0.0
2021-05-25 00:00:00-04:00,124.59279971373591,125.08018314804377,123.13067172111496,123.69602966308594,72009500,0.0,0.0
2021-05-26 00:00:00-04:00,123.7544858646491,124.17362943012175,123.22811900776954,123.64726257324219,56575900,0.0,0.0
2021-05-27 00:00:00-04:00,123.24764397847942,124.41734339161216,121.92198067731965,122.11692810058594,94625600,0.0,0.0
2021-05-28 00:00:00-04:00,122.39959761550023,122.62379382802953,121.4053539348129,121.46383666992188,71311100,0.0,0.0
2021-06-01 00:00:00-04:00,121.92196296159237,122.1851426884376,120.81074644955004,121.14215850830078,67637100,0.0,0.0
2021-06-02 00:00:00-04:00,121.14216813753484,122.07792909380578,120.91797935921073,121.90247344970703,59278900,0.0,0.0
2021-06-03 00:00:00-04:00,121.53209235043185,121.69779842291418,120.02122361792783,120.4208755493164,76229200,0.0,0.0
2021-06-04 00:00:00-04:00,120.93746915555829,122.97470451422886,120.72302254551224,122.71151733398438,75169300,0.0,0.0
2021-06-07 00:00:00-04:00,122.98446273682511,123.13067702974456,121.6782985767518,122.72128295898438,71057600,0.0,0.0
2021-06-08 00:00:00-04:00,123.4035896495703,125.21663622404847,123.02343700167279,123.54005432128906,74403800,0.0,0.0
2021-06-09 00:00:00-04:00,123.99818609803275,124.52455300706954,123.32560491924683,123.92020416259766,56877900,0.0,0.0
2021-06-10 00:00:00-04:00,123.81297704481983,124.95344236430199,122.7602506959565,122.92595672607422,71186400,0.0,0.0
2021-06-11 00:00:00-04:00,123.33537009563992,124.22239799050632,122.91622643570359,124.1346664428711,53522400,0.0,0.0
2021-06-14 00:00:00-04:00,124.59280941543645,127.24412880162201,123.86174536220003,127.1856460571289,96906500,0.0,0.0
2021-06-15 00:00:00-04:00,126.65927274152149,127.30261260822043,126.12315618593904,126.3668441772461,62746300,0.0,0.0
2021-06-16 00:00:00-04:00,127.07841452715692,127.58528973592168,125.21664949570912,126.86396789550781,91815000,0.0,0.0
2021-06-17 00:00:00-04:00,126.52280804022224,129.20337594415264,126.37658632134162,128.46255493164062,96721700,0.0,0.0
2021-06-18 00:00:00-04:00,127.40982566701065,128.18961527761795,126.95169109033546,127.1661376953125,108953300,0.0,0.0
2021-06-21 00:00:00-04:00,127.01021243070467,129.0669401319559,125.94773612079095,128.959716796875,79663300,0.0,0.0
2021-06-22 00:00:00-04:00,128.79396232556323,130.6947253937975,128.29682937988724,130.5972442626953,74783600,0.0,0.0
2021-06-23 00:00:00-04:00,130.3925806003398,130.92869718078555,129.86620618552573,130.3243408203125,60214200,0.0,0.0
2021-06-24 00:00:00-04:00,131.05536118547494,131.240566385548,129.57373445842103,130.0416259765625,68711000,0.0,0.0
2021-06-25 00:00:00-04:00,130.09040620403312,130.50954241745376,129.4568084909208,129.74923706054688,70783700,0.0,0.0
2021-06-28 00:00:00-04:00,130.04168479997963,131.83522514355917,129.98320205214029,131.37709045410156,62111300,0.0,0.0
2021-06-29 00:00:00-04:00,131.39653993588485,133.043872786454,130.95790461954863,132.88790893554688,64556100,0.0,0.0
2021-06-30 00:00:00-04:00,132.73196707347742,133.9406648079474,132.43953852296474,133.5020294189453,63261400,0.0,0.0
2021-07-01 00:00:00-04:00,133.15111722207564,133.86268195374564,132.3323143115352,133.80419921875,52485800,0.0,0.0
2021-07-02 00:00:00-04:00,134.41826831389758,136.46525305919846,134.27206149217562,136.42626953125,78852600,0.0,0.0
2021-07-06 00:00:00-04:00,136.53350195950557,139.53572463895688,136.53350195950557,138.43426513671875,108181800,0.0,0.0
2021-07-07 00:00:00-04:00,139.91586805219615,141.231788943126,139.05809657469072,140.9198760986328,104911600,0.0,0.0
2021-07-08 00:00:00-04:00,138.0053823208354,140.42276298269945,137.11835448019005,139.62347412109375,105575500,0.0,0.0
2021-07-09 00:00:00-04:00,139.1458282969305,141.97260274724476,139.04834716131978,141.4462432861328,99890800,0.0,0.0
2021-07-12 00:00:00-04:00,142.51848639937432,142.62570970674338,140.364278087154,140.85165405273438,76299700,0.0,0.0
2021-07-13 00:00:00-04:00,140.3934939298509,143.7369001800956,140.00359917768813,141.9628448486328,100827100,0.0,0.0
2021-07-14 00:00:00-04:00,144.3607540301203,145.79364043052715,143.95134516697595,145.3842315673828,127050800,0.0,0.0
2021-07-15 00:00:00-04:00,145.47202235618528,146.2128286669575,143.37629622116938,144.731201171875,106820300,0.0,0.0
2021-07-16 00:00:00-04:00,144.7116829108476,145.97884856339024,142.1968210625346,142.69393920898438,93251400,0.0,0.0
2021-07-19 00:00:00-04:00,140.12055849525734,140.43248618215895,138.09307315098926,138.85337829589844,121434600,0.0,0.0
2021-07-20 00:00:00-04:00,139.83790622702588,143.3860023478585,139.35053030452949,142.45997619628906,96350000,0.0,0.0
2021-07-21 00:00:00-04:00,141.8556653977963,142.4405225803077,140.97839449756518,141.72894287109375,74993500,0.0,0.0
2021-07-22 00:00:00-04:00,142.2553100922622,144.4582442706814,142.12858757198936,143.09359741210938,77338200,0.0,0.0
2021-07-23 00:00:00-04:00,143.8246641352954,144.96512221870486,143.21056560056124,144.8091583251953,71447400,0.0,0.0
2021-07-26 00:00:00-04:00,144.5264642055409,146.04707474588002,143.97084849928373,145.22828674316406,72434100,0.0,0.0
2021-07-27 00:00:00-04:00,145.35500444699645,145.4427434254304,141.87514775749966,143.06434631347656,104818600,0.0,0.0
2021-07-28 00:00:00-04:00,141.15382825419624,143.25929604709813,138.94113715127986,141.3195343017578,118931200,0.0,0.0
2021-07-29 00:00:00-04:00,141.0368336570977,142.8498725143642,140.92961036922324,141.9628448486328,56699500,0.0,0.0
2021-07-30 00:00:00-04:00,140.73469364228038,142.63545700170118,140.47150644681145,142.1773223876953,70440600,0.0,0.0
2021-08-02 00:00:00-04:00,142.66470486730785,143.2398049839172,141.58272954059322,141.84591674804688,62880000,0.0,0.0
2021-08-03 00:00:00-04:00,142.12855135709023,144.30224361135603,141.51445299043982,143.63941955566406,64786600,0.0,0.0
2021-08-04 00:00:00-04:00,143.55173491626834,144.05859526042843,142.58672505684436,143.23980712890625,56368300,0.0,0.0
2021-08-05 00:00:00-04:00,143.26903344221475,144.107320690727,142.47948676454712,143.34701538085938,46397700,0.0,0.0
2021-08-06 00:00:00-04:00,142.86869219057516,143.61060825982952,142.16581806356817,142.66368103027344,54126800,0.22,0.0
2021-08-09 00:00:00-04:00,142.72228266612592,143.21038897818232,142.05846523172403,142.61489868164062,48908700,0.0,0.0
2021-08-10 00:00:00-04:00,142.9565198163916,144.19631350606738,141.84363848192044,142.13650512695312,69023100,0.0,0.0
2021-08-11 00:00:00-04:00,142.57580253562702,143.22986295766566,142.0681679932176,142.39031982421875,48493500,0.0,0.0
2021-08-12 00:00:00-04:00,142.71251102910742,145.50447943892834,142.3708306879483,145.34828186035156,72282600,0.0,0.0
2021-08-13 00:00:00-04:00,145.42635605950554,145.88517705910473,144.7430103885552,145.5532684326172,59375000,0.0,0.0
2021-08-16 00:00:00-04:00,145.00659283395282,147.59356480078714,142.9858407795006,147.5252227783203,103296000,0.0,0.0
2021-08-17 00:00:00-04:00,146.6563820290242,148.07188700426227,145.5435005089824,146.61734008789062,92229700,0.0,0.0
2021-08-18 00:00:00-04:00,146.2365903149313,147.13470375005627,142.6734068529053,142.87841796875,86326000,0.0,0.0
2021-08-19 00:00:00-04:00,141.5800847276963,144.4794367790495,141.06269334170713,143.21035766601562,86960300,0.0,0.0
2021-08-20 00:00:00-04:00,143.93278806010758,144.96757103229274,143.2884841694112,144.66494750976562,60549600,0.0,0.0
2021-08-23 00:00:00-04:00,144.78203658666285,146.6173203855108,144.3720292286724,146.14874267578125,60131800,0.0,0.0
2021-08-24 00:00:00-04:00,145.89489777853456,147.2713604372929,145.60203116452846,146.06085205078125,48606400,0.0,0.0
2021-08-25 00:00:00-04:00,146.24637657624294,146.74425443123712,144.28419502392072,144.83087158203125,58991300,0.0,0.0
2021-08-26 00:00:00-04:00,144.82112485660906,145.5727977281921,144.00109506679658,144.03038024902344,48597200,0.0,0.0
2021-08-27 00:00:00-04:00,143.97178711441077,145.21158091727293,143.33725507209095,145.06515502929688,55802400,0.0,0.0
2021-08-30 00:00:00-04:00,145.45561079403902,149.8388087234133,145.07488865020937,149.47760009765625,90956700,0.0,0.0
2021-08-31 00:00:00-04:00,149.0285807911714,149.16524992421503,147.6911597437249,148.21832275390625,86453100,0.0,0.0
2021-09-01 00:00:00-04:00,149.19450563571235,151.29335581344367,148.71615631662897,148.88211059570312,80313700,0.0,0.0
2021-09-02 00:00:00-04:00,150.20979354918074,151.0395800272227,148.77476016459727,149.99502563476562,71115500,0.0,0.0
2021-09-03 00:00:00-04:00,150.10238418360416,150.9516989362315,149.44832378980732,150.62954711914062,57808700,0.0,0.0
2021-09-07 00:00:00-04:00,151.28363626481305,153.51915609845358,150.71743128739138,152.9627227783203,82278300,0.0,0.0
2021-09-08 00:00:00-04:00,153.24578484904103,153.30435519689405,150.31714828986404,151.42027282714844,74420200,0.0,0.0
2021-09-09 00:00:00-04:00,151.79127971049815,152.3965266648195,150.28790419091163,150.40505981445312,57305700,0.0,0.0
2021-09-10 00:00:00-04:00,151.31293648668662,151.78151431271888,145.1627947987088,145.42637634277344,140893200,0.0,0.0
2021-09-13 00:00:00-04:00,147.04684942260073,147.8180505115286,145.21156570783384,145.99253845214844,102404300,0.0,0.0
2021-09-14 00:00:00-04:00,146.77353720711707,147.4764113119793,143.41536423851278,144.59657287597656,109296300,0.0,0.0
2021-09-15 00:00:00-04:00,145.02607290209997,145.8851443505808,142.88816593560387,145.48489379882812,83281300,0.0,0.0
2021-09-16 00:00:00-04:00,144.90897545621797,145.42636685232276,143.71799510025087,145.25064086914062,68034100,0.0,0.0
2021-09-17 00:00:00-04:00,145.27994241453277,145.27994241453277,142.29271983680104,142.58558654785156,129868800,0.0,0.0
2021-09-20 00:00:00-04:00,140.3792920822909,141.3945460334686,137.90947685232237,139.5397491455078,123478900,0.0,0.0
2021-09-21 00:00:00-04:00,140.50626423071614,141.16033974315945,139.38362576406158,140.01815795898438,75834000,0.0,0.0
2021-09-22 00:00:00-04:00,141.01387841720836,142.94677480134484,140.28171911608493,142.38058471679688,76404300,0.0,0.0
2021-09-23 00:00:00-04:00,143.16153904107028,143.581318108749,142.1755699033987,143.33726501464844,64838200,0.0,0.0
2021-09-24 00:00:00-04:00,142.19510285111807,143.96204492535793,142.09747565204063,143.4251251220703,53477900,0.0,0.0
2021-09-27 00:00:00-04:00,142.00961449990794,142.48796392317834,140.39887004950094,141.9119873046875,74150700,0.0,0.0
2021-09-28 00:00:00-04:00,139.84240736288436,141.30672576458994,138.31951860844126,138.53428649902344,108972300,0.0,0.0
2021-09-29 00:00:00-04:00,139.08096654322168,141.0138627120859,138.6514307510702,139.43240356445312,74602000,0.0,0.0
2021-09-30 00:00:00-04:00,140.2427017106428,140.94557595435964,137.91931102192194,138.1340789794922,89056700,0.0,0.0
2021-10-01 00:00:00-04:00,138.52453927839463,139.52028013802934,135.80091312494108,139.25669860839844,94639600,0.0,0.0
2021-10-04 00:00:00-04:00,138.38785651091933,138.82716398233575,134.98088496397907,135.83018493652344,98322000,0.0,0.0
2021-10-05 00:00:00-04:00,136.17186716291496,138.8564511470798,136.0449547897289,137.75332641601562,80861100,0.0,0.0
2021-10-06 00:00:00-04:00,136.15233067899587,138.76857249312508,135.07849119061893,138.6221466064453,83221100,0.0,0.0
2021-10-07 00:00:00-04:00,139.6569450430087,140.78935501402486,139.32503639848235,139.8814697265625,61732700,0.0,0.0
2021-10-08 00:00:00-04:00,140.60382633425183,140.75025218963773,139.16879336821262,139.50070190429688,58773200,0.0,0.0
2021-10-11 00:00:00-04:00,138.88575464341304,141.3653278052875,138.43669034540312,139.41290283203125,64452200,0.0,0.0
2021-10-12 00:00:00-04:00,139.82288519545196,139.84241361250955,137.68497785008697,138.143798828125,73035900,0.0,0.0
2021-10-13 00:00:00-04:00,137.88024208325538,138.03642474342516,135.88876048394778,137.55809020996094,78762700,0.0,0.0
2021-10-14 00:00:00-04:00,138.72954178771872,140.45744186952987,138.1438084019397,140.3402862548828,69907100,0.0,0.0
2021-10-15 00:00:00-04:00,140.35005282323274,141.45316264244676,140.0962280805495,141.39459228515625,67940300,0.0,0.0
2021-10-18 00:00:00-04:00,140.03766984054468,143.347029376178,139.75457479053856,143.06393432617188,85589200,0.0,0.0
2021-10-19 00:00:00-04:00,143.5130025382052,145.62162523479623,143.06395310397025,145.22137451171875,76378900,0.0,0.0
2021-10-20 00:00:00-04:00,145.16281124011374,146.18783745350981,144.5966061422776,145.70948791503906,58418800,0.0,0.0
2021-10-21 00:00:00-04:00,145.2701339545865,146.08039186170322,144.35249211048287,145.9241943359375,61421000,0.0,0.0
2021-10-22 00:00:00-04:00,146.12922747617256,146.6075619891813,145.1042015405824,145.15301513671875,58883400,0.0,0.0
2021-10-25 00:00:00-04:00,145.14324421012236,145.8168331110648,144.10846150842693,145.1042022705078,50720600,0.0,0.0
2021-10-26 00:00:00-04:00,145.77776213009912,147.25183711393476,145.465367092144,145.76800537109375,60893400,0.0,0.0
2021-10-27 00:00:00-04:00,145.80703638063864,146.16823008237915,144.95773664051836,145.30917358398438,56094900,0.0,0.0
2021-10-28 00:00:00-04:00,146.25615073002083,149.5264533730465,146.15852353048365,148.94073486328125,100077900,0.0,0.0
2021-10-29 00:00:00-04:00,143.718003300801,146.37330245291255,142.92727357091124,146.23663330078125,124953200,0.0,0.0
2021-11-01 00:00:00-04:00,145.44586537540286,146.13896771640327,144.28417043944881,145.4165802001953,74588300,0.0,0.0
2021-11-02 00:00:00-04:00,145.12372094423125,147.96450225059075,145.11394928812004,146.4513702392578,69122000,0.0,0.0
2021-11-03 00:00:00-04:00,146.81260433188254,148.35502194347706,146.25617092597884,147.88644409179688,54511500,0.0,0.0
2021-11-04 00:00:00-04:00,147.97426542713765,148.80403696262286,147.0566234619275,147.3690185546875,60394600,0.0,0.0
2021-11-05 00:00:00-04:00,148.49334733879175,148.7964125526137,146.70426906753366,147.89698791503906,65463900,0.22,0.0
2021-11-08 00:00:00-05:00,148.02402320404659,148.18044870579655,146.80197694204415,147.07571411132812,55020900,0.0,0.0
2021-11-09 00:00:00-05:00,146.8410949734435,148.0435844748696,146.70422637098488,147.4374542236328,56787900,0.0,0.0
2021-11-10 00:00:00-05:00,146.66511965093986,146.7726603269792,144.54364896685252,144.61207580566406,65187100,0.0,0.0
2021-11-11 00:00:00-05:00,145.62882237351127,146.0882980655143,144.37743321812488,144.5631866455078,41000000,0.0,0.0
2021-11-12 00:00:00-05:00,145.11066161989166,147.03660782102534,144.18190939663026,146.6357879638672,63804000,0.0,0.0
2021-11-15 00:00:00-05:00,147.00730510695527,148.48354686753203,146.08832372641191,146.6455841064453,59222800,0.0,0.0
2021-11-16 00:00:00-05:00,146.58689139053743,148.1022316953491,146.00030323462437,147.62318420410156,59256200,0.0,0.0
2021-11-17 00:00:00-05:00,147.62318884522813,151.53373689410836,147.61341784542643,150.05751037597656,88807000,0.0,0.0
2021-11-18 00:00:00-05:00,150.27258025090998,155.12165110785514,149.62733629184328,154.33953857421875,137827700,0.0,0.0
2021-11-19 00:00:00-05:00,154.1245139086052,157.41916174351337,153.02956490955935,156.9596710205078,117305600,0.0,0.0
2021-11-22 00:00:00-05:00,158.0643575600625,161.99446283900974,157.39957149925132,157.41912841796875,117467900,0.0,0.0
2021-11-23 00:00:00-05:00,157.51689191338718,158.18169292863084,155.502961782972,157.8004150390625,96041900,0.0,0.0
2021-11-24 00:00:00-05:00,157.1551520319611,158.5140669022848,156.0699743356913,158.31854248046875,69463600,0.0,0.0
2021-11-26 00:00:00-05:00,156.0015407986573,156.8618512011978,152.86331951425362,153.30325317382812,76959800,0.0,0.0
2021-11-29 00:00:00-05:00,155.80598568259293,157.5852919747901,155.23895449884512,156.6565399169922,88748200,0.0,0.0
2021-11-30 00:00:00-05:00,156.41215841772612,161.8184901598309,156.34371666317804,161.60340881347656,174048100,0.0,0.0
2021-12-01 00:00:00-05:00,163.7346542506034,166.49159798116264,160.85062784337472,161.08526611328125,152052500,0.0,0.0
2021-12-02 00:00:00-05:00,155.1901268526862,160.52801734787488,154.27114554315142,160.0978546142578,136739200,0.0,0.0
2021-12-03 00:00:00-05:00,160.35202051883033,161.27100166043388,156.14817855062066,158.22076416015625,118023100,0.0,0.0
2021-12-06 00:00:00-05:00,160.61599065605895,164.12571914002814,160.6062196554979,161.6229705810547,107497000,0.0,0.0
2021-12-07 00:00:00-05:00,165.29886939857903,167.74296195252498,164.5754126322905,167.35189819335938,120405400,0.0,0.0
2021-12-08 00:00:00-05:00,168.280661937793,172.02501344578044,166.8826332677211,171.16468811035156,116998900,0.0,0.0
2021-12-09 00:00:00-05:00,170.9984899495763,172.7973384356804,170.03062395661757,170.65631103515625,108923700,0.0,0.0
2021-12-10 00:00:00-05:00,171.29180928871014,175.61296364291238,170.78343380069845,175.43698120117188,115402700,0.0,0.0
2021-12-13 00:00:00-05:00,177.06962931153166,178.05705234389498,171.60464142456377,171.80995178222656,153237000,0.0,0.0
2021-12-14 00:00:00-05:00,171.3308817563336,173.76520322122326,168.35887188331523,170.43145751953125,139380400,0.0,0.0
2021-12-15 00:00:00-05:00,171.19404218690133,175.4858686850592,168.45665517933287,175.29034423828125,131063300,0.0,0.0
2021-12-16 00:00:00-05:00,175.27077720416733,177.08918279763162,166.93153397693786,168.4077606201172,150185800,0.0,0.0
2021-12-17 00:00:00-05:00,166.12987292514003,169.59071677301714,165.89524955752734,167.3128204345703,195432700,0.0,0.0
2021-12-20 00:00:00-05:00,164.51673004048737,166.76529780791768,163.71507557030543,165.953857421875,107499100,0.0,0.0
2021-12-21 00:00:00-05:00,167.72340078083394,169.3267248588515,165.33796412188073,169.12142944335938,91185900,0.0,0.0
2021-12-22 00:00:00-05:00,169.1703261593658,171.92727008747283,168.30022969109157,171.71218872070312,92135300,0.0,0.0
2021-12-23 00:00:00-05:00,171.91746810959268,172.89510508509778,171.35043687369296,172.3378448486328,68356600,0.0,0.0
2021-12-27 00:00:00-05:00,173.12976761664484,176.38530127238838,173.11022561335014,176.2973175048828,74919600,0.0,0.0
2021-12-28 00:00:00-05:00,176.13111784462515,177.27495155456995,174.5375644683696,175.2805633544922,79144300,0.0,0.0
2021-12-29 00:00:00-05:00,175.31964543980357,176.59057652650236,174.1562550200767,175.3685302734375,62348900,0.0,0.0
2021-12-30 00:00:00-05:00,175.45653864701075,176.53194546765312,174.10739462067014,174.21493530273438,59773000,0.0,0.0
2021-12-31 00:00:00-05:00,174.1073900997929,175.2218958133562,173.29594950484335,173.59902954101562,64062300,0.0,0.0
2022-01-03 00:00:00-05:00,173.85321176039008,178.79028222604728,173.73590007898758,177.93972778320312,104487900,0.0,0.0
2022-01-04 00:00:00-05:00,178.54586564233023,178.84893075193062,175.1143499260673,175.68138122558594,99310400,0.0,0.0
2022-01-05 00:00:00-05:00,175.5933747274367,176.1408490374331,170.7345178498846,171.0082550048828,94537600,0.0,0.0
2022-01-06 00:00:00-05:00,168.83789205056922,171.37975399378487,167.80159930862231,168.15354919433594,96904000,0.0,0.0
2022-01-07 00:00:00-05:00,169.0236630282213,170.2457092977057,167.2052575825263,168.31976318359375,86709100,0.0,0.0
2022-01-10 00:00:00-05:00,165.29888813158135,168.64240533418686,164.40923476090865,168.33934020996094,106765600,0.0,0.0
2022-01-11 00:00:00-05:00,168.46641535499305,171.26244286002324,166.99995985190662,171.16468811035156,76138300,0.0,0.0
2022-01-12 00:00:00-05:00,172.18144710369126,173.21774007794218,170.91053076473975,171.60464477539062,74805200,0.0,0.0
2022-01-13 00:00:00-05:00,171.84905393496265,172.6702655459411,167.94827640647682,168.33934020996094,84505800,0.0,0.0
2022-01-14 00:00:00-05:00,167.50832321300913,169.89375992557677,167.26391395832079,169.19964599609375,80440800,0.0,0.0
2022-01-18 00:00:00-05:00,167.6745435442064,168.68150862321704,165.62151446360372,166.00279235839844,90956700,0.0,0.0
2022-01-19 00:00:00-05:00,166.19834645502328,167.25419656378617,162.2291412735544,162.5126495361328,94815000,0.0,0.0
2022-01-20 00:00:00-05:00,163.24581922868165,165.8854360990158,160.50843269303434,160.8310546875,91420500,0.0,0.0
2022-01-21 00:00:00-05:00,160.74307541554964,162.61036568511253,158.67048972769118,158.7780303955078,122848900,0.0,0.0
2022-01-24 00:00:00-05:00,156.44148123567246,158.67049246380245,151.2404450916643,158.0056915283203,162294600,0.0,0.0
2022-01-25 00:00:00-05:00,155.42475069595457,159.1202179477596,153.50859022634555,156.2068634033203,115798400,0.0,0.0
2022-01-26 00:00:00-05:00,159.84369205931444,160.71378862428045,154.2907195812304,156.118896484375,108275300,0.0,0.0
2022-01-27 00:00:00-05:00,158.81711052646853,160.1760252131081,154.7403664665498,155.6593475341797,121954600,0.0,0.0
2022-01-28 00:00:00-05:00,162.00422657695262,166.5404614570555,159.15929945417386,166.52090454101562,179935700,0.0,0.0
2022-01-31 00:00:00-05:00,166.3547206203823,171.0864802658057,165.71924760028926,170.87139892578125,115541600,0.0,0.0
2022-02-01 00:00:00-05:00,170.11864243059435,170.93008309016165,168.45666218750117,170.70523071289062,86213900,0.0,0.0
2022-02-02 00:00:00-05:00,170.84207875406224,171.94681342176997,169.45383589849953,171.90769958496094,84914300,0.0,0.0
2022-02-03 00:00:00-05:00,170.57810026310062,172.2987509371964,168.27087633720052,169.03343200683594,89418100,0.0,0.0
2022-02-04 00:00:00-05:00,168.05457472378333,170.4234840013588,167.07569202403184,168.7495880126953,82465400,0.22,0.0
2022-02-07 00:00:00-05:00,169.20965988540354,170.2766384169295,167.33999039041194,168.03500366210938,77251200,0.0,0.0
2022-02-08 00:00:00-05:00,168.10348925040896,171.64705409326743,167.80982151011347,171.13803100585938,74829200,0.0,0.0
2022-02-09 00:00:00-05:00,172.33224953586358,172.91957001402486,171.20652581374105,172.55738830566406,71285000,0.0,0.0
2022-02-10 00:00:00-05:00,170.4626223841964,171.7743215374217,167.92731993059743,168.4852752685547,90865900,0.0,0.0
2022-02-11 00:00:00-05:00,168.6908451580762,169.42500712943504,164.49143031742815,165.07876586914062,98670700,0.0,0.0
2022-02-14 00:00:00-05:00,163.83558309476697,165.99892030677,163.04269054419584,165.31370544433594,86185500,0.0,0.0
2022-02-15 00:00:00-05:00,167.3595849608588,169.29776862360237,166.65478818594016,169.14114379882812,62527400,0.0,0.0
2022-02-16 00:00:00-05:00,168.22100455291906,169.67953027359678,166.45901263665095,168.90621948242188,61177400,0.0,0.0
2022-02-17 00:00:00-05:00,167.4182971510757,168.27971865617212,164.91235997613748,165.31370544433594,69589300,0.0,0.0
2022-02-18 00:00:00-05:00,166.23383213199764,166.93861378532614,162.68048390268257,163.7670440673828,82772700,0.0,0.0
2022-02-22 00:00:00-05:00,161.49608794845346,163.16998418925112,158.72584769849567,160.85003662109375,91162800,0.0,0.0
2022-02-23 00:00:00-05:00,162.04421705709984,162.64133603328534,156.37649344425944,156.6897430419922,90009200,0.0,0.0
2022-02-24 00:00:00-05:00,149.35793777917277,159.411068207212,148.79018396900835,159.3033905029297,141147500,0.0,0.0
2022-02-25 00:00:00-05:00,160.38013909716133,161.6331077669388,157.47285626304333,161.3688201904297,91974200,0.0,0.0
2022-02-28 00:00:00-05:00,159.61659142915732,161.92675492011216,158.99989062280463,161.63308715820312,95056600,0.0,0.0
2022-03-01 00:00:00-05:00,161.22197083806662,163.0818568508139,158.5496253630897,159.75364685058594,83474400,0.0,0.0
2022-03-02 00:00:00-05:00,160.91855062373517,163.82583387430233,159.50895693417934,163.042724609375,79724800,0.0,0.0
2022-03-03 00:00:00-05:00,164.91239906095296,165.34310991558115,162.05406285981815,162.71969604492188,76678400,0.0,0.0
2022-03-04 00:00:00-05:00,161.01639051416453,162.05400359179123,158.67686189722227,159.72425842285156,83737200,0.0,0.0
2022-03-07 00:00:00-05:00,159.91028134097652,161.5352302369313,155.68150083148916,155.93601989746094,96418800,0.0,0.0
2022-03-08 00:00:00-05:00,155.46614292973925,159.44040392728598,152.50991327214726,154.1152801513672,131148300,0.0,0.0
2022-03-09 00:00:00-05:00,158.06996768709067,159.95921898709753,156.04368834876885,159.50892639160156,91454900,0.0,0.0
2022-03-10 00:00:00-05:00,156.81698565051138,157.00297572975708,152.68609998585092,155.17247009277344,105342000,0.0,0.0
2022-03-11 00:00:00-05:00,155.57381332247203,155.91642822664025,151.23737032666907,151.46250915527344,96970100,0.0,0.0
2022-03-14 00:00:00-04:00,148.25177493215907,150.86538982544317,146.9302923114544,147.43930053710938,108732100,0.0,0.0
2022-03-15 00:00:00-04:00,147.713390079557,152.28478532825997,147.20438184151632,151.81491088867188,92964300,0.0,0.0
2022-03-16 00:00:00-04:00,153.73355381345266,156.62125521924412,151.1982508293672,156.21990966796875,102300200,0.0,0.0
2022-03-17 00:00:00-04:00,155.26058530967927,157.60011436017203,154.30128444798586,157.22813415527344,75615400,0.0,0.0
2022-03-18 00:00:00-04:00,157.12047215929823,161.00663805311925,156.3863100625295,160.51719665527344,123511700,0.0,0.0
2022-03-21 00:00:00-04:00,160.0571284608097,162.8371670898303,159.56768703876222,161.8876495361328,95811400,0.0,0.0
2022-03-22 00:00:00-04:00,162.01486028186812,165.84229498697943,161.42753966012307,165.25497436523438,81532000,0.0,0.0
2022-03-23 00:00:00-04:00,164.44248019289995,168.9942779440516,164.1096487837443,166.6156005859375,98062700,0.0,0.0
2022-03-24 00:00:00-04:00,167.44765777264146,170.46261801995993,166.61561651162776,170.39410400390625,90131400,0.0,0.0
2022-03-25 00:00:00-04:00,170.20813758146855,171.57856745870845,169.10199529276142,171.0303955078125,80546200,0.0,0.0
2022-03-28 00:00:00-04:00,168.53425457976377,172.01907505501657,168.3678462915148,171.89183044433594,90371900,0.0,0.0
2022-03-29 00:00:00-04:00,172.95877935054617,175.22977935165113,172.6161644453855,175.18084716796875,100589400,0.0,0.0
2022-03-30 00:00:00-04:00,174.77948791199498,175.8171010585222,172.96854916161706,174.01596069335938,92633200,0.0,0.0
2022-03-31 00:00:00-04:00,174.08453235394947,174.2705224958716,170.71717276870268,170.92274475097656,103049300,0.0,0.0
2022-04-01 00:00:00-04:00,170.35492714540266,171.18698327855927,168.30906622272897,170.62901306152344,78751300,0.0,0.0
2022-04-04 00:00:00-04:00,170.8835430731966,174.72076108227714,170.75628355518236,174.67181396484375,76468400,0.0,0.0
2022-04-05 00:00:00-04:00,173.7516811601631,174.53479031608524,170.73672061862993,171.3632049560547,73401800,0.0,0.0
2022-04-06 00:00:00-04:00,168.72023795719042,169.96342328033663,166.53733352192953,168.20143127441406,89058800,0.0,0.0
2022-04-07 00:00:00-04:00,167.54556668896316,169.69910564386342,166.26323274049562,168.50486755371094,77594700,0.0,0.0
2022-04-08 00:00:00-04:00,168.1524524173325,168.1524524173325,165.62693350816983,166.49813842773438,76575500,0.0,0.0
2022-04-11 00:00:00-04:00,165.14731642594322,165.46055114101816,162.0050962053992,162.24981689453125,72246700,0.0,0.0
2022-04-12 00:00:00-04:00,164.4718899777678,166.2828141709391,163.12102695263263,164.11949157714844,79265200,0.0,0.0
2022-04-13 00:00:00-04:00,163.85517369033073,167.42808955183875,163.24827119923606,166.80160522460938,70618900,0.0,0.0
2022-04-14 00:00:00-04:00,167.0169298477089,167.653212444084,161.55476362429968,161.7994842529297,75329400,0.0,0.0
2022-04-18 00:00:00-04:00,160.45844346214486,163.08185675186522,160.11584349387897,161.58416748046875,69023900,0.0,0.0
2022-04-19 00:00:00-04:00,161.5351838977818,164.2760577080458,160.44862379550628,163.8649139404297,67723800,0.0,0.0
2022-04-20 00:00:00-04:00,165.1962520760154,165.3137281661249,162.59243524088046,163.6985626220703,67929800,0.0,0.0
2022-04-21 00:00:00-04:00,165.34307817395856,167.90774603308134,162.4064301142371,162.90565490722656,87227800,0.0,0.0
2022-04-22 00:00:00-04:00,162.94482378114378,164.3250370614869,158.08955892864606,158.37342834472656,84882400,0.0,0.0
2022-04-25 00:00:00-04:00,157.71757136622622,159.7242838315626,155.11375480994548,159.44041442871094,96046400,0.0,0.0
2022-04-26 00:00:00-04:00,158.8237547860096,158.91185066459684,153.41053339870618,153.4888458251953,95623200,0.0,0.0
2022-04-27 00:00:00-04:00,152.61759051221244,156.41564486229873,152.0987839265491,153.26365661621094,88063200,0.0,0.0
2022-04-28 00:00:00-04:00,155.88706244158715,161.04577820352466,155.57381282317428,160.18435668945312,130216800,0.0,0.0
2022-04-29 00:00:00-04:00,158.42235165998022,162.69028026576657,153.9292842451666,154.32083129882812,131747600,0.0,0.0
2022-05-02 00:00:00-04:00,153.4007100151784,154.88860092145774,150.0333512355366,154.6243133544922,123055300,0.0,0.0
2022-05-03 00:00:00-04:00,154.81025192073247,157.31620351399488,153.0189101995976,156.11216735839844,88966500,0.0,0.0
2022-05-04 00:00:00-04:00,156.29818841895514,162.964376768375,155.8968429541357,162.51409912109375,108256500,0.0,0.0
2022-05-05 00:00:00-04:00,160.38990141926735,160.61504020896953,151.6778383257631,153.45941162109375,130525300,0.0,0.0
2022-05-06 00:00:00-04:00,152.93984857664353,156.30235682996496,151.1458596477854,154.1848602294922,116124600,0.23,0.0
2022-05-09 00:00:00-04:00,151.8810971374127,152.7633948486293,148.50880608897836,149.0675811767578,131577900,0.0,0.0
2022-05-10 00:00:00-04:00,152.45950928453797,153.65550196924158,149.92046680625165,151.46937561035156,115366700,0.0,0.0
2022-05-11 00:00:00-04:00,150.4792663261752,152.3908891933398,142.94059580220576,143.6170196533203,142689800,0.0,0.0
2022-05-12 00:00:00-04:00,139.96040581157675,143.3228989996902,136.06853101088905,139.75453186035156,182602000,0.0,0.0
2022-05-13 00:00:00-04:00,141.74459868206603,145.18553469561974,140.2937279042498,144.2150115966797,113990900,0.0,0.0
2022-05-16 00:00:00-04:00,142.68571610317943,144.616949555646,141.34266624082053,142.6759033203125,86643800,0.0,0.0
2022-05-17 00:00:00-04:00,145.93054340694096,146.82263885480765,143.79343645262884,146.30307006835938,78336300,0.0,0.0
2022-05-18 00:00:00-04:00,143.96011558077154,144.46007380411618,137.14687404841018,138.0487823486328,109742900,0.0,0.0
2022-05-19 00:00:00-04:00,137.12732118856076,138.87229156176298,133.9118691553446,134.64710998535156,136095600,0.0,0.0
2022-05-20 00:00:00-04:00,136.3528515735585,137.93116906609265,130.00037534307543,134.8823699951172,137426100,0.0,0.0
2022-05-23 00:00:00-04:00,135.07840236616943,140.4407585737006,134.941158046499,140.29371643066406,117726300,0.0,0.0
2022-05-24 00:00:00-04:00,138.03898075989613,139.17615657107172,134.62746828487894,137.59783935546875,104132700,0.0,0.0
2022-05-25 00:00:00-04:00,135.70578755446192,138.99966571047085,135.61756228135172,137.75466918945312,92482700,0.0,0.0
2022-05-26 00:00:00-04:00,134.68626677474316,141.49949297179577,134.4411865880973,140.9505157470703,90601500,0.0,0.0
2022-05-27 00:00:00-04:00,142.52887188890233,146.7344424649416,142.40142537012454,146.6952362060547,90978500,0.0,0.0
2022-05-31 00:00:00-04:00,146.1364342695409,147.69514080945274,143.9503080341332,145.91094970703125,103718400,0.0,0.0
2022-06-01 00:00:00-04:00,146.95009283292427,148.75389460714223,144.7737792988703,145.7835235595703,74286600,0.0,0.0
2022-06-02 00:00:00-04:00,144.9208398093746,148.2931460840145,143.96992734384497,148.2343292236328,72348100,0.0,0.0
2022-06-03 00:00:00-04:00,144.0091352358549,145.05808578629097,141.6171647882395,142.51905822753906,88570300,0.0,0.0
2022-06-06 00:00:00-04:00,144.13656879270374,145.6462712304333,142.0484806619193,143.2640838623047,71598400,0.0,0.0
2022-06-07 00:00:00-04:00,141.50932395629872,146.06781003090646,141.26424373812605,145.7835235595703,67808200,0.0,0.0
2022-06-08 00:00:00-04:00,145.65608826850138,146.92069570984725,144.5581335933167,145.0482940673828,53950200,0.0,0.0
2022-06-09 00:00:00-04:00,144.1855888973648,145.03846322934638,139.7251261469218,139.8329620361328,69473000,0.0,0.0
2022-06-10 00:00:00-04:00,137.51941663931075,137.9899664897166,134.36278209908923,134.43141174316406,91437900,0.0,0.0
2022-06-13 00:00:00-04:00,130.25523715092532,132.53938671229503,128.85338540144875,129.28472900390625,122207100,0.0,0.0
2022-06-14 00:00:00-04:00,130.51011351307002,131.25515193955982,128.8925752102517,130.1473846435547,84784300,0.0,0.0
2022-06-15 00:00:00-04:00,131.64728162043858,134.63726323315953,129.5592083618082,132.7648468017578,91533000,0.0,0.0
2022-06-16 00:00:00-04:00,129.48080971072673,129.78470685138856,126.5006252583711,127.50055694580078,108123900,0.0,0.0
2022-06-17 00:00:00-04:00,127.51036998343507,130.46113104749855,127.25547692933145,128.97103881835938,134520300,0.0,0.0
2022-06-21 00:00:00-04:00,130.79444423466086,134.36281257312174,130.69642109612053,133.19622802734375,81000500,0.0,0.0
2022-06-22 00:00:00-04:00,132.13745484401576,135.04900927487205,131.2747825760473,132.6864471435547,73409200,0.0,0.0
2022-06-23 00:00:00-04:00,134.1275183400123,135.86267563561398,132.96093402675356,135.54898071289062,72433800,0.0,0.0
2022-06-24 00:00:00-04:00,137.14692437830942,139.1173794844748,137.01949279922658,138.87229919433594,89116800,0.0,0.0
2022-06-27 00:00:00-04:00,139.89182661956758,140.66628871317417,138.19587520019041,138.87229919433594,70207900,0.0,0.0
2022-06-28 00:00:00-04:00,139.3330131628478,140.59762053174873,134.61767206581916,134.7353057861328,67083400,0.0,0.0
2022-06-29 00:00:00-04:00,134.75490940956817,137.90173093297278,133.98044756827542,136.4900665283203,66242400,0.0,0.0
2022-06-30 00:00:00-04:00,134.5490488814723,135.64700354645933,131.13753620204082,134.02947998046875,98964500,0.0,0.0
2022-07-01 00:00:00-04:00,133.36284196732555,136.3038045198631,132.9903302157903,136.1959686279297,71051600,0.0,0.0
2022-07-05 00:00:00-04:00,135.05883599741875,138.82326526029516,134.23535494237336,138.7742462158203,73353800,0.0,0.0
2022-07-06 00:00:00-04:00,138.56838663745515,141.28386518046202,138.3036957651199,140.10748291015625,74064300,0.0,0.0
2022-07-07 00:00:00-04:00,140.47017616296918,143.66603189279604,140.4603783389641,143.469970703125,66253700,0.0,0.0
2022-07-08 00:00:00-04:00,142.40140757015126,144.64635079248632,142.1465295229667,144.14637756347656,64547800,0.0,0.0
2022-07-11 00:00:00-04:00,142.8033331399919,143.7542455393016,140.95052737444695,142.01907348632812,63141600,0.0,0.0
2022-07-12 00:00:00-04:00,142.89155544175705,145.5286208059207,142.19553604555907,142.98959350585938,77588800,0.0,0.0
2022-07-13 00:00:00-04:00,140.17608985764943,143.56799177024092,139.3232005090592,142.62689208984375,71185600,0.0,0.0
2022-07-14 00:00:00-04:00,141.24465485515523,146.01881345268225,140.43098661066193,145.5482635498047,78140700,0.0,0.0
2022-07-15 00:00:00-04:00,146.83245817528143,147.8912065060331,145.2835494113212,147.21478271484375,76259900,0.0,0.0
2022-07-18 00:00:00-04:00,147.77357228115997,148.58724039251226,143.81306761767442,144.17579650878906,81420900,0.0,0.0
2022-07-19 00:00:00-04:00,145.0090674390563,148.25392726287154,144.01894870347078,148.02845764160156,82982400,0.0,0.0
2022-07-20 00:00:00-04:00,148.14612084165154,150.69496170219924,147.41088001170658,150.02833557128906,64823400,0.0,0.0
2022-07-21 00:00:00-04:00,151.45959834271974,152.50854901941838,148.94997891240936,152.29287719726562,65086600,0.0,0.0
2022-07-22 00:00:00-04:00,152.33208328648058,153.2045683993023,150.39105184778396,151.0576629638672,66675400,0.0,0.0
2022-07-25 00:00:00-04:00,150.9791857674136,151.98891489270602,149.2832351431614,149.94004821777344,53623900,0.0,0.0
2022-07-26 00:00:00-04:00,149.26362321320852,150.07729118277658,147.83236337932289,148.6166229248047,55138700,0.0,0.0
2022-07-27 00:00:00-04:00,149.57735592146827,154.23387992265205,149.16562296270044,153.70449829101562,78620700,0.0,0.0
2022-07-28 00:00:00-04:00,153.89073492463993,154.5377501582959,151.3713185756555,154.2534637451172,81378700,0.0,0.0
2022-07-29 00:00:00-04:00,158.06696899861157,160.4099356728857,156.36120501340108,159.3119659423828,101786900,0.0,0.0
2022-08-01 00:00:00-04:00,157.84148924790597,160.37071938994356,157.72385550686172,158.33164978027344,67829400,0.0,0.0
2022-08-02 00:00:00-04:00,156.94941580554178,159.2139551778832,156.48866368683446,156.86117553710938,59907000,0.0,0.0
2022-08-03 00:00:00-04:00,157.67478223031586,163.31162641377182,157.5865569548774,162.86068725585938,82507500,0.0,0.0
2022-08-04 00:00:00-04:00,162.74307352499065,163.89986001020398,161.19416464799912,162.54701232910156,55474100,0.0,0.0
2022-08-05 00:00:00-04:00,160.22042780912037,162.81206933981917,160.01426786699392,162.32122802734375,56697000,0.23,0.0
2022-08-08 00:00:00-04:00,163.32256080452132,164.73618641729826,161.19231095001098,161.85003662109375,60276900,0.0,0.0
2022-08-09 00:00:00-04:00,161.01557009848563,162.78260161908204,160.2596703687026,161.89907836914062,63135500,0.0,0.0
2022-08-10 00:00:00-04:00,164.60850119483868,166.23809760904007,163.8427901046544,166.1399383544922,70170500,0.0,0.0
2022-08-11 00:00:00-04:00,166.94495103045548,167.85792369494868,165.10920924668594,165.40371704101562,57149200,0.0,0.0
2022-08-12 00:00:00-04:00,166.70936592550703,169.01631131920942,166.2970460032489,168.94760131835938,68039400,0.0,0.0
2022-08-15 00:00:00-04:00,168.37821564106778,170.21395743937939,168.21133138479297,170.0176239013672,54091700,0.0,0.0
2022-08-16 00:00:00-04:00,169.61511402434292,170.52808660786044,168.51563433427114,169.86053466796875,56377100,0.0,0.0
2022-08-17 00:00:00-04:00,169.6052979143018,172.92337473871223,169.40896440067246,171.35269165039062,79542000,0.0,0.0
2022-08-18 00:00:00-04:00,170.5673396933382,171.69626861182405,169.94887490568271,170.9600067138672,62290100,0.0,0.0
2022-08-19 00:00:00-04:00,169.86053968443733,170.55754092380556,168.1720444080825,168.37820434570312,70346300,0.0,0.0
2022-08-22 00:00:00-04:00,166.58171149389958,166.74859572706774,164.0784180378036,164.50054931640625,69026800,0.0,0.0
2022-08-23 00:00:00-04:00,164.0195474098714,165.61969500518398,163.597416059393,164.1667938232422,54147100,0.0,0.0
2022-08-24 00:00:00-04:00,164.2551587296091,165.03068148199358,163.20475103663767,164.4613037109375,53841500,0.0,0.0
2022-08-25 00:00:00-04:00,165.6883632421721,167.02345197761028,165.2662469773801,166.91546630859375,51218200,0.0,0.0
2022-08-26 00:00:00-04:00,167.44560000363606,167.91680343416758,160.56399573070382,160.62289428710938,78961000,0.0,0.0
2022-08-29 00:00:00-04:00,158.19815240165843,159.91609703205498,156.89252766433086,158.4239501953125,73314000,0.0,0.0
2022-08-30 00:00:00-04:00,159.16019500251252,159.58231130465205,154.8309714061125,155.99917602539062,77906200,0.0,0.0
2022-08-31 00:00:00-04:00,157.3735291899389,157.63858767600124,154.2615972644816,154.3401336669922,87991100,0.0,0.0
2022-09-01 00:00:00-04:00,153.77076113952282,155.5181549609377,151.83684522830168,155.06658935546875,74229900,0.0,0.0
2022-09-02 00:00:00-04:00,156.82381061062185,157.4226376540656,152.13136852434044,152.9559783935547,76957800,0.0,0.0
2022-09-06 00:00:00-04:00,153.60388383195894,154.21252227519972,150.87480729194033,151.6994171142578,73714800,0.0,0.0
2022-09-07 00:00:00-04:00,151.9841081371773,153.80021196934476,150.79626559392008,153.1032257080078,87449600,0.0,0.0
2022-09-08 00:00:00-04:00,151.80741774838046,153.4959132532277,149.88331299426738,151.63072204589844,84923800,0.0,0.0
2022-09-09 00:00:00-04:00,152.62217501880943,154.92913481819144,151.91536244109605,154.48736572265625,68028800,0.0,0.0
2022-09-12 00:00:00-04:00,156.6667134786447,161.2511691580026,156.38203213199495,160.43637084960938,104956000,0.0,0.0
2022-09-13 00:00:00-04:00,156.97104316313002,157.59931943362142,150.56065692569356,151.0220489501953,122656600,0.0,0.0
2022-09-14 00:00:00-04:00,151.9545936516292,154.22229230283722,150.79621575036018,152.46507263183594,87965400,0.0,0.0
2022-09-15 00:00:00-04:00,151.81721471946022,152.3964188629796,148.60712326254628,149.5789794921875,90481100,0.0,0.0
2022-09-16 00:00:00-04:00,148.44022763272653,148.57766259301448,145.65223775657734,147.93955993652344,162278800,0.0,0.0
2022-09-19 00:00:00-04:00,146.5750321533895,151.72886599832884,146.36888718799335,151.65032958984375,81474200,0.0,0.0
2022-09-20 00:00:00-04:00,150.59011171978128,155.18439428665013,150.27598106267698,154.0260009765625,107689800,0.0,0.0
2022-09-21 00:00:00-04:00,154.45795295017905,155.8323177224437,150.78646922639234,150.90426635742188,101696800,0.0,0.0
2022-09-22 00:00:00-04:00,149.588778163199,151.64049091114813,148.1457037475465,149.9421844482422,86652500,0.0,0.0
2022-09-23 00:00:00-04:00,148.42061851178616,148.69548848555903,145.83878806603744,147.67453002929688,96029900,0.0,0.0
2022-09-26 00:00:00-04:00,146.9186627081055,150.95337992464147,146.89902485639834,148.00833129882812,93339400,0.0,0.0
2022-09-27 00:00:00-04:00,149.94222342090066,151.88595100420483,147.20332025510484,148.98016357421875,84442700,0.0,0.0
2022-09-28 00:00:00-04:00,144.93563790031018,147.88068609523327,142.18692325585735,147.0953369140625,146691400,0.0,0.0
2022-09-29 00:00:00-04:00,143.42383363893248,144.03247205665744,138.1031007730531,139.87013244628906,128138200,0.0,0.0
2022-09-30 00:00:00-04:00,138.69210195416497,140.4787712884576,135.47218456289696,135.66851806640625,124925300,0.0,0.0
2022-10-03 00:00:00-04:00,135.67835835777296,140.44933637961338,135.1678792129988,139.84068298339844,114311700,0.0,0.0
2022-10-04 00:00:00-04:00,142.37343574191996,143.5416405102459,141.61753589548164,143.42384338378906,87830100,0.0,0.0
2022-10-05 00:00:00-04:00,141.43103055560152,144.68039782185656,140.39043433471556,143.7183380126953,79471000,0.0,0.0
2022-10-06 00:00:00-04:00,143.13912691743977,144.8374334955695,142.5599378213271,142.76608276367188,68402200,0.0,0.0
2022-10-07 00:00:00-04:00,139.9290298735793,140.47878470691822,136.8956342636469,137.52391052246094,85925600,0.0,0.0
2022-10-10 00:00:00-04:00,137.84783935546875,139.2909136665795,136.03173592220895,137.84783935546875,74899000,0.0,0.0
2022-10-11 00:00:00-04:00,137.33738075448184,138.76083241469453,135.68816128454225,136.43423461914062,77033700,0.0,0.0
2022-10-12 00:00:00-04:00,136.58149154588781,137.78895683135124,135.6292583188671,135.8059539794922,70433700,0.0,0.0
2022-10-13 00:00:00-04:00,132.51732843397534,140.95978909716513,131.90867508719168,140.37078857421875,113224000,0.0,0.0
2022-10-14 00:00:00-04:00,141.66660017858484,141.87276009592642,135.65870802953629,135.84523010253906,88598000,0.0,0.0
2022-10-17 00:00:00-04:00,138.48597103526853,140.282437004532,137.7006219624551,139.80142211914062,85250900,0.0,0.0
2022-10-18 00:00:00-04:00,142.825015544548,144.0128431743189,138.03439937209953,141.11688232421875,99136600,0.0,0.0
2022-10-19 00:00:00-04:00,139.09461918905455,142.29489928414645,138.90809708603376,141.22486877441406,61758300,0.0,0.0
2022-10-20 00:00:00-04:00,140.40024050696854,143.21766459219867,140.0370077826972,140.76345825195312,64522000,0.0,0.0
2022-10-21 00:00:00-04:00,140.25299045906925,145.1417806685085,140.03701908535325,144.57240295410156,86548600,0.0,0.0
2022-10-24 00:00:00-04:00,144.49386606815804,147.47817461798252,143.3256613631015,146.71246337890625,75981900,0.0,0.0
2022-10-25 00:00:00-04:00,147.3407290522299,149.69677613929844,146.62410499116672,149.5495147705078,74732300,0.0,0.0
2022-10-26 00:00:00-04:00,148.19482861119383,149.2059606049606,145.32830191392304,146.61431884765625,88194300,0.0,0.0
2022-10-27 00:00:00-04:00,145.35775035197634,146.31979510961392,141.48991849585923,142.14764404296875,109180200,0.0,0.0
2022-10-28 00:00:00-04:00,145.48537216958695,154.6150242142885,145.11234293200243,152.88726806640625,164762400,0.0,0.0
2022-10-31 00:00:00-04:00,150.35452378899333,151.41474288743174,149.13723186575905,150.53121948242188,97943200,0.0,0.0
2022-11-01 00:00:00-04:00,152.23931825640548,152.60253597457515,146.3983105936967,147.8904571533203,80379300,0.0,0.0
2022-11-02 00:00:00-04:00,146.22160672381153,149.38262560122348,142.34396380900958,142.3734130859375,93604600,0.0,0.0
2022-11-03 00:00:00-04:00,139.45781809061094,140.18426855678922,136.20845130657773,136.33607482910156,97918500,0.0,0.0
2022-11-04 00:00:00-04:00,139.71866273149064,140.28898493787645,132.1373429796548,136.07058715820312,140814800,0.23,0.0
2022-11-07 00:00:00-05:00,134.82177198830993,136.827719829141,133.40580174577732,136.6015625,83374600,0.0,0.0
2022-11-08 00:00:00-05:00,138.06670690734794,139.06967336647747,135.19544046730184,137.17189025878906,89908500,0.0,0.0
2022-11-09 00:00:00-05:00,136.18857977969958,136.23774833279379,132.3438299914245,132.61915588378906,74917800,0.0,0.0
2022-11-10 00:00:00-05:00,138.88285345399055,144.41888427734375,137.17188688278108,144.41888427734375,118854000,0.0,0.0
2022-11-11 00:00:00-05:00,143.3864383750097,147.5064994693465,141.9606252113591,147.20167541503906,93979700,0.0,0.0
2022-11-14 00:00:00-05:00,146.48384590068005,147.77198095425382,144.96953850636208,145.80535888671875,73374100,0.0,0.0
2022-11-15 00:00:00-05:00,149.67963703147598,151.02676861885655,146.08071431905194,147.5360107421875,89868300,0.0,0.0
2022-11-16 00:00:00-05:00,146.6411608430867,147.36880131400713,144.83185736513215,146.30682373046875,64218300,0.0,0.0
2022-11-17 00:00:00-05:00,143.98623783804743,148.95196191687904,143.71091192910288,148.20465087890625,80389400,0.0,0.0
2022-11-18 00:00:00-05:00,149.76810292744864,150.15159363499748,147.4671586821555,148.76512145996094,74829600,0.0,0.0
2022-11-21 00:00:00-05:00,147.65399909356225,147.8604860232478,145.2547175972566,145.5398712158203,58724100,0.0,0.0
2022-11-22 00:00:00-05:00,145.65788443814483,147.909660354169,144.47789906303868,147.6736602783203,51804100,0.0,0.0
2022-11-23 00:00:00-05:00,146.95583870512687,149.29612388958984,146.84767388557262,148.54881286621094,58301400,0.0,0.0
2022-11-25 00:00:00-05:00,145.83488861865806,146.39538323134536,144.6647458342524,145.6382293701172,35195900,0.0,0.0
2022-11-28 00:00:00-05:00,142.7177853624681,144.19275214587688,140.98716307142482,141.81314086914062,69246000,0.0,0.0
2022-11-29 00:00:00-05:00,141.88198289483077,142.39330897926848,138.00774892115945,138.81405639648438,83763800,0.0,0.0
2022-11-30 00:00:00-05:00,139.04019702693043,146.23804217919428,138.20439151332914,145.55955505371094,111380900,0.0,0.0
2022-12-01 00:00:00-05:00,145.73654727553216,146.64119170281938,144.16324348642758,145.83486938476562,71250400,0.0,0.0
2022-12-02 00:00:00-05:00,143.5240993516398,145.53004745802465,143.2192602974079,145.3432159423828,65447400,0.0,0.0
2022-12-05 00:00:00-05:00,145.30386574755366,148.40128929094377,143.3372438141924,144.18289184570312,68826400,0.0,0.0
2022-12-06 00:00:00-05:00,144.61558740538712,144.84174478338647,139.55152565219004,140.52500915527344,64727200,0.0,0.0
2022-12-07 00:00:00-05:00,139.816952722661,140.97725216235457,137.6634998599058,138.5878143310547,69721100,0.0,0.0
2022-12-08 00:00:00-05:00,139.98417924727298,141.12482380942538,138.7452125702619,140.2693328857422,62128300,0.0,0.0
2022-12-09 00:00:00-05:00,139.96449489513216,143.14060047218985,138.54852454565471,139.78750610351562,76097000,0.0,0.0
2022-12-12 00:00:00-05:00,140.31847817047847,142.0884409898644,138.7058487137347,142.07861328125,70462700,0.0,0.0
2022-12-13 00:00:00-05:00,147.00504073940357,147.46719825510277,141.8328286540092,143.04229736328125,93886200,0.0,0.0
2022-12-14 00:00:00-05:00,142.92427726159215,144.21241242784126,138.80420126905452,140.8199920654297,82291200,0.0,0.0
2022-12-15 00:00:00-05:00,138.75505030022137,139.43353745953314,133.7598273780729,134.22198486328125,98931900,0.0,0.0
2022-12-16 00:00:00-05:00,134.40876216882202,135.3527321802719,131.49815545789718,132.26513671875,160156900,0.0,0.0
2022-12-19 00:00:00-05:00,132.85516655290323,132.94366095306307,129.12842399506934,130.160888671875,79592600,0.0,0.0
2022-12-20 00:00:00-05:00,129.1972093009086,131.02616804412892,127.72224305650941,130.09202575683594,77432800,0.0,0.0
2022-12-21 00:00:00-05:00,130.76068907847488,134.52677190815584,130.53453175568677,133.18946838378906,85928000,0.0,0.0
2022-12-22 00:00:00-05:00,132.10786913644063,132.31435609146064,128.12545567267372,130.0232391357422,77852100,0.0,0.0
2022-12-23 00:00:00-05:00,128.7350936895975,130.21006041152802,127.47645662054781,129.65940856933594,63814900,0.0,0.0
2022-12-27 00:00:00-05:00,129.18743096288975,129.2169290987198,126.57181955561124,127.85995483398438,69007800,0.0,0.0
2022-12-28 00:00:00-05:00,127.50594763388183,128.84325132058044,123.76936998157427,123.93653106689453,85438400,0.0,0.0
2022-12-29 00:00:00-05:00,125.8540011982905,128.30244404039559,125.59834568207035,127.44696807861328,75703700,0.0,0.0
2022-12-30 00:00:00-05:00,126.26695961626481,127.78125184057714,125.30331160781724,127.76158142089844,77034200,0.0,0.0
2023-01-03 00:00:00-05:00,128.10576937065363,128.7154174535332,122.09773792777466,122.98271942138672,112117500,0.0,0.0
2023-01-04 00:00:00-05:00,124.77235152537197,126.51281646624362,122.99256074022561,124.2511978149414,89113600,0.0,0.0
2023-01-05 00:00:00-05:00,125.00834271164995,125.63766124201173,122.67790010774006,122.93355560302734,80962700,0.0,0.0
2023-01-06 00:00:00-05:00,123.90705557556224,128.1156191203873,122.8057442493749,127.45680236816406,87754700,0.0,0.0
2023-01-09 00:00:00-05:00,128.29258725392592,131.18352399196448,127.72226507394718,127.97792053222656,70790800,0.0,0.0
2023-01-10 00:00:00-05:00,128.08606049318604,129.06937130152838,125.9817759634987,128.5482177734375,63896200,0.0,0.0
2023-01-11 00:00:00-05:00,129.05956971451124,131.28184718963053,128.28276062052532,131.26219177246094,69458900,0.0,0.0
2023-01-12 00:00:00-05:00,131.64565949039473,132.01930740516633,129.24637865052426,131.18350219726562,71379600,0.0,0.0
2023-01-13 00:00:00-05:00,129.82653652186355,132.66830441383743,129.4627162913207,132.51097106933594,57809700,0.0,0.0
2023-01-17 00:00:00-05:00,132.5798193932039,134.99875596810472,131.8915047175872,133.67129516601562,63646600,0.0,0.0
2023-01-18 00:00:00-05:00,134.53663801277594,136.2967583598761,132.77650266153844,132.95350646972656,69672800,0.0,0.0
2023-01-19 00:00:00-05:00,131.84235433638028,133.9761376268957,131.53753029546903,133.0124969482422,58280400,0.0,0.0
2023-01-20 00:00:00-05:00,133.02231973826562,135.71659745917918,131.98001240951498,135.569091796875,80223600,0.0,0.0
2023-01-23 00:00:00-05:00,135.81492969380113,140.92815961902411,135.59860004292767,138.75503540039062,81760300,0.0,0.0
2023-01-24 00:00:00-05:00,137.96838472187488,140.77082749424633,137.95855701188813,140.15133666992188,66435100,0.0,0.0
2023-01-25 00:00:00-05:00,138.53871015801215,140.05300275817604,136.49342112366645,139.49252319335938,65799300,0.0,0.0
2023-01-26 00:00:00-05:00,140.78065564701856,141.8426334902846,139.53184628445516,141.55747985839844,54105100,0.0,0.0
2023-01-27 00:00:00-05:00,140.77080718806803,144.77287517943125,140.69214050710963,143.49456787109375,70555800,0.0,0.0
2023-01-30 00:00:00-05:00,142.540806802597,143.12095684480488,140.4660194445421,140.61351013183594,64015300,0.0,0.0
2023-01-31 00:00:00-05:00,140.31849689379183,141.93112656571586,139.90550801485074,141.8819580078125,65874500,0.0,0.0
2023-02-01 00:00:00-05:00,141.56730384751015,144.16324461699494,138.961535368266,143.0029296875,77663600,0.0,0.0
2023-02-02 00:00:00-05:00,146.41502317640206,148.65697138188685,145.6972102432423,148.30299377441406,118339000,0.0,0.0
2023-02-03 00:00:00-05:00,145.5595602225663,154.75352622762708,145.3629009773319,151.9215850830078,154357300,0.0,0.0
2023-02-06 00:00:00-05:00,150.0238078121574,150.54496158543438,148.26367223482333,149.19781494140625,69858300,0.0,0.0
2023-02-07 00:00:00-05:00,148.12598902287087,152.63938353904294,148.12598902287087,152.06906127929688,83322600,0.0,0.0
2023-02-08 00:00:00-05:00,151.31189384284664,152.00020850727236,148.64711456554969,149.3845977783203,64120100,0.0,0.0
2023-02-09 00:00:00-05:00,151.21355015828513,151.75437415824857,147.90962490884843,148.35211181640625,56007100,0.0,0.0
2023-02-10 00:00:00-05:00,147.19007494553122,149.04151212756338,146.95371454850684,148.71652221679688,57450700,0.23,0.0
2023-02-13 00:00:00-05:00,148.65744714640496,151.91717418893083,148.62790397291747,151.51341247558594,62199000,0.0,0.0
2023-02-14 00:00:00-05:00,149.8096612758476,151.43461079325414,148.56880303013764,150.87326049804688,61707600,0.0,0.0
2023-02-15 00:00:00-05:00,150.78461690781828,153.1383177826238,150.55811427879883,152.9709014892578,65573800,0.0,0.0
2023-02-16 00:00:00-05:00,151.17852906062296,153.95570692832584,151.02097051495025,151.37550354003906,68167900,0.0,0.0
2023-02-17 00:00:00-05:00,150.03617955770974,150.67630162569367,148.55896091432058,150.23313903808594,59144100,0.0,0.0
2023-02-21 00:00:00-05:00,147.9188545173904,149.00215442484804,146.15604651567105,146.2249755859375,58867200,0.0,0.0
2023-02-22 00:00:00-05:00,146.60902132895072,147.67262055430007,144.9250004924314,146.64842224121094,51011300,0.0,0.0
2023-02-23 00:00:00-05:00,147.810473815914,148.0566768897737,145.0037677901394,147.13095092773438,48394200,0.0,0.0
2023-02-24 00:00:00-05:00,144.87577631301392,144.9545631210652,143.5068874555982,144.4818572998047,55469600,0.0,0.0
2023-02-27 00:00:00-05:00,145.46664446890208,146.90446214048941,145.21058363066865,145.67344665527344,44998500,0.0,0.0
2023-02-28 00:00:00-05:00,144.81668575965537,146.81585399639758,144.60002580056587,145.1712188720703,50547000,0.0,0.0
2023-03-01 00:00:00-05:00,144.60000744430354,144.9939263960711,142.80764165155819,143.10308837890625,55479000,0.0,0.0
2023-03-02 00:00:00-05:00,142.1872382713636,144.48185327566276,141.7145174362223,143.69400024414062,52238100,0.0,0.0
2023-03-03 00:00:00-05:00,145.79161175732688,148.8149928448926,145.0924034132026,148.7362060546875,70732300,0.0,0.0
2023-03-06 00:00:00-05:00,151.4542972077173,153.92618602775224,151.1293223291666,151.4936981201172,87558000,0.0,0.0
2023-03-07 00:00:00-05:00,151.3656586110283,151.69064849711955,148.83469862838186,149.2975616455078,56182000,0.0,0.0
2023-03-08 00:00:00-05:00,150.48916195859897,151.13914166926784,149.52405013269365,150.54824829101562,47204800,0.0,0.0
2023-03-09 00:00:00-05:00,151.2277963802791,152.1929083670859,147.9483691410299,148.3029022216797,53833600,0.0,0.0
2023-03-10 00:00:00-05:00,147.92869544727571,148.64760438030467,145.3681768808884,146.24465942382812,68572400,0.0,0.0
2023-03-13 00:00:00-04:00,145.56511831219402,150.81417020284252,145.4567883472071,148.18472290039062,84457100,0.0,0.0
2023-03-14 00:00:00-04:00,148.98238986483992,151.07018694052056,147.820318670502,150.27249145507812,73695900,0.0,0.0
2023-03-15 00:00:00-04:00,148.8937927615987,150.92250395033966,147.64307677577528,150.6664581298828,77167900,0.0,0.0
2023-03-16 00:00:00-04:00,149.84907174243986,154.08376844517147,149.33696504123728,153.4830322265625,76161100,0.0,0.0
2023-03-17 00:00:00-04:00,153.70953434482817,154.35951419092353,151.93686886777078,152.64593505859375,98944600,0.0,0.0
2023-03-20 00:00:00-04:00,152.71486085947325,155.4230948668754,151.80882025865256,155.00946044921875,73641400,0.0,0.0
2023-03-21 00:00:00-04:00,154.93069227015488,156.9790888157361,154.1625247817563,156.8609161376953,73938300,0.0,0.0
2023-03-22 00:00:00-04:00,156.88062840402722,159.67749219321786,155.41325242402124,155.43295288085938,75701800,0.0,0.0
2023-03-23 00:00:00-04:00,156.41773262448348,159.09642316640492,155.2851895124044,156.51620483398438,67622100,0.0,0.0
2023-03-24 00:00:00-04:00,156.44731907052963,157.9048374069247,155.4526638252611,157.8162078857422,59196500,0.0,0.0
2023-03-27 00:00:00-04:00,157.5108907515981,158.3282868109909,155.4723219600322,155.8760986328125,52390300,0.0,0.0
2023-03-28 00:00:00-04:00,155.57080817581272,156.08291480553032,153.61102618902072,155.2556610107422,45992200,0.0,0.0
2023-03-29 00:00:00-04:00,156.9495011006279,158.60399325884137,156.9298156779046,158.3282470703125,51305700,0.0,0.0
2023-03-30 00:00:00-04:00,159.07673846378026,160.0024644815908,158.82069266127598,159.89413452148438,49501700,0.0,0.0
2023-03-31 00:00:00-04:00,159.972908545837,162.49402556851254,159.45095924162882,162.39553833007812,68749800,0.0,0.0
2023-04-03 00:00:00-04:00,161.7751332479675,163.76444342844442,161.725889623748,163.64627075195312,56976200,0.0,0.0
2023-04-04 00:00:00-04:00,164.0697406002056,164.3060859426903,162.6023648150906,163.11447143554688,46278300,0.0,0.0
2023-04-05 00:00:00-04:00,162.23798454444034,162.54327395468036,159.3426339632527,161.27285766601562,51511700,0.0,0.0
2023-04-06 00:00:00-04:00,159.96308282888376,162.45467221127325,159.53962067833683,162.1592254638672,45390100,0.0,0.0
2023-04-10 00:00:00-04:00,158.96843186504725,159.5691680908203,157.6487867222166,159.5691680908203,47716900,0.0,0.0
2023-04-11 00:00:00-04:00,159.88432686993428,159.89416958590462,158.07226031922266,158.3578643798828,47644200,0.0,0.0
2023-04-12 00:00:00-04:00,158.77147274218814,159.59871163720814,157.35334033527027,157.66848754882812,50133100,0.0,0.0
2023-04-13 00:00:00-04:00,159.1752417539843,163.28190788405584,158.96842452673738,163.04554748535156,68445600,0.0,0.0
2023-04-14 00:00:00-04:00,162.09028798128088,163.79402444901268,161.3319931654023,162.7008819580078,49386500,0.0,0.0
2023-04-17 00:00:00-04:00,162.58269264644778,162.87813940299813,161.53879379674336,162.72056579589844,41516200,0.0,0.0
2023-04-18 00:00:00-04:00,163.5773508935462,164.8674527745674,163.13417327770642,163.9417266845703,49923000,0.0,0.0
2023-04-19 00:00:00-04:00,163.28194323734553,165.6061017331643,163.02588232654637,165.0841522216797,47720200,0.0,0.0
2023-04-20 00:00:00-04:00,163.56751067945328,165.3204757933169,163.04556123695718,164.11900329589844,52456400,0.0,0.0
2023-04-21 00:00:00-04:00,162.54333712378204,163.9220688758568,161.9918444229521,162.5137939453125,58337300,0.0,0.0
2023-04-24 00:00:00-04:00,162.49405610505224,163.0849495926161,161.40091367199096,162.8190460205078,41949600,0.0,0.0
2023-04-25 00:00:00-04:00,162.68116189989732,163.78414697340926,161.24332919160244,161.28273010253906,48714100,0.0,0.0
2023-04-26 00:00:00-04:00,160.58349205788602,162.76977657727082,160.32744626830737,161.27285766601562,45498800,0.0,0.0
2023-04-27 00:00:00-04:00,162.68118215487013,165.99999552987848,162.68118215487013,165.85227966308594,64902300,0.0,0.0
2023-04-28 00:00:00-04:00,165.93105213681218,167.27039764589344,165.33031595199535,167.10296630859375,55275900,0.0,0.0
2023-05-01 00:00:00-04:00,166.70902333840385,167.86125191507637,166.07874407354768,167.01431274414062,52472900,0.0,0.0
2023-05-02 00:00:00-04:00,167.50673256610264,167.76279339985444,164.99545801480568,165.9802703857422,48425700,0.0,0.0
2023-05-03 00:00:00-04:00,166.9256982160475,168.32412999077732,164.62124085601573,164.90682983398438,65136000,0.0,0.0
2023-05-04 00:00:00-04:00,162.38573893481126,164.50307988258416,161.81454585901537,163.27206420898438,81235400,0.0,0.0
2023-05-05 00:00:00-04:00,168.3832383689214,171.65282310766082,168.1665784150509,170.9339141845703,113453200,0.0,0.0
2023-05-08 00:00:00-04:00,169.86043164324718,171.20963479482143,169.49605587870553,170.8649444580078,55962800,0.0,0.0
2023-05-09 00:00:00-04:00,170.42178299192224,170.90433143409618,168.99380806621033,169.16122436523438,45326900,0.0,0.0
2023-05-10 00:00:00-04:00,170.39220401753116,171.38685888873536,169.2892041806763,170.9239959716797,53724500,0.0,0.0
2023-05-11 00:00:00-04:00,171.2096322648924,171.9383837832071,169.55513971049686,171.11114501953125,49514700,0.0,0.0
2023-05-12 00:00:00-04:00,171.21964497087455,171.65356424240227,168.63587209674515,170.18417358398438,45533100,0.24,0.0
2023-05-15 00:00:00-04:00,170.76598190315437,170.81529363826058,169.09934457223466,169.69105529785156,37266700,0.0,0.0
2023-05-16 00:00:00-04:00,169.61215953124739,170.74625419954612,169.42478396654107,169.69105529785156,42110300,0.0,0.0
2023-05-17 00:00:00-04:00,169.3360281894031,170.53914722242257,168.06385467134209,170.30247497558594,57951600,0.0,0.0
2023-05-18 00:00:00-04:00,170.60820660461047,172.81724313624747,170.19401507639674,172.62986755371094,65496700,0.0,0.0
2023-05-19 00:00:00-04:00,173.9513327998332,173.9513327998332,172.5213826746833,172.73834228515625,55809500,0.0,0.0
2023-05-22 00:00:00-04:00,171.57466634347682,172.2945846931845,171.0519949677244,171.7916259765625,43570900,0.0,0.0
2023-05-23 00:00:00-04:00,170.73645787700843,170.9830015913585,168.91202837168436,169.1881561279297,50747300,0.0,0.0
2023-05-24 00:00:00-04:00,168.7246024757336,170.03621645106807,168.16249079935005,169.4642333984375,45143500,0.0,0.0
2023-05-25 00:00:00-04:00,170.02637505144457,171.49576564962197,169.31632809947834,170.59835815429688,56058300,0.0,0.0
2023-05-26 00:00:00-04:00,170.92377905521317,173.3399036765556,170.7166757800904,173.0045928955078,54835000,0.0,0.0
2023-05-30 00:00:00-04:00,174.51345913931758,176.51539231960112,174.12885165758402,174.8487548828125,55964400,0.0,0.0
2023-05-31 00:00:00-04:00,174.87836477742368,176.8704419237823,174.31623796446905,174.79946899414062,99625300,0.0,0.0
2023-06-01 00:00:00-04:00,175.24321733975688,177.62975798334406,174.4838587106697,177.6001739501953,68901800,0.0,0.0
2023-06-02 00:00:00-04:00,178.52718373632618,179.2668146743205,176.78165050926717,178.4482879638672,61996900,0.0,0.0
2023-06-05 00:00:00-04:00,180.1050954524954,182.39301299737724,175.57854201305094,177.09725952148438,121946500,0.0,0.0
2023-06-06 00:00:00-04:00,177.4818328127375,177.62975297431,174.97694105936182,176.7323455810547,64848400,0.0,0.0
2023-06-07 00:00:00-04:00,175.9730110061888,178.70471906299082,174.86850018805862,175.36158752441406,61944600,0.0,0.0
2023-06-08 00:00:00-04:00,175.44047811466785,178.33983422301452,175.00657387447097,178.07357788085938,50214900,0.0,0.0
2023-06-09 00:00:00-04:00,178.99068805786467,179.71059129506313,178.13272098000036,178.45816040039062,48900000,0.0,0.0
2023-06-12 00:00:00-04:00,178.76385922591572,181.34763164971682,178.46800386072707,181.24900817871094,54274900,0.0,0.0
2023-06-13 00:00:00-04:00,180.27273686584886,181.60406367252176,179.91771337450308,180.7756805419922,54929100,0.0,0.0
2023-06-14 00:00:00-04:00,180.8348467124019,181.84074910193183,179.50351991974284,181.40682983398438,57462900,0.0,0.0
2023-06-15 00:00:00-04:00,181.4167083517838,183.9413132306641,181.23918907707676,183.4383544921875,65433200,0.0,0.0
2023-06-16 00:00:00-04:00,184.14839232814637,184.4048073735327,181.7224110612984,182.36341857910156,101256200,0.0,0.0
2023-06-20 00:00:00-04:00,181.86043752572817,183.52707478677846,181.86043752572817,182.45213317871094,49799100,0.0,0.0
2023-06-21 00:00:00-04:00,182.34369383727915,182.84665255889604,180.06563271508736,181.4167022705078,49515700,0.0,0.0
2023-06-22 00:00:00-04:00,181.19974867789384,184.4639845971855,181.13070922445527,184.4146728515625,51245300,0.0,0.0
2023-06-23 00:00:00-04:00,182.98470820219737,184.96691381940127,182.45216546765664,184.0990753173828,53117000,0.0,0.0
2023-06-26 00:00:00-04:00,184.2470177435845,185.45015206010262,182.66913223239737,182.70858764648438,48088700,0.0,0.0
2023-06-27 00:00:00-04:00,183.32000947784528,185.78544616190248,183.10304984582174,185.4600067138672,50730800,0.0,0.0
2023-06-28 00:00:00-04:00,185.33178721386028,187.27455239917202,185.00636283468697,186.633544921875,51216800,0.0,0.0
2023-06-29 00:00:00-04:00,186.46591313429835,187.44223149955704,186.3278492789131,186.96885681152344,46347300,0.0,0.0
2023-06-30 00:00:00-04:00,188.98063939826477,191.79122791985353,188.6157445714927,191.2882843017578,85213200,0.0,0.0
2023-07-03 00:00:00-04:00,191.10090642215079,191.19952989799955,189.10882958307744,189.79916381835938,31458200,0.0,0.0
2023-07-05 00:00:00-04:00,188.92148652956726,190.31198136153697,187.98460856583768,188.68479919433594,46920300,0.0,0.0
2023-07-06 00:00:00-04:00,187.2153769807983,189.36524537083605,186.5842258571581,189.15814208984375,45094300,0.0,0.0
2023-07-07 00:00:00-04:00,188.76369580404943,190.0062704618662,187.60987325439862,188.0437774658203,46815000,0.0,0.0
2023-07-10 00:00:00-04:00,186.6433878022031,187.36330604998784,184.45407912216882,186.00238037109375,59922200,0.0,0.0
2023-07-11 00:00:00-04:00,186.5447914459214,186.68285528837708,184.02018687082855,185.47972106933594,46638100,0.0,0.0
2023-07-12 00:00:00-04:00,187.05759515232103,189.04967210294507,185.86433228601203,187.1463623046875,60750200,0.0,0.0
2023-07-13 00:00:00-04:00,187.86627557643092,188.54673850979384,187.15622860664624,187.9057159423828,41342300,0.0,0.0
2023-07-14 00:00:00-04:00,187.6000029338883,188.53686585918993,187.00830716161786,188.05364990234375,41616200,0.0,0.0
2023-07-17 00:00:00-04:00,189.24689758888442,191.63345333608896,189.15814548736353,191.30801391601562,50520200,0.0,0.0
2023-07-18 00:00:00-04:00,190.6768691009351,191.64331601668746,189.75971887799713,191.05160522460938,48288200,0.0,0.0
2023-07-19 00:00:00-04:00,190.4303150490968,195.48938034906212,189.9865244553515,192.4026641845703,80507300,0.0,0.0
2023-07-20 00:00:00-04:00,192.39277822300156,193.7537038386121,189.83858989767532,190.4598846435547,59581200,0.0,0.0
2023-07-21 00:00:00-04:00,191.41651794617295,192.2744851317762,188.58618628535973,189.286376953125,71951700,0.0,0.0
2023-07-24 00:00:00-04:00,190.73602285584008,192.21528467718613,189.59205676918674,190.08514404296875,45377800,0.0,0.0
2023-07-25 00:00:00-04:00,190.6571617022808,191.7518162507371,190.25282645288883,190.94314575195312,37283200,0.0,0.0
2023-07-26 00:00:00-04:00,190.99243214213982,192.9351972994816,190.64728006234532,191.8109588623047,47471900,0.0,0.0
2023-07-27 00:00:00-04:00,193.3099676892758,194.4736466049838,189.88794029801272,190.54867553710938,47460200,0.0,0.0
2023-07-28 00:00:00-04:00,191.97860770429688,193.91151654263126,191.4559363697747,193.12257385253906,48291400,0.0,0.0
2023-07-31 00:00:00-04:00,193.34940127389015,193.77346420221568,192.56045853696887,193.7340087890625,38824100,0.0,0.0
2023-08-01 00:00:00-04:00,193.52691923606866,194.01013518521242,192.5801849485631,192.90562438964844,35175100,0.0,0.0
2023-08-02 00:00:00-04:00,192.3434921357412,192.48155598125388,189.19760772385698,189.91751098632812,50389300,0.0,0.0
2023-08-03 00:00:00-04:00,188.92147165885288,189.7103992851957,188.05363321247987,188.52699279785156,61235200,0.0,0.0
2023-08-04 00:00:00-04:00,182.95511789971007,184.78940327661547,179.40488328381886,179.4739227294922,115956800,0.0,0.0
2023-08-07 00:00:00-04:00,179.6119861039443,180.59816071157974,174.89807268327345,176.37733459472656,97576100,0.0,0.0
2023-08-08 00:00:00-04:00,177.20569866966517,177.77768168655697,175.1248698685598,177.31417846679688,67823000,0.0,0.0
2023-08-09 00:00:00-04:00,178.3693964131728,178.42856448196,174.56276182695083,175.72645568847656,60378500,0.0,0.0
2023-08-10 00:00:00-04:00,176.99860916334498,178.25105509162734,175.14461118800062,175.50949096679688,54686900,0.0,0.0
2023-08-11 00:00:00-04:00,175.10461152163393,176.38835756307438,174.34422750725284,175.5687255859375,52036700,0.24,0.0
2023-08-14 00:00:00-04:00,175.74649049543365,177.44500246999712,175.09473274674426,177.21788024902344,43675600,0.0,0.0
2023-08-15 00:00:00-04:00,176.6451282666605,177.23762299403361,174.8379899652799,175.2329864501953,43622600,0.0,0.0
2023-08-16 00:00:00-04:00,174.9169842350172,176.30935657463468,174.29485048513217,174.36398315429688,46964900,0.0,0.0
2023-08-17 00:00:00-04:00,174.9268647491592,175.29223725703497,171.31258808782235,171.8260955810547,66062900,0.0,0.0
2023-08-18 00:00:00-04:00,170.14734105941557,172.91236175457905,169.81159252872837,172.3099822998047,61172200,0.0,0.0
2023-08-21 00:00:00-04:00,172.88274314562352,173.92949746098708,171.56935789788312,173.6431121826172,46311900,0.0,0.0
2023-08-22 00:00:00-04:00,174.8478727981476,175.46012191641384,174.04799506153495,175.0157470703125,42038900,0.0,0.0
2023-08-23 00:00:00-04:00,176.28962468028294,179.28176749229362,176.1019960768648,178.8571319580078,52722800,0.0,0.0
2023-08-24 00:00:00-04:00,178.41275636104422,178.83739189345877,173.81097351698816,174.17636108398438,54945800,0.0,0.0
2023-08-25 00:00:00-04:00,175.16388093182096,176.91175631972774,173.62337343895007,176.37850952148438,51449600,0.0,0.0
2023-08-28 00:00:00-04:00,177.8400250704037,178.33377827348758,176.31927183489213,177.93878173828125,43820700,0.0,0.0
2023-08-29 00:00:00-04:00,177.45488030453177,182.58991008586239,177.2573820568172,181.8196563720703,53003900,0.0,0.0
2023-08-30 00:00:00-04:00,182.62942352828824,185.50307057198083,182.43192527543482,185.30555725097656,60813900,0.0,0.0
2023-08-31 00:00:00-04:00,185.49317264844964,186.75717945843076,185.1376697913831,185.52279663085938,60794500,0.0,0.0
2023-09-01 00:00:00-04:00,187.1225652663115,187.54718572230075,185.92767607044595,187.0929412841797,45766500,0.0,0.0
2023-09-05 00:00:00-04:00,185.92766852324166,187.60642607121574,185.26604116890505,187.32992553710938,45280000,0.0,0.0
2023-09-06 00:00:00-04:00,186.0461707664675,186.49056063180015,179.2027597126584,180.62477111816406,81755800,0.0,0.0
2023-09-07 00:00:00-04:00,172.99135904079122,175.98351721110967,171.3718491931888,175.3416290283203,112488800,0.0,0.0
2023-09-08 00:00:00-04:00,176.12176201867752,177.98814840122637,175.56874581023814,175.95387268066406,65551300,0.0,0.0
2023-09-11 00:00:00-04:00,177.82027676778657,178.0473990105972,175.12437356668377,177.119140625,58953100,0.0,0.0
2023-09-12 00:00:00-04:00,177.24749835360407,177.87950173703112,172.6358460753217,174.09735107421875,90370200,0.0,0.0
2023-09-13 00:00:00-04:00,174.30473020059844,175.08486860955094,171.8063404869434,172.03347778320312,84267900,0.0,0.0
2023-09-14 00:00:00-04:00,171.82610607332606,173.89987544974738,171.41135521167203,173.54437255859375,60895800,0.0,0.0
2023-09-15 00:00:00-04:00,174.27510652680778,174.29486087176767,171.6483512368518,172.82347106933594,109259500,0.0,0.0
2023-09-18 00:00:00-04:00,174.2751007250675,177.13887792290447,173.9689761950564,175.74649047851562,67257600,0.0,0.0
2023-09-19 00:00:00-04:00,175.30212586469654,177.38576479928514,174.91699900323943,176.832763671875,51826900,0.0,0.0
2023-09-20 00:00:00-04:00,177.0203888259045,177.45489404541186,173.20861358406935,173.29750061035156,58436200,0.0,0.0
2023-09-21 00:00:00-04:00,172.36922214048295,174.0973581099587,171.6878404044714,171.7569580078125,63149100,0.0,0.0
2023-09-22 00:00:00-04:00,172.48772049861157,174.86761425499944,171.87547142547365,172.60621643066406,56725400,0.0,0.0
2023-09-25 00:00:00-04:00,172.02359502231215,174.75899170155245,171.97421669351675,173.88011169433594,46172700,0.0,0.0
2023-09-26 00:00:00-04:00,172.63583748924898,173.01107959102313,169.51531434646242,169.8115692138672,64588900,0.0,0.0
2023-09-27 00:00:00-04:00,170.46333088230946,170.87808171574733,166.93794126401278,168.30068969726562,66921800,0.0,0.0
2023-09-28 00:00:00-04:00,167.2243249736919,169.8807195182162,165.5258128129139,168.55746459960938,56294400,0.0,0.0
2023-09-29 00:00:00-04:00,169.8708616906263,170.9077464641982,168.21184303928078,169.07098388671875,51861100,0.0,0.0
2023-10-02 00:00:00-04:00,169.08081880430257,172.12233981703872,168.79443355791753,171.57920837402344,52164500,0.0,0.0
2023-10-03 00:00:00-04:00,170.1078434596355,171.46073744550782,168.6858469308082,170.24609375,49594600,0.0,0.0
2023-10-04 00:00:00-04:00,168.95244285882518,172.03347264460572,168.83394692911625,171.49034118652344,53020300,0.0,0.0
2023-10-05 00:00:00-04:00,171.61871413723316,173.2579782200924,170.52258153582127,172.7247314453125,48527900,0.0,0.0
2023-10-06 00:00:00-04:00,171.6285909459562,175.76624458491796,171.016326818613,175.27249145507812,57266700,0.0,0.0
2023-10-09 00:00:00-04:00,174.6010122921434,176.81303215553828,173.6036362062995,176.7537841796875,42390800,0.0,0.0
2023-10-10 00:00:00-04:00,175.87483897307072,177.4745940017534,175.72670402010016,176.1612091064453,43698000,0.0,0.0
2023-10-11 00:00:00-04:00,175.9736185461729,177.60301297187604,175.3811238107674,177.5536346435547,47551100,0.0,0.0
2023-10-12 00:00:00-04:00,177.8202822818536,180.0619109305439,176.80313684087554,178.45228576660156,56743100,0.0,0.0
2023-10-13 00:00:00-04:00,179.1533924067404,179.6570151987734,175.91437292525092,176.61550903320312,51427100,0.0,0.0
2023-10-16 00:00:00-04:00,174.54176320804768,176.8426550206093,174.3047562379969,176.48715209960938,52517000,0.0,0.0
2023-10-17 00:00:00-04:00,174.44298390478113,176.19087429527403,172.61610626933813,174.93673706054688,57549400,0.0,0.0
2023-10-18 00:00:00-04:00,173.3863659573123,175.36137864838344,172.9222367694585,173.6431121826172,54764400,0.0,0.0
2023-10-19 00:00:00-04:00,173.84062376512662,175.6181383369893,173.0012523479638,173.26788330078125,59302900,0.0,0.0
2023-10-20 00:00:00-04:00,173.11972583296543,173.22835212793277,170.4830858385587,170.7200927734375,64244000,0.0,0.0
2023-10-23 00:00:00-04:00,168.7747380957869,171.83599917885627,167.80697088494813,170.838623046875,55980100,0.0,0.0
2023-10-24 00:00:00-04:00,170.88794448829165,171.50019348742782,169.30792860053273,171.2730712890625,43816600,0.0,0.0
2023-10-25 00:00:00-04:00,169.73259505065448,170.89784530264086,168.51795139973865,168.96234130859375,57157000,0.0,0.0
2023-10-26 00:00:00-04:00,168.2414494672427,169.2388405091802,163.600172706508,164.804931640625,70625300,0.0,0.0
2023-10-27 00:00:00-04:00,164.8247009041889,166.8490920877316,164.74569858206283,166.1183319091797,58499100,0.0,0.0
2023-10-30 00:00:00-04:00,166.90832288755587,169.03145545417337,166.7601878982554,168.16244506835938,51131000,0.0,0.0
2023-10-31 00:00:00-04:00,167.23418704526227,168.764809656098,165.8022909489589,168.63644409179688,44846000,0.0,0.0
2023-11-01 00:00:00-04:00,168.86356825336904,172.0532092124064,167.99455793411695,171.7964630126953,56934900,0.0,0.0
2023-11-02 00:00:00-04:00,173.32709544733643,175.55885407348563,173.2678474852133,175.3514862060547,77334800,0.0,0.0
2023-11-03 00:00:00-04:00,172.06308417750907,174.61085195895754,171.18420427007575,174.44296264648438,79829200,0.0,0.0
2023-11-06 00:00:00-05:00,174.17635419198152,177.18823614800198,174.00847994055556,176.99073791503906,63841300,0.0,0.0
2023-11-07 00:00:00-05:00,176.94138484513783,180.1606652677133,176.7340169447808,179.5484161376953,70530000,0.0,0.0
2023-11-08 00:00:00-05:00,180.07177947416378,181.15802736111343,179.32126504404005,180.6050262451172,49340300,0.0,0.0
2023-11-09 00:00:00-05:00,180.67418930816274,181.8196853547634,179.53854783351557,180.1310577392578,53763500,0.0,0.0
2023-11-10 00:00:00-05:00,181.9108804268445,184.48178544542026,181.475802800193,184.3136749267578,66133400,0.24,0.0
2023-11-13 00:00:00-05:00,183.7401702602705,183.9478113332898,182.14818998578377,182.73158264160156,43627500,0.0,0.0
2023-11-14 00:00:00-05:00,185.59912547957174,186.00454008995078,184.21480130754796,185.342041015625,60108400,0.0,0.0
2023-11-15 00:00:00-05:00,185.7474572062222,187.3789832148446,185.67823345303117,185.90565490722656,53790500,0.0,0.0
2023-11-16 00:00:00-05:00,187.4482222334322,188.82266388785246,186.5385061665612,187.58665466308594,54412900,0.0,0.0
2023-11-17 00:00:00-05:00,188.12057839811112,188.24912816814668,186.4593894684262,187.5668487548828,50922700,0.0,0.0
2023-11-20 00:00:00-05:00,187.7646375447921,189.76203272766995,187.75475490242272,189.3071746826172,46505100,0.0,0.0
2023-11-21 00:00:00-05:00,189.26759612132614,189.37636552049437,187.61628985249988,188.50621032714844,38134500,0.0,0.0
2023-11-22 00:00:00-05:00,189.34672485819107,190.77059476808083,188.69410838615653,189.16873168945312,39617700,0.0,0.0
2023-11-24 00:00:00-05:00,188.7336553269539,188.76331834061182,187.13179223741543,187.84373474121094,24048300,0.0,0.0
2023-11-27 00:00:00-05:00,187.79427548166112,188.53588093642713,186.78568783853885,187.6657257080078,40552600,0.0,0.0
2023-11-28 00:00:00-05:00,187.65584993609482,188.9413024556769,187.2800983304318,188.26890563964844,38415400,0.0,0.0
2023-11-29 00:00:00-05:00,188.76331653900834,189.93999969621768,186.85492560121705,187.2504425048828,43014200,0.0,0.0
2023-11-30 00:00:00-05:00,187.71517468500207,188.18981305356235,186.08364867108205,187.82394409179688,48794400,0.0,0.0
2023-12-01 00:00:00-05:00,188.19971472368132,189.4159436040849,187.11202054575708,189.0995330810547,45704800,0.0,0.0
2023-12-04 00:00:00-05:00,187.85361573572166,187.9228394923183,185.35193435249073,187.3097686767578,43389500,0.0,0.0
2023-12-05 00:00:00-05:00,188.0810636242485,192.2241539878595,188.05138552105933,191.255126953125,66628400,0.0,0.0
2023-12-06 00:00:00-05:00,192.27358406476233,192.58011192579394,189.95977851245675,190.1674346923828,41089700,0.0,0.0
2023-12-07 00:00:00-05:00,191.4627298348145,192.81739077775995,191.42316910024707,192.09556579589844,47477700,0.0,0.0
2023-12-08 00:00:00-05:00,192.0263919187675,193.79636559429088,191.50232520965804,193.51950073242188,53406400,0.0,0.0
2023-12-11 00:00:00-05:00,190.94856782781682,191.32431940935732,189.2774811684409,191.0177764892578,60943700,0.0,0.0
2023-12-12 00:00:00-05:00,190.91889435682484,192.54053754746204,189.5741159727842,192.53065490722656,52696900,0.0,0.0
2023-12-13 00:00:00-05:00,192.90640609677627,195.7838388648497,192.66910200901862,195.74429321289062,70404200,0.0,0.0
2023-12-14 00:00:00-05:00,195.80361960949875,197.38570218691584,193.96443748585023,195.89260864257812,66831600,0.0,0.0
2023-12-15 00:00:00-05:00,195.3191123528845,196.1793699091571,194.79504567055722,195.35867309570312,128538400,0.0,0.0
2023-12-18 00:00:00-05:00,193.89520715993984,194.42917151631295,192.214237877434,193.69744873046875,55751900,0.0,0.0
2023-12-19 00:00:00-05:00,193.964464462268,194.74561567460933,193.6974822378966,194.73573303222656,40714100,0.0,0.0
2023-12-20 00:00:00-05:00,194.69614571593394,195.46741418063525,192.64932250976562,192.64932250976562,52242800,0.0,0.0
2023-12-21 00:00:00-05:00,193.9051267903215,194.8741537657828,191.33422165280876,192.50100708007812,46482500,0.0,0.0
2023-12-22 00:00:00-05:00,192.99542315884526,193.22285972664613,190.8101672306993,191.43312072753906,37149600,0.0,0.0
2023-12-26 00:00:00-05:00,191.44298138124012,191.719846217368,190.6717128965979,190.88925170898438,28919300,0.0,0.0
2023-12-27 00:00:00-05:00,190.33552729492325,191.33421726083122,188.95118798803827,190.98812866210938,48087700,0.0,0.0
2023-12-28 00:00:00-05:00,191.96704448132198,192.48122849088116,191.00790021395272,191.41331481933594,34049900,0.0,0.0
2023-12-29 00:00:00-05:00,191.72972215657148,192.2241257878035,189.58401220758475,190.37506103515625,42672100,0.0,0.0
2024-01-02 00:00:00-05:00,185.0552730997862,186.33084291740326,181.83176685644636,183.5621795654297,82488700,0.0,0.0
2024-01-03 00:00:00-05:00,182.15809638511382,183.79952025374087,181.37693010719954,182.18775939941406,58414500,0.0,0.0
2024-01-04 00:00:00-05:00,180.1112512492328,181.04073256447913,178.85547678867908,179.8739471435547,71983600,0.0,0.0
2024-01-05 00:00:00-05:00,179.95306152436652,180.71443234786256,178.1534248404595,179.15211486816406,62379700,0.0,0.0
2024-01-08 00:00:00-05:00,180.0519155054874,183.52263874374273,179.46852282651062,183.4830780029297,59144500,0.0,0.0
2024-01-09 00:00:00-05:00,181.8614486084712,183.07767744176536,180.68476543102267,183.0677947998047,42841800,0.0,0.0
2024-01-10 00:00:00-05:00,182.28666173303466,184.31370496059992,181.86146667843008,184.10606384277344,46792900,0.0,0.0
2024-01-11 00:00:00-05:00,184.45212033242825,184.9564217479187,181.56480461990643,183.51275634765625,49128400,0.0,0.0
2024-01-12 00:00:00-05:00,183.97748271061099,184.64987951630312,183.11722519297732,183.83905029296875,40477800,0.0,0.0
2024-01-16 00:00:00-05:00,180.1211135415678,182.19759949773234,178.90486988724322,181.5746612548828,65603000,0.0,0.0
2024-01-17 00:00:00-05:00,179.24109293861534,180.88250149305736,178.2819487070673,180.6352996826172,47317400,0.0,0.0
2024-01-18 00:00:00-05:00,184.0071435872404,187.02300881659582,183.75005912545993,186.5187225341797,78005800,0.0,0.0
2024-01-19 00:00:00-05:00,187.21090309791916,189.80157360580037,186.70661676571424,189.4159393310547,68903000,0.0,0.0
2024-01-22 00:00:00-05:00,190.14764863184953,193.14373357255337,190.10808789018887,191.7198486328125,60133900,0.0,0.0
2024-01-23 00:00:00-05:00,192.83720939883855,193.55903452389106,191.66052626402544,192.9954071044922,42355600,0.0,0.0
2024-01-24 00:00:00-05:00,193.23271418014866,194.18197579456825,192.16480052192722,192.32301330566406,53631300,0.0,0.0
2024-01-25 00:00:00-05:00,193.0349547434494,194.07320538533628,190.9485708187439,191.9967041015625,54822100,0.0,0.0
2024-01-26 00:00:00-05:00,192.09558049769083,192.5800863732271,189.7916578927919,190.2662811279297,44594000,0.0,0.0
2024-01-29 00:00:00-05:00,189.86089500402176,190.04877081575225,187.45810037105477,189.5840301513672,47145600,0.0,0.0
2024-01-30 00:00:00-05:00,188.80286821503816,189.65324309628332,185.37170567810733,185.93531799316406,55859400,0.0,0.0
2024-01-31 00:00:00-05:00,184.94651023142666,185.00585134318092,182.28663127585358,182.3360595703125,55467800,0.0,0.0
2024-02-01 00:00:00-05:00,181.93065217781273,184.857513201702,181.7625567551165,184.76852416992188,64885400,0.0,0.0
2024-02-02 00:00:00-05:00,177.84689023760967,185.23328233515724,177.2437171517322,183.7698516845703,102551700,0.0,0.0
2024-02-05 00:00:00-05:00,186.04410163536497,187.13179578344227,183.75995901240586,185.57936096191406,69668800,0.0,0.0
2024-02-06 00:00:00-05:00,184.76853636353553,187.19111127921153,184.67954732588265,187.1812286376953,43490800,0.0,0.0
2024-02-07 00:00:00-05:00,188.5062066759397,188.91162125480523,186.49892923853312,187.28997802734375,53439000,0.0,0.0
2024-02-08 00:00:00-05:00,187.27020463334281,187.41851968576853,185.25304448034683,186.21218872070312,40962000,0.0,0.0
2024-02-09 00:00:00-05:00,186.77650719907678,188.10321111496148,186.13296840440984,186.9745330810547,45155200,0.24,0.0
2024-02-12 00:00:00-05:00,186.54880424779185,186.796321504533,184.9349868995182,185.29141235351562,41781900,0.0,0.0
2024-02-13 00:00:00-05:00,183.92510799252145,184.36074073565214,181.68754255866872,183.2023468017578,56529500,0.0,0.0
2024-02-14 00:00:00-05:00,183.47962222785034,183.68752828939827,180.62821823999963,182.32122802734375,54630500,0.0,0.0
2024-02-15 00:00:00-05:00,181.727184392981,182.65785175424014,179.54903541760635,182.0341033935547,65434500,0.0,0.0
2024-02-16 00:00:00-05:00,181.5984737728991,183.0142804515248,179.86585283584154,180.49949645996094,49752500,0.0,0.0
2024-02-20 00:00:00-05:00,179.98465441119404,180.6182980286837,178.2124373755958,179.75694274902344,53665600,0.0,0.0
2024-02-21 00:00:00-05:00,180.13316833455778,181.0737309260645,178.86588113831095,180.5093994140625,41371400,0.0,0.0
2024-02-22 00:00:00-05:00,181.65787110291916,183.1231842228548,180.64801151557128,182.53903198242188,52292200,0.0,0.0
2024-02-23 00:00:00-05:00,183.1726595934398,183.20236045475278,180.4202689919066,180.7073974609375,45119700,0.0,0.0
2024-02-26 00:00:00-05:00,180.43017719516277,180.94500218994074,178.8559560281093,179.36090087890625,40867400,0.0,0.0
2024-02-27 00:00:00-05:00,179.30152539649055,182.09351248592515,177.77681047698752,180.8163299560547,54318900,0.0,0.0
2024-02-28 00:00:00-05:00,180.69748823755316,181.30143093346823,178.34113428414614,179.61831665039062,48953900,0.0,0.0
2024-02-29 00:00:00-05:00,179.46981142225187,180.75690414056305,177.74708592784262,178.95497131347656,136682600,0.0,0.0
2024-03-01 00:00:00-05:00,177.76690051629518,178.73716395290236,175.61845249589473,177.8758087158203,73563100,0.0,0.0
2024-03-04 00:00:00-05:00,174.4006596751229,175.14321147352493,172.06409607852763,173.36109924316406,81510100,0.0,0.0
2024-03-05 00:00:00-05:00,169.06417026385637,170.3314573247722,167.9354922531265,168.43052673339844,95132400,0.0,0.0
2024-03-06 00:00:00-05:00,169.3612273012443,169.53944760498507,167.00485787713032,167.44049072265625,68587700,0.0,0.0
2024-03-07 00:00:00-05:00,167.47015957545335,169.0344703547855,166.81672553933012,167.3216552734375,71765100,0.0,0.0
2024-03-08 00:00:00-05:00,167.32166963491963,171.9749911536114,167.26226790901475,169.03448486328125,76267000,0.0,0.0
2024-03-11 00:00:00-04:00,171.2225546353428,172.6482565736913,170.34139373001014,171.03443908691406,60139500,0.0,0.0
2024-03-12 00:00:00-04:00,171.43046672764987,172.30173241116674,169.31171935776177,171.50967407226562,59825400,0.0,0.0
2024-03-13 00:00:00-04:00,171.05423942259554,171.4700666239107,169.06419090034882,169.43052673339844,52488700,0.0,0.0
2024-03-14 00:00:00-04:00,171.19286456313577,172.57895536432744,170.34140446890183,171.28196716308594,72913500,0.0,0.0
2024-03-15 00:00:00-04:00,169.47011882986195,170.9057159423828,168.59885322457814,170.9057159423828,121752700,0.0,0.0
2024-03-18 00:00:00-04:00,173.82643054023092,175.94517770513775,171.7967859641753,171.9947967529297,75604200,0.0,0.0
2024-03-19 00:00:00-04:00,172.6086342803731,174.85609525037736,171.31164624406932,174.33135986328125,55215200,0.0,0.0
2024-03-20 00:00:00-04:00,173.97492929704185,176.8956298828125,173.3511809805003,176.8956298828125,53423100,0.0,0.0
2024-03-21 00:00:00-04:00,175.29172116809335,175.72735394947048,169.14338597139206,169.66812133789062,106181300,0.0,0.0
2024-03-22 00:00:00-04:00,170.05426688241553,171.33146450930536,168.37115239719608,170.56910705566406,71160100,0.0,0.0
2024-03-25 00:00:00-04:00,168.87608692531137,170.2324767040703,167.76719930445816,169.15330505371094,54288300,0.0,0.0
2024-03-26 00:00:00-04:00,168.31174106723407,169.71763732680742,167.8959138727621,168.02462768554688,57388400,0.0,0.0
2024-03-27 00:00:00-04:00,168.71767294274684,171.87599567632833,168.42064920188324,171.5888671875,60273300,0.0,0.0
2024-03-28 00:00:00-04:00,170.04439201670246,170.51962102200082,168.8167007201525,169.77706909179688,65672700,0.0,0.0
2024-04-01 00:00:00-04:00,169.48994505423667,169.54934678777494,167.79692011211174,168.34146118164062,46240500,0.0,0.0
2024-04-02 00:00:00-04:00,167.40089107386055,167.65830361021796,166.55932626663449,167.16326904296875,49329500,0.0,0.0
2024-04-03 00:00:00-04:00,167.11374996517486,168.98497988400436,166.90584392266877,167.9652099609375,47691700,0.0,0.0
2024-04-04 00:00:00-04:00,168.59885072968464,170.21266810452119,167.14346313476562,167.14346313476562,53704400,0.0,0.0
2024-04-05 00:00:00-04:00,167.90579979250484,168.69785802201392,167.27215623034843,167.89590454101562,42104800,0.0,0.0
2024-04-08 00:00:00-04:00,167.3513719945941,167.51968192191484,166.5692240844266,166.77713012695312,37425500,0.0,0.0
2024-04-09 00:00:00-04:00,167.02464767080627,168.39094781013864,166.67813256359855,167.98501586914062,42373800,0.0,0.0
2024-04-10 00:00:00-04:00,167.12364410431726,167.41075745661644,165.4504251384005,166.11376953125,49709300,0.0,0.0
2024-04-11 00:00:00-04:00,166.66822184170525,173.7175238179071,166.49001666248702,173.3016815185547,91070300,0.0,0.0
2024-04-12 00:00:00-04:00,172.52944039553972,176.58872985356905,172.47994902506244,174.7967071533203,101670900,0.0,0.0
2024-04-15 00:00:00-04:00,173.61847284158247,174.87586450170738,170.78687534747343,170.97499084472656,73531800,0.0,0.0
2024-04-16 00:00:00-04:00,170.0443189749856,172.0343518545104,166.59888372884157,167.69786071777344,73711200,0.0,0.0
2024-04-17 00:00:00-04:00,167.9256158132339,168.95528100035153,166.33160400390625,166.33160400390625,50901200,0.0,0.0
2024-04-18 00:00:00-04:00,166.36129252101995,166.96523521407434,164.8959946340493,165.38111877441406,43122900,0.0,0.0
2024-04-19 00:00:00-04:00,164.55936395716853,164.74746436429578,162.45051229612085,163.3613739013672,68149400,0.0,0.0
2024-04-22 00:00:00-04:00,163.87623994630854,165.59895049362888,163.1336881290828,164.19305419921875,48116400,0.0,0.0
2024-04-23 00:00:00-04:00,163.70792820716713,165.39104261951863,163.28219064755024,165.24252319335938,49537800,0.0,0.0
2024-04-24 00:00:00-04:00,164.88609429896647,167.6186945681344,164.55938480415762,167.3414764404297,48251800,0.0,0.0
2024-04-25 00:00:00-04:00,167.84642483703811,168.91570135131437,166.48012455092012,168.20285034179688,50558300,0.0,0.0
2024-04-26 00:00:00-04:00,168.19290937676217,169.63840150907166,167.49984906174126,167.61866760253906,44838400,0.0,0.0
2024-04-29 00:00:00-04:00,171.64827897757164,174.28186646983917,171.38097119165224,171.77699279785156,68169400,0.0,0.0
2024-04-30 00:00:00-04:00,171.60868084411632,173.2521991943247,168.31174889120035,168.6384735107422,65934800,0.0,0.0
2024-05-01 00:00:00-04:00,167.89588568564642,170.99480617347464,167.43055209459067,167.61866760253906,50383100,0.0,0.0
2024-05-02 00:00:00-04:00,170.79680537480178,171.69777183075684,169.19289835753364,171.3116455078125,94214900,0.0,0.0
2024-05-03 00:00:00-04:00,184.7963833456082,185.14291355827163,180.84601747897057,181.55886840820312,163224100,0.0,0.0
2024-05-06 00:00:00-04:00,180.53911545314375,182.37073431535399,178.62827413884693,179.9054718017578,78569700,0.0,0.0
2024-05-07 00:00:00-04:00,181.62818342205114,183.06378067502382,179.5193463953144,180.58860778808594,77305800,0.0,0.0
2024-05-08 00:00:00-04:00,181.03414013837894,181.25195654794928,179.6480343404535,180.92523193359375,45057100,0.0,0.0
2024-05-09 00:00:00-04:00,180.74701199258516,182.82616313989396,180.30148392023486,182.737060546875,48983000,0.0,0.0
2024-05-10 00:00:00-04:00,183.31206939842306,183.50044009541958,180.56586910059414,181.47796630859375,50759500,0.25,0.0
2024-05-13 00:00:00-04:00,183.84742393900163,185.4931713127623,183.03445892506747,184.68020629882812,72044800,0.0,0.0
2024-05-14 00:00:00-04:00,185.89964252722956,186.68286641073877,184.69011878206607,185.82032775878906,52393600,0.0,0.0
2024-05-15 00:00:00-04:00,186.2962448244031,189.01270420161362,185.76087383759318,188.0906982421875,70400000,0.0,0.0
2024-05-16 00:00:00-04:00,188.83421956137332,189.45881387860598,188.03117836935675,188.20962524414062,52845200,0.0,0.0
2024-05-17 00:00:00-04:00,187.8824709799172,189.1713095252472,187.55530322495105,188.2393798828125,41282900,0.0,0.0
2024-05-20 00:00:00-04:00,187.70400151197455,190.27175449259957,187.38674246856843,189.39930725097656,44361300,0.0,0.0
2024-05-21 00:00:00-04:00,189.44890089382775,191.07481584379752,189.28036268210627,190.69808959960938,42309400,0.0,0.0
2024-05-22 00:00:00-04:00,190.6187885434668,191.16406816634918,188.63596455316463,189.2605438232422,34648500,0.0,0.0
2024-05-23 00:00:00-04:00,189.33983451815809,189.35966699130785,185.0272019643745,185.27505493164062,51005900,0.0,0.0
2024-05-24 00:00:00-04:00,187.19840810516956,188.94328765804346,186.42509288132968,188.3484344482422,36327000,0.0,0.0
2024-05-28 00:00:00-04:00,189.86527247896473,191.34248153890573,187.47598148636735,188.35833740234375,52280100,0.0,0.0
2024-05-29 00:00:00-04:00,187.98162409974876,190.59895109353056,187.8824768517226,188.65577697753906,53068000,0.0,0.0
2024-05-30 00:00:00-04:00,189.12172393667825,190.52952698465035,188.99285067972127,189.6471710205078,49889100,0.0,0.0
2024-05-31 00:00:00-04:00,189.79592715782175,190.91622762632966,188.27906791647348,190.59896850585938,75158300,0.0,0.0
2024-06-03 00:00:00-04:00,191.24337752621932,193.31544019840626,190.86665123579675,192.36367797851562,50080500,0.0,0.0
2024-06-04 00:00:00-04:00,192.96842627855952,193.64259428823095,191.3722523931234,192.68092346191406,47471400,0.0,0.0
2024-06-05 00:00:00-04:00,193.72190135445058,195.20901937445223,193.19645419760306,194.1878662109375,54156800,0.0,0.0
2024-06-06 00:00:00-04:00,194.0093990023229,194.81244022862765,192.50244866402238,192.80978393554688,41181800,0.0,0.0
2024-06-07 00:00:00-04:00,192.9783133981505,195.2486550396786,192.4726987931798,195.19908142089844,53103900,0.0,0.0
2024-06-10 00:00:00-04:00,195.20902308787942,195.6055969774052,190.4998159349584,191.46148681640625,97010200,0.0,0.0
2024-06-11 00:00:00-04:00,191.98692512163242,205.38091074009856,191.96710777388114,205.37098693847656,172373300,0.0,0.0
2024-06-12 00:00:00-04:00,205.58909768640683,218.3089152196564,205.1231328450552,211.2401580810547,198134300,0.0,0.0
2024-06-13 00:00:00-04:00,212.8958066808934,214.888539245905,209.7827737762817,212.4001007080078,97862700,0.0,0.0
2024-06-14 00:00:00-04:00,212.01345147179217,213.32210737882852,209.4853479747781,210.66513061523438,70122700,0.0,0.0
2024-06-17 00:00:00-04:00,211.5375569916551,217.06963733267014,210.8931452933454,214.80921936035156,93728300,0.0,0.0
2024-06-18 00:00:00-04:00,215.72133922684367,216.75241620599633,211.17076165562816,212.44967651367188,79943300,0.0,0.0
2024-06-20 00:00:00-04:00,212.0927269910851,212.40007736780652,207.0563681724187,207.8792266845703,86172500,0.0,0.0
2024-06-21 00:00:00-04:00,208.58315742215362,210.07027533194446,205.33132746963062,205.70806884765625,241805100,0.0,0.0
2024-06-24 00:00:00-04:00,205.93611728903505,210.8733451834048,204.81581680416838,206.35250854492188,80727000,0.0,0.0
2024-06-25 00:00:00-04:00,207.35380525957078,209.5646648210329,206.81844945769743,207.27450561523438,55549700,0.0,0.0
2024-06-26 00:00:00-04:00,209.68360834691896,213.01475280094434,208.83099354238436,211.4185791015625,66213200,0.0,0.0
2024-06-27 00:00:00-04:00,212.84625148948237,213.88723714823547,210.52635096614495,212.26132202148438,49772700,0.0,0.0
2024-06-28 00:00:00-04:00,213.91696855097956,214.2143951724623,208.49394377490637,208.81118774414062,82542700,0.0,0.0
2024-07-01 00:00:00-04:00,210.26855134899324,215.64200216221636,210.10001313722785,214.88853454589844,60402900,0.0,0.0
2024-07-02 00:00:00-04:00,214.2936836981781,218.4873670751859,213.25271326862932,218.37831115722656,58046200,0.0,0.0
2024-07-03 00:00:00-04:00,218.11063203893852,219.64732360839844,217.1489612238199,219.64732360839844,37369800,0.0,0.0
2024-07-05 00:00:00-04:00,219.74645469045154,224.50523511983306,219.74645469045154,224.39617919921875,60412400,0.0,0.0
2024-07-08 00:00:00-04:00,225.13973799267995,225.89322076278884,221.3327197032473,225.8634796142578,59085900,0.0,0.0
2024-07-09 00:00:00-04:00,225.97253595078877,227.42991284004066,224.4259356098064,226.71609497070312,48076100,0.0,0.0
2024-07-10 00:00:00-04:00,227.3307677065015,231.0783037422216,227.28119408246098,230.97915649414062,62627700,0.0,0.0
2024-07-11 00:00:00-04:00,229.40283250811748,230.39424455320685,223.83110165559438,225.6156463623047,64710600,0.0,0.0
2024-07-12 00:00:00-04:00,226.9540066999144,230.64206011910093,226.71606240173486,228.56008911132812,53046500,0.0,0.0
2024-07-15 00:00:00-04:00,234.44908623752588,235.1926451763578,231.08820043911544,232.38694763183594,62631300,0.0,0.0
2024-07-16 00:00:00-04:00,232.98180687397965,234.24090427881208,230.33473879844306,232.80335998535156,43234300,0.0,0.0
2024-07-17 00:00:00-04:00,227.47949520376963,229.4722431354341,224.69362972259938,226.91439819335938,57345900,0.0,0.0
2024-07-18 00:00:00-04:00,228.3023493485251,228.46097889584826,220.36114484151935,222.25473022460938,66034600,0.0,0.0
2024-07-19 00:00:00-04:00,222.88925101284036,224.85224251867803,221.36246807560826,222.3836212158203,49151500,0.0,0.0
2024-07-22 00:00:00-04:00,225.06043082550624,225.82382229500527,221.17409763275575,222.03663635253906,48201800,0.0,0.0
2024-07-23 00:00:00-04:00,222.44308791792702,224.9910238167192,220.76759935066607,223.0775909423828,39960300,0.0,0.0
2024-07-24 00:00:00-04:00,222.07627816799848,222.86941075843336,215.26528287042115,216.6631622314453,61777600,0.0,0.0
2024-07-25 00:00:00-04:00,217.0497975364767,218.95332167523742,212.77681471652627,215.62217712402344,51391200,0.0,0.0
2024-07-26 00:00:00-04:00,216.82181578900727,217.60503979261497,214.15491491126926,216.0881805419922,41601300,0.0,0.0
2024-07-29 00:00:00-04:00,215.09676223529075,217.41666277155184,213.89714701413598,216.3657684326172,36311800,0.0,0.0
2024-07-30 00:00:00-04:00,217.3075789949067,218.43778796730905,214.2639371695869,216.92092895507812,41643800,0.0,0.0
2024-07-31 00:00:00-04:00,219.5382417741392,221.8978068103832,218.73520059867647,220.17274475097656,50036300,0.0,0.0
2024-08-01 00:00:00-04:00,222.44310665442717,222.55216258005441,215.15623749650504,216.48472595214844,62501000,0.0,0.0
2024-08-02 00:00:00-04:00,217.2679231335739,223.66254232334134,215.84030263063204,217.97183227539062,105568600,0.0,0.0
2024-08-05 00:00:00-04:00,197.38019703112641,211.66644653820467,194.31673780556494,207.4727783203125,119548600,0.0,0.0
2024-08-06 00:00:00-04:00,203.53686913101606,208.18659343179937,199.34320096724198,205.45028686523438,69660500,0.0,0.0
2024-08-07 00:00:00-04:00,205.12313014700663,211.80525225793107,204.61751548926864,208.01806640625,63516400,0.0,0.0
2024-08-08 00:00:00-04:00,211.27982425167653,212.36045976406422,207.03658185433542,211.4781036376953,47161100,0.0,0.0
2024-08-09 00:00:00-04:00,210.2784745623819,214.91827509282652,210.1495861717322,214.38291931152344,42201600,0.0,0.0
2024-08-12 00:00:00-04:00,214.4623401059105,217.8767320905019,213.9958359256548,215.91146850585938,38028100,0.25,0.0
2024-08-13 00:00:00-04:00,217.380462936734,220.2390393048837,217.380462936734,219.6236572265625,44155300,0.0,0.0
2024-08-14 00:00:00-04:00,218.92885985517657,221.37054778476931,218.06532277692483,220.07029724121094,41960600,0.0,0.0
2024-08-15 00:00:00-04:00,222.92888658909135,223.67330627029455,221.10256546081067,223.04798889160156,46414000,0.0,0.0
2024-08-16 00:00:00-04:00,222.25391598005478,225.14226768918678,221.98592068094572,224.36807250976562,44340200,0.0,0.0
2024-08-19 00:00:00-04:00,224.0405257400108,224.30852103873067,221.38045847347976,224.20925903320312,40687800,0.0,0.0
2024-08-20 00:00:00-04:00,224.0901616619868,225.47973889834265,223.7725353535306,224.82464599609375,30299000,0.0,0.0
2024-08-21 00:00:00-04:00,224.8346020684513,226.28373058529078,223.37553826276908,224.71548461914062,34765500,0.0,0.0
2024-08-22 00:00:00-04:00,226.09512887719345,226.64103964823346,222.23407290784718,222.85939025878906,43695300,0.0,0.0
2024-08-23 00:00:00-04:00,223.98096305377334,226.52191275369313,222.66085720360698,225.1521759033203,38677300,0.0,0.0
2024-08-26 00:00:00-04:00,225.07279660900764,225.58893181224732,222.22415556593285,225.4896697998047,30602200,0.0,0.0
2024-08-27 00:00:00-04:00,224.31846403822652,227.147264886192,223.21672230373292,226.33335876464844,35934600,0.0,0.0
2024-08-28 00:00:00-04:00,226.22414704916858,228.14971479709,224.0008084384826,224.80479431152344,38052200,0.0,0.0
2024-08-29 00:00:00-04:00,228.3879521456165,231.18696212304621,227.1770283167567,228.0802459716797,51906300,0.0,0.0
2024-08-30 00:00:00-04:00,228.4772755570311,228.68570457235603,225.78743262658827,227.29612731933594,52990800,0.0,0.0
2024-09-03 00:00:00-04:00,226.84948058831634,227.2961293418145,219.52438650802387,221.11248779296875,50190600,0.0,0.0
2024-09-04 00:00:00-04:00,220.01075793789536,220.12986023982222,215.86185105944423,219.206787109375,43840200,0.0,0.0
2024-09-05 00:00:00-04:00,219.9809679444758,223.80231295165626,219.87178579311316,220.7253875732422,36615400,0.0,0.0
2024-09-06 00:00:00-04:00,222.28368749781316,223.56409767944487,218.13479623481732,219.17698669433594,48423000,0.0,0.0
2024-09-09 00:00:00-04:00,219.17698492990527,219.62363365317324,215.0975649862482,219.2663116455078,67180000,0.0,0.0
2024-09-10 00:00:00-04:00,217.29111136152258,219.83206111139577,215.1174037589381,218.47225952148438,51591000,0.0,0.0
2024-09-11 00:00:00-04:00,219.81222755985956,221.43008920211523,216.26878297144034,221.0032958984375,44587100,0.0,0.0
2024-09-12 00:00:00-04:00,220.84449248276735,221.8866830044339,218.1844402475294,221.11248779296875,37455600,0.0,0.0
2024-09-13 00:00:00-04:00,221.91644846858938,222.37301734416337,220.25887596851652,220.844482421875,36766600,0.0,0.0
2024-09-16 00:00:00-04:00,214.92879834553045,215.60374658961533,212.32829765435247,214.71044921875,59357400,0.0,0.0
2024-09-17 00:00:00-04:00,214.14473138540643,215.28616885496612,212.9040318988166,215.17698669433594,45519300,0.0,0.0
2024-09-18 00:00:00-04:00,215.93133719300198,221.05294820219595,215.92140190435074,219.0479736328125,59894900,0.0,0.0
2024-09-19 00:00:00-04:00,223.31596324984213,228.11002736409566,222.95864123060412,227.16708374023438,66781300,0.0,0.0
2024-09-20 00:00:00-04:00,228.2589097535001,231.3556905514529,225.92638886705737,226.5020751953125,318679900,0.0,0.0
2024-09-23 00:00:00-04:00,225.64847983003366,227.74278104335218,224.12986496132828,224.7849578857422,54146000,0.0,0.0
2024-09-24 00:00:00-04:00,226.94871280288095,227.64351653597865,224.05044101841318,225.67823791503906,43556100,0.0,0.0
2024-09-25 00:00:00-04:00,223.2563961324406,225.59883710649478,222.35317851779175,224.68568420410156,42308700,0.0,0.0
2024-09-26 00:00:00-04:00,225.6087536412769,226.79982188690562,223.73281698946673,225.82711791992188,36636700,0.0,0.0
2024-09-27 00:00:00-04:00,226.76013618443497,227.81224676693589,225.60876359989413,226.09510803222656,34026000,0.0,0.0
2024-09-30 00:00:00-04:00,228.32835965023514,231.26634216308594,227.94126208675945,231.26634216308594,54541900,0.0,0.0
2024-10-01 00:00:00-04:00,227.81227091446172,227.94129335648356,222.0752779583648,224.5269012451172,63285000,0.0,0.0
2024-10-02 00:00:00-04:00,224.20928918092056,225.67827315966653,221.3606479532611,225.09266662597656,32880600,0.0,0.0
2024-10-03 00:00:00-04:00,223.46481998018766,225.12239234050705,221.65836976978886,223.99087524414062,34044200,0.0,0.0
2024-10-04 00:00:00-04:00,226.20429410810965,226.3035561118749,222.46235586119454,225.11248779296875,37245100,0.0,0.0
2024-10-07 00:00:00-04:00,222.8295863298211,224.01073444452058,219.68317483471031,220.04049682617188,39505400,0.0,0.0
2024-10-08 00:00:00-04:00,222.63108533790577,224.29857792676054,221.58889489724396,224.09014892578125,31855700,0.0,0.0
2024-10-09 00:00:00-04:00,223.55416342639623,228.0405364361267,223.15714569962594,227.83209228515625,33591100,0.0,0.0
2024-10-10 00:00:00-04:00,226.0851959438118,227.7923994519787,225.47973405841245,227.3358154296875,28183500,0.0,0.0
2024-10-11 00:00:00-04:00,227.5938974682738,227.70307961960657,225.6484741750507,225.85691833496094,31759200,0.0,0.0
2024-10-14 00:00:00-04:00,226.99836439928595,230.00581860221664,226.89911753216435,229.5790252685547,39882100,0.0,0.0
2024-10-15 00:00:00-04:00,231.87181141001133,235.72294688412148,230.64103225198252,232.1100311279297,64751400,0.0,0.0
2024-10-16 00:00:00-04:00,229.87679699083486,230.39291705034768,228.1298824963092,230.05545043945312,34082200,0.0,0.0
2024-10-17 00:00:00-04:00,231.69315867439417,232.11004699556463,228.8048220166126,230.4226837158203,32993800,0.0,0.0
2024-10-18 00:00:00-04:00,234.4226930307779,234.4226930307779,232.26884075534687,233.25148010253906,46431500,0.0,0.0
2024-10-21 00:00:00-04:00,232.70554934615632,235.08770100400858,232.70554934615632,234.72044372558594,36254500,0.0,0.0
2024-10-22 00:00:00-04:00,232.14974382855843,234.4624093106695,230.86934872103873,234.10508728027344,38846600,0.0,0.0
2024-10-23 00:00:00-04:00,232.33830371042365,233.39041424004768,226.06532109909307,229.04299926757812,52287000,0.0,0.0
2024-10-24 00:00:00-04:00,228.26882480795348,229.10258628095696,226.71051430099084,228.8544464111328,31109500,0.0,0.0
2024-10-25 00:00:00-04:00,228.03062932515897,231.484732210271,227.86189602437614,229.68820190429688,38802300,0.0,0.0
2024-10-28 00:00:00-04:00,231.5839844241638,232.98348177622344,230.81970938626554,231.6633758544922,36087100,0.0,0.0
2024-10-29 00:00:00-04:00,231.36561495313973,232.5864588417728,230.59141979007921,231.93136596679688,35417200,0.0,0.0
2024-10-30 00:00:00-04:00,230.87925826342104,231.7328600109945,227.8420287171323,228.387939453125,47070900,0.0,0.0
2024-10-31 00:00:00-04:00,227.63359787833264,228.11995749798112,223.69313535160188,224.2291259765625,64370100,0.0,0.0
2024-11-01 00:00:00-04:00,219.32586653780092,223.67328184782377,218.6310779402587,221.25143432617188,65276700,0.0,0.0
2024-11-04 00:00:00-05:00,219.34570882983752,221.13230364643434,218.07523400035532,220.3581085205078,44944500,0.0,0.0
2024-11-05 00:00:00-05:00,220.14971259990074,222.28370958768312,219.49461965793014,221.7874298095703,28111300,0.0,0.0
2024-11-06 00:00:00-05:00,220.95366880237512,224.387931303672,219.54423614319148,221.06285095214844,54561100,0.0,0.0
2024-11-07 00:00:00-05:00,222.95864433437472,226.18446269494834,222.89909318788202,225.7874298095703,42137700,0.0,0.0
2024-11-08 00:00:00-05:00,225.72780810336752,227.20835428792034,224.9726384261151,225.51914978027344,38328800,0.25,0.0
2024-11-11 00:00:00-05:00,223.5716039938927,224.26715706282306,220.093823487321,222.80648803710938,42005600,0.0,0.0
2024-11-12 00:00:00-05:00,223.12446381828886,224.1578547832826,221.94201602014732,222.80648803710938,40398300,0.0,0.0
2024-11-13 00:00:00-05:00,222.58787261698694,225.2111120360391,221.34580821096,223.69082641601562,48566200,0.0,0.0
2024-11-14 00:00:00-05:00,223.59146688403666,227.41701609796436,223.57158960851197,226.77114868164062,44923900,0.0,0.0
2024-11-15 00:00:00-05:00,224.96270031544069,225.47940335635096,222.8462328667566,223.57159423828125,47923700,0.0,0.0
2024-11-18 00:00:00-05:00,223.81998425203597,228.28148462394066,223.7404903183321,226.57240295410156,44633700,0.0,0.0
2024-11-19 00:00:00-05:00,225.53901477922054,228.6988344551977,225.22105418122663,226.8307647705078,36211800,0.0,0.0
2024-11-20 00:00:00-05:00,226.61215353970658,228.47027695087482,224.45593165289552,227.5461883544922,35169600,0.0,0.0
2024-11-21 00:00:00-05:00,227.42694424740614,228.69881686539628,224.27707103239013,227.06922912597656,42108300,0.0,0.0
2024-11-22 00:00:00-05:00,226.61216818417898,229.25528492407807,226.61216818417898,228.41067504882812,38168300,0.0,0.0
2024-11-25 00:00:00-05:00,229.99059491471002,231.76922452168117,228.2815130321861,231.39163208007812,90152800,0.0,0.0
2024-11-26 00:00:00-05:00,231.84870566104107,234.07449047305911,231.84870566104107,233.56771850585938,45986200,0.0,0.0
2024-11-27 00:00:00-05:00,232.9814664022851,234.1937224347506,232.32565277909848,233.43853759765625,33498400,0.0,0.0
2024-11-29 00:00:00-05:00,233.31931239062584,236.3002669685808,232.48464874765904,235.8233184814453,28481400,0.0,0.0
2024-12-02 00:00:00-05:00,235.76370602927642,239.26134854667043,235.65440375298792,238.0689697265625,48137100,0.0,0.0
2024-12-03 00:00:00-05:00,238.28756099978403,241.21882985808793,237.3833345065081,241.10952758789062,38861000,0.0,0.0
2024-12-04 00:00:00-05:00,241.32815927991484,242.56029272240895,239.7184485394643,241.46726989746094,44383900,0.0,0.0
2024-12-05 00:00:00-05:00,242.4410361127995,242.98753231090083,240.59284370740727,241.49705505371094,40033900,0.0,0.0
2024-12-06 00:00:00-05:00,241.36787220390693,243.07695387436263,240.5431396985891,241.29830932617188,36870600,0.0,0.0
2024-12-09 00:00:00-05:00,240.29475369946152,245.67041216886827,240.21525975684386,245.1835174560547,44649200,0.0,0.0
2024-12-10 00:00:00-05:00,245.32260336553807,246.63423054379348,243.78244060146582,246.197021484375,36914800,0.0,0.0
2024-12-11 00:00:00-05:00,246.38582450957213,249.2077910379196,244.69660488558225,244.92515563964844,45205800,0.0,0.0
2024-12-12 00:00:00-05:00,245.32260415969785,247.1608653940442,244.1202792424049,246.3858184814453,32777500,0.0,0.0
2024-12-13 00:00:00-05:00,246.24671899982582,247.70737273801882,244.67674782957272,246.55474853515625,33155300,0.0,0.0
2024-12-16 00:00:00-05:00,246.4156487620838,249.7841268474892,246.07779571830554,249.44627380371094,51694800,0.0,0.0
2024-12-17 00:00:00-05:00,248.49237939681157,252.2185726786221,248.19428090188288,251.87078857421875,51356400,0.0,0.0
2024-12-18 00:00:00-05:00,250.559158393614,252.66569465886903,246.16722071424974,246.47525024414062,56774100,0.0,0.0
2024-12-19 00:00:00-05:00,245.92873792847348,250.400169527173,245.5213371883983,248.20419311523438,60882300,0.0,0.0
2024-12-20 00:00:00-05:00,246.4653249902114,253.3811464831127,244.13025293349912,252.8743896484375,147495300,0.0,0.0
2024-12-23 00:00:00-05:00,253.15260355822258,254.02700659111463,251.84097626600598,253.64942932128906,40858800,0.0,0.0
2024-12-24 00:00:00-05:00,253.868019379837,256.5707374276886,253.66927695641888,256.5608215332031,23234700,0.0,0.0
2024-12-26 00:00:00-05:00,256.5508929178466,258.44877099351584,255.99445048269988,257.3756103515625,27237100,0.0,0.0
2024-12-27 00:00:00-05:00,256.19316170058187,257.05766400729357,251.45345479939442,253.96739196777344,42355300,0.0,0.0
2024-12-30 00:00:00-05:00,250.62873106361576,251.8906728018858,249.15813098648073,250.5989227294922,35557500,0.0,0.0
2024-12-31 00:00:00-05:00,250.83738041728796,251.6720440162376,247.84647977817443,248.8302001953125,39480700,0.0,0.0
2025-01-02 00:00:00-05:00,247.34966196417784,247.51859606258614,240.28481431614935,242.3019256591797,55740700,0.0,0.0
2025-01-03 00:00:00-05:00,241.81503295898438,242.62981931594805,240.3543640210219,241.81503295898438,40244100,0.0,0.0
2025-01-06 00:00:00-05:00,242.75898865424097,245.75982034447205,241.65603491404494,243.44461059570312,45045600,0.0,0.0
2025-01-07 00:00:00-05:00,241.43743349025635,243.99112508347835,239.81779188041267,240.67233276367188,40856000,0.0,0.0
2025-01-08 00:00:00-05:00,240.3841632667122,242.16280789951685,238.52603985831155,241.15921020507812,37628900,0.0,0.0
2025-01-10 00:00:00-05:00,238.48630187104285,238.63535869995312,231.5208099984783,235.34637451171875,61710900,0.0,0.0
2025-01-13 00:00:00-05:00,232.04743903723335,233.18020116738663,228.26162915914,232.9119110107422,49630700,0.0,0.0
2025-01-14 00:00:00-05:00,233.2596800887061,234.62097773623856,230.9941559742804,231.79901123046875,39435300,0.0,0.0
2025-01-15 00:00:00-05:00,233.1503884256181,237.4429702030776,232.94171493841435,236.35987854003906,39832000,0.0,0.0
2025-01-16 00:00:00-05:00,235.84318609247865,236.49898454969573,226.58234697208553,226.81088256835938,71759100,0.0,0.0
2025-01-17 00:00:00-05:00,230.64637201374376,230.81529094249188,227.0294813062853,228.51995849609375,68488300,0.0,0.0
2025-01-21 00:00:00-05:00,222.57792910461188,222.99526090225285,217.98726416864307,221.2265625,98070400,0.0,0.0
2025-01-22 00:00:00-05:00,218.39465138442915,222.6971640978084,218.39465138442915,222.4090118408203,64126500,0.0,0.0
2025-01-23 00:00:00-05:00,223.3132578125695,225.58871322146769,220.88874557201237,222.2401123046875,60234800,0.0,0.0
2025-01-24 00:00:00-05:00,223.35296445648333,224.19757422629087,220.00436403066544,221.36566162109375,54697900,0.0,0.0
2025-01-27 00:00:00-05:00,222.59782027357136,230.67619691244207,222.55806572164707,228.40074157714844,94863400,0.0,0.0
2025-01-28 00:00:00-05:00,229.3844597561093,238.66516132615985,229.3447052045828,236.74740600585938,75707600,0.0,0.0
2025-01-29 00:00:00-05:00,232.6336842670617,238.33724933385383,232.52438199561368,237.84042358398438,45486100,0.0,0.0
2025-01-30 00:00:00-05:00,237.1547951903121,239.26133146080375,235.7040725307193,236.08164978027344,55658300,0.0,0.0
2025-01-31 00:00:00-05:00,245.62071750771995,245.62071750771995,231.95800933839706,234.5017547607422,100959800,0.0,0.0
2025-02-03 00:00:00-05:00,228.52991033796462,230.35822543026035,224.2671369795404,226.56246948242188,73063300,0.0,0.0
2025-02-04 00:00:00-05:00,225.80731341689966,231.64998934854387,225.21111642561868,231.32208251953125,45067300,0.0,0.0
2025-02-05 00:00:00-05:00,227.0791967098242,231.19291368703577,226.82085275464706,230.9941864013672,39620300,0.0,0.0
2025-02-06 00:00:00-05:00,229.8216550685821,232.31573010563136,228.96711414866223,231.73941040039062,29925300,0.0,0.0
2025-02-07 00:00:00-05:00,231.1233398047693,232.51444580894437,225.81722939017394,226.1848907470703,39707200,0.0,0.0
2025-02-10 00:00:00-05:00,228.36336710225459,229.3779949636392,226.005813710008,226.4534454345703,33115600,0.25,0.0
2025-02-11 00:00:00-05:00,227.000572314181,233.99362125199642,226.93094812871882,231.3973388671875,53718400,0.0,0.0
2025-02-12 00:00:00-05:00,229.98481838871234,235.71455375787428,229.4675472393098,235.62501525878906,45243300,0.0,0.0
2025-02-13 00:00:00-05:00,235.66480095549997,241.06625350434595,234.33184765944378,240.26051330566406,53614100,0.0,0.0
2025-02-14 00:00:00-05:00,239.9819785190441,244.25938055012708,239.7233505557091,243.3143768310547,40896200,0.0,0.0
2025-02-18 00:00:00-05:00,242.86674847770814,243.8913336127375,240.56889220053384,243.18507385253906,48822500,0.0,0.0
2025-02-19 00:00:00-05:00,243.37407429304395,244.716969605811,241.88195827091008,243.5829620361328,32204200,0.0,0.0
2025-02-20 00:00:00-05:00,243.65259654249155,245.4829218502696,243.00600383864503,244.5379180908203,32316900,0.0,0.0
2025-02-21 00:00:00-05:00,244.65729095432025,247.38289505871285,243.93113206298463,244.2593994140625,53197400,0.0,0.0
2025-02-24 00:00:00-05:00,243.64264638435856,247.55199828948733,243.1353323966777,245.80125427246094,51326400,0.0,0.0
2025-02-25 00:00:00-05:00,246.6964922140581,248.68598005449408,243.62273714344562,245.7415313720703,48013300,0.0,0.0
2025-02-26 00:00:00-05:00,243.04579925662603,243.6923767743236,237.87313357927937,239.09666442871094,44433600,0.0,0.0
2025-02-27 00:00:00-05:00,238.15169082894494,241.18566339775504,235.8140361008641,236.0527801513672,41153600,0.0,0.0
2025-02-28 00:00:00-05:00,235.70458076540925,240.8175641664438,228.9900589647863,240.56887817382812,56833400,0.0,0.0
2025-03-03 00:00:00-05:00,240.51914741730602,242.74737946323825,234.8690087281554,236.77891540527344,47184000,0.0,0.0
2025-03-04 00:00:00-05:00,236.46059966619734,238.80819608105105,233.44651142335266,234.68994140625,53798100,0.0,0.0
2025-03-05 00:00:00-05:00,234.18263593082168,235.30670153327668,228.0251680036218,234.50096130371094,47227600,0.0,0.0
2025-03-06 00:00:00-05:00,233.20777237015392,236.60979483297604,231.9345013377031,234.0930938720703,45170400,0.0,0.0
2025-03-07 00:00:00-05:00,233.87426828677374,240.10136041796665,233.5261018066448,237.81346130371094,46273600,0.0,0.0
2025-03-10 00:00:00-04:00,234.30201287196223,234.9187645202326,223.04151782981955,226.2843780517578,72071200,0.0,0.0
2025-03-11 00:00:00-04:00,222.63366659789358,224.65299583409444,216.3070937419303,219.6792755126953,76137400,0.0,0.0
2025-03-12 00:00:00-04:00,218.98294858814833,220.58448707211764,213.7804415985268,215.8395538330078,62547500,0.0,0.0
2025-03-13 00:00:00-04:00,214.81496040955514,215.70028194858565,207.3245394208188,208.57791137695312,61368300,0.0,0.0
2025-03-14 00:00:00-04:00,210.13968770979585,212.82549370042787,208.47846691122496,212.367919921875,60107600,0.0,0.0
2025-03-17 00:00:00-04:00,212.18883784213668,214.0888025037831,208.8663965620962,212.87521362304688,48073400,0.0,0.0
2025-03-18 00:00:00-04:00,213.0343879953175,214.019174884069,210.3784232206469,211.57211303710938,42432400,0.0,0.0
2025-03-19 00:00:00-04:00,213.0940452987452,217.61017604964766,212.62651443867486,214.1086883544922,54385400,0.0,0.0
2025-03-20 00:00:00-04:00,212.86527847830126,216.3468825511506,211.10457731145533,212.97470092773438,48862900,0.0,0.0
2025-03-21 00:00:00-04:00,210.4480334492585,217.68976839110027,210.16950634984832,217.12277221679688,94127800,0.0,0.0
2025-03-24 00:00:00-04:00,219.8384246082871,220.3158974796034,217.4311459430569,219.56983947753906,44299500,0.0,0.0
2025-03-25 00:00:00-04:00,219.60962662242414,222.9221258053629,218.9232508666907,222.57395935058594,34493600,0.0,0.0
2025-03-26 00:00:00-04:00,222.3352199198642,223.83729303324841,219.31120492080973,220.36563110351562,34466100,0.0,0.0
2025-03-27 00:00:00-04:00,220.22636977863218,223.80745418869535,219.40073045135125,222.67344665527344,37094800,0.0,0.0
2025-03-28 00:00:00-04:00,220.50488863250547,222.63364006926244,216.5358548246797,216.75469970703125,39818600,0.0,0.0
2025-03-31 00:00:00-04:00,215.86939419548492,224.43414081005062,215.09349507460487,220.96249389648438,65299300,0.0,0.0
2025-04-01 00:00:00-04:00,218.65468232589998,222.50433685640354,217.749461617725,222.0169219970703,36412700,0.0,0.0
2025-04-02 00:00:00-04:00,220.15677238154151,224.006427206847,219.85834611462542,222.7132568359375,35905900,0.0,0.0
2025-04-03 00:00:00-04:00,204.45969456936825,206.39945769712665,200.19224908119847,202.12205505371094,103419000,0.0,0.0
2025-04-04 00:00:00-04:00,192.87091122900438,198.82943318150367,186.3553350717911,187.38987731933594,125910900,0.0,0.0
2025-04-07 00:00:00-04:00,176.26863687444822,193.12954493623218,173.70219548773406,180.50625610351562,160466300,0.0,0.0
2025-04-08 00:00:00-04:00,185.71870692843436,189.33957458197378,168.32064359895526,171.51376342773438,120859500,0.0,0.0
2025-04-09 00:00:00-04:00,171.04623198001363,199.55559936553783,170.98654976711688,197.8048553466797,184395900,0.0,0.0
2025-04-10 00:00:00-04:00,188.07624843340898,193.7562279640405,182.03814529024513,189.4191436767578,121880000,0.0,0.0
2025-04-11 00:00:00-04:00,185.12186726950821,198.49121408156802,185.0820690088969,197.1085205078125,87435900,0.0,0.0
2025-04-14 00:00:00-04:00,210.32866545443895,211.82078139531484,200.10269875392328,201.45555114746094,101352900,0.0,0.0
2025-04-15 00:00:00-04:00,200.7990180691496,202.44033954558066,198.74984792281177,201.07754516601562,51343900,0.0,0.0
2025-04-16 00:00:00-04:00,197.31740026825653,199.64509734735063,191.35887885331948,193.2489013671875,59732400,0.0,0.0
2025-04-17 00:00:00-04:00,196.16351652823,197.78495412822454,193.39812938355274,195.94467163085938,52164700,0.0,0.0
2025-04-21 00:00:00-04:00,192.25415204712533,192.78136508405416,188.81233157759124,192.1447296142578,46742500,0.0,0.0
2025-04-22 00:00:00-04:00,195.08918671811182,200.53043756485187,194.93998119085117,198.69017028808594,52976400,0.0,0.0
2025-04-23 00:00:00-04:00,204.9172632087338,206.9067512010516,201.7340854567431,203.52462768554688,52929200,0.0,0.0
2025-04-24 00:00:00-04:00,203.81309077731203,207.73238443559362,201.87334307751462,207.27479553222656,47311000,0.0,0.0
2025-04-25 00:00:00-04:00,205.28532955589748,208.6475693809006,205.11622488486222,208.18003845214844,38222300,0.0,0.0
2025-04-28 00:00:00-04:00,208.8962283982374,210.38834431536768,206.36958545714222,209.03549194335938,38743100,0.0,0.0
2025-04-29 00:00:00-04:00,207.59312493762445,211.12446912484504,207.27479957627347,210.09988403320312,36827600,0.0,0.0
2025-04-30 00:00:00-04:00,208.19992461631293,212.4574277707069,205.5837430092506,211.3831024169922,52286500,0.0,0.0
2025-05-01 00:00:00-04:00,207.98107159612528,213.43226431553572,207.8020097882055,212.19879150390625,57365700,0.0,0.0
2025-05-02 00:00:00-04:00,205.00680709347017,205.9020858869881,201.09747008207196,204.2707061767578,101010600,0.0,0.0
2025-05-05 00:00:00-04:00,202.03251395918386,203.02725796650907,197.1682163705072,197.84463500976562,69018500,0.0,0.0
2025-05-06 00:00:00-04:00,197.1682027308483,199.59536519080132,195.9844550154461,197.46661376953125,51216500,0.0,0.0
2025-05-07 00:00:00-04:00,198.12317194216024,198.3917570874617,192.23428894820486,195.21852111816406,68536700,0.0,0.0
2025-05-08 00:00:00-04:00,196.68079799363124,198.99855348942916,193.65676753221484,196.45201110839844,50478900,0.0,0.0
2025-05-09 00:00:00-04:00,197.95407268173315,199.4859718922483,196.5017396407649,197.48654174804688,36453900,0.0,0.0
2025-05-12 00:00:00-04:00,210.13634313336473,210.435160708662,205.93301745006437,209.95704650878906,63775800,0.26,0.0
2025-05-13 00:00:00-04:00,209.5984864444124,212.55675181657614,208.1741443311085,212.08860778808594,51909300,0.0,0.0
2025-05-14 00:00:00-04:00,211.59057778761635,213.09462076548897,209.74789716231066,211.49098205566406,49325800,0.0,0.0
2025-05-15 00:00:00-04:00,210.11643191755599,212.11849916658366,208.71199985896817,210.6144561767578,45029500,0.0,0.0
2025-05-16 00:00:00-04:00,211.52086084946143,211.73003772257164,208.94109887256835,210.42520141601562,54737900,0.0,0.0
2025-05-19 00:00:00-04:00,207.0884445111699,208.65223273202483,203.45285841572866,207.9550018310547,46140500,0.0,0.0
2025-05-20 00:00:00-04:00,206.84938410987283,207.64622592622177,204.2198167548668,206.04258728027344,42496600,0.0,0.0
2025-05-21 00:00:00-04:00,204.3592586621154,206.22186440009241,199.91689108628387,201.2914276123047,59211800,0.0,0.0
2025-05-22 00:00:00-04:00,199.91690559460176,201.94883789272,198.91088686006037,200.5643310546875,46742400,0.0,0.0
2025-05-23 00:00:00-04:00,192.9046989896,196.91877297523902,192.6955373289648,194.49838256835938,78432900,0.0,0.0
2025-05-27 00:00:00-04:00,197.51641281084125,199.94677348688452,196.64984031499387,199.4188690185547,56288500,0.0,0.0
2025-05-28 00:00:00-04:00,199.79736291846774,201.9289060786693,199.11008702875665,199.62803649902344,45339700,0.0,0.0
2025-05-29 00:00:00-04:00,202.77554227533128,203.0046291598645,197.72556941325453,199.15988159179688,51396800,0.0,0.0
2025-05-30 00:00:00-04:00,198.5821728136608,201.1619498266407,196.00241099917397,200.05633544921875,70819900,0.0,0.0
2025-06-02 00:00:00-04:00,199.48856723355908,201.3312628058232,199.32919584599733,200.9029541015625,35423300,0.0,0.0
2025-06-03 00:00:00-04:00,200.55437033168948,202.96480586317466,200.16591202699755,202.46678161621094,46381600,0.0,0.0
2025-06-04 00:00:00-04:00,202.10819540070028,205.42503857555045,201.30139858491114,202.0185546875,43604000,0.0,0.0
2025-06-05 00:00:00-04:00,202.69585814733983,203.94091870107042,199.35908978394463,199.8372039794922,55126100,0.0,0.0
2025-06-06 00:00:00-04:00,202.19783403313102,204.8871617909174,201.2515910514923,203.11419677734375,46607700,0.0,0.0
2025-06-09 00:00:00-04:00,203.58233063284266,205.18596915505242,199.22960401477,200.65394592285156,72862600,0.0,0.0
2025-06-10 00:00:00-04:00,199.8073282051838,203.54250994980842,199.77744796710627,201.869140625,54672600,0.0,0.0
2025-06-11 00:00:00-04:00,202.69585666840098,203.69190510411792,197.62597377823997,197.9945068359375,60989900,0.0,0.0
2025-06-12 00:00:00-04:00,198.29333609984755,198.890956077424,196.58013147350607,198.41285705566406,43904600,0.0,0.0
2025-06-13 00:00:00-04:00,198.94077463318544,199.57824510364554,194.92670015226577,195.67373657226562,51447300,0.0,0.0
2025-06-16 00:00:00-04:00,196.52037110088898,197.90487790098294,195.78328974313985,197.6359405517578,43020700,0.0,0.0
2025-06-17 00:00:00-04:00,196.4207613301707,197.6060614779548,194.43863454049264,194.86692810058594,38856200,0.0,0.0
2025-06-18 00:00:00-04:00,195.16573699325735,196.7893008408277,194.2991796996429,195.80320739746094,45394700,0.0,0.0
2025-06-20 00:00:00-04:00,197.45666110928434,200.90298042554332,196.08210930882012,200.20574951171875,96813500,0.0,0.0
2025-06-23 00:00:00-04:00,200.83324176458547,201.50059236215068,198.1737943867686,200.70375061035156,55814300,0.0,0.0
2025-06-24 00:00:00-04:00,201.78945874554142,202.63610603642124,199.4089034764897,199.50851440429688,54064000,0.0,0.0
2025-06-25 00:00:00-04:00,200.65396860223956,202.8651975026319,199.82724651799433,200.76353454589844,39525700,0.0,0.0
2025-06-26 00:00:00-04:00,200.63404307360597,201.8392684520338,198.67184150130464,200.20574951171875,50799100,0.0,0.0
2025-06-27 00:00:00-04:00,201.09222774816857,202.41697405518968,199.20969672208463,200.28543090820312,73188600,0.0,0.0
2025-06-30 00:00:00-04:00,201.211736268348,206.57048164253425,198.4726031076903,204.3592529296875,91912800,0.0,0.0
2025-07-01 00:00:00-04:00,205.85334490237685,209.35943993298892,205.32544040497007,206.99880981445312,78788900,0.0,0.0
2025-07-02 00:00:00-04:00,208.08449026524102,212.49697770796604,207.31752868499885,211.6005401611328,67941800,0.0,0.0
2025-07-03 00:00:00-04:00,211.31166931275297,213.8017903991559,210.97301649264048,212.70614624023438,34955800,0.0,0.0
2025-07-07 00:00:00-04:00,211.83958469799765,215.37555986284275,207.97492690746134,209.12037658691406,50229000,0.0,0.0
2025-07-08 00:00:00-04:00,209.26978591644843,210.59451698338924,207.6262968509882,209.1801300048828,42848900,0.0,0.0
2025-07-09 00:00:00-04:00,208.7020103462271,210.4949004226829,206.4011410808137,210.30564880371094,48749400,0.0,0.0
2025-07-10 00:00:00-04:00,209.67816220166208,212.63642743345136,209.2000631819418,211.57066345214844,44443600,0.0,0.0
2025-07-11 00:00:00-04:00,209.73792710960444,211.29176024279,209.03072603053,210.32559204101562,39765800,0.0,0.0
2025-07-14 00:00:00-04:00,209.10042946873696,210.07656782568804,206.719874444485,207.7956085205078,38840100,0.0,0.0
2025-07-15 00:00:00-04:00,208.39325734338402,211.05270487364396,208.09443976951917,208.28369140625,42296300,0.0,0.0
2025-07-16 00:00:00-04:00,209.4689902412225,211.5606828488181,207.8155461810567,209.3295440673828,47490500,0.0,0.0
2025-07-17 00:00:00-04:00,209.7379236663323,210.96305897069354,208.761785269157,209.19009399414062,48068100,0.0,0.0
2025-07-18 00:00:00-04:00,210.0367321724359,210.95309492429405,208.87135730762196,210.3455047607422,48974600,0.0,0.0
2025-07-21 00:00:00-04:00,211.26189276464606,214.92734394651046,210.79374875413163,211.640380859375,51377400,0.0,0.0
2025-07-22 00:00:00-04:00,212.29776458434165,214.1006098348481,211.39135685335447,213.5527801513672,46404100,0.0,0.0
2025-07-23 00:00:00-04:00,214.15041924441525,214.29982043425818,211.57065737650467,213.30377197265625,46989300,0.0,0.0
2025-07-24 00:00:00-04:00,213.05475989741393,214.83769515517375,212.68622683006964,212.91531372070312,46022600,0.0,0.0
2025-07-25 00:00:00-04:00,213.85158759699283,214.38946224202752,212.55672164240056,213.0348358154297,40268800,0.0,0.0
2025-07-28 00:00:00-04:00,213.18426788884761,214.00103498726418,212.21809958876685,213.20419311523438,37858000,0.0,0.0
2025-07-29 00:00:00-04:00,213.33365491441555,213.96117031669576,209.9869466315705,210.43516540527344,51411700,0.0,0.0
2025-07-30 00:00:00-04:00,211.06265157316113,211.55072076453234,206.89917652304968,208.2239227294922,45512500,0.0,0.0
2025-07-31 00:00:00-04:00,207.66614913739534,209.01080544085684,206.3414028602417,206.74978637695312,80698400,0.0,0.0
2025-08-01 00:00:00-04:00,210.03673342752194,212.73603143542957,200.7037642416869,201.58029174804688,104434500,0.0,0.0
2025-08-04 00:00:00-04:00,203.70186769022786,207.0585613783641,200.88304868853191,202.5464630126953,75109300,0.0,0.0
2025-08-05 00:00:00-04:00,202.59626309701343,204.5285996595603,201.36117265797924,202.1181640625,44155100,0.0,0.0
2025-08-06 00:00:00-04:00,204.81744899810374,214.52892145014,204.77759854868273,212.40733337402344,108483100,0.0,0.0
2025-08-07 00:00:00-04:00,218.01508808955717,219.97730473834642,215.7241736307253,219.16053771972656,90224800,0.0,0.0
2025-08-08 00:00:00-04:00,219.95737356583322,230.08718413442585,218.3836152444713,228.44371032714844,113854000,0.0,0.0
2025-08-11 00:00:00-04:00,227.27701087414155,228.91238364576833,224.12592192869855,226.53909301757812,61806100,0.26,0.0
2025-08-12 00:00:00-04:00,227.36674823663387,230.14888579943394,226.429412881848,229.0021209716797,55626200,0.0,0.0
2025-08-13 00:00:00-04:00,230.4181341091737,234.33703985510917,229.77992501054072,232.6717529296875,69878500,0.0,0.0
2025-08-14 00:00:00-04:00,233.39969406647393,234.4567012802976,230.19875827485632,232.12330627441406,51916300,0.0,0.0
2025-08-15 00:00:00-04:00,233.33985018068216,233.6190590405621,228.69299310222902,230.9366455078125,56038700,0.0,0.0
2025-08-18 00:00:00-04:00,231.04634466466607,232.46233685580373,229.46083388892833,230.23863220214844,37476200,0.0,0.0
2025-08-19 00:00:00-04:00,230.62753117126795,232.2130419457167,228.70298322789472,229.90956115722656,39402600,0.0,0.0
2025-08-20 00:00:00-04:00,229.33119207499826,229.81981519856654,225.13307755654054,225.3723907470703,42263900,0.0,0.0
2025-08-21 00:00:00-04:00,225.63166356522294,225.88095827873425,223.14868274098328,224.26551818847656,30621200,0.0,0.0
2025-08-22 00:00:00-04:00,225.53193619713707,228.44369658121065,224.77408575714253,227.11744689941406,42477800,0.0,0.0
2025-08-25 00:00:00-04:00,225.84106025439092,228.6531118971015,225.59176554347297,226.51914978027344,30983100,0.0,0.0
2025-08-26 00:00:00-04:00,226.22996704217394,228.84258604761433,224.05612439304167,228.6630859375,54575100,0.0,0.0
2025-08-27 00:00:00-04:00,227.96506627689797,230.24859923631865,227.6160475796746,229.8397674560547,31259500,0.0,0.0
2025-08-28 00:00:00-04:00,230.16884905542523,232.75153884501827,228.69301327644948,231.9039306640625,38074700,0.0,0.0
2025-08-29 00:00:00-04:00,231.85405874294378,232.7216147258446,230.71727541448905,231.485107421875,39418400,0.0,0.0
2025-09-02 00:00:00-04:00,228.6032698757151,230.19876225122124,226.32970313085187,229.0719451904297,44075600,0.0,0.0
2025-09-03 00:00:00-04:00,236.5408165177042,238.17618932549604,233.69885053091846,237.79725646972656,66427800,0.0,0.0
2025-09-04 00:00:00-04:00,237.7772812570227,239.22318747047024,236.07211403385233,239.10353088378906,47549400,0.0,0.0
2025-09-05 00:00:00-04:00,239.3229322237051,240.63921565449175,237.8171975861315,239.01380920410156,54870400,0.0,0.0
2025-09-08 00:00:00-04:00,238.62491556233425,239.47250850410185,235.6732593017711,237.20892333984375,48999500,0.0,0.0
2025-09-09 00:00:00-04:00,236.33140663047269,238.10638391026913,232.70167593051625,233.6888885498047,66313900,0.0,0.0
2025-09-10 00:00:00-04:00,231.53496736029473,231.76431424305812,225.31256565050364,226.1501922607422,83440800,0.0,0.0
2025-09-11 00:00:00-04:00,226.23995033725743,229.7998710451417,226.010588238333,229.3810577392578,50208600,0.0,0.0
2025-09-12 00:00:00-04:00,228.57335925244223,233.84842918261825,228.373926506362,233.40968322753906,55824200,0.0,0.0
2025-09-15 00:00:00-04:00,236.33139853346725,237.5180438551372,234.36695488957946,236.03224182128906,42699500,0.0,0.0
2025-09-16 00:00:00-04:00,236.51088466190768,240.53949594661788,235.65332541334,237.4781494140625,63421100,0.0,0.0
2025-09-17 00:00:00-04:00,238.2958480596019,239.42266510979977,237.05934071942244,238.3157958984375,46508000,0.0,0.0
2025-09-18 00:00:00-04:00,239.29302360434258,240.51954939992544,235.98238232851827,237.20892333984375,44249600,0.0,0.0
2025-09-19 00:00:00-04:00,240.5494606794321,245.60516498271895,239.53234916144805,244.8074188232422,163741300,0.0,0.0
2025-09-22 00:00:00-04:00,247.5995237986898,255.9160073848096,247.42002368458668,255.35755920410156,105517400,0.0,0.0
2025-09-23 00:00:00-04:00,255.15815615601056,256.6140289111009,252.86464151383097,253.7122344970703,60275200,0.0,0.0
2025-09-24 00:00:00-04:00,254.49998437943248,255.01852163586054,250.33176892231356,251.5981903076172,42303700,0.0,0.0
2025-09-25 00:00:00-04:00,252.49566170312627,256.4444966190252,250.99989343760635,256.14532470703125,55202100,0.0,0.0
2025-09-26 00:00:00-04:00,253.38315498635407,256.87328100426123,253.06405044687503,254.73931884765625,46076300,0.0,0.0
2025-09-29 00:00:00-04:00,253.8418726304012,254.28063380560434,252.29624220529692,253.7122344970703,40127700,0.0,0.0
2025-09-30 00:00:00-04:00,254.1410137555297,255.1980209495745,252.39595068950493,253.9116668701172,37704300,0.0,0.0
2025-10-01 00:00:00-04:00,254.32049261064776,258.0599285933123,254.21080232618834,254.72933959960938,48713900,0.0,0.0
2025-10-02 00:00:00-04:00,255.85613542550084,257.45162766856953,253.43299812845933,256.40460205078125,42630200,0.0,0.0
2025-10-03 00:00:00-04:00,253.9515436206674,258.5086431914624,253.23357360959045,257.2920837402344,49155600,0.0,0.0
2025-10-06 00:00:00-04:00,257.2621558739689,258.33912604890287,254.3304629034206,255.96583557128906,44664100,0.0,0.0
2025-10-07 00:00:00-04:00,256.0855101139428,256.6738420114173,254.70939836699205,255.75645446777344,31955800,0.0,0.0
2025-10-08 00:00:00-04:00,255.79633660873378,257.7906945345413,255.38748958216482,257.3320007324219,36496900,0.0,0.0
2025-10-09 00:00:00-04:00,257.08267167133846,257.27213808351553,252.42584836214985,253.32330322265625,38322000,0.0,0.0
2025-10-10 00:00:00-04:00,254.22079760361632,255.65673769030235,243.31165772832736,244.5780792236328,61999100,0.0,0.0
2025-10-13 00:00:00-04:00,248.67648318296307,248.98560621270488,244.86725241658198,246.96133422851562,38142900,0.0,0.0
2025-10-14 00:00:00-04:00,245.90431694508948,248.14796941642882,244.00966795095763,247.07101440429688,35478000,0.0,0.0
2025-10-15 00:00:00-04:00,248.78616738422895,251.10959602979932,246.77186176083558,248.63658142089844,33893600,0.0,0.0
2025-10-16 00:00:00-04:00,247.54965348458146,248.33741809379524,244.43846029169785,246.7519073486328,39777000,0.0,0.0
2025-10-17 00:00:00-04:00,247.3203043073955,252.66518358811555,246.57242016484557,251.5782470703125,49147000,0.0,0.0
2025-10-20 00:00:00-04:00,255.168106265739,263.63416054313814,254.90884523128253,261.50018310546875,90483000,0.0,0.0
2025-10-21 00:00:00-04:00,261.141213133835,264.5415968076956,261.0913359303388,262.0286865234375,46695900,0.0,0.0
2025-10-22 00:00:00-04:00,261.9090191460537,262.1084670888602,254.70938662410154,257.72088623046875,45015300,0.0,0.0
2025-10-23 00:00:00-04:00,259.2066564378435,259.8847307097371,257.2821086816683,258.84765625,32754900,0.0,0.0
2025-10-24 00:00:00-04:00,260.4531458541269,263.3848541030092,258.44880663072195,262.07855224609375,38253700,0.0,0.0
2025-10-27 00:00:00-04:00,264.13273028939324,268.3607587413759,263.9033682058253,268.0516357421875,44888200,0.0,0.0
2025-10-28 00:00:00-04:00,268.23110734142335,269.12859257872884,267.39348082722177,268.2410888671875,41534800,0.0,0.0
2025-10-29 00:00:00-04:00,268.5203194424725,270.6443152614699,266.35642794866993,268.93914794921875,51086700,0.0,0.0
2025-10-30 00:00:00-04:00,271.2226702585742,273.36662916750566,267.72259312931254,270.63433837890625,69886500,0.0,0.0
2025-10-31 00:00:00-04:00,276.2085578376442,276.53764389728985,268.4006608909581,269.60723876953125,86167100,0.0,0.0
2025-11-03 00:00:00-05:00,269.6571458353552,270.08592548154905,265.4988962118729,268.2909851074219,50194600,0.0,0.0
2025-11-04 00:00:00-05:00,267.5730004152706,270.72408938596277,266.86501191822913,269.2781982421875,49274800,0.0,0.0
2025-11-05 00:00:00-05:00,267.8521863717013,270.93349568379296,266.17693326929896,269.3778991699219,43683100,0.0,0.0
2025-11-06 00:00:00-05:00,267.1342708755924,272.6287059365568,267.1342708755924,269.0089416503906,51204000,0.0,0.0
2025-11-07 00:00:00-05:00,269.03885049148494,271.5218466038475,266.0173996929098,267.7126159667969,48227400,0.0,0.0
2025-11-10 00:00:00-05:00,268.46119877683986,273.2223721938244,266.9639805623884,268.9303283691406,41312400,0.26,0.0
2025-11-11 00:00:00-05:00,269.3096487524697,275.3983427074405,269.2996575494418,274.73956298828125,46208300,0.0,0.0
2025-11-12 00:00:00-05:00,274.49005224267427,275.2187095291286,271.19618380015726,272.962890625,48398000,0.0,0.0
2025-11-13 00:00:00-05:00,273.6016390736082,276.1868626363035,271.58539619817094,272.4438171386719,49602800,0.0,0.0
2025-11-14 00:00:00-05:00,270.5473523374902,275.4482508823214,269.10005949599775,271.90484619140625,47431300,0.0,0.0
2025-11-17 00:00:00-05:00,268.3214829895084,269.98836893107386,265.237217022597,266.9639892578125,45018300,0.0,0.0
2025-11-18 00:00:00-05:00,269.48928956232544,270.20795552947055,264.8279672087311,266.94403076171875,45677300,0.0,0.0
2025-11-19 00:00:00-05:00,265.0376012369211,271.70520656667077,265.0076580872151,268.0619812011719,40424500,0.0,0.0
2025-11-20 00:00:00-05:00,270.327749378444,274.91922505965954,265.42688147061517,265.7562561035156,45823600,0.0,0.0
2025-11-21 00:00:00-05:00,265.4568071090486,272.8230952896135,265.17732758833057,270.98651123046875,59030800,0.0,0.0
2025-11-24 00:00:00-05:00,270.397645153795,276.48633959077114,270.397645153795,275.4083557128906,65585800,0.0,0.0
2025-11-25 00:00:00-05:00,274.75950033189645,279.8600396675645,274.7395483878858,276.45635986328125,46914200,0.0,0.0
2025-11-26 00:00:00-05:00,276.4464065684995,279.0116481613461,276.11703191175064,277.0353088378906,33431400,0.0,0.0
2025-11-28 00:00:00-05:00,276.7458380127342,278.4826014787427,275.4781737009374,278.3328857421875,20135600,0.0,0.0
2025-12-01 00:00:00-05:00,277.4944549964911,282.89442609469603,275.62792768573877,282.57501220703125,46587700,0.0,0.0
2025-12-02 00:00:00-05:00,282.47518456741903,286.86701880065203,282.10587559562896,285.6592712402344,53669500,0.0,0.0
2025-12-03 00:00:00-05:00,285.6692634925469,288.0847586222564,282.77461708045536,283.623046875,43538700,0.0,0.0
2025-12-04 00:00:00-05:00,283.5731318378766,284.20196835267484,278.07334059490756,280.179443359375,43989100,0.0,0.0
2025-12-05 00:00:00-05:00,280.01974631085085,280.6186397013617,277.53434330937836,278.26300048828125,47265800,0.0,0.0
2025-12-08 00:00:00-05:00,277.6142094762677,279.15136205700173,275.6378704438954,277.3746643066406,38211800,0.0,0.0
2025-12-09 00:00:00-05:00,277.6441787437343,279.5107061083118,276.4064879695729,276.6659851074219,32193300,0.0,0.0
2025-12-10 00:00:00-05:00,277.23491184461454,279.2312028389952,275.92734368017386,278.26300048828125,33038300,0.0,0.0
2025-12-11 00:00:00-05:00,278.5824273392719,279.07150890817053,273.3022288840155,277.514404296875,33248000,0.0,0.0
2025-12-12 00:00:00-05:00,277.38461586894516,278.70217518025987,276.30663218031253,277.763916015625,39532900,0.0,0.0
2025-12-15 00:00:00-05:00,279.63046152672615,279.63046152672615,272.33402020742307,273.6016540527344,50409100,0.0,0.0
2025-12-16 00:00:00-05:00,272.3140798989353,274.9891026980292,271.2859911871425,274.1007385253906,37648600,0.0,0.0
2025-12-17 00:00:00-05:00,274.50001118897205,275.6478724530811,271.13626563598973,271.33587646484375,50138700,0.0,0.0
2025-12-18 00:00:00-05:00,273.1025913325419,273.12257373871984,266.4549687260805,271.68524169921875,51630700,0.0,0.0
2025-12-19 00:00:00-05:00,271.6453053723066,274.09077415448866,269.399477884542,273.1625061035156,144632000,0.0,0.0
2025-12-22 00:00:00-05:00,272.3539780142796,273.37210596231955,270.00836035897595,270.4674987792969,36571800,0.0,0.0
2025-12-23 00:00:00-05:00,270.3377490962612,271.99467443806464,269.06012395403746,271.85491943359375,29642000,0.0,0.0
2025-12-24 00:00:00-05:00,271.8349404799371,274.9192064044749,271.69521595033444,273.3022155761719,17910600,0.0,0.0
2025-12-26 00:00:00-05:00,273.65160578690546,274.8593534534055,272.35399820928086,272.89300537109375,21521800,0.0,0.0
2025-12-29 00:00:00-05:00,272.1843267483383,273.8512128461511,271.8449608988494,273.2523498535156,23715200,0.0,0.0
2025-12-30 00:00:00-05:00,272.30405905646904,273.57169281796894,271.77504318392386,272.57354736328125,22139600,0.0,0.0
2025-12-31 00:00:00-05:00,272.553621806917,273.17246717497864,271.24605357156486,271.3558349609375,27293600,0.0,0.0
2026-01-02 00:00:00-05:00,271.7551282774649,277.32476727085935,268.5011639041959,270.5074462890625,37838100,0.0,0.0
2026-01-05 00:00:00-05:00,270.1381413175191,271.00652312062255,265.64648609237463,266.764404296875,45647200,0.0,0.0
2026-01-06 00:00:00-05:00,266.5048844877732,267.05385240251036,261.63392891626114,261.87347412109375,52352100,0.0,0.0
2026-01-07 00:00:00-05:00,262.7119324450406,263.1910228349833,259.3282042611396,259.84722900390625,48309800,0.0,0.0
2026-01-08 00:00:00-05:00,256.5433578451618,258.80916773471864,255.22581364132833,258.55963134765625,50419300,0.0,0.0
2026-01-09 00:00:00-05:00,258.5995368285105,259.7274461787287,255.74485516422806,258.8890075683594,39997000,0.0,0.0
2026-01-12 00:00:00-05:00,258.679389570116,260.81540508500296,256.32375036738995,259.7673645019531,45263800,0.0,0.0
2026-01-13 00:00:00-05:00,258.24022168851656,261.3244878277737,257.9108470550362,260.5658874511719,45730800,0.0,0.0
2026-01-14 00:00:00-05:00,259.0087756526009,261.33447181199796,256.23393227813756,259.4779052734375,40019400,0.0,0.0
2026-01-15 00:00:00-05:00,260.16664839115424,260.55593980217856,256.57331808587395,257.7311706542969,39388600,0.0,0.0
2026-01-16 00:00:00-05:00,257.4217218192236,258.41986733264514,254.4572284259222,255.05612182617188,72142800,0.0,0.0
2026-01-20 00:00:00-05:00,252.26132447540706,254.31750190322293,242.9685916985444,246.2425079345703,80267500,0.0,0.0
2026-01-21 00:00:00-05:00,248.23880604127606,251.09350304772093,244.72532928784554,247.1907501220703,54641700,0.0,0.0
2026-01-22 00:00:00-05:00,248.737864640942,250.53452965267718,247.68980878155546,247.8894500732422,39708300,0.0,0.0
2026-01-23 00:00:00-05:00,246.86136630134166,248.94748685874615,244.22624741136653,247.58001708984375,41689000,0.0,0.0
2026-01-26 00:00:00-05:00,251.01365072947274,256.08423219515316,249.33677343540953,254.93637084960938,55969200,0.0,0.0
2026-01-27 00:00:00-05:00,258.6894015269614,261.4642450011371,257.73115984508394,257.7910461425781,49648300,0.0,0.0
2026-01-28 00:00:00-05:00,257.1721946066941,258.3799421919039,254.03801819206552,255.96444702148438,41288000,0.0,0.0
2026-01-29 00:00:00-05:00,257.52154586161765,259.16847988830324,253.93820707645818,257.801025390625,67253000,0.0,0.0
2026-01-30 00:00:00-05:00,254.6968198516284,261.4143357105436,251.71235892004358,258.99884033203125,92443400,0.0,0.0
2026-02-02 00:00:00-05:00,259.5477742456141,269.98836769074944,258.72928762151224,269.50927734375,73913400,0.0,0.0
2026-02-03 00:00:00-05:00,268.70080609664296,271.3758289780004,267.11372779647115,268.98028564453125,64394700,0.0,0.0
2026-02-04 00:00:00-05:00,271.7850411492978,278.432693698261,271.7850411492978,275.97723388671875,90545700,0.0,0.0
2026-02-05 00:00:00-05:00,277.6142303156022,278.98168486317746,272.72332314901723,275.3983459472656,52977400,0.0,0.0
2026-02-06 00:00:00-05:00,276.6060720438839,280.3890519626743,276.4164219647768,277.6042175292969,50453400,0.0,0.0
2026-02-09 00:00:00-05:00,277.6541982366954,277.9439398399519,271.4499228389202,274.3672180175781,44623400,0.26,0.0
2026-02-10 00:00:00-05:00,274.6369782150198,275.11651686144285,272.68876099546605,273.4280700683594,34376900,0.0,0.0
2026-02-11 00:00:00-05:00,274.44714753122867,279.92208361183503,274.1973776592452,275.24639892578125,51931300,0.0,0.0
2026-02-12 00:00:00-05:00,275.3363333447182,275.46621856633783,259.94051360693726,261.4891052246094,81077200,0.0,0.0
2026-02-13 00:00:00-05:00,261.7688319830923,261.9886306947134,255.21485759663088,255.5445556640625,56290700,0.0,0.0
2026-02-17 00:00:00-05:00,257.8124646511843,266.0449008431299,255.30478047881587,263.6371154785156,58469100,0.0,0.0
2026-02-18 00:00:00-05:00,263.35737977838915,266.57441720150126,262.20844437502524,264.106689453125,34203300,0.0,0.0
2026-02-19 00:00:00-05:00,262.35827847824623,264.2365527856389,259.81060750150084,260.3401184082031,30845300,0.0,0.0
2026-02-20 00:00:00-05:00,258.73163460792017,264.5063132392292,257.9223826043077,264.3364562988281,42070500,0.0,0.0
2026-02-23 00:00:00-05:00,263.24744081710827,269.1819753311392,263.13755670993424,265.9349670410156,37308200,0.0,0.0
2026-02-24 00:00:00-05:00,267.61343657617186,274.6369951599546,267.46358073991865,271.8895263671875,47014600,0.0,0.0
2026-02-25 00:00:00-05:00,271.5298429675081,274.6869380517792,270.8005039088116,273.97760009765625,33714300,0.0,0.0
2026-02-26 00:00:00-05:00,274.6969199809464,275.8558253670768,270.55071567552415,272.6987609863281,32345100,0.0,0.0
2026-02-27 00:00:00-05:00,272.5588900215503,272.5588900215503,262.6480379442022,263.93682861328125,72366500,0.0,0.0
2026-03-02 00:00:00-05:00,262.16844722421786,266.2846497598317,259.960490133898,264.476318359375,41827900,0.0,0.0
2026-03-03 00:00:00-05:00,263.23749216234586,265.31556422164516,259.8905695547566,263.5072326660156,38568900,0.0,0.0
2026-03-04 00:00:00-05:00,264.4063951364299,265.9050144519466,261.179387723623,262.2783508300781,39803100,0.0,0.0
2026-03-05 00:00:00-05:00,260.54995479568396,261.3192350446657,257.01320478174756,260.0504150390625,49658600,0.0,0.0
2026-03-06 00:00:00-05:00,258.39192833924307,258.53178361058343,254.13584003818684,257.2229919433594,41120000,0.0,0.0
2026-03-09 00:00:00-04:00,255.45463216869055,260.9095975388004,253.44647267699952,259.6407775878906,38218500,0.0,0.0
2026-03-10 00:00:00-04:00,257.4128391437035,262.2384104290217,256.71350175461305,260.58990478515625,30590800,0.0,0.0
2026-03-11 00:00:00-04:00,260.8496568052655,261.888707997661,259.3110658747261,260.5699157714844,26218900,0.0,0.0
2026-03-12 00:00:00-04:00,258.4219063383753,258.71164792954545,253.94601921584928,255.52456665039062,40794000,0.0,0.0
2026-03-13 00:00:00-04:00,255.24483747003174,256.0940459350445,249.29033192864068,249.8897705078125,36930000,0.0,0.0
2026-03-16 00:00:00-04:00,251.87794235419486,253.6563027081548,249.6499992581203,252.58729553222656,32074200,0.0,0.0
2026-03-17 00:00:00-04:00,252.72716690012706,254.89516767044782,251.94787083452104,253.99598693847656,32361600,0.0,0.0
2026-03-18 00:00:00-04:00,252.3974721128864,254.70534343896443,248.7708084606242,249.70994567871094,35757900,0.0,0.0
2026-03-19 00:00:00-04:00,249.17043241392184,251.5982036354298,247.0723745163624,248.73085021972656,34864100,0.0,0.0
2026-03-20 00:00:00-04:00,247.7517334570195,248.97061168291066,245.77356028907465,247.76173400878906,88331100,0.0,0.0
2026-03-23 00:00:00-04:00,253.73622734962268,254.3656523266213,250.0496214753341,251.25851440429688,40546100,0.0,0.0
2026-03-24 00:00:00-04:00,250.1195650925759,254.5954370944537,249.32029842391177,251.4083709716797,45152300,0.0,0.0
2026-03-25 00:00:00-04:00,253.86611511385965,254.76528059453105,251.3684162845015,252.38746643066406,28476700,0.0,0.0
2026-03-26 00:00:00-04:00,251.88793104116345,256.76344411909713,250.53918279672283,252.6572265625,41796700,0.0,0.0
2026-03-27 00:00:00-04:00,253.666280215245,255.2548282141602,247.8416601166152,248.57098388671875,47900000,0.0,0.0
2026-03-30 00:00:00-04:00,249.83982057534305,250.63907198816298,245.28400520065438,246.40298461914062,39446200,0.0,0.0
2026-03-31 00:00:00-04:00,247.6818040942864,255.24482803058763,246.87255213324852,253.55638122558594,49598100,0.0,0.0
2026-04-01 00:00:00-04:00,253.8461228128272,255.94418062939917,253.096813183035,255.3946990966797,40059400,0.0,0.0
2026-04-02 00:00:00-04:00,253.96601496217014,255.89424639361263,250.4192795609811,255.68443298339844,31289400,0.0,0.0
2026-04-06 00:00:00-04:00,256.27389167390277,261.9186847371787,256.2239194053331,258.6217041015625,29329900,0.0,0.0
2026-04-07 00:00:00-04:00,255.92421782448065,255.96418954301222,245.47383916108728,253.26666259765625,62148000,0.0,0.0
2026-04-08 00:00:00-04:00,258.2121146377317,259.51090582044134,256.29386854025813,258.66168212890625,41032800,0.0,0.0
2026-04-09 00:00:00-04:00,258.7615948993736,260.879638597066,255.8342992320816,260.2502136230469,28121600,0.0,0.0
2026-04-10 00:00:00-04:00,259.7406946341393,261.94865175168746,258.78155637925676,260.240234375,31291500,0.0,0.0
2026-04-13 00:00:00-04:00,259.49093671136296,259.9405042051452,256.4237552437805,258.96142578125,36234700,0.0,0.0
2026-04-14 00:00:00-04:00,259.01136264890187,261.68888841493145,256.9532612999924,258.59173583984375,48370700,0.0,0.0
2026-04-15 00:00:00-04:00,257.92237663273806,266.3146386359468,257.57269269729437,266.18475341796875,49913500,0.0,0.0
2026-04-16 00:00:00-04:00,266.55439590858066,266.91408037974617,261.0294875448873,263.15753173828125,43323100,0.0,0.0
2026-04-17 00:00:00-04:00,266.7142527536172,272.0493335842862,266.47448343207725,269.98126220703125,61436200,0.0,0.0
2026-04-20 00:00:00-04:00,270.08114756253855,274.0275237795767,270.04120633500696,272.79864501953125,36590200,0.0,0.0
2026-04-21 00:00:00-04:00,271.250098918132,272.5488901425708,265.1557075406741,265.9250183105469,50209800,0.0,0.0
2026-04-22 00:00:00-04:00,267.5734973129919,273.48803128351057,266.62435952726383,272.9185791015625,43249200,0.0,0.0
2026-04-23 00:00:00-04:00,274.79681820267325,275.5161566987003,271.39995382845746,273.1783142089844,33399600,0.0,0.0
2026-04-24 00:00:00-04:00,272.50893317942314,272.80864483253174,269.4017800912603,270.81048583984375,38157100,0.0,0.0
2026-04-27 00:00:00-04:00,265.84505761361925,268.1129570778125,264.8260075108844,267.3636474609375,41466800,0.0,0.0
2026-04-28 00:00:00-04:00,272.0893199684016,272.97851539952296,268.4127145556596,270.4608154296875,40018900,0.0,0.0
2026-04-29 00:00:00-04:00,267.3037117460274,270.7905199823619,266.7942019267937,269.92132568359375,30047900,0.0,0.0
2026-04-30 00:00:00-04:00,270.25102650288807,275.7459641951834,267.893213328058,271.1002502441406,91848200,0.0,0.0
2026-05-01 00:00:00-04:00,278.6032901046287,286.95561044034525,278.1137509144006,279.88214111328125,79915400,0.0,0.0
2026-05-04 00:00:00-04:00,279.4025768563376,280.3716851917065,274.60697695873915,276.5751647949219,46668400,0.0,0.0
2026-05-05 00:00:00-04:00,276.6750995896243,284.30808218316156,276.2455026895375,283.9184265136719,49311700,0.0,0.0
2026-05-06 00:00:00-04:00,281.66051049385584,287.76487170009636,280.8112868075762,287.245361328125,58336100,0.0,0.0
2026-05-07 00:00:00-04:00,289.00371711581823,291.8611003514943,285.5169394038565,287.1754150390625,45224300,0.0,0.0
2026-05-08 00:00:00-04:00,289.7430674686918,294.4886952888782,289.7330669166447,293.0500183105469,52692800,0.0,0.0
2026-05-11 00:00:00-04:00,291.9800109863281,293.8800048828125,290.2300109863281,292.67999267578125,42247300,0.27,0.0
2026-05-12 00:00:00-04:00,292.55999755859375,295.2699890136719,292.55999755859375,294.79998779296875,45748100,0.0,0.0
2026-05-13 00:00:00-04:00,293.5,300.9200134277344,293.5,298.8699951171875,52684300,0.0,0.0
2026-05-14 00:00:00-04:00,299.82000732421875,300.45001220703125,295.3800048828125,298.2099914550781,35324900,0.0,0.0
2026-05-15 00:00:00-04:00,297.8999938964844,303.20001220703125,296.5199890136719,300.2300109863281,54862800,0.0,0.0
2026-05-18 00:00:00-04:00,300.239990234375,300.6600036621094,294.9100036621094,297.8399963378906,34483000,0.0,0.0
2026-05-19 00:00:00-04:00,296.9700012207031,300.510009765625,296.3500061035156,298.9700012207031,42243600,0.0,0.0
2026-05-20 00:00:00-04:00,298.17999267578125,302.79998779296875,298.0799865722656,302.25,38229800,0.0,0.0
2026-05-21 00:00:00-04:00,301.05999755859375,305.5400085449219,300.3999938964844,304.989990234375,42965100,0.0,0.0
2026-05-22 00:00:00-04:00,306.1199951171875,311.3999938964844,305.8399963378906,308.82000732421875,43670200,0.0,0.0
2026-05-26 00:00:00-04:00,309.55999755859375,311.82000732421875,307.6700134277344,308.3299865722656,48000500,0.0,0.0
2026-05-27 00:00:00-04:00,308.3299865722656,313.260009765625,308.29998779296875,310.8500061035156,50430900,0.0,0.0
2026-05-28 00:00:00-04:00,310.67999267578125,312.79998779296875,309.57000732421875,312.510009765625,48157800,0.0,0.0
2026-05-29 00:00:00-04:00,311.7749938964844,315.0,310.4200134277344,310.7049865722656,15811223,0.0,0.0
