Date,Open,High,Low,Close,Volume,Dividends,Stock Splits
2016-05-31 00:00:00-04:00,36.289069344158754,36.68531416875603,36.265262720814356,36.486446380615234,42590000,0.0,0.0
2016-06-01 00:00:00-04:00,36.42743468981656,36.56034239737634,36.2355098608824,36.40858840942383,25072000,0.0,0.0
2016-06-02 00:00:00-04:00,36.32676263401709,36.35255188463385,35.91365410260733,36.222618103027344,26836000,0.0,0.0
2016-06-03 00:00:00-04:00,36.166573848053346,36.177482063951174,35.734619092673825,35.82289505004883,24526000,0.0,0.0
2016-06-06 00:00:00-04:00,35.95035450566174,35.95035450566174,35.43954871421295,35.53575897216797,31306000,0.0,0.0
2016-06-07 00:00:00-04:00,35.69891556695493,35.80504271583416,35.535753919797486,35.540714263916016,26724000,0.0,0.0
2016-06-08 00:00:00-04:00,35.90323672716388,36.13185900860756,35.7356104042657,36.11747741699219,31674000,0.0,0.0
2016-06-09 00:00:00-04:00,35.84918380873386,36.17996801873409,35.822698370129324,36.13235855102539,19778000,0.0,0.0
2016-06-10 00:00:00-04:00,35.680563352662155,35.9989485687495,35.52980068070066,35.677589416503906,24328000,0.0,0.0
2016-06-13 00:00:00-04:00,35.533777042481326,35.976640117951256,35.533777042481326,35.62552261352539,25178000,0.0,0.0
2016-06-14 00:00:00-04:00,35.53228398397018,35.829344650384634,35.36564896245043,35.621055603027344,26122000,0.0,0.0
2016-06-15 00:00:00-04:00,35.65725882706259,35.854635882022194,35.573447548750856,35.653289794921875,24290000,0.0,0.0
2016-06-16 00:00:00-04:00,35.45442343341532,35.540716779195485,34.8766662708212,35.22877883911133,39650000,0.0,0.0
2016-06-17 00:00:00-04:00,35.14397055805786,35.15240427828962,34.142295071097095,34.30436325073242,68048000,0.0,0.0
2016-06-20 00:00:00-04:00,34.65399528511547,34.837985848490376,34.38817984875492,34.40305709838867,41650000,0.0,0.0
2016-06-21 00:00:00-04:00,34.6356485323328,34.85237133931692,34.318750215341325,34.51365280151367,29312000,0.0,0.0
2016-06-22 00:00:00-04:00,34.66837399076694,34.75764126476761,34.371907358531836,34.589027404785156,23686000,0.0,0.0
2016-06-23 00:00:00-04:00,34.58852676932901,34.81169303038639,34.07027872851503,34.80772399902344,43428000,0.0,0.0
2016-06-24 00:00:00-04:00,33.48360192048007,34.18931019704619,33.398303675895654,33.486083984375,88980000,0.0,0.0
2016-06-27 00:00:00-04:00,33.27680035006406,33.34127347418124,32.89414252098004,33.14091491699219,52580000,0.0,0.0
2016-06-28 00:00:00-04:00,33.67205124134698,33.739494505291745,33.37598193398776,33.72511291503906,43476000,0.0,0.0
2016-06-29 00:00:00-04:00,33.87191952470573,34.09156328230063,33.793064801237826,33.92696762084961,38652000,0.0,0.0
2016-06-30 00:00:00-04:00,33.994410069421505,34.334123671116835,33.904151474239214,34.323211669921875,31954000,0.0,0.0
2016-07-01 00:00:00-04:00,34.328167712052284,34.747227855213765,34.32469433624039,34.675811767578125,26894000,0.0,0.0
2016-07-05 00:00:00-04:00,34.51959428737407,34.56323471613872,34.163516538887734,34.46454620361328,29252000,0.0,0.0
2016-07-06 00:00:00-04:00,34.2180689222676,34.79830425295011,34.17392905393849,34.60439682006836,28238000,0.0,0.0
2016-07-07 00:00:00-04:00,34.6197688543128,34.62572050964793,34.130537488678655,34.48487854003906,26084000,0.0,0.0
2016-07-08 00:00:00-04:00,34.69018668216149,34.99815927820202,34.538186791494425,34.99419403076172,31504000,0.0,0.0
2016-07-11 00:00:00-04:00,35.114217361188544,35.533773202368494,35.07404651730416,35.46335220336914,22236000,0.0,0.0
2016-07-12 00:00:00-04:00,35.66321270887087,35.852655495004505,35.504020079024336,35.73859405517578,26738000,0.0,0.0
2016-07-13 00:00:00-04:00,35.886372703493144,35.90521898265675,35.55062818876477,35.55707550048828,18718000,0.0,0.0
2016-07-14 00:00:00-04:00,35.78520493588427,35.816450184943506,35.609152448753505,35.753963470458984,19004000,0.0,0.0
2016-07-15 00:00:00-04:00,35.99101029392772,35.991505949899086,35.659980210459295,35.699405670166016,25586000,0.0,0.0
2016-07-18 00:00:00-04:00,35.841249543938055,36.506783212755956,35.76586820200205,36.39023971557617,25910000,0.0,0.0
2016-07-19 00:00:00-04:00,36.19732133317582,36.54943008333932,36.15318524425933,36.547943115234375,24550000,0.0,0.0
2016-07-20 00:00:00-04:00,36.566295581070854,36.80433913340199,36.55488792442403,36.75772476196289,25794000,0.0,0.0
2016-07-21 00:00:00-04:00,36.716565514672794,36.782521828574794,36.49195762905069,36.630767822265625,20526000,0.0,0.0
2016-07-22 00:00:00-04:00,36.790950505887665,36.85938888157612,36.528109004211096,36.8345947265625,25196000,0.0,0.0
2016-07-25 00:00:00-04:00,36.73193716858821,36.82814741943239,36.57472716691385,36.68730163574219,20648000,0.0,0.0
2016-07-26 00:00:00-04:00,36.65109569220663,36.782516428250894,36.41453912405371,36.6203498840332,23734000,0.0,0.0
2016-07-27 00:00:00-04:00,36.61340522855885,36.91988711864999,36.549923423764525,36.78648376464844,30250000,0.0,0.0
2016-07-28 00:00:00-04:00,37.04784161813428,37.12768386192479,36.663991953052914,36.99180221557617,70604000,0.0,0.0
2016-07-29 00:00:00-04:00,38.32088698025286,38.61050899736969,38.026304619493764,38.12648010253906,76830000,0.0,0.0
2016-08-01 00:00:00-04:00,37.744618934571434,38.70374361747339,37.744618934571434,38.32931900024414,54010000,0.0,0.0
2016-08-02 00:00:00-04:00,38.12152490469198,38.47611192329477,38.079867097329135,38.23955535888672,35690000,0.0,0.0
2016-08-03 00:00:00-04:00,38.04664000608194,38.345683287666304,38.02878503814585,38.34419631958008,25748000,0.0,0.0
2016-08-04 00:00:00-04:00,38.29658086655203,38.38832640476136,38.12672600424201,38.26633071899414,22806000,0.0,0.0
2016-08-05 00:00:00-04:00,38.37395031655197,38.83318129665586,38.30253801300439,38.79251480102539,36024000,0.0,0.0
2016-08-08 00:00:00-04:00,38.781602439434685,38.81284768671633,38.58774418202097,38.76970291137695,22158000,0.0,0.0
2016-08-09 00:00:00-04:00,38.736973863929826,39.12578009706574,38.71068895830901,38.8936882019043,26378000,0.0,0.0
2016-08-10 00:00:00-04:00,38.86839395090383,39.02024631657836,38.82019045415062,38.91451644897461,15728000,0.0,0.0
2016-08-11 00:00:00-04:00,38.93037792356433,39.165943147903825,38.82970300926719,38.92293930053711,19502000,0.0,0.0
2016-08-12 00:00:00-04:00,38.75680382196615,38.85078170554091,38.70225139723868,38.84210205078125,14810000,0.0,0.0
2016-08-15 00:00:00-04:00,38.86839364462219,39.0538711639094,38.68787646942803,38.803428649902344,18764000,0.0,0.0
2016-08-16 00:00:00-04:00,38.69729890309719,38.73102243342169,38.35729019609048,38.540584564208984,20560000,0.0,0.0
2016-08-17 00:00:00-04:00,38.549516408679494,38.722594975933056,38.36155680773828,38.67795944213867,18484000,0.0,0.0
2016-08-18 00:00:00-04:00,38.68291129009017,38.824252701820384,38.53363559898319,38.558433532714844,14388000,0.0,0.0
2016-08-19 00:00:00-04:00,38.43445140174456,38.53859591279714,38.34171454558111,38.45528030395508,17230000,0.0,0.0
2016-08-22 00:00:00-04:00,38.34865741652061,38.4116397789773,38.18896538300822,38.29310989379883,19028000,0.0,0.0
2016-08-23 00:00:00-04:00,38.45825618412714,38.50586564639144,38.27501102264558,38.289642333984375,18564000,0.0,0.0
2016-08-24 00:00:00-04:00,38.2152506555497,38.409653744245865,38.04118081322671,38.16863250732422,21440000,0.0,0.0
2016-08-25 00:00:00-04:00,38.03771297618828,38.280225000015946,37.8485161396257,38.15723419189453,18538000,0.0,0.0
2016-08-26 00:00:00-04:00,38.13689665684683,38.48801407271626,37.9806779921369,38.16367721557617,23334000,0.0,0.0
2016-08-29 00:00:00-04:00,38.124000396622215,38.433955649082414,38.01861485405905,38.29310989379883,16952000,0.0,0.0
2016-08-30 00:00:00-04:00,38.15326836496101,38.407978846333016,38.02978189040645,38.14136505126953,22600000,0.0,0.0
2016-08-31 00:00:00-04:00,38.03820905719442,38.14136227319373,37.95737549864954,38.04019546508789,24972000,0.0,0.0
2016-09-01 00:00:00-04:00,38.149295158313926,38.237071673484124,37.90380922871535,38.12598419189453,18502000,0.0,0.0
2016-09-02 00:00:00-04:00,38.33576799638152,38.38089539869844,38.10764135364704,38.2588996887207,21454000,0.0,0.0
2016-09-06 00:00:00-04:00,38.357588346642395,38.78160507219005,38.23608450865843,38.6863899230957,28856000,0.0,0.0
2016-09-07 00:00:00-04:00,38.682424011097154,38.81781379670619,38.49397253827964,38.69978332519531,17874000,0.0,0.0
2016-09-08 00:00:00-04:00,38.61249151655907,38.69977615971132,38.364031649990146,38.450321197509766,25406000,0.0,0.0
2016-09-09 00:00:00-04:00,38.19144703781088,38.347415974336386,37.67369842529297,37.67369842529297,37710000,0.0,0.0
2016-09-12 00:00:00-04:00,37.449049021287756,38.20087605134492,37.39300961542391,38.13789367675781,26220000,0.0,0.0
2016-09-13 00:00:00-04:00,37.912741696072786,37.99903504253384,37.482277626845146,37.675193786621094,27900000,0.0,0.0
2016-09-14 00:00:00-04:00,37.67121657390402,38.071430400353115,37.64642242401302,37.81404495239258,21748000,0.0,0.0
2016-09-15 00:00:00-04:00,37.833891709535145,38.374947638016494,37.6885850159401,38.273780822753906,26102000,0.0,0.0
2016-09-16 00:00:00-04:00,38.174091889542325,38.174091889542325,37.92166675891482,38.13094711303711,40986000,0.0,0.0
2016-09-19 00:00:00-04:00,38.306506200349745,38.38486526148923,37.9108061843145,37.973243713378906,23456000,0.0,0.0
2016-09-20 00:00:00-04:00,38.13690269792469,38.351639074144714,38.11359172752804,38.25642013549805,19572000,0.0,0.0
2016-09-21 00:00:00-04:00,38.318408855979676,38.541578939221324,38.10223471197329,38.49496078491211,23356000,0.0,0.0
2016-09-22 00:00:00-04:00,38.68242089473866,39.17091074334371,38.60505693075227,39.03998565673828,29724000,0.0,0.0
2016-09-23 00:00:00-04:00,39.00922811200337,39.12527592614554,38.88822373835789,39.02460479736328,28238000,0.0,0.0
2016-09-26 00:00:00-04:00,38.81830429091396,38.81830429091396,38.33874006000275,38.3952751159668,30664000,0.0,0.0
2016-09-27 00:00:00-04:00,38.45924977778837,38.97947668305099,38.400134287891916,38.83169174194336,23064000,0.0,0.0
2016-09-28 00:00:00-04:00,38.57579792970784,38.772183666987104,38.432969531192214,38.75978469848633,22196000,0.0,0.0
2016-09-29 00:00:00-04:00,38.75383651234812,38.97006364549716,38.39637387793592,38.43495559692383,26294000,0.0,0.0
2016-09-30 00:00:00-04:00,38.500417540164456,38.72903984445977,38.38932626059981,38.54802322387695,31706000,0.0,0.0
2016-10-03 00:00:00-04:00,38.39726109952505,38.48726996256021,38.16169206288756,38.313446044921875,25576000,0.0,0.0
2016-10-04 00:00:00-04:00,38.48553350193529,38.61844498873046,38.32981427082216,38.50537109375,24028000,0.0,0.0
2016-10-05 00:00:00-04:00,38.64819670937504,38.78507343452401,38.46668824357323,38.507354736328125,29224000,0.0,0.0
2016-10-06 00:00:00-04:00,38.632826177383976,38.70622110433511,38.46123460443002,38.526695251464844,21414000,0.0,0.0
2016-10-07 00:00:00-04:00,38.66555847321297,38.66555847321297,38.22368302436466,38.43842315673828,18664000,0.0,0.0
2016-10-10 00:00:00-04:00,38.56885682220188,39.14760528492676,38.477603133849954,38.97700500488281,23498000,0.0,0.0
2016-10-11 00:00:00-04:00,39.012709919622225,39.291419969278294,38.71118455678669,38.83467102050781,27450000,0.0,0.0
2016-10-12 00:00:00-04:00,38.86888514030851,39.08560788546075,38.784578217920156,38.986915588378906,18748000,0.0,0.0
2016-10-13 00:00:00-04:00,38.742929853670525,38.742929853670525,38.33527729382479,38.5926628112793,27306000,0.0,0.0
2016-10-14 00:00:00-04:00,38.76424784862707,38.87830927358739,38.484047062888955,38.60951614379883,17050000,0.0,0.0
2016-10-17 00:00:00-04:00,38.67250471475686,38.97253932771488,38.558439499028275,38.68043899536133,21860000,0.0,0.0
2016-10-18 00:00:00-04:00,39.07172731067447,39.75412463018622,38.958407470806556,39.439208984375,41138000,0.0,0.0
2016-10-19 00:00:00-04:00,39.586993987431505,39.90240528962711,39.57658142650875,39.7486686706543,35336000,0.0,0.0
2016-10-20 00:00:00-04:00,39.837934023428225,39.871161896104034,39.47739155163624,39.524009704589844,35150000,0.0,0.0
2016-10-21 00:00:00-04:00,39.42631308970402,39.64947938619216,39.376720999777085,39.64303207397461,25324000,0.0,0.0
2016-10-24 00:00:00-04:00,39.91728691174282,40.42710138759867,39.91332166281749,40.32444381713867,33950000,0.0,0.0
2016-10-25 00:00:00-04:00,40.501485195454016,40.501485195454016,39.929184084338765,40.05465316772461,31528000,0.0,0.0
2016-10-26 00:00:00-04:00,39.988693381827694,40.02043050012492,39.4917736519222,39.628150939941406,32954000,0.0,0.0
2016-10-27 00:00:00-04:00,39.723869189321164,39.84735564921554,39.2527386622161,39.44367218017578,54984000,0.0,0.0
2016-10-28 00:00:00-04:00,40.088373553429044,40.44246868678147,39.35638423142976,39.44466018676758,85398000,0.0,0.0
2016-10-31 00:00:00-04:00,39.449624756748534,39.518558791160004,38.88079695064578,38.90757751464844,48546000,0.0,0.0
2016-11-01 00:00:00-04:00,38.82574785347146,39.153058702645914,38.46124009585915,38.861454010009766,48128000,0.0,0.0
2016-11-02 00:00:00-04:00,38.59315122816367,38.764247146137336,37.861657532503166,38.12202072143555,37448000,0.0,0.0
2016-11-03 00:00:00-04:00,38.05011572060557,38.18401854258688,37.64246316499414,37.796199798583984,38864000,0.0,0.0
2016-11-04 00:00:00-04:00,37.22736546813603,38.20434510695062,37.2224543115237,37.790740966796875,42696000,0.0,0.0
2016-11-07 00:00:00-05:00,38.40966031459423,38.93980799531136,38.312954409690796,38.807395935058594,31702000,0.0,0.0
2016-11-08 00:00:00-05:00,38.85103180941877,39.45770341931985,38.6918392054374,39.20363998413086,27338000,0.0,0.0
2016-11-09 00:00:00-05:00,38.679440159324805,39.23919465554656,38.26930565890268,38.94575119018555,52142000,0.0,0.0
2016-11-10 00:00:00-05:00,39.23637549615877,39.23637549615877,37.302752932261235,37.81752395629883,94904000,0.0,0.0
2016-11-11 00:00:00-05:00,37.51897061691815,37.72924606555732,37.21348002360954,37.39399719238281,48636000,0.0,0.0
2016-11-14 00:00:00-05:00,37.47235719125164,37.58394413346416,36.08078190634523,36.50430679321289,73088000,0.0,0.0
2016-11-15 00:00:00-05:00,37.044363331370164,37.90955922667859,37.044363331370164,37.61567306518555,47680000,0.0,0.0
2016-11-16 00:00:00-05:00,37.45251648255791,38.005975108246396,37.21992893538151,37.91273880004883,29452000,0.0,0.0
2016-11-17 00:00:00-05:00,38.03374868430304,38.32039302278884,37.90034152831272,38.247493743896484,26080000,0.0,0.0
2016-11-18 00:00:00-05:00,38.25442910438911,38.43445059712797,37.69055800492549,37.71733856201172,30942000,0.0,0.0
2016-11-21 00:00:00-05:00,37.81999731141568,38.171610372950646,37.720313703116965,38.146812438964844,26612000,0.0,0.0
2016-11-22 00:00:00-05:00,38.31692372000518,38.53166009336582,38.03771422048488,38.10070037841797,31862000,0.0,0.0
2016-11-23 00:00:00-05:00,38.07391591443882,38.101339692051596,37.4549966685306,37.73965835571289,29568000,0.0,0.0
2016-11-25 00:00:00-05:00,37.90183115665667,37.93852862305093,37.716353633188994,37.77388000488281,11748000,0.0,0.0
2016-11-28 00:00:00-05:00,37.69056122588318,38.65911091661628,37.68064432193835,38.099205017089844,43764000,0.0,0.0
2016-11-29 00:00:00-05:00,38.262368599044414,38.6080300411489,38.099206954420886,38.2281494140625,32332000,0.0,0.0
2016-11-30 00:00:00-05:00,38.189956532691966,38.33476752087181,37.43416069403607,37.593353271484375,47858000,0.0,0.0
2016-12-01 00:00:00-05:00,37.563609724470965,37.68312716045065,36.55116976026973,37.09148406982422,60358000,0.0,0.0
2016-12-02 00:00:00-05:00,36.926333628119785,37.39300320443562,36.85243926522201,37.21942901611328,29050000,0.0,0.0
2016-12-05 00:00:00-05:00,37.57699350967962,37.883971047257525,37.33845055139955,37.81553268432617,27884000,0.0,0.0
2016-12-06 00:00:00-05:00,37.92513335261682,38.128465818290096,37.55864304204658,37.64642333984375,33814000,0.0,0.0
2016-12-07 00:00:00-05:00,37.74015282441607,38.25393622241014,37.482271705217585,38.245506286621094,35220000,0.0,0.0
2016-12-08 00:00:00-05:00,38.309484564994456,38.59216365313085,38.049121350850236,38.504878997802734,29762000,0.0,0.0
2016-12-09 00:00:00-05:00,38.682417140324056,39.150078038479975,38.633865553806665,39.14313507080078,36438000,0.0,0.0
2016-12-12 00:00:00-05:00,38.932367264474614,39.240339932016255,38.898397799031734,39.142147064208984,42082000,0.0,0.0
2016-12-13 00:00:00-05:00,39.37175680646553,39.89149184688078,39.34398493613089,39.48086166381836,42904000,0.0,0.0
2016-12-14 00:00:00-05:00,39.54533684330156,39.872651463757386,39.37721862844614,39.52897262573242,34084000,0.0,0.0
2016-12-15 00:00:00-05:00,39.54235243921464,39.823048829371466,39.323151438131625,39.56764602661133,32530000,0.0,0.0
2016-12-16 00:00:00-05:00,39.69410837349784,39.71672314977313,39.192723989468426,39.218017578125,48876000,0.0,0.0
2016-12-19 00:00:00-05:00,39.189261590045945,39.55823022695009,38.99336772326297,39.38663864135742,24642000,0.0,0.0
2016-12-20 00:00:00-05:00,39.51360590844913,39.60733410754917,39.340527322156845,39.496742248535156,19020000,0.0,0.0
2016-12-21 00:00:00-05:00,39.46796562783682,39.509426682909485,39.03452393355328,39.40448760986328,24226000,0.0,0.0
2016-12-22 00:00:00-05:00,39.29538571329928,39.34299517627029,39.10792558114489,39.2408332824707,19444000,0.0,0.0
2016-12-23 00:00:00-05:00,39.22298178081623,39.31423546669369,39.04345591268812,39.173885345458984,12468000,0.0,0.0
2016-12-27 00:00:00-05:00,39.2120661056653,39.56814383783621,39.062147202447704,39.255210876464844,15782000,0.0,0.0
2016-12-28 00:00:00-05:00,39.36183830180961,39.38811941945237,38.8411119705827,38.932857513427734,23076000,0.0,0.0
2016-12-29 00:00:00-05:00,38.84756990173169,38.97651237984695,38.62886448013785,38.8207893371582,14886000,0.0,0.0
2016-12-30 00:00:00-05:00,38.81879959512764,38.82028656319032,38.206823321943304,38.27674865722656,35400000,0.0,0.0
2017-01-03 00:00:00-05:00,38.623399213036336,39.15999412072487,38.47412730288172,38.986915588378906,33146000,0.0,0.0
2017-01-04 00:00:00-05:00,39.0970084024438,39.24479711557324,38.83912731384258,39.02460479736328,21460000,0.0,0.0
2017-01-05 00:00:00-05:00,38.98394190704563,39.40051996177968,38.931372102391,39.377708435058594,26704000,0.0,0.0
2017-01-06 00:00:00-05:00,39.439210159927896,40.06606375023558,39.28765290980951,39.97927474975586,32804000,0.0,0.0
2017-01-09 00:00:00-05:00,39.99167131356904,40.168518363810485,39.81462373072892,40.00407028198242,25492000,0.0,0.0
2017-01-10 00:00:00-05:00,40.06407286542059,40.12705522674746,39.84834144070751,39.91181945800781,23536000,0.0,0.0
2017-01-11 00:00:00-05:00,39.92224346561168,40.07846215080525,39.742221938222976,40.066558837890625,21318000,0.0,0.0
2017-01-12 00:00:00-05:00,40.02836514482551,40.040764112113145,39.63311164505884,39.98968505859375,27062000,0.0,0.0
2017-01-13 00:00:00-05:00,40.045229699880366,40.2309039554137,40.006050173133524,40.065067291259766,21984000,0.0,0.0
2017-01-17 00:00:00-05:00,40.02539584760418,40.02836978395375,39.69262901807655,39.90290069580078,27242000,0.0,0.0
2017-01-18 00:00:00-05:00,39.96241284002177,39.98200071309673,39.72337419654932,39.97530746459961,25888000,0.0,0.0
2017-01-19 00:00:00-05:00,39.92819469794487,40.14441803421517,39.763546077699914,39.782142639160156,18386000,0.0,0.0
2017-01-20 00:00:00-05:00,40.01696117231795,40.01696117231795,39.75808496246692,39.9232292175293,33400000,0.0,0.0
2017-01-23 00:00:00-05:00,40.0338256654912,40.709280010976414,39.859755798706566,40.63191604614258,39272000,0.0,0.0
2017-01-24 00:00:00-05:00,40.78019931072231,40.95873007704327,40.55806973078862,40.85805892944336,29480000,0.0,0.0
2017-01-25 00:00:00-05:00,41.14321797990453,41.44821672244212,40.91707395505985,41.44325637817383,29890000,0.0,0.0
2017-01-26 00:00:00-05:00,41.549380829857505,41.558805861718106,41.01377719271467,41.26868438720703,59478000,0.0,0.0
2017-01-27 00:00:00-05:00,41.39564609247008,41.754697824262564,40.687955189645244,40.83028793334961,59316000,0.0,0.0
2017-01-30 00:00:00-05:00,40.40130963857859,40.45982732020681,39.664359916363715,39.78933334350586,64932000,0.0,0.0
2017-01-31 00:00:00-05:00,39.518552905179966,39.736266977482856,39.204136720297925,39.51508331298828,43212000,0.0,0.0
2017-02-01 00:00:00-05:00,39.658407860375114,39.73329354142435,39.23736508616537,39.46078109741211,40594000,0.0,0.0
2017-02-02 00:00:00-05:00,39.36680161925359,39.808177666442084,39.27753434096637,39.601375579833984,30642000,0.0,0.0
2017-02-03 00:00:00-05:00,39.82256278871288,39.97183471854327,39.692629012420035,39.748172760009766,29268000,0.0,0.0
2017-02-06 00:00:00-05:00,39.65940110326192,39.75709831751571,39.43871308127282,39.7407341003418,23690000,0.0,0.0
2017-02-07 00:00:00-05:00,39.872154462498955,40.19500438380097,39.76255393664161,40.01993942260742,24824000,0.0,0.0
2017-02-08 00:00:00-05:00,40.021428263327216,40.26145823140073,39.832481140174984,40.089866638183594,23106000,0.0,0.0
2017-02-09 00:00:00-05:00,40.14590203047128,40.202936526239284,39.89942855804727,40.14838409423828,19794000,0.0,0.0
2017-02-10 00:00:00-05:00,40.25451378423491,40.43057005930577,40.15929485022461,40.352210998535156,22700000,0.0,0.0
2017-02-13 00:00:00-05:00,40.46776130906181,40.71369372602578,40.44247150037264,40.62844467163086,24266000,0.0,0.0
2017-02-14 00:00:00-05:00,40.6165418972462,40.81491403927466,40.46776184481638,40.68844985961914,21094000,0.0,0.0
2017-02-15 00:00:00-05:00,40.63439349191223,40.814914450995815,40.59025740196001,40.61555099487305,26272000,0.0,0.0
2017-02-16 00:00:00-05:00,40.662660540245994,40.8843436503806,40.61555051457121,40.872440338134766,25752000,0.0,0.0
2017-02-17 00:00:00-05:00,40.8159027191595,41.06634521484375,40.74820594568905,41.06634521484375,32220000,0.0,0.0
2017-02-21 00:00:00-05:00,41.095612322250396,41.33316402584475,41.080239415590995,41.24439239501953,25246000,0.0,0.0
2017-02-22 00:00:00-05:00,41.0956006702665,41.323231619863535,41.094609358328825,41.199745178222656,19658000,0.0,0.0
2017-02-23 00:00:00-05:00,41.16801509387278,41.28406293217066,40.80896336216805,41.228023529052734,29456000,0.0,0.0
2017-02-24 00:00:00-05:00,41.0494885340915,41.11247090491552,40.87442357460234,41.0946159362793,27844000,0.0,0.0
2017-02-27 00:00:00-05:00,40.89178027815393,41.18685830425207,40.86450406270872,41.1263542175293,22030000,0.0,0.0
2017-02-28 00:00:00-05:00,40.94435060516074,41.08965728959221,40.6760531102895,40.8253288269043,45216000,0.0,0.0
2017-03-01 00:00:00-05:00,41.10503016016211,41.47226586930965,41.02617544896228,41.42192840576172,29930000,0.0,0.0
2017-03-02 00:00:00-05:00,41.3529942315124,41.38572266342025,41.144205754109,41.19330596923828,18850000,0.0,0.0
2017-03-03 00:00:00-05:00,41.18983471947693,41.22950990499133,40.95134470485324,41.11643600463867,17928000,0.0,0.0
2017-03-06 00:00:00-05:00,41.01080165536621,41.10651623652595,40.785153310060274,41.051963806152344,22180000,0.0,0.0
2017-03-07 00:00:00-05:00,41.03311681436316,41.33117255219557,40.989476384275456,41.25678253173828,20752000,0.0,0.0
2017-03-08 00:00:00-05:00,41.336134060320674,41.56624711691707,41.25083581394774,41.42837905883789,19796000,0.0,0.0
2017-03-09 00:00:00-05:00,41.459617777168226,41.75717409125889,41.37084616060737,41.592525482177734,25230000,0.0,0.0
2017-03-10 00:00:00-05:00,41.82065884264823,41.90149240115469,41.63319490847103,41.81916809082031,34080000,0.0,0.0
2017-03-13 00:00:00-04:00,41.856362793212234,42.088704398988476,41.81916588852081,41.932735443115234,24472000,0.0,0.0
2017-03-14 00:00:00-04:00,41.83850605123796,42.017040592013196,41.69766406959472,41.93669891357422,15598000,0.0,0.0
2017-03-15 00:00:00-04:00,42.034398545065834,42.08597325465466,41.69617575401199,42.01505661010742,27630000,0.0,0.0
2017-03-16 00:00:00-04:00,42.10581327466004,42.19607185937262,41.96199356962923,42.093414306640625,19552000,0.0,0.0
2017-03-17 00:00:00-04:00,42.233766281758356,42.322534118661125,42.01059619846966,42.259056091308594,34246000,0.0,0.0
2017-03-20 00:00:00-04:00,42.15441190783893,42.164828251208476,41.91339066229467,42.07456588745117,24630000,0.0,0.0
2017-03-21 00:00:00-04:00,42.223350606197236,42.3274951332613,41.11346317933276,41.18487548828125,49270000,0.0,0.0
2017-03-22 00:00:00-04:00,41.25678396603521,41.43730113196796,41.02221002479998,41.141727447509766,28030000,0.0,0.0
2017-03-23 00:00:00-04:00,40.71572868896676,40.79359209610298,40.28213935011739,40.54612350463867,69742000,0.0,0.0
2017-03-24 00:00:00-04:00,40.67010098601585,40.761846536369355,40.11515542884215,40.38990020751953,39620000,0.0,0.0
2017-03-27 00:00:00-04:00,40.018949704591634,40.746973884601594,39.84140645606092,40.6418342590332,37886000,0.0,0.0
2017-03-28 00:00:00-04:00,40.68647169387708,40.963199140777164,40.36992149575844,40.71176528930664,32410000,0.0,0.0
2017-03-29 00:00:00-04:00,40.914101221046344,41.29918815730108,40.784167439564044,41.231990814208984,35726000,0.0,0.0
2017-03-30 00:00:00-04:00,41.33563436902339,41.344559960912605,41.11246808635704,41.2364501953125,21106000,0.0,0.0
2017-03-31 00:00:00-04:00,41.11098468836029,41.243396744689335,41.03262562770838,41.14024353027344,28038000,0.0,0.0
2017-04-03 00:00:00-04:00,41.12337809004517,41.7001438848588,41.12337809004517,41.586082458496094,33430000,0.0,0.0
2017-04-04 00:00:00-04:00,41.22951357862095,41.41895636333595,41.11426029484849,41.38870620727539,20908000,0.0,0.0
2017-04-05 00:00:00-04:00,41.4353233152095,41.779497815042234,41.19777162665691,41.231990814208984,31106000,0.0,0.0
2017-04-06 00:00:00-04:00,41.281084335003335,41.47896082153251,40.986505732853814,41.05692672729492,25088000,0.0,0.0
2017-04-07 00:00:00-04:00,41.06088963341658,41.08692860053987,40.69157293159481,40.89773178100586,21146000,0.0,0.0
2017-04-10 00:00:00-04:00,40.93343946123427,41.12982519213392,40.85309778024777,40.90070724487305,19578000,0.0,0.0
2017-04-11 00:00:00-04:00,40.899710995246046,41.03445374733635,40.51834345188453,40.8322639465332,21594000,0.0,0.0
2017-04-12 00:00:00-04:00,40.76184498845332,40.996418919056595,40.71671380719881,40.88037109375,18010000,0.0,0.0
2017-04-13 00:00:00-04:00,40.77226473006721,40.98254020290692,40.73754988592318,40.842689514160156,22448000,0.0,0.0
2017-04-17 00:00:00-04:00,40.91459229179649,41.54640615869003,40.88781173204973,41.517642974853516,17900000,0.0,0.0
2017-04-18 00:00:00-04:00,41.37134363984084,41.604926283686105,41.29646173971381,41.50028610229492,16734000,0.0,0.0
2017-04-19 00:00:00-04:00,41.64757677528032,41.768089305186116,41.47400256067392,41.56922149658203,19084000,0.0,0.0
2017-04-20 00:00:00-04:00,41.72940222910363,41.91587105443914,41.62426639626882,41.73981857299805,19180000,0.0,0.0
2017-04-21 00:00:00-04:00,41.800819722243574,41.850411812331714,41.687745821863324,41.816192626953125,26472000,0.0,0.0
2017-04-24 00:00:00-04:00,42.21342790783067,42.820939457477444,42.14697216860061,42.786720275878906,27450000,0.0,0.0
2017-04-25 00:00:00-04:00,42.89781247258583,43.393740940476995,42.789203260314586,43.25984191894531,33440000,0.0,0.0
2017-04-26 00:00:00-04:00,43.35555714181581,43.44581952230736,43.03409956944149,43.23157501220703,24744000,0.0,0.0
2017-04-27 00:00:00-04:00,43.324304124063794,43.41357138493119,43.16461587988508,43.35654067993164,40536000,0.0,0.0
2017-04-28 00:00:00-04:00,45.162221346710346,45.469198909384396,44.91971312068603,44.929134368896484,65526000,0.0,0.0
2017-05-01 00:00:00-04:00,44.7297690707452,45.411175008031954,44.705466791727176,45.25694274902344,42320000,0.0,0.0
2017-05-02 00:00:00-04:00,45.110641184887186,45.66360411264887,45.102358810762205,45.4488639831543,31744000,0.0,0.0
2017-05-03 00:00:00-04:00,45.37051768209056,46.02712581703962,45.25561248815566,45.97455978393555,29990000,0.0,0.0
2017-05-04 00:00:00-04:00,45.92644743441579,46.41543292006143,45.853048721693895,46.203670501708984,28442000,0.0,0.0
2017-05-05 00:00:00-04:00,46.29690108607288,46.36434813995407,45.88329695458134,45.97901153564453,38226000,0.0,0.0
2017-05-08 00:00:00-04:00,45.928924865414714,46.46477442980593,45.88627574564026,46.3345947265625,26596000,0.0,0.0
2017-05-09 00:00:00-04:00,46.4660141604496,46.4932903754819,46.09803686915179,46.22896194458008,31636000,0.0,0.0
2017-05-10 00:00:00-04:00,46.21954138320452,46.2205326953185,45.88131855427346,46.06084442138672,23478000,0.0,0.0
2017-05-11 00:00:00-04:00,45.88925758480083,46.246822387867795,45.775691797851685,46.15110778808594,16700000,0.0,0.0
2017-05-12 00:00:00-04:00,46.19722612594147,46.29194940496544,46.01472632005202,46.2314453125,21012000,0.0,0.0
2017-05-15 00:00:00-04:00,46.26764985445607,46.53049136177237,46.08861963044379,46.472469329833984,22162000,0.0,0.0
2017-05-16 00:00:00-04:00,46.61727220432861,46.77150446216067,46.49725912908451,46.76605224609375,19390000,0.0,0.0
2017-05-17 00:00:00-04:00,46.40253802591105,46.584194068798965,45.533176268848834,45.606571197509766,47242000,0.0,0.0
2017-05-18 00:00:00-04:00,45.67501149636399,46.278557869195076,45.56342834693503,46.13325119018555,31938000,0.0,0.0
2017-05-19 00:00:00-04:00,46.19424858214113,46.50593676548737,46.170937614436205,46.320213317871094,27860000,0.0,0.0
2017-05-22 00:00:00-04:00,46.36931297780415,46.710661090097624,46.36931297780415,46.70951843261719,22408000,0.0,0.0
2017-05-23 00:00:00-04:00,47.01005196970496,47.18595689798731,46.744978138950515,47.0546875,25416000,0.0,0.0
2017-05-24 00:00:00-04:00,47.26098381040326,47.36562776191102,47.08840093590048,47.35918045043945,20496000,0.0,0.0
2017-05-25 00:00:00-04:00,47.476715943550545,48.23543662816561,47.38447095763386,48.082244873046875,33210000,0.0,0.0
2017-05-26 00:00:00-04:00,48.090186759319195,48.352036944107226,47.85858672953768,48.1779670715332,25040000,0.0,0.0
2017-05-30 00:00:00-04:00,48.12042812335676,48.41253219342187,48.079761630972364,48.39665985107422,29334000,0.0,0.0
2017-05-31 00:00:00-04:00,48.35401377741046,48.56478487596945,47.618055403953235,47.85015106201172,48962000,0.0,0.0
2017-06-01 00:00:00-04:00,48.0529881982333,48.17945238161544,47.609629531396514,47.95380401611328,28210000,0.0,0.0
2017-06-02 00:00:00-04:00,48.07827888770126,48.396664103728064,47.90668731176325,48.38277816772461,35020000,0.0,0.0
2017-06-05 00:00:00-04:00,48.429897291121286,48.94368076327348,48.357989323080304,48.78349304199219,25042000,0.0,0.0
2017-06-06 00:00:00-04:00,48.75770426436263,49.010129403122214,48.35996866387686,48.430885314941406,36292000,0.0,0.0
2017-06-07 00:00:00-04:00,48.60099155527601,48.79837239397879,48.3996454680644,48.64760971069336,29078000,0.0,0.0
2017-06-08 00:00:00-04:00,48.717533644294186,48.82762982537833,48.46213078445703,48.770103454589844,29638000,0.0,0.0
2017-06-09 00:00:00-04:00,48.82415611089649,48.82415611089649,46.40055695933459,47.104774475097656,66188000,0.0,0.0
2017-06-12 00:00:00-04:00,46.59545702321113,47.081218879822025,45.389011255893365,46.7610969543457,75270000,0.0,0.0
2017-06-13 00:00:00-04:00,47.20793161127729,47.60814552431103,46.82011288405398,47.281822204589844,40266000,0.0,0.0
2017-06-14 00:00:00-04:00,47.60516098082633,47.66616072349821,46.72885627906608,47.1508903503418,29794000,0.0,0.0
2017-06-15 00:00:00-04:00,46.318230272597404,46.78286427991804,45.8456090144445,46.731834411621094,42662000,0.0,0.0
2017-06-16 00:00:00-04:00,46.61727338883854,46.71844397115485,46.20044559529882,46.606361389160156,61894000,0.0,0.0
2017-06-19 00:00:00-04:00,47.11122467476972,47.608640140883395,47.06609348639408,47.47870635986328,30666000,0.0,0.0
2017-06-20 00:00:00-04:00,47.4861397233954,47.68947220114435,47.113697735170284,47.144447326660156,22520000,0.0,0.0
2017-06-21 00:00:00-04:00,47.293724495638386,47.61409615175555,47.1508960893369,47.58185958862305,24044000,0.0,0.0
2017-06-22 00:00:00-04:00,47.54466689443772,47.64484239364077,47.33885611187427,47.464820861816406,18828000,0.0,0.0
2017-06-23 00:00:00-04:00,47.451923285033715,47.90668960271102,47.32149385484251,47.886356353759766,30558000,0.0,0.0
2017-06-26 00:00:00-04:00,48.10009876197554,48.26921205658048,47.1523817446573,47.22577667236328,31968000,0.0,0.0
2017-06-27 00:00:00-04:00,46.73927354634939,47.02839992200937,45.96512693945891,45.98893356323242,51598000,0.0,0.0
2017-06-28 00:00:00-04:00,46.071752062437824,46.75365365603688,45.42704358776342,46.64157485961914,54428000,0.0,0.0
2017-06-29 00:00:00-04:00,46.117383388511485,46.18383914211858,45.16024119230149,45.51582336425781,65984000,0.0,0.0
2017-06-30 00:00:00-04:00,45.92545849297812,45.92545849297812,45.04568034150161,45.06650924682617,41804000,0.0,0.0
2017-07-03 00:00:00-04:00,45.237603145090155,45.32488401092838,44.375180561648314,44.569091796875,34196000,0.0,0.0
2017-07-05 00:00:00-04:00,44.720844242664086,45.353149976703264,44.55916957347924,45.214290618896484,36278000,0.0,0.0
2017-07-06 00:00:00-04:00,44.837887945562706,45.37467968438083,44.61868688688524,44.96533966064453,28490000,0.0,0.0
2017-07-07 00:00:00-04:00,45.07245857155001,45.70179038688466,45.07245857155001,45.55549240112305,32756000,0.0,0.0
2017-07-10 00:00:00-04:00,45.71319706323577,46.140191482967204,45.605083512427136,46.061832427978516,23856000,0.0,0.0
2017-07-11 00:00:00-04:00,46.0985363132439,46.19226449389359,45.72460355184279,46.12581253051758,22264000,0.0,0.0
2017-07-12 00:00:00-04:00,46.55181001081003,46.9297080054442,46.343025313212905,46.80721664428711,30642000,0.0,0.0
2017-07-13 00:00:00-04:00,46.92921776798884,47.33389636949748,46.76655554782654,46.97236633300781,25894000,0.0,0.0
2017-07-14 00:00:00-04:00,47.21238658226798,47.455889901237036,47.01426416681704,47.41026306152344,21076000,0.0,0.0
2017-07-17 00:00:00-04:00,47.46034582556112,47.64582331746853,47.07555787811004,47.282806396484375,23310000,0.0,0.0
2017-07-18 00:00:00-04:00,47.26198005394411,48.0078553097445,47.1429545086396,47.876930236816406,23080000,0.0,0.0
2017-07-19 00:00:00-04:00,47.99793449066225,48.25581938781351,47.808987397233174,48.149192810058594,24490000,0.0,0.0
2017-07-20 00:00:00-04:00,48.353026906942745,48.39765865409712,47.68401987024826,48.0133171081543,32490000,0.0,0.0
2017-07-21 00:00:00-04:00,47.720713982240625,48.26524320432322,47.61656946256732,48.24987030029297,34220000,0.0,0.0
2017-07-24 00:00:00-04:00,48.21515530121965,48.90846456833731,48.14324734155184,48.61784744262695,64966000,0.0,0.0
2017-07-25 00:00:00-04:00,47.30215479674789,47.59425892422628,46.885081015290545,47.14792251586914,93220000,0.0,0.0
2017-07-26 00:00:00-04:00,47.34529750753082,47.36116606740205,46.73029432986054,47.00409698486328,41766000,0.0,0.0
2017-07-27 00:00:00-04:00,47.20148045475708,47.20148045475708,45.62541908622052,46.324180603027344,64260000,0.0,0.0
2017-07-28 00:00:00-04:00,46.09159341588502,46.80721859474977,45.997365795406495,46.693153381347656,36928000,0.0,0.0
2017-07-31 00:00:00-04:00,46.71101121584834,46.79531815322042,45.92496120960782,46.146148681640625,39402000,0.0,0.0
2017-08-01 00:00:00-04:00,46.239378225772036,46.49066449168231,46.08465029855587,46.16250991821289,25554000,0.0,0.0
2017-08-02 00:00:00-04:00,46.05241007821734,46.25028655140713,45.460767066319875,46.14068603515625,36488000,0.0,0.0
2017-08-03 00:00:00-04:00,46.1382140029906,46.23244163616513,45.73651309715725,45.80643844604492,24050000,0.0,0.0
2017-08-04 00:00:00-04:00,45.96016747474063,46.136568037904546,45.77568128668971,46.020172119140625,21646000,0.0,0.0
2017-08-07 00:00:00-04:00,46.07472617644494,46.205651252652544,45.94777013196701,46.089603424072266,20644000,0.0,0.0
2017-08-08 00:00:00-04:00,45.977027820985604,46.409674970498024,45.903629113075546,45.96215057373047,21232000,0.0,0.0
2017-08-09 00:00:00-04:00,45.65566796501332,45.92198281637189,45.48903673076459,45.76923751831055,23842000,0.0,0.0
2017-08-10 00:00:00-04:00,45.50391227097352,45.58871863664696,44.93756284474605,44.992610931396484,36480000,0.0,0.0
2017-08-11 00:00:00-04:00,45.028813305092775,45.515320499177164,44.910287194424974,45.34720230102539,24136000,0.0,0.0
2017-08-14 00:00:00-04:00,45.750888605132985,45.85691738015517,45.53565658617937,45.75783157348633,21290000,0.0,0.0
2017-08-15 00:00:00-04:00,45.83519543145557,45.95025195688795,45.616493820648145,45.73551559448242,17668000,0.0,0.0
2017-08-16 00:00:00-04:00,45.887764905993784,46.25524656912988,45.79626528633623,45.970584869384766,20134000,0.0,0.0
2017-08-17 00:00:00-04:00,45.912068779822626,45.96562612015225,45.17809295654297,45.17809295654297,25544000,0.0,0.0
2017-08-18 00:00:00-04:00,45.14486094430249,45.39108847642387,44.9883471515073,45.162715911865234,26854000,0.0,0.0
2017-08-21 00:00:00-04:00,45.12948037382737,45.27826039400751,44.80216584288431,44.96384048461914,18868000,0.0,0.0
2017-08-22 00:00:00-04:00,45.26437990660721,45.916027544025674,45.20263479085929,45.85800552368164,23334000,0.0,0.0
2017-08-23 00:00:00-04:00,45.72113467994048,46.11787519315093,45.59367918409369,45.97256851196289,21804000,0.0,0.0
2017-08-24 00:00:00-04:00,46.054894712027135,46.16300827516476,45.40225565184626,45.688899993896484,25406000,0.0,0.0
2017-08-25 00:00:00-04:00,45.7984994224401,45.90090726276417,45.40225455856002,45.421592712402344,21068000,0.0,0.0
2017-08-28 00:00:00-04:00,45.42704870021282,45.58797800898768,45.22222923598718,45.31843948364258,21730000,0.0,0.0
2017-08-29 00:00:00-04:00,44.88648980831908,45.790566499517,44.88152946387787,45.689395904541016,23712000,0.0,0.0
2017-08-30 00:00:00-04:00,45.62789575182593,46.16196323141254,45.60805815975871,46.10002136230469,26024000,0.0,0.0
2017-08-31 00:00:00-04:00,46.208629488659824,46.715466143844246,46.208629488659824,46.58404541015625,31652000,0.0,0.0
2017-09-01 00:00:00-04:00,46.673314989951585,46.740266391969044,46.3767499805404,46.48535919189453,18948000,0.0,0.0
2017-09-05 00:00:00-04:00,46.27410064770517,46.46850379248616,45.72262834022912,46.04448699951172,26528000,0.0,0.0
2017-09-06 00:00:00-04:00,46.12878893249577,46.16672743231853,45.58921999804635,46.01274108886719,30554000,0.0,0.0
2017-09-07 00:00:00-04:00,46.2071358638772,46.43923150919963,45.804939407906915,46.416419982910156,24254000,0.0,0.0
2017-09-08 00:00:00-04:00,46.44320964388353,46.46800379897968,45.86743510523602,45.947776794433594,20230000,0.0,0.0
2017-09-11 00:00:00-04:00,46.33211970066842,46.53693537790275,45.96860327773993,46.075721740722656,25340000,0.0,0.0
2017-09-12 00:00:00-04:00,46.24979590265578,46.29393199408681,45.81689897776083,46.22400665283203,22688000,0.0,0.0
2017-09-13 00:00:00-04:00,46.154074985297115,46.480890116964545,46.11439980387328,46.37377166748047,22052000,0.0,0.0
2017-09-14 00:00:00-04:00,46.183336866491246,46.258718202709844,45.82378949727754,45.87883758544922,27952000,0.0,0.0
2017-09-15 00:00:00-04:00,45.85652379572357,45.94727804019721,45.44490225581329,45.639801025390625,50108000,0.0,0.0
2017-09-18 00:00:00-04:00,45.62591272959253,45.7285702812369,45.159243123140186,45.3774528503418,26138000,0.0,0.0
2017-09-19 00:00:00-04:00,45.49746537483972,45.745429595039305,45.255948466517886,45.715179443359375,18734000,0.0,0.0
2017-09-20 00:00:00-04:00,45.7732006480487,46.31376460590626,45.72459987364221,46.19969940185547,33396000,0.0,0.0
2017-09-21 00:00:00-04:00,46.27012747434856,46.44518864916923,45.81536116101708,46.24285125732422,25812000,0.0,0.0
2017-09-22 00:00:00-04:00,46.00975894066238,46.35591600182733,45.946776577509276,46.048439025878906,21054000,0.0,0.0
2017-09-25 00:00:00-04:00,45.895697928295476,45.942811736869444,45.114612125661935,45.67352294921875,37136000,0.0,0.0
2017-09-26 00:00:00-04:00,45.8099085715943,46.16201735526631,45.681957413349316,45.8664436340332,33338000,0.0,0.0
2017-09-27 00:00:00-04:00,46.00926883108968,47.10824423028002,46.00926883108968,46.83994674682617,44788000,0.0,0.0
2017-09-28 00:00:00-04:00,46.68472970845266,47.147430369163814,46.64455886116531,47.08841323852539,20406000,0.0,0.0
2017-09-29 00:00:00-04:00,47.21239041552525,47.59852162469261,47.18809191743825,47.564998626708984,31620000,0.0,0.0
2017-10-02 00:00:00-04:00,47.60814603331881,47.73510209837681,47.006086577392296,47.2753791809082,25668000,0.0,0.0
2017-10-03 00:00:00-04:00,47.311571199324625,47.50994332059052,47.070549961140436,47.49952697753906,17766000,0.0,0.0
2017-10-04 00:00:00-04:00,47.46035072715205,47.6284727101099,47.14742151253009,47.19651794433594,19048000,0.0,0.0
2017-10-05 00:00:00-04:00,47.385472923000826,48.15019456129017,47.370096234029766,48.10308074951172,24276000,0.0,0.0
2017-10-06 00:00:00-04:00,47.941406503185995,48.57421174446608,47.775766568162794,48.54594421386719,23478000,0.0,0.0
2017-10-09 00:00:00-04:00,48.60098952547351,48.87003238228844,48.40807338303432,48.45220947265625,17828000,0.0,0.0
2017-10-10 00:00:00-04:00,48.60099483348961,48.6788544607021,47.91066318298066,48.2340087890625,19368000,0.0,0.0
2017-10-11 00:00:00-04:00,48.28954157485038,49.13212269576185,48.216638525163944,49.05971908569336,33866000,0.0,0.0
2017-10-12 00:00:00-04:00,48.97045727739344,49.30124147030181,48.84895344225628,48.98929977416992,25248000,0.0,0.0
2017-10-13 00:00:00-04:00,49.19609979264319,49.45448035660158,49.04732353064774,49.08104705810547,23396000,0.0,0.0
2017-10-16 00:00:00-04:00,49.2010624863942,49.29067785562854,48.79936164109669,49.196102142333984,18210000,0.0,0.0
2017-10-17 00:00:00-04:00,49.11130038411931,49.41629533537547,49.02699345184264,49.20503234863281,25804000,0.0,0.0
2017-10-18 00:00:00-04:00,49.18470000354926,49.43018218049181,48.94690238735532,49.23627471923828,21152000,0.0,0.0
2017-10-19 00:00:00-04:00,48.89853500711144,49.04136337211619,48.52113274226301,48.8216667175293,26272000,0.0,0.0
2017-10-20 00:00:00-04:00,49.06914386722327,49.14650782634212,48.82812261423602,49.00764846801758,23664000,0.0,0.0
2017-10-23 00:00:00-04:00,49.07311685864611,49.07311685864611,47.91264224369154,48.028194427490234,29568000,0.0,0.0
2017-10-24 00:00:00-04:00,48.10505919238504,48.21565102379951,47.6587228349042,48.131839752197266,24244000,0.0,0.0
2017-10-25 00:00:00-04:00,48.02422483760233,48.40708319511447,47.63492295138281,48.270206451416016,24226000,0.0,0.0
2017-10-26 00:00:00-04:00,48.60098608845096,48.977892754268616,48.214162518842635,48.23201370239258,40842000,0.0,0.0
2017-10-27 00:00:00-04:00,50.04860257947828,51.99264119422451,49.99950614726325,50.548500061035156,103354000,0.0,0.0
2017-10-30 00:00:00-04:00,50.2871434741357,50.8311770214687,49.964789238451225,50.441375732421875,41702000,0.0,0.0
2017-10-31 00:00:00-04:00,50.34765075295227,50.783075124110816,50.10960342705624,50.41807174682617,26614000,0.0,0.0
2017-11-01 00:00:00-04:00,50.44633797293926,51.06426590860071,50.433443348991,50.85746383666992,27468000,0.0,0.0
2017-11-02 00:00:00-04:00,50.67198455363735,50.98590507075747,50.23804717696837,50.861427307128906,20980000,0.0,0.0
2017-11-03 00:00:00-04:00,50.68934561548526,51.21205466204638,50.60007833690751,51.2036247253418,21528000,0.0,0.0
2017-11-06 00:00:00-05:00,51.03054883218921,51.322153525068394,50.83267232734693,50.87730407714844,22504000,0.0,0.0
2017-11-07 00:00:00-05:00,50.94524308229758,51.27751803566945,50.83911593251078,51.24577713012695,22246000,0.0,0.0
2017-11-08 00:00:00-05:00,51.106425497805155,51.75123244517497,51.00376793357538,51.56912612915039,21774000,0.0,0.0
2017-11-09 00:00:00-05:00,51.27850958771104,51.27850958771104,50.56813987002397,51.14311981201172,24904000,0.0,0.0
2017-11-10 00:00:00-05:00,50.905070636306625,51.11831622541672,50.846549175576214,50.98491287231445,14400000,0.0,0.0
2017-11-13 00:00:00-05:00,50.75431320467812,51.158987993339544,50.712159738510636,50.8698616027832,17716000,0.0,0.0
2017-11-14 00:00:00-05:00,50.71315365419052,50.92243402761823,50.29458912370094,50.88226318359375,19184000,0.0,0.0
2017-11-15 00:00:00-05:00,50.54552250914502,50.78753507882769,50.35756671577141,50.62983322143555,17080000,0.0,0.0
2017-11-16 00:00:00-05:00,50.709675591386016,51.37422168537237,50.709675591386016,51.204612731933594,22594000,0.0,0.0
2017-11-17 00:00:00-05:00,51.279497268900286,51.29983051661821,50.473117895363444,50.53956985473633,27942000,0.0,0.0
2017-11-20 00:00:00-05:00,50.597596503142256,50.7141399915349,50.460719766693565,50.50436019897461,19070000,0.0,0.0
2017-11-21 00:00:00-05:00,50.74884906827586,51.33404472392095,50.71636657576809,51.30329513549805,21940000,0.0,0.0
2017-11-22 00:00:00-05:00,51.328599790036264,51.56198191406626,51.15155219544245,51.3762092590332,14926000,0.0,0.0
2017-11-24 00:00:00-05:00,51.37174191073091,51.73416864363619,51.32859713231066,51.6068115234375,10740000,0.0,0.0
2017-11-27 00:00:00-05:00,51.57655972854029,52.34326394554962,51.49919576675053,52.281272888183594,26158000,0.0,0.0
2017-11-28 00:00:00-05:00,52.32491793196595,52.68620200162019,51.576560543775294,51.94404220581055,28488000,0.0,0.0
2017-11-29 00:00:00-05:00,51.70946682659576,51.778896507337336,50.36897454861806,50.66702651977539,49188000,0.0,0.0
2017-11-30 00:00:00-05:00,50.70224203753063,51.005750038726006,50.33674297355993,50.654632568359375,34480000,0.0,0.0
2017-12-01 00:00:00-05:00,50.376407931975955,50.70818339692597,49.693019411980096,50.097198486328125,38192000,0.0,0.0
2017-12-04 00:00:00-05:00,50.22068732215014,50.39128757819123,49.37314582525033,49.52737808227539,38128000,0.0,0.0
2017-12-05 00:00:00-05:00,49.39149860906102,50.61495172634546,49.01161799391949,49.84824752807617,41346000,0.0,0.0
2017-12-06 00:00:00-05:00,49.6672350037475,50.831179135955715,49.64938003583227,50.50436019897461,25440000,0.0,0.0
2017-12-07 00:00:00-05:00,50.606024579443215,51.29090389254496,50.48903462656131,51.12675094604492,29164000,0.0,0.0
2017-12-08 00:00:00-05:00,51.45207992026812,51.678223924234594,51.20570104315314,51.430259704589844,25816000,0.0,0.0
2017-12-11 00:00:00-05:00,51.35338863007286,51.76500633690437,51.182292722371514,51.631107330322266,23856000,0.0,0.0
2017-12-12 00:00:00-05:00,51.55820359519538,52.08785552623467,51.26362502789891,51.60035705566406,25590000,0.0,0.0
2017-12-13 00:00:00-05:00,51.880069354033736,51.90709585164453,51.49621968546105,51.6068115234375,25654000,0.0,0.0
2017-12-14 00:00:00-05:00,51.82451990954534,52.49402252007112,51.730787954945626,52.030330657958984,31174000,0.0,0.0
2017-12-15 00:00:00-05:00,52.30111122370112,52.94631539896615,52.04769099059219,52.77621078491211,65518000,0.0,0.0
2017-12-18 00:00:00-05:00,52.86993968275683,53.485385541508634,52.667598519383354,53.418434143066406,31092000,0.0,0.0
2017-12-19 00:00:00-05:00,53.32222967156994,53.40356267052736,52.7444763093258,53.09807205200195,26774000,0.0,0.0
2017-12-20 00:00:00-05:00,53.152622287901174,53.23196887566235,52.64379919305005,52.81390380859375,25372000,0.0,0.0
2017-12-21 00:00:00-05:00,52.81390040466621,53.031115032637786,52.65738282875824,52.748435974121094,19914000,0.0,0.0
2017-12-22 00:00:00-05:00,52.623467773854,52.7767087381691,52.540647807238535,52.574371337890625,15102000,0.0,0.0
2017-12-26 00:00:00-05:00,52.47270221650519,52.574368458960215,52.08240524686598,52.40674591064453,15212000,0.0,0.0
2017-12-27 00:00:00-05:00,52.43898011148956,52.48758089004527,51.9757838552367,52.04124450683594,25438000,0.0,0.0
2017-12-28 00:00:00-05:00,52.15183142444514,52.30804629477163,51.81310921560849,51.98023986816406,16742000,0.0,0.0
2017-12-29 00:00:00-05:00,51.909816159932944,52.057604881794084,51.81955758440817,51.89394760131836,17750000,0.0,0.0
2018-01-02 00:00:00-05:00,51.990162573715985,52.912589786807075,51.83593031005391,52.81637954711914,24752000,0.0,0.0
2018-01-03 00:00:00-05:00,52.782166738766215,53.87221662712359,52.72761430037645,53.68326950073242,28604000,0.0,0.0
2018-01-04 00:00:00-05:00,53.95701684148589,54.23324859447431,53.75874307935551,53.87766647338867,20092000,0.0,0.0
2018-01-05 00:00:00-05:00,54.2545753790277,54.76290281754479,54.15538741483947,54.662723541259766,25582000,0.0,0.0
2018-01-08 00:00:00-05:00,54.66271864809224,55.11103761191644,54.63246849731221,54.89630126953125,20952000,0.0,0.0
2018-01-09 00:00:00-05:00,55.018302359089226,55.07632438232406,54.61317734481972,54.862579345703125,18050000,0.0,0.0
2018-01-10 00:00:00-05:00,54.408314121739245,54.78026048881455,54.35921768559047,54.68157196044922,20856000,0.0,0.0
2018-01-11 00:00:00-05:00,54.86456586306186,54.87572379972059,54.5317990366128,54.82588577270508,19566000,0.0,0.0
2018-01-12 00:00:00-05:00,54.67164858862823,55.75674182586083,54.609161874447985,55.65606689453125,34410000,0.0,0.0
2018-01-16 00:00:00-05:00,56.164400638118956,56.53138668410262,55.43647857746861,55.63127899169922,31506000,0.0,0.0
2018-01-17 00:00:00-05:00,55.8524580958765,56.16886070829203,55.39570536262315,56.13811111450195,24052000,0.0,0.0
2018-01-18 00:00:00-05:00,56.109836914774334,56.164389343784286,55.42000105615853,56.02949523925781,23964000,0.0,0.0
2018-01-19 00:00:00-05:00,56.13067716609175,56.42972427410855,55.95561597204692,56.4123649597168,35564000,0.0,0.0
2018-01-22 00:00:00-05:00,56.41137059166067,57.52175370381796,56.29334012454735,57.31991195678711,32360000,0.0,0.0
2018-01-23 00:00:00-05:00,57.52026040715348,58.104313460222215,57.46570797607126,58.02214050292969,26662000,0.0,0.0
2018-01-24 00:00:00-05:00,58.38714933929943,58.5126184290989,57.57977858067153,57.737979888916016,28332000,0.0,0.0
2018-01-25 00:00:00-05:00,58.149095381016856,58.31820867070162,57.6645746065144,58.04197692871094,29610000,0.0,0.0
2018-01-26 00:00:00-05:00,58.275562718511566,58.31325149536133,57.43396903969482,58.31325149536133,40376000,0.0,0.0
2018-01-29 00:00:00-05:00,58.34500098317583,58.86126276438017,58.12183087455575,58.30036544799805,27578000,0.0,0.0
2018-01-30 00:00:00-05:00,57.91601614369812,58.34697964138584,57.70227108293207,57.7107048034668,31126000,0.0,0.0
2018-01-31 00:00:00-05:00,58.05189805102355,58.172410575212965,57.48455727829723,58.02065658569336,30774000,0.0,0.0
2018-02-01 00:00:00-05:00,57.657139835998365,58.222002325205416,57.404710916438994,57.90956497192383,48242000,0.0,0.0
2018-02-02 00:00:00-05:00,55.643173242287766,55.69623870893562,54.91306809389299,55.14228820800781,97158000,0.0,0.0
2018-02-05 00:00:00-05:00,54.08595537713037,55.04805777788504,52.17316201513916,52.36012649536133,75966000,0.0,0.0
2018-02-06 00:00:00-05:00,50.94077944845874,53.6450749434405,50.740273343167175,53.59002685546875,68960000,0.0,0.0
2018-02-07 00:00:00-05:00,53.636650532351965,53.64855384547301,51.98619903524244,52.002071380615234,47384000,0.0,0.0
2018-02-08 00:00:00-05:00,52.3407906537156,52.499983280436474,49.62558283903651,49.66823196411133,57182000,0.0,0.0
2018-02-09 00:00:00-05:00,50.448323145359524,51.773446355570556,49.223874868055326,51.46646499633789,70118000,0.0,0.0
2018-02-12 00:00:00-05:00,51.97330674116343,52.64280943918288,51.62258278092159,52.168701171875,41154000,0.0,0.0
2018-02-13 00:00:00-05:00,51.824523180966615,52.487578521732765,51.779244435094036,52.176631927490234,25302000,0.0,0.0
2018-02-14 00:00:00-05:00,52.020411408924936,53.14964066479402,51.91131033171968,53.04946517944336,31116000,0.0,0.0
2018-02-15 00:00:00-05:00,53.51415011792964,54.129550589095935,52.78364772277197,54.03239822387695,36868000,0.0,0.0
2018-02-16 00:00:00-05:00,53.977344641777066,54.783723947192385,53.97253186006656,54.29424285888672,33590000,0.0,0.0
2018-02-20 00:00:00-05:00,54.084469070481866,55.24394852583563,53.98280282923429,54.674129486083984,28462000,0.0,0.0
2018-02-21 00:00:00-05:00,54.872996485520495,56.236799715673186,54.86605351752697,55.1145133972168,30258000,0.0,0.0
2018-02-22 00:00:00-05:00,55.35503624729743,55.68383400678973,54.68057328974185,54.88092803955078,26344000,0.0,0.0
2018-02-23 00:00:00-05:00,55.17898283756641,55.905020542104815,54.78590869027769,55.88072204589844,25220000,0.0,0.0
2018-02-26 00:00:00-05:00,55.93081052583016,56.732233360565466,55.8760121569129,56.72181701660156,31182000,0.0,0.0
2018-02-27 00:00:00-05:00,56.59733760184774,56.73619695977151,55.44480114744668,55.45918273925781,35482000,0.0,0.0
2018-02-28 00:00:00-05:00,55.694258892592714,55.917425203581686,54.712814456323166,54.78670883178711,37652000,0.0,0.0
2018-03-01 00:00:00-05:00,54.942427800609266,55.05401094785221,52.91561836217691,53.04054260253906,50318000,0.0,0.0
2018-03-02 00:00:00-05:00,52.22523115349013,53.65940615785782,51.979003622974815,53.506710052490234,45432000,0.0,0.0
2018-03-05 00:00:00-05:00,53.31924944952111,54.408307863278736,53.01475017903053,54.10232162475586,24044000,0.0,0.0
2018-03-06 00:00:00-05:00,54.51344294229495,54.6438723603717,54.045040451297965,54.30713653564453,30656000,0.0,0.0
2018-03-07 00:00:00-05:00,54.016028223371926,55.15815209790708,53.8321398436109,55.03020095825195,25850000,0.0,0.0
2018-03-08 00:00:00-05:00,55.31188932568222,55.920891656405374,55.18691590431014,55.8415412902832,27102000,0.0,0.0
2018-03-09 00:00:00-05:00,56.337470512358244,57.56737471894698,56.161962876738784,57.52968215942383,42560000,0.0,0.0
2018-03-12 00:00:00-04:00,57.7186407853451,58.37326626821569,57.39975608924168,57.75087356567383,43446000,0.0,0.0
2018-03-13 00:00:00-04:00,58.0236308991782,58.358879785405385,56.20506129334194,56.445091247558594,38144000,0.0,0.0
2018-03-14 00:00:00-04:00,56.79421926929469,57.45777021035502,56.60725101999607,57.006473541259766,25828000,0.0,0.0
2018-03-15 00:00:00-04:00,57.02978683097875,57.58125900303467,56.265065282658746,57.01094055175781,27908000,0.0,0.0
2018-03-16 00:00:00-04:00,57.237083524598745,57.323373072119615,56.137113136272376,56.32407760620117,61840000,0.0,0.0
2018-03-19 00:00:00-04:00,55.54448343424784,55.642676301174035,54.00710595782781,54.54320526123047,56118000,0.0,0.0
2018-03-20 00:00:00-04:00,54.50254180074956,54.810015042984375,53.7318685036212,54.438568115234375,36638000,0.0,0.0
2018-03-21 00:00:00-04:00,54.19209088588891,54.86456752757448,53.81567982985853,54.09984588623047,37578000,0.0,0.0
2018-03-22 00:00:00-04:00,53.65350380851294,53.70408720403879,51.86964928274477,52.02685546875,53340000,0.0,0.0
2018-03-23 00:00:00-04:00,51.92519589609431,52.73504484348666,50.64520398170451,50.662559509277344,43134000,0.0,0.0
2018-03-26 00:00:00-04:00,51.87411706486848,52.35169869251879,50.00942496329803,52.23168182373047,53302000,0.0,0.0
2018-03-27 00:00:00-04:00,52.71720213145666,52.80840285171861,49.440105689531585,49.84577560424805,61906000,0.0,0.0
2018-03-28 00:00:00-04:00,49.49366061601539,50.79447769612286,48.632728800154666,49.81898880004883,67386000,0.0,0.0
2018-03-29 00:00:00-04:00,50.169611874398925,51.725339970366576,49.73666578331514,51.169403076171875,54536000,0.0,0.0
2018-04-02 00:00:00-04:00,50.72455182747304,51.318676916868206,49.115266452390934,49.91371154785156,53608000,0.0,0.0
2018-04-03 00:00:00-04:00,50.282682947275106,50.63380039498629,49.29876028727931,50.25788879394531,45502000,0.0,0.0
2018-04-04 00:00:00-04:00,49.266035442900105,51.017059746475994,49.24570219252592,50.83961486816406,49694000,0.0,0.0
2018-04-05 00:00:00-04:00,51.64252078129777,51.71492440043154,50.59120025388821,50.972023010253906,27260000,0.0,0.0
2018-04-06 00:00:00-04:00,50.584700527861905,51.151049954865385,49.74311066722912,49.941978454589844,34928000,0.0,0.0
2018-04-09 00:00:00-04:00,50.426005966950896,51.55672225043239,50.2911118518317,50.35905456542969,35032000,0.0,0.0
2018-04-10 00:00:00-04:00,50.90408329372323,51.3920775102674,50.155233986880916,51.16196823120117,39490000,0.0,0.0
2018-04-11 00:00:00-04:00,50.98094938281073,51.14827301681533,50.37988133003341,50.583213806152344,29678000,0.0,0.0
2018-04-12 00:00:00-04:00,50.83464926937182,51.6107785123278,50.65586878665414,51.205108642578125,27140000,0.0,0.0
2018-04-13 00:00:00-04:00,51.62020048354793,51.8949452752746,50.73248808249415,51.044429779052734,24460000,0.0,0.0
2018-04-16 00:00:00-04:00,51.427778618440534,51.73723824286122,50.91895932938614,51.47637939453125,24224000,0.0,0.0
2018-04-17 00:00:00-04:00,52.140439587165616,53.455146635111035,51.98620351029483,53.270660400390625,46406000,0.0,0.0
2018-04-18 00:00:00-04:00,53.432826973861836,53.432826973861836,52.877139708992175,53.16750717163086,26882000,0.0,0.0
2018-04-19 00:00:00-04:00,53.0345924363206,54.26275625000737,52.97408834498124,53.942138671875,34954000,0.0,0.0
2018-04-20 00:00:00-04:00,53.65945868070433,54.17274646081307,53.04302147216183,53.21113967895508,37794000,0.0,0.0
2018-04-23 00:00:00-04:00,53.454146997380526,53.695168261302186,52.60313205756389,52.93788528442383,46826000,0.0,0.0
2018-04-24 00:00:00-04:00,52.17167052805242,52.41963474878201,50.11803142708227,50.583709716796875,95206000,0.0,0.0
2018-04-25 00:00:00-04:00,50.858450953331655,51.20411235675452,50.352106203470505,50.64321517944336,47822000,0.0,0.0
2018-04-26 00:00:00-04:00,51.056327454261975,51.972307350902085,50.49493836258458,51.57854080200195,41590000,0.0,0.0
2018-04-27 00:00:00-04:00,51.87411345243489,52.04768764765086,50.861923336777465,51.083106994628906,32396000,0.0,0.0
2018-04-30 00:00:00-04:00,51.08112187033333,51.427774587785294,50.428479144632234,50.45228576660156,33426000,0.0,0.0
2018-05-01 00:00:00-04:00,50.270279919802036,51.50067974740722,49.99999983343668,51.443153381347656,28558000,0.0,0.0
2018-05-02 00:00:00-04:00,50.98640043851152,51.59584922610736,50.72703235290112,50.801918029785156,32062000,0.0,0.0
2018-05-03 00:00:00-04:00,50.535113436216605,51.06451573245334,49.90478648464487,50.76919174194336,36302000,0.0,0.0
2018-05-04 00:00:00-04:00,50.4309647321672,51.9985923053267,50.4309647321672,51.98371505737305,38774000,0.0,0.0
2018-05-07 00:00:00-04:00,52.03429960541476,52.65173189455311,51.928668115705754,52.310035705566406,29322000,0.0,0.0
2018-05-08 00:00:00-04:00,52.496005342263004,52.59568895285548,51.93089696362299,52.26639175415039,24354000,0.0,0.0
2018-05-09 00:00:00-04:00,52.47418616141831,53.830055069160274,52.38814254822633,53.697147369384766,40656000,0.0,0.0
2018-05-10 00:00:00-04:00,53.85931666125255,54.573950506391775,53.83997850859864,54.43162155151367,28860000,0.0,0.0
2018-05-11 00:00:00-04:00,54.234738803180434,54.618092819279425,54.10133543461563,54.46583938598633,25074000,0.0,0.0
2018-05-14 00:00:00-04:00,54.55213296089238,55.08525456501112,54.507996869764895,54.562049865722656,30362000,0.0,0.0
2018-05-15 00:00:00-04:00,54.05620379023056,54.05868207049802,53.23643408136273,53.52208709716797,29898000,0.0,0.0
2018-05-16 00:00:00-04:00,53.42686475451272,54.01999470715659,53.37479060683511,53.648048400878906,21946000,0.0,0.0
2018-05-17 00:00:00-04:00,53.55481815418066,53.900975253715664,53.23791989570354,53.49034881591797,20876000,0.0,0.0
2018-05-18 00:00:00-04:00,52.66065713582904,53.061370442873006,52.60213945515881,52.883827209472656,31304000,0.0,0.0
2018-05-21 00:00:00-04:00,53.265694290508506,53.95702099385793,53.245361040891346,53.53944778442383,20464000,0.0,0.0
2018-05-22 00:00:00-04:00,53.736827413610214,53.88709065460476,52.90019404539061,53.05095672607422,21800000,0.0,0.0
2018-05-23 00:00:00-04:00,52.82282653752755,53.59895576226293,52.65321758722718,53.544898986816406,21214000,0.0,0.0
2018-05-24 00:00:00-04:00,53.510683509894434,53.583582786486794,52.873413599794404,53.522586822509766,15336000,0.0,0.0
2018-05-25 00:00:00-04:00,53.51167059659672,53.68722741745737,53.25155712941625,53.34503936767578,17988000,0.0,0.0
2018-05-29 00:00:00-04:00,52.81092923846275,53.23147639449131,52.33136874005074,52.58428955078125,37302000,0.0,0.0
2018-05-30 00:00:00-04:00,52.71868177741915,53.02516367737718,52.411204781788314,52.955238342285156,22770000,0.0,0.0
2018-05-31 00:00:00-04:00,52.94333409321326,54.41277255070416,52.94333409321326,53.8077392578125,61766000,0.0,0.0
2018-06-01 00:00:00-04:00,54.519892412848726,55.54398586295985,54.477738949042354,55.519187927246094,48432000,0.0,0.0
2018-06-04 00:00:00-04:00,55.6595352479137,56.62957187375547,55.64341696887117,56.50062942504883,37792000,0.0,0.0
2018-06-05 00:00:00-04:00,56.584945874624864,56.82041278272948,56.198122247015995,56.51898956298828,33560000,0.0,0.0
2018-06-06 00:00:00-04:00,56.6434607748551,56.684622926706055,55.828799019240364,56.3811149597168,33964000,0.0,0.0
2018-06-07 00:00:00-04:00,56.10538397135881,56.32855027905748,55.37140813921439,55.73542022705078,30400000,0.0,0.0
2018-06-08 00:00:00-04:00,55.45372813879388,55.87477091099267,55.15468107205883,55.58713150024414,25816000,0.0,0.0
2018-06-11 00:00:00-04:00,55.47455858823582,56.399959775266936,55.47455858823582,56.03942108154297,21586000,0.0,0.0
2018-06-12 00:00:00-04:00,56.09297771812093,56.525424340138386,56.07636378285505,56.50211715698242,18240000,0.0,0.0
2018-06-13 00:00:00-04:00,56.5913863146789,56.85819681621854,56.207536670179046,56.277462005615234,30128000,0.0,0.0
2018-06-14 00:00:00-04:00,56.72677491403975,57.30304124131945,56.56758231068487,57.136905670166016,26868000,0.0,0.0
2018-06-15 00:00:00-04:00,56.97523837206394,57.20138238757614,56.70867757906339,57.14385223388672,42450000,0.0,0.0
2018-06-18 00:00:00-04:00,56.71685310934197,58.23737059454111,56.713879173329886,58.19521713256836,28274000,0.0,0.0
2018-06-19 00:00:00-04:00,57.45331331010901,58.086614187191906,57.23064266494322,57.92742156982422,32420000,0.0,0.0
2018-06-20 00:00:00-04:00,58.28696123795312,58.83129367280233,57.98196632438304,58.015689849853516,32970000,0.0,0.0
2018-06-21 00:00:00-04:00,58.26415735479297,58.38541147377951,57.142465001042815,57.41165542602539,24762000,0.0,0.0
2018-06-22 00:00:00-04:00,57.48505154207755,57.65153521444043,56.89588678313314,57.30353927612305,26220000,0.0,0.0
2018-06-25 00:00:00-04:00,56.71438024559286,56.7297531503906,55.18592833475973,55.78253173828125,43146000,0.0,0.0
2018-06-26 00:00:00-04:00,55.94073013747557,56.19910692022951,55.37829676148579,55.467613220214844,31264000,0.0,0.0
2018-06-27 00:00:00-04:00,55.610443560140865,56.13096942675684,54.731656750372764,54.74951171875,25878000,0.0,0.0
2018-06-28 00:00:00-04:00,54.65577952620321,55.658548447409814,54.35425417465999,55.25733947753906,21448000,0.0,0.0
2018-06-29 00:00:00-04:00,55.54398617853132,55.95198676092589,55.296021954520015,55.3282585144043,26302000,0.0,0.0
2018-07-02 00:00:00-04:00,54.50253912768265,55.94073243468944,54.244654206728484,55.9139518737793,24346000,0.0,0.0
2018-07-03 00:00:00-04:00,56.328545669265175,56.328545669265175,54.553120907099895,54.69545364379883,13580000,0.0,0.0
2018-07-05 00:00:00-04:00,55.07435032304213,55.9159403206372,54.972684068932374,55.75575637817383,21334000,0.0,0.0
2018-07-06 00:00:00-04:00,55.721529770940656,56.58196593651705,55.580536440506464,56.544273376464844,19922000,0.0,0.0
2018-07-09 00:00:00-04:00,56.95638849540929,57.26336983014988,56.70545034269076,57.23262023925781,18180000,0.0,0.0
2018-07-10 00:00:00-04:00,57.377926332358705,57.50736443914873,57.01143601081834,57.172611236572266,15968000,0.0,0.0
2018-07-11 00:00:00-04:00,56.76347989739432,57.74045964601177,56.58544099110339,57.225189208984375,22400000,0.0,0.0
2018-07-12 00:00:00-04:00,57.522242909460935,58.73826116691485,57.3261031210794,58.692138671875,25038000,0.0,0.0
2018-07-13 00:00:00-04:00,58.76752746516484,59.284137311515835,58.51956321425697,58.956974029541016,24438000,0.0,0.0
2018-07-16 00:00:00-04:00,58.98523239142813,59.06507462789759,58.483847967036404,58.71098327636719,21114000,0.0,0.0
2018-07-17 00:00:00-04:00,58.13372410116944,59.66217592822952,58.05338242197082,59.451900482177734,32208000,0.0,0.0
2018-07-18 00:00:00-04:00,59.34081428768913,59.734580845003485,59.03234597165328,59.307090759277344,27872000,0.0,0.0
2018-07-19 00:00:00-04:00,59.06507413984234,59.51141047513254,58.68420223275702,58.86471939086914,25534000,0.0,0.0
2018-07-20 00:00:00-04:00,58.86472777221347,59.355695919121494,58.72884233646579,58.7630615234375,24948000,0.0,0.0
2018-07-23 00:00:00-04:00,58.569644562004676,59.833272304810976,58.5691489059787,59.784175872802734,52384000,0.0,0.0
2018-07-24 00:00:00-04:00,62.61543389741809,62.78454341677604,61.27493779283616,61.89583969116211,66364000,0.0,0.0
2018-07-25 00:00:00-04:00,61.45198601137879,62.77760109734003,61.45198601137879,62.67048263549805,42556000,0.0,0.0
2018-07-26 00:00:00-04:00,62.040648228746576,62.97155457014934,61.94245536443018,62.90009307861328,48112000,0.0,0.0
2018-07-27 00:00:00-04:00,63.032509609177964,63.17583366762427,61.048795671619985,61.42074203491211,42612000,0.0,0.0
2018-07-30 00:00:00-04:00,60.90051390771347,61.24300088972411,60.08024854291272,60.490379333496094,36998000,0.0,0.0
2018-07-31 00:00:00-04:00,60.503770768928106,60.87958400634414,59.7891368843767,60.36738967895508,32894000,0.0,0.0
2018-08-01 00:00:00-04:00,60.900013714131184,61.171285116865434,60.017757355682114,60.50376510620117,31344000,0.0,0.0
2018-08-02 00:00:00-04:00,59.80400606886001,60.9932437159664,59.748957984231254,60.80826187133789,30626000,0.0,0.0
2018-08-03 00:00:00-04:00,60.98035512402589,60.99920140464002,60.2582826408538,60.68726348876953,21792000,0.0,0.0
2018-08-06 00:00:00-04:00,60.751230042661,60.80518843983037,60.29482546956293,60.73982238769531,21634000,0.0,0.0
2018-08-07 00:00:00-04:00,61.346348381823624,62.04907891188632,61.30518622924351,61.605224609375,29880000,0.0,0.0
2018-08-08 00:00:00-04:00,61.51843493972187,62.3134104541388,61.39633707694477,61.77334213256836,27406000,0.0,0.0
2018-08-09 00:00:00-04:00,61.98609397610741,62.265897470858924,61.79317784533304,61.9464225769043,16972000,0.0,0.0
2018-08-10 00:00:00-04:00,61.64390833597328,61.777561417534145,61.09838400975188,61.37660217285156,22174000,0.0,0.0
2018-08-13 00:00:00-04:00,61.34535498201915,61.955000531523794,61.17976425250721,61.247657775878906,19946000,0.0,0.0
2018-08-14 00:00:00-04:00,61.25658617677698,61.78623816657876,60.756692467503754,61.599273681640625,26962000,0.0,0.0
2018-08-15 00:00:00-04:00,60.96249692825464,61.25906190535445,59.98303529224753,60.22455596923828,36576000,0.0,0.0
2018-08-16 00:00:00-04:00,60.737850999432794,60.800833374121424,59.63788043564991,59.83327865600586,26864000,0.0,0.0
2018-08-17 00:00:00-04:00,59.61209027609643,59.95874302945237,58.928202234136435,59.559024810791016,27792000,0.0,0.0
2018-08-20 00:00:00-04:00,59.76037412755298,60.05693915155014,59.244906952991826,59.89675521850586,17416000,0.0,0.0
2018-08-21 00:00:00-04:00,59.908161337462346,60.367388563047655,59.52897310546726,59.591758728027344,24112000,0.0,0.0
2018-08-22 00:00:00-04:00,59.51141492839429,60.09859328401325,59.4618228393474,59.87493133544922,17748000,0.0,0.0
2018-08-23 00:00:00-04:00,59.86550963057603,60.566753235245564,59.7216936994375,59.778228759765625,19852000,0.0,0.0
2018-08-24 00:00:00-04:00,59.94882073649014,60.585095472388076,59.82677206907505,60.53550338745117,18932000,0.0,0.0
2018-08-27 00:00:00-04:00,60.88018313102225,61.64837437233898,60.78675006934134,61.585391998291016,23126000,0.0,0.0
2018-08-28 00:00:00-04:00,61.559103890108524,61.62134466862604,60.93423674286429,61.05623245239258,26080000,0.0,0.0
2018-08-29 00:00:00-04:00,61.36866301467535,62.02378402646572,61.31455705514638,61.956336975097656,25978000,0.0,0.0
2018-08-30 00:00:00-04:00,61.70490494083336,62.17132862298262,61.12764727162114,61.45148849487305,26628000,0.0,0.0
2018-08-31 00:00:00-04:00,61.246173679471696,61.428673476610264,60.071071583516336,60.413509368896484,36328000,0.0,0.0
2018-09-04 00:00:00-04:00,59.72317520938986,60.15562562631229,59.139466466929925,59.362632751464844,36620000,0.0,0.0
2018-09-05 00:00:00-04:00,59.20393645300352,59.46231701948443,57.626883845199345,58.840919494628906,41226000,0.0,0.0
2018-09-06 00:00:00-04:00,58.83198905451658,58.83198905451658,57.130954366131505,58.09503936767578,37770000,0.0,0.0
2018-09-07 00:00:00-04:00,57.46174421811796,58.28449166402753,57.389586532679346,57.76723861694336,28026000,0.0,0.0
2018-09-10 00:00:00-04:00,58.13224476042901,58.248788262706995,57.533163030892474,57.757816314697266,22308000,0.0,0.0
2018-09-11 00:00:00-04:00,57.608535458229156,58.45409055941741,57.34122930686348,58.38862991333008,24186000,0.0,0.0
2018-09-12 00:00:00-04:00,58.158521008208375,58.450621312725424,57.44636547503913,57.66754913330078,25910000,0.0,0.0
2018-09-13 00:00:00-04:00,58.06032906399,58.45062604526977,57.669044554237125,58.287960052490234,28624000,0.0,0.0
2018-09-14 00:00:00-04:00,58.47492506607256,58.540635434026804,57.940808402730525,58.14909744262695,18880000,0.0,0.0
2018-09-17 00:00:00-04:00,58.0305792093442,58.382688000869514,57.23163834161109,57.331817626953125,26130000,0.0,0.0
2018-09-18 00:00:00-04:00,57.38339158675766,58.325160853192294,57.38339158675766,57.58821105957031,24072000,0.0,0.0
2018-09-19 00:00:00-04:00,57.774677786779655,58.18282596553764,57.25891170301933,58.07769012451172,23828000,0.0,0.0
2018-09-20 00:00:00-04:00,58.519063253642024,59.01003137490748,58.19026168224469,58.860260009765625,24508000,0.0,0.0
2018-09-21 00:00:00-04:00,59.11466413254976,59.12508047542736,57.82723366521901,57.829715728759766,88112000,0.0,0.0
2018-09-24 00:00:00-04:00,57.38735605344126,58.420375144878854,56.878532960088215,58.190757751464844,25420000,0.0,0.0
2018-09-25 00:00:00-04:00,58.32862559172354,58.860759651883214,57.924446463955405,58.75016403198242,19554000,0.0,0.0
2018-09-26 00:00:00-04:00,58.7749657959814,59.22526745073101,58.25994507857064,58.54386520385742,29246000,0.0,0.0
2018-09-27 00:00:00-04:00,58.85331823371359,59.6155615716773,58.69958161710794,59.24559783935547,25216000,0.0,0.0
2018-09-28 00:00:00-04:00,59.10822211151063,59.28378271913108,58.742723087887015,59.18757247924805,27612000,0.0,0.0
2018-10-01 00:00:00-04:00,59.505959177942295,60.0023832937971,59.03036396659257,59.27882385253906,27152000,0.0,0.0
2018-10-02 00:00:00-04:00,59.06309740187526,60.005362251694514,58.84836104026377,59.51687240600586,33758000,0.0,0.0
2018-10-03 00:00:00-04:00,59.75938108894443,59.82930642863324,59.20543058800731,59.65771484375,25124000,0.0,0.0
2018-10-04 00:00:00-04:00,59.279816740196416,59.38793029753466,57.308305067790116,57.933868408203125,44190000,0.0,0.0
2018-10-05 00:00:00-04:00,57.899649294069235,58.197205621508964,56.78976188470233,57.39628219604492,23686000,0.0,0.0
2018-10-08 00:00:00-04:00,57.037228874557556,57.92444561555863,55.90918762079686,56.98069381713867,38648000,0.0,0.0
2018-10-09 00:00:00-04:00,56.84083421679359,57.24749536568376,56.41542894736265,56.47732162475586,26174000,0.0,0.0
2018-10-10 00:00:00-04:00,56.09348042308732,56.14753720354093,53.616316256580696,53.62078094482422,53514000,0.0,0.0
2018-10-11 00:00:00-04:00,53.21014390035022,54.869520746604834,52.97854768640972,53.526546478271484,58980000,0.0,0.0
2018-10-12 00:00:00-04:00,54.948879252011245,55.2960276881694,53.87777025155336,55.052032470703125,42026000,0.0,0.0
2018-10-15 00:00:00-04:00,54.99400264596253,55.218954816186354,54.0066104074203,54.16778564453125,27448000,0.0,0.0
2018-10-16 00:00:00-04:00,54.77975989801766,55.75326616377859,54.676111034677454,55.60746383666992,38570000,0.0,0.0
2018-10-17 00:00:00-04:00,55.86435883067134,55.98982791306569,54.660739496555024,55.33024215698242,29344000,0.0,0.0
2018-10-18 00:00:00-04:00,55.635234567092134,55.635234567092134,53.415955579053005,53.95552444458008,41890000,0.0,0.0
2018-10-19 00:00:00-04:00,54.22332692180494,55.065911885154065,53.94461689373827,54.37657165527344,25352000,0.0,0.0
2018-10-22 00:00:00-04:00,54.703884906309334,55.15865121597093,54.10579454441523,54.609657287597656,30284000,0.0,0.0
2018-10-23 00:00:00-04:00,53.60440649732546,54.9434155277757,53.0643419810724,54.73512649536133,36974000,0.0,0.0
2018-10-24 00:00:00-04:00,54.76289932991496,54.85563619230012,52.00999932701597,52.107696533203125,39648000,0.0,0.0
2018-10-25 00:00:00-04:00,53.15311851019615,55.096661570425574,53.0420310159667,54.332435607910156,50916000,0.0,0.0
2018-10-26 00:00:00-04:00,51.42927492469403,54.87597650207533,51.28346879704052,53.13725280761719,83752000,0.0,0.0
2018-10-29 00:00:00-04:00,53.682769554840554,54.40533769408766,49.38604459267788,50.58867263793945,77614000,0.0,0.0
2018-10-30 00:00:00-04:00,50.01240471206621,51.45208505444485,49.63004200080646,51.388607025146484,64254000,0.0,0.0
2018-10-31 00:00:00-04:00,52.55899878188693,54.15241575170922,52.419639970125125,53.40009307861328,50596000,0.0,0.0
2018-11-01 00:00:00-04:00,53.35198573427597,53.75740589657211,52.690417336617706,53.06434631347656,29640000,0.0,0.0
2018-11-02 00:00:00-04:00,53.2493273757476,53.70781299740782,52.30111088366775,52.45881652832031,36780000,0.0,0.0
2018-11-05 00:00:00-05:00,52.3204521668099,52.49253940177348,50.64619796989362,51.581024169921875,48828000,0.0,0.0
2018-11-06 00:00:00-05:00,51.550773397185104,52.78390136596483,51.48084805563168,52.360626220703125,24666000,0.0,0.0
2018-11-07 00:00:00-05:00,53.0147485346818,54.32697318885963,52.861008152539085,54.22431564331055,41168000,0.0,0.0
2018-11-08 00:00:00-05:00,54.12464733034802,54.218379304284475,53.173702723662345,53.67930221557617,29764000,0.0,0.0
2018-11-09 00:00:00-05:00,53.26221925456039,53.340078868974054,52.226718165381826,52.873409271240234,26864000,0.0,0.0
2018-11-12 00:00:00-05:00,52.63735106640819,52.673552875571005,51.130223741972344,51.50861740112305,29436000,0.0,0.0
2018-11-13 00:00:00-05:00,51.739716511669606,52.40004380032517,51.13765717917598,51.38066482543945,30274000,0.0,0.0
2018-11-14 00:00:00-05:00,52.07248805873916,52.29882882006277,51.130223232378064,51.7580680847168,31318000,0.0,0.0
2018-11-15 00:00:00-05:00,51.81013749904073,53.15608566642223,51.168902425107625,52.80199432373047,36722000,0.0,0.0
2018-11-16 00:00:00-05:00,52.53915407854751,52.91556130037709,52.02190109580796,52.64230728149414,33162000,0.0,0.0
2018-11-19 00:00:00-05:00,52.42956387191125,52.607602786152356,50.399231628111366,50.58470916748047,37172000,0.0,0.0
2018-11-20 00:00:00-05:00,49.59285126540359,51.16693015044288,49.395470415797085,50.870361328125,48982000,0.0,0.0
2018-11-21 00:00:00-05:00,51.4158810496695,52.001076792802664,51.25271940332979,51.45803451538086,30686000,0.0,0.0
2018-11-23 00:00:00-05:00,51.08062663000552,51.45703762798213,50.70367078880076,50.77711868286133,13830000,0.0,0.0
2018-11-26 00:00:00-05:00,51.49473245567482,52.0382703941534,51.274540092946765,52.004051208496094,38856000,0.0,0.0
2018-11-27 00:00:00-05:00,51.6261518979286,52.44840364509692,51.50167412696582,51.795265197753906,36064000,0.0,0.0
2018-11-28 00:00:00-05:00,52.0109912929124,53.89948614437331,51.36628280136158,53.86923599243164,49508000,0.0,0.0
2018-11-29 00:00:00-05:00,53.3658649213515,54.26671778388134,53.36189588983094,53.97188949584961,29378000,0.0,0.0
2018-11-30 00:00:00-05:00,54.010082581687726,54.33243685495382,53.45514075385734,54.275901794433594,51604000,0.0,0.0
2018-12-03 00:00:00-05:00,55.699704989183665,55.77458687985298,54.7338833501597,54.87100601196289,39824000,0.0,0.0
2018-12-04 00:00:00-05:00,54.70685111111285,54.77132422370239,52.07148993221478,52.1131477355957,46904000,0.0,0.0
2018-12-06 00:00:00-05:00,51.291900865519544,53.12386081500317,51.118822308104576,53.001365661621094,55384000,0.0,0.0
2018-12-07 00:00:00-05:00,52.56891345936279,53.32520513259953,51.00624236658364,51.406951904296875,42024000,0.0,0.0
2018-12-10 00:00:00-05:00,51.33106731711982,51.995613335912644,50.74785806544319,51.554237365722656,36154000,0.0,0.0
2018-12-11 00:00:00-05:00,52.39434848246497,52.598172845771025,51.568627117584754,52.159278869628906,27894000,0.0,0.0
2018-12-12 00:00:00-05:00,52.96516000801946,53.642101283293776,52.70677943898754,52.75091552734375,30476000,0.0,0.0
2018-12-13 00:00:00-05:00,52.968625845820675,53.548365527506775,52.26738234030926,52.66263961791992,26596000,0.0,0.0
2018-12-14 00:00:00-05:00,52.07150250563655,52.69736480304974,51.615744838253065,51.68070983886719,33732000,0.0,0.0
2018-12-17 00:00:00-05:00,51.453070555090704,52.2287041071152,49.984627192139456,50.41261291503906,47708000,0.0,0.0
2018-12-18 00:00:00-05:00,50.886725009102385,52.046700157980794,50.656116302810034,51.016658782958984,43850000,0.0,0.0
2018-12-19 00:00:00-05:00,51.27850750485984,52.66760056897041,49.992068210843904,50.733978271484375,49586000,0.0,0.0
2018-12-20 00:00:00-05:00,50.49196350459449,51.289909147930175,49.41232633306766,50.059513092041016,53470000,0.0,0.0
2018-12-21 00:00:00-05:00,50.35161287007902,50.78406327811117,48.28805691367979,48.57817459106445,91920000,0.0,0.0
2018-12-24 00:00:00-05:00,48.29846811525683,49.768398396062494,48.1105123353427,48.41352462768555,31806000,0.0,0.0
2018-12-26 00:00:00-05:00,49.04781987483286,51.57655854455349,48.74976790700744,51.54977798461914,47466000,0.0,0.0
2018-12-27 00:00:00-05:00,50.44336677753365,51.7694814043813,49.44407112863159,51.768985748291016,42196000,0.0,0.0
2018-12-28 00:00:00-05:00,52.05364061894252,52.34822299405874,51.234366613184655,51.43174743652344,28296000,0.0,0.0
2018-12-31 00:00:00-05:00,52.120100615655765,52.20639017465639,50.762744588552245,51.358848571777344,29866000,0.0,0.0
2019-01-02 00:00:00-05:00,50.414597137219346,52.187543610726614,50.371948017107485,51.866676330566406,30652000,0.0,0.0
2019-01-03 00:00:00-05:00,51.62614455347775,52.41863790745121,50.29060900800697,50.38930130004883,36822000,0.0,0.0
2019-01-04 00:00:00-05:00,51.209074747455816,53.105999466241045,50.9525784402629,53.099552154541016,41878000,0.0,0.0
2019-01-07 00:00:00-05:00,53.13874076724272,53.2627228951254,52.30855465306493,52.98450469970703,39638000,0.0,0.0
2019-01-08 00:00:00-05:00,53.36735589161098,53.78641603275391,52.59470004070631,53.37578582763672,35298000,0.0,0.0
2019-01-09 00:00:00-05:00,53.64210104744286,53.69070182347739,52.88580940729775,53.295448303222656,23986000,0.0,0.0
2019-01-10 00:00:00-05:00,52.94829930865008,53.1213778631722,52.454852894550804,53.080711364746094,29128000,0.0,0.0
2019-01-11 00:00:00-05:00,52.726122553728125,52.75563111444696,51.99710711007343,52.42906188964844,30416000,0.0,0.0
2019-01-14 00:00:00-05:00,51.91973870665446,52.148360981350464,51.63879634698399,51.809146881103516,22886000,0.0,0.0
2019-01-15 00:00:00-05:00,52.080919811470324,53.56275358019409,51.94057347569189,53.4189338684082,29272000,0.0,0.0
2019-01-16 00:00:00-05:00,53.56027043107628,54.17398337655249,53.5275382163606,53.608375549316406,26636000,0.0,0.0
2019-01-17 00:00:00-05:00,53.53398979793839,54.14547044833175,53.237920441125276,54.05124282836914,24854000,0.0,0.0
2019-01-18 00:00:00-05:00,54.55213272726654,54.96633092796307,54.100835994923905,54.46583938598633,39112000,0.0,0.0
2019-01-22 00:00:00-05:00,53.95701714682754,54.131087004511066,52.74050319989867,53.09013366699219,32270000,0.0,0.0
2019-01-23 00:00:00-05:00,53.42885977462914,53.80477141601714,52.55602451397132,53.34058380126953,19340000,0.0,0.0
2019-01-24 00:00:00-05:00,53.38571407003232,53.53424441808256,52.603137420655756,53.25776290893555,27226000,0.0,0.0
2019-01-25 00:00:00-05:00,53.8082440210453,54.25458044246285,53.65053835935662,54.10530471801758,22382000,0.0,0.0
2019-01-28 00:00:00-05:00,53.5657251701715,53.709049209502254,52.7568637709083,53.06830978393555,25686000,0.0,0.0
2019-01-29 00:00:00-05:00,53.1972457032161,53.319740833466355,52.36334426007274,52.59915542602539,20436000,0.0,0.0
2019-01-30 00:00:00-05:00,52.986484162376314,54.10579275923353,52.908125106837765,54.00958251953125,25596000,0.0,0.0
2019-01-31 00:00:00-05:00,54.70091252070904,55.41157736225452,54.324501474867084,55.36396789550781,30766000,0.0,0.0
2019-02-01 00:00:00-05:00,55.16707950245767,55.79195040642711,54.7946375103884,55.08525085449219,29244000,0.0,0.0
2019-02-04 00:00:00-05:00,55.17997214441395,56.17877197265625,54.99945498280095,56.17877197265625,51530000,0.0,0.0
2019-02-05 00:00:00-05:00,55.78401718749844,56.87555393656033,55.407507781943465,56.83290481567383,71044000,0.0,0.0
2019-02-06 00:00:00-05:00,56.5145230837709,56.88299607376057,55.18543458426743,55.30743408203125,42112000,0.0,0.0
2019-02-07 00:00:00-05:00,54.75843545991292,54.792158987729444,53.85782846388635,54.488155364990234,40896000,0.0,0.0
2019-02-08 00:00:00-05:00,53.90741834571355,54.49807003890536,53.88510247463509,54.30713653564453,21516000,0.0,0.0
2019-02-11 00:00:00-05:00,54.400867215802506,54.84695382526228,54.198034189568865,54.304656982421875,21304000,0.0,0.0
2019-02-12 00:00:00-05:00,54.88935894461418,55.806579849888266,54.84224513824472,55.6119270324707,32182000,0.0,0.0
2019-02-13 00:00:00-05:00,55.79145613838715,56.274489974506636,55.46959753844244,55.55192184448242,20996000,0.0,0.0
2019-02-14 00:00:00-05:00,55.447278501541405,55.95213252545686,55.070125897544635,55.62680435180664,18952000,0.0,0.0
2019-02-15 00:00:00-05:00,56.043885704325504,56.12273663537167,55.08029630114308,55.22907257080078,28996000,0.0,0.0
2019-02-19 00:00:00-05:00,55.048056194619946,55.637716586051226,55.048056194619946,55.472572326660156,20928000,0.0,0.0
2019-02-20 00:00:00-05:00,55.54348874982994,55.71309769628689,54.813977693111326,55.236507415771484,21756000,0.0,0.0
2019-02-21 00:00:00-05:00,55.08971638064074,55.14426881344783,54.18117508674634,54.40186309814453,28302000,0.0,0.0
2019-02-22 00:00:00-05:00,54.59676650455057,55.10955865982205,54.33392500610819,55.06641387939453,20990000,0.0,0.0
2019-02-25 00:00:00-05:00,55.34562139858324,55.471586151436426,54.91267526107336,55.018310546875,28262000,0.0,0.0
2019-02-26 00:00:00-05:00,54.83728472249298,55.5196819708551,54.54815835652813,55.302467346191406,29426000,0.0,0.0
2019-02-27 00:00:00-05:00,54.89680202944254,55.44380955979526,54.60172398336759,55.34809875488281,19368000,0.0,0.0
2019-02-28 00:00:00-05:00,55.112526101757794,55.92337015949631,55.0981445099767,55.540016174316406,30850000,0.0,0.0
2019-03-01 00:00:00-05:00,55.786992382789556,56.68313473220272,55.77955375845002,56.58494186401367,29006000,0.0,0.0
2019-03-04 00:00:00-05:00,56.88249761582181,57.442403545275894,56.07413558211426,56.92266845703125,28920000,0.0,0.0
2019-03-05 00:00:00-05:00,57.03474655593223,58.00428759853954,56.843071448116135,57.62837600708008,28864000,0.0,0.0
2019-03-06 00:00:00-05:00,57.65118724229829,57.90291996912539,57.30403883722424,57.421573638916016,21986000,0.0,0.0
2019-03-07 00:00:00-05:00,57.31543871689058,57.36676749002589,56.28341103819669,56.69949722290039,23332000,0.0,0.0
2019-03-08 00:00:00-05:00,55.877742706013954,56.88695888511818,55.70764188659975,56.65089797973633,24248000,0.0,0.0
2019-03-11 00:00:00-04:00,56.75653379964303,58.33061255489602,56.75653379964303,58.30928421020508,34384000,0.0,0.0
2019-03-12 00:00:00-04:00,58.43326038120932,59.51141055497195,58.43326038120932,59.17417907714844,40262000,0.0,0.0
2019-03-13 00:00:00-04:00,59.54340049905178,59.55753615486373,59.111695451719605,59.18013381958008,28718000,0.0,0.0
2019-03-14 00:00:00-04:00,59.23914977577441,59.406280454613395,58.741734338538876,58.7947998046875,23456000,0.0,0.0
2019-03-15 00:00:00-04:00,59.183105223442986,59.3413065123939,58.64899236700305,58.74073791503906,49236000,0.0,0.0
2019-03-18 00:00:00-04:00,58.68321786456962,59.015489037633714,58.39166237728001,58.73082733154297,25852000,0.0,0.0
2019-03-19 00:00:00-04:00,58.95646898764018,59.51141456296969,58.81066665761139,59.454383850097656,30414000,0.0,0.0
2019-03-20 00:00:00-04:00,59.37999806820203,60.85736719388077,59.3214765994153,60.70016098022461,44548000,0.0,0.0
2019-03-21 00:00:00-04:00,60.30489972023274,61.08797193570281,60.16356207722947,61.0755729675293,24080000,0.0,0.0
2019-03-22 00:00:00-04:00,60.81669926395497,60.99919905599298,59.65151410499503,59.784175872802734,34284000,0.0,0.0
2019-03-25 00:00:00-04:00,59.35916343682047,59.828708601005516,58.86869099438895,59.16426467895508,29936000,0.0,0.0
2019-03-26 00:00:00-04:00,59.43851221362323,59.65176160302415,58.35689236214323,58.74867630004883,38024000,0.0,0.0
2019-03-27 00:00:00-04:00,58.792320138588565,58.89442906559004,57.496455810334666,58.17340087890625,28004000,0.0,0.0
2019-03-28 00:00:00-04:00,58.10000023867841,58.101241270543596,57.49948081037818,57.9487419128418,19234000,0.0,0.0
2019-03-29 00:00:00-04:00,58.26664085674117,58.46947771034017,57.67053683296129,58.18778991699219,25398000,0.0,0.0
2019-04-01 00:00:00-04:00,58.722887255206246,59.34577172921009,58.61873895523279,59.23517990112305,25050000,0.0,0.0
2019-04-02 00:00:00-04:00,59.279319062601914,59.578366131263714,58.80273254276133,59.53571701049805,16558000,0.0,0.0
2019-04-03 00:00:00-04:00,59.882371898679295,60.31977890561523,59.536214792580466,59.80500793457031,20286000,0.0,0.0
2019-04-04 00:00:00-04:00,59.805999735466095,60.28853793252919,59.7162368020518,60.25531005859375,19000000,0.0,0.0
2019-04-05 00:00:00-04:00,60.25480728371627,60.315807024128105,59.760861488449926,59.865997314453125,18144000,0.0,0.0
2019-04-08 00:00:00-04:00,59.90270130473363,59.9423764881641,59.50447006963539,59.70185089111328,17204000,0.0,0.0
2019-04-09 00:00:00-04:00,59.313043274550395,59.62498118733602,59.16823225451201,59.37503433227539,17528000,0.0,0.0
2019-04-10 00:00:00-04:00,59.54513537861431,59.69912170162392,59.334614001341365,59.618534088134766,14492000,0.0,0.0
2019-04-11 00:00:00-04:00,59.70780348899228,59.90617184200676,59.51786128845669,59.74053192138672,14204000,0.0,0.0
2019-04-12 00:00:00-04:00,60.007347051588354,60.42144688505703,59.91361508416619,60.39764404296875,18668000,0.0,0.0
2019-04-15 00:00:00-04:00,60.4040865727986,60.71155978950609,59.96320621211728,60.557823181152344,23748000,0.0,0.0
2019-04-16 00:00:00-04:00,60.75124105972567,61.03987180905056,60.50922846705791,60.85687255859375,17126000,0.0,0.0
2019-04-17 00:00:00-04:00,61.14798159436216,61.52290188149626,60.89108798435855,61.313621520996094,24438000,0.0,0.0
2019-04-18 00:00:00-04:00,61.454464276317005,61.59431495575666,61.22782460047599,61.31510925292969,26636000,0.0,0.0
2019-04-22 00:00:00-04:00,61.2962590358514,61.945924084293004,60.91538711224288,61.933528900146484,16146000,0.0,0.0
2019-04-23 00:00:00-04:00,62.025273626917404,62.933319228060476,61.8115285922715,62.71263122558594,26398000,0.0,0.0
2019-04-24 00:00:00-04:00,62.691308293873206,62.884224430042295,62.2390202776067,62.288612365722656,20376000,0.0,0.0
2019-04-25 00:00:00-04:00,62.723549340954705,62.85437606384277,62.09173916883265,62.65808868408203,22146000,0.0,0.0
2019-04-26 00:00:00-04:00,62.93332447170657,63.13516621156849,62.50285664683066,63.09103012084961,24828000,0.0,0.0
2019-04-29 00:00:00-04:00,63.18129125370465,63.93857428025759,62.799178256084865,63.854759216308594,49988000,0.0,0.0
2019-04-30 00:00:00-04:00,58.76752634945783,59.1548456242195,58.271597857057344,58.94010925292969,124140000,0.0,0.0
2019-05-01 00:00:00-04:00,58.918775625932376,58.918775625932376,57.88377402041398,57.92840576171875,52784000,0.0,0.0
2019-05-02 00:00:00-04:00,57.91254167579026,58.23142255201644,57.27983485814537,57.65713882446289,38896000,0.0,0.0
2019-05-03 00:00:00-04:00,58.204636126961844,58.85678318955507,57.97403123504416,58.787353515625,39614000,0.0,0.0
2019-05-06 00:00:00-04:00,57.83815282760233,59.057640740177526,57.83815282760233,58.98523712158203,31278000,0.0,0.0
2019-05-07 00:00:00-04:00,58.54286620717969,59.03730770533541,57.579276803680955,58.22696304321289,31028000,0.0,0.0
2019-05-08 00:00:00-04:00,58.12330762010271,58.54058188438668,57.812361031410006,57.838645935058594,26186000,0.0,0.0
2019-05-09 00:00:00-04:00,57.47959349281443,58.00676717621538,57.07392363841696,57.645729064941406,23714000,0.0,0.0
2019-05-10 00:00:00-04:00,57.70573646489051,58.15256846232902,56.65982283628391,57.73945999145508,26290000,0.0,0.0
2019-05-13 00:00:00-04:00,56.633041901535314,56.92960688729913,55.6486236768883,56.140586853027344,37212000,0.0,0.0
2019-05-14 00:00:00-04:00,56.39747646086835,56.55666906070353,55.52166744195768,55.56580352783203,36732000,0.0,0.0
2019-05-15 00:00:00-04:00,55.43835455678485,58.0895883664834,55.37864503210085,57.73648452758789,45786000,0.0,0.0
2019-05-16 00:00:00-04:00,57.7513672636381,58.92424087605743,57.66854729595489,58.46897888183594,30628000,0.0,0.0
2019-05-17 00:00:00-04:00,57.94775184486003,58.52699591310215,57.528196041845085,57.64176559448242,24172000,0.0,0.0
2019-05-20 00:00:00-04:00,56.75901017566162,56.87292782341949,56.111479079697716,56.47881317138672,27066000,0.0,0.0
2019-05-21 00:00:00-04:00,56.9568850496888,57.16606702444821,56.43368039296366,57.01342010498047,23196000,0.0,0.0
2019-05-22 00:00:00-04:00,56.87059950242676,57.45430450369276,56.827946596311726,57.102195739746094,18290000,0.0,0.0
2019-05-23 00:00:00-04:00,56.560645363520585,56.83206435428063,56.00143559733445,56.57403564453125,23978000,0.0,0.0
2019-05-24 00:00:00-04:00,56.90085410674866,57.020125610751776,56.12224648982537,56.21200942993164,22240000,0.0,0.0
2019-05-28 00:00:00-04:00,56.23828891474818,57.1104770746864,56.194644697319085,56.2457275390625,27300000,0.0,0.0
2019-05-29 00:00:00-04:00,55.91692172828519,55.995280781119774,54.95977970817354,55.36842727661133,30764000,0.0,0.0
2019-05-30 00:00:00-04:00,55.32280054277174,55.69921155324467,55.15319159694658,55.442317962646484,19038000,0.0,0.0
2019-05-31 00:00:00-04:00,54.616103199042115,55.02822037678354,54.56105511080422,54.73215103149414,30156000,0.0,0.0
2019-06-03 00:00:00-04:00,52.84117859362554,52.84117859362554,50.8326668298229,51.38959503173828,102612000,0.0,0.0
2019-06-04 00:00:00-04:00,51.72037260735825,52.372519655513,51.26362373748069,52.22373962402344,56670000,0.0,0.0
2019-06-05 00:00:00-04:00,52.14886574028185,52.24854936765749,51.104938354921515,51.68666076660156,43368000,0.0,0.0
2019-06-06 00:00:00-04:00,51.824026568059544,51.94800867864347,51.26412444634906,51.79179000854492,34064000,0.0,0.0
2019-06-07 00:00:00-04:00,52.103732120259565,53.109970605055636,51.99313650496096,52.86795425415039,36048000,0.0,0.0
2019-06-10 00:00:00-04:00,53.212127058173714,54.188115360497626,53.179497001499,53.57911682128906,29284000,0.0,0.0
2019-06-11 00:00:00-04:00,54.25358296856077,54.65081912241815,53.44139947065088,53.496795654296875,28734000,0.0,0.0
2019-06-12 00:00:00-04:00,53.46108806053541,53.60639473217016,52.94234430221682,53.41298294067383,21220000,0.0,0.0
2019-06-13 00:00:00-04:00,53.740785778032524,54.26299909329177,53.5677072461404,53.99519729614258,21154000,0.0,0.0
2019-06-14 00:00:00-04:00,53.8786575359075,54.18960412758987,53.568800630755085,53.82559585571289,22230000,0.0,0.0
2019-06-17 00:00:00-04:00,53.87171509606684,54.51146325353294,53.87171509606684,54.18018341064453,18832000,0.0,0.0
2019-06-18 00:00:00-04:00,55.03268429661102,55.36495544551521,54.50204101368082,54.73066329956055,27734000,0.0,0.0
2019-06-19 00:00:00-04:00,54.82984919543962,54.89927887698252,54.22878490223939,54.66768264770508,26776000,0.0,0.0
2019-06-20 00:00:00-04:00,55.54349249739563,55.54993980960173,54.78720083054389,55.11848068237305,25240000,0.0,0.0
2019-06-21 00:00:00-04:00,55.010372535892294,55.74781794396217,54.95284238038137,55.63722610473633,38952000,0.0,0.0
2019-06-24 00:00:00-04:00,55.52464088925156,55.64316699417488,55.09814214701933,55.321807861328125,27912000,0.0,0.0
2019-06-25 00:00:00-04:00,55.1799730059808,55.26378427635019,53.74872274695368,53.875186920166016,30938000,0.0,0.0
2019-06-26 00:00:00-04:00,53.882628985203056,54.20349249543035,53.175433746437044,53.550357818603516,36218000,0.0,0.0
2019-06-27 00:00:00-04:00,53.75864485855753,53.912381467643115,53.326690087942076,53.362396240234375,20086000,0.0,0.0
2019-06-28 00:00:00-04:00,53.38123871617849,53.60986098939673,53.23146736600189,53.60540008544922,33864000,0.0,0.0
2019-07-01 00:00:00-04:00,54.45294821991352,54.92804779109222,54.23984638545123,54.45046615600586,28726000,0.0,0.0
2019-07-02 00:00:00-04:00,54.66322195773821,55.135843266467944,54.46138021046415,55.11005401611328,19832000,0.0,0.0
2019-07-03 00:00:00-04:00,55.415546686111895,55.879242419029964,55.23949418268336,55.62234878540039,15340000,0.0,0.0
2019-07-05 00:00:00-04:00,55.434878761332804,56.18274043076617,55.352554461138375,56.1187629699707,25286000,0.0,0.0
2019-07-08 00:00:00-04:00,55.8003830799116,55.84055392182536,55.10806886968146,55.36297607421875,24728000,0.0,0.0
2019-07-09 00:00:00-04:00,55.13732805977771,55.94197080054776,54.90771444691248,55.78352355957031,26608000,0.0,0.0
2019-07-10 00:00:00-04:00,56.10041940056213,56.63751000714621,56.08802043248318,56.55964660644531,24190000,0.0,0.0
2019-07-11 00:00:00-04:00,56.697023252824,57.184026151222604,56.515019100782894,56.744632720947266,23910000,0.0,0.0
2019-07-12 00:00:00-04:00,56.733726964019255,56.899862561768394,56.475346362441186,56.77885437011719,17280000,0.0,0.0
2019-07-15 00:00:00-04:00,56.87604687765704,57.07243638386217,56.50608695997605,57.04862976074219,18076000,0.0,0.0
2019-07-16 00:00:00-04:00,56.833404665580964,57.4572843154026,56.78381257289915,57.209320068359375,24776000,0.0,0.0
2019-07-17 00:00:00-04:00,57.07987553855246,57.44636586755665,56.82199441536753,56.85075759887695,23400000,0.0,0.0
2019-07-18 00:00:00-04:00,56.62213480800189,56.91299408005043,56.17530280467374,56.84976577758789,25814000,0.0,0.0
2019-07-19 00:00:00-04:00,56.942009740823785,57.08830772786332,56.02106947435172,56.04487609863281,32944000,0.0,0.0
2019-07-22 00:00:00-04:00,56.21101418218699,56.4986536087165,55.75426523250976,56.44013214111328,26030000,0.0,0.0
2019-07-23 00:00:00-04:00,56.734218138920845,56.87803785030689,56.1291847957223,56.84381866455078,21874000,0.0,0.0
2019-07-24 00:00:00-04:00,56.13413922649252,56.73421216232338,55.89063591980156,56.42723083496094,31796000,0.0,0.0
2019-07-25 00:00:00-04:00,56.427732944695755,56.62015343635027,55.58961638958166,56.14505386352539,44196000,0.0,0.0
2019-07-26 00:00:00-04:00,60.70362682375774,62.76222634345007,60.70164419960629,62.011390686035156,96116000,0.0,0.0
2019-07-29 00:00:00-04:00,61.54720289707097,61.86062777533199,60.91141998099976,61.46586990356445,44474000,0.0,0.0
2019-07-30 00:00:00-04:00,60.77156899110717,61.24071688581139,60.666928813550676,60.7581787109375,29066000,0.0,0.0
2019-07-31 00:00:00-04:00,60.65204787336914,61.19756838398426,59.896448673687765,60.338619232177734,34510000,0.0,0.0
2019-08-01 00:00:00-04:00,60.207203684289816,61.20302965137207,59.7950864921131,59.958248138427734,33970000,0.0,0.0
2019-08-02 00:00:00-04:00,59.54810925390786,59.85360361956295,58.96291355328433,59.21335983276367,32902000,0.0,0.0
2019-08-05 00:00:00-04:00,58.02560681934822,58.28349171238471,56.542781927105715,57.14682388305664,51950000,0.0,0.0
2019-08-06 00:00:00-04:00,57.691859060058505,58.51758046789573,57.527706090649296,58.021156311035156,34188000,0.0,0.0
2019-08-07 00:00:00-04:00,57.329327158087416,58.44243815303933,57.01312510241907,58.22150421142578,28886000,0.0,0.0
2019-08-08 00:00:00-04:00,58.659907966011,59.75987850341771,58.17340451018683,59.74946594238281,29360000,0.0,0.0
2019-08-09 00:00:00-04:00,59.41173478099414,59.703835097338185,58.6982398126095,58.91679763793945,21314000,0.0,0.0
2019-08-12 00:00:00-04:00,58.4803837197335,58.765544878641485,57.90818093571911,58.25721740722656,20060000,0.0,0.0
2019-08-13 00:00:00-04:00,58.09604166312754,59.74847199777399,58.09604166312754,59.37602996826172,25888000,0.0,0.0
2019-08-14 00:00:00-04:00,58.336559583580964,58.63362403319877,57.5544824532204,57.740455627441406,31574000,0.0,0.0
2019-08-15 00:00:00-04:00,57.701276073380846,58.31325237353276,57.6323420471017,57.88774490356445,24374000,0.0,0.0
2019-08-16 00:00:00-04:00,58.49724148031816,58.65445146556629,58.11339182921293,58.400535583496094,26266000,0.0,0.0
2019-08-19 00:00:00-04:00,59.01994816642816,59.85806464464126,59.01994816642816,59.43454360961914,24632000,0.0,0.0
2019-08-20 00:00:00-04:00,59.275853881960266,59.3160247255434,58.62420235898019,58.6529655456543,18310000,0.0,0.0
2019-08-21 00:00:00-04:00,59.17170029677888,59.46181796674503,58.888026154754,59.07747268676758,14814000,0.0,0.0
2019-08-22 00:00:00-04:00,59.21732496025237,59.41282152763311,58.44913381903978,58.9921760559082,18950000,0.0,0.0
2019-08-23 00:00:00-04:00,58.61824526765973,59.21782257848609,56.92018826284,57.09574508666992,33740000,0.0,0.0
2019-08-26 00:00:00-04:00,57.39181257451332,57.9973415217004,57.17856319784631,57.96857833862305,24522000,0.0,0.0
2019-08-27 00:00:00-04:00,58.54584718565057,58.63858405840218,57.59961325831645,57.91651153564453,21544000,0.0,0.0
2019-08-28 00:00:00-04:00,57.61250564649253,58.34201676564248,57.393804034470634,58.074214935302734,16040000,0.0,0.0
2019-08-29 00:00:00-04:00,58.57510367571744,59.316022450362624,58.57510367571744,59.156829833984375,21768000,0.0,0.0
2019-08-30 00:00:00-04:00,59.43702305307227,59.43702305307227,58.708158982857924,58.92125701904297,22596000,0.0,0.0
2019-09-03 00:00:00-04:00,58.372267985169735,58.861253468662625,57.686397332421635,57.943782806396484,29598000,0.0,0.0
2019-09-04 00:00:00-04:00,58.35640198022764,58.69214654700414,58.07322722740255,58.5894889831543,21378000,0.0,0.0
2019-09-05 00:00:00-04:00,59.09136446786,60.158107082875944,59.09136446786,60.075782775878906,28162000,0.0,0.0
2019-09-06 00:00:00-04:00,59.91460206362982,60.10726846925459,59.63648229355748,59.75590133666992,21442000,0.0,0.0
2019-09-09 00:00:00-04:00,59.70978455032736,60.50326929251891,59.14541774706918,59.73011779785156,29438000,0.0,0.0
2019-09-10 00:00:00-04:00,59.2708857006155,60.00733971802744,59.242618173750365,59.80896759033203,25202000,0.0,0.0
2019-09-11 00:00:00-04:00,59.68052991514313,60.63221601680014,59.62052148037358,60.51170349121094,26140000,0.0,0.0
2019-09-12 00:00:00-04:00,60.71651841225511,61.58736710906701,60.65304038987777,61.20996856689453,34518000,0.0,0.0
2019-09-13 00:00:00-04:00,61.06614414419998,61.5387615752051,60.85090837489097,61.47330093383789,26028000,0.0,0.0
2019-09-16 00:00:00-04:00,60.975395122716414,61.47330618550379,60.781483894655885,61.06366729736328,21066000,0.0,0.0
2019-09-17 00:00:00-04:00,61.019041384249306,61.24716803382097,60.686274550567475,60.95705032348633,19102000,0.0,0.0
2019-09-18 00:00:00-04:00,60.8757133108551,61.27741414734609,60.33118408090563,61.118717193603516,22702000,0.0,0.0
2019-09-19 00:00:00-04:00,61.10135947999778,61.715318368774916,61.099376855941635,61.43115234375,19920000,0.0,0.0
2019-09-20 00:00:00-04:00,61.153928839747564,61.659777990560464,60.65601775285979,60.9957275390625,45400000,0.0,0.0
2019-09-23 00:00:00-04:00,60.8008272906693,61.449996694204465,60.71007305012332,61.199058532714844,21248000,0.0,0.0
2019-09-24 00:00:00-04:00,61.49512470819957,61.829382252569204,60.04106295940358,60.4417724609375,31664000,0.0,0.0
2019-09-25 00:00:00-04:00,60.29597361456633,61.906749776855804,60.01180757923673,61.81847381591797,29060000,0.0,0.0
2019-09-26 00:00:00-04:00,61.592327738593056,61.74309040720977,61.11167383085518,61.56406021118164,30760000,0.0,0.0
2019-09-27 00:00:00-04:00,61.64441058071754,61.69449833076877,60.228037372553125,60.755706787109375,27078000,0.0,0.0
2019-09-30 00:00:00-04:00,60.551375338464965,60.800826528741595,60.121406981416534,60.453678131103516,28082000,0.0,0.0
2019-10-01 00:00:00-04:00,60.45367584126194,61.06019609392634,59.68895429974468,59.76433563232422,25470000,0.0,0.0
2019-10-02 00:00:00-04:00,59.36164083384175,59.36164083384175,58.08760056346891,58.3524284362793,32302000,0.0,0.0
2019-10-03 00:00:00-04:00,58.51955687940074,58.96886717560395,57.648208719353065,58.907867431640625,32424000,0.0,0.0
2019-10-04 00:00:00-04:00,59.10921558917114,60.07875280184926,58.97432148116357,59.95774841308594,23248000,0.0,0.0
2019-10-07 00:00:00-04:00,59.72962219660152,60.414198826890676,59.69738563741562,59.89228439331055,16858000,0.0,0.0
2019-10-08 00:00:00-04:00,59.39189542365063,59.812938185230564,58.96638797426817,58.97233963012695,20786000,0.0,0.0
2019-10-09 00:00:00-04:00,59.4791753286735,59.9255116745568,59.39387709121669,59.625972747802734,17354000,0.0,0.0
2019-10-10 00:00:00-04:00,59.440997782066,60.2553115148395,59.37950237690492,59.94138717651367,16932000,0.0,0.0
2019-10-11 00:00:00-04:00,60.61287109432873,60.91935299809757,60.19281963890035,60.27762222290039,25454000,0.0,0.0
2019-10-14 00:00:00-04:00,60.123391394953536,60.817196338490305,60.09462821024084,60.36143493652344,17350000,0.0,0.0
2019-10-15 00:00:00-04:00,60.52310657339331,61.85864224040341,60.52310657339331,61.64440155029297,27634000,0.0,0.0
2019-10-16 00:00:00-04:00,61.5531487785648,62.22612479373614,61.418258452098804,61.67564392089844,21892000,0.0,0.0
2019-10-17 00:00:00-04:00,62.037179586163184,62.651880093238724,61.98808315325346,62.143306732177734,19048000,0.0,0.0
2019-10-18 00:00:00-04:00,62.16264854583868,62.43193733407532,61.5486896322098,61.76739501953125,27056000,0.0,0.0
2019-10-21 00:00:00-04:00,62.10313361358088,62.220619224120426,61.524880872646335,61.80012130737305,20544000,0.0,0.0
2019-10-22 00:00:00-04:00,61.88443371661489,62.02081101404673,61.563566434087704,61.63398742675781,20476000,0.0,0.0
2019-10-23 00:00:00-04:00,61.612174574002346,62.48153643724191,61.612174574002346,62.44384765625,18230000,0.0,0.0
2019-10-24 00:00:00-04:00,62.53161853339729,62.6853589309044,62.175294807971355,62.53608322143555,20562000,0.0,0.0
2019-10-25 00:00:00-04:00,62.042136908959286,62.96307718435356,61.991553507322706,62.741397857666016,24262000,0.0,0.0
2019-10-28 00:00:00-04:00,63.25319279462565,64.43647885485552,63.108877435093746,63.974769592285156,52264000,0.0,0.0
2019-10-29 00:00:00-04:00,63.291882999314666,63.55769843329899,62.34872516238617,62.61692428588867,37728000,0.0,0.0
2019-10-30 00:00:00-04:00,62.13835148242556,62.95117825935078,62.090246357642236,62.55096435546875,28178000,0.0,0.0
2019-10-31 00:00:00-04:00,62.55046129308116,62.86735953511096,62.03286020049355,62.49243927001953,29114000,0.0,0.0
2019-11-01 00:00:00-04:00,62.73494664473217,63.21202879741203,62.511780363797264,63.16838836669922,33402000,0.0,0.0
2019-11-04 00:00:00-05:00,63.302785703148786,64.17958608788612,63.298075079035044,64.04270935058594,30020000,0.0,0.0
2019-11-05 00:00:00-05:00,64.11808856968973,64.41763126488107,64.03571130160533,64.075439453125,25654000,0.0,0.0
2019-11-06 00:00:00-05:00,63.94799707515216,64.15975951703071,63.60283125677715,64.06404113769531,23060000,0.0,0.0
2019-11-07 00:00:00-05:00,64.18703516771343,65.64804020412268,64.18530226313871,64.91010284423828,40600000,0.0,0.0
2019-11-08 00:00:00-05:00,64.7325439616238,65.36336647821916,64.68716306106933,65.03456115722656,25028000,0.0,0.0
2019-11-11 00:00:00-05:00,64.62840328518892,64.78933637271358,64.34225461487071,64.43053436279297,20238000,0.0,0.0
2019-11-12 00:00:00-05:00,64.47070284414043,64.9666313275569,64.26092303735834,64.41119384765625,21718000,0.0,0.0
2019-11-13 00:00:00-05:00,64.17661082506785,64.68394313981359,64.14883895335691,64.37151336669922,16534000,0.0,0.0
2019-11-14 00:00:00-05:00,64.34671024018753,65.31376911184681,64.2549646964652,65.03902435302734,23870000,0.0,0.0
2019-11-15 00:00:00-05:00,65.40997428434476,66.20048875842349,65.17886997152837,66.19998931884766,35652000,0.0,0.0
2019-11-18 00:00:00-05:00,66.06859002465279,66.23269381484778,65.3385831752421,65.49728393554688,29748000,0.0,0.0
2019-11-19 00:00:00-05:00,65.84442748415529,65.84442748415529,65.10549131266656,65.23741149902344,25384000,0.0,0.0
2019-11-20 00:00:00-05:00,65.05291934801255,65.214594027543,64.03180734677322,64.62195587158203,26172000,0.0,0.0
2019-11-21 00:00:00-05:00,64.54409074435164,65.09507104329097,64.123547431758,64.53764343261719,19910000,0.0,0.0
2019-11-22 00:00:00-05:00,64.74941557677369,64.90365164195092,64.04470613679251,64.2396011352539,27714000,0.0,0.0
2019-11-25 00:00:00-05:00,64.4300292145478,65.03158912705393,64.37795884838697,64.80247497558594,20724000,0.0,0.0
2019-11-26 00:00:00-05:00,64.95968568847725,65.20467599801269,64.72313288303855,65.14268493652344,21394000,0.0,0.0
2019-11-27 00:00:00-05:00,65.2145975664079,65.38122881548104,64.94828269135655,65.11491394042969,19912000,0.0,0.0
2019-11-29 00:00:00-05:00,64.82379703618892,64.97678447291285,64.66757837646051,64.7166748046875,11740000,0.0,0.0
2019-12-02 00:00:00-05:00,64.520295703299,64.75982242985805,63.528438782831785,63.97080612182617,30218000,0.0,0.0
2019-12-03 00:00:00-05:00,63.45752243397737,64.39438051263377,63.429254903422446,64.23662567138672,22876000,0.0,0.0
2019-12-04 00:00:00-05:00,64.81834450657878,65.75019294806704,64.71221358137151,65.48933410644531,30750000,0.0,0.0
2019-12-05 00:00:00-05:00,65.85929060392436,65.92663927636666,65.28599448884262,65.86573791503906,24254000,0.0,0.0
2019-12-06 00:00:00-05:00,66.1290754472145,66.65277573066199,66.1290754472145,66.48515319824219,26296000,0.0,0.0
2019-12-09 00:00:00-05:00,66.35720510738695,67.41899103710952,66.34728442039524,66.6309585571289,27086000,0.0,0.0
2019-12-10 00:00:00-05:00,66.52879824594098,66.94909942159872,66.25802627756777,66.68551635742188,21882000,0.0,0.0
2019-12-11 00:00:00-05:00,66.99200752980201,67.00985871648143,66.58683326597124,66.70337677001953,17008000,0.0,0.0
2019-12-12 00:00:00-05:00,66.74899349709194,67.23674174983219,66.47921282905311,66.96372985839844,25620000,0.0,0.0
2019-12-13 00:00:00-05:00,66.84868316363773,67.10373795140538,66.64634196885596,66.84273529052734,30992000,0.0,0.0
2019-12-16 00:00:00-05:00,67.27268395230222,67.67835755773422,67.08274555583255,67.50428771972656,27946000,0.0,0.0
2019-12-17 00:00:00-05:00,67.58957921274848,67.69421936751104,67.01593504353157,67.20423889160156,37080000,0.0,0.0
2019-12-18 00:00:00-05:00,67.27766876633822,67.46958984572058,66.99994998969079,67.08028411865234,30452000,0.0,0.0
2019-12-19 00:00:00-05:00,67.04060519959941,67.35204367497064,66.9000053630653,67.24988555908203,29398000,0.0,0.0
2019-12-20 00:00:00-05:00,67.61242441175725,67.62680222358448,66.90076056265627,66.93002319335938,66300000,0.0,0.0
2019-12-23 00:00:00-05:00,67.24145379082276,67.43634876882511,66.77726245940671,66.89281463623047,17662000,0.0,0.0
2019-12-24 00:00:00-05:00,66.87594882513521,66.96322968231466,66.59227468840155,66.6309585571289,6950000,0.0,0.0
2019-12-26 00:00:00-05:00,66.76040947857985,67.51208895240353,66.67610254112834,67.46611022949219,13350000,0.0,0.0
2019-12-27 00:00:00-05:00,67.59454056029013,67.67091698181409,66.9161124101972,67.04405975341797,20768000,0.0,0.0
2019-12-30 00:00:00-05:00,66.95034286995289,67.09912292311746,66.15784561000851,66.26298522949219,21018000,0.0,0.0
2019-12-31 00:00:00-05:00,65.96393405327284,66.35522229239552,65.91309715394533,66.3066177368164,19236000,0.0,0.0
2020-01-02 00:00:00-05:00,66.53127248389157,67.84994437642308,66.53127248389157,67.81175994873047,28132000,0.0,0.0
2020-01-03 00:00:00-05:00,66.8442084789888,68.06617839515248,66.72935249353212,67.47899627685547,23728000,0.0,0.0
2020-01-06 00:00:00-05:00,66.95034280589181,69.25640714229873,66.95034280589181,69.1428451538086,34646000,0.0,0.0
2020-01-07 00:00:00-05:00,69.32783136564986,69.57827011056023,68.95290348967677,69.09970092773438,30054000,0.0,0.0
2020-01-08 00:00:00-05:00,69.03720258071381,70.00426909250005,68.97571096536768,69.64422607421875,30560000,0.0,0.0
2020-01-09 00:00:00-05:00,70.45010761810009,70.7853526905972,69.93929437877065,70.41340637207031,30018000,0.0,0.0
2020-01-10 00:00:00-05:00,70.79676673782576,71.16222039360179,70.34002155715467,70.90438842773438,36414000,0.0,0.0
2020-01-13 00:00:00-05:00,71.22176695031578,71.43947721249037,70.72038256238037,71.37550354003906,33046000,0.0,0.0
2020-01-14 00:00:00-05:00,71.36460211780435,71.50296204215371,70.83693653451394,70.96141052246094,31178000,0.0,0.0
2020-01-15 00:00:00-05:00,70.92816755694865,71.48286330276767,70.92816755694865,71.37400817871094,25654000,0.0,0.0
2020-01-16 00:00:00-05:00,71.78266404004518,72.00831237664282,71.45931471837719,71.99392700195312,23474000,0.0,0.0
2020-01-17 00:00:00-05:00,72.54987216374698,73.46163714237612,72.31728461657924,73.41675567626953,47924000,0.0,0.0
2020-01-21 00:00:00-05:00,73.35376569961439,73.98508009594632,72.96098669831254,73.61561584472656,40734000,0.0,0.0
2020-01-22 00:00:00-05:00,73.94292826084337,74.54865014201141,73.64189481522222,73.6924819946289,32216000,0.0,0.0
2020-01-23 00:00:00-05:00,73.77629973662785,74.16708854953701,73.50155496628021,73.7271957397461,27024000,0.0,0.0
2020-01-24 00:00:00-05:00,74.07136916918171,74.16584649891621,72.66590821809966,72.73831939697266,35692000,0.0,0.0
2020-01-27 00:00:00-05:00,70.96737485345128,71.31799668335638,70.48135945120916,71.11119079589844,35104000,0.0,0.0
2020-01-28 00:00:00-05:00,71.562493644078,72.20720229384382,71.04027638384187,72.0365982055664,31548000,0.0,0.0
2020-01-29 00:00:00-05:00,72.34604590305221,72.67484368608115,71.74795176318436,72.33761596679688,21554000,0.0,0.0
2020-01-30 00:00:00-05:00,71.41172368480859,72.27066921090442,71.23517174072235,72.19925689697266,26788000,0.0,0.0
2020-01-31 00:00:00-05:00,72.84692198093046,72.90792171864511,70.84485776961345,71.1275405883789,48344000,0.0,0.0
2020-02-03 00:00:00-05:00,72.5047423236359,73.89334358225949,72.3554703936322,73.6919937133789,60736000,0.0,0.0
2020-02-04 00:00:00-05:00,72.26024883594752,72.87668603804367,70.73427901540151,71.76432037353516,78660000,0.0,0.0
2020-02-05 00:00:00-05:00,72.52557934139425,72.59600034228271,70.94554880802797,71.82185363769531,39724000,0.0,0.0
2020-02-06 00:00:00-05:00,71.92599629501353,73.49659788821806,71.88830373345907,73.21044921875,33588000,0.0,0.0
2020-02-07 00:00:00-05:00,72.76757562441631,73.6870288608665,72.72046181869683,73.35922241210938,23446000,0.0,0.0
2020-02-10 00:00:00-05:00,73.11572775248618,74.8603991627685,73.11572775248618,74.81973266601562,28398000,0.0,0.0
2020-02-11 00:00:00-05:00,74.97495904394647,75.85870239357342,74.66887063576853,74.82518768310547,26892000,0.0,0.0
2020-02-12 00:00:00-05:00,75.10736283091255,75.41558517465585,74.79145971137443,75.29531860351562,23352000,0.0,0.0
2020-02-13 00:00:00-05:00,75.01860149529404,75.73720438287243,74.61740008953561,75.11630249023438,18590000,0.0,0.0
2020-02-14 00:00:00-05:00,75.16291282111376,75.4178237915039,74.75327393373831,75.4178237915039,23956000,0.0,0.0
2020-02-18 00:00:00-05:00,75.13315750620852,75.95788370450909,75.01364008584298,75.36475372314453,22414000,0.0,0.0
2020-02-19 00:00:00-05:00,75.63255657995198,75.9814908316446,75.45054867247411,75.71289825439453,18986000,0.0,0.0
2020-02-20 00:00:00-05:00,75.48031267396853,75.85920578370134,74.72749814959167,75.28938293457031,21932000,0.0,0.0
2020-02-21 00:00:00-05:00,74.78749729841422,74.99504475361177,73.4192368974724,73.65083312988281,34634000,0.0,0.0
2020-02-24 00:00:00-05:00,70.72485188696348,71.26343705080208,69.99485267960699,70.50069427490234,57342000,0.0,0.0
2020-02-25 00:00:00-05:00,71.0665474882961,71.32145089442864,68.55715077419704,68.85718536376953,49566000,0.0,0.0
2020-02-26 00:00:00-05:00,69.2385561572989,70.20859665737065,68.38853252553207,69.09175872802734,44048000,0.0,0.0
2020-02-27 00:00:00-05:00,67.54842740281785,68.02670141812484,65.32220537479418,65.36783599853516,59566000,0.0,0.0
2020-02-28 00:00:00-05:00,63.354855955607974,66.51094364846729,63.03250172435175,66.42118072509766,75782000,0.0,0.0
2020-03-02 00:00:00-05:00,67.03017633409503,68.97719626011157,65.80052573887173,68.88990783691406,48630000,0.0,0.0
2020-03-03 00:00:00-05:00,69.40122343462653,69.9333537206133,66.05767147100971,66.52335357666016,48046000,0.0,0.0
2020-03-04 00:00:00-05:00,67.40809884610691,68.83934943872535,66.60866225989385,68.76148223876953,38266000,0.0,0.0
2020-03-05 00:00:00-05:00,66.9602591759261,67.39221393097125,64.7236170989283,65.41494750976562,51226000,0.0,0.0
2020-03-06 00:00:00-05:00,63.333044937622745,64.77916882518498,62.5390644472854,64.39185333251953,53212000,0.0,0.0
2020-03-09 00:00:00-04:00,59.77425795951713,62.22711975148055,59.51141647546525,60.2830810546875,67308000,0.0,0.0
2020-03-10 00:00:00-04:00,62.48698535745458,63.53587676445679,60.44227179174793,63.49818420410156,52228000,0.0,0.0
2020-03-11 00:00:00-04:00,61.97618154357706,62.53459672875651,59.316517671726196,60.27564239501953,52170000,0.0,0.0
2020-03-12 00:00:00-04:00,55.84154253643234,59.207410187224156,55.21171507172578,55.29155731201172,84534000,0.0,0.0
2020-03-13 00:00:00-04:00,58.469964033701615,60.491366576214524,55.40229973821715,60.4898796081543,74002000,0.0,0.0
2020-03-16 00:00:00-04:00,54.35375371204134,57.14419480618087,53.284532923469655,53.77500534057617,85048000,0.0,0.0
2020-03-17 00:00:00-04:00,54.210432890602604,56.082563531431106,52.370538809534686,55.5340690612793,77230000,0.0,0.0
2020-03-18 00:00:00-04:00,52.395340897099366,54.874487668120736,51.44166836134549,54.393436431884766,84668000,0.0,0.0
2020-03-19 00:00:00-04:00,54.207465042168394,57.42703127168658,52.57377881835311,55.31040954589844,73022000,0.0,0.0
2020-03-20 00:00:00-04:00,56.32358195732691,56.73371648700342,52.84067913724178,53.17939758300781,72036000,0.0,0.0
2020-03-23 00:00:00-04:00,52.63388579958714,53.12981430298767,50.26413893826436,52.40079879760742,80882000,0.0,0.0
2020-03-24 00:00:00-04:00,54.73909617393733,56.28788133018292,54.086949025296136,56.26110076904297,66890000,0.0,0.0
2020-03-25 00:00:00-04:00,55.86485886779716,56.977224607740055,53.8583295696651,54.675621032714844,81630000,0.0,0.0
2020-03-26 00:00:00-04:00,55.137330133239715,58.02214684975007,54.23126704905274,57.61449432373047,71434000,0.0,0.0
2020-03-27 00:00:00-04:00,55.825181112253354,57.065002295333954,54.84522747829489,55.08327102661133,64170000,0.0,0.0
2020-03-30 00:00:00-04:00,55.79393255236979,57.11260837301828,54.37756330811369,56.87406539916992,51482000,0.0,0.0
2020-03-31 00:00:00-04:00,56.89787452972024,58.28696761942579,56.443603873563255,57.667057037353516,49728000,0.0,0.0
2020-04-01 00:00:00-04:00,55.64317213039015,56.02454351034657,54.42567062720293,54.830841064453125,46884000,0.0,0.0
2020-04-02 00:00:00-04:00,54.46583573281138,55.88419139127797,54.37359452502577,55.58564376831055,39298000,0.0,0.0
2020-04-03 00:00:00-04:00,55.4951409275456,55.71954826879395,53.550856199417716,54.446998596191406,46268000,0.0,0.0
2020-04-06 00:00:00-04:00,56.43666211904595,59.246593047508235,56.086535979111176,58.86274337768555,53294000,0.0,0.0
2020-04-07 00:00:00-04:00,60.55286321601367,60.751235353486514,58.63014915297558,58.8424072265625,47746000,0.0,0.0
2020-04-08 00:00:00-04:00,59.833768652185626,60.457148811082426,58.924236050374674,60.0212287902832,39502000,0.0,0.0
2020-04-09 00:00:00-04:00,60.70560435494903,60.7794987183636,59.349489549132585,60.079246520996094,43508000,0.0,0.0
2020-04-13 00:00:00-04:00,59.96667641062924,60.5285649530198,58.896365855544225,60.38226318359375,34796000,0.0,0.0
2020-04-14 00:00:00-04:00,61.747556813545664,63.581499256024976,61.3428782593448,62.944725036621094,49408000,0.0,0.0
2020-04-15 00:00:00-04:00,61.77334411810373,63.50165890697964,61.51496732475637,62.60948181152344,33434000,0.0,0.0
2020-04-16 00:00:00-04:00,63.186242735077165,63.42924660502383,61.62505874444982,62.6590690612793,50362000,0.0,0.0
2020-04-17 00:00:00-04:00,63.71936501385813,64.19446075982451,63.04391073029477,63.6400146484375,38980000,0.0,0.0
2020-04-20 00:00:00-04:00,63.0325067420485,63.558193484460865,62.554928904605816,62.814796447753906,33910000,0.0,0.0
2020-04-21 00:00:00-04:00,61.84227585894478,62.20281832216117,59.992960525553144,60.32176208496094,43060000,0.0,0.0
2020-04-22 00:00:00-04:00,61.769870687820934,63.7572015806975,61.59431008469273,62.646175384521484,41848000,0.0,0.0
2020-04-23 00:00:00-04:00,63.059780308279734,64.13891805326487,62.768175656280505,63.295841217041016,31324000,0.0,0.0
2020-04-24 00:00:00-04:00,62.5450101142497,63.49867884995032,61.96378339226332,63.44462585449219,32792000,0.0,0.0
2020-04-27 00:00:00-04:00,64.27232938713897,64.27976801111032,62.93332031778721,63.27451705932617,32012000,0.0,0.0
2020-04-28 00:00:00-04:00,63.87211087728203,63.87805874947154,61.108302664155936,61.18120193481445,59026000,0.0,0.0
2020-04-29 00:00:00-04:00,66.52681783098114,67.44577170128504,65.72738138872761,66.5278091430664,75872000,0.0,0.0
2020-04-30 00:00:00-04:00,65.704582429192,67.09020232436121,65.58604873010934,66.88389587402344,53378000,0.0,0.0
2020-05-01 00:00:00-04:00,65.88409373143328,67.05299435560296,65.01621899501687,65.49280548095703,41450000,0.0,0.0
2020-05-04 00:00:00-04:00,64.87884534974093,65.84243848597423,64.42110134123789,65.7997817993164,30080000,0.0,0.0
2020-05-05 00:00:00-04:00,66.35126416050946,68.13759338680842,66.32844884822745,67.00538635253906,33030000,0.0,0.0
2020-05-06 00:00:00-04:00,67.53009077220267,67.99774795554235,66.81595252453063,66.81644439697266,24308000,0.0,0.0
2020-05-07 00:00:00-04:00,67.74086211620424,68.3191149927811,67.21170568225293,68.06916809082031,27952000,0.0,0.0
2020-05-08 00:00:00-04:00,68.59335815328055,69.3684961292678,68.21397316576557,68.85322570800781,27738000,0.0,0.0
2020-05-11 00:00:00-04:00,68.3528296996053,70.24975455846787,68.29688488866854,69.59165954589844,28242000,0.0,0.0
2020-05-12 00:00:00-04:00,69.78309149788292,70.17388035780635,68.17876255238299,68.22686767578125,27812000,0.0,0.0
2020-05-13 00:00:00-04:00,68.29182952355184,68.70999674022836,65.87913484033389,66.9171142578125,36252000,0.0,0.0
2020-05-14 00:00:00-04:00,66.20744748438503,67.31833007246495,65.65647466241447,67.25435638427734,32062000,0.0,0.0
2020-05-15 00:00:00-04:00,66.95033706923776,68.16436887948308,66.40481277732228,68.10039520263672,34154000,0.0,0.0
2020-05-18 00:00:00-04:00,67.53306719171812,69.0493662081308,67.16112080465223,68.63352966308594,36448000,0.0,0.0
2020-05-19 00:00:00-04:00,68.7851403531022,69.03324839092087,68.11503601074219,68.11503601074219,25612000,0.0,0.0
2020-05-20 00:00:00-04:00,68.91322103588824,69.94674329894777,68.79767642815746,69.76324462890625,33108000,0.0,0.0
2020-05-21 00:00:00-04:00,69.82671727336341,70.19816411800524,69.10514057388042,69.56883239746094,27700000,0.0,0.0
2020-05-22 00:00:00-04:00,69.26682780540224,70.06279087941064,69.0248114434406,69.94674682617188,26188000,0.0,0.0
2020-05-26 00:00:00-04:00,71.27831519426526,71.46329706232306,70.03154724100413,70.27405548095703,41212000,0.0,0.0
2020-05-27 00:00:00-04:00,70.2854650961959,70.50813195347824,68.99803067773678,70.3147201538086,33716000,0.0,0.0
2020-05-28 00:00:00-04:00,69.27426447421041,71.45535533750837,69.2316153535328,70.25967407226562,33844000,0.0,0.0
2020-05-29 00:00:00-04:00,70.27008311591747,71.04522100799318,70.0920480179816,70.86420440673828,36418000,0.0,0.0
2020-06-01 00:00:00-04:00,70.34200066540495,71.31253304675782,70.32265872857073,71.0080337524414,24342000,0.0,0.0
2020-06-02 00:00:00-04:00,70.94502793235675,71.39434193250433,70.36380134714832,71.375,25562000,0.0,0.0
2020-06-03 00:00:00-04:00,71.32938793207813,71.73862575322607,70.90671064402268,71.23416900634766,25124000,0.0,0.0
2020-06-04 00:00:00-04:00,70.93760428274607,71.36212044103614,69.66456281482078,70.03402709960938,29686000,0.0,0.0
2020-06-05 00:00:00-04:00,70.0831065571215,71.66412787570373,69.72752829494219,71.3338394165039,34698000,0.0,0.0
2020-06-08 00:00:00-04:00,70.53788157818248,71.80993922044472,70.53788157818248,71.74150085449219,28084000,0.0,0.0
2020-06-09 00:00:00-04:00,71.67951475510814,72.80230055915051,71.57289195071547,72.21511840820312,28184000,0.0,0.0
2020-06-10 00:00:00-04:00,72.3827419110191,73.11270328187872,72.22057535827327,72.6956787109375,30504000,0.0,0.0
2020-06-11 00:00:00-04:00,71.53668914855498,72.13155206814369,69.52916868121383,69.62042236328125,39826000,0.0,0.0
2020-06-12 00:00:00-04:00,70.84287215536473,71.26490617452876,68.73666730718303,70.08360290527344,38928000,0.0,0.0
2020-06-15 00:00:00-04:00,68.97373418785799,70.65988799982959,68.83090956978995,70.4144058227539,30078000,0.0,0.0
2020-06-16 00:00:00-04:00,71.6725737274849,72.15858149441422,70.71443656255657,71.54859161376953,34184000,0.0,0.0
2020-06-17 00:00:00-04:00,71.76878607729063,72.40555653697243,70.98620949961257,71.96517181396484,30992000,0.0,0.0
2020-06-18 00:00:00-04:00,71.86795456952595,71.97954147769663,70.76947506566913,71.21332550048828,31638000,0.0,0.0
2020-06-19 00:00:00-04:00,71.61206558286473,71.80052081652137,70.48878793956422,71.00306701660156,63158000,0.0,0.0
2020-06-22 00:00:00-04:00,70.86817896325338,72.04600913978685,70.58103896756721,72.00187683105469,30848000,0.0,0.0
2020-06-23 00:00:00-04:00,72.1893236313866,73.19611070904158,71.67356139416061,72.62425231933594,28596000,0.0,0.0
2020-06-24 00:00:00-04:00,72.48043472681985,73.17027436500179,70.90536861334516,71.01546478271484,35120000,0.0,0.0
2020-06-25 00:00:00-04:00,70.9128110955732,71.55751202044834,70.42183921066282,71.47965240478516,24610000,0.0,0.0
2020-06-26 00:00:00-04:00,70.98671635410172,71.08887448149189,67.04904268475059,67.44132232666016,85354000,0.0,0.0
2020-06-29 00:00:00-04:00,67.35602043246388,69.21178724645262,66.8020736298557,69.1805419921875,36204000,0.0,0.0
2020-06-30 00:00:00-04:00,68.95587542711603,70.3548890974447,68.63450872086528,70.10493469238281,40848000,0.0,0.0
2020-07-01 00:00:00-04:00,69.98045890302329,71.56247175672459,69.91697709957117,71.31649017333984,35504000,0.0,0.0
2020-07-02 00:00:00-04:00,71.75787947455035,73.54371699815358,71.73209022358978,72.6386489868164,37182000,0.0,0.0
2020-07-06 00:00:00-04:00,73.40038799149362,74.71608617074196,73.04331888530318,74.176025390625,31280000,0.0,0.0
2020-07-07 00:00:00-04:00,73.89334700875635,75.2224317656183,73.57347100521886,73.65431213378906,29164000,0.0,0.0
2020-07-08 00:00:00-04:00,74.10758708958852,74.68087574388413,73.67662361131148,74.19090270996094,24994000,0.0,0.0
2020-07-09 00:00:00-04:00,74.70914673130567,75.51602180984509,73.79837306396279,74.93429565429688,28466000,0.0,0.0
2020-07-10 00:00:00-04:00,74.69426212774434,76.5629155213533,74.21767563986882,76.45926666259766,37126000,0.0,0.0
2020-07-13 00:00:00-04:00,76.86890277946328,78.21445364547556,74.64927961304114,74.95164489746094,36928000,0.0,0.0
2020-07-14 00:00:00-04:00,73.90872481972148,75.52743166552611,73.57099762484768,75.40989685058594,31700000,0.0,0.0
2020-07-15 00:00:00-04:00,75.53635060957889,76.14138391474197,74.29008219156457,75.06571197509766,32214000,0.0,0.0
2020-07-16 00:00:00-04:00,74.38926396448059,75.31615582800775,73.71033631416837,75.28193664550781,30386000,0.0,0.0
2020-07-17 00:00:00-04:00,75.46147203408852,75.55172684197788,74.3109143070214,75.16043853759766,29134000,0.0,0.0
2020-07-20 00:00:00-04:00,75.14605618591928,77.87515346300708,74.56780342093248,77.64851379394531,31146000,0.0,0.0
2020-07-21 00:00:00-04:00,78.70335633459858,78.70335633459858,77.08116864761556,77.28648376464844,24324000,0.0,0.0
2020-07-22 00:00:00-04:00,77.3896362083186,77.86076672280562,76.67549802888801,77.78588104248047,18640000,0.0,0.0
2020-07-23 00:00:00-04:00,77.71050905825429,77.95350917334288,74.75586163870851,75.16688537597656,32552000,0.0,0.0
2020-07-24 00:00:00-04:00,74.33620877052465,75.26388771076272,73.81399161212126,74.97793579101562,30880000,0.0,0.0
2020-07-27 00:00:00-04:00,75.16291168221561,76.42108338113255,75.1435697469771,75.88697052001953,24920000,0.0,0.0
2020-07-28 00:00:00-04:00,75.63801856746305,75.70248412070406,74.27322400768118,74.4061279296875,34044000,0.0,0.0
2020-07-29 00:00:00-04:00,74.70269661768238,75.93914274895256,74.45522426355107,75.4813003540039,22130000,0.0,0.0
2020-07-30 00:00:00-04:00,74.24048232600035,76.26734454597072,74.00343011725805,75.94895935058594,33428000,0.0,0.0
2020-07-31 00:00:00-04:00,74.63772780298396,74.83312221110617,72.10948110700572,73.54420471191406,68798000,0.0,0.0
2020-08-03 00:00:00-04:00,73.72669564010512,73.91663402571066,72.68524304021076,73.12216186523438,46604000,0.0,0.0
2020-08-04 00:00:00-04:00,73.22730979283256,73.67315052167564,72.338609838739,72.65203094482422,38070000,0.0,0.0
2020-08-05 00:00:00-04:00,72.86676033956763,73.51692480953368,72.57713831904795,73.08050537109375,39590000,0.0,0.0
2020-08-06 00:00:00-04:00,72.98826563286887,74.50778798852221,72.70310830909678,74.39421844482422,39908000,0.0,0.0
2020-08-07 00:00:00-04:00,74.3892666032964,75.22465510088256,73.47874270652974,74.11601257324219,31556000,0.0,0.0
2020-08-10 00:00:00-04:00,73.75347928230235,74.59134975041081,73.05421843788854,74.19584655761719,25786000,0.0,0.0
2020-08-11 00:00:00-04:00,74.0143447181489,74.88519341230798,73.29822393954036,73.41327667236328,29088000,0.0,0.0
2020-08-12 00:00:00-04:00,73.67413965392738,75.00352698802135,73.65777165372448,74.71757507324219,28740000,0.0,0.0
2020-08-13 00:00:00-04:00,74.90205995829753,76.23660821291581,74.78626562295597,75.30426025390625,29104000,0.0,0.0
2020-08-14 00:00:00-04:00,75.16589974004725,75.47536319473657,74.53210314761532,74.77262878417969,27096000,0.0,0.0
2020-08-17 00:00:00-04:00,75.11678809689693,75.65933845317744,74.78451696150881,75.28094482421875,27566000,0.0,0.0
2020-08-18 00:00:00-04:00,75.68760790793527,77.48733120140389,75.5651165445607,77.29541015625,40542000,0.0,0.0
2020-08-19 00:00:00-04:00,77.03304704072453,78.04325440890484,76.56886334991839,76.74640655517578,33212000,0.0,0.0
2020-08-20 00:00:00-04:00,76.54407463783141,78.64780523111904,76.28371523727367,78.4434814453125,34138000,0.0,0.0
2020-08-21 00:00:00-04:00,78.20941096343067,79.23548711525625,77.76183732391951,78.37753295898438,28930000,0.0,0.0
2020-08-24 00:00:00-04:00,79.0499995959638,80.0512852988001,78.38496542508483,78.76335906982422,28198000,0.0,0.0
2020-08-25 00:00:00-04:00,78.45935467278674,79.9248241883462,78.45935467278674,79.75621032714844,44942000,0.0,0.0
2020-08-26 00:00:00-04:00,79.74528839858574,82.28543070227713,79.52707869137119,81.94622039794922,79868000,0.0,0.0
2020-08-27 00:00:00-04:00,82.01069919667889,82.07616363287521,80.62557131201277,81.05107879638672,37232000,0.0,0.0
2020-08-28 00:00:00-04:00,81.00942044801198,81.6878487290618,80.87353501592592,81.55097198486328,29980000,0.0,0.0
2020-08-31 00:00:00-04:00,81.72355917378832,81.72727470241604,80.85171908365076,81.04364013671875,36468000,0.0,0.0
2020-09-01 00:00:00-04:00,81.16513873141615,82.60829240113797,80.94643712054818,82.35933685302734,36506000,0.0,0.0
2020-09-02 00:00:00-04:00,83.00726877795246,85.95332725591955,82.63804664154664,85.7103271484375,50224000,0.0,0.0
2020-09-03 00:00:00-04:00,84.7895954478371,84.7895954478371,80.09542952866263,81.42353057861328,62156000,0.0,0.0
2020-09-04 00:00:00-04:00,80.55166743305766,81.5856815238588,76.75053074846653,78.9041976928711,52172000,0.0,0.0
2020-09-08 00:00:00-04:00,76.05111869248746,77.55651299475142,75.77835654593154,75.99557495117188,52218000,0.0,0.0
2020-09-09 00:00:00-04:00,77.24235212426713,77.81117610206105,76.17714562645338,77.21408081054688,35494000,0.0,0.0
2020-09-10 00:00:00-04:00,77.39657320019084,78.55907952018826,75.66901145606728,75.97722625732422,32372000,0.0,0.0
2020-09-11 00:00:00-04:00,76.17461826356086,78.11865701517411,74.25834381874154,75.41683959960938,31942000,0.0,0.0
2020-09-14 00:00:00-04:00,76.32364933236448,77.56322096790275,75.16987539291814,75.34542846679688,33932000,0.0,0.0
2020-09-15 00:00:00-04:00,76.17460109831454,77.3435016094695,75.96804499379785,76.44438171386719,26622000,0.0,0.0
2020-09-16 00:00:00-04:00,77.14365680303254,77.46402465393061,75.37219724010778,75.4257583618164,26234000,0.0,0.0
2020-09-17 00:00:00-04:00,74.19089440088969,74.80078586206088,72.90147748646709,74.1675796508789,37596000,0.0,0.0
2020-09-18 00:00:00-04:00,74.2905808945997,74.53819704428408,71.27136953070016,72.40505981445312,62078000,0.0,0.0
2020-09-21 00:00:00-04:00,71.4166720464148,71.82829357553872,69.75481680912401,70.97529602050781,57776000,0.0,0.0
2020-09-22 00:00:00-04:00,71.9140948448393,72.87768049880222,71.1424302450622,72.67633819580078,31664000,0.0,0.0
2020-09-23 00:00:00-04:00,72.34506104294726,72.45316703943205,69.81185740503247,70.18429565429688,33148000,0.0,0.0
2020-09-24 00:00:00-04:00,69.97699055992597,71.59763442857151,69.91847287946354,70.83296203613281,29004000,0.0,0.0
2020-09-25 00:00:00-04:00,71.04820255996869,71.90963009348775,70.09155609171658,71.65968322753906,26460000,0.0,0.0
2020-09-28 00:00:00-04:00,73.11026663968008,73.23870586579038,71.87495567360742,72.62970733642578,40158000,0.0,0.0
2020-09-29 00:00:00-04:00,72.9208254242764,73.23192336864469,72.34628818781371,72.86825561523438,19564000,0.0,0.0
2020-09-30 00:00:00-04:00,72.7427858955891,73.88094841765982,72.39961028839318,72.88165283203125,34032000,0.0,0.0
2020-10-01 00:00:00-04:00,73.60918113668038,74.3416700201959,73.35824294782887,73.89781188964844,35590000,0.0,0.0
2020-10-02 00:00:00-04:00,72.50623584543538,73.55611865796233,71.95525546873868,72.32720184326172,25682000,0.0,0.0
2020-10-05 00:00:00-04:00,72.71352536017787,73.80456642176533,72.6173151211207,73.69596099853516,22266000,0.0,0.0
2020-10-06 00:00:00-04:00,73.17821093231017,73.73265707313152,71.83969747804213,72.0802230834961,24908000,0.0,0.0
2020-10-07 00:00:00-04:00,72.61830548156279,72.84990170051506,71.21532653727361,72.41993713378906,34924000,0.0,0.0
2020-10-08 00:00:00-04:00,72.65799061018673,73.89334718327049,72.65799061018673,73.6915054321289,23756000,0.0,0.0
2020-10-09 00:00:00-04:00,74.1264348466303,75.20854667615096,73.86607540630912,75.14408111572266,28706000,0.0,0.0
2020-10-12 00:00:00-04:00,76.52175556002531,79.04404673947089,76.00450258903136,77.818603515625,49652000,0.0,0.0
2020-10-13 00:00:00-04:00,78.54167887237833,78.85262547326926,77.52354082714042,77.94408416748047,32020000,0.0,0.0
2020-10-14 00:00:00-04:00,78.28676697100047,78.73776855891684,76.89519184376188,77.76554870605469,38586000,0.0,0.0
2020-10-15 00:00:00-04:00,76.72757207687339,78.11394097416294,76.62244002284652,77.32169342041016,30800000,0.0,0.0
2020-10-16 00:00:00-04:00,77.65496137740864,78.41274000510408,77.51361994991191,78.01004028320312,28694000,0.0,0.0
2020-10-19 00:00:00-04:00,78.37950214734782,78.76086969280843,75.77786068328359,76.10566711425781,32142000,0.0,0.0
2020-10-20 00:00:00-04:00,75.730760305521,78.23271860742969,75.6623219323521,77.16300201416016,44834000,0.0,0.0
2020-10-21 00:00:00-04:00,78.02590386274095,80.27742316910108,77.94159693784444,79.01676940917969,51366000,0.0,0.0
2020-10-22 00:00:00-04:00,79.00387587596326,80.43909894484223,78.60465711721466,80.10881042480469,28672000,0.0,0.0
2020-10-23 00:00:00-04:00,80.64143954512473,81.44930594797006,80.36570343179478,81.38186645507812,27516000,0.0,0.0
2020-10-26 00:00:00-04:00,80.5888798925697,81.24499232296941,78.18312422474628,78.87494659423828,37066000,0.0,0.0
2020-10-27 00:00:00-04:00,79.13381512590206,79.68801153283871,78.49456263160442,79.559814453125,24580000,0.0,0.0
2020-10-28 00:00:00-04:00,77.3519426723753,77.43178491198138,75.11431680117468,75.2135009765625,36680000,0.0,0.0
2020-10-29 00:00:00-04:00,75.49815458251972,79.03660867362323,75.49220671058728,77.72388458251953,40062000,0.0,0.0
2020-10-30 00:00:00-04:00,82.92469781001594,83.6631345428053,79.56974188614716,80.3905029296875,86582000,0.0,0.0
2020-11-02 00:00:00-05:00,80.74508155902976,82.36230497919733,80.14352163620698,80.63945007324219,50708000,0.0,0.0
2020-11-03 00:00:00-05:00,80.92461049359028,82.40843061309292,80.1727873131532,81.83860778808594,33234000,0.0,0.0
2020-11-04 00:00:00-05:00,84.81765948978585,87.847041337045,84.60688836370215,86.74433898925781,71418000,0.0,0.0
2020-11-05 00:00:00-05:00,88.32486074238336,88.95171049474862,86.81276931563411,87.4505386352539,41316000,0.0,0.0
2020-11-06 00:00:00-05:00,86.98336990782836,87.8998416594765,86.30890693406363,87.37019348144531,33218000,0.0,0.0
2020-11-09 00:00:00-05:00,88.81582702992517,90.16277043667961,87.2844012004575,87.43218994140625,45366000,0.0,0.0
2020-11-10 00:00:00-05:00,85.84967281516651,87.43218518372008,85.16578858845315,86.3108901977539,52722000,0.0,0.0
2020-11-11 00:00:00-05:00,86.7874879424301,87.49269682010963,86.65680878425508,86.92188262939453,25280000,0.0,0.0
2020-11-12 00:00:00-05:00,86.66994427843309,87.69353830266849,86.56926934978563,86.779541015625,24950000,0.0,0.0
2020-11-13 00:00:00-05:00,87.16588408955336,88.32685444177216,86.51721025587753,88.12748718261719,29998000,0.0,0.0
2020-11-16 00:00:00-05:00,87.86364432426939,89.22100027673736,87.66477652756278,88.34370422363281,24936000,0.0,0.0
2020-11-17 00:00:00-05:00,88.12350952068519,88.52322772761146,87.63055501018202,87.78677368164062,22942000,0.0,0.0
2020-11-18 00:00:00-05:00,87.54278101377807,87.95142862586442,86.59605523597537,86.62779235839844,23470000,0.0,0.0
2020-11-19 00:00:00-05:00,86.21121198617783,87.75900582875268,86.14302333509372,87.47781372070312,24998000,0.0,0.0
2020-11-20 00:00:00-05:00,87.54178235299388,87.97770236272952,86.38379368150468,86.40015411376953,46270000,0.0,0.0
2020-11-23 00:00:00-05:00,86.7676496397776,86.98089525253569,85.18662789996444,86.0366439819336,43232000,0.0,0.0
2020-11-24 00:00:00-05:00,85.82041342174058,87.8586795027789,85.6810546317943,87.72378540039062,31560000,0.0,0.0
2020-11-25 00:00:00-05:00,87.92266149149116,88.20286228221804,87.11182118342224,87.85025787353516,20916000,0.0,0.0
2020-11-27 00:00:00-05:00,87.93256899309026,89.46547776122458,87.90033243725426,88.92938232421875,17698000,0.0,0.0
2020-11-30 00:00:00-05:00,88.333984283257,88.67523780556485,87.03544864429779,87.32011413574219,36476000,0.0,0.0
2020-12-01 00:00:00-05:00,87.99606605868435,90.49852394562075,87.74810180147111,89.17290496826172,34738000,0.0,0.0
2020-12-02 00:00:00-05:00,89.17289722878292,91.03511106035535,88.74505903427753,90.65324401855469,24440000,0.0,0.0
2020-12-03 00:00:00-05:00,90.45784220188257,91.60790035412678,90.3903951482896,90.59471893310547,24546000,0.0,0.0
2020-12-04 00:00:00-05:00,90.4831404190913,90.91162183618451,90.10971087684315,90.65522766113281,27564000,0.0,0.0
2020-12-07 00:00:00-05:00,90.20938581895045,90.87244496921858,89.55377286032213,90.23319244384766,26418000,0.0,0.0
2020-12-08 00:00:00-05:00,89.76801257761683,90.35321212640858,89.07892200422549,90.18707275390625,21926000,0.0,0.0
2020-12-09 00:00:00-05:00,89.86274069882414,90.96667649314004,87.67073767171546,88.48008728027344,30152000,0.0,0.0
2020-12-10 00:00:00-05:00,87.76941773296653,88.34023188124175,86.30742158482288,88.04367065429688,27256000,0.0,0.0
2020-12-11 00:00:00-05:00,87.43516906490012,88.49596386842119,87.28341506659926,88.36305236816406,24414000,0.0,0.0
2020-12-14 00:00:00-05:00,88.02730335060322,89.13768640699891,87.14529287238564,87.28638458251953,32004000,0.0,0.0
2020-12-15 00:00:00-05:00,87.50260752712254,87.84975592583757,86.78499597838041,87.66873931884766,29646000,0.0,0.0
2020-12-16 00:00:00-05:00,87.92216296688964,87.92811840668108,87.0890067775165,87.43218994140625,30270000,0.0,0.0
2020-12-17 00:00:00-05:00,87.70544523252667,87.86781610091937,86.22509843990318,86.68333435058594,32494000,0.0,0.0
2020-12-18 00:00:00-05:00,86.99477765449222,87.04090015119019,85.31060655275336,85.84571075439453,80328000,0.0,0.0
2020-12-21 00:00:00-05:00,84.97782951720453,86.33370217385195,84.25823538328831,86.26029968261719,36568000,0.0,0.0
2020-12-22 00:00:00-05:00,86.01531762781597,86.16285664929524,84.93147298666962,85.47327423095703,18734000,0.0,0.0
2020-12-23 00:00:00-05:00,85.70188810968256,86.6877895060704,85.54963469528087,85.91365051269531,20676000,0.0,0.0
2020-12-24 00:00:00-05:00,86.04359022026414,86.58911456845254,85.75148610923043,86.2345199584961,6936000,0.0,0.0
2020-12-28 00:00:00-05:00,86.86857644620042,88.80731072944467,86.60573492943927,88.08136749267578,27860000,0.0,0.0
2020-12-29 00:00:00-05:00,88.66161085126392,88.89221580348297,87.08951073892196,87.21994018554688,25988000,0.0,0.0
2020-12-30 00:00:00-05:00,87.3830931414644,87.53608816204712,85.57741439844399,86.26774597167969,26122000,0.0,0.0
2020-12-31 00:00:00-05:00,86.06442568872781,87.23035253935693,86.06442568872781,86.88072204589844,20238000,0.0,0.0
2021-01-04 00:00:00-05:00,87.1614102748018,87.31564632773683,84.69714464011498,85.70834350585938,38038000,0.0,0.0
2021-01-05 00:00:00-05:00,85.5476577295368,86.67192667952663,85.20125091979266,86.33717346191406,22906000,0.0,0.0
2021-01-06 00:00:00-05:00,84.4382551899441,86.688283552851,84.25822991642094,86.0579605102539,52042000,0.0,0.0
2021-01-07 00:00:00-05:00,86.29452791403196,88.69184596189093,86.14525598682192,88.63481903076172,45300000,0.0,0.0
2021-01-08 00:00:00-05:00,88.67102978697481,89.75512426743983,87.95465916145788,89.62469482421875,41012000,0.0,0.0
2021-01-11 00:00:00-05:00,88.57628131764207,88.9851785827692,87.30918788446088,87.61666107177734,24194000,0.0,0.0
2021-01-12 00:00:00-05:00,86.98190077737334,88.17808173029789,85.56305292662434,86.61640167236328,27140000,0.0,0.0
2021-01-13 00:00:00-05:00,86.2211323296926,87.53310739732585,86.1928610169158,87.00569152832031,21882000,0.0,0.0
2021-01-14 00:00:00-05:00,86.96701635400939,88.02781120521333,85.96424731866648,86.30049133300781,23590000,0.0,0.0
2021-01-15 00:00:00-05:00,86.20179954700083,87.08505114703443,85.37657376318603,86.10261535644531,26844000,0.0,0.0
2021-01-19 00:00:00-05:00,86.8990742224771,89.7271061839766,86.36396240818486,88.81385040283203,34692000,0.0,0.0
2021-01-20 00:00:00-05:00,90.82730609267577,94.41039201801345,90.53321938414396,93.57673645019531,49806000,0.0,0.0
2021-01-21 00:00:00-05:00,94.12721841682736,95.9552053602613,93.58715011154332,93.79246520996094,41278000,0.0,0.0
2021-01-22 00:00:00-05:00,94.0121656676669,94.7694524437764,93.32183407866911,94.27848052978516,25442000,0.0,0.0
2021-01-25 00:00:00-05:00,95.25148687472665,95.69335474917038,92.61612548587166,94.19664764404297,38546000,0.0,0.0
2021-01-26 00:00:00-05:00,93.67295532912556,95.46623136145799,93.44507462105284,95.08139038085938,26262000,0.0,0.0
2021-01-27 00:00:00-05:00,93.36002987188427,93.73048549102725,89.71346165736162,90.7940902709961,54966000,0.0,0.0
2021-01-28 00:00:00-05:00,91.44623590823613,94.16838658247579,91.38177035076103,92.39693450927734,35462000,0.0,0.0
2021-01-29 00:00:00-05:00,91.55682669004607,92.10779945580656,89.77297195867646,91.0395736694336,32252000,0.0,0.0
2021-02-01 00:00:00-05:00,91.92381165663161,95.33689167199552,91.79289035316354,94.2933578491211,32044000,0.0,0.0
2021-02-02 00:00:00-05:00,95.3452161490111,96.99170219558746,94.9450060766456,95.59070587158203,45474000,0.0,0.0
2021-02-03 00:00:00-05:00,102.8059740989812,104.96325841895349,100.09720999120607,102.6606674194336,82364000,0.0,0.0
2021-02-04 00:00:00-05:00,102.60215032654648,103.08121136263884,101.29785601184385,102.27880096435547,37046000,0.0,0.0
2021-02-05 00:00:00-05:00,102.6571904351395,104.26945735748524,102.12803410644557,104.04579162597656,30702000,0.0,0.0
2021-02-08 00:00:00-05:00,104.43807400223707,105.3127442303304,102.75637735385523,103.79336547851562,24838000,0.0,0.0
2021-02-09 00:00:00-05:00,103.080720724468,104.3993928641844,103.080720724468,103.32719421386719,17798000,0.0,0.0
2021-02-10 00:00:00-05:00,103.85783716548745,104.56007205011774,102.3145080320854,103.91585540771484,22710000,0.0,0.0
2021-02-11 00:00:00-05:00,104.1206727016399,104.24564612223325,103.02020284455321,103.94114685058594,18914000,0.0,0.0
2021-02-12 00:00:00-05:00,103.66144302858659,104.58238707976633,103.3083467485881,104.34880065917969,17114000,0.0,0.0
2021-02-16 00:00:00-05:00,104.36119125860586,106.75751765467037,104.36119125860586,105.23104858398438,22676000,0.0,0.0
2021-02-17 00:00:00-05:00,104.14497982949926,105.81427374578436,104.09141870662437,105.5489501953125,21418000,0.0,0.0
2021-02-18 00:00:00-05:00,104.66025103722619,105.76840177096538,104.32897117638466,104.99797821044922,22432000,0.0,0.0
2021-02-19 00:00:00-05:00,105.10062758666214,105.6590389546534,104.01652571519517,104.20150756835938,29148000,0.0,0.0
2021-02-22 00:00:00-05:00,102.50841421966332,103.71947222094948,102.26739673429435,102.40328216552734,27350000,0.0,0.0
2021-02-23 00:00:00-05:00,100.42600905945747,103.25279966863545,99.28586400048722,102.69983673095703,33348000,0.0,0.0
2021-02-24 00:00:00-05:00,101.26016652133664,104.18366709777536,101.07667540099423,103.90544891357422,24966000,0.0,0.0
2021-02-25 00:00:00-05:00,102.530731328359,103.89106884160505,100.24152679311811,100.74092864990234,36568000,0.0,0.0
2021-02-26 00:00:00-05:00,101.69111640130264,102.7072717466648,99.98214747202229,101.01367950439453,41670000,0.0,0.0
2021-03-01 00:00:00-05:00,101.98868272664843,103.47646820354726,101.47192911211359,103.22801208496094,28090000,0.0,0.0
2021-03-02 00:00:00-05:00,102.96417480334324,104.361697843783,102.71968394394553,102.94681549072266,22692000,0.0,0.0
2021-03-03 00:00:00-05:00,102.51882684095492,103.57555797954912,99.68162348584544,100.51032257080078,29684000,0.0,0.0
2021-03-04 00:00:00-05:00,100.34468515033059,103.61136131466344,100.1909409627152,101.62020874023438,42360000,0.0,0.0
2021-03-05 00:00:00-05:00,102.81191448554497,105.04310058204629,101.48753674558803,104.56849670410156,43904000,0.0,0.0
2021-03-08 00:00:00-05:00,104.20102651810076,105.57375168049137,100.25739764038802,100.38436126708984,32948000,0.0,0.0
2021-03-09 00:00:00-05:00,102.65720194832588,103.05592889560235,101.55773079859173,101.79924774169922,33946000,0.0,0.0
2021-03-10 00:00:00-05:00,102.74447777240003,102.90516114493448,100.84061363645368,101.914794921875,25372000,0.0,0.0
2021-03-11 00:00:00-05:00,102.85854746168593,105.41952291446036,102.77523183846608,104.87747192382812,24782000,0.0,0.0
2021-03-12 00:00:00-05:00,103.40108724199565,103.6619461046667,101.54383752097334,102.25648498535156,34516000,0.0,0.0
2021-03-15 00:00:00-04:00,102.27533421559242,102.511395156551,101.34348563756639,102.4831314086914,25962000,0.0,0.0
2021-03-16 00:00:00-04:00,103.10302772896671,105.31338114825205,102.65718703246479,103.77401733398438,29832000,0.0,0.0
2021-03-17 00:00:00-04:00,102.95623146937011,104.62998997248107,101.86369965131297,103.70260620117188,25980000,0.0,0.0
2021-03-18 00:00:00-04:00,102.21085793187181,102.9299526804862,100.8495291727667,100.98194122314453,27228000,0.0,0.0
2021-03-19 00:00:00-04:00,101.27106761721473,101.81906642251786,100.06249176908834,101.3281021118164,46298000,0.0,0.0
2021-03-22 00:00:00-04:00,101.260662483321,102.06158212659268,100.47857777005784,101.09947967529297,39096000,0.0,0.0
2021-03-23 00:00:00-04:00,101.74965091533653,102.77136080390773,101.1307315935004,101.81214141845703,27340000,0.0,0.0
2021-03-24 00:00:00-04:00,102.4275596644892,103.06433000047095,101.24650612289565,101.42032623291016,23080000,0.0,0.0
2021-03-25 00:00:00-04:00,101.40795124913863,102.10522201915293,99.71782465601287,101.38563537597656,28378000,0.0,0.0
2021-03-26 00:00:00-04:00,101.11287195140292,101.71443190903587,99.88098128377625,100.94871520996094,29870000,0.0,0.0
2021-03-29 00:00:00-04:00,100.568336511724,102.08340187317192,99.96032925646956,101.96041107177734,24596000,0.0,0.0
2021-03-30 00:00:00-04:00,102.04371996436412,102.6958670489463,101.369257008902,101.94007110595703,20732000,0.0,0.0
2021-03-31 00:00:00-04:00,102.11761871070888,103.81404117008134,101.99983419217622,102.58924865722656,29198000,0.0,0.0
2021-04-01 00:00:00-04:00,104.0433044335642,106.27449050411947,103.99073462742018,106.01709747314453,33980000,0.0,0.0
2021-04-05 00:00:00-04:00,106.77042343492305,110.95457003440771,106.70495900248957,110.37135314941406,43298000,0.0,0.0
2021-04-06 00:00:00-04:00,110.22010099606848,110.9719317551414,109.83823396039672,110.3316879272461,27060000,0.0,0.0
2021-04-07 00:00:00-04:00,110.40012949408244,111.83187174038626,110.36045430778752,111.56803894042969,25798000,0.0,0.0
2021-04-08 00:00:00-04:00,112.97051887386472,113.27030374499282,111.96477604604209,112.34961700439453,27166000,0.0,0.0
2021-04-09 00:00:00-04:00,111.9161700558781,113.5200069882822,111.76808619915077,113.36328887939453,20888000,0.0,0.0
2021-04-12 00:00:00-04:00,112.38978899596074,112.83959496595372,111.01185005334601,111.82145690917969,31318000,0.0,0.0
2021-04-13 00:00:00-04:00,112.15273686213548,112.93332324634763,111.8859225637541,112.44037628173828,23310000,0.0,0.0
2021-04-14 00:00:00-04:00,112.83166957141204,112.97201212784137,111.54374322197805,111.82393646240234,20220000,0.0,0.0
2021-04-15 00:00:00-04:00,112.92192266774994,114.3907142726727,112.37739718934712,113.89791107177734,27472000,0.0,0.0
2021-04-16 00:00:00-04:00,114.21231349796723,114.38290996392428,113.29236842300574,113.95244598388672,22596000,0.0,0.0
2021-04-19 00:00:00-04:00,113.66581785759621,114.97854215357061,113.46075245473116,114.18257904052734,24688000,0.0,0.0
2021-04-20 00:00:00-04:00,114.4548262808555,114.53963264487572,112.66055911154419,113.74763488769531,21774000,0.0,0.0
2021-04-21 00:00:00-04:00,113.33205462728898,113.83145649109665,112.00891778530443,113.73078155517578,23930000,0.0,0.0
2021-04-22 00:00:00-04:00,113.72779302411982,114.25010850896022,111.90377136783978,112.47260284423828,21096000,0.0,0.0
2021-04-23 00:00:00-04:00,113.24377183873112,115.34402909019123,112.98291299431911,114.82231140136719,28670000,0.0,0.0
2021-04-26 00:00:00-04:00,115.05194412211999,116.10976505106807,114.74992685970845,115.3896713256836,20834000,0.0,0.0
2021-04-27 00:00:00-04:00,115.84889821446819,115.92080239703763,114.27531505843952,114.41665649414062,31972000,0.0,0.0
2021-04-28 00:00:00-04:00,119.37716338857373,121.62039659518572,117.77556635946144,118.02650451660156,59728000,0.0,0.0
2021-04-29 00:00:00-04:00,119.53513970547533,120.83397054905043,119.13591331729502,120.50517272949219,39554000,0.0,0.0
2021-04-30 00:00:00-04:00,119.24550207460459,120.36877970794184,119.12994989855207,119.52470397949219,39142000,0.0,0.0
2021-05-03 00:00:00-04:00,119.15772308205698,119.99980862839934,118.25413835135872,118.78329467773438,33788000,0.0,0.0
2021-05-04 00:00:00-04:00,117.52215852507553,117.9942803933567,114.64378912036356,116.75396728515625,35120000,0.0,0.0
2021-05-05 00:00:00-04:00,117.45668548193203,118.1400778633859,116.61311674443132,116.87744140625,21806000,0.0,0.0
2021-05-06 00:00:00-04:00,116.57492737379029,118.16537033760999,116.16320746183399,118.0979232788086,20618000,0.0,0.0
2021-05-07 00:00:00-04:00,119.02282784634022,119.83664964026104,118.52689939698048,118.9578628540039,23272000,0.0,0.0
2021-05-10 00:00:00-04:00,117.77754685115522,117.93178289428506,115.78590262274638,116.12957763671875,26006000,0.0,0.0
2021-05-11 00:00:00-04:00,113.6598579347264,115.15458244140912,113.22046454917758,114.49797821044922,32110000,0.0,0.0
2021-05-12 00:00:00-04:00,112.16464481041318,113.33801028272839,110.59453503372144,111.0423583984375,34934000,0.0,0.0
2021-05-13 00:00:00-04:00,112.1338803826801,112.90311582105595,111.22286462130927,112.17752838134766,26670000,0.0,0.0
2021-05-14 00:00:00-04:00,113.65836649355792,115.1119326236627,113.23633242214161,114.86495971679688,26624000,0.0,0.0
2021-05-17 00:00:00-04:00,114.5257507571122,115.2210388634685,113.81557783555799,115.12532806396484,19842000,0.0,0.0
2021-05-18 00:00:00-04:00,115.89381794414857,116.20347810765156,114.22025614360614,114.23365020751953,17302000,0.0,0.0
2021-05-19 00:00:00-04:00,112.298039808914,114.89471742853954,112.25439937646723,114.49549865722656,19350000,0.0,0.0
2021-05-20 00:00:00-04:00,115.45412395526984,117.05597068356282,115.1094500602094,116.84519958496094,23832000,0.0,0.0
2021-05-21 00:00:00-04:00,117.33618300109228,117.48545493230074,116.16480016304372,116.30018615722656,22832000,0.0,0.0
2021-05-24 00:00:00-04:00,117.38626896248616,119.93931384663466,117.04457654236985,119.35362243652344,21244000,0.0,0.0
2021-05-25 00:00:00-04:00,120.01468430520467,120.6539368005442,119.1711080181768,119.4726333618164,18838000,0.0,0.0
2021-05-26 00:00:00-04:00,119.65934318875325,121.15253906613417,119.64347462931079,120.6856689453125,21856000,0.0,0.0
2021-05-27 00:00:00-04:00,120.85478659558993,121.00654057868199,119.12201097424901,119.14730834960938,38962000,0.0,0.0
2021-05-28 00:00:00-04:00,120.11189265613478,120.41837457738201,119.40420175282276,119.59613037109375,24108000,0.0,0.0
2021-06-01 00:00:00-04:00,120.11386716642556,120.90591791989131,119.26484245604037,120.50119018554688,19166000,0.0,0.0
2021-06-02 00:00:00-04:00,120.7739583547532,121.10573007975975,119.23112108062708,120.07817077636719,17158000,0.0,0.0
2021-06-03 00:00:00-04:00,118.77586198480036,119.50611848597822,118.17132807497366,119.25145721435547,18346000,0.0,0.0
2021-06-04 00:00:00-04:00,120.13965939431226,121.693847531417,119.90409035155766,121.58975219726562,25948000,0.0,0.0
2021-06-07 00:00:00-04:00,121.56794139257822,122.3951497296109,121.05976150826854,122.30042266845703,23850000,0.0,0.0
2021-06-08 00:00:00-04:00,122.98530143873788,123.70910303235581,122.40704867314372,123.13159942626953,25060000,0.0,0.0
2021-06-09 00:00:00-04:00,123.95732678888079,124.23008897673448,123.35378416669612,123.55562591552734,20126000,0.0,0.0
2021-06-10 00:00:00-04:00,123.68504634442068,125.13563850963912,123.68454690478072,125.05331420898438,31234000,0.0,0.0
2021-06-11 00:00:00-04:00,125.21797565856859,125.32063321691727,123.89731333690504,124.6729507446289,25240000,0.0,0.0
2021-06-14 00:00:00-04:00,124.64616734325611,125.38212198056571,124.02873125542511,125.32310485839844,22550000,0.0,0.0
2021-06-15 00:00:00-04:00,125.49172262878523,125.82895034459014,124.6253310203583,125.00669860839844,22182000,0.0,0.0
2021-06-16 00:00:00-04:00,125.21945884310614,125.49321233203597,123.1389898384766,124.6729507446289,26316000,0.0,0.0
2021-06-17 00:00:00-04:00,124.50087039874158,126.16074316990598,124.49293233411876,125.34196472167969,25756000,0.0,0.0
2021-06-18 00:00:00-04:00,124.68186727822429,125.35980365948708,123.5883441205788,124.54499053955078,53306000,0.0,0.0
2021-06-21 00:00:00-04:00,124.71608085335589,126.00227415678629,124.11526252453834,125.42526245117188,26256000,0.0,0.0
2021-06-22 00:00:00-04:00,125.42029953024792,126.2336218696835,125.00024808075798,125.96532440185547,20984000,0.0,0.0
2021-06-23 00:00:00-04:00,125.51948959092208,126.75533785975442,125.22391212785628,125.43170928955078,19694000,0.0,0.0
2021-06-24 00:00:00-04:00,126.01888950718013,126.4969667786832,125.92615264151272,126.24552917480469,18934000,0.0,0.0
2021-06-25 00:00:00-04:00,125.92317627576116,126.46671040238513,125.41435320540886,125.96086883544922,33484000,0.0,0.0
2021-06-28 00:00:00-04:00,125.96581534194104,126.30006909040488,124.94797253351747,125.78678894042969,28110000,0.0,0.0
2021-06-29 00:00:00-04:00,125.74018278107881,125.96583114257567,124.41555523706536,124.99232482910156,20950000,0.0,0.0
2021-06-30 00:00:00-04:00,124.63033847326153,124.77559974075643,123.74158560373274,124.29553985595703,24006000,0.0,0.0
2021-07-01 00:00:00-04:00,123.83309173574956,125.4327138500479,123.83309173574956,125.3394775390625,17120000,0.0,0.0
2021-07-02 00:00:00-04:00,125.80662582263591,127.79877700141877,125.73669670703822,127.67081451416016,21160000,0.0,0.0
2021-07-06 00:00:00-04:00,128.39539446505773,128.82686500089903,127.3633703379744,128.7142791748047,21350000,0.0,0.0
2021-07-07 00:00:00-04:00,129.27962305809365,129.57607833270313,128.70334536300965,129.0182647705078,16680000,0.0,0.0
2021-07-08 00:00:00-04:00,127.20565348420647,128.97363970343406,126.99735686608915,128.12510681152344,19780000,0.0,0.0
2021-07-09 00:00:00-04:00,127.89450380865364,128.79213314863185,127.89350492926671,128.5193634033203,15106000,0.0,0.0
2021-07-12 00:00:00-04:00,128.7762579263329,129.70514009002906,128.5446692522982,129.5008087158203,16944000,0.0,0.0
2021-07-13 00:00:00-04:00,129.81573954226434,130.96679679947795,129.57322371175232,129.92782592773438,16618000,0.0,0.0
2021-07-14 00:00:00-04:00,130.82741689293775,131.9130019655369,130.8239359498506,131.00694274902344,17912000,0.0,0.0
2021-07-15 00:00:00-04:00,131.42103142032119,131.51525903097018,129.5345268524142,130.19757080078125,16586000,0.0,0.0
2021-07-16 00:00:00-04:00,130.56906328606524,131.10664207042765,129.7562326618605,130.7718963623047,14856000,0.0,0.0
2021-07-19 00:00:00-04:00,130.08748205269194,130.17822872034688,127.4903051598311,128.2014617919922,25710000,0.0,0.0
2021-07-20 00:00:00-04:00,128.94536891059235,130.92644940382326,128.136412826896,130.033935546875,19084000,0.0,0.0
2021-07-21 00:00:00-04:00,129.72199697558133,131.53733915599082,129.53800642236,131.52072143554688,14742000,0.0,0.0
2021-07-22 00:00:00-04:00,131.5698256615897,132.41737485803006,131.32186141033566,132.24281311035156,13608000,0.0,0.0
2021-07-23 00:00:00-04:00,134.1585549245739,137.6781666591635,133.60361693798063,136.69374084472656,26378000,0.0,0.0
2021-07-26 00:00:00-04:00,137.1242247377603,138.57530892782617,136.53010338725366,138.5073699951172,23052000,0.0,0.0
2021-07-27 00:00:00-04:00,138.87090400425066,138.87090400425066,133.99989833604982,135.6825714111328,42164000,0.0,0.0
2021-07-28 00:00:00-04:00,137.4336908265388,138.53861798836377,135.2397126324758,135.2709503173828,54688000,0.0,0.0
2021-07-29 00:00:00-04:00,135.27007032998984,136.03469749470065,135.02944629903823,135.4286651611328,19284000,0.0,0.0
2021-07-30 00:00:00-04:00,134.40752001908257,134.6657454552504,133.7163863437784,134.119873046875,23954000,0.0,0.0
2021-08-02 00:00:00-04:00,134.38124847901094,134.91287935778823,133.5728825924492,134.88214111328125,20140000,0.0,0.0
2021-08-03 00:00:00-04:00,134.89253884620354,135.2253018731267,133.09083296076685,135.17025756835938,19064000,0.0,0.0
2021-08-04 00:00:00-04:00,135.14000035372476,135.42614900508227,134.31229264003457,134.92080688476562,16528000,0.0,0.0
2021-08-05 00:00:00-04:00,134.92079835826755,135.83478799766283,134.49579037605994,135.8248748779297,11866000,0.0,0.0
2021-08-06 00:00:00-04:00,135.18514164170924,135.96379838599157,134.93866058790096,135.92010498046875,13560000,0.0,0.0
2021-08-09 00:00:00-04:00,135.83383086453298,137.19515219040304,135.31781882862848,136.8782501220703,12374000,0.0,0.0
2021-08-10 00:00:00-04:00,136.95510973144727,137.4232663318946,136.10905890294026,136.9719696044922,16034000,0.0,0.0
2021-08-11 00:00:00-04:00,137.156971302679,137.7171156627031,136.2315700194478,136.56829833984375,15204000,0.0,0.0
2021-08-12 00:00:00-04:00,136.5915836385015,137.29084455333413,135.66519875879882,137.2625732421875,14646000,0.0,0.0
2021-08-13 00:00:00-04:00,137.2308484909365,137.5447690416082,136.8812255692767,137.27896118164062,12580000,0.0,0.0
2021-08-16 00:00:00-04:00,136.87623361997294,137.8586615711746,135.056926522997,137.78477478027344,18040000,0.0,0.0
2021-08-17 00:00:00-04:00,137.06568564592217,137.58890164180414,135.67362628734912,136.1824493408203,21272000,0.0,0.0
2021-08-18 00:00:00-04:00,135.99896080782642,137.16787674028544,135.3101275100995,135.45791625976562,14934000,0.0,0.0
2021-08-19 00:00:00-04:00,134.3643749961536,136.33271213190196,134.25378694599894,135.79859924316406,18296000,0.0,0.0
2021-08-20 00:00:00-04:00,135.96671424397312,137.48575243385287,135.35573304733424,137.3096923828125,15564000,0.0,0.0
2021-08-23 00:00:00-04:00,137.86662645038294,141.01924095558488,137.61811738115105,139.9505157470703,21090000,0.0,0.0
2021-08-24 00:00:00-04:00,140.39090394174517,141.84298696486948,140.20244870380733,141.2389373779297,15126000,0.0,0.0
2021-08-25 00:00:00-04:00,141.71949395873054,142.14600032239758,141.2796086650936,141.78594970703125,12838000,0.0,0.0
2021-08-26 00:00:00-04:00,141.45714675839164,141.96923890542675,140.93444530189115,140.96568298339844,14922000,0.0,0.0
2021-08-27 00:00:00-04:00,140.95527752607134,143.8301735180381,140.86353196655597,143.37342834472656,24562000,0.0,0.0
2021-08-30 00:00:00-04:00,143.52615743266585,145.29662566034017,143.42251613380694,144.28492736816406,16916000,0.0,0.0
2021-08-31 00:00:00-04:00,144.69655649043654,144.9221972797141,143.81925287302064,144.27749633789062,26756000,0.0,0.0
2021-09-01 00:00:00-04:00,144.4639658109284,145.62493612300773,144.42876287850896,144.65440368652344,15824000,0.0,0.0
2021-09-02 00:00:00-04:00,144.76102448519748,145.13347029425447,142.93304489604233,143.04461669921875,21844000,0.0,0.0
2021-09-03 00:00:00-04:00,142.97219355696024,144.1931721234779,142.33642203390758,143.5960693359375,19104000,0.0,0.0
2021-09-07 00:00:00-04:00,143.5707651381256,144.63652381252825,143.36396688016913,144.33399963378906,15170000,0.0,0.0
2021-09-08 00:00:00-04:00,144.20953111496792,144.36574977797042,143.02575324594378,143.7036895751953,15486000,0.0,0.0
2021-09-09 00:00:00-04:00,143.7037202306722,144.48331539309592,143.2578870242759,143.7334747314453,14798000,0.0,0.0
2021-09-10 00:00:00-04:00,144.25915834350894,144.8299725630999,140.587307641636,140.76535034179688,32896000,0.0,0.0
2021-09-13 00:00:00-04:00,142.03491032411011,143.0168390131952,141.1238869357088,142.2967529296875,20176000,0.0,0.0
2021-09-14 00:00:00-04:00,142.98706179758105,143.54894648807004,141.74179238171524,142.23822021484375,18916000,0.0,0.0
2021-09-15 00:00:00-04:00,142.5883667736926,144.39602062721985,141.0975998363749,144.02357482910156,20648000,0.0,0.0
2021-09-16 00:00:00-04:00,143.93927134952526,144.01762284051446,142.24850156637862,143.19786071777344,20292000,0.0,0.0
2021-09-17 00:00:00-04:00,142.6275159034344,143.0748473262749,139.9128042622749,140.31153869628906,60040000,0.0,0.0
2021-09-20 00:00:00-04:00,137.86831612353083,138.22767055451078,135.93696767144976,137.88497924804688,34918000,0.0,0.0
2021-09-21 00:00:00-04:00,138.97601175264228,139.66495090120193,137.77437511069257,138.50933837890625,18130000,0.0,0.0
2021-09-22 00:00:00-04:00,138.91004793405816,140.430554002768,138.33601020308353,139.7908172607422,22068000,0.0,0.0
2021-09-23 00:00:00-04:00,140.45637221706096,141.09409619762567,139.94754908711377,140.67161560058594,17272000,0.0,0.0
2021-09-24 00:00:00-04:00,139.79826794670998,141.739832151777,139.70354088660636,141.47152709960938,14950000,0.0,0.0
2021-09-27 00:00:00-04:00,140.43255480708913,141.33961293634164,139.35589907056843,140.3487548828125,18844000,0.0,0.0
2021-09-28 00:00:00-04:00,137.95588630394244,138.46967349395237,134.59497527830575,135.07504272460938,42190000,0.0,0.0
2021-09-29 00:00:00-04:00,135.99318672727375,136.27963805269547,133.15677830273432,133.42556762695312,26338000,0.0,0.0
2021-09-30 00:00:00-04:00,133.2311949790208,134.48589353967319,131.91698741699955,132.18032836914062,35294000,0.0,0.0
2021-10-01 00:00:00-04:00,132.4669779271741,135.9548380683983,132.29141729053384,135.35128784179688,28388000,0.0,0.0
2021-10-04 00:00:00-04:00,134.5944921623193,134.59499160203083,130.09841480293528,132.67575073242188,31530000,0.0,0.0
2021-10-05 00:00:00-04:00,132.90882555160536,136.2434479889756,132.90882555160536,135.06809997558594,24126000,0.0,0.0
2021-10-06 00:00:00-04:00,133.52922248117198,136.7294499314397,133.39134687785804,136.23550415039062,19764000,0.0,0.0
2021-10-07 00:00:00-04:00,137.73224034169994,139.0131669489708,137.43468022513545,138.05210876464844,18250000,0.0,0.0
2021-10-08 00:00:00-04:00,138.76675484371577,139.17440360143925,138.29398217270165,138.91552734375,18924000,0.0,0.0
2021-10-11 00:00:00-04:00,138.66157029811117,139.61737654670597,137.6761609044701,137.71682739257812,16584000,0.0,0.0
2021-10-12 00:00:00-04:00,138.50041649967346,138.5574585635881,135.14050423773412,135.5997314453125,22536000,0.0,0.0
2021-10-13 00:00:00-04:00,136.62831184341007,137.42180052893636,135.86111185014875,136.77708435058594,16380000,0.0,0.0
2021-10-14 00:00:00-04:00,138.81233472537178,140.4980039044287,138.20433512104555,140.2604522705078,21426000,0.0,0.0
2021-10-15 00:00:00-04:00,141.04206593021644,141.04206593021644,139.91581421553272,140.52134704589844,21250000,0.0,0.0
2021-10-18 00:00:00-04:00,140.06360316756118,141.83431374458632,140.06360316756118,141.79637145996094,16564000,0.0,0.0
2021-10-19 00:00:00-04:00,142.12468120844287,142.9335313902498,141.93076238912747,142.65086364746094,15316000,0.0,0.0
2021-10-20 00:00:00-04:00,143.04808645130797,143.07313410727795,140.75639997720953,141.2552947998047,17940000,0.0,0.0
2021-10-21 00:00:00-04:00,141.03411960680904,141.68626673833953,140.48363114973878,141.61782836914062,14850000,0.0,0.0
2021-10-22 00:00:00-04:00,139.20812853448248,140.40580017524087,136.0535309002529,137.49618530273438,30182000,0.0,0.0
2021-10-25 00:00:00-04:00,137.68017554708888,138.07225087976113,135.63496980013193,137.64297485351562,21082000,0.0,0.0
2021-10-26 00:00:00-04:00,139.46103750922848,139.69262617284093,137.87356093655993,138.53463745117188,28258000,0.0,0.0
2021-10-27 00:00:00-04:00,138.76326230699843,147.9037198422435,138.76326230699843,145.23513793945312,51850000,0.0,0.0
2021-10-28 00:00:00-04:00,146.09954254739728,146.2240241140694,143.5846970753437,144.93907165527344,32418000,0.0,0.0
2021-10-29 00:00:00-04:00,144.3350046096957,147.40281996780476,143.98438287049444,147.06309509277344,28954000,0.0,0.0
2021-11-01 00:00:00-04:00,146.95847604892887,147.19107872878655,142.41032103966134,142.60324096679688,32272000,0.0,0.0
2021-11-02 00:00:00-04:00,143.6302073941063,145.7241157796254,143.46318266068823,144.67523193359375,21150000,0.0,0.0
2021-11-03 00:00:00-04:00,145.083844631564,145.7141828133964,143.87229496333552,145.5946502685547,17886000,0.0,0.0
2021-11-04 00:00:00-04:00,146.00133402984602,148.7289405305666,145.44093245453593,147.47225952148438,24700000,0.0,0.0
2021-11-05 00:00:00-04:00,148.13729798630285,149.34464038331402,147.44150287310572,148.0257110595703,20408000,0.0,0.0
2021-11-08 00:00:00-05:00,148.77851735305836,149.80459331547956,147.9056785415364,148.1352996826172,18388000,0.0,0.0
2021-11-09 00:00:00-05:00,148.52660372888408,149.1539453405819,146.30583773065774,148.0331573486328,16876000,0.0,0.0
2021-11-10 00:00:00-05:00,146.8044974704789,147.48912333029622,144.14160617188625,145.43202209472656,22708000,0.0,0.0
2021-11-11 00:00:00-05:00,145.9090792226678,147.29296590836762,145.4999473558,145.55300903320312,12464000,0.0,0.0
2021-11-12 00:00:00-05:00,146.62770170630782,148.6391875317847,145.2614163008683,148.4269256591797,17048000,0.0,0.0
2021-11-15 00:00:00-05:00,148.77854000677405,149.2516607281233,147.44200915675796,148.17152404785156,16248000,0.0,0.0
2021-11-16 00:00:00-05:00,147.95578872178123,148.61240052031295,147.14197450878947,147.862060546875,17254000,0.0,0.0
2021-11-17 00:00:00-05:00,148.0138225427555,148.40759289424042,147.3532454603025,147.84817504882812,15290000,0.0,0.0
2021-11-18 00:00:00-05:00,147.93148985378133,150.37542980989116,147.7851994319004,149.4817657470703,26658000,0.0,0.0
2021-11-19 00:00:00-05:00,149.7704008237472,150.61348529279465,148.66695692984382,148.73143005371094,19766000,0.0,0.0
2021-11-22 00:00:00-05:00,148.9191477277878,149.5169921897112,145.80842535892515,145.88084411621094,24608000,0.0,0.0
2021-11-23 00:00:00-05:00,145.91503923830055,146.49130175609528,143.709634939187,145.5619354248047,18126000,0.0,0.0
2021-11-24 00:00:00-05:00,145.15826596060003,145.80296690329703,144.01663767970612,145.52276611328125,16464000,0.0,0.0
2021-11-26 00:00:00-05:00,143.83462308869554,144.11382498642715,141.32522641397264,141.6431121826172,16992000,0.0,0.0
2021-11-29 00:00:00-05:00,143.1234569230208,145.66608913604432,143.1234569230208,144.92417907714844,26276000,0.0,0.0
2021-11-30 00:00:00-05:00,144.26583749124265,145.43448087383499,140.90913385773533,141.2919921875,41590000,0.0,0.0
2021-12-01 00:00:00-05:00,143.03816860657238,145.30619996702038,140.34776260341337,140.4647979736328,28476000,0.0,0.0
2021-12-02 00:00:00-05:00,140.6691280205665,143.49691018418346,139.83397403913443,142.60572814941406,21250000,0.0,0.0
2021-12-03 00:00:00-05:00,143.318847614487,144.03050368107193,140.0005858592488,141.35992431640625,26688000,0.0,0.0
2021-12-06 00:00:00-05:00,142.40488788582726,143.17605310289463,139.50172038967924,142.6255645751953,22198000,0.0,0.0
2021-12-07 00:00:00-05:00,144.76149762967785,147.09236717470736,144.516015492022,146.8310089111328,23258000,0.0,0.0
2021-12-08 00:00:00-05:00,147.12360538524692,147.94188422524132,146.0013191644293,147.5094451904297,18964000,0.0,0.0
2021-12-09 00:00:00-05:00,146.96938549315905,148.38674987551974,146.3276660542158,146.89996337890625,18580000,0.0,0.0
2021-12-10 00:00:00-05:00,147.88586715290862,148.18341210986637,146.15754866614847,147.46432495117188,21634000,0.0,0.0
2021-12-13 00:00:00-05:00,147.23520949333408,147.3527442966954,145.16818002659699,145.50987243652344,24104000,0.0,0.0
2021-12-14 00:00:00-05:00,143.59112549636131,144.25765041733064,141.0841957169762,143.7899932861328,24778000,0.0,0.0
2021-12-15 00:00:00-05:00,143.19043429152362,146.31601902257543,141.543463627169,146.16848754882812,27280000,0.0,0.0
2021-12-16 00:00:00-05:00,146.87118090224754,147.341819514539,142.9191302365743,143.6590576171875,27400000,0.0,0.0
2021-12-17 00:00:00-05:00,141.55234116391588,143.28373183073552,140.63338740606082,141.64012145996094,43404000,0.0,0.0
2021-12-20 00:00:00-05:00,139.53405611867652,141.4492411301252,139.10795832808728,141.241943359375,20264000,0.0,0.0
2021-12-21 00:00:00-05:00,141.9843335498619,143.5138299414272,140.5808624546806,143.04612731933594,19548000,0.0,0.0
2021-12-22 00:00:00-05:00,142.9265811152077,146.10348644321178,142.79068812751223,145.75238037109375,18438000,0.0,0.0
2021-12-23 00:00:00-05:00,145.89172804468672,147.3627594611323,145.75421565798936,145.94430541992188,13818000,0.0,0.0
2021-12-27 00:00:00-05:00,146.26268714250668,147.21784276979406,146.05092473124705,146.85829162597656,13256000,0.0,0.0
2021-12-28 00:00:00-05:00,147.1662734599647,147.1662734599647,144.7471389936202,145.25546264648438,18624000,0.0,0.0
2021-12-29 00:00:00-05:00,145.23710668322863,145.9852067197998,144.31963607192006,145.31149291992188,17022000,0.0,0.0
2021-12-30 00:00:00-05:00,145.2574338696758,145.8649492222854,144.57156703154118,144.81358337402344,12978000,0.0,0.0
2021-12-31 00:00:00-05:00,144.35883556948673,145.17314928547685,143.49939066678377,143.50137329101562,17298000,0.0,0.0
2022-01-03 00:00:00-05:00,143.29900616762555,144.36476493006603,142.33393746108644,143.89312744140625,25214000,0.0,0.0
2022-01-04 00:00:00-05:00,144.36527744629393,145.41614392228843,142.6450407319429,143.24050903320312,22928000,0.0,0.0
2022-01-05 00:00:00-05:00,143.0069198132499,143.12297142958533,136.4036312742757,136.53257751464844,49642000,0.0,0.0
2022-01-06 00:00:00-05:00,136.37786177362668,138.54854794142628,135.6498451188384,136.43092346191406,29050000,0.0,0.0
2022-01-07 00:00:00-05:00,136.78201954340426,137.12891821233666,134.68325308402072,135.88885498046875,19408000,0.0,0.0
2022-01-10 00:00:00-05:00,133.99886340012452,137.51102875887284,132.05631569486317,137.44557189941406,34096000,0.0,0.0
2022-01-11 00:00:00-05:00,137.05527271953207,139.18677516420928,135.69941517136434,138.8773193359375,23502000,0.0,0.0
2022-01-12 00:00:00-05:00,140.4018233075007,141.6513155019373,139.96292175056976,140.4945526123047,23642000,0.0,0.0
2022-01-13 00:00:00-05:00,140.68547088929662,142.01951955835904,137.78280340253434,137.99803161621094,26566000,0.0,0.0
2022-01-14 00:00:00-05:00,136.38032870256765,140.0506957786099,136.38032870256765,138.64820861816406,23826000,0.0,0.0
2022-01-18 00:00:00-05:00,135.48763766864596,136.27268102365701,134.51264079145983,135.18064880371094,27382000,0.0,0.0
2022-01-19 00:00:00-05:00,135.8234013322,137.27250279107776,134.39660817793836,134.54736328125,20796000,0.0,0.0
2022-01-20 00:00:00-05:00,135.40237450285642,136.7889856298295,132.06030554878896,132.4193572998047,21930000,0.0,0.0
2022-01-21 00:00:00-05:00,131.9288743805229,133.66314091482835,128.9424065676123,129.03265380859375,41920000,0.0,0.0
2022-01-24 00:00:00-05:00,125.00124370343332,129.7135629282899,123.62698248152874,129.31036376953125,55148000,0.0,0.0
2022-01-25 00:00:00-05:00,127.38964494422089,128.28529165288128,125.34889653652355,125.70348358154297,36008000,0.0,0.0
2022-01-26 00:00:00-05:00,129.52905593596196,131.72601508162822,126.11806505451936,128.1875762939453,39630000,0.0,0.0
2022-01-27 00:00:00-05:00,130.29128367850612,131.53007543590124,127.89497260345117,128.0695343017578,30248000,0.0,0.0
2022-01-28 00:00:00-05:00,128.94141342771556,132.2844662032464,127.64654783315859,132.20413208007812,30518000,0.0,0.0
2022-01-31 00:00:00-05:00,133.1051907708197,134.73729880883366,131.19686237114223,134.59347534179688,34056000,0.0,0.0
2022-02-01 00:00:00-05:00,136.71260387887395,137.0746219650003,133.47245120083087,136.7557373046875,51204000,0.0,0.0
2022-02-02 00:00:00-05:00,150.62684078640498,150.86142605975058,144.3721920176605,146.8310089111328,89750000,0.0,0.0
2022-02-03 00:00:00-05:00,144.11184257031505,147.90342190304173,141.0470084645246,141.48887634277344,56930000,0.0,0.0
2022-02-04 00:00:00-05:00,141.8523936568783,143.35827988004914,138.6789541086681,141.85140991210938,49224000,0.0,0.0
2022-02-07 00:00:00-05:00,142.53873946683547,142.6751167412784,137.56954266246038,137.8065948486328,44610000,0.0,0.0
2022-02-08 00:00:00-05:00,137.85944114832554,138.69839386420134,135.75843463734276,138.07937622070312,34256000,0.0,0.0
2022-02-09 00:00:00-05:00,139.70278837271576,141.0177524202751,139.2338902185869,140.30113220214844,28628000,0.0,0.0
2022-02-10 00:00:00-05:00,138.36404470854862,140.27932023938678,136.92585515604796,137.47384643554688,33018000,0.0,0.0
2022-02-11 00:00:00-05:00,137.62013935404576,138.1490459350659,132.20311105371576,133.0377655029297,38808000,0.0,0.0
2022-02-14 00:00:00-05:00,132.27948580420832,135.0576870426663,132.21651100289205,134.1982421875,26792000,0.0,0.0
2022-02-15 00:00:00-05:00,136.35203217146315,136.77704012626367,134.43577327975066,135.31455993652344,26578000,0.0,0.0
2022-02-16 00:00:00-05:00,135.31953560623597,136.8226977169329,133.72577816333373,136.36793518066406,25610000,0.0,0.0
2022-02-17 00:00:00-05:00,135.0413199224027,135.72520421105324,131.1254705562513,131.23110961914062,30968000,0.0,0.0
2022-02-18 00:00:00-05:00,131.95416985801418,132.73426434994704,129.2459506924481,129.40509033203125,31858000,0.0,0.0
2022-02-22 00:00:00-05:00,128.92651574678425,130.82667171882133,126.70078566326686,128.3487548828125,38906000,0.0,0.0
2022-02-23 00:00:00-05:00,130.01112581555853,130.67615245174545,126.46523272864216,126.54606628417969,26432000,0.0,0.0
2022-02-24 00:00:00-05:00,123.98213203387277,131.95368973772497,123.74855314779553,131.5931396484375,43166000,0.0,0.0
2022-02-25 00:00:00-05:00,132.4381936979278,134.2865291884244,130.692031460654,133.42410278320312,26236000,0.0,0.0
2022-02-28 00:00:00-05:00,132.19919288845975,134.5360112681264,131.74368863807067,133.79261779785156,29676000,0.0,0.0
2022-03-01 00:00:00-05:00,133.3849258451676,135.00264135187436,132.29239390083143,133.07546997070312,24640000,0.0,0.0
2022-03-02 00:00:00-05:00,133.51212230047628,134.5111681410533,132.34594578141395,133.65420532226562,23966000,0.0,0.0
2022-03-03 00:00:00-05:00,134.87122371905593,135.60054189006348,132.34446747584224,133.21432495117188,19780000,0.0,0.0
2022-03-04 00:00:00-05:00,132.29637629089302,133.10622536869352,129.34657934623405,131.04612731933594,24446000,0.0,0.0
2022-03-07 00:00:00-05:00,130.82990468425135,130.82990468425135,125.38063938811685,125.4346923828125,39178000,0.0,0.0
2022-03-08 00:00:00-05:00,125.22243662854473,130.17775602134824,124.83585518448734,126.2420654296875,35250000,0.0,0.0
2022-03-09 00:00:00-05:00,130.32998698622853,133.10570607158778,129.02867428078508,132.77590942382812,32258000,0.0,0.0
2022-03-10 00:00:00-05:00,130.391980190023,132.4510790866885,130.33098801378605,131.6015625,24266000,0.0,0.0
2022-03-11 00:00:00-05:00,132.9083308252191,133.10719862645047,129.23548166214246,129.41302490234375,26600000,0.0,0.0
2022-03-14 00:00:00-04:00,129.50973514425857,129.95904924687525,125.38361418160247,125.70893859863281,30254000,0.0,0.0
2022-03-15 00:00:00-04:00,126.70128047575332,129.45441872559348,125.53733642173056,128.6046600341797,30292000,0.0,0.0
2022-03-16 00:00:00-04:00,129.93324051100143,132.6816718232477,128.14889412728706,132.60183715820312,32058000,0.0,0.0
2022-03-17 00:00:00-04:00,132.23533379201203,133.6422853859274,131.63823106044416,133.50440979003906,23994000,0.0,0.0
2022-03-18 00:00:00-04:00,132.79376194798616,135.79858748020033,131.84951836628343,135.6875,45900000,0.0,0.0
2022-03-21 00:00:00-04:00,135.73312488721646,136.46214022887264,133.51532549028158,135.36712646484375,26632000,0.0,0.0
2022-03-22 00:00:00-04:00,135.38845732716678,140.34774147834503,135.38845732716678,139.13519287109375,29776000,0.0,0.0
2022-03-23 00:00:00-04:00,138.00549498986425,138.8847661442715,137.04140989412957,137.3756561279297,25302000,0.0,0.0
2022-03-24 00:00:00-04:00,138.1384033271449,140.24510046040587,136.9153360745248,140.16128540039062,20544000,0.0,0.0
2022-03-25 00:00:00-04:00,140.59969979285168,140.80353174065894,138.56192515812023,140.3690948486328,19270000,0.0,0.0
2022-03-28 00:00:00-04:00,139.5388697175351,140.82035606739564,138.68950456641818,140.7940673828125,23774000,0.0,0.0
2022-03-29 00:00:00-04:00,141.99471679846243,142.98855618205098,141.32371213994628,142.08348083496094,28678000,0.0,0.0
2022-03-30 00:00:00-04:00,141.706598848509,142.3121316383981,141.01031938008515,141.48294067382812,21046000,0.0,0.0
2022-03-31 00:00:00-04:00,141.28853263680043,141.48293574640402,138.48207516492587,138.5123291015625,29516000,0.0,0.0
2022-04-01 00:00:00-04:00,138.86989176784093,139.80223976027813,137.6667717811713,139.5542755126953,23480000,0.0,0.0
2022-04-04 00:00:00-04:00,139.67774769502145,142.8707865822871,139.67774769502145,142.47280883789062,19076000,0.0,0.0
2022-04-05 00:00:00-04:00,142.23178223388035,142.42072176241064,139.79577296652621,139.914306640625,19256000,0.0,0.0
2022-04-06 00:00:00-04:00,138.02828051526862,138.70968263262088,135.30722754054727,136.05894470214844,23574000,0.0,0.0
2022-04-07 00:00:00-04:00,135.50551376318631,136.5802020660517,133.75910932650584,135.353759765625,19448000,0.0,0.0
2022-04-08 00:00:00-04:00,135.14048514821272,135.14048514821272,132.66332528234236,132.91921997070312,16434000,0.0,0.0
2022-04-11 00:00:00-04:00,131.8177759824852,131.85665660346615,128.5620044968228,128.7395477294922,24188000,0.0,0.0
2022-04-12 00:00:00-04:00,131.34514886515223,131.34514886515223,126.53712669062122,127.3291244506836,23004000,0.0,0.0
2022-04-13 00:00:00-04:00,127.57906538245813,129.59179190402466,127.39269873268582,129.2250518798828,19542000,0.0,0.0
2022-04-14 00:00:00-04:00,129.5856077398929,129.64585832185617,126.07641618933224,126.21675872802734,23484000,0.0,0.0
2022-04-18 00:00:00-04:00,126.372490654191,127.66389026900758,125.54771145968448,126.91899871826172,14918000,0.0,0.0
2022-04-19 00:00:00-04:00,127.0340368844964,129.83776973660116,126.41363452373818,129.4680633544922,22720000,0.0,0.0
2022-04-20 00:00:00-04:00,130.21495018046843,130.84923861139282,126.85260854783485,127.2011947631836,22610000,0.0,0.0
2022-04-21 00:00:00-04:00,128.29670272062927,129.2463948547527,123.63497050857129,123.92012786865234,30158000,0.0,0.0
2022-04-22 00:00:00-04:00,123.98210370093314,124.4304264385895,118.17032151367876,118.63996124267578,46410000,0.0,0.0
2022-04-25 00:00:00-04:00,118.4569609574662,122.27412501931697,117.80208967098187,122.24635314941406,34522000,0.0,0.0
2022-04-26 00:00:00-04:00,121.75043151796903,121.75043151796903,118.19150024445683,118.53284454345703,49394000,0.0,0.0
2022-04-27 00:00:00-04:00,113.44166629709926,116.54320217071317,112.2030860294735,114.08389282226562,62238000,0.0,0.0
2022-04-28 00:00:00-04:00,116.16132442812173,119.45776257111669,114.20627534183144,118.43912506103516,36790000,0.0,0.0
2022-04-29 00:00:00-04:00,116.62056496412214,117.99130752083718,113.76004671950072,114.03032684326172,33694000,0.0,0.0
2022-05-02 00:00:00-04:00,112.9789383113253,116.38398137287726,112.47606316050997,116.20296478271484,30280000,0.0,0.0
2022-05-03 00:00:00-04:00,115.81417367564214,118.32853462221489,115.67729693517478,117.16756439208984,21216000,0.0,0.0
2022-05-04 00:00:00-04:00,117.04258953004054,122.14023403611007,114.79603421941222,121.57685852050781,33232000,0.0,0.0
2022-05-05 00:00:00-04:00,119.24154783112289,120.24605735613663,114.24457757448172,115.79583740234375,43090000,0.0,0.0
2022-05-06 00:00:00-04:00,114.57830430905209,116.54168468727796,113.21350988024528,114.7181625366211,35310000,0.0,0.0
2022-05-09 00:00:00-04:00,112.38084962076847,114.62185040012059,111.63497436137567,112.16313934326172,34520000,0.0,0.0
2022-05-10 00:00:00-04:00,115.09557327549719,115.74078124623347,112.46001491043951,113.65143585205078,31158000,0.0,0.0
2022-05-11 00:00:00-04:00,112.78454865887946,115.72093610000917,112.72454022566374,113.03300476074219,36502000,0.0,0.0
2022-05-12 00:00:00-04:00,111.02648424294806,113.92121390285445,109.21684024988164,112.2395248413086,41464000,0.0,0.0
2022-05-13 00:00:00-04:00,113.91029704722257,117.12341936357679,113.07168489620166,115.56670379638672,29738000,0.0,0.0
2022-05-16 00:00:00-04:00,114.44441736111136,115.65794977879915,113.40395591809987,113.85773468017578,23282000,0.0,0.0
2022-05-17 00:00:00-04:00,116.27290789361157,116.27290789361157,114.39829892186587,115.75119018554688,21576000,0.0,0.0
2022-05-18 00:00:00-04:00,114.29912998742046,114.75354447668184,111.22883176284127,111.48572540283203,27982000,0.0,0.0
2022-05-19 00:00:00-04:00,110.93027294033266,112.66254917068989,109.56845230242658,109.84368896484375,29192000,0.0,0.0
2022-05-20 00:00:00-04:00,111.17278159920751,111.63349956309943,105.50679742060069,108.42285919189453,37586000,0.0,0.0
2022-05-23 00:00:00-04:00,109.20740293195323,111.09342321226423,108.26539167107182,110.7571792602539,31558000,0.0,0.0
2022-05-24 00:00:00-04:00,105.51126175362559,105.52861349857328,101.37571209264136,105.06343841552734,60386000,0.0,0.0
2022-05-25 00:00:00-04:00,104.28581594164676,105.67709592058843,103.36264713453795,104.9776382446289,37900000,0.0,0.0
2022-05-26 00:00:00-04:00,105.18693279714552,108.06803410227467,104.62901321847977,107.41414642333984,30288000,0.0,0.0
2022-05-27 00:00:00-04:00,108.89447944194897,111.94890107701129,108.65792665599318,111.8804702758789,29924000,0.0,0.0
2022-05-31 00:00:00-04:00,112.15819270126262,115.48537660773222,111.65581692158895,113.1103744506836,51302000,0.0,0.0
2022-06-01 00:00:00-04:00,113.99560549032525,116.4430112000409,112.62584680217566,113.20757293701172,28630000,0.0,0.0
2022-06-02 00:00:00-04:00,113.25816752096698,116.93795598197202,112.38532854185391,116.78719329833984,27472000,0.0,0.0
2022-06-03 00:00:00-04:00,115.04796851661105,115.41694093955897,112.74239598832897,113.631103515625,25052000,0.0,0.0
2022-06-06 00:00:00-04:00,115.79183995845328,118.4262097995299,115.57938137966431,116.05765533447266,23786000,0.0,0.0
2022-06-07 00:00:00-04:00,114.7062832513846,116.78982469774246,114.18803886651006,116.27490234375,26414000,0.0,0.0
2022-06-08 00:00:00-04:00,115.92475768821089,117.67984907429899,115.74646530877372,116.28330993652344,22544000,0.0,0.0
2022-06-09 00:00:00-04:00,115.3941165816986,117.38626027838868,113.93162106899051,113.98220825195312,23142000,0.0,0.0
2022-06-10 00:00:00-04:00,111.86286238597674,112.57278560545764,109.95824921074501,110.52013397216797,31324000,0.0,0.0
2022-06-13 00:00:00-04:00,106.57105374903755,108.32911916518806,105.72009181966114,106.00619506835938,36756000,0.0,0.0
2022-06-14 00:00:00-04:00,106.01958822766298,107.57432126446997,105.48596719358486,106.32111358642578,25480000,0.0,0.0
2022-06-15 00:00:00-04:00,108.0127211991649,111.1504660901667,107.23833241623441,109.49158477783203,33192000,0.0,0.0
2022-06-16 00:00:00-04:00,107.2688262718249,108.40053384938533,104.93102487579002,105.76765441894531,35314000,0.0,0.0
2022-06-17 00:00:00-04:00,105.66748107222463,108.3598695499817,104.76840641826533,106.98714447021484,43516000,0.0,0.0
2022-06-21 00:00:00-04:00,108.80869087645922,111.75549087327158,108.40351666025404,111.10285186767578,39010000,0.0,0.0
2022-06-22 00:00:00-04:00,110.25779446962706,112.8430682995551,109.82266143221469,111.12169647216797,23922000,0.0,0.0
2022-06-23 00:00:00-04:00,112.03023245116333,112.27473086459351,110.12487773066896,111.76689910888672,24710000,0.0,0.0
2022-06-24 00:00:00-04:00,112.67793418063911,117.67143865882704,112.67793418063911,117.57275390625,39122000,0.0,0.0
2022-06-27 00:00:00-04:00,117.96648997043933,118.2789272942515,115.05613418029415,115.67282104492188,32840000,0.0,0.0
2022-06-28 00:00:00-04:00,115.40354178922794,116.89678316085518,111.52835912511081,111.65482330322266,28232000,0.0,0.0
2022-06-29 00:00:00-04:00,111.23526209810963,112.73891600830355,110.6456054715017,111.3423843383789,18628000,0.0,0.0
2022-06-30 00:00:00-04:00,109.59967884291844,110.42322450788187,106.4361526146668,108.48185729980469,38046000,0.0,0.0
2022-07-01 00:00:00-04:00,107.45479660765851,108.91218421153235,106.23283426116491,108.19274139404297,31028000,0.0,0.0
2022-07-05 00:00:00-04:00,106.63900418931594,113.12385753197555,105.38429822464968,112.95960998535156,36398000,0.0,0.0
2022-07-06 00:00:00-04:00,113.16294105735224,115.40453221831592,111.33643722937644,114.27530670166016,28852000,0.0,0.0
2022-07-07 00:00:00-04:00,115.06334706498734,118.8859601505104,114.59320026058536,118.33448791503906,32184000,0.0,0.0
2022-07-08 00:00:00-04:00,116.59277965828258,119.45428131815726,116.55706972303881,119.18995666503906,29082000,0.0,0.0
2022-07-11 00:00:00-04:00,117.68382455497492,117.82714860574362,115.28798975594513,115.57364654541016,26718000,0.0,0.0
2022-07-12 00:00:00-04:00,115.88707024032506,116.88983911305557,113.6816733954656,113.91426849365234,24970000,0.0,0.0
2022-07-13 00:00:00-04:00,111.72176789322917,114.21926129610233,110.91241079632759,111.27344512939453,38958000,0.0,0.0
2022-07-14 00:00:00-04:00,109.92353321570492,111.0755816455089,108.43525593931527,110.53253936767578,32366000,0.0,0.0
2022-07-15 00:00:00-04:00,112.04311218308341,113.07216962122509,110.91190421432523,111.84870910644531,34330000,0.0,0.0
2022-07-18 00:00:00-04:00,112.51625316044759,113.86517919781892,108.40996605374214,109.01499938964844,33354000,0.0,20.0
2022-07-19 00:00:00-04:00,110.82017211147654,113.875085539161,109.60018482410824,113.68663787841797,30992300,0.0,0.0
2022-07-20 00:00:00-04:00,113.13118818310438,115.38270743631412,112.33770725543289,113.76597595214844,26780100,0.0,0.0
2022-07-21 00:00:00-04:00,114.15281401569979,114.27183957524308,110.9987161441176,114.10322570800781,27267800,0.0,0.0
2022-07-22 00:00:00-04:00,110.89951866851176,112.25836535921906,106.72380198612633,107.47761535644531,44455300,0.0,0.0
2022-07-25 00:00:00-04:00,107.99336916572682,109.67953032082718,106.13860173256364,107.32882690429688,28289900,0.0,0.0
2022-07-26 00:00:00-04:00,106.55518342552105,106.86265663247988,103.9069274092352,104.58139038085938,36626600,0.0,0.0
2022-07-27 00:00:00-04:00,108.70750706676124,113.46842287820301,107.53711570453905,112.67493438720703,41474600,0.0,0.0
2022-07-28 00:00:00-04:00,111.88146597450744,113.76598810864026,110.94018865227083,113.6568832397461,23303800,0.0,0.0
2022-07-29 00:00:00-04:00,112.47656396623572,115.94806280737097,112.30795012438179,115.69017791748047,31336200,0.0,0.0
2022-08-01 00:00:00-04:00,114.58921537504371,116.16627162865342,113.75605929182866,114.53962707519531,22856200,0.0,0.0
2022-08-02 00:00:00-04:00,113.49819913300385,116.12662175019197,113.32958525570119,114.95623016357422,17911000,0.0,0.0
2022-08-03 00:00:00-04:00,115.392633655064,118.44755486991079,115.20418598075639,117.8127670288086,25302800,0.0,0.0
2022-08-04 00:00:00-04:00,117.33668041443364,118.5269057295808,116.75148087794422,117.90203857421875,15757700,0.0,0.0
2022-08-05 00:00:00-04:00,115.9778279065136,117.89211203093848,115.75961817721112,117.25732421875,15615700,0.0,0.0
2022-08-08 00:00:00-04:00,118.15000164832587,119.87583060846961,116.87050528514878,117.177978515625,17061100,0.0,0.0
2022-08-09 00:00:00-04:00,117.02919778233998,117.23748683086795,115.61084206089615,116.5431900024414,15424300,0.0,0.0
2022-08-10 00:00:00-04:00,118.61616043782314,120.78832942271977,118.38803759349503,119.66753387451172,20497000,0.0,0.0
2022-08-11 00:00:00-04:00,121.08589036649364,121.34376770822398,118.57649365759406,118.84429168701172,16671600,0.0,0.0
2022-08-12 00:00:00-04:00,120.17338805467618,121.65125274658203,119.4195746766714,121.65125274658203,16121100,0.0,0.0
2022-08-15 00:00:00-04:00,121.21482934441504,122.25628210346436,120.5800415416335,121.8793716430664,15525000,0.0,0.0
2022-08-16 00:00:00-04:00,121.32393490543558,122.22453811940538,120.54533117904796,121.51239013671875,15626200,0.0,0.0
2022-08-17 00:00:00-04:00,119.94525855091146,121.15532521328127,119.22119966420453,119.34022521972656,17589200,0.0,0.0
2022-08-18 00:00:00-04:00,119.25096444960768,120.69907468879671,118.5765014207953,119.8758316040039,15652000,0.0,0.0
2022-08-19 00:00:00-04:00,118.89389169947673,119.02283037483306,116.71180193557747,117.15814208984375,20187000,0.0,0.0
2022-08-22 00:00:00-04:00,115.15457641169206,115.55132065701505,113.73622084256763,114.13296508789062,19316000,0.0,0.0
2022-08-23 00:00:00-04:00,113.38908610105244,114.98597639424027,113.36925229167139,113.83541870117188,14390700,0.0,0.0
2022-08-24 00:00:00-04:00,113.51801174338851,114.7747002255831,112.853469480056,113.76597595214844,16051200,0.0,0.0
2022-08-25 00:00:00-04:00,114.21233863041371,116.82091989766556,114.11315444076976,116.74156951904297,14874700,0.0,0.0
2022-08-26 00:00:00-04:00,114.86695389775824,115.6505218163842,110.31433401303191,110.39368438720703,31698700,0.0,0.0
2022-08-29 00:00:00-04:00,109.87790198484319,111.04829338494149,108.91579961773687,109.44148254394531,20386100,0.0,0.0
2022-08-30 00:00:00-04:00,110.1258743141181,110.46310960709486,107.91403758609879,109.01499938964844,20548200,0.0,0.0
2022-08-31 00:00:00-04:00,110.72099342725544,110.85985280092267,108.16200813591051,108.26119232177734,25898000,0.0,0.0
2022-09-01 00:00:00-04:00,108.31077497807695,110.3143302374509,107.3090049156579,109.64978790283203,22784400,0.0,0.0
2022-09-02 00:00:00-04:00,110.43334115870883,110.76561987201757,107.24948148856015,107.79500579833984,20618100,0.0,0.0
2022-09-06 00:00:00-04:00,107.25444715812793,107.99337569977428,105.6426797082842,106.60478210449219,20565100,0.0,0.0
2022-09-07 00:00:00-04:00,106.88250082557386,110.08619434980795,106.73867733853064,109.58035278320312,22987200,0.0,0.0
2022-09-08 00:00:00-04:00,108.29092529881044,109.67952632677715,107.18004296298369,108.52896881103516,21660700,0.0,0.0
2022-09-09 00:00:00-04:00,109.15385798705108,111.08797597034187,109.10426211372862,110.86976623535156,21732900,0.0,0.0
2022-09-12 00:00:00-04:00,111.07805576962934,111.72276428931117,110.02668984253668,110.95903778076172,19732900,0.0,0.0
2022-09-13 00:00:00-04:00,108.00330333185278,108.47939800032364,104.14498037845159,104.45245361328125,33015000,0.0,0.0
2022-09-14 00:00:00-04:00,104.58139004022993,105.23601163473067,103.64904216762717,105.00788879394531,22115800,0.0,0.0
2022-09-15 00:00:00-04:00,104.15490936294889,105.3451347780273,102.46874786310772,103.05394744873047,26494900,0.0,0.0
2022-09-16 00:00:00-04:00,102.13151116170079,103.18287710521334,101.0255927833493,102.7861328125,64540100,0.0,0.0
2022-09-19 00:00:00-04:00,101.70500342977618,103.17294734631092,101.53638957955901,103.00433349609375,19738600,0.0,0.0
2022-09-20 00:00:00-04:00,102.04222328177691,102.32986265740081,100.2965607892044,101.00077819824219,24001700,0.0,0.0
2022-09-21 00:00:00-04:00,101.40744668141402,102.64726779839671,99.17576867084516,99.19561004638672,26596800,0.0,0.0
2022-09-22 00:00:00-04:00,98.64017035159613,100.85201467298953,98.60050273291219,99.75105285644531,21272700,0.0,0.0
2022-09-23 00:00:00-04:00,99.24520170574833,99.29479757901129,97.21189954552025,98.3624496459961,25657000,0.0,0.0
2022-09-26 00:00:00-04:00,97.80701036831965,99.62211032731125,97.57887994973014,98.00537872314453,22437900,0.0,0.0
2022-09-27 00:00:00-04:00,99.0964236478567,99.64194038673321,96.54734422393649,97.2912368774414,24225000,0.0,0.0
2022-09-28 00:00:00-04:00,97.22181048363565,100.5742916650743,97.00360832107384,99.91966247558594,24617000,0.0,0.0
2022-09-29 00:00:00-04:00,98.49139035095797,98.49139035095797,95.73402189212848,97.2912368774414,21921500,0.0,0.0
2022-09-30 00:00:00-04:00,96.9341782611772,98.68381377394618,95.24801698917143,95.3670425415039,26277800,0.0,0.0
2022-10-03 00:00:00-04:00,96.428344796271,99.15595171727642,96.22996884347293,98.49140930175781,24840000,0.0,0.0
2022-10-04 00:00:00-04:00,100.21722596305952,101.88354592224646,100.21722596305952,101.5760726928711,22580900,0.0,0.0
2022-10-05 00:00:00-04:00,99.87007909014793,101.9033813048837,98.92781044376673,101.38761901855469,18475500,0.0,0.0
2022-10-06 00:00:00-04:00,100.67347582431826,102.885320051337,100.67347582431826,101.4074478149414,17156200,0.0,0.0
2022-10-07 00:00:00-04:00,99.83040842445763,100.5941349837962,98.40213192492037,98.75920104980469,24249900,0.0,0.0
2022-10-10 00:00:00-04:00,99.03691288838714,99.17577225312345,97.07304040582032,97.90619659423828,16529900,0.0,0.0
2022-10-11 00:00:00-04:00,97.44994000751656,99.30471512678689,96.45808311176576,97.25157165527344,21617700,0.0,0.0
2022-10-12 00:00:00-04:00,97.4697801710103,98.83656499520912,96.87466750821109,97.49954223632812,17343400,0.0,0.0
2022-10-13 00:00:00-04:00,95.14883795283106,99.71137843031508,94.49420873053832,98.89805603027344,32812200,0.0,0.0
2022-10-14 00:00:00-04:00,99.80560343226973,100.4651891978073,96.23987656347946,96.38865661621094,22624800,0.0,0.0
2022-10-17 00:00:00-04:00,98.70960860538526,100.94128692987995,98.69969548348757,99.9593505859375,23311600,0.0,0.0
2022-10-18 00:00:00-04:00,103.09360729127508,103.37132600896648,99.8303972238661,100.56436920166016,21610500,0.0,0.0
2022-10-19 00:00:00-04:00,99.87998502349403,100.83117541041747,98.82366258955689,99.47332763671875,21573700,0.0,0.0
2022-10-20 00:00:00-04:00,99.99902708572034,102.16127574892226,99.15595010998396,99.71138763427734,25125100,0.0,0.0
2022-10-21 00:00:00-04:00,97.65822869504527,100.7925001065928,97.43010584751586,100.65364074707031,28988700,0.0,0.0
2022-10-24 00:00:00-04:00,101.25866138002164,102.2604389094004,99.48324429181704,102.13150024414062,24680800,0.0,0.0
2022-10-25 00:00:00-04:00,102.45882221941861,104.2441601238452,102.18109592705792,104.07554626464844,29910200,0.0,0.0
2022-10-26 00:00:00-04:00,95.97207932972404,97.73758346657777,93.79991021646778,94.0478744506836,71504300,0.0,0.0
2022-10-27 00:00:00-04:00,93.54202942386408,94.39502703260716,91.15165803546968,91.84595489501953,54036500,0.0,0.0
2022-10-28 00:00:00-04:00,91.77651749373473,96.07125967506295,91.57120238954192,95.79354095458984,35696900,0.0,0.0
2022-10-31 00:00:00-04:00,95.00005027193171,95.56540838796242,93.61144913354848,93.88917541503906,29868700,0.0,0.0
2022-11-01 00:00:00-04:00,94.81160213270107,95.38192441879748,89.6936242102963,89.76305389404297,43220600,0.0,0.0
2022-11-02 00:00:00-04:00,90.16971944588468,90.55654305310144,86.30147580644906,86.3609848022461,43553600,0.0,0.0
2022-11-03 00:00:00-04:00,85.64188192783998,85.84521440061742,82.77045207576367,82.81012725830078,48510400,0.0,0.0
2022-11-04 00:00:00-04:00,84.81369855093602,86.02376536393459,83.19696671473322,85.99400329589844,40173300,0.0,0.0
2022-11-07 00:00:00-05:00,86.62878567447596,88.21576290862976,86.25188274336199,87.9281234741211,26899900,0.0,0.0
2022-11-08 00:00:00-05:00,88.43396122414909,89.66881817115933,86.93625524748889,88.18599700927734,30172000,0.0,0.0
2022-11-09 00:00:00-05:00,87.8239585339631,88.76126290720954,86.64861064756735,86.68828582763672,26743900,0.0,0.0
2022-11-10 00:00:00-05:00,91.58805271683148,93.78006289055469,90.90367667477896,93.40315246582031,42371200,0.0,0.0
2022-11-11 00:00:00-05:00,93.93876659100802,96.56718890345387,93.39324983346454,95.94232177734375,30569100,0.0,0.0
2022-11-14 00:00:00-05:00,94.72234100144564,96.38866102018274,94.3384913234222,95.2480239868164,24170100,0.0,0.0
2022-11-15 00:00:00-05:00,97.86651130947476,99.60226075682282,96.22994603137889,97.91610717773438,31831000,0.0,0.0
2022-11-16 00:00:00-05:00,97.22181176343973,99.03691173934995,97.10477640049176,98.18391418457031,24660200,0.0,0.0
2022-11-17 00:00:00-05:00,96.38865566411798,98.66992960408622,96.30930529447593,97.69790649414062,21818700,0.0,0.0
2022-11-18 00:00:00-05:00,98.20374693135373,98.35252696941959,95.95222768788256,97.00360107421875,24969900,0.0,0.0
2022-11-21 00:00:00-05:00,96.76556036314352,97.9161180424823,94.89095135738283,95.04965209960938,18696900,0.0,0.0
2022-11-22 00:00:00-05:00,95.37695910180294,96.75364933780588,93.64120960022588,96.53742980957031,18868900,0.0,0.0
2022-11-23 00:00:00-05:00,96.54734541868888,98.26226984489827,96.54734541868888,98.01529693603516,17568900,0.0,0.0
2022-11-25 00:00:00-05:00,97.66316786837429,98.13430586209294,96.73578426082194,96.80521392822266,8567800,0.0,0.0
2022-11-28 00:00:00-05:00,96.40848567921113,97.03336035646862,95.10915558833943,95.46622467041016,19974500,0.0,0.0
2022-11-29 00:00:00-05:00,95.2182639898343,95.60508758191158,93.62137374879003,94.66282653808594,20220000,0.0,0.0
2022-11-30 00:00:00-05:00,94.34544442217933,100.62389373779297,93.89910421356662,100.62389373779297,39888100,0.0,0.0
2022-12-01 00:00:00-05:00,100.57428677748264,101.75459129115109,99.85022794253256,100.45526123046875,21771500,0.0,0.0
2022-12-02 00:00:00-05:00,98.5608238409091,100.32632792940875,98.36244791860888,100.0089340209961,18821500,0.0,0.0
2022-12-05 00:00:00-05:00,99.00219500647542,100.92143561106697,98.54594175846798,99.05674743652344,19955500,0.0,0.0
2022-12-06 00:00:00-05:00,98.85836847975504,99.3939720762969,95.97206903797998,96.51758575439453,20877600,0.0,0.0
2022-12-07 00:00:00-05:00,95.98198639882396,96.5175900190315,94.25120099617814,94.37518310546875,26647900,0.0,0.0
2022-12-08 00:00:00-05:00,94.91079598983637,95.08933054733217,93.03618691976473,93.1849594116211,25593200,0.0,0.0
2022-12-09 00:00:00-05:00,93.13536154800094,93.72055346864532,92.26252265989761,92.31211853027344,21885300,0.0,0.0
2022-12-12 00:00:00-05:00,92.33195987268597,93.11057121097315,91.15165524755142,92.79813385009766,27380900,0.0,0.0
2022-12-13 00:00:00-05:00,97.2714121971471,98.98732807517699,94.60331454135432,95.06948852539062,34788500,0.0,0.0
2022-12-14 00:00:00-05:00,94.76200491816711,96.42832473872424,93.17503546222396,94.53387451171875,26452900,0.0,0.0
2022-12-15 00:00:00-05:00,92.77830090490998,93.2643086962572,89.69362515531039,90.45735168457031,28298800,0.0,0.0
2022-12-16 00:00:00-05:00,90.45736021203999,91.00288461812974,89.27705546464297,90.12013244628906,48485500,0.0,0.0
2022-12-19 00:00:00-05:00,90.13994990079605,90.4573437974892,88.20087546505859,88.42404174804688,23020500,0.0,0.0
2022-12-20 00:00:00-05:00,88.00748117494419,89.04892655836977,87.3230973749296,88.900146484375,21976800,0.0,0.0
2022-12-21 00:00:00-05:00,88.99932865103851,90.17467673108307,88.18600624378183,89.51509094238281,20336400,0.0,0.0
2022-12-22 00:00:00-05:00,88.20584026348051,88.45380450490858,86.23204702054822,87.54129791259766,23656100,0.0,0.0
2022-12-23 00:00:00-05:00,86.90650519933101,89.36630609905306,86.90650519933101,89.07866668701172,17815000,0.0,0.0
2022-12-27 00:00:00-05:00,88.58274923981743,88.77120449770723,86.8222090591806,87.2139892578125,15470900,0.0,0.0
2022-12-28 00:00:00-05:00,86.78747534190427,87.79916601057799,85.66667981313363,85.75594329833984,17879600,0.0,0.0
2022-12-29 00:00:00-05:00,86.321306393741,88.63729139002962,86.28163120893464,88.22566986083984,18280700,0.0,0.0
2022-12-30 00:00:00-05:00,86.65357901245979,88.10665335729826,86.32130784728768,88.0074691772461,19190300,0.0,0.0
2023-01-03 00:00:00-05:00,89.0985049527015,90.80449998952328,88.29509573771095,88.96955871582031,20738500,0.0,0.0
2023-01-04 00:00:00-05:00,90.26891468456262,90.49703757457156,87.08505437588964,87.98764038085938,27046500,0.0,0.0
2023-01-05 00:00:00-05:00,87.35284794638645,87.49170732459609,85.85514171881834,86.06343078613281,23136100,0.0,0.0
2023-01-06 00:00:00-05:00,86.64862716557354,87.74958902875964,84.87320224716774,87.4421157836914,26612600,0.0,0.0
2023-01-09 00:00:00-05:00,88.46866915414628,90.09035718095716,87.85867932594417,88.07688903808594,22996700,0.0,0.0
2023-01-10 00:00:00-05:00,86.0138444892825,88.7464079347189,85.99400311063448,88.51332092285156,22855600,0.0,0.0
2023-01-11 00:00:00-05:00,89.32663810871787,91.69717570972418,89.00924417457007,91.50872802734375,25998800,0.0,0.0
2023-01-12 00:00:00-05:00,91.64758310090549,91.86579283925754,89.83248307799671,91.16157531738281,22754200,0.0,0.0
2023-01-13 00:00:00-05:00,90.78268161035555,92.22286133358061,90.18955158578547,92.04432678222656,18630700,0.0,0.0
2023-01-17 00:00:00-05:00,92.02448472237597,92.21293996053562,90.10027985732484,91.40953826904297,22935800,0.0,0.0
2023-01-18 00:00:00-05:00,92.18318863062608,92.82590697899548,90.65572799840913,91.03263092041016,19641600,0.0,0.0
2023-01-19 00:00:00-05:00,90.64580289551208,93.63129432978296,90.63588220752284,93.1452865600586,28707700,0.0,0.0
2023-01-20 00:00:00-05:00,95.1686721296383,98.61041698597923,95.12900451049899,98.4715576171875,53704800,0.0,0.0
2023-01-23 00:00:00-05:00,98.32277708991757,100.57429661234589,97.94587417175161,100.3858413696289,31791800,0.0,0.0
2023-01-24 00:00:00-05:00,98.73935012421863,100.26680297813121,97.89626576771575,98.40211486816406,27391400,0.0,0.0
2023-01-25 00:00:00-05:00,96.40848816632058,96.92425799473612,94.48627353994317,95.94232177734375,31000900,0.0,0.0
2023-01-26 00:00:00-05:00,97.47970010106822,98.40212736977443,96.03158985819132,98.3525390625,24542100,0.0,0.0
2023-01-27 00:00:00-05:00,98.2434368158301,100.7528337624218,98.1640864413504,99.8899154663086,29020400,0.0,0.0
2023-01-30 00:00:00-05:00,97.94091389632977,98.59950077421283,96.72588312039458,97.15238189697266,24365100,0.0,0.0
2023-01-31 00:00:00-05:00,97.0631130269933,99.09642261903721,96.99368334941103,99.05674743652344,22306800,0.0,0.0
2023-02-01 00:00:00-05:00,98.92780153095374,101.35785538895985,97.6185507727088,100.60404205322266,26392600,0.0,0.0
2023-02-02 00:00:00-05:00,105.92040501563147,107.93387342129658,105.67244077715512,107.9140396118164,46622600,0.0,0.0
2023-02-03 00:00:00-05:00,102.66711521746552,107.14038462242667,102.45882616562355,104.36318969726562,36823400,0.0,0.0
2023-02-06 00:00:00-05:00,101.84883005623195,103.84742123585008,101.3776995111869,102.62744140625,25573000,0.0,0.0
2023-02-07 00:00:00-05:00,102.78613216833612,107.78509206375233,102.70479917263987,107.16022491455078,33738800,0.0,0.0
2023-02-08 00:00:00-05:00,101.85378936534282,102.73654141727951,97.65327471081284,99.1856918334961,73546000,0.0,0.0
2023-02-09 00:00:00-05:00,99.72129002000847,99.79071969780152,93.09568586544057,94.68265533447266,97798600,0.0,0.0
2023-02-10 00:00:00-05:00,94.96037096064651,96.22994649462721,93.7602251022033,94.08753967285156,49325300,0.0,0.0
2023-02-13 00:00:00-05:00,94.23633060040883,94.57355832991092,93.28414883989547,94.22640991210938,43116600,0.0,0.0
2023-02-14 00:00:00-05:00,93.88919458378673,94.4000003732924,91.8955597392752,94.17682647705078,42513100,0.0,0.0
2023-02-15 00:00:00-05:00,93.96853528692384,96.54736211688335,93.5916323301802,96.30931854248047,36964500,0.0,0.0
2023-02-16 00:00:00-05:00,94.76200225647874,97.08294360174206,94.19664416720174,95.00004577636719,35642100,0.0,0.0
2023-02-17 00:00:00-05:00,94.29583493577326,94.97029792871488,92.68902403772384,93.81974029541016,31095100,0.0,0.0
2023-02-21 00:00:00-05:00,92.4807348582739,92.65431284196981,91.2508344261477,91.30043029785156,28367200,0.0,0.0
2023-02-22 00:00:00-05:00,91.18537126851463,91.60790479415158,90.1300401173903,91.0524673461914,29891100,0.0,0.0
2023-02-23 00:00:00-05:00,91.37977317666504,91.37977317666504,89.27704139853027,90.32840728759766,32423700,0.0,0.0
2023-02-24 00:00:00-05:00,88.90012470674083,89.39605312039114,88.13639827931684,88.62240600585938,31295600,0.0,0.0
2023-02-27 00:00:00-05:00,89.35638943124523,89.71345854037706,88.88030233058149,89.3663101196289,22724300,0.0,0.0
2023-02-28 00:00:00-05:00,88.81087620152506,90.70531912616688,88.79103482396349,89.56468963623047,30546900,0.0,0.0
2023-03-01 00:00:00-05:00,89.42581609788071,90.45734054964633,89.11833533252579,89.77296447753906,26323900,0.0,0.0
2023-03-02 00:00:00-05:00,89.12825756597466,91.72692524942474,89.03898651407543,91.55830383300781,23328600,0.0,0.0
2023-03-03 00:00:00-05:00,91.98480369391682,93.3436503254381,91.90546089570832,93.25437927246094,30242500,0.0,0.0
2023-03-06 00:00:00-05:00,93.59162245753785,95.51582736309481,93.53211346203172,94.80168914794922,28288200,0.0,0.0
2023-03-07 00:00:00-05:00,94.64297345820064,95.30751569397246,93.07981072275746,93.40315246582031,24101500,0.0,0.0
2023-03-08 00:00:00-05:00,93.63624192751794,95.45629828504354,93.63624192751794,93.8792495727539,25395200,0.0,0.0
2023-03-09 00:00:00-05:00,93.7205565519148,95.13891222447715,91.60294751456009,91.90546417236328,24438900,0.0,0.0
2023-03-10 00:00:00-05:00,91.74675490866146,92.42121784203202,90.0606013588685,90.26889038085938,32850100,0.0,0.0
2023-03-13 00:00:00-04:00,89.82752778638994,92.3220474293675,89.20761718789117,90.91361236572266,31508600,0.0,0.0
2023-03-14 00:00:00-04:00,92.31212197549749,94.05779224958775,92.0244825645708,93.48251342773438,32303900,0.0,0.0
2023-03-15 00:00:00-04:00,92.77830233228373,96.45809080077585,92.28237384487615,95.7637939453125,38367300,0.0,0.0
2023-03-16 00:00:00-04:00,95.78362990243482,101.1396591999589,95.08933303140712,100.24698638916016,54499500,0.0,0.0
2023-03-17 00:00:00-04:00,100.01885274930972,102.64727522082795,99.92958925472074,101.62566375732422,76140300,0.0,0.0
2023-03-20 00:00:00-04:00,100.23705734620631,101.74468409374118,99.9692593089202,101.0999755859375,26033900,0.0,0.0
2023-03-21 00:00:00-04:00,101.14956600467218,105.09715207340372,101.03054045714737,104.9781265258789,33122800,0.0,0.0
2023-03-22 00:00:00-04:00,104.28383681897249,106.63454046287427,103.36140957311412,103.37133026123047,32336900,0.0,0.0
2023-03-23 00:00:00-04:00,105.02772458506806,106.22886181574545,104.5516375195797,105.39471435546875,31385800,0.0,0.0
2023-03-24 00:00:00-04:00,104.87894855668945,105.29553421403311,103.88709163711762,105.19634246826172,25236200,0.0,0.0
2023-03-27 00:00:00-04:00,104.46237054837249,104.5417209181446,101.79427301111039,102.22077178955078,25393400,0.0,0.0
2023-03-28 00:00:00-04:00,102.16125925052792,102.16125925052792,99.46340731004243,100.53461456298828,24913500,0.0,0.0
2023-03-29 00:00:00-04:00,101.88354331322778,101.98272749107336,100.20730270874684,101.07022094726562,26148300,0.0,0.0
2023-03-30 00:00:00-04:00,100.61396726471531,100.7825811230914,99.4733303059772,100.49494171142578,25009800,0.0,0.0
2023-03-31 00:00:00-04:00,100.88176864342509,103.34157718871182,100.61397059873427,103.15312194824219,28108000,0.0,0.0
2023-04-03 00:00:00-04:00,101.83395242596177,104.09538508752772,101.54631299904075,104.05571746826172,20719900,0.0,0.0
2023-04-04 00:00:00-04:00,103.98628125983396,105.23602316275979,103.7482377055089,104.26400756835938,20377200,0.0,0.0
2023-04-05 00:00:00-04:00,105.2558610598409,105.67243915795369,103.25428843017286,104.09538269042969,21864200,0.0,0.0
2023-04-06 00:00:00-04:00,104.9087121010658,108.73728074617841,103.96149441230813,108.01322937011719,34684200,0.0,0.0
2023-04-10 00:00:00-04:00,106.51551339682287,107.09079222312894,104.74008861256165,106.07909393310547,19741500,0.0,0.0
2023-04-11 00:00:00-04:00,106.04934037290381,106.34690047666011,104.42269562484304,105.255859375,18721300,0.0,0.0
2023-04-12 00:00:00-04:00,106.51551746690073,106.71091189406192,104.11522545927261,104.36318969726562,22761600,0.0,0.0
2023-04-13 00:00:00-04:00,105.60299555800134,107.3833767122085,105.5732410645242,107.30899047851562,21650700,0.0,0.0
2023-04-14 00:00:00-04:00,106.81306600680705,108.68767483754957,106.7138742685423,108.56864929199219,20758700,0.0,0.0
2023-04-17 00:00:00-04:00,104.57146958416115,105.84104516065327,104.46236472362504,105.55340576171875,29043400,0.0,0.0
2023-04-18 00:00:00-04:00,106.12869595056397,106.17829182604626,103.92677226306974,104.26400756835938,17641400,0.0,0.0
2023-04-19 00:00:00-04:00,103.36636505912209,104.86407112387683,102.95475109741922,104.16481018066406,16732000,0.0,0.0
2023-04-20 00:00:00-04:00,103.79782235236266,106.017596985302,103.78790166488577,105.03764343261719,22515300,0.0,0.0
2023-04-21 00:00:00-04:00,105.22609625464288,105.77162058363133,104.6260270600233,105.04756927490234,22379000,0.0,0.0
2023-04-24 00:00:00-04:00,105.18642539813827,106.44608030910129,104.5020417278041,105.91047668457031,21410900,0.0,0.0
2023-04-25 00:00:00-04:00,105.74186194133716,106.56510496289212,103.70855232275296,103.75814819335938,31408100,0.0,0.0
2023-04-26 00:00:00-04:00,104.70041862172546,106.148528880034,102.4290652677548,103.59945678710938,37068200,0.0,0.0
2023-04-27 00:00:00-04:00,104.37311836617907,108.26119609905483,103.5697090279093,107.487548828125,38235200,0.0,0.0
2023-04-28 00:00:00-04:00,106.92218227298034,107.40819005980927,105.17651192155635,107.33876037597656,23957900,0.0,0.0
2023-05-01 00:00:00-04:00,106.8428293184697,107.79501105970502,106.62461958390723,106.8329086303711,20926300,0.0,0.0
2023-05-02 00:00:00-04:00,106.78332439706239,106.85275408186502,103.649052757931,105.11700439453125,20343100,0.0,0.0
2023-05-03 00:00:00-04:00,105.3550435538295,107.24948634145672,104.7599309135847,105.255859375,17116300,0.0,0.0
2023-05-04 00:00:00-04:00,105.2955324531768,105.43439181421328,103.84741471562317,104.35326385498047,19780600,0.0,0.0
2023-05-05 00:00:00-04:00,104.46237375608841,105.57325626520645,103.88610359636971,105.35008239746094,20710600,0.0,0.0
2023-05-08 00:00:00-04:00,104.93351425883644,107.53713900194174,104.92855769782821,107.35860443115234,17266000,0.0,0.0
2023-05-09 00:00:00-04:00,107.89419900054743,109.69442180618361,106.84778960406253,107.06104278564453,24782400,0.0,0.0
2023-05-10 00:00:00-04:00,107.66607749477262,112.58568717500641,107.59664780932194,111.3656997680664,47533500,0.0,0.0
2023-05-11 00:00:00-04:00,114.9165422459179,117.47553489092961,113.99411501654241,115.94807434082031,57115100,0.0,0.0
2023-05-12 00:00:00-04:00,116.04726362107684,117.29700550198503,115.60093101867221,116.95977020263672,31293800,0.0,0.0
2023-05-15 00:00:00-04:00,115.54140965836454,117.82764014516071,115.53149653766886,116.00758361816406,22107900,0.0,0.0
2023-05-16 00:00:00-04:00,115.87863560811785,120.2130451249995,115.87863560811785,119.1120834350586,32370100,0.0,0.0
2023-05-17 00:00:00-04:00,119.20135910234103,121.28425701873667,118.48722094420141,120.49077606201172,26659600,0.0,0.0
2023-05-18 00:00:00-04:00,120.57011404471827,122.8910629659674,120.50068436918718,122.51415252685547,27014500,0.0,0.0
2023-05-19 00:00:00-04:00,123.18861410215791,125.44905513057931,121.72067024521378,122.24635314941406,30268900,0.0,0.0
2023-05-22 00:00:00-04:00,122.50424882994288,126.01542319245044,122.4447322697189,124.84503173828125,29760200,0.0,0.0
2023-05-23 00:00:00-04:00,123.91269374317511,124.39870154818405,122.04800533101043,122.28604888916016,24477900,0.0,0.0
2023-05-24 00:00:00-04:00,120.88752628397845,121.75044458283506,119.76673061814529,120.64948272705078,23087900,0.0,0.0
2023-05-25 00:00:00-04:00,124.19040755382532,124.95414164147272,121.89922042541909,123.33740997314453,33812700,0.0,0.0
2023-05-26 00:00:00-04:00,123.05474006718948,124.97398092414151,122.28604938535321,124.40862274169922,25154700,0.0,0.0
2023-05-30 00:00:00-04:00,125.26161120613881,125.35087469655855,121.88929616815103,123.62504577636719,27230700,0.0,0.0
2023-05-31 00:00:00-04:00,122.69269398471667,123.88292679034758,122.09758136553498,122.36538696289062,41548800,0.0,0.0
2023-06-01 00:00:00-04:00,122.49432816456229,124.02178871128564,122.29595980982634,123.35724639892578,25017700,0.0,0.0
2023-06-02 00:00:00-04:00,123.47627883746426,125.71292127033425,123.33741945944242,124.21025848388672,19367500,0.0,0.0
2023-06-05 00:00:00-04:00,123.59529116132589,126.94776482005703,123.36716074058076,125.59883880615234,22672500,0.0,0.0
2023-06-06 00:00:00-04:00,125.56908573875961,127.83052589411962,124.94421859750294,126.86842346191406,19450100,0.0,0.0
2023-06-07 00:00:00-04:00,126.53615562328928,128.49507928113414,121.63142298829456,121.93890380859375,34179300,0.0,0.0
2023-06-08 00:00:00-04:00,121.58678986453351,122.72247037119786,121.01647511443514,121.67109680175781,24815000,0.0,0.0
2023-06-09 00:00:00-04:00,121.56198788236898,123.27294721028777,121.4231285118811,121.86946868896484,20304500,0.0,0.0
2023-06-12 00:00:00-04:00,122.39018477163873,123.73415426580712,121.35369607709953,123.33740997314453,22255700,0.0,0.0
2023-06-13 00:00:00-04:00,124.626822317843,124.83511136097597,122.83652029169886,123.41675567626953,19287700,0.0,0.0
2023-06-14 00:00:00-04:00,122.79189333242954,123.77382959325902,121.16524854119501,123.3671646118164,24659600,0.0,0.0
2023-06-15 00:00:00-04:00,122.87122812413246,125.13266817723253,122.13725614845833,124.76567840576172,24517100,0.0,0.0
2023-06-16 00:00:00-04:00,125.66827598434875,125.66827598434875,122.78197611567585,123.04977416992188,56699200,0.0,0.0
2023-06-20 00:00:00-04:00,122.52905427040116,124.15569909381726,121.82979329126762,122.84148406982422,22698000,0.0,0.0
2023-06-21 00:00:00-04:00,122.23149908676959,122.40507709021969,119.87583869083258,120.2725830078125,22612000,0.0,0.0
2023-06-22 00:00:00-04:00,119.67744579883654,122.92577078344046,118.626072439134,122.8613052368164,20781900,0.0,0.0
2023-06-23 00:00:00-04:00,121.04621871470238,122.4348199080091,120.86768416745912,122.01823425292969,29573100,0.0,0.0
2023-06-26 00:00:00-04:00,120.47689058618045,121.72067692823597,118.02104745435722,118.12023162841797,23185000,0.0,0.0
2023-06-27 00:00:00-04:00,116.88042276758269,118.9186891620227,115.95800304173348,118.04090118408203,27221700,0.0,0.0
2023-06-28 00:00:00-04:00,116.99943611218437,120.28247994817872,116.64236703166486,120.09403228759766,19753100,0.0,0.0
2023-06-29 00:00:00-04:00,119.11209579446742,119.92542574644521,118.23926441513198,119.03275299072266,18517500,0.0,0.0
2023-06-30 00:00:00-04:00,120.11387062024154,121.03629785178722,119.89566088867431,119.98493194580078,23871800,0.0,0.0
2023-07-03 00:00:00-04:00,119.34021879813426,120.03451558315031,118.73022893935105,119.57826232910156,13888300,0.0,0.0
2023-07-05 00:00:00-04:00,119.08234423544866,122.36539591987648,119.08234423544866,121.63141632080078,17830300,0.0,0.0
2023-07-06 00:00:00-04:00,119.65761967587466,120.16346883004985,118.27893914572105,119.94525909423828,17732500,0.0,0.0
2023-07-07 00:00:00-04:00,119.90558244826883,120.75858000481361,119.1120938853958,119.16168975830078,20997700,0.0,0.0
2023-07-10 00:00:00-04:00,118.10040187547624,118.10040187547624,115.69018928343519,115.91831970214844,32960100,0.0,0.0
2023-07-11 00:00:00-04:00,115.80921903157791,117.26228582389678,114.88679176992136,116.75148010253906,18286600,0.0,0.0
2023-07-12 00:00:00-04:00,118.3285411266498,119.97501978383772,118.03098100477249,118.64593505859375,22059600,0.0,0.0
2023-07-13 00:00:00-04:00,120.55029674864345,124.31439212449324,120.07420207460352,123.81350708007812,31535900,0.0,0.0
2023-07-14 00:00:00-04:00,124.11104874111913,126.05508731895816,123.88292589625853,124.67640686035156,20499800,0.0,0.0
2023-07-17 00:00:00-04:00,125.03347522201759,126.24354182009691,123.48618091877775,124.04161834716797,20675300,0.0,0.0
2023-07-18 00:00:00-04:00,123.88789722218601,123.97220415901033,122.29597097681011,123.06961822509766,21045800,0.0,0.0
2023-07-19 00:00:00-04:00,123.7738317651767,124.44829480512865,121.47272390544668,121.78019714355469,22313800,0.0,0.0
2023-07-20 00:00:00-04:00,121.12556922958473,123.68455432012396,117.71853557953592,118.55665588378906,27541700,0.0,0.0
2023-07-21 00:00:00-04:00,119.88574437861861,120.31224314173285,118.10039895924099,119.3302993774414,56514600,0.0,0.0
2023-07-24 00:00:00-04:00,120.93314282918612,122.34554301205833,120.391583773608,120.88751220703125,22276100,0.0,0.0
2023-07-25 00:00:00-04:00,120.88751433008065,122.68278043634336,120.54036593404118,121.79010772705078,31820800,0.0,0.0
2023-07-26 00:00:00-04:00,129.29845322817246,130.30022314909456,127.66189555977357,128.60415649414062,46216900,0.0,0.0
2023-07-27 00:00:00-04:00,130.7267459620652,132.51209145697905,128.12807052270455,128.8124542236328,35931600,0.0,0.0
2023-07-28 00:00:00-04:00,129.9035135051533,132.97827628274152,129.8539176278625,131.92689514160156,26971000,0.0,0.0
2023-07-31 00:00:00-04:00,131.92687027583293,132.7402001334015,131.05404656508048,132.02606201171875,18381900,0.0,0.0
2023-08-01 00:00:00-04:00,129.78941883050985,131.83760556777247,129.68527810297235,130.8159942626953,22154300,0.0,0.0
2023-08-02 00:00:00-04:00,128.78270118973313,129.35798002988213,126.80890800206919,127.59247589111328,22705800,0.0,0.0
2023-08-03 00:00:00-04:00,127.32466843792942,128.71327721167384,126.73451992489956,127.72142028808594,15018100,0.0,0.0
2023-08-04 00:00:00-04:00,128.54465183182143,130.85566493829828,127.27011216693492,127.49327087402344,20521900,0.0,0.0
2023-08-07 00:00:00-04:00,128.45539544923778,130.98463384244167,128.37604507258212,130.86561584472656,17621000,0.0,0.0
2023-08-08 00:00:00-04:00,129.9134208628997,130.86561020721203,129.0703515245079,130.76641845703125,16836000,0.0,0.0
2023-08-09 00:00:00-04:00,131.11356065288936,131.39127936273164,128.4504274071843,129.0901641845703,17745200,0.0,0.0
2023-08-10 00:00:00-04:00,130.89535135020824,131.56684038331719,128.9761107428649,129.14968872070312,17855700,0.0,0.0
2023-08-11 00:00:00-04:00,128.1498809068998,129.37780618976768,127.70156574027283,129.11000061035156,15205500,0.0,0.0
2023-08-14 00:00:00-04:00,128.79264279984437,130.83586588233703,128.53475028313616,130.7565155029297,17526200,0.0,0.0
2023-08-15 00:00:00-04:00,130.51845660285377,130.9152084762959,128.76188176252623,129.20921325683594,14769200,0.0,0.0
2023-08-16 00:00:00-04:00,128.22725337606278,129.83207401874927,127.41393862255852,128.0586395263672,17548400,0.0,0.0
2023-08-17 00:00:00-04:00,129.3877310465426,131.41211136564658,128.79262598050974,129.3976593017578,23665600,0.0,0.0
2023-08-18 00:00:00-04:00,128.0090564312339,128.77279052568863,125.96583352162155,127.0667953491211,23627200,0.0,0.0
2023-08-21 00:00:00-04:00,126.80888922293563,128.20740336334455,126.12451318284906,127.88008880615234,21851100,0.0,0.0
2023-08-22 00:00:00-04:00,128.07848893786127,129.88366066251717,127.87515645309287,128.63392639160156,15557900,0.0,0.0
2023-08-23 00:00:00-04:00,129.78449158545692,132.97827226440393,129.4472487107923,132.12527465820312,26497000,0.0,0.0
2023-08-24 00:00:00-04:00,133.6299212741966,133.87093876871316,129.23896845478694,129.3579864501953,18680400,0.0,0.0
2023-08-25 00:00:00-04:00,129.08025388679013,130.32998810840627,126.99734838289503,129.6257781982422,20678100,0.0,0.0
2023-08-28 00:00:00-04:00,131.00447439796662,132.15503215044708,129.78449452543367,130.71682739257812,16715500,0.0,0.0
2023-08-29 00:00:00-04:00,131.9149916151378,136.17699801988198,131.89713286269614,134.38670349121094,30803300,0.0,0.0
2023-08-30 00:00:00-04:00,134.46606093121147,136.13237342882272,133.92152029847713,135.81497192382812,21773400,0.0,0.0
2023-08-31 00:00:00-04:00,135.93399202524841,137.272989767933,135.70586917448622,136.23155212402344,28147900,0.0,0.0
2023-09-01 00:00:00-04:00,137.30273626898193,137.45152387697294,134.83302240239627,135.68601989746094,16671600,0.0,0.0
2023-09-05 00:00:00-04:00,135.32895039554214,136.25136999710338,134.45611152861886,135.5967559814453,17730200,0.0,0.0
2023-09-06 00:00:00-04:00,135.89927858842424,136.36048843513515,133.5932142203338,134.26766967773438,15814300,0.0,0.0
2023-09-07 00:00:00-04:00,133.50391968682428,135.46779174182507,132.869131995585,135.09088134765625,16976000,0.0,0.0
2023-09-08 00:00:00-04:00,134.7635921785487,136.39520101694376,134.7635921785487,136.082763671875,17810700,0.0,0.0
2023-09-11 00:00:00-04:00,136.26129336985767,137.1380974533762,135.43805040160086,136.6183624267578,17180800,0.0,0.0
2023-09-12 00:00:00-04:00,136.0133409858467,136.51918255435288,134.8231006030683,134.96197509765625,15212900,0.0,0.0
2023-09-13 00:00:00-04:00,134.79334820533003,136.57869367275558,133.83124579051002,136.3803253173828,16394900,0.0,0.0
2023-09-14 00:00:00-04:00,137.26306466883716,138.41362221194325,135.94389328253115,137.85818481445312,19064600,0.0,0.0
2023-09-15 00:00:00-04:00,137.66975663222377,138.22519413878845,136.06293797733363,137.173828125,48958800,0.0,0.0
2023-09-18 00:00:00-04:00,136.50930412909798,138.79056346198053,136.50930412909798,137.82847595214844,16233600,0.0,0.0
2023-09-19 00:00:00-04:00,137.12419940268376,138.0416699481979,136.38030682002906,137.69947814941406,15479100,0.0,0.0
2023-09-20 00:00:00-04:00,137.69949732262972,137.70941044334674,133.42459644059744,133.4940185546875,21473500,0.0,0.0
2023-09-21 00:00:00-04:00,131.31190966583046,132.10539806336135,130.02249291165927,130.29029846191406,22058400,0.0,0.0
2023-09-22 00:00:00-04:00,130.60771987455942,131.92689147423243,129.44724902399062,130.1812286376953,17348700,0.0,0.0
2023-09-25 00:00:00-04:00,129.70514102820778,131.14333061693313,128.97116141731388,131.09373474121094,14650000,0.0,0.0
2023-09-26 00:00:00-04:00,129.847957020075,130.33495609939962,127.14613976477534,128.3958740234375,20378800,0.0,0.0
2023-09-27 00:00:00-04:00,128.38597101275062,130.6474037357639,128.32646201496658,130.3895263671875,18764200,0.0,0.0
2023-09-28 00:00:00-04:00,129.62579542235756,133.08736671087252,129.62579542235756,132.04592895507812,18201400,0.0,0.0
2023-09-29 00:00:00-04:00,132.98815777450122,133.79155933810617,130.2506385328596,130.7763214111328,23237300,0.0,0.0
2023-10-02 00:00:00-04:00,131.07885724734416,134.2577606665927,130.9895937519326,134.06930541992188,19210400,0.0,0.0
2023-10-03 00:00:00-04:00,133.83123971614634,134.13872805773343,131.73347212985374,132.2145233154297,19628700,0.0,0.0
2023-10-04 00:00:00-04:00,132.5715923300576,135.45789944214923,132.3434543540329,135.16033935546875,22848000,0.0,0.0
2023-10-05 00:00:00-04:00,135.02150403388399,135.38848629654427,133.36014046084676,134.8826446533203,15922900,0.0,0.0
2023-10-06 00:00:00-04:00,133.84118007494985,138.0526068898384,133.84118007494985,137.60031127929688,20826700,0.0,0.0
2023-10-09 00:00:00-04:00,136.86631545977247,138.830187545188,135.58681180424267,138.364013671875,16599100,0.0,0.0
2023-10-10 00:00:00-04:00,138.37395577275697,139.59395070160656,137.3027484651147,138.0664825439453,19554900,0.0,0.0
2023-10-11 00:00:00-04:00,138.71121609519687,141.0619124877406,138.7012878384784,140.546142578125,20146300,0.0,0.0
2023-10-12 00:00:00-04:00,141.0023964289306,141.22060618228826,138.3144572677725,139.14761352539062,18173100,0.0,0.0
2023-10-13 00:00:00-04:00,139.50467410455198,140.1890578222688,136.84650474044514,137.4515380859375,19438700,0.0,0.0
2023-10-16 00:00:00-04:00,138.59215687228465,139.75759172703243,138.1855070558803,139.34597778320312,17345600,0.0,0.0
2023-10-17 00:00:00-04:00,138.88972959970616,140.0997963077823,137.40096040733627,139.8419189453125,17424000,0.0,0.0
2023-10-18 00:00:00-04:00,139.6038591053275,140.83376711355135,137.57551355471935,138.1458282470703,18304900,0.0,0.0
2023-10-19 00:00:00-04:00,138.66159651751485,139.85678588842433,137.47137127411622,137.8482666015625,21831200,0.0,0.0
2023-10-20 00:00:00-04:00,137.4614367051682,137.9077692591247,135.1355311896841,135.6265106201172,24970300,0.0,0.0
2023-10-23 00:00:00-04:00,135.1206848543639,137.8879745641379,134.00980977534982,136.77708435058594,20780700,0.0,0.0
2023-10-24 00:00:00-04:00,138.02679931260892,139.56418041730026,137.6201343823261,138.97897338867188,26535200,0.0,0.0
2023-10-25 00:00:00-04:00,128.71328191643568,129.04059652932804,125.06324043425637,125.63851928710938,58796100,0.0,0.0
2023-10-26 00:00:00-04:00,123.45643351150734,124.43836975515116,121.32393959469071,122.43482208251953,33907400,0.0,0.0
2023-10-27 00:00:00-04:00,123.02000871734221,123.42667367407248,120.4709368156047,122.3951416015625,37367700,0.0,0.0
2023-10-30 00:00:00-04:00,123.44651679236583,125.51950178145029,122.87123793728324,124.72601318359375,24165600,0.0,0.0
2023-10-31 00:00:00-04:00,125.24176553726127,125.52940494197857,122.9158674984798,124.27967071533203,21123400,0.0,0.0
2023-11-01 00:00:00-04:00,124.31934466897951,126.69980282774219,123.90773069992387,126.53118896484375,26536600,0.0,0.0
2023-11-02 00:00:00-04:00,128.50495911049603,129.03064198133242,127.06676983868829,127.53294372558594,24091700,0.0,0.0
2023-11-03 00:00:00-04:00,128.0388044967126,129.6654492188667,127.95945412800566,129.30838012695312,19529400,0.0,0.0
2023-11-06 00:00:00-05:00,129.15961308612904,130.48869776525947,128.87196609563105,130.3795928955078,15360400,0.0,0.0
2023-11-07 00:00:00-05:00,130.9052451156187,132.19466187308493,130.07208910662172,131.3218231201172,19223800,0.0,0.0
2023-11-08 00:00:00-05:00,131.28217011535162,132.45255390563898,131.08380177702728,132.17483520507812,15093600,0.0,0.0
2023-11-09 00:00:00-05:00,132.27404456793445,132.86916479674537,130.43910314121416,130.61764526367188,17976500,0.0,0.0
2023-11-10 00:00:00-05:00,130.4589561538622,133.1766499105073,129.80432687069012,132.96835327148438,20872900,0.0,0.0
2023-11-13 00:00:00-05:00,132.27403908643998,133.01793177435835,131.68884713756606,132.5517578125,16409900,0.0,0.0
2023-11-14 00:00:00-05:00,134.54537341042175,136.12243727793228,133.99986425962427,134.32716369628906,22317300,0.0,0.0
2023-11-15 00:00:00-05:00,135.52733231323387,135.7257006752591,134.22800213725242,135.2694549560547,15840900,0.0,0.0
2023-11-16 00:00:00-05:00,135.84473522491476,137.74909876249546,134.97189626140593,137.570556640625,17615100,0.0,0.0
2023-11-17 00:00:00-05:00,136.697713719532,136.87624068193216,134.3767572665926,135.8248748779297,25565300,0.0,0.0
2023-11-20 00:00:00-05:00,134.39661357105123,137.29779810862496,134.3867004502168,136.79690551757812,19569400,0.0,0.0
2023-11-21 00:00:00-05:00,136.81675544972742,137.83340280938174,136.58366845198967,137.4912109375,17648100,0.0,0.0
2023-11-22 00:00:00-05:00,137.96729999233057,139.9510137800878,137.86810824912865,138.8798065185547,17306400,0.0,0.0
2023-11-24 00:00:00-05:00,138.40371045111507,138.53960344801953,136.3505744596838,137.09446716308594,8828600,0.0,0.0
2023-11-27 00:00:00-05:00,136.44975523094647,138.4929779370703,136.4199856014322,136.92584228515625,17886400,0.0,0.0
2023-11-28 00:00:00-05:00,136.5092822047407,137.5308936923905,135.92407507913032,137.4912109375,17046900,0.0,0.0
2023-11-29 00:00:00-05:00,137.8532173400451,138.53263682349683,135.1851201383906,135.2892608642578,21014700,0.0,0.0
2023-11-30 00:00:00-05:00,135.2892685281675,135.84472107816995,131.7086646878818,132.8294677734375,29913500,0.0,0.0
2023-12-01 00:00:00-05:00,132.234375,132.41290198529057,131.0758716816685,132.234375,24268000,0.0,0.0
2023-12-04 00:00:00-05:00,130.22487867768857,130.37959904612927,128.34628917821982,129.5662841796875,24117100,0.0,0.0
2023-12-05 00:00:00-05:00,129.30838023327894,132.4525648150174,128.6735924176367,131.3119354248047,19235100,0.0,0.0
2023-12-06 00:00:00-05:00,131.81775659172175,132.22442149326977,130.24070798468384,130.35972595214844,16360600,0.0,0.0
2023-12-07 00:00:00-05:00,135.48768996796554,138.8599981550586,135.120692538498,137.32261657714844,38419400,0.0,0.0
2023-12-08 00:00:00-05:00,134.55531295052415,136.86634138255732,134.46604946031053,135.52732849121094,23016100,0.0,0.0
2023-12-11 00:00:00-05:00,132.7303102914479,133.692397652505,131.80787541644483,133.60313415527344,24502900,0.0,0.0
2023-12-12 00:00:00-05:00,132.1847755961783,133.44442298418787,131.74835613107385,132.5517578125,26584000,0.0,0.0
2023-12-13 00:00:00-05:00,133.44938880441018,133.68247578829568,131.86737579060906,132.8790740966797,25414500,0.0,0.0
2023-12-14 00:00:00-05:00,133.67257928324926,133.93542079693788,129.99278295707126,132.1153564453125,29619100,0.0,0.0
2023-12-15 00:00:00-05:00,131.8376307046865,133.73208120813683,131.54999883370633,132.75013732910156,58594000,0.0,0.0
2023-12-18 00:00:00-05:00,132.7699602889898,137.2531575475015,132.68069680360648,136.07284545898438,25699800,0.0,0.0
2023-12-19 00:00:00-05:00,136.87625686120646,137.63999093788465,136.33073252072202,136.97544860839844,20661000,0.0,0.0
2023-12-20 00:00:00-05:00,139.18729322164205,141.91291731982514,138.27478660699433,138.5227508544922,33507300,0.0,0.0
2023-12-21 00:00:00-05:00,139.6236980665228,140.87343229433054,139.32911947723971,140.6453094482422,18101500,0.0,0.0
2023-12-22 00:00:00-05:00,140.97262362307936,142.08349848898217,140.8982222492268,141.5578155517578,18513500,0.0,0.0
2023-12-26 00:00:00-05:00,141.8156832689278,142.77283659830934,141.33959623506868,141.65699768066406,11170100,0.0,0.0
2023-12-27 00:00:00-05:00,141.66693438209353,142.15294975111277,139.90241391192308,140.2882537841797,17288400,0.0,0.0
2023-12-28 00:00:00-05:00,140.69491283889934,141.11149093709932,139.68123189934482,140.12954711914062,12192500,0.0,0.0
2023-12-29 00:00:00-05:00,139.53443016864583,140.2832870181097,138.76078294894302,139.7823944091797,14881000,0.0,0.0
2024-01-02 00:00:00-05:00,138.46322095695825,139.46995504446147,136.6183666286553,138.4235382080078,20071900,0.0,0.0
2024-01-03 00:00:00-05:00,137.47136317829077,139.94107700762862,137.30273419820398,139.21702575683594,18974300,0.0,0.0
2024-01-04 00:00:00-05:00,138.71121328893972,139.48980956416412,136.8861848305767,136.9159393310547,18253300,0.0,0.0
2024-01-05 00:00:00-05:00,137.22538155990568,137.67964460388802,135.7356136860292,136.27120971679688,15439500,0.0,0.0
2024-01-08 00:00:00-05:00,136.8762838262915,139.49478604193467,136.75726581384276,139.38568115234375,17645300,0.0,0.0
2024-01-09 00:00:00-05:00,138.91945179204558,141.6371446926063,138.65164623610096,141.3990936279297,19579700,0.0,0.0
2024-01-10 00:00:00-05:00,141.35945267171817,143.34811550758644,141.2999436779615,142.6290283203125,16641900,0.0,0.0
2024-01-11 00:00:00-05:00,143.71512241602125,145.46574939326712,141.05693782003317,142.50009155273438,17471100,0.0,0.0
2024-01-12 00:00:00-05:00,143.16463682510243,143.56138870881026,142.19262119545778,143.06546020507812,13998700,0.0,0.0
2024-01-16 00:00:00-05:00,142.2620526210847,144.65243179771213,141.89110509845526,142.90676879882812,19198900,0.0,0.0
2024-01-17 00:00:00-05:00,141.74628180656052,142.24221028663283,139.36581602149167,141.7264404296875,17884500,0.0,0.0
2024-01-18 00:00:00-05:00,142.2719601654477,144.3994975135521,142.18269667422152,143.80934143066406,18876800,0.0,0.0
2024-01-19 00:00:00-05:00,145.11362536870993,146.83449780088304,144.61274789504768,146.76507568359375,27181000,0.0,0.0
2024-01-22 00:00:00-05:00,147.49904377293632,148.79340974105023,146.37824065176983,146.50718688964844,21829200,0.0,0.0
2024-01-23 00:00:00-05:00,146.51709470071523,147.6478109013083,145.9914117823846,147.46926879882812,14113600,0.0,0.0
2024-01-24 00:00:00-05:00,149.06616252022388,150.33575323918956,148.61982995507057,149.1256866455078,19245000,0.0,0.0
2024-01-25 00:00:00-05:00,150.5043936811302,153.4997910646293,149.98862377929075,152.388916015625,21495100,0.0,0.0
2024-01-26 00:00:00-05:00,151.62516737073108,152.8550754393321,151.5557452540674,152.5376739501953,19494500,0.0,0.0
2024-01-29 00:00:00-05:00,152.38890672378446,153.93620120041987,151.67476848310093,153.57913208007812,20909300,0.0,0.0
2024-01-30 00:00:00-05:00,152.7558697904067,153.77748114698375,151.53092596107905,151.80369567871094,26578900,0.0,0.0
2024-01-31 00:00:00-05:00,144.20607203635288,144.4044403866269,140.39734522676594,140.6453094482422,43908600,0.0,0.0
2024-02-01 00:00:00-05:00,142.5199281751336,143.44234787799212,141.10156486062297,141.54791259765625,25526900,0.0,0.0
2024-02-02 00:00:00-05:00,139.74272467038818,142.70838239062573,137.0448725635355,142.3711395263672,42136100,0.0,0.0
2024-02-05 00:00:00-05:00,142.86706483654686,145.47565339269048,142.73813372776416,143.74981689453125,29254400,0.0,0.0
2024-02-06 00:00:00-05:00,144.77146129260674,145.5451085787885,143.34318472287498,144.22593688964844,21517700,0.0,0.0
2024-02-07 00:00:00-05:00,144.93011253353583,145.80295137118972,144.02753433681707,145.4855499267578,21436100,0.0,0.0
2024-02-08 00:00:00-05:00,145.77318449968357,146.40797220011234,145.2276602724715,146.02114868164062,18241300,0.0,0.0
2024-02-09 00:00:00-05:00,146.74521537123928,149.4678726684874,146.22944558056506,148.99673461914062,21877700,0.0,0.0
2024-02-12 00:00:00-05:00,148.32227680382837,149.36372959425142,147.35026126221675,147.5188751220703,17236100,0.0,0.0
2024-02-13 00:00:00-05:00,144.8805556010702,146.83449991802306,143.92836624588574,145.1781005859375,18138500,0.0,0.0
2024-02-14 00:00:00-05:00,146.1699410781576,146.62620189439806,144.36971845002967,145.9418182373047,16651800,0.0,0.0
2024-02-15 00:00:00-05:00,143.28368374955764,143.58122877280826,140.72469060783413,142.76791381835938,26724300,0.0,0.0
2024-02-16 00:00:00-05:00,143.0356827233574,143.30347317547898,140.3675853804492,140.60562133789062,21865100,0.0,0.0
2024-02-20 00:00:00-05:00,139.79233405575414,142.16187290356933,139.65347467512177,141.0420684814453,18625600,0.0,0.0
2024-02-21 00:00:00-05:00,141.47844558648777,142.80752999329906,140.75439439987161,142.66867065429688,16440800,0.0,0.0
2024-02-22 00:00:00-05:00,144.9301311588268,145.00948153013226,142.8373124110695,144.13665771484375,23024700,0.0,0.0
2024-02-23 00:00:00-05:00,143.78948624209897,144.76646582765463,143.61094414226162,144.10687255859375,14519400,0.0,0.0
2024-02-26 00:00:00-05:00,142.28185642837371,142.6686799790576,137.61021932661703,137.62013244628906,33513000,0.0,0.0
2024-02-27 00:00:00-05:00,138.27479893362784,139.34600639445677,137.37220535998432,138.9591827392578,22364000,0.0,0.0
2024-02-28 00:00:00-05:00,137.96732775036443,138.14585476260407,135.52735264132212,136.3109130859375,30628700,0.0,0.0
2024-02-29 00:00:00-05:00,137.22340606966443,138.81036800466705,136.44975891026198,138.64175415039062,35485000,0.0,0.0
2024-03-01 00:00:00-05:00,138.47313670752334,138.85996027719986,136.8514561912899,136.95559692382812,28551500,0.0,0.0
2024-03-04 00:00:00-05:00,135.4281345075743,135.51741313084796,131.77810837905238,133.10719299316406,43571500,0.0,0.0
2024-03-05 00:00:00-05:00,131.65907315215185,132.92864860750913,130.47876117384314,132.6905975341797,28447600,0.0,0.0
2024-03-06 00:00:00-05:00,133.14687246536687,133.6428009033024,130.87551174428256,131.4805450439453,23175200,0.0,0.0
2024-03-07 00:00:00-05:00,132.7997351447616,134.71402705384082,131.57975525387363,134.1387481689453,24107300,0.0,0.0
2024-03-08 00:00:00-05:00,133.93537537566021,137.85320637982954,133.70228844184783,135.18014526367188,26495200,0.0,0.0
2024-03-11 00:00:00-04:00,135.95381122219644,138.84010284621306,135.95381122219644,137.80857849121094,22536400,0.0,0.0
2024-03-12 00:00:00-04:00,137.12422356345303,139.13769196450795,137.0845559445835,138.48306274414062,19019700,0.0,0.0
2024-03-13 00:00:00-04:00,138.91949311167153,141.032153427276,138.86989723329575,139.62371826171875,19637000,0.0,0.0
2024-03-14 00:00:00-04:00,141.14123053382954,143.5514353763636,140.33286479242958,143.16461181640625,36117900,0.0,0.0
2024-03-15 00:00:00-04:00,142.24219123951534,143.16461082435478,139.98075888396835,141.0122833251953,41039500,0.0,0.0
2024-03-18 00:00:00-04:00,148.15364120400517,151.6846488911196,146.933661612004,147.27088928222656,47676700,0.0,0.0
2024-03-19 00:00:00-04:00,147.7668352422811,148.401623046533,145.8128759581158,146.71546936035156,17748400,0.0,0.0
2024-03-20 00:00:00-04:00,147.57836864668428,148.54047096670638,146.46252973130615,148.46112060546875,17730000,0.0,0.0
2024-03-21 00:00:00-04:00,149.09594439516798,150.07290896442765,146.80474212140953,147.52880859375,19843900,0.0,0.0
2024-03-22 00:00:00-04:00,149.01657887968125,151.31767890615902,148.8677912711738,150.53411865234375,19252900,0.0,0.0
2024-03-25 00:00:00-04:00,149.7207905896594,150.22266689376974,147.58830438593358,149.91915893554688,15114700,0.0,0.0
2024-03-26 00:00:00-04:00,150.00843024347208,151.95246112675696,149.800133652996,150.4646759033203,19312700,0.0,0.0
2024-03-27 00:00:00-04:00,150.90609129531717,151.4466515577584,148.90749999546904,150.7027587890625,16622000,0.0,0.0
2024-03-28 00:00:00-04:00,150.762264229603,151.42680660447064,150.09772185473534,151.0201416015625,21105600,0.0,0.0
2024-04-01 00:00:00-04:00,150.593646201924,155.72154494215505,150.4151040766174,155.22561645507812,24469800,0.0,0.0
2024-04-02 00:00:00-04:00,153.48986358033247,154.71977165131545,152.21037476929487,154.60073852539062,17598100,0.0,0.0
2024-04-03 00:00:00-04:00,153.65849001395787,155.2752218237221,152.87691224005087,155.0966796875,17266200,0.0,0.0
2024-04-04 00:00:00-04:00,153.81718924195445,154.9082228886528,150.64324978909278,150.7027587890625,24184800,0.0,0.0
2024-04-05 00:00:00-04:00,150.44487102789668,153.5791429579456,149.85074961981147,152.6864776611328,16297300,0.0,0.0
2024-04-08 00:00:00-04:00,152.76084948673906,155.37935126257503,152.73605911648897,154.86854553222656,16641500,0.0,0.0
2024-04-09 00:00:00-04:00,156.068688855777,158.58799871591413,155.36446379944525,156.8522491455078,21521500,0.0,0.0
2024-04-10 00:00:00-04:00,156.59438467288027,156.87210341621127,154.92805707835765,156.3761749267578,16339200,0.0,0.0
2024-04-11 00:00:00-04:00,157.05062069315844,159.80798171319478,156.6439557246729,159.4806671142578,17841700,0.0,0.0
2024-04-12 00:00:00-04:00,158.10696816267486,160.3832782232723,157.30853052059595,157.8937225341797,16989800,0.0,0.0
2024-04-15 00:00:00-04:00,158.97483896433098,159.52036334197643,154.8784647057368,155.0570068359375,21140900,0.0,0.0
2024-04-16 00:00:00-04:00,154.37260620614205,155.94965503357042,153.7874142716173,154.72967529296875,15413200,0.0,0.0
2024-04-17 00:00:00-04:00,155.91001232689973,157.38886852681875,154.86359526774135,155.6025390625,16237800,0.0,0.0
2024-04-18 00:00:00-04:00,155.64714833202905,157.1944426871546,154.93797427501906,156.17779541015625,14016100,0.0,0.0
2024-04-19 00:00:00-04:00,156.46543372803805,156.70348484426643,152.6567066755998,154.45196533203125,21479900,0.0,0.0
2024-04-22 00:00:00-04:00,154.7395831139384,157.88873166796236,154.3924422940321,156.66378784179688,17243900,0.0,0.0
2024-04-23 00:00:00-04:00,157.2985805949973,159.17318951221867,156.67867003858106,158.6177520751953,16115400,0.0,0.0
2024-04-24 00:00:00-04:00,157.7945049883115,160.0757788042522,157.52671453168122,159.78814697265625,19485700,0.0,0.0
2024-04-25 00:00:00-04:00,152.11116849157582,156.9911024213894,151.5239939530614,156.66378784179688,36197800,0.0,0.0
2024-04-26 00:00:00-04:00,174.55690876029902,174.98339998099996,170.00427389194311,172.275634765625,56500800,0.0,0.0
2024-04-29 00:00:00-04:00,169.37940009774832,169.98443338729348,165.6996044906062,166.5327606201172,35914600,0.0,0.0
2024-04-30 00:00:00-04:00,166.01702522341475,168.4867394036462,163.1604722940001,163.29933166503906,29420800,0.0,0.0
2024-05-01 00:00:00-04:00,164.82677416786353,167.43536268625076,163.5571985328355,164.2217559814453,25223200,0.0,0.0
2024-05-02 00:00:00-04:00,165.31279392523527,167.15764843401243,164.34077836434196,167.08822631835938,17041100,0.0,0.0
2024-05-03 00:00:00-04:00,168.15941606035406,168.4669044194832,163.63655091315763,167.61390686035156,22767100,0.0,0.0
2024-05-06 00:00:00-04:00,167.84204912118582,168.51650464220705,166.5228774449724,168.44708251953125,15147900,0.0,0.0
2024-05-07 00:00:00-04:00,168.73469964779423,172.05742648719723,168.61568165673512,171.5714111328125,21102400,0.0,0.0
2024-05-08 00:00:00-04:00,169.35958560121642,170.50914449343335,169.13344534939293,169.76625061035156,14569900,0.0,0.0
2024-05-09 00:00:00-04:00,169.75629397712532,171.03579779012114,168.5462274082688,170.18280029296875,11937700,0.0,0.0
2024-05-10 00:00:00-04:00,168.3081847886584,169.9447424740503,166.5426808747025,168.90328979492188,18740500,0.0,0.0
2024-05-13 00:00:00-04:00,164.49648476076973,169.5579271687288,164.41018764445187,169.50833129882812,19648600,0.0,0.0
2024-05-14 00:00:00-04:00,170.19275573962344,171.373068107257,169.03228475161197,170.5299835205078,18729500,0.0,0.0
2024-05-15 00:00:00-04:00,170.8969451087997,172.628729417453,170.6291395109319,172.46408081054688,20958200,0.0,0.0
2024-05-16 00:00:00-04:00,173.17820648557915,174.90402766288676,172.63268220874411,174.00143432617188,17247300,0.0,0.0
2024-05-17 00:00:00-04:00,174.12047694620225,176.04963069272398,173.55511126445666,175.84629821777344,16546400,0.0,0.0
2024-05-20 00:00:00-04:00,175.86614563814317,178.4846472654476,175.78184627644572,177.0067901611328,17495100,0.0,0.0
2024-05-21 00:00:00-04:00,176.94727136898175,178.35572153681474,175.8661509407835,178.07798767089844,14706000,0.0,0.0
2024-05-22 00:00:00-04:00,176.9472585425037,177.39558886312173,175.3404552653416,176.55052185058594,16189400,0.0,0.0
2024-05-23 00:00:00-04:00,177.32415361652696,178.44495661907442,173.11867542803617,173.6344451904297,14928400,0.0,0.0
2024-05-24 00:00:00-04:00,175.08258975996702,175.8602022040112,173.77333134600494,174.89413452148438,11403600,0.0,0.0
2024-05-28 00:00:00-04:00,174.3089409632078,177.05637374095198,174.2494168348634,176.57037353515625,15655300,0.0,0.0
2024-05-29 00:00:00-04:00,175.3702218603177,176.77865688869701,174.82469752039086,175.95541381835938,15023800,0.0,0.0
2024-05-30 00:00:00-04:00,175.2511997081057,175.2511997081057,171.8193681430775,172.1466827392578,18826300,0.0,0.0
2024-05-31 00:00:00-04:00,171.987973957489,172.9996721952252,169.57776904543667,172.54342651367188,28085200,0.0,0.0
2024-06-03 00:00:00-04:00,172.4640834958897,174.42795593025005,171.04572025168727,172.9996795654297,20742800,0.0,0.0
2024-06-04 00:00:00-04:00,173.02943263838765,173.76341219053094,171.80945289286282,173.7039031982422,14066600,0.0,0.0
2024-06-05 00:00:00-04:00,175.09748091903896,176.52079330707764,173.8626086499177,175.6281280517578,15233900,0.0,0.0
2024-06-06 00:00:00-04:00,175.98515294371987,177.25474363053394,175.7669583613436,176.89767456054688,14255800,0.0,0.0
2024-06-07 00:00:00-04:00,177.00678232481278,177.9589564373866,174.35851118378866,174.5172119140625,14716300,0.0,0.0
2024-06-10 00:00:00-04:00,175.21232220153198,177.21815754047344,173.1568496994323,175.3910675048828,17099800,0.2,0.0
2024-06-11 00:00:00-04:00,176.47338958295506,177.1386880697659,174.20938378696226,176.94009399414062,14402400,0.0,0.0
2024-06-12 00:00:00-04:00,178.4891610206767,180.80281927937818,176.53297818288527,178.3004913330078,18600400,0.0,0.0
2024-06-13 00:00:00-04:00,176.59254969142125,177.2578482034491,175.4208339945906,175.50027465820312,15956900,0.0,0.0
2024-06-14 00:00:00-04:00,174.61853763010546,177.47634144809032,174.61853763010546,177.11886596679688,12361600,0.0,0.0
2024-06-17 00:00:00-04:00,175.73859328718498,178.65797347583094,175.25204002358288,177.52597045898438,15272900,0.0,0.0
2024-06-18 00:00:00-04:00,177.53589352094104,177.65506209933395,174.38813090268997,175.21231079101562,15640300,0.0,0.0
2024-06-20 00:00:00-04:00,175.47050007233423,177.48625972043513,175.22225366097445,176.46348571777344,16753200,0.0,0.0
2024-06-21 00:00:00-04:00,177.23801649520456,181.2317928327626,176.81102478107545,178.99559020996094,58903200,0.0,0.0
2024-06-24 00:00:00-04:00,180.0084342593166,180.8028257957206,178.96579631477127,179.52186584472656,18198300,0.0,0.0
2024-06-25 00:00:00-04:00,179.87440059738688,184.4470955473328,179.8346726840199,184.27828979492188,18797000,0.0,0.0
2024-06-26 00:00:00-04:00,182.90795651463554,184.62581747308133,182.6994380099112,184.0697479248047,13375700,0.0,0.0
2024-06-27 00:00:00-04:00,184.34279688709563,186.18478074207886,184.14915744228088,185.5492706298828,13025700,0.0,0.0
2024-06-28 00:00:00-04:00,184.41730828624756,185.2712766076083,182.03910325524268,182.13343811035156,23032400,0.0,0.0
2024-07-01 00:00:00-04:00,183.18598329821762,184.03995153918066,181.44825845977311,183.1959228515625,11815900,0.0,0.0
2024-07-02 00:00:00-04:00,182.1830815201751,185.63866739853052,181.77595376031977,185.30105590820312,12555500,0.0,0.0
2024-07-03 00:00:00-04:00,184.99322608088642,186.30395923485835,184.0846357435602,186.07557678222656,7409100,0.0,0.0
2024-07-05 00:00:00-04:00,186.00607274144073,190.91140895382554,186.00607274144073,190.613525390625,14303400,0.0,0.0
2024-07-08 00:00:00-04:00,190.02267699284852,190.33446983589806,187.99202344933875,189.1438751220703,12097600,0.0,0.0
2024-07-09 00:00:00-04:00,190.4049957710624,191.50721043348673,188.89565336131054,189.10418701171875,10198500,0.0,0.0
2024-07-10 00:00:00-04:00,189.41198777206003,191.9540282767251,189.2828948060124,191.30859375,12052900,0.0,0.0
2024-07-11 00:00:00-04:00,189.9978612150273,191.06036308069565,185.5095772088098,185.9862060546875,16452000,0.0,0.0
2024-07-12 00:00:00-04:00,185.6088812805763,187.36647017471046,184.83435366318002,185.46986389160156,14449100,0.0,0.0
2024-07-15 00:00:00-04:00,185.18189209088845,188.5679615098096,185.18189209088845,186.86996459960938,12186000,0.0,0.0
2024-07-16 00:00:00-04:00,187.63455873782272,189.00486851220003,183.82148265880798,184.19882202148438,12760100,0.0,0.0
2024-07-17 00:00:00-04:00,183.38458305430993,183.93072819360648,180.3460493815527,181.3390350341797,17376600,0.0,0.0
2024-07-18 00:00:00-04:00,182.25258078348955,182.7590131655864,176.95998056625857,177.962890625,17877200,0.0,0.0
2024-07-19 00:00:00-04:00,179.10480497966626,180.69358797514317,177.60540220210612,178.13168334960938,14485900,0.0,0.0
2024-07-22 00:00:00-04:00,181.07093344967527,183.00725237385336,180.6240778003004,182.0639190673828,16303900,0.0,0.0
2024-07-23 00:00:00-04:00,182.55045587750786,183.9207807550584,182.04403871273152,182.31214904785156,23772600,0.0,0.0
2024-07-24 00:00:00-04:00,174.1597305812608,176.7017711003606,172.35250480511445,173.14688110351562,31250700,0.0,0.0
2024-07-25 00:00:00-04:00,173.02774283402505,173.97107613476282,167.86422068367688,167.97344970703125,28967900,0.0,0.0
2024-07-26 00:00:00-04:00,167.5862064031837,168.64869325859306,164.70158406092023,167.496826171875,25150100,0.0,0.0
2024-07-29 00:00:00-04:00,169.30402550080356,170.95238504532668,168.5294980332336,169.9296112060547,13768900,0.0,0.0
2024-07-30 00:00:00-04:00,170.6247221413713,171.73686119528168,168.9267100520719,170.65451049804688,13681400,0.0,0.0
2024-07-31 00:00:00-04:00,173.69304412524224,174.6761053509935,170.51549314793866,171.93545532226562,15650200,0.0,0.0
2024-08-01 00:00:00-04:00,170.77365202091585,174.44769555513358,169.3139620385275,171.2403564453125,17177800,0.0,0.0
2024-08-02 00:00:00-04:00,167.01026201217448,169.01609730507153,165.2228847784919,167.21878051757812,18907800,0.0,0.0
2024-08-05 00:00:00-04:00,156.26613184716328,164.77602532120366,155.5015438795414,159.51319885253906,34907800,0.0,0.0
2024-08-06 00:00:00-04:00,159.81606774352016,161.21121123895858,157.02081097629605,159.4138946533203,36146500,0.0,0.0
2024-08-07 00:00:00-04:00,162.09499163771682,163.63410735620013,159.1160345282507,159.62245178222656,19334200,0.0,0.0
2024-08-08 00:00:00-04:00,161.20525666549872,164.33912519751024,160.89346377730092,162.69076538085938,15733600,0.0,0.0
2024-08-09 00:00:00-04:00,160.51116266680796,164.35898189347273,159.80116644255187,164.22988891601562,13549200,0.0,0.0
2024-08-12 00:00:00-04:00,164.83065699712043,165.53071373627017,162.40281483107793,162.8000030517578,12435000,0.0,0.0
2024-08-13 00:00:00-04:00,164.02634376825822,165.3718351766472,163.6142613611462,164.76611328125,12717600,0.0,0.0
2024-08-14 00:00:00-04:00,163.05817972364892,163.80291895872995,158.41099901782883,160.89346313476562,22515900,0.0,0.0
2024-08-15 00:00:00-04:00,161.0722091785966,162.37301795763494,160.3572582974558,162.0254669189453,18392500,0.0,0.0
2024-08-16 00:00:00-04:00,162.26378469735144,165.77894714480394,161.93609762272953,163.58445739746094,16853100,0.0,0.0
2024-08-19 00:00:00-04:00,165.8286066423577,167.28829678721857,164.924986047585,167.21878051757812,13100800,0.0,0.0
2024-08-20 00:00:00-04:00,167.55641375835484,169.21469807186833,167.47697308353412,167.77487182617188,12622500,0.0,0.0
2024-08-21 00:00:00-04:00,165.81866769042801,167.45708783901335,165.40161556445642,166.4541778564453,15269600,0.0,0.0
2024-08-22 00:00:00-04:00,167.85429547531126,168.2316348885571,163.87242828684379,164.32920837402344,19123800,0.0,0.0
2024-08-23 00:00:00-04:00,165.38175244517151,166.77192620542763,164.49799587934635,166.2555694580078,14281600,0.0,0.0
2024-08-26 00:00:00-04:00,166.97550303029897,168.19191652876518,165.1533828227985,166.7520751953125,11990300,0.0,0.0
2024-08-27 00:00:00-04:00,166.43430435391048,167.06484470728404,164.99447837385452,165.2129364013672,13718200,0.0,0.0
2024-08-28 00:00:00-04:00,165.61016725602144,166.21588918818358,162.13471702434757,163.34616088867188,15208700,0.0,0.0
2024-08-29 00:00:00-04:00,164.89519061621647,166.4541853217569,160.84579232457168,162.25384521484375,17133800,0.0,0.0
2024-08-30 00:00:00-04:00,163.06810191293968,164.1206642599581,162.26378597424664,163.9518585205078,18498800,0.0,0.0
2024-09-03 00:00:00-04:00,162.16941957865765,162.2339660565468,156.74771240879068,157.49742126464844,26533100,0.0,0.0
2024-09-04 00:00:00-04:00,156.96620455763988,159.27489317772043,156.33566412064957,156.70306396484375,17410700,0.0,0.0
2024-09-05 00:00:00-04:00,156.67326286591975,159.88557180823372,156.41509207096252,157.48751831054688,14139500,0.0,0.0
2024-09-06 00:00:00-04:00,157.57689543583044,158.1031766189013,150.86927251244876,151.0629119873047,24999100,0.0,0.0
2024-09-09 00:00:00-04:00,152.7531921042944,153.75742226782708,147.35417486290356,148.6865234375,28057700,0.2,0.0
2024-09-10 00:00:00-04:00,150.5856383998695,151.4307933310078,148.68952437572722,149.1538543701172,20401800,0.0,0.0
2024-09-11 00:00:00-04:00,150.22768361267248,151.60974988834388,147.85132461574966,151.28163146972656,18991500,0.0,0.0
2024-09-12 00:00:00-04:00,153.92643809145218,154.7218752218789,152.6239171865829,154.6522674560547,20980800,0.0,0.0
2024-09-13 00:00:00-04:00,155.4695901738949,158.36595914201126,155.21902951310665,157.46612548828125,16733900,0.0,0.0
2024-09-16 00:00:00-04:00,157.426359026934,158.33116899074565,156.7104670964129,158.0825958251953,14157600,0.0,0.0
2024-09-17 00:00:00-04:00,159.17633157329274,160.66777078137417,158.5002197480472,159.36524963378906,12064800,0.0,0.0
2024-09-18 00:00:00-04:00,159.9320073821086,160.707554573871,158.7487964898365,159.89222717285156,16756500,0.0,0.0
2024-09-19 00:00:00-04:00,163.87931852627625,164.04834645273831,161.59442993628994,162.30833435058594,17548200,0.0,0.0
2024-09-20 00:00:00-04:00,163.58105288018464,163.80973597215976,162.24868902069008,163.7003631591797,46362700,0.0,0.0
2024-09-23 00:00:00-04:00,164.39636164933788,165.65911770531974,162.02000255471572,162.1393280029297,15648400,0.0,0.0
2024-09-24 00:00:00-04:00,163.31258914908378,163.6108800174868,161.10525796328682,162.70606994628906,18774100,0.0,0.0
2024-09-25 00:00:00-04:00,162.03989383208318,163.27977096813476,161.84599945964533,162.05978393554688,13607900,0.0,0.0
2024-09-26 00:00:00-04:00,164.08810658188165,164.5554253176679,162.5668401174544,162.89495849609375,18234500,0.0,0.0
2024-09-27 00:00:00-04:00,162.974535431585,166.01706895236782,162.89499018749672,164.34664916992188,13604300,0.0,0.0
2024-09-30 00:00:00-04:00,163.8395450894186,166.40482200082357,163.70034472236728,166.2357940673828,14070100,0.0,0.0
2024-10-01 00:00:00-04:00,167.89627725572925,169.4672616483176,164.95316398962757,167.4587860107422,18629500,0.0,0.0
2024-10-02 00:00:00-04:00,166.8025312017811,167.91614929788528,165.30115474679585,166.3551025390625,12745000,0.0,0.0
2024-10-03 00:00:00-04:00,164.87362526152447,166.95169339438607,164.42618140247245,166.2556915283203,11004300,0.0,0.0
2024-10-04 00:00:00-04:00,168.37353911363616,168.58234727718948,166.00713256635495,167.59799194335938,11422100,0.0,0.0
2024-10-07 00:00:00-04:00,168.1746727214758,168.9303297388488,163.1932715770751,163.4517822265625,14034700,0.0,0.0
2024-10-08 00:00:00-04:00,164.48585492620182,165.15204447073572,163.37225181600397,164.7543182373047,11723900,0.0,0.0
2024-10-09 00:00:00-04:00,163.91413300288912,165.31111315361008,160.20044883997255,162.12937927246094,19666400,0.0,0.0
2024-10-10 00:00:00-04:00,161.18480236416306,163.3732447672956,160.71748354617083,162.24868774414062,12900500,0.0,0.0
2024-10-11 00:00:00-04:00,162.39784383538043,164.32677428286573,161.57257899590456,163.5810546875,10946000,0.0,0.0
2024-10-14 00:00:00-04:00,163.96883539405545,166.66336048622304,163.83957247029744,165.40061950683594,9981800,0.0,0.0
2024-10-15 00:00:00-04:00,166.18609972557047,168.1249676715351,165.10232420342928,165.9474639892578,14829300,0.0,0.0
2024-10-16 00:00:00-04:00,165.08242133811999,166.32528725506162,164.27307166520532,165.7883758544922,9968500,0.0,0.0
2024-10-17 00:00:00-04:00,166.42472113523215,166.97156999652051,163.43189032363557,163.5710906982422,15113400,0.0,0.0
2024-10-18 00:00:00-04:00,163.92905163049284,165.42049085368782,163.80974134758264,164.1080322265625,13091300,0.0,0.0
2024-10-21 00:00:00-04:00,163.6407061121802,165.2713456501546,163.36726649706551,164.85374450683594,11384000,0.0,0.0
2024-10-22 00:00:00-04:00,163.7600090248769,166.51420412543723,163.7301814568173,165.867919921875,11958600,0.0,0.0
2024-10-23 00:00:00-04:00,165.48012750479322,166.64346331999678,162.69909372365552,163.541259765625,12754300,0.0,0.0
2024-10-24 00:00:00-04:00,163.65062803352635,164.10800934040395,161.84102325103302,163.59097290039062,12764400,0.0,0.0
2024-10-25 00:00:00-04:00,164.4212461299805,166.4446205926495,164.28700688245908,166.03697204589844,14566400,0.0,0.0
2024-10-28 00:00:00-04:00,169.61638522225002,169.6323003379864,164.84377730752618,167.3792266845703,20858300,0.0,0.0
2024-10-29 00:00:00-04:00,168.41829542779465,170.87917639509112,167.6974421867794,170.1632843017578,28916100,0.0,0.0
2024-10-30 00:00:00-04:00,181.3689394779745,182.74105312072933,174.74196997446353,175.1347198486328,49698300,0.0,0.0
2024-10-31 00:00:00-04:00,173.72283511957977,177.4017153581993,171.57515908118327,171.7044219970703,32801900,0.0,0.0
2024-11-01 00:00:00-04:00,170.56097674172983,172.82797823724772,169.33800087086522,171.66464233398438,21752900,0.0,0.0
2024-11-04 00:00:00-05:00,170.26268824097963,170.93879999786293,168.51769968901633,169.70587158203125,16194000,0.0,0.0
2024-11-05 00:00:00-05:00,169.85504053418381,171.11480781025065,169.3976591714699,170.43173217773438,12518300,0.0,0.0
2024-11-06 00:00:00-05:00,174.34923723809248,177.6204536623285,174.04099374585778,177.31222534179688,27061500,0.0,0.0
2024-11-07 00:00:00-05:00,178.08776380214627,181.5379606402899,177.8690181972373,181.2396697998047,16730400,0.0,0.0
2024-11-08 00:00:00-05:00,180.96128198939454,181.30929052344013,178.5451578694263,178.83349609375,15021500,0.0,0.0
2024-11-11 00:00:00-05:00,179.04230731530507,181.04580665049426,178.96276207268343,180.93145751953125,12503400,0.0,0.0
2024-11-12 00:00:00-05:00,180.3448275327077,182.97472098653552,179.95705395915726,182.2737579345703,14065800,0.0,0.0
2024-11-13 00:00:00-05:00,181.11041429999662,181.57277194891768,179.0920012762999,179.45989990234375,13969700,0.0,0.0
2024-11-14 00:00:00-05:00,178.72411071419046,179.4151514149462,175.02534070013834,176.3378143310547,17925800,0.0,0.0
2024-11-15 00:00:00-05:00,174.63758008223877,174.876215806893,171.75909828864272,172.89756774902344,21708900,0.0,0.0
2024-11-18 00:00:00-05:00,173.95649842125187,175.90034266336056,173.4245481327259,175.7909698486328,18662800,0.0,0.0
2024-11-19 00:00:00-05:00,174.23488124920212,179.14171327814492,174.11655714125044,178.55508422851562,15392900,0.0,0.0
2024-11-20 00:00:00-05:00,177.80938661597386,178.08778739151617,174.32936174999057,176.3179473876953,15729800,0.0,0.0
2024-11-21 00:00:00-05:00,174.4536188094134,174.57790539072255,164.3665156222843,168.2740936279297,38839400,0.0,0.0
2024-11-22 00:00:00-05:00,166.20596802924658,167.30465719256492,164.76424667759363,165.6193389892578,24497000,0.0,0.0
2024-11-25 00:00:00-05:00,167.03122875600374,169.4871328302474,166.4445845584255,168.46299743652344,21395700,0.0,0.0
2024-11-26 00:00:00-05:00,168.52266932164437,170.516215799028,168.46299901749023,169.64620971679688,14937500,0.0,0.0
2024-11-27 00:00:00-05:00,169.70587722529407,170.16325856028536,168.7016470218108,169.8450927734375,12433400,0.0,0.0
2024-11-29 00:00:00-05:00,169.08941402343308,169.8947886824315,167.78689301476126,169.5169677734375,9250700,0.0,0.0
2024-12-02 00:00:00-05:00,169.3479299214658,172.6092085706705,169.29821225506845,171.99273681640625,16593400,0.0,0.0
2024-12-03 00:00:00-05:00,172.13195190788124,173.325115316705,171.52543273802027,172.03253173828125,15721500,0.0,0.0
2024-12-04 00:00:00-05:00,171.793915110664,175.42307789592388,171.76408753929945,175.08502197265625,18239800,0.0,0.0
2024-12-05 00:00:00-05:00,176.30800123527666,176.69577480865672,173.01687942278502,173.31517028808594,16145500,0.0,0.0
2024-12-06 00:00:00-05:00,172.8876224530513,175.82973423795733,172.5595040359012,175.48272705078125,13319500,0.0,0.0
2024-12-09 00:00:00-05:00,174.91034929664272,177.22469944777424,174.59678933759568,176.2890167236328,19887800,0.2,0.0
2024-12-10 00:00:00-05:00,183.68998263168118,187.16897349863615,181.83351735491135,185.67584228515625,34317400,0.0,0.0
2024-12-11 00:00:00-05:00,185.84504808741983,195.98838780187663,185.40706053402744,195.80921936035156,41664500,0.0,0.0
2024-12-12 00:00:00-05:00,195.40110358865357,195.8042477924048,192.39492855805142,192.7433319091797,25197800,0.0,0.0
2024-12-13 00:00:00-05:00,191.8275276721291,193.45005306683728,190.3841555218587,190.5036163330078,18883200,0.0,0.0
2024-12-16 00:00:00-05:00,193.47497379231675,199.721233383074,193.22113662191728,197.25259399414062,32248600,0.0,0.0
2024-12-17 00:00:00-05:00,197.6208931858894,201.95097980668515,195.7893225316381,196.21734619140625,24129500,0.0,0.0
2024-12-18 00:00:00-05:00,195.92866966173153,197.7801528795643,188.41323989944044,189.2792510986328,27638400,0.0,0.0
2024-12-19 00:00:00-05:00,192.39492221061928,193.70888489721114,188.65214564178714,188.83131408691406,26981200,0.0,0.0
2024-12-20 00:00:00-05:00,186.15362016517395,193.24599267272131,185.51655152292977,192.07638549804688,45319700,0.0,0.0
2024-12-23 00:00:00-05:00,193.1415129395755,195.59025499774697,190.75250889314452,195.09254455566406,15235900,0.0,0.0
2024-12-24 00:00:00-05:00,195.27168505157465,196.76481616393315,194.30413596925501,196.665283203125,6809800,0.0,0.0
2024-12-26 00:00:00-05:00,195.83908139855941,197.25257702339078,194.97305502831827,196.1974334716797,7907900,0.0,0.0
2024-12-27 00:00:00-05:00,195.57032390029536,195.89881458378935,191.09292009158196,193.1514434814453,14693000,0.0,0.0
2024-12-30 00:00:00-05:00,189.99097744707944,192.89262210558067,189.48828513293213,191.8076171875,12209500,0.0,0.0
2024-12-31 00:00:00-05:00,191.56375561488875,192.3650620367038,188.71186966700776,189.56793212890625,14355200,0.0,0.0
2025-01-02 00:00:00-05:00,190.6081299911665,192.31527281627066,187.84584367286573,189.75704956054688,17545200,0.0,0.0
2025-01-03 00:00:00-05:00,191.8424917522312,193.60935770715386,190.4737880666408,192.24563598632812,12875000,0.0,0.0
2025-01-06 00:00:00-05:00,194.2563673052009,198.64617677482565,194.16678307657583,197.0535125732422,19483300,0.0,0.0
2025-01-07 00:00:00-05:00,197.36207327589548,201.2143466578344,195.0427411419149,195.80921936035156,16966800,0.0,0.0
2025-01-08 00:00:00-05:00,193.06184624483373,196.73495114401013,192.86276513795815,194.49525451660156,14335300,0.0,0.0
2025-01-10 00:00:00-05:00,194.52512767087055,196.7150503565844,190.72262817648917,192.28543090820312,20753800,0.0,0.0
2025-01-13 00:00:00-05:00,190.4737563906964,191.60853537738726,187.7960722863248,191.40943908691406,13169100,0.0,0.0
2025-01-14 00:00:00-05:00,191.618497453767,192.3849756964784,188.7715934554687,190.17514038085938,13651200,0.0,0.0
2025-01-15 00:00:00-05:00,193.46002620372033,196.89422470667378,192.44469279964986,196.07797241210938,12894900,0.0,0.0
2025-01-16 00:00:00-05:00,194.9282738716767,196.07798367318762,193.41026323698176,193.51976013183594,13449600,0.0,0.0
2025-01-17 00:00:00-05:00,197.143080854053,197.89959514943848,194.41562255485658,196.64537048339844,22109100,0.0,0.0
2025-01-21 00:00:00-05:00,199.5917954428251,202.90654813594054,198.52670321151783,198.71583557128906,19005200,0.0,0.0
2025-01-22 00:00:00-05:00,199.63163672065812,201.19443941769566,198.28781261730893,199.114013671875,15477400,0.0,0.0
2025-01-23 00:00:00-05:00,199.0642388877016,201.01527025607078,195.9187208366964,198.66607666015625,15170800,0.0,0.0
2025-01-24 00:00:00-05:00,198.93484816863383,201.64239389459595,198.86914091953136,200.97544860839844,12732400,0.0,0.0
2025-01-27 00:00:00-05:00,193.30075004630146,197.76023057284826,191.81756772084356,192.88267517089844,24970200,0.0,0.0
2025-01-28 00:00:00-05:00,193.7586555420029,196.32684306707887,191.7280037627585,196.16758728027344,15939200,0.0,0.0
2025-01-29 00:00:00-05:00,196.4661862034589,197.55120635148114,194.29617628524454,196.2770538330078,12287800,0.0,0.0
2025-01-30 00:00:00-05:00,198.8452349044127,202.30732015197103,198.55855933040075,201.7021026611328,14571500,0.0,0.0
2025-01-31 00:00:00-05:00,202.78214562145902,206.13174209790108,202.64776928080957,204.6585235595703,17060300,0.0,0.0
2025-02-03 00:00:00-05:00,201.28899455348483,204.28023863747416,200.7365433519632,201.71205139160156,16719500,0.0,0.0
2025-02-04 00:00:00-05:00,203.56354281581105,207.74430691654345,203.32463636845785,206.75885009765625,28285400,0.0,0.0
2025-02-05 00:00:00-05:00,192.21575957910818,193.6591166789746,189.04036484605254,192.4148406982422,43666400,0.0,0.0
2025-02-06 00:00:00-05:00,190.1154060311581,192.9423971897316,189.6176956783565,192.42477416992188,20816600,0.0,0.0
2025-02-07 00:00:00-05:00,191.85739745606065,192.13113208194073,184.25238366707939,186.2830352783203,29565700,0.0,0.0
2025-02-10 00:00:00-05:00,188.19424298737349,189.11999217535,186.7508859497544,187.3381805419922,16606000,0.0,0.0
2025-02-11 00:00:00-05:00,185.97942392823657,187.93542186122386,185.2278764766205,186.21334838867188,13028100,0.0,0.0
2025-02-12 00:00:00-05:00,184.38179045989133,185.97446981484262,182.78912629385607,184.58087158203125,17632300,0.0,0.0
2025-02-13 00:00:00-05:00,185.0785858283764,187.12916547689161,184.03340611819064,187.01966857910156,12729300,0.0,0.0
2025-02-14 00:00:00-05:00,185.97445682169322,187.28840428715017,185.25775268092943,186.01426696777344,12714200,0.0,0.0
2025-02-18 00:00:00-05:00,186.58166234828715,186.9201017480401,182.73933775820967,184.9491729736328,19796000,0.0,0.0
2025-02-19 00:00:00-05:00,185.33240666488575,186.5020290634484,184.65054589329594,186.27308654785156,13120500,0.0,0.0
2025-02-20 00:00:00-05:00,185.64596580229355,186.26312179330148,183.7546724943509,185.7853240966797,12063800,0.0,0.0
2025-02-21 00:00:00-05:00,186.43234871069268,186.61153234693336,180.3005683314434,180.74850463867188,19520800,0.0,0.0
2025-02-24 00:00:00-05:00,182.95833932703832,184.24242542853543,180.05171252095613,180.36029052734375,18734000,0.0,0.0
2025-02-25 00:00:00-05:00,179.33003564832237,179.93226098828964,175.96054165873886,176.5577850341797,20832500,0.0,0.0
2025-02-26 00:00:00-05:00,176.1347237047255,177.26452073540196,172.79507630783428,173.89999389648438,23637200,0.0,0.0
2025-02-27 00:00:00-05:00,175.13432915333055,175.78134656514663,168.97466202962403,169.43057250976562,25930500,0.0,0.0
2025-02-28 00:00:00-05:00,169.5201599139399,171.71008256686463,167.61890260075836,171.43136596679688,30049800,0.0,0.0
2025-03-03 00:00:00-05:00,172.93445574014441,174.19864444127194,166.8723465589281,167.88768005371094,24122000,0.0,0.0
2025-03-04 00:00:00-05:00,167.17095204917203,174.36285737548576,166.7727746623474,171.81956481933594,30711400,0.0,0.0
2025-03-05 00:00:00-05:00,171.53091848861095,174.94520452087065,170.14726900378645,174.18869018554688,18848000,0.0,0.0
2025-03-06 00:00:00-05:00,171.75987492474664,175.92072688928232,171.71805983582803,173.4122772216797,19082400,0.0,0.0
2025-03-07 00:00:00-05:00,172.4486796541794,176.08991817485642,171.46121793179898,174.9451904296875,16395300,0.0,0.0
2025-03-10 00:00:00-04:00,169.57375167224203,169.86274584496755,164.99458160193325,167.23184204101562,28990700,0.2,0.0
2025-03-11 00:00:00-04:00,166.10574265010774,168.07394441383764,162.67760699625669,165.4081573486328,23705900,0.0,0.0
2025-03-12 00:00:00-04:00,167.88959752943245,168.94594324205192,164.90989304067617,168.4177703857422,19880100,0.0,0.0
2025-03-13 00:00:00-04:00,167.40127883666267,167.54079590690662,163.50476094405604,164.1624755859375,15206200,0.0,0.0
2025-03-14 00:00:00-04:00,164.74547451647462,167.6703606934966,163.94323992063195,167.0425262451172,18611100,0.0,0.0
2025-03-17 00:00:00-04:00,166.74852805647282,167.87962748094336,165.23874815007622,165.9961395263672,17839100,0.0,0.0
2025-03-18 00:00:00-04:00,165.38824729052251,165.86658935411072,158.25291101452655,162.1095733642578,24616800,0.0,0.0
2025-03-19 00:00:00-04:00,163.35028038381702,167.55375102253015,162.48827017668626,165.70713806152344,24955700,0.0,0.0
2025-03-20 00:00:00-04:00,163.26058333399368,166.45454321967475,162.57794574460488,164.4813690185547,19981500,0.0,0.0
2025-03-21 00:00:00-04:00,162.81713850085896,165.89648938026642,162.46833821606813,165.67724609375,29882100,0.0,0.0
2025-03-24 00:00:00-04:00,168.68185642992069,169.9126022804945,166.86314686610962,169.3445587158203,18742800,0.0,0.0
2025-03-25 00:00:00-04:00,170.59023314947993,172.31428379871582,169.96241400330516,172.19468688964844,13841600,0.0,0.0
2025-03-26 00:00:00-04:00,170.70985032828085,171.34764482956913,166.28613272719656,166.56417846679688,22498000,0.0,0.0
2025-03-27 00:00:00-04:00,166.1356533995557,166.86313412830248,163.28550613191504,163.51470947265625,21571200,0.0,0.0
2025-03-28 00:00:00-04:00,161.8006371166279,163.24563852806418,154.8038297940633,155.5223388671875,34866500,0.0,0.0
2025-03-31 00:00:00-04:00,154.2766360448414,156.58865032831423,151.6856028583705,155.69174194335938,33591600,0.0,0.0
2025-04-01 00:00:00-04:00,154.76495845000798,159.52848902265336,154.72011531021212,158.33262634277344,20111400,0.0,0.0
2025-04-02 00:00:00-04:00,156.41926537638946,159.7228321300682,155.9907388578214,158.31271362304688,17113300,0.0,0.0
2025-04-03 00:00:00-04:00,152.30846732210267,154.1540766873175,151.65570990506598,152.1041717529297,28416100,0.0,0.0
2025-04-04 00:00:00-04:00,149.38354948996036,152.5625615445438,147.03167969458036,147.2310028076172,39832200,0.0,0.0
2025-04-07 00:00:00-04:00,142.89599361520985,154.39622943328632,142.16851286156196,148.72584533691406,47823000,0.0,0.0
2025-04-08 00:00:00-04:00,153.04589255222663,153.90791788443934,144.70972180796127,146.0749969482422,35304400,0.0,0.0
2025-04-09 00:00:00-04:00,145.82586392739347,161.31231863948028,145.3076511799823,160.50511169433594,46479500,0.0,0.0
2025-04-10 00:00:00-04:00,158.2130526044237,159.47868160240188,151.6756548043879,154.83473205566406,35270500,0.0,0.0
2025-04-11 00:00:00-04:00,155.04900115803798,159.3092672826885,155.04900115803798,158.85084533691406,22582000,0.0,0.0
2025-04-14 00:00:00-04:00,161.75079862743743,163.46487400956826,159.36903338925384,160.9136962890625,18255900,0.0,0.0
2025-04-15 00:00:00-04:00,161.01335861309875,161.49170063641694,157.10187816944182,158.13330078125,15690800,0.0,0.0
2025-04-16 00:00:00-04:00,154.93438374580234,157.6350388738156,153.37976061279954,154.9642791748047,16921500,0.0,0.0
2025-04-17 00:00:00-04:00,156.07043740501342,156.52885927311058,150.3801031866001,152.83163452148438,19513400,0.0,0.0
2025-04-21 00:00:00-04:00,150.44490840068394,150.5395823336707,147.8887426224847,149.34371948242188,16147800,0.0,0.0
2025-04-22 00:00:00-04:00,150.5495297424931,154.07732678148508,150.35020663233604,153.36976623535156,15910300,0.0,0.0
2025-04-23 00:00:00-04:00,157.3659683238289,159.46869950938657,155.81134530630172,157.17662048339844,18575700,0.0,0.0
2025-04-24 00:00:00-04:00,157.9788352588042,161.1528749026919,157.54533637665355,160.9136962890625,30787500,0.0,0.0
2025-04-25 00:00:00-04:00,166.52431024541298,167.66038208926318,162.43842955449924,163.28550720214844,35148100,0.0,0.0
2025-04-28 00:00:00-04:00,163.6941004600128,164.38172576585993,159.8274778340619,161.86044311523438,20871200,0.0,0.0
2025-04-29 00:00:00-04:00,161.48673075211903,162.1195376151089,158.84087881059526,161.50167846679688,15955200,0.0,0.0
2025-04-30 00:00:00-04:00,159.30925834293936,160.81803471635155,156.6135756588639,160.33570861816406,20639500,0.0,0.0
2025-05-01 00:00:00-04:00,161.96009763452335,163.37520368939192,160.37556387456513,162.22915649414062,21904300,0.0,0.0
2025-05-02 00:00:00-04:00,164.3866889686756,166.12567212406213,163.09615240506508,165.23873901367188,16844900,0.0,0.0
2025-05-05 00:00:00-04:00,163.94822044762998,166.5243214241733,163.90337730415152,165.47793579101562,15309300,0.0,0.0
2025-05-06 00:00:00-04:00,163.3951259397453,166.16554696960202,162.56798366015224,164.63084411621094,10691900,0.0,0.0
2025-05-07 00:00:00-04:00,165.49786113936176,166.41468972066798,148.97498090988586,152.27357482910156,78729800,0.0,0.0
2025-05-08 00:00:00-04:00,155.3828066389,156.86767861269485,153.56908499633963,155.21339416503906,38387500,0.0,0.0
2025-05-09 00:00:00-04:00,155.01409652114108,155.89105437289106,153.30002111123036,153.84812927246094,22871000,0.0,0.0
2025-05-12 00:00:00-04:00,158.5518855822317,159.88726545586675,157.34604750120752,159.0302276611328,31884900,0.0,0.0
2025-05-13 00:00:00-04:00,159.36904920072405,161.5016759636265,157.03711450979918,160.33570861816406,24944300,0.0,0.0
2025-05-14 00:00:00-04:00,160.75425431916318,167.76003343226498,160.3755586245459,166.2353057861328,31769200,0.0,0.0
2025-05-15 00:00:00-04:00,166.56416520922104,166.93288561158357,163.2755313961832,164.8301544189453,22717600,0.0,0.0
2025-05-16 00:00:00-04:00,168.34799688904792,170.0620723801173,166.37482262141023,166.85316467285156,36271400,0.0,0.0
2025-05-19 00:00:00-04:00,165.14408202569703,167.37138270626306,164.84511253179298,167.29165649414062,21374700,0.0,0.0
2025-05-20 00:00:00-04:00,167.18203886374593,169.09542238192347,163.69409683237404,164.75045776367188,33563300,0.0,0.0
2025-05-21 00:00:00-04:00,164.38171022936268,173.9287069806468,164.32191937471765,169.47410583496094,45567600,0.0,0.0
2025-05-22 00:00:00-04:00,172.75277203751796,177.51630252719323,171.28783533815982,171.38748168945312,45024100,0.0,0.0
2025-05-23 00:00:00-04:00,169.6933472793524,170.61516349512442,168.6768571426718,169.00572204589844,24963600,0.0,0.0
2025-05-27 00:00:00-04:00,170.70984040857914,173.68952953082126,170.6201541260049,173.38059997558594,24341300,0.0,0.0
2025-05-28 00:00:00-04:00,173.38060811094195,175.87199522970104,172.41893633259377,172.78268432617188,25999200,0.0,0.0
2025-05-29 00:00:00-04:00,174.39710097134503,174.79571683393422,171.18819309697466,172.3641357421875,21174700,0.0,0.0
2025-05-30 00:00:00-04:00,171.8160148026651,172.84246501872812,167.9443897158325,172.25450134277344,36258300,0.0,0.0
2025-06-02 00:00:00-04:00,168.4277201511054,170.47265253347098,168.06895981724793,169.7830352783203,24742900,0.0,0.0
2025-06-03 00:00:00-04:00,168.28322165672472,169.21499790569834,166.10573677644086,167.1322021484375,25386700,0.0,0.0
2025-06-04 00:00:00-04:00,167.70023534112542,168.99575958230332,167.21690566982434,168.80641174316406,18508700,0.0,0.0
2025-06-05 00:00:00-04:00,171.02873742014836,171.76619347877022,168.76656887329105,169.2249755859375,25375400,0.0,0.0
2025-06-06 00:00:00-04:00,171.70639878734616,175.22423609077742,171.70639878734616,174.31736755371094,22258100,0.0,0.0
2025-06-09 00:00:00-04:00,175.47476517942692,177.51516765540885,175.26524563491927,177.23081970214844,18817600,0.21,0.0
2025-06-10 00:00:00-04:00,177.3605099731449,182.0349940426737,176.07840935677868,179.60545349121094,32908000,0.0,0.0
2025-06-11 00:00:00-04:00,180.82271788080294,181.3415535485882,177.59998091691168,178.38819885253906,18994400,0.0,0.0
2025-06-12 00:00:00-04:00,177.08112923486027,177.72967756706512,175.71421302887705,176.57228088378906,17345900,0.0,0.0
2025-06-13 00:00:00-04:00,173.18990706767596,177.94220343377233,173.17993502198036,175.4847412109375,20873200,0.0,0.0
2025-06-16 00:00:00-04:00,175.50966990257425,177.84440733292834,175.4248694572838,177.54010009765625,18132500,0.0,0.0
2025-06-17 00:00:00-04:00,176.6022167130365,178.31335883126377,175.5446013539514,176.83169555664062,17656100,0.0,0.0
2025-06-18 00:00:00-04:00,176.88159135832956,177.42437514186435,172.45156708667707,173.58900451660156,32531800,0.0,0.0
2025-06-20 00:00:00-04:00,174.47201728620755,174.9708935959476,165.89633230381628,167.35304260253906,55402600,0.0,0.0
2025-06-23 00:00:00-04:00,166.9439859151216,168.10136745461892,162.96294723657724,165.6369171142578,36975600,0.0,0.0
2025-06-24 00:00:00-04:00,167.30815279619202,168.86963814911823,166.53490057245736,167.363037109375,27310300,0.0,0.0
2025-06-25 00:00:00-04:00,168.27097004201798,172.97039149075704,168.18218077858864,171.10459899902344,23627400,0.0,0.0
2025-06-26 00:00:00-04:00,172.9953446508002,174.25750119449495,170.4760251986993,174.03799438476562,25909100,0.0,0.0
2025-06-27 00:00:00-04:00,174.23755046310885,178.43808060164764,172.32186719851077,177.86936950683594,74053100,0.0,0.0
2025-06-30 00:00:00-04:00,180.3787228966327,181.17193445464187,175.10559630004255,176.99134826660156,43964600,0.0,0.0
2025-07-01 00:00:00-04:00,176.40766091669954,176.82173681784994,174.26749231134937,176.51243591308594,25778500,0.0,0.0
2025-07-02 00:00:00-04:00,176.14823183617747,179.53061255840478,175.6942525739284,179.3560028076172,19325900,0.0,0.0
2025-07-03 00:00:00-04:00,179.41588617215984,180.36374813071492,177.78954450492,180.1442413330078,13287400,0.0,0.0
2025-07-07 00:00:00-04:00,179.73017509426768,179.9347162223865,176.2430343191759,177.1609649658203,20991400,0.0,0.0
2025-07-08 00:00:00-04:00,178.37823270878434,178.38820475531284,173.52915380869814,174.76637268066406,24108600,0.0,0.0
2025-07-09 00:00:00-04:00,175.71422251124224,179.874849298989,173.48923833027638,177.2607421875,31288000,0.0,0.0
2025-07-10 00:00:00-04:00,176.27294907092534,179.1863848203811,175.34504646565358,178.2983856201172,24693700,0.0,0.0
2025-07-11 00:00:00-04:00,177.5101740042785,182.19960831898157,177.1419999954269,180.90252685546875,23975700,0.0,0.0
2025-07-14 00:00:00-04:00,181.66084266240972,184.314853292282,180.3048879643518,182.399169921875,20990400,0.0,0.0
2025-07-15 00:00:00-04:00,183.52663093866997,184.9933286005737,181.98011123519012,182.6885223388672,23911600,0.0,0.0
2025-07-16 00:00:00-04:00,183.9057768934897,184.918495230525,182.66855811901667,183.3570098876953,21152600,0.0,0.0
2025-07-17 00:00:00-04:00,182.70348267884268,184.77081716458488,181.09210666215927,184.284912109375,21654400,0.0,0.0
2025-07-18 00:00:00-04:00,186.20058972034252,186.93893214253,184.31483787096195,185.52212524414062,21033400,0.0,0.0
2025-07-21 00:00:00-04:00,186.67952714980223,190.83016660863174,186.6296364723373,190.7204132080078,24665000,0.0,0.0
2025-07-22 00:00:00-04:00,191.9875693282541,192.92545928566776,188.07138700477574,191.6782684326172,26212900,0.0,0.0
2025-07-23 00:00:00-04:00,191.92768562090617,192.92543819426825,189.75257709423894,191.07958984375,34068100,0.0,0.0
2025-07-24 00:00:00-04:00,197.66477724976374,198.52284513405064,191.51861729833644,192.76580810546875,45252100,0.0,0.0
2025-07-25 00:00:00-04:00,192.49641987213175,194.83615115662784,191.69822989683496,193.6438446044922,31101800,0.0,0.0
2025-07-28 00:00:00-04:00,193.97310167641388,194.38218392804671,191.42383566879718,192.98532104492188,25553500,0.0,0.0
2025-07-29 00:00:00-04:00,192.8655852885559,196.2180347146009,192.55628441099617,195.98854064941406,31891600,0.0,0.0
2025-07-30 00:00:00-04:00,195.8588546649248,198.03394820551867,195.12051219888494,196.9962921142578,21150500,0.0,0.0
2025-07-31 00:00:00-04:00,196.15817506043504,196.38765390471343,191.64832886600274,192.42657470703125,27852000,0.0,0.0
2025-08-01 00:00:00-04:00,189.3535009380722,191.1873677921112,188.275926225009,189.5231170654297,21236700,0.0,0.0
2025-08-04 00:00:00-04:00,190.74537359845334,195.63934932604175,190.49094179060694,195.31008911132812,23386000,0.0,0.0
2025-08-05 00:00:00-04:00,195.10555823043921,198.25346691547367,194.23751821619157,194.88107299804688,19010200,0.0,0.0
2025-08-06 00:00:00-04:00,194.81120243241776,196.93642042170134,194.0299573673704,196.47744750976562,15383700,0.0,0.0
2025-08-07 00:00:00-04:00,197.2656809558061,197.92418612692944,194.7812714038729,196.83663940429688,14660600,0.0,0.0
2025-08-08 00:00:00-04:00,197.5350696511723,202.97281866623578,197.45524761050837,201.63583374023438,24379900,0.0,0.0
2025-08-11 00:00:00-04:00,201.1020209983049,201.7056722919867,199.350975511727,201.17686462402344,16690200,0.0,0.0
2025-08-12 00:00:00-04:00,201.6408254507789,204.66900843391733,200.94738004290974,203.70118713378906,19854000,0.0,0.0
2025-08-13 00:00:00-04:00,204.5193451985097,204.9683308708392,198.19359670298405,202.57373046875,19573000,0.0,0.0
2025-08-14 00:00:00-04:00,202.10477564460837,204.9583488508943,201.87030316137432,203.36195373535156,17777100,0.0,0.0
2025-08-15 00:00:00-04:00,204.25991797412192,206.86405292627092,201.63084529622404,204.44949340820312,21111400,0.0,0.0
2025-08-18 00:00:00-04:00,204.60914793219283,205.67673537541967,202.9528748413574,203.8308868408203,13000200,0.0,0.0
2025-08-19 00:00:00-04:00,203.44677131463808,203.8309006388751,200.47845082212916,202.0349578857422,13476600,0.0,0.0
2025-08-20 00:00:00-04:00,201.22675406060662,201.71565835672976,197.0162517394249,199.7401123046875,13971700,0.0,0.0
2025-08-21 00:00:00-04:00,200.2689097710961,202.9029761139909,199.9496216206861,200.16912841796875,11768900,0.0,0.0
2025-08-22 00:00:00-04:00,203.5016402542967,208.75978583726322,201.675751050388,206.25543212890625,25723700,0.0,0.0
2025-08-25 00:00:00-04:00,206.53480719693073,210.61561205240125,205.48716382566994,208.68995666503906,22788800,0.0,0.0
2025-08-26 00:00:00-04:00,207.90172031277964,207.9915296242752,205.98603700100233,207.482666015625,23051000,0.0,0.0
2025-08-27 00:00:00-04:00,205.9960135952439,209.0990248670544,205.92616360375612,207.74208068847656,15249000,0.0,0.0
2025-08-28 00:00:00-04:00,207.3729123132075,212.4215384126683,207.13346141489166,211.89273071289062,20915700,0.0,0.0
2025-08-29 00:00:00-04:00,210.79519448500002,214.85603961982682,210.49586566234413,213.05010986328125,24682200,0.0,0.0
2025-09-02 00:00:00-04:00,208.5203225057444,211.89172636742532,206.49488593452472,211.51358032226562,28900100,0.0,0.0
2025-09-03 00:00:00-04:00,225.971030074367,231.27908181286634,224.61408577632568,230.58065795898438,72250300,0.0,0.0
2025-09-04 00:00:00-04:00,229.63775552529555,232.24688413567327,226.25038108084854,232.1371307373047,32196000,0.0,0.0
2025-09-05 00:00:00-04:00,232.13714101756528,235.59934401774802,231.85777148652727,234.64149475097656,26127700,0.0,0.0
2025-09-08 00:00:00-04:00,235.4703704393718,238.07683308861866,233.41316529056112,233.84259033203125,23128800,0.21,0.0
2025-09-09 00:00:00-04:00,233.87254064230376,240.26385887562813,233.06364109506634,239.61474609375,22854800,0.0,0.0
2025-09-10 00:00:00-04:00,238.9256826709429,241.7518482694581,237.78722861695667,239.23526000976562,19990100,0.0,0.0
2025-09-11 00:00:00-04:00,239.81448143259584,242.24119540855662,236.2593095720754,240.45361328125,21308600,0.0,0.0
2025-09-12 00:00:00-04:00,240.47359503906435,242.09439613538615,238.17670967591036,241.0528106689453,14536600,0.0,0.0
2025-09-15 00:00:00-04:00,244.80771003204495,252.40739522173703,244.64792325626271,251.41873168945312,29935200,0.0,0.0
2025-09-16 00:00:00-04:00,251.9879479343738,252.886721815731,249.37648729442694,251.0791778564453,24493500,0.0,0.0
2025-09-17 00:00:00-04:00,251.11914019611262,251.60846622440926,246.24575040208808,249.51132202148438,20491300,0.0,0.0
2025-09-18 00:00:00-04:00,251.51858146535278,253.7954894988705,249.77095374956744,251.98794555664062,21166400,0.0,0.0
2025-09-19 00:00:00-04:00,253.05649509989235,256.3520400389092,251.7262999738622,254.89401245117188,41616800,0.0,0.0
2025-09-22 00:00:00-04:00,254.4346345672764,255.96255937363452,250.4700148378594,252.53721618652344,20079000,0.0,0.0
2025-09-23 00:00:00-04:00,253.31115997003903,254.42465403168023,250.74963448508717,251.99794006347656,17521100,0.0,0.0
2025-09-24 00:00:00-04:00,251.8082005786909,252.61711541084662,246.88489058620982,247.4940643310547,16958500,0.0,0.0
2025-09-25 00:00:00-04:00,244.5080977205706,246.9797487713338,241.3224195620241,246.2357635498047,17379800,0.0,0.0
2025-09-26 00:00:00-04:00,247.44911578332088,249.78094201324313,246.30566363488114,246.8449249267578,16594600,0.0,0.0
2025-09-29 00:00:00-04:00,247.93844920495468,251.30687809276412,242.8703315773225,244.0287628173828,23157200,0.0,0.0
2025-09-30 00:00:00-04:00,242.73050738714113,243.3446791838211,239.24623863215143,243.2198486328125,22541200,0.0,0.0
2025-10-01 00:00:00-04:00,240.8530628773219,246.81497150595618,238.87575111870152,245.2071533203125,23967700,0.0,0.0
2025-10-02 00:00:00-04:00,245.30702484602278,247.29931566997493,242.7754574796697,246.095947265625,20657500,0.0,0.0
2025-10-03 00:00:00-04:00,244.89757357559975,246.78301477995933,242.14132038642188,246.1159210205078,19941400,0.0,0.0
2025-10-06 00:00:00-04:00,245.44682387467418,251.85811921064592,245.35694953418547,251.16905212402344,18309000,0.0,0.0
2025-10-07 00:00:00-04:00,248.5925459182787,251.20900463703433,246.4754246431322,246.7949981689453,13811200,0.0,0.0
2025-10-08 00:00:00-04:00,245.86626070065884,246.9248213802435,244.75776475092104,245.1272735595703,14136500,0.0,0.0
2025-10-09 00:00:00-04:00,244.72781094114117,245.2221350767108,239.35509882598436,241.88168334960938,19375700,0.0,0.0
2025-10-10 00:00:00-04:00,241.83174330747613,244.5081031151831,236.3641588566611,237.16807556152344,22449100,0.0,0.0
2025-10-13 00:00:00-04:00,240.70327301620802,244.6579117832554,240.42365378640827,244.30838012695312,12465000,0.0,0.0
2025-10-14 00:00:00-04:00,241.427306790227,247.68879685496785,240.85107781843712,245.85629272460938,17705400,0.0,0.0
2025-10-15 00:00:00-04:00,247.74871874685488,252.41736942916336,246.4554607554471,251.36880493164062,16048100,0.0,0.0
2025-10-16 00:00:00-04:00,252.122772700916,257.23082941743115,250.33020770413574,251.53857421875,18946000,0.0,0.0
2025-10-17 00:00:00-04:00,251.00928896640758,254.53450266096655,248.25302052802706,253.4459686279297,17653800,0.0,0.0
2025-10-20 00:00:00-04:00,254.88403337816922,257.5304504658622,254.25489770036705,256.6716003417969,13726800,0.0,0.0
2025-10-21 00:00:00-04:00,254.90400164086319,255.03383029849985,244.33834129177995,250.99929809570312,27836400,0.0,0.0
2025-10-22 00:00:00-04:00,254.66431708821446,256.8313737278801,250.1115065245809,252.18768310546875,19650200,0.0,0.0
2025-10-23 00:00:00-04:00,253.35610450636662,255.51318026566653,252.4253762515009,253.3860626220703,13241300,0.0,0.0
2025-10-24 00:00:00-04:00,256.95118990988885,262.15414913586386,255.75283492503297,260.1568603515625,18406000,0.0,0.0
2025-10-27 00:00:00-04:00,265.0002744998441,270.43290270240664,264.5808609008827,269.5640869140625,22987700,0.0,0.0
2025-10-28 00:00:00-04:00,269.83375183368696,271.0121450108063,266.80786026547077,268.0661315917969,20101200,0.0,0.0
2025-10-29 00:00:00-04:00,268.24586167015235,275.595900411786,268.0661129897522,274.7969970703125,26287900,0.0,0.0
2025-10-30 00:00:00-04:00,291.3245481932234,291.53425498576104,280.06983667597433,281.5178527832031,48570000,0.0,0.0
2025-10-31 00:00:00-04:00,282.82109013084,285.8969321261184,277.14681597378535,281.43798828125,29932800,0.0,0.0
2025-11-03 00:00:00-05:00,282.03718595995247,285.552403539531,279.98994650105004,283.73486328125,19691800,0.0,0.0
2025-11-04 00:00:00-05:00,276.6894285938104,281.4519764379777,276.4896875121595,277.6830749511719,18123700,0.0,0.0
2025-11-05 00:00:00-05:00,279.00129772833924,286.31138258460743,277.5033310189176,284.364013671875,20063200,0.0,0.0
2025-11-06 00:00:00-05:00,285.34767015683235,288.41851416951283,281.2382578122001,284.9532165527344,23103800,0.0,0.0
2025-11-07 00:00:00-05:00,283.8247275130803,284.114342933768,275.3662078945626,279.32086181640625,21991100,0.0,0.0
2025-11-10 00:00:00-05:00,284.87834220037746,291.0649218088883,283.15567431675817,290.19610595703125,19508200,0.0,0.0
2025-11-11 00:00:00-05:00,287.8093336403647,291.9437056858744,287.4897601121121,291.3445129394531,14156700,0.0,0.0
2025-11-12 00:00:00-05:00,291.6890325661738,291.9636536729535,283.9944910972563,287.04034423828125,16998800,0.0,0.0
2025-11-13 00:00:00-05:00,282.6013892882789,283.1257020133516,277.62316125903163,278.74163818359375,18060200,0.0,0.0
2025-11-14 00:00:00-05:00,271.5264242058176,278.77159463198814,271.04209627178807,276.60455322265625,18330500,0.0,0.0
2025-11-17 00:00:00-05:00,286.01176347439497,294.12075150639083,283.8447220914702,285.2128601074219,34286100,0.0,0.0
2025-11-18 00:00:00-05:00,288.09391536915274,289.0426397405046,278.6317840514575,284.5736999511719,29702200,0.0,0.0
2025-11-19 00:00:00-05:00,287.2950328562193,303.8375809941279,287.28006903674975,292.59283447265625,43123600,0.0,0.0
2025-11-20 00:00:00-05:00,304.3269167525351,306.47402681961586,288.7780449689889,289.5869445800781,34801400,0.0,0.0
2025-11-21 00:00:00-05:00,296.46757456498995,303.5479600958327,293.9609672298312,299.2438049316406,43670600,0.0,0.0
2025-11-24 00:00:00-05:00,310.5884204886871,319.3664832709761,308.9805870747885,318.0382995605469,55311800,0.0,0.0
2025-11-25 00:00:00-05:00,326.3569834859101,328.2244741468647,317.385183737123,323.2012939453125,50899300,0.0,0.0
2025-11-26 00:00:00-05:00,320.3451779573829,324.54946272266824,316.77004409635146,319.8458557128906,29839600,0.0,0.0
2025-11-28 00:00:00-05:00,322.99154562739795,326.4368809408099,316.5103533311448,319.68603515625,19695800,0.0,0.0
2025-12-01 00:00:00-05:00,317.0446592749507,319.19673688920335,313.55440172776275,314.6928405761719,28520600,0.0,0.0
2025-12-02 00:00:00-05:00,316.4704257774636,318.16813356335206,313.79406591782276,315.59161376953125,24668200,0.0,0.0
2025-12-03 00:00:00-05:00,315.60161969536335,321.6034828847526,313.8539918226923,320.1853942871094,32285100,0.0,0.0
2025-12-04 00:00:00-05:00,322.6070929951429,322.66100540787016,315.1621819405985,317.9584045410156,20831600,0.0,0.0
2025-12-05 00:00:00-05:00,319.5662181425578,323.39101290641935,319.5462562253593,321.65338134765625,15719900,0.0,0.0
2025-12-08 00:00:00-05:00,320.8039919213927,321.00386331874694,311.6904173301635,314.2286376953125,22006900,0.21,0.0
2025-12-09 00:00:00-05:00,312.87958582006485,318.4846459049336,312.3999127582196,317.52630615234375,14151300,0.0,0.0
2025-12-10 00:00:00-05:00,316.3970959564073,321.6433999782248,315.1779536114936,320.7740173339844,22764500,0.0,0.0
2025-12-11 00:00:00-05:00,320.87394053769606,321.76329808879126,309.6618385878626,313.4791564941406,25912100,0.0,0.0
2025-12-12 00:00:00-05:00,314.5734065176645,315.9174608950193,306.7439001819645,310.3013916015625,21264800,0.0,0.0
2025-12-15 00:00:00-05:00,312.40489971781204,312.47985911330255,305.52473726955543,309.10223388671875,22028900,0.0,0.0
2025-12-16 00:00:00-05:00,305.784573653889,311.625459948919,303.61608793224536,307.51336669921875,21285200,0.0,0.0
2025-12-17 00:00:00-05:00,308.7924619197888,308.9773292372283,297.2406027790044,297.85015869140625,29120400,0.0,0.0
2025-12-18 00:00:00-05:00,302.846646642826,305.0451100653827,300.41836465524796,303.5361633300781,21040500,0.0,0.0
2025-12-19 00:00:00-05:00,303.05649361491436,308.77246808062773,302.1271556335122,308.3927307128906,45234400,0.0,0.0
2025-12-22 00:00:00-05:00,311.00590276398736,311.4805744617787,306.37415605916556,311.1108093261719,14091400,0.0,0.0
2025-12-23 00:00:00-05:00,310.9159802898749,316.07732233157225,310.5312415592812,315.457763671875,13961400,0.0,0.0
2025-12-24 00:00:00-05:00,315.9274269904115,316.0673430697277,313.0994327046168,315.4477844238281,6138200,0.0,0.0
2025-12-26 00:00:00-05:00,315.697596822516,316.3371303864859,313.4991334861664,314.7382507324219,6730900,0.0,0.0
2025-12-29 00:00:00-05:00,312.5997990474494,314.7482794651283,311.6804332591459,314.168701171875,12317700,0.0,0.0
2025-12-30 00:00:00-05:00,313.18937063635735,317.47635911952403,313.0294796129375,314.32855224609375,11052500,0.0,0.0
2025-12-31 00:00:00-05:00,313.1493810861174,315.16797851359684,311.9802218497337,313.5790710449219,10821500,0.0,0.0
2026-01-02 00:00:00-05:00,317.3664134053808,322.6866704398477,310.4312967164081,315.0980224609375,22043700,0.0,0.0
2026-01-05 00:00:00-05:00,317.4713546577956,319.02525264134,315.0270622120786,317.09661865234375,19934000,0.0,0.0
2026-01-06 00:00:00-05:00,317.08661903192046,321.33362713520853,312.1201165712904,314.32855224609375,18989900,0.0,0.0
2026-01-07 00:00:00-05:00,314.34855098419695,326.23516596134203,314.2785929449241,322.2030029296875,24681800,0.0,0.0
2026-01-08 00:00:00-05:00,329.03320030352205,330.3072965587092,321.7632977668038,325.7804870605469,21789600,0.0,0.0
2026-01-09 00:00:00-05:00,327.2594319079323,331.24664361980945,326.02031464702753,328.9082946777344,17917700,0.0,0.0
2026-01-12 00:00:00-05:00,326.2701332040466,334.2045456211923,325.28083995553135,332.4957580566406,23893800,0.0,0.0
2026-01-13 00:00:00-05:00,335.0439614518862,340.9598071864901,334.1146234915264,336.1931457519531,24616700,0.0,0.0
2026-01-14 00:00:00-05:00,334.7491627620068,336.79273654204565,330.9068988397455,336.0732421875,17839300,0.0,0.0
2026-01-15 00:00:00-05:00,337.8170192662028,337.89197866848025,331.0567973378674,332.92547607421875,16424900,0.0,0.0
2026-01-16 00:00:00-05:00,334.699218946803,335.00399692197004,327.9389970491494,330.1074523925781,21868600,0.0,0.0
2026-01-20 00:00:00-05:00,321.01383130033213,327.85901487201596,320.66410210372305,321.9331970214844,27169900,0.0,0.0
2026-01-21 00:00:00-05:00,320.8689590122254,332.49077668571255,319.3150610092894,328.1488342285156,22791700,0.0,0.0
2026-01-22 00:00:00-05:00,334.029693291732,334.97400483813163,328.6484745534308,330.6070861816406,19902100,0.0,0.0
2026-01-23 00:00:00-05:00,332.4208233773452,333.79485543404394,327.73912386384455,328.19879150390625,19110600,0.0,0.0
2026-01-26 00:00:00-05:00,327.96897375638883,336.1132304137125,327.2594516081396,333.35516357421875,18502500,0.0,0.0
2026-01-27 00:00:00-05:00,335.39372151591886,337.97689313821826,333.51504015566695,334.76416015625,16080900,0.0,0.0
2026-01-28 00:00:00-05:00,336.3730282034612,337.3923296902988,331.89620142426776,336.04327392578125,17538500,0.0,0.0
2026-01-29 00:00:00-05:00,340.110413087966,342.0490498439696,326.4900031924115,338.4216003417969,24548300,0.0,0.0
2026-01-30 00:00:00-05:00,334.2245448121359,340.0504577998832,332.40584919738757,338.29168701171875,21740200,0.0,0.0
2026-02-02 00:00:00-05:00,336.31306806137826,344.9220241320709,335.77347016017904,344.6571960449219,22775200,0.0,0.0
2026-02-03 00:00:00-05:00,348.269675588024,349.9035038834414,338.35164404867646,340.4601745605469,25786500,0.0,0.0
2026-02-04 00:00:00-05:00,343.5129922654913,344.0076388930214,329.1381099272902,333.1053161621094,36991100,0.0,0.0
2026-02-05 00:00:00-05:00,312.9795292869652,332.4098415688309,306.7039514285333,331.09674072265625,51842000,0.0,0.0
2026-02-06 00:00:00-05:00,327.11956678967005,330.4072593202418,319.9246230593204,322.87255859375,33877000,0.0,0.0
2026-02-09 00:00:00-05:00,321.01385169802745,327.5092759897379,317.47636565634593,324.171630859375,26103300,0.0,0.0
2026-02-10 00:00:00-05:00,320.6840944247819,321.40358879021477,314.4384942026548,318.40570068359375,25281900,0.0,0.0
2026-02-11 00:00:00-05:00,318.7354426626187,320.81899677354073,309.9116724274341,311.1108093261719,24008100,0.0,0.0
2026-02-12 00:00:00-05:00,312.1301041486662,316.25720140820505,307.9330488517572,309.1521911621094,28194000,0.0,0.0
2026-02-13 00:00:00-05:00,307.76817850318747,308.6725707022854,303.68606268869297,305.8045654296875,20236000,0.0,0.0
2026-02-17 00:00:00-05:00,300.4283536382017,304.6753614906176,296.69096599073265,302.6068115234375,23750800,0.0,0.0
2026-02-18 00:00:00-05:00,302.2191096500804,305.6946581383781,301.7674319832104,303.7260437011719,15847700,0.0,0.0
2026-02-19 00:00:00-05:00,302.30700660872435,305.81454523079384,300.4583334565555,303.3462829589844,13448600,0.0,0.0
2026-02-20 00:00:00-05:00,304.58541819197296,316.5370206854778,304.205711316736,314.6783142089844,33663100,0.0,0.0
2026-02-23 00:00:00-05:00,318.9153486533042,319.2300988453611,309.77176561057126,311.4705810546875,17641200,0.0,0.0
2026-02-24 00:00:00-05:00,310.4213396831998,312.1501023326058,305.8745243569723,310.7011413574219,15040700,0.0,0.0
2026-02-25 00:00:00-05:00,311.900268311591,313.4391927184779,309.14220154269384,312.80963134765625,20209100,0.0,0.0
2026-02-26 00:00:00-05:00,312.5847948204166,312.7796648699896,302.19712331874405,306.93377685546875,22380000,0.0,0.0
2026-02-27 00:00:00-05:00,303.72603691045066,311.8602907129145,303.37728357287466,311.21075439453125,33389200,0.0,0.0
2026-03-02 00:00:00-05:00,302.75171857799813,307.92309383959207,300.84806085749403,306.1443176269531,21854400,0.0,0.0
2026-03-03 00:00:00-05:00,298.20991751853006,303.72602030789244,296.4901208549964,303.3462829589844,20361100,0.0,0.0
2026-03-04 00:00:00-05:00,302.4719130675056,305.24495342097674,300.58823031296424,303.23638916015625,20015600,0.0,0.0
2026-03-05 00:00:00-05:00,302.9865469194204,303.15641015461176,297.8601537711846,300.6981506347656,22643900,0.0,0.0
2026-03-06 00:00:00-05:00,295.863567933826,300.11856607791526,295.0421556163293,298.0899963378906,17598000,0.0,0.0
2026-03-09 00:00:00-04:00,294.135009765625,306.5,293.92999267578125,306.010009765625,19632700,0.21,0.0
2026-03-10 00:00:00-04:00,305.875,309.1499938964844,305.30999755859375,306.92999267578125,14386400,0.0,0.0
2026-03-11 00:00:00-04:00,306.29998779296875,311.0690002441406,305.8399963378906,308.4200134277344,13376700,0.0,0.0
2026-03-12 00:00:00-04:00,306.2099914550781,308.6400146484375,300.8399963378906,303.2099914550781,15610200,0.0,0.0
2026-03-13 00:00:00-04:00,306.6549987792969,307.260009765625,299.7799987792969,301.4599914550781,16857500,0.0,0.0
2026-03-16 00:00:00-04:00,303.6000061035156,305.57000732421875,301.80999755859375,304.4200134277344,14822000,0.0,0.0
2026-03-17 00:00:00-04:00,304.6700134277344,310.04998779296875,304.3500061035156,309.4100036621094,14423600,0.0,0.0
2026-03-18 00:00:00-04:00,307.9049987792969,310.75,305.5450134277344,306.29998779296875,13848400,0.0,0.0
2026-03-19 00:00:00-04:00,303.2099914550781,306.67999267578125,301.0,305.7300109863281,15399700,0.0,0.0
2026-03-20 00:00:00-04:00,304.07000732421875,304.3699951171875,296.75,298.7900085449219,34763500,0.0,0.0
2026-03-23 00:00:00-04:00,300.5299987792969,303.3699951171875,298.0299987792969,299.0199890136719,22204100,0.0,0.0
2026-03-24 00:00:00-04:00,296.2099914550781,297.1000061035156,288.8550109863281,289.20001220703125,27411200,0.0,0.0
2026-03-25 00:00:00-04:00,292.1499938964844,294.6600036621094,287.3699951171875,289.5899963378906,22343000,0.0,0.0
2026-03-26 00:00:00-04:00,286.19000244140625,286.5150146484375,279.04998779296875,280.739990234375,29281200,0.0,0.0
2026-03-27 00:00:00-04:00,277.3999938964844,279.0899963378906,273.4800109863281,273.760009765625,25703300,0.0,0.0
2026-03-30 00:00:00-04:00,275.44000244140625,276.260009765625,271.5350036621094,273.1400146484375,22752300,0.0,0.0
2026-03-31 00:00:00-04:00,277.5400085449219,287.04998779296875,276.760009765625,286.8599853515625,31625100,0.0,0.0
2026-04-01 00:00:00-04:00,289.9800109863281,297.9849853515625,289.4700012207031,294.8999938964844,24403600,0.0,0.0
2026-04-02 00:00:00-04:00,288.989990234375,295.8999938964844,287.57000732421875,294.4599914550781,13433400,0.0,0.0
2026-04-06 00:00:00-04:00,294.70001220703125,298.42498779296875,293.7900085449219,297.6600036621094,10121700,0.0,0.0
2026-04-07 00:00:00-04:00,300.1400146484375,304.1000061035156,295.42498779296875,303.92999267578125,17317700,0.0,0.0
2026-04-08 00:00:00-04:00,317.8299865722656,319.3900146484375,312.7049865722656,314.739990234375,20887500,0.0,0.0
2026-04-09 00:00:00-04:00,313.19000244140625,317.42999267578125,309.4700012207031,316.3699951171875,14606800,0.0,0.0
2026-04-10 00:00:00-04:00,318.2250061035156,319.5,314.5400085449219,315.7200012207031,11997600,0.0,0.0
2026-04-13 00:00:00-04:00,315.4200134277344,319.42999267578125,313.69000244140625,319.2099914550781,12212800,0.0,0.0
2026-04-14 00:00:00-04:00,322.06500244140625,330.6400146484375,321.1499938964844,330.5799865722656,18557500,0.0,0.0
2026-04-15 00:00:00-04:00,330.55999755859375,335.0,328.6600036621094,334.4700012207031,15104100,0.0,0.0
2026-04-16 00:00:00-04:00,335.8500061035156,337.3800048828125,331.6499938964844,332.7699890136719,13949600,0.0,0.0
2026-04-17 00:00:00-04:00,334.42999267578125,339.9849853515625,333.2900085449219,339.3999938964844,19683800,0.0,0.0
2026-04-20 00:00:00-04:00,338.55999755859375,339.1600036621094,334.6300048828125,335.3999938964844,12897300,0.0,0.0
2026-04-21 00:00:00-04:00,335.5849914550781,337.1700134277344,329.6300048828125,330.4700012207031,14623800,0.0,0.0
2026-04-22 00:00:00-04:00,334.885009765625,338.0299987792969,332.9599914550781,337.7300109863281,12954200,0.0,0.0
2026-04-23 00:00:00-04:00,339.57501220703125,340.1600036621094,335.05999755859375,337.75,13442100,0.0,0.0
2026-04-24 00:00:00-04:00,337.7200012207031,343.69000244140625,334.04998779296875,342.32000732421875,18260900,0.0,0.0
2026-04-27 00:00:00-04:00,343.8800048828125,350.8999938964844,340.80999755859375,348.5199890136719,17443000,0.0,0.0
2026-04-28 00:00:00-04:00,346.9200134277344,349.8999938964844,344.2799987792969,347.5,18502300,0.0,0.0
2026-04-29 00:00:00-04:00,345.4800109863281,353.3999938964844,342.42999267578125,347.30999755859375,22232200,0.0,0.0
2026-04-30 00:00:00-04:00,371.2550048828125,382.6300048828125,363.0899963378906,381.94000244140625,44570500,0.0,0.0
2026-05-01 00:00:00-04:00,377.9800109863281,383.3900146484375,375.260009765625,383.2200012207031,28047900,0.0,0.0
2026-05-04 00:00:00-04:00,382.32000732421875,384.17999267578125,376.7699890136719,379.6400146484375,18275000,0.0,0.0
2026-05-05 00:00:00-04:00,381.8699951171875,388.9599914550781,380.3500061035156,384.2699890136719,15432500,0.0,0.0
2026-05-06 00:00:00-04:00,389.5899963378906,396.3800048828125,387.1000061035156,395.1400146484375,23097300,0.0,0.0
2026-05-07 00:00:00-04:00,397.05999755859375,397.3550109863281,390.30999755859375,395.29998779296875,15153600,0.0,0.0
2026-05-08 00:00:00-04:00,394.2699890136719,398.3699951171875,393.6700134277344,397.04998779296875,13762500,0.0,0.0
2026-05-11 00:00:00-04:00,390.69000244140625,394.3299865722656,386.2300109863281,386.7699890136719,16314900,0.0,0.0
2026-05-12 00:00:00-04:00,385.0,386.44000244140625,379.7200012207031,383.82000732421875,17103900,0.0,0.0
2026-05-13 00:00:00-04:00,381.9049987792969,399.92999267578125,381.5799865722656,399.0400085449219,18160100,0.0,0.0
2026-05-14 00:00:00-04:00,393.7900085449219,399.10400390625,392.7279968261719,397.1700134277344,13805400,0.0,0.0
2026-05-15 00:00:00-04:00,393.2149963378906,395.8800048828125,389.760009765625,393.32000732421875,15801900,0.0,0.0
2026-05-18 00:00:00-04:00,392.125,404.4700012207031,390.8999938964844,393.1099853515625,18592800,0.0,0.0
2026-05-19 00:00:00-04:00,393.29998779296875,393.3630065917969,383.0,384.8999938964844,25559400,0.0,0.0
2026-05-20 00:00:00-04:00,385.0400085449219,390.70001220703125,380.0,384.8999938964844,16488100,0.0,0.0
2026-05-21 00:00:00-04:00,382.010009765625,388.67999267578125,379.4800109863281,383.4700012207031,16837600,0.0,0.0
2026-05-22 00:00:00-04:00,383.260009765625,384.8699951171875,378.260009765625,379.3800048828125,13382800,0.0,0.0
2026-05-26 00:00:00-04:00,380.9949951171875,385.3900146484375,379.1400146484375,384.8399963378906,16150900,0.0,0.0
2026-05-27 00:00:00-04:00,382.7650146484375,389.7250061035156,382.0,384.8299865722656,16893100,0.0,0.0
2026-05-28 00:00:00-04:00,383.8599853515625,390.0,381.25,386.1199951171875,20772300,0.0,0.0
2026-05-29 00:00:00-04:00,381.20001220703125,381.6499938964844,376.5899963378906,379.1199951171875,8682187,0.0,0.0
