Date,Open,High,Low,Close,Volume,Dividends,Stock Splits,SMA_20,SMA_30,SMA_60,MACD,Bollinger_Upper,Bollinger_Lower,RSI_30,CCI_30,DX_30
2016-05-31 00:00:00-04:00,36.289069344158754,36.68531416875603,36.26526272081435,36.486446380615234,42590000,0.0,0.0,,,,0.0,,,,,0.0
2016-06-01 00:00:00-04:00,36.42743468981656,36.56034239737634,36.2355098608824,36.40858840942383,25072000,0.0,0.0,,,,-0.006210892288770253,,,0.0,,99.9999957965976
2016-06-02 00:00:00-04:00,36.32676263401709,36.35255188463385,35.91365410260733,36.222618103027344,26836000,0.0,0.0,,,,-0.02584143470859601,,,0.0,,99.99999964107882
2016-06-03 00:00:00-04:00,36.166573848053346,36.177482063951174,35.734619092673825,35.82289505004883,24526000,0.0,0.0,,,,-0.07281373929554036,,,0.0,,99.99999975571882
2016-06-06 00:00:00-04:00,35.95035450566174,35.95035450566174,35.43954871421295,35.53575897216797,31306000,0.0,0.0,,,,-0.13169105834081307,,,0.0,,99.99999983987897
2016-06-07 00:00:00-04:00,35.69891556695493,35.80504271583416,35.535753919797486,35.540714263916016,26724000,0.0,0.0,,,,-0.17592396527854248,,,0.17304648000788347,,99.99999983637828
2016-06-08 00:00:00-04:00,35.90323672716388,36.13185900860756,35.7356104042657,36.11747741699219,31674000,0.0,0.0,,,,-0.16256494892704865,,,17.386411941080368,,38.93673741669618
2016-06-09 00:00:00-04:00,35.84918380873386,36.17996801873409,35.822698370129324,36.13235855102539,19778000,0.0,0.0,,,,-0.149058792102835,,,17.76488680727614,,32.76402019907603
2016-06-10 00:00:00-04:00,35.680563352662155,35.9989485687495,35.52980068070066,35.677589416503906,24328000,0.0,0.0,,,,-0.17305624928668806,,,15.51746521312549,,47.46432615186634
2016-06-13 00:00:00-04:00,35.533777042481326,35.976640117951256,35.533777042481326,35.62552261352539,25178000,0.0,0.0,,,,-0.19403900202689073,,,15.288390547836585,,47.464326150243146
2016-06-14 00:00:00-04:00,35.53228398397018,35.829344650384634,35.36564896245043,35.621055603027344,26122000,0.0,0.0,,,,-0.20862355270892152,,,15.268386000474067,,53.68474358239661
2016-06-15 00:00:00-04:00,35.65725882706259,35.854635882022194,35.573447548750856,35.653289794921875,24290000,0.0,0.0,,,,-0.21510133006982812,,,16.088008851586537,,50.90426395807813
2016-06-16 00:00:00-04:00,35.45442343341532,35.540716779195485,34.8766662708212,35.22877883911133,39650000,0.0,0.0,,,,-0.25158933638510916,,,14.214729479470975,,67.60705743466148
2016-06-17 00:00:00-04:00,35.14397055805786,35.15240427828962,34.142295071097095,34.30436325073242,68048000,0.0,0.0,,,,-0.35105224483459807,,,11.260956306212634,,76.37149424640124
2016-06-20 00:00:00-04:00,34.65399528511547,34.837985848490376,34.38817984875492,34.40305709838867,41650000,0.0,0.0,,,,-0.4171054160878711,,,13.251835528183491,,76.37149424484795
2016-06-21 00:00:00-04:00,34.6356485323328,34.85237133931692,34.318750215341325,34.51365280151367,29312000,0.0,0.0,,,,-0.455280688859375,,,15.45076491371806,,77.00108269646117
2016-06-22 00:00:00-04:00,34.66837399076694,34.75764126476761,34.371907358531836,34.589027404785156,23686000,0.0,0.0,,,,-0.4739889178198453,,,16.935256562950002,,77.001082695282
2016-06-23 00:00:00-04:00,34.58852676932901,34.81169303038639,34.07027872851503,34.80772399902344,43428000,0.0,0.0,,,,-0.4657988968915703,,,21.09360171239841,,79.53611129845993
2016-06-24 00:00:00-04:00,33.48360192048007,34.18931019704619,33.398303675895654,33.486083984375,88980000,0.0,0.0,,,,-0.5595039369693922,,,16.06560216430715,,83.68145656706173
2016-06-27 00:00:00-04:00,33.27680035006406,33.34127347418124,32.89414252098004,33.14091491699219,52580000,0.0,0.0,35.26589584350586,,,-0.65407830779629,37.146994096728164,33.384797590283554,15.093574683360956,,85.89851386082078
2016-06-28 00:00:00-04:00,33.67205124134698,33.739494505291745,33.37598193398776,33.72511291503906,43476000,0.0,0.0,35.12782917022705,,,-0.6741184639242164,37.03686810316093,33.21879023729318,23.226458394330876,,67.32344658461038
2016-06-29 00:00:00-04:00,33.87191952470573,34.09156328230063,33.793064801237826,33.92696762084961,38652000,0.0,0.0,35.00374813079834,,,-0.6660348095560877,36.884668564521846,33.12282769707484,25.768000083464514,,53.31276185160702
2016-06-30 00:00:00-04:00,33.994410069421505,34.334123671116835,33.904151474239214,34.323211669921875,31954000,0.0,0.0,34.90877780914307,,,-0.6205021099450221,36.721129674361755,33.09642594392438,30.443928349085823,,44.67855691620215
2016-07-01 00:00:00-04:00,34.328167712052284,34.747227855213765,34.32469433624039,34.675811767578125,26894000,0.0,0.0,34.85142364501953,,,-0.5496294502094088,36.61388689970318,33.08896039033588,34.25612179403991,,31.619077691223392
2016-07-05 00:00:00-04:00,34.51959428737407,34.56323471613872,34.163516538887734,34.46454620361328,29252000,0.0,0.0,34.7978630065918,,,-0.5046919475395697,36.537723794394445,33.05800221878915,33.13063805196039,,34.022800835729846
2016-07-06 00:00:00-04:00,34.2180689222676,34.79830425295011,34.17392905393849,34.60439682006836,28238000,0.0,0.0,34.751047134399414,,,-0.45257685271020875,36.45679997461057,33.04529429418826,34.60201625915586,,27.27286412902402
2016-07-07 00:00:00-04:00,34.6197688543128,34.62572050964793,34.130537488678655,34.48487854003906,26084000,0.0,0.0,34.669417190551755,,,-0.41612258875552044,36.25162155690142,33.08721282420209,33.941741839192744,,27.96564028677689
2016-07-08 00:00:00-04:00,34.69018668216149,34.99815927820202,34.538186791494425,34.99419403076172,31504000,0.0,0.0,34.61250896453858,,,-0.34219026202391234,36.04825723951751,33.17676068955964,39.067388514654695,,17.986320748308422
2016-07-11 00:00:00-04:00,35.114217361188544,35.533773202368494,35.07404651730416,35.46335220336914,22236000,0.0,0.0,34.601797103881836,,,-0.2429407471170819,36.00695791033625,33.196636297427425,43.26253502841022,,5.720743369456378
2016-07-12 00:00:00-04:00,35.66321270887087,35.852655495004505,35.504020079024336,35.73859405517578,26738000,0.0,0.0,34.60745067596436,35.05729942321777,,-0.1404559851842322,36.030747025533465,33.18415432639525,45.53819723080561,56.2876615116925,0.6408514027709553
2016-07-13 00:00:00-04:00,35.886372703493144,35.90521898265675,35.55062818876477,35.55707550048828,18718000,0.0,0.0,34.6042516708374,35.026320393880205,,-0.07304113065140427,36.01821266600547,33.19029067566933,44.32531261799789,58.273710580470855,1.6500047455490625
2016-07-14 00:00:00-04:00,35.78520493588427,35.816450184943506,35.609152448753505,35.753963470458984,19004000,0.0,0.0,34.60928535461426,35.00449956258138,,-0.003684684274439576,36.03959312659374,33.17897758263477,45.94091236885224,67.27624357528995,1.6500047455405242
2016-07-15 00:00:00-04:00,35.99101029392772,35.991505949899086,35.659980210459295,35.699405670166016,25586000,0.0,0.0,34.63281669616699,34.98705914815267,,0.04634421339666517,36.12037719836813,33.14525619396585,45.561912669809914,75.01346134465689,5.0857387348726535
2016-07-18 00:00:00-04:00,35.841249543938055,36.506783212755956,35.76586820200205,36.39023971557617,25910000,0.0,0.0,34.73711051940918,35.00597063700358,,0.14012177259168368,36.40879936911646,33.0654216697019,50.87097177480847,113.41132976673926,14.211366627493481
2016-07-19 00:00:00-04:00,36.19732133317582,36.54943008333932,36.15318524425933,36.547943115234375,24550000,0.0,0.0,34.84435482025147,35.03971010843913,,0.2245777181150288,36.69177568811671,32.99693395238623,51.976971022820656,124.66492414261383,14.911805176879083
2016-07-20 00:00:00-04:00,36.566295581070854,36.80433913340199,36.55488792442403,36.75772476196289,25794000,0.0,0.0,34.95655841827393,35.08027712504069,,0.30492233422572923,36.98329580732418,32.929821029223675,53.41997028953917,140.46861935661852,19.001031268103766
2016-07-21 00:00:00-04:00,36.716565514672794,36.782521828574794,36.49195762905069,36.630767822265625,20526000,0.0,0.0,35.05864543914795,35.09738680521647,,0.3542678777642436,37.209330470566506,32.9079604077294,52.433603416477524,129.12553585993265,17.558177131703925
2016-07-22 00:00:00-04:00,36.790950505887665,36.85938888157612,36.528109004211096,36.8345947265625,25196000,0.0,0.0,35.159988975524904,35.120794677734374,,0.405151371446145,37.4475522873111,32.87242566373871,53.84889290040504,132.14723155445117,18.802175511857413
2016-07-25 00:00:00-04:00,36.73193716858821,36.82814741943239,36.57472716691385,36.68730163574219,20648000,0.0,0.0,35.32004985809326,35.15445175170898,,0.4286503706876488,37.56198649135364,33.07811322483288,52.67720518562096,121.32604741912967,18.802175511758204
2016-07-26 00:00:00-04:00,36.65109569220663,36.782516428250894,36.41453912405371,36.6203498840332,23734000,0.0,0.0,35.494021606445315,35.18761266072591,,0.4368354825418166,37.556807512744406,33.431235700146225,52.14369863519843,108.213176583834,14.934422569074805
2016-07-27 00:00:00-04:00,36.61340522855885,36.91988711864999,36.549923423764525,36.78648376464844,30250000,0.0,0.0,35.647090148925784,35.22646026611328,,0.45152298250465606,37.60906970513865,33.68511059271292,53.35633127913684,111.52087150041434,17.322288937047883
2016-07-28 00:00:00-04:00,37.04784161813428,37.12768386192479,36.663991953052914,36.99180221557617,70604000,0.0,0.0,35.80033187866211,35.27107734680176,,0.47426340183724136,37.67336749111391,33.927296266210305,54.819956209536045,115.83979235420689,20.80119502750639
2016-07-29 00:00:00-04:00,38.32088698025286,38.61050899736969,38.02630461949376,38.12648010253906,76830000,0.0,0.0,35.99049530029297,35.36766738891602,,0.5771908734727731,37.99942721530785,33.98156338527809,61.692114387921556,181.40002409452111,39.571473791477665
2016-08-01 00:00:00-04:00,37.744618934571434,38.70374361747339,37.744618934571434,38.32931900024414,54010000,0.0,0.0,36.17317066192627,35.50183258056641,,0.6674352619104482,38.337201165132825,34.00914015871972,62.74018161469561,163.3838196518801,33.36025803033005
2016-08-02 00:00:00-04:00,38.12152490469198,38.47611192329477,38.079867097329135,38.23955535888672,35690000,0.0,0.0,36.36192111968994,35.62971585591634,,0.7233728226361222,38.556766591268,34.167075648111876,61.964089081052954,149.36609258188213,33.360258030114004
2016-08-03 00:00:00-04:00,38.04664000608194,38.345683287666304,38.02878503814585,38.34419631958008,25748000,0.0,0.0,36.54891109466553,35.75740063985189,,0.7673024089849179,38.75051887315827,34.347303316172784,62.52314517185417,136.34808036955414,32.21837426916947
2016-08-04 00:00:00-04:00,38.29658086655203,38.38832640476136,38.12672600424201,38.26633071899414,22806000,0.0,0.0,36.73798370361328,35.87997741699219,,0.7867644881688918,38.84051078457806,34.635456622648505,61.823652136223224,125.79545869856405,32.71589564979998
2016-08-05 00:00:00-04:00,38.37395031655197,38.83318129665586,38.30253801300439,38.79251480102539,36024000,0.0,0.0,36.92789974212646,36.01280377705892,,0.8350213773990731,39.053279171920124,34.8025203123328,64.59281975708933,133.27688835244936,37.654429721505295
2016-08-08 00:00:00-04:00,38.781602439434685,38.81284768671633,38.58774418202097,38.76970291137695,22158000,0.0,0.0,37.093217277526854,36.188924407958986,,0.8614938164832537,39.25302335281605,34.93341120223766,64.38337215227958,128.50188906913434,37.654429721360636
2016-08-09 00:00:00-04:00,38.736973863929826,39.12578009706574,38.71068895830901,38.8936882019043,26378000,0.0,0.0,37.250971984863284,36.380683517456056,,0.8823073025715189,39.454633118657455,35.04731085106911,65.02109146169369,130.76984244482136,40.91890085892569
2016-08-10 00:00:00-04:00,38.86839395090383,39.02024631657836,38.82019045415062,38.91451644897461,15728000,0.0,0.0,37.418844032287595,36.553663635253905,,0.8902208934032956,39.5904820637233,35.24720600085189,65.12959392229503,124.28310758297464,40.918900858784006
2016-08-11 00:00:00-04:00,38.93037792356433,39.165943147903825,38.82970300926719,38.92293930053711,19502000,0.0,0.0,37.5772928237915,36.72019602457682,,0.8869479411208943,39.69932812600443,35.455257521578574,65.17478542861122,120.14634228974707,42.42106346145415
2016-08-12 00:00:00-04:00,38.75680382196615,38.85078170554091,38.70225139723868,38.84210205078125,14810000,0.0,0.0,37.73442764282227,36.8708257039388,,0.8678274378864046,39.732788331782906,35.73606695386163,64.3468381870459,102.47127740014983,39.21787953033446
2016-08-15 00:00:00-04:00,38.86839364462219,39.0538711639094,38.68787646942803,38.803428649902344,18764000,0.0,0.0,37.85508708953857,37.00841293334961,,0.8398721576424109,39.8024801530369,35.90769402604024,63.944813731572246,96.59069439435847,41.39077549337307
2016-08-16 00:00:00-04:00,38.69729890309719,38.73102243342169,38.35729019609048,38.540584564208984,20560000,0.0,0.0,37.954719161987306,37.1442808787028,,0.7874310604997277,39.82280933246274,36.08662899151187,61.25408795286775,74.60734542994146,33.36258300524183
2016-08-17 00:00:00-04:00,38.549516408679494,38.722594975933056,38.36155680773828,38.67795944213867,18484000,0.0,0.0,38.0507308959961,37.280066299438474,,0.7483298372113936,39.856119324922076,36.24534246707012,62.11597934755193,71.42787927738854,33.36258300502781
2016-08-18 00:00:00-04:00,38.68291129009017,38.824252701820384,38.53363559898319,38.55843353271485,14388000,0.0,0.0,38.14711418151855,37.415851465861,,0.699632169926474,39.83533667456826,36.458891688468846,60.896713234719364,69.32542969228206,34.58488051300074
2016-08-19 00:00:00-04:00,38.43445140174456,38.53859591279714,38.34171454558111,38.45528030395508,17230000,0.0,0.0,38.228148460388184,37.53122100830078,,0.6452769631221074,39.80287517592872,36.65342174484765,59.84792385211398,54.55233351179844,29.930360514409802
2016-08-22 00:00:00-04:00,38.34865741652061,38.4116397789773,38.18896538300822,38.29310989379883,19028000,0.0,0.0,38.30843887329102,37.625546264648435,,0.5824007203640917,39.70617841146671,36.910699335115325,58.21728267376538,42.436018243384076,26.333072891929362
2016-08-23 00:00:00-04:00,38.45825618412714,38.50586564639144,38.27501102264558,38.289642333984375,18564000,0.0,0.0,38.391903495788576,37.71058120727539,36.38394031524658,0.5262250471027983,39.542769726875434,37.24103726470172,58.182217565099236,42.834259246057854,27.61199961746705
2016-08-24 00:00:00-04:00,38.2152506555497,38.409653744245865,38.04118081322671,38.16863250732422,21440000,0.0,0.0,38.46101093292236,37.79763310750325,36.41197675069173,0.46656269530294026,39.33980230420312,37.58221956164161,56.94401617599228,29.743225041585916,22.167205295088912
2016-08-25 00:00:00-04:00,38.03771297618828,38.280225000015946,37.8485161396257,38.15723419189453,18538000,0.0,0.0,38.519282531738284,37.87774213155111,36.441120847066244,0.41359246636218927,39.08758513299377,37.950979930482795,56.826176174454446,18.09605756398678,17.880185347606098
2016-08-26 00:00:00-04:00,38.13689665684683,38.48801407271626,37.9806779921369,38.16367721557617,23334000,0.0,0.0,38.521142387390135,37.95988451639811,36.47347183227539,0.36789224368107654,39.08425207709868,37.95803269768159,56.87835715753911,23.110535020027253,20.974140155250936
2016-08-29 00:00:00-04:00,38.124000396622215,38.433955649082414,38.01861485405905,38.29310989379883,16952000,0.0,0.0,38.51933193206787,38.02331352233887,36.514642079671226,0.33821983564177316,39.085264145577064,37.95339971855868,57.9349095454901,22.864432104989895,20.974140155087543
2016-08-30 00:00:00-04:00,38.15326836496101,38.407978846333016,38.02978189040645,38.14136505126953,22600000,0.0,0.0,38.51442241668701,38.07642758687337,36.55806884765625,0.2990128637209821,39.092154552600526,37.9366902807735,56.26300334865264,13.517141921167658,20.97414015493363
2016-08-31 00:00:00-04:00,38.03820905719442,38.14136227319373,37.95737549864954,38.04019546508789,24972000,0.0,0.0,38.499222373962404,38.11917661031087,36.599726867675784,0.25681708837571904,39.11081596978259,37.887628778142215,55.1650227480619,-7.677759842555869,19.241071189003314
2016-09-01 00:00:00-04:00,38.149295158313926,38.23707167348413,37.90380922871535,38.12598419189453,18502000,0.0,0.0,38.49220504760742,38.16901715596517,36.63320198059082,0.22767457492026466,39.1181031914725,37.86630690374234,55.919629176672274,-9.591041117663615,20.79270568293979
2016-09-02 00:00:00-04:00,38.33576799638152,38.38089539869844,38.10764135364704,38.2588996887207,21454000,0.0,0.0,38.46552429199219,38.21649398803711,36.66864433288574,0.21285048492369185,39.08295760378488,37.8480909801995,57.077492469041026,6.3304736948022455,23.089816354767027
2016-09-06 00:00:00-04:00,38.357588346642395,38.78160507219005,38.23608450865843,38.6863899230957,28856000,0.0,0.0,38.461358642578126,38.28313026428223,36.718791007995605,0.2329123079258224,39.07122893780313,37.851488347353126,60.527211247483926,54.39217683958999,29.022610931173865
2016-09-07 00:00:00-04:00,38.682424011097154,38.81781379670619,38.49397253827964,38.69978332519531,17874000,0.0,0.0,38.451663398742674,38.35244471232097,36.77002868652344,0.2470444086456851,39.03831867582186,37.865008121663486,60.62976571233338,67.94830425147005,29.53074904888839
2016-09-08 00:00:00-04:00,38.61249151655907,38.69977615971132,38.364031649990146,38.450321197509766,25406000,0.0,0.0,38.428453636169436,38.407905960083006,36.817183113098146,0.23540113368324,38.97324253027412,37.88366474206475,57.73931631310715,25.24548732442689,26.177246337866553
2016-09-09 00:00:00-04:00,38.19144703781088,38.347415974336386,37.67369842529297,37.67369842529297,37710000,0.0,0.0,38.36599159240723,38.43063583374023,36.85085659027099,0.1616434619696463,38.956599696291434,37.77538348852302,50.054225831460805,-142.85406781445266,10.460298918494352
2016-09-12 00:00:00-04:00,37.44904902128776,38.20087605134492,37.39300961542391,38.13789367675781,26220000,0.0,0.0,38.33078117370606,38.431016286214195,36.8993418375651,0.13904384223145883,38.88470254331565,37.77685980409647,53.85212059390247,-130.8552117211353,4.96103166738678
2016-09-13 00:00:00-04:00,37.912741696072786,37.99903504253384,37.482277626845146,37.675193786621094,27900000,0.0,0.0,38.274369430541995,38.40921211242676,36.95552234649658,0.08284250969369822,38.85478501443762,37.69395384664637,49.93663683472272,-164.81324989323434,4.961031667327108
2016-09-14 00:00:00-04:00,37.67121657390402,38.071430400353115,37.64642242401302,37.81404495239258,21748000,0.0,0.0,38.23804244995117,38.39502843221029,37.01237214406331,0.04894249873911605,38.83888848943927,37.637196410463076,51.041688141452674,-125.29289978453751,6.249296877622467
2016-09-15 00:00:00-04:00,37.833891709535145,38.374947638016494,37.6885850159401,38.273780822753906,26102000,0.0,0.0,38.217833518981934,38.39268124898275,37.07504094441732,0.05849899834780814,38.78247743630504,37.65318960165883,54.48295680896903,-61.63251493488212,11.454820108256602
2016-09-16 00:00:00-04:00,38.174091889542325,38.174091889542325,37.92166675891482,38.13094711303711,40986000,0.0,0.0,38.196459197998045,38.38816846211751,37.13407293955485,0.05392548702851485,38.73873737961803,37.65418101637806,53.279317449755005,-67.29089861857253,11.454820108180266
2016-09-19 00:00:00-04:00,38.306506200349745,38.38486526148923,37.9108061843145,37.973243713378906,23456000,0.0,0.0,38.172357368469235,38.36085942586263,37.186831601460774,0.037147388021821826,38.70901967504912,37.63569506188935,51.96800744739594,-60.390211067281534,14.96373572511415
2016-09-20 00:00:00-04:00,38.13690269792469,38.351639074144714,38.11359172752804,38.25642013549805,19572000,0.0,0.0,38.1705228805542,38.34375,37.26633720397949,0.04616839383495375,38.70569596976065,37.63534979134776,54.06792423410102,-23.79438219241265,14.963735725004035
2016-09-21 00:00:00-04:00,38.31840885597968,38.54157893922133,38.10223471197329,38.49496078491211,23356000,0.0,0.0,38.18078880310058,38.33045908610026,37.355571301778156,0.0717388816037996,38.73318289287522,37.628394713325946,55.753614746085695,13.56712607315704,18.093927851562203
2016-09-22 00:00:00-04:00,38.68242089473866,39.17091074334371,38.60505693075227,39.03998565673828,29724000,0.0,0.0,38.224356460571286,38.33464139302571,37.44415251413981,0.1344329699831448,38.89706035049448,37.551652570648095,59.285361344953124,152.60697545796532,27.270195147158788
2016-09-23 00:00:00-04:00,39.00922811200337,39.12527592614554,38.88822373835789,39.02460479736328,28238000,0.0,0.0,38.26772499084473,38.33803024291992,37.529113133748375,0.18079330719649533,39.02830584919666,37.50714413249279,59.1475338326839,169.7656784164541,27.270195147039747
2016-09-26 00:00:00-04:00,38.81830429091396,38.81830429091396,38.33874006000275,38.3952751159668,30664000,0.0,0.0,38.279304885864256,38.32313601175944,37.59698085784912,0.16485224858049463,39.040267796011115,37.5183419757174,53.848652911839494,51.44630603836961,15.209813272406777
2016-09-27 00:00:00-04:00,38.45924977778837,38.97947668305099,38.40013428789192,38.83169174194336,23064000,0.0,0.0,38.306233978271486,38.32407811482747,37.666245524088545,0.1852980189896769,39.10636472490421,37.50610323163876,56.63559075048871,110.84473772983316,17.579700335687694
2016-09-28 00:00:00-04:00,38.57579792970784,38.772183666987104,38.432969531192214,38.75978469848633,22196000,0.0,0.0,38.337154960632326,38.33138478597005,37.73783283233642,0.1934689522368842,39.157988696642875,37.51632122462178,56.05858724595766,86.89535590035786,17.579700335561935
2016-09-29 00:00:00-04:00,38.75383651234812,38.97006364549716,38.39637387793592,38.43495559692383,26294000,0.0,0.0,38.35689296722412,38.32328465779622,37.80167547861735,0.17175361317786297,39.16656949128888,37.54721644315936,53.51094528027227,72.58882093377541,20.49921844226954
2016-09-30 00:00:00-04:00,38.500417540164456,38.72903984445977,38.38932626059981,38.54802322387695,31706000,0.0,0.0,38.37799491882324,38.322937647501625,37.869394556681314,0.16180250451901657,39.18432414699388,37.5716656906526,54.25946642840533,62.482334749215205,20.342161004662117
2016-10-03 00:00:00-04:00,38.39726109952505,38.48726996256021,38.16169206288756,38.313446044921875,25576000,0.0,0.0,38.380722236633304,38.31820983886719,37.92471542358398,0.13344943924835917,39.18572325435097,37.57572121891564,52.44710174021722,2.480333683283578,15.31992544286867
2016-10-04 00:00:00-04:00,38.48553350193529,38.61844498873046,38.32981427082216,38.50537109375,24028000,0.0,0.0,38.37167129516602,38.32528521219889,37.97541573842366,0.1250249681963993,39.166204292090036,37.577138298242,53.75450236375772,43.292902792980016,17.375462098330335
2016-10-05 00:00:00-04:00,38.64819670937504,38.78507343452401,38.46668824357323,38.507354736328125,29224000,0.0,0.0,38.36204986572265,38.33254229227702,38.021561749776204,0.1171580524702307,39.14442059478846,37.57967913665685,53.76809264756131,65.56750906790944,19.92955948480548
2016-10-06 00:00:00-04:00,38.632826177383976,38.70622110433511,38.46123460443002,38.52669525146485,21414000,0.0,0.0,38.36586856842041,38.34447771708171,38.07105541229248,0.11120221312336298,39.15079477001953,37.58094236682129,53.904721802408275,56.11125084751066,19.804170075680727
2016-10-07 00:00:00-04:00,38.66555847321297,38.66555847321297,38.22368302436466,38.43842315673828,18664000,0.0,0.0,38.40410480499268,38.3538506825765,38.115796407063804,0.09822704695463358,39.11838661430586,37.68982299567949,53.1629180368063,23.51493260759885,14.413927700510241
2016-10-10 00:00:00-04:00,38.56885682220188,39.14760528492676,38.477603133849954,38.97700500488281,23498000,0.0,0.0,38.44606037139893,38.38096160888672,38.17042306264241,0.12990571608234802,39.19236125230398,37.699759490493875,56.906009763793705,119.57807574238741,21.799753014861622
2016-10-11 00:00:00-04:00,39.012709919622225,39.291419969278294,38.71118455678669,38.83467102050781,27450000,0.0,0.0,38.504034233093265,38.399013646443684,38.21116358439128,0.14189050121993318,39.17448535306158,37.83358311312495,55.68928476398048,126.90963406937983,23.82849012810638
2016-10-12 00:00:00-04:00,38.86888514030851,39.08560788546075,38.78457821792016,38.986915588378906,18748000,0.0,0.0,38.56267776489258,38.42719866434733,38.251813125610354,0.16180817018958038,39.18226256043669,37.94309296934846,56.71338940569509,119.09889481190768,23.828490127972525
2016-10-13 00:00:00-04:00,38.742929853670525,38.742929853670525,38.33527729382479,38.5926628112793,27306000,0.0,0.0,38.57862186431885,38.44561424255371,38.282395426432295,0.14411884975397982,39.18313273894644,37.974110989691255,53.406742114083116,28.011568436868085,13.945352172899213
2016-10-14 00:00:00-04:00,38.76424784862707,38.87830927358739,38.484047062888955,38.60951614379883,17050000,0.0,0.0,38.60255031585693,38.46173197428386,38.315374565124515,0.12996174089854406,39.16914661622172,38.035954015492145,53.52656542745476,48.32399094001579,16.034239897207712
2016-10-17 00:00:00-04:00,38.67250471475686,38.97253932771488,38.558439499028275,38.68043899536133,21860000,0.0,0.0,38.63791007995606,38.475783284505205,38.34613863627116,0.12304660683846436,39.12130434731926,38.154515812592855,54.041096446213686,63.94686847199661,17.47661379597684
2016-10-18 00:00:00-04:00,39.07172731067447,39.75412463018622,38.95840747080656,39.439208984375,41138000,0.0,0.0,38.6970495223999,38.50087725321452,38.39200375874837,0.17675518632138676,39.26580226076087,38.12829678403893,59.0578693793649,198.15758413105402,28.077679415138793
2016-10-19 00:00:00-04:00,39.586993987431505,39.90240528962711,39.57658142650875,39.7486686706543,35336000,0.0,0.0,38.75973491668701,38.535840098063154,38.44414240519206,0.2415064963736313,39.48854104492321,38.03092878845081,60.860422655354775,244.42154041912673,29.846378532936654
2016-10-20 00:00:00-04:00,39.837934023428225,39.871161896104034,39.47739155163624,39.52400970458984,35150000,0.0,0.0,38.78393611907959,38.57162971496582,38.48976783752441,0.2715638560006113,39.58088606531398,37.9869861728452,58.91251586538924,193.59481013933458,27.6736885418582
2016-10-21 00:00:00-04:00,39.42631308970402,39.64947938619216,39.376720999777085,39.64303207397461,25324000,0.0,0.0,38.814857482910156,38.637274169921874,38.53395500183105,0.3015129865310655,39.69479355857901,37.934921407241305,59.620818426447634,164.22897133792276,25.46942162755419
2016-10-24 00:00:00-04:00,39.91728691174282,40.42710138759867,39.91332166281749,40.32444381713867,33950000,0.0,0.0,38.91131591796875,38.71015917460124,38.570587730407716,0.3758989915405948,39.996584020276565,37.826047815660935,63.36150380220949,241.99524180659648,34.50507885189736
2016-10-25 00:00:00-04:00,40.501485195454016,40.501485195454016,39.929184084338765,40.05465316772461,31528000,0.0,0.0,38.97246398925781,38.78947448730469,38.59934329986572,0.4083731146969001,40.17076813137185,37.77415984714377,61.04525032058118,203.3844689895616,35.28148139197
2016-10-26 00:00:00-04:00,39.988693381827694,40.02043050012492,39.4917736519222,39.628150939941406,32954000,0.0,0.0,39.015882301330564,38.84994468688965,38.62248655954997,0.39513900937286905,40.24428912412736,37.787475478533764,57.601646553094696,124.60545345655794,26.1821157641231
2016-10-27 00:00:00-04:00,39.72386918932117,39.84735564921554,39.2527386622161,39.44367218017578,54984000,0.0,0.0,39.066318130493165,38.88894106547038,38.640811157226565,0.36555114534142774,40.27700072770659,37.85563553327974,56.18350861490845,88.15661682156555,21.55981302586829
2016-10-28 00:00:00-04:00,40.08837355342904,40.44246868678147,39.35638423142976,39.44466018676758,85398000,0.0,0.0,39.1111499786377,38.932731501261394,38.66044998168945,0.3382827607105412,40.30734032410855,37.914959633166845,56.18948445090576,111.10677942956009,28.3222921032572
2016-10-31 00:00:00-04:00,39.449624756748534,39.51855879116,38.88079695064578,38.90757751464844,48546000,0.0,0.0,39.14085655212402,38.963875961303714,38.66236769358317,0.2702193657371197,40.28187174639547,37.999841357852574,52.18701450153416,16.99935225644872,19.784933321177913
2016-11-01 00:00:00-04:00,38.82574785347146,39.153058702645914,38.46124009585915,38.861454010009766,48128000,0.0,0.0,39.15866069793701,38.984043757120766,38.66389687856039,0.21013455317152108,40.26861410710378,38.04870728877024,51.85884344555463,-26.44291902889054,12.928342617261237
2016-11-02 00:00:00-04:00,38.59315122816367,38.764247146137336,37.861657532503166,38.12202072143555,37448000,0.0,0.0,39.139393997192386,38.97161242167155,38.65103575388591,0.10167873052678544,40.30873772497319,37.97005026941158,46.961304174902786,-110.43720769785028,4.117616939140774
2016-11-03 00:00:00-04:00,38.05011572060557,38.18401854258688,37.64246316499414,37.796199798583984,38864000,0.0,0.0,39.10286922454834,38.930152893066406,38.63239714304606,-0.010443924713250397,40.39226502772223,37.813473421374454,45.023124825258044,-151.72949944598534,1.1335562139348374
2016-11-04 00:00:00-04:00,37.22736546813603,38.20434510695062,37.2224543115237,37.790740966796875,42696000,0.0,0.0,39.07048511505127,38.889024098714195,38.61352717081706,-0.0986057531525617,40.45887984723622,37.68209038286632,44.990942093963696,-155.30079856840086,4.303120697076979
2016-11-07 00:00:00-05:00,38.40966031459423,38.93980799531136,38.3129544096908,38.807395935058594,31702000,0.0,0.0,39.06200466156006,38.902761459350586,38.612948735555015,-0.0854540172462066,40.45486833059883,37.66914099252129,51.649569890608745,-31.83892881990085,4.95248000155953
2016-11-08 00:00:00-05:00,38.85103180941877,39.45770341931985,38.6918392054374,39.20363998413086,27338000,0.0,0.0,39.080453109741214,38.91515973409017,38.61961892445882,-0.04256690380673689,40.47040969959335,37.69049651988908,53.89949783975487,23.53201551035353,10.723455713063517
2016-11-09 00:00:00-05:00,38.679440159324805,39.23919465554656,38.26930565890268,38.94575119018555,52142000,0.0,0.0,39.07839488983154,38.92135861714681,38.62637170155843,-0.02905312152578432,40.469056405407485,37.6877333742556,52.26212234559321,-16.928601104068775,5.326031465193834
2016-11-10 00:00:00-05:00,39.23637549615877,39.23637549615877,37.302752932261235,37.81752395629883,94904000,0.0,0.0,39.03963794708252,38.90077756245931,38.61203111012777,-0.10813534356414323,40.52713179410823,37.55214410005681,45.94538490139795,-105.10130895476026,5.567215097495485
2016-11-11 00:00:00-05:00,37.51897061691815,37.72924606555732,37.21348002360954,37.39399719238281,48636000,0.0,0.0,38.97886199951172,38.86231002807617,38.5926238377889,-0.20264764862380247,40.63060969594964,37.327114303073806,43.88553888030855,-176.6344866385916,6.4912560682144935
2016-11-14 00:00:00-05:00,37.47235719125164,37.58394413346416,36.08078190634523,36.50430679321289,73088000,0.0,0.0,38.8700553894043,38.80200538635254,38.56010761260986,-0.3453588294604657,40.85721809891441,36.88289267989419,39.989525704124304,-237.45987075252776,17.13419421830144
2016-11-15 00:00:00-05:00,37.04436333137016,37.90955922667859,37.04436333137016,37.61567306518555,47680000,0.0,0.0,38.77887859344482,38.77234878540039,38.548816998799644,-0.36457787161717903,40.82261867888862,36.73513850800103,46.16544579230659,-136.70956452998195,13.299327685831358
2016-11-16 00:00:00-05:00,37.45251648255791,38.0059751082464,37.21992893538151,37.91273880004883,29452000,0.0,0.0,38.68708209991455,38.752528254191084,38.54253527323405,-0.3517832406498158,40.712256438005625,36.66190776182347,47.65504037076083,-108.04305640271131,12.174392268311935
2016-11-17 00:00:00-05:00,38.03374868430304,38.32039302278884,37.90034152831272,38.24749374389648,26080000,0.0,0.0,38.623256301879884,38.743221537272134,38.54384962717692,-0.3110459332242925,40.61759767480064,36.62891492895913,49.29069758561272,-60.350931497265925,8.53886427096063
2016-11-18 00:00:00-05:00,38.25442910438911,38.43445059712797,37.69055800492549,37.71733856201172,30942000,0.0,0.0,38.526971626281735,38.71918538411458,38.53651803334554,-0.31787613783357216,40.49983850800419,36.55410474455928,46.890213124557796,-77.39654418869897,10.54006068810595
2016-11-21 00:00:00-05:00,37.81999731141568,38.171610372950646,37.720313703116965,38.14681243896485,26612000,0.0,0.0,38.41809005737305,38.69151229858399,38.536236953735354,-0.28534489327952883,40.204852995825185,36.631327118920915,48.97275182794731,-66.2223419307664,10.540060688054282
2016-11-22 00:00:00-05:00,38.31692372000518,38.53166009336582,38.03771422048488,38.10070037841797,31862000,0.0,0.0,38.32039241790771,38.667046610514326,38.533030128479005,-0.2602841122818944,39.93584277783349,36.70494205798193,48.7603849989757,-43.67473553566763,6.269363089420289
2016-11-23 00:00:00-05:00,38.07391591443882,38.1013396920516,37.4549966685306,37.73965835571289,29568000,0.0,0.0,38.22596778869629,38.625471369425455,38.52633501688639,-0.2664844695817976,39.73695762443366,36.71497795295892,47.10585904788003,-79.9909632764204,11.963904720546141
2016-11-25 00:00:00-05:00,37.90183115665667,37.93852862305093,37.716353633188994,37.77388000488281,11748000,0.0,0.0,38.14247817993164,38.59817860921224,38.52189642588298,-0.2655755071954431,39.551236343884575,36.73372001597871,47.28126240344525,-71.22252220265948,11.963904720517478
2016-11-28 00:00:00-05:00,37.69056122588318,38.65911091661628,37.68064432193835,38.09920501708984,43764000,0.0,0.0,38.075205421447755,38.58116823832194,38.5214501063029,-0.23588500284551372,39.343650805489396,36.806760037406114,48.94620081086129,-39.73767172563356,3.6320214994638356
2016-11-29 00:00:00-05:00,38.262368599044414,38.6080300411489,38.099206954420886,38.2281494140625,32332000,0.0,0.0,38.04123401641846,38.56609191894531,38.52093760172526,-0.19964890078612285,39.2508444343067,36.831623598530214,49.59885310123612,-24.297626152138346,3.6320214994441025
2016-11-30 00:00:00-05:00,38.189956532691966,38.33476752087181,37.43416069403607,37.593353271484375,47858000,0.0,0.0,37.97782897949219,38.504563395182295,38.50272032419841,-0.21962259971122222,39.138357881075315,36.81730007790906,46.56713786125992,-64.63954801845298,10.230003545043699
2016-12-01 00:00:00-05:00,37.563609724470965,37.68312716045065,36.55116976026973,37.09148406982422,60358000,0.0,0.0,37.926302146911624,38.41599057515462,38.475915336608885,-0.2728038374663271,39.14968361903845,36.7029206747848,44.35001350998871,-116.42369470473326,17.946223518776097
2016-12-02 00:00:00-05:00,36.926333628119785,37.39300320443562,36.85243926522201,37.21942901611328,29050000,0.0,0.0,37.89746360778808,38.33917121887207,38.455400466918945,-0.30115473928027114,39.160313796874476,36.63461341870169,45.04011375146922,-107.74620515607057,17.946223518678416
2016-12-05 00:00:00-05:00,37.57699350967962,37.883971047257525,37.33845055139955,37.81553268432617,27884000,0.0,0.0,37.89870319366455,38.27825457255046,38.457764371236166,-0.27238259207729243,39.16116091139446,36.63624547593464,48.13970222409528,-58.82957385352483,12.20720716921548
2016-12-06 00:00:00-05:00,37.92513335261682,38.128465818290096,37.55864304204658,37.64642333984375,33814000,0.0,0.0,37.84065456390381,38.188987223307294,38.44957319895426,-0.26022644050001986,39.03194553380113,36.649363594006495,47.35590908319515,-46.80927140760207,9.46334728201943
2016-12-07 00:00:00-05:00,37.74015282441607,38.25393622241014,37.482271705217585,38.245506286621094,35220000,0.0,0.0,37.79274787902832,38.12868232727051,38.4590784072876,-0.19994675401706985,38.81886493232607,36.766630825730566,50.320197955858305,-19.36441089162891,8.060523170492623
2016-12-08 00:00:00-05:00,38.309484564994456,38.59216365313085,38.04912135085024,38.504878997802734,29762000,0.0,0.0,37.77070426940918,38.09123992919922,38.47059230804443,-0.12974978332770348,38.70759135060854,36.83381718820982,51.54226377178984,34.267616003550664,4.331950509780143
2016-12-09 00:00:00-05:00,38.682417140324056,39.150078038479975,38.633865553806665,39.14313507080078,36438000,0.0,0.0,37.83698482513428,38.08122202555339,38.48508154551188,-0.02235851233958641,38.9574038862139,36.71656576405466,54.39784201967954,117.12501675357363,1.4693944037344115
2016-12-12 00:00:00-05:00,38.932367264474614,39.240339932016255,38.898397799031734,39.142147064208984,42082000,0.0,0.0,37.92439231872559,38.07113825480143,38.50193487803141,0.061955930357058264,39.16555210511068,36.6832325323405,54.39270915544697,142.38027888466019,2.3778834945803164
2016-12-13 00:00:00-05:00,39.37175680646553,39.89149184688078,39.34398493613089,39.48086166381836,42904000,0.0,0.0,38.07322006225586,38.09024772644043,38.52706184387207,0.15432817197874016,39.311234487001265,36.83520563751045,55.86948451426589,200.08846658361142,8.662771360737219
2016-12-14 00:00:00-05:00,39.54533684330156,39.872651463757386,39.37721862844614,39.52897262573242,34084000,0.0,0.0,38.1688850402832,38.11249834696452,38.548271052042644,0.22877877223982068,39.54591916526953,36.79185091529687,56.078457968674854,188.99188859427886,8.662771360693316
2016-12-15 00:00:00-05:00,39.54235243921464,39.823048829371466,39.323151438131625,39.56764602661133,32530000,0.0,0.0,38.25163040161133,38.16068585713705,38.566149139404295,0.2875869067339778,39.75678258245384,36.74647822076882,56.250729896922,164.4509299897997,8.044682799729319
2016-12-16 00:00:00-05:00,39.69410837349784,39.71672314977313,39.192723989468426,39.218017578125,48876000,0.0,0.0,38.300156593322754,38.20807978312175,38.56911633809408,0.30249372383181594,39.866099114480285,36.73421407216522,54.26034467455418,126.74755362359606,6.532478685905423
2016-12-19 00:00:00-05:00,39.189261590045945,39.55823022695009,38.99336772326297,39.38663864135742,24642000,0.0,0.0,38.38362159729004,38.26127637227376,38.57515023549398,0.324176885020087,39.9960257616091,36.77121743297098,55.0538139933348,108.73757743294304,4.225907562135453
2016-12-20 00:00:00-05:00,39.51360590844913,39.60733410754917,39.340527322156845,39.49674224853515,19020000,0.0,0.0,38.451118087768556,38.28425458272298,38.59350802103678,0.3462539869792636,40.13329197142169,36.76894420411542,55.574389388426646,117.66668774739725,4.751383309793947
2016-12-21 00:00:00-05:00,39.46796562783682,39.509426682909485,39.03452393355328,39.40448760986328,24226000,0.0,0.0,38.51630744934082,38.29094950358073,38.60305461883545,0.35224560295660723,40.24179718594809,36.790817712733556,55.02201037667087,99.51514290143118,1.172872052168881
2016-12-22 00:00:00-05:00,39.29538571329928,39.34299517627029,39.10792558114489,39.2408332824707,19444000,0.0,0.0,38.59136619567871,38.300785573323566,38.61107209523519,0.3398706480134379,40.305169169560195,36.877563221797224,54.036386297561165,87.70574564146044,1.1728720521648706
2016-12-23 00:00:00-05:00,39.22298178081623,39.31423546669369,39.04345591268812,39.173885345458984,12468000,0.0,0.0,38.66136646270752,38.3459976196289,38.62338759104411,0.32096142454405907,40.348741699304945,36.973991226110094,53.629836001661786,76.05363959222426,0.3995681875483353
2016-12-27 00:00:00-05:00,39.2120661056653,39.56814383783621,39.062147202447704,39.25521087646485,15782000,0.0,0.0,38.71916675567627,38.40803807576497,38.63517405192057,0.3089763325665871,40.4046574927494,37.03367601860314,54.064138982886305,79.93678754431835,3.407542726070594
2016-12-28 00:00:00-05:00,39.36183830180961,39.38811941945237,38.8411119705827,38.932857513427734,23076000,0.0,0.0,38.75440216064453,38.4889897664388,38.64549757639567,0.2703504072414873,40.426080195782575,37.08272412550649,52.06462042240262,52.970945256037616,0.6696327779646175
2016-12-29 00:00:00-05:00,38.84756990173169,38.97651237984695,38.62886448013785,38.8207893371582,14886000,0.0,0.0,38.81577396392822,38.52916030883789,38.65075454711914,0.22806710231580496,40.39557762740861,37.23597030044783,51.3811910000467,26.848305396718967,1.910220557076863
2016-12-30 00:00:00-05:00,38.81879959512764,38.82028656319032,38.206823321943304,38.27674865722656,35400000,0.0,0.0,38.87503719329834,38.541293970743816,38.64691111246745,0.14894084504539506,40.25931608269142,37.49075830390526,48.20356726189233,-11.546410574458594,6.822070465285077
2017-01-03 00:00:00-05:00,38.623399213036336,39.15999412072487,38.47412730288172,38.986915588378906,33146000,0.0,0.0,38.963411521911624,38.565941365559894,38.654581451416014,0.14190150015286207,40.107491120445204,37.819331923378044,52.195807083748626,29.522985784811706,2.546294319753699
2017-01-04 00:00:00-05:00,39.0970084024438,39.24479711557324,38.83912731384258,39.02460479736328,21460000,0.0,0.0,39.023865127563475,38.60951690673828,38.66435114542643,0.13777577937082697,40.032291429378795,38.015438825748156,52.397239214444305,42.52679715837701,1.4971456472744764
2017-01-05 00:00:00-05:00,38.98394190704563,39.40051996177968,38.931372102391,39.377708435058594,26704000,0.0,0.0,39.11042938232422,38.65054677327474,38.671029535929364,0.1611410942509579,39.89291919165059,38.32793957299785,54.26499426744714,58.924880165032256,0.4378313742097021
2017-01-06 00:00:00-05:00,39.439210159927896,40.06606375023558,39.28765290980951,39.97927474975586,32804000,0.0,0.0,39.19711780548096,38.713165918986,38.69010626475016,0.22559908293060715,39.960059700200524,38.43417591076139,57.22302335524441,106.24212088858042,8.177438983413563
2017-01-09 00:00:00-05:00,39.99167131356904,40.168518363810485,39.81462373072892,40.00407028198242,25492000,0.0,0.0,39.27207736968994,38.78864631652832,38.707058842976885,0.27550741756743236,40.043198303213245,38.50095643616663,57.3406703698105,121.93441278379218,9.300255521404196
2017-01-10 00:00:00-05:00,40.06407286542059,40.12705522674746,39.84834144070751,39.91181945800781,23536000,0.0,0.0,39.31051158905029,38.85991096496582,38.72904478708903,0.30411066338955806,40.129699972477574,38.49132320562301,56.74007660640191,113.79620289597632,9.300255521372184
2017-01-11 00:00:00-05:00,39.92224346561168,40.07846215080525,39.742221938222976,40.066558837890625,21318000,0.0,0.0,39.35673217773437,38.92548942565918,38.75332883199056,0.33539884739025894,40.237893446051224,38.47557090941752,57.512286335071664,108.28241034073568,7.838603957698673
2017-01-12 00:00:00-05:00,40.02836514482551,40.040764112113145,39.63311164505884,39.98968505859375,27062000,0.0,0.0,39.38217334747314,38.98420728047689,38.7751495997111,0.34995779152222184,40.306737627944024,38.45760906700226,56.98947521325416,95.92252543155719,6.326237974330163
2017-01-13 00:00:00-05:00,40.045229699880366,40.2309039554137,40.00605017313352,40.065067291259766,21984000,0.0,0.0,39.40897808074951,39.06659774780273,38.78558057149251,0.3633896461799111,40.38131276454984,38.43664339694919,57.38246972357833,114.9294874074141,8.636109856348584
2017-01-17 00:00:00-05:00,40.02539584760418,40.02836978395375,39.69262901807655,39.90290069580078,27242000,0.0,0.0,39.425740814208986,39.16031163533528,38.78815110524496,0.3568356198929976,40.42088473400197,38.430596894416,56.23889594605989,89.03283563978964,4.252471469251357
2017-01-18 00:00:00-05:00,39.96241284002177,39.98200071309673,39.72337419654932,39.97530746459961,25888000,0.0,0.0,39.46360530853271,39.25217425028483,38.79567273457845,0.3534102347587975,40.48280823879724,38.44440237826819,56.63804475147826,90.40454858320464,4.252471469236712
2017-01-19 00:00:00-05:00,39.92819469794487,40.14441803421517,39.763546077699914,39.78214263916016,18386000,0.0,0.0,39.483380508422854,39.317727915445964,38.79799124399821,0.3312899015301767,40.51160333954227,38.45515767730344,55.24735520109213,87.9719054674441,6.348163037319847
2017-01-20 00:00:00-05:00,40.01696117231795,40.01696117231795,39.75808496246692,39.9232292175293,33400000,0.0,0.0,39.50470485687256,39.39362144470215,38.79130433400472,0.32143854241434866,40.55161451452768,38.457795199217436,56.06250632353668,84.05811561454571,6.267258752044658
2017-01-23 00:00:00-05:00,40.0338256654912,40.709280010976414,39.859755798706566,40.63191604614258,39272000,0.0,0.0,39.56607627868652,39.4731684366862,38.80092538197835,0.36659054604586316,40.72605148159234,38.406101075780704,59.861531240535726,155.0973722363631,14.770411666462488
2017-01-24 00:00:00-05:00,40.78019931072231,40.95873007704327,40.55806973078862,40.85805892944336,29480000,0.0,0.0,39.64693756103516,39.55160776774088,38.821423848470054,0.4158282655527117,40.930353394910625,38.36352172715969,60.975382843137446,202.32819945703858,17.5580576322
2017-01-25 00:00:00-05:00,41.14321797990453,41.44821672244212,40.91707395505985,41.44325637817383,29890000,0.0,0.0,39.7604061126709,39.628278477986655,38.85475025177002,0.4963484603294219,41.25210049455517,38.26871173078663,63.673916656651286,243.35090248688897,22.69090440708389
2017-01-26 00:00:00-05:00,41.549380829857505,41.558805861718106,41.01377719271467,41.26868438720703,59478000,0.0,0.0,39.86107978820801,39.69916305541992,38.88515065511068,0.5398517195180546,41.47590909059774,38.24625048581828,62.343535639942345,213.82643956124335,23.799725572253987
2017-01-27 00:00:00-05:00,41.39564609247008,41.75469782426256,40.68795518964525,40.83028793334961,59316000,0.0,0.0,39.9559513092041,39.744143931070965,38.917195828755695,0.5328115163579241,41.56410197559451,38.347800642813695,59.13382297540705,167.2047065518689,18.614588871075426
2017-01-30 00:00:00-05:00,40.40130963857859,40.45982732020681,39.664359916363715,39.78933334350586,64932000,0.0,0.0,40.00437850952149,39.75282262166341,38.93266048431396,0.43818464897874065,41.52452190003708,38.484235119005895,52.49514129410841,28.007214606582025,4.403518702639564
2017-01-31 00:00:00-05:00,39.518552905179966,39.736266977482856,39.204136720297925,39.51508331298828,43212000,0.0,0.0,40.06629524230957,39.75107053120931,38.955878194173174,0.3371757373557145,41.3765384421964,38.756052042422745,50.93661502790085,-30.85829123939463,1.1073033142658146
2017-02-01 00:00:00-05:00,39.658407860375114,39.73329354142435,39.23736508616537,39.46078109741211,40594000,0.0,0.0,40.08998851776123,39.75916264851888,38.983621215820314,0.2498634419657222,41.333486251858986,38.84649078366347,50.62873168974301,-32.45588056777023,1.1073033142592952
2017-02-02 00:00:00-05:00,39.36680161925359,39.80817766644208,39.27753434096637,39.601375579833984,30642000,0.0,0.0,40.11882705688477,39.7663205464681,39.01379845937093,0.18982444056315728,41.282480860031974,38.95517325373756,51.41528782816642,-23.431680524255356,0.18647615595134884
2017-02-03 00:00:00-05:00,39.82256278871288,39.97183471854327,39.692629012420035,39.748172760009766,29268000,0.0,0.0,40.13735027313233,39.774701563517254,39.02947807312012,0.15233241177958234,41.262488293191836,39.01221225307282,52.23718604629026,5.390155960015066,1.83478046639255
2017-02-06 00:00:00-05:00,39.65940110326192,39.75709831751571,39.43871308127282,39.7407341003418,23690000,0.0,0.0,40.12542324066162,39.785909779866536,39.03842964172363,0.12062893590121604,41.262609552779885,38.98823692854335,52.190903903684315,-16.440946634741717,1.3593080493365055
2017-02-07 00:00:00-05:00,39.872154462498955,40.19500438380097,39.76255393664161,40.01993942260742,24824000,0.0,0.0,40.12621669769287,39.81187998453776,39.05633277893067,0.11668813081085005,41.26306859000809,38.98936480537765,53.78094023789435,25.90977501437864,4.012023032967235
2017-02-08 00:00:00-05:00,40.021428263327216,40.26145823140073,39.832481140174984,40.089866638183594,23106000,0.0,0.0,40.13511905670166,39.84241269429525,39.094205156962076,0.11784906560583863,41.26768235151119,39.00255576189213,54.17579488684215,32.18896015110383,4.803976237944074
2017-02-09 00:00:00-05:00,40.14590203047128,40.20293652623928,39.89942855804727,40.14838409423828,19794000,0.0,0.0,40.139210319519044,39.872185134887694,39.14011160532633,0.12208367978170287,41.271321888184126,39.00709875085396,54.51220842204117,32.61668360114081,4.8039762379253546
2017-02-10 00:00:00-05:00,40.25451378423491,40.43057005930577,40.15929485022461,40.35221099853515,22700000,0.0,0.0,40.15733661651611,39.91949691772461,39.2042433420817,0.14026982650405984,41.2909757590729,39.023697473959324,55.684494364515935,62.0516872558975,7.598603170374205
2017-02-13 00:00:00-05:00,40.46776130906181,40.71369372602578,40.44247150037264,40.62844467163086,24266000,0.0,0.0,40.18550548553467,39.97975209554036,39.254456202189125,0.1749554501203363,41.33734278845327,39.03366818261607,57.22981361294349,97.7582407849251,10.961742616924232
2017-02-14 00:00:00-05:00,40.6165418972462,40.81491403927466,40.46776184481638,40.68844985961914,21094000,0.0,0.0,40.224782943725586,40.06014213562012,39.30071805318197,0.20492374059801932,41.38954601162974,39.06001987582143,57.56235767132699,99.29462861854792,12.144377428806365
2017-02-15 00:00:00-05:00,40.63439349191223,40.814914450995815,40.59025740196001,40.61555099487305,26272000,0.0,0.0,40.25679512023926,40.11442998250325,39.340185674031574,0.22025256312246455,41.42786416282509,39.08572607765343,57.005327503951776,93.03667642108898,12.144382339004617
2017-02-16 00:00:00-05:00,40.662660540245994,40.8843436503806,40.61555051457121,40.872440338134766,25752000,0.0,0.0,40.31131000518799,40.176024500528975,39.39277070363362,0.2502449208234907,41.49082368193806,39.13179632843792,58.47035879801823,100.6990566537226,12.992684833965242
2017-02-17 00:00:00-05:00,40.8159027191595,41.06634521484375,40.74820594568905,41.06634521484375,32220000,0.0,0.0,40.36846580505371,40.23231239318848,39.44142958323161,0.2863596080951112,41.57917114107604,39.15776046903138,59.546705181986255,114.99899964573241,15.212761236298483
2017-02-21 00:00:00-05:00,41.0956123222504,41.33316402584475,41.080239415590995,41.24439239501953,25246000,0.0,0.0,40.399089622497556,40.27448298136393,39.49382445017497,0.3255944275031979,41.66746364987352,39.13071559512159,60.51868033425126,137.9338927360378,18.371533885783087
2017-02-22 00:00:00-05:00,41.0956006702665,41.323231619863535,41.094609358328825,41.199745178222656,19658000,0.0,0.0,40.41617393493652,40.314338811238606,39.551492563883464,0.3490618792322522,41.719306130665764,39.11304173920728,60.14381542643674,122.75473972493732,18.371533885722414
2017-02-23 00:00:00-05:00,41.16801509387278,41.28406293217066,40.80896336216805,41.228023529052734,29456000,0.0,0.0,40.40541229248047,40.358212280273435,39.60906162261963,0.36572596906644605,41.675979043529395,39.134845541431545,60.30491892605827,100.31030170118493,13.526002266071217
2017-02-24 00:00:00-05:00,41.0494885340915,41.11247090491552,40.87442357460234,41.0946159362793,27844000,0.0,0.0,40.39670886993408,40.39248085021973,39.65898513793945,0.3639718614609819,41.64455858583056,39.1488591540376,59.13830316644737,83.24794342760879,13.526002266000328
2017-02-27 00:00:00-05:00,40.89178027815393,41.18685830425207,40.86450406270872,41.1263542175293,22030000,0.0,0.0,40.411512184143064,40.43036982218425,39.707288551330564,0.36098156185315844,41.687721299638724,39.1353030686474,59.3319252226328,81.21733387972196,14.50137594186768
2017-02-28 00:00:00-05:00,40.94435060516074,41.08965728959221,40.6760531102895,40.8253288269043,45216000,0.0,0.0,40.463311958312985,40.455711873372394,39.76115481058756,0.3305115630581028,41.717093142761044,39.20953077386493,56.69599567560957,53.225192950945846,11.213869130176368
2017-03-01 00:00:00-05:00,41.10503016016211,41.47226586930965,41.02617544896228,41.42192840576172,29930000,0.0,0.0,40.55865421295166,40.50634613037109,39.83332888285319,0.3504645325371172,41.79876027775961,39.318548148143705,60.311074487651716,100.56880923537199,16.2633985955334
2017-03-02 00:00:00-05:00,41.3529942315124,41.38572266342025,41.144205754109,41.19330596923828,18850000,0.0,0.0,40.64528045654297,40.546946080525714,39.899560165405276,0.3438656158816329,41.80170187392299,39.48885903916295,58.37907896984437,87.14161521781564,16.263398595463936
2017-03-03 00:00:00-05:00,41.18983471947693,41.22950990499133,40.95134470485324,41.11643600463867,17928000,0.0,0.0,40.7210334777832,40.59142252604167,39.95457522074381,0.32864475105948543,41.784266343654394,39.65780061191201,57.73577660255176,66.18509618743404,12.802716756990575
2017-03-06 00:00:00-05:00,41.01080165536621,41.10651623652595,40.785153310060274,41.051963806152344,22180000,0.0,0.0,40.78622303009033,40.6290470123291,40.01133422851562,0.3078312513787296,41.753886298514665,39.818559761666,57.189000565409934,48.710511345168165,9.886954818402021
2017-03-07 00:00:00-05:00,41.03311681436316,41.33117255219557,40.989476384275456,41.25678253173828,20752000,0.0,0.0,40.86202545166016,40.64987589518229,40.06152216593424,0.30435514567697197,41.71565262962625,40.00839827369407,58.48120041515142,71.54048870923441,13.03059169611848
2017-03-08 00:00:00-05:00,41.336134060320674,41.56624711691707,41.25083581394774,41.42837905883789,19796000,0.0,0.0,40.93244743347168,40.66888656616211,40.110247166951496,0.311851878178679,41.723674245409384,40.141220621533975,59.53964018919945,94.35206057581753,16.195227416953827
2017-03-09 00:00:00-05:00,41.459617777168226,41.75717409125889,41.37084616060737,41.592525482177734,25230000,0.0,0.0,41.00758037567139,40.67386220296224,40.15107034047445,0.32726582056833564,41.74550788978197,40.26965286156081,60.53522258252841,111.04331559183312,18.6814040952064
2017-03-10 00:00:00-05:00,41.82065884264823,41.90149240115469,41.63319490847103,41.81916809082031,34080000,0.0,0.0,41.091119575500485,40.69221165974935,40.19568735758464,0.3536924983941816,41.79709873690117,40.3851404140998,61.875173039428994,131.3756194700412,20.525022565166807
2017-03-13 00:00:00-04:00,41.856362793212234,42.08870439898848,41.81916588852081,41.932735443115234,24472000,0.0,0.0,41.17014579772949,40.72895991007487,40.236551920572914,0.3794259806528473,41.881683753234356,40.45860784222462,62.534567107305115,141.01292064675098,22.8715796111043
2017-03-14 00:00:00-04:00,41.83850605123796,42.0170405920132,41.69766406959472,41.93669891357422,15598000,0.0,0.0,41.23555850982666,40.80053876241048,40.27668069203695,0.3955797723091834,41.97731274014198,40.49380427951134,62.55794698258645,126.16093020551219,20.483220488980823
2017-03-15 00:00:00-04:00,42.034398545065834,42.08597325465466,41.69617575401199,42.01505661010742,27630000,0.0,0.0,41.30188884735107,40.883871205647786,40.31747086842855,0.40997860170857336,42.07427298904183,40.529504705660315,63.02978475627262,127.12804602894632,21.38012471406079
2017-03-16 00:00:00-04:00,42.10581327466004,42.19607185937262,41.96199356962923,42.093414306640625,19552000,0.0,0.0,41.37578201293945,40.971625645955406,40.36539414723714,0.42283837145480163,42.15444360454376,40.59712042133515,63.50553964002692,140.3585538174101,22.81852701114555
2017-03-17 00:00:00-04:00,42.23376628175835,42.322534118661125,42.01059619846966,42.259056091308594,34246000,0.0,0.0,41.445112800598146,41.06021499633789,40.41326777140299,0.44130860839239716,42.279968728441844,40.61025687275445,64.50442800011234,149.00116884298194,24.46071645749296
2017-03-20 00:00:00-04:00,42.15441190783893,42.16482825120848,41.91339066229467,42.07456588745117,24630000,0.0,0.0,41.495523834228514,41.13776143391927,40.45623149871826,0.4360332665583826,42.35546224750824,40.635585420948786,62.53236173375128,124.22784623083946,22.39005244527701
2017-03-21 00:00:00-04:00,42.22335060619723,42.3274951332613,41.11346317933276,41.18487548828125,49270000,0.0,0.0,41.4925479888916,41.18589948018392,40.485904630025225,0.3559586704121003,42.356547883687284,40.62854809409592,54.25717167783929,53.18704989860009,7.206256920772208
2017-03-22 00:00:00-04:00,41.25678396603521,41.43730113196796,41.02221002479998,41.141727447509766,28030000,0.0,0.0,41.48964710235596,41.223292414347334,40.51758619944255,0.2857236454449321,42.35816409609316,40.62113010861876,53.89932097652265,-0.18701393483252918,5.65935525438988
2017-03-23 00:00:00-04:00,40.71572868896676,40.79359209610298,40.28213935011739,40.54612350463867,69742000,0.0,0.0,41.455552101135254,41.2385009765625,40.54045683542888,0.17992752906845766,42.41598718928685,40.495117012983656,49.25995656548195,-106.63844622458441,5.750267060356152
2017-03-24 00:00:00-04:00,40.67010098601585,40.761846536369355,40.11515542884215,40.38990020751953,39620000,0.0,0.0,41.42031631469727,41.246551513671875,40.55936832427979,0.08252612040993768,42.482793730776606,40.35783889861793,48.135728978478774,-129.85890230056148,8.067434455119697
2017-03-27 00:00:00-04:00,40.018949704591634,40.746973884601594,39.84140645606092,40.6418342590332,37886000,0.0,0.0,41.39609031677246,41.25620562235515,40.58785127003988,0.025371310095550825,42.50774715045375,40.28443348309116,50.03796609571106,-133.16681028746535,11.747092022932687
2017-03-28 00:00:00-04:00,40.68647169387708,40.96319914077717,40.36992149575844,40.71176528930664,32410000,0.0,0.0,41.390412139892575,41.25898297627767,40.619367535909014,-0.014118687708389643,42.515424100664546,40.265400179120604,50.55867236937672,-90.15099786781097,8.208136365652196
2017-03-29 00:00:00-04:00,40.914101221046344,41.29918815730108,40.78416743956405,41.231990814208984,35726000,0.0,0.0,41.38091526031494,41.27710100809733,40.66862157185872,-0.003397775879278697,42.50801183847848,40.253818682151405,54.2296514327519,-24.26680163391916,2.9663866512954598
2017-03-30 00:00:00-04:00,41.33563436902339,41.344559960912605,41.11246808635704,41.2364501953125,21106000,0.0,0.0,41.383072471618654,41.29779764811198,40.70611381530762,0.005396254113371413,42.50882149909545,40.25732344414186,54.25976736708141,-6.483015222616554,2.2742895124085756
2017-03-31 00:00:00-04:00,41.11098468836029,41.243396744689335,41.03262562770838,41.14024353027344,28038000,0.0,0.0,41.38426284790039,41.30672442118327,40.74137446085612,0.00455006212029474,42.50887451846199,40.25965117733879,53.4745086747678,-25.083552346692755,3.4556153838218338
2017-04-03 00:00:00-04:00,41.12337809004517,41.7001438848588,41.12337809004517,41.586082458496094,33430000,0.0,0.0,41.41096878051758,41.32404899597168,40.77818069458008,0.039400737173451716,42.527694592482,40.29424296855316,56.493000736376274,30.73019242402438,3.451127319440196
2017-04-04 00:00:00-04:00,41.22951357862095,41.41895636333595,41.11426029484849,41.38870620727539,20908000,0.0,0.0,41.417564964294435,41.32885945638021,40.80167121887207,0.05051127180805537,42.53201225149983,40.30311767708904,54.862887046976894,1.2985434806211233,3.3086999809933797
2017-04-05 00:00:00-04:00,41.4353233152095,41.779497815042234,41.19777162665691,41.231990814208984,31106000,0.0,0.0,41.40774555206299,41.32993431091309,40.822136561075844,0.046138966769376566,42.52524821841706,40.29024288570892,53.592696498633266,17.21165236179299,8.463828559046366
2017-04-06 00:00:00-04:00,41.281084335003335,41.47896082153251,40.986505732853814,41.05692672729492,25088000,0.0,0.0,41.380965614318846,41.32423108418782,40.84122168223063,0.028222345155960227,42.505472048097175,40.25645918054052,52.19620652056839,-24.156426096368094,5.068194985148907
2017-04-07 00:00:00-04:00,41.06088963341658,41.08692860053987,40.69157293159481,40.89773178100586,21146000,0.0,0.0,41.334893798828126,41.31766827901205,40.85507456461588,0.0011641718784503041,42.459310485193136,40.21047711246312,50.94735915416411,-73.14263147735306,0.5233429077529973
2017-04-10 00:00:00-04:00,40.93343946123427,41.12982519213392,40.85309778024777,40.90070724487305,19578000,0.0,0.0,41.28329238891602,41.310146713256835,40.87025826772054,-0.019811159604593342,42.38671628738454,40.1798684904475,50.97004111579178,-59.81253213971535,1.1665861690500576
2017-04-11 00:00:00-04:00,40.899710995246046,41.03445374733635,40.51834345188453,40.8322639465332,21594000,0.0,0.0,41.22807064056396,41.31037788391113,40.88304487864176,-0.04147891992634101,42.30401166449856,40.15212961662937,50.41531298224935,-88.15943318708032,3.852434968247469
2017-04-12 00:00:00-04:00,40.76184498845332,40.996418919056595,40.71671380719881,40.88037109375,18010000,0.0,0.0,41.1713363647461,41.29232597351074,40.89933605194092,-0.05414478399102762,42.19072789230975,40.15194483718244,50.804619311069054,-71.13416164925718,3.8524349682309516
2017-04-13 00:00:00-04:00,40.77226473006721,40.98254020290692,40.73754988592318,40.84268951416016,22448000,0.0,0.0,41.10880012512207,41.280638758341475,40.91379241943359,-0.06645708516008852,42.03962557168703,40.17797467855711,50.48344880432817,-68.73110050721117,3.8524349682159778
2017-04-17 00:00:00-04:00,40.91459229179649,41.54640615869003,40.88781173204973,41.51764297485352,17900000,0.0,0.0,41.071729469299314,41.2940123240153,40.94271742502848,-0.021503687956204942,41.85741054487205,40.286048393726574,55.67555693285848,6.465124755819222,4.941668299277829
2017-04-18 00:00:00-04:00,41.37134363984084,41.604926283686105,41.29646173971381,41.50028610229492,16734000,0.0,0.0,41.043015480041504,41.308956400553384,40.96900170644124,0.012576672588672011,41.706917837632126,40.37911312245088,55.520686301581826,28.97915328833086,5.7980891213047965
2017-04-19 00:00:00-04:00,41.64757677528032,41.76808930518611,41.47400256067392,41.56922149658203,19084000,0.0,0.0,41.06223278045654,41.31937103271484,40.984623463948566,0.04463360563575236,41.76456311721436,40.35990244369872,56.023284965775886,48.859020327228265,8.184004989228571
2017-04-20 00:00:00-04:00,41.72940222910363,41.91587105443914,41.62426639626882,41.73981857299805,19180000,0.0,0.0,41.09213733673096,41.329752349853514,40.99931945800781,0.08284967488091866,41.85687877753768,40.327395895924234,57.25966989214929,70.74612853424814,10.312389966194663
2017-04-21 00:00:00-04:00,41.800819722243574,41.850411812331714,41.68774582186333,41.816192626953125,26472000,0.0,0.0,41.15564079284668,41.33720792134603,41.00553506215413,0.11793940095966349,41.94015018272086,40.3711314029725,57.80901854103943,72.29082029020557,10.312389966167446
2017-04-24 00:00:00-04:00,42.21342790783067,42.82093945747744,42.14697216860061,42.786720275878906,27450000,0.0,0.0,41.27548179626465,41.36945966084798,41.03083566029866,0.22150832186489566,42.27128726048898,40.27967633204032,63.90738914190404,182.12127930112655,22.87700900553399
2017-04-25 00:00:00-04:00,42.89781247258583,43.393740940476995,42.789203260314586,43.25984191894531,33440000,0.0,0.0,41.406382179260255,41.41369654337565,41.071328226725264,0.33786964940716757,42.696320013088986,40.116444345431525,66.35952466341831,236.98467231216256,28.953837490643778
2017-04-26 00:00:00-04:00,43.35555714181581,43.44581952230736,43.03409956944149,43.23157501220703,24744000,0.0,0.0,41.532372665405276,41.45685907999675,41.128698921203615,0.4229306553553869,43.01455294945898,40.05019238135157,66.08204041118553,220.43389141792784,29.476480761560552
2017-04-27 00:00:00-04:00,43.324304124063794,43.41357138493119,43.16461587988508,43.35654067993164,40536000,0.0,0.0,41.6386001586914,41.50157521565755,41.192723210652666,0.49472294228025504,43.32112654579497,39.95607377158784,66.71850405136504,203.61120279712233,29.476480761453313
2017-04-28 00:00:00-04:00,45.162221346710346,45.4691989093844,44.91971312068603,44.92913436889648,65526000,0.0,0.0,41.8232343673706,41.59609921773275,41.28386243184408,0.6707816614433142,44.04422733785006,39.602241396891145,73.2524671900231,322.1034874012427,46.19562715329476
2017-05-01 00:00:00-04:00,44.7297690707452,45.411175008031954,44.705466791727176,45.25694274902344,42320000,0.0,0.0,42.029069328308104,41.69602877298991,41.3781218846639,0.8272251251687308,44.70084628774548,39.35729236887073,74.33883524443672,265.53787239137813,42.55190403070569
2017-05-02 00:00:00-04:00,45.110641184887186,45.66360411264887,45.102358810762205,45.4488639831543,31744000,0.0,0.0,42.222208404541014,41.808505376180015,41.473133405049644,0.9556776795262181,45.288495946720126,39.1559208623619,74.95492200854562,235.13985118748195,44.24561503686094
2017-05-03 00:00:00-04:00,45.37051768209056,46.02712581703962,45.25561248815566,45.97455978393555,29990000,0.0,0.0,42.451501083374026,41.968161519368486,41.57703049977621,1.0873620788198934,45.91541973271816,38.98758243402989,76.55021038665555,209.87898764823984,46.591404357954204
2017-05-04 00:00:00-04:00,45.92644743441579,46.41543292006143,45.853048721693895,46.203670501708984,28442000,0.0,0.0,42.70008506774902,42.13689295450846,41.6800926844279,1.1964186645410848,46.49342185870194,38.9067482767961,77.20483701828081,193.89989539166126,48.96416247325699
2017-05-05 00:00:00-04:00,46.29690108607288,46.36434813995407,45.88329695458134,45.97901153564453,38226000,0.0,0.0,42.9461893081665,42.31798922220866,41.77824509938558,1.250305944784266,46.92480881359451,38.967569802738495,75.07878654711581,164.43027768354946,48.96416247297821
2017-05-08 00:00:00-04:00,45.928924865414714,46.46477442980593,45.88627574564026,46.3345947265625,26596000,0.0,0.0,43.21803245544434,42.51614570617676,41.881348609924316,1.306642433768431,47.34743541106607,39.0886294998226,76.15397781171181,150.80073096099494,49.5840725086442
2017-05-09 00:00:00-04:00,46.4660141604496,46.4932903754819,46.09803686915179,46.22896194458008,31636000,0.0,0.0,43.48444519042969,42.702383295694986,41.97929445902506,1.3274636498369858,47.671468678020176,39.2974217028392,75.15749550136862,136.31233065362468,49.7633137825407
2017-05-10 00:00:00-04:00,46.21954138320452,46.2205326953185,45.88131855427346,46.06084442138672,23478000,0.0,0.0,43.74587421417236,42.88068593343099,42.06983445485433,1.3152376930566163,47.8883347584551,39.60341366988962,73.57249284639536,115.82867680727745,45.69106527036075
2017-05-11 00:00:00-04:00,45.88925758480083,46.246822387867795,45.775691797851685,46.15110778808594,16700000,0.0,0.0,44.00941104888916,43.04465649922689,42.16087875366211,1.2978709847396672,48.05376797809418,39.96505411968415,73.87846241446009,105.92926668967044,43.72068658457138
2017-05-12 00:00:00-04:00,46.19722612594147,46.29194940496544,46.01472632005202,46.2314453125,21012000,0.0,0.0,44.278848838806155,43.21115633646647,42.25447699228923,1.2758827282082592,48.14917551205189,40.40852216556042,74.15397784077207,101.28297610254138,44.05508433412007
2017-05-15 00:00:00-04:00,46.26764985445607,46.53049136177237,46.08861963044379,46.472469329833984,22162000,0.0,0.0,44.52659015655517,43.38889719645182,42.34781080881755,1.2633424747221582,48.2854389017488,40.76774141136155,74.9732291300731,98.6051977425613,45.81560132347895
2017-05-16 00:00:00-04:00,46.61727220432861,46.77150446216067,46.49725912908451,46.76605224609375,19390000,0.0,0.0,44.78987846374512,43.561562856038414,42.44280592600504,1.2625401443737445,48.39054340354945,41.189213523940786,75.93442815825631,99.74175180494716,47.541035666888874
2017-05-17 00:00:00-04:00,46.40253802591105,46.584194068798965,45.533176268848834,45.606571197509766,47242000,0.0,0.0,44.991745948791504,43.70215835571289,42.51550890604655,1.1550294014003555,48.270452020026084,41.71303987755692,65.63526619725647,69.96189522385454,30.36293026510137
2017-05-18 00:00:00-04:00,45.67501149636399,46.27855786919507,45.56342834693503,46.13325119018555,31938000,0.0,0.0,45.21141757965088,43.86553370157878,42.59773400624593,1.0996489679862194,48.14309499361936,42.2797401656824,67.69423431983262,67.75683489925078,30.362930264830094
2017-05-19 00:00:00-04:00,46.19424858214113,46.50593676548737,46.170937614436205,46.320213317871094,27860000,0.0,0.0,45.436618614196775,44.04097658793132,42.68260383605957,1.0586424851211618,47.929241184626896,42.94399604376665,68.38973076000964,73.65338825089776,32.35088664172208
2017-05-22 00:00:00-04:00,46.36931297780415,46.710661090097624,46.36931297780415,46.70951843261719,22408000,0.0,0.0,45.63275852203369,44.234702809651694,42.77618554433187,1.0455062756753364,47.84951005946399,43.41600698460339,69.7906588732252,77.58529128628572,34.103048553009565
2017-05-23 00:00:00-04:00,47.01005196970496,47.18595689798731,46.744978138950515,47.0546875,25416000,0.0,0.0,45.82250080108643,44.43983548482259,42.87499109903971,1.0508346266337796,47.82316101910331,43.821840583069545,70.97067935230395,86.28123873732761,37.9621538742782
2017-05-24 00:00:00-04:00,47.26098381040326,47.36562776191102,47.08840093590048,47.35918045043945,20496000,0.0,0.0,46.02888107299805,44.657399368286136,42.98388862609863,1.0673239731276354,47.73393102018167,44.32383112581442,71.96985594400553,92.04248349387271,39.351086757529366
2017-05-25 00:00:00-04:00,47.476715943550545,48.23543662816561,47.38447095763386,48.082244873046875,33210000,0.0,0.0,46.26516628265381,44.897461827596025,43.09489390055339,1.1257600934305003,47.69914958243555,44.831182982872065,74.15511528556615,111.15957023198173,45.46563328509877
2017-05-26 00:00:00-04:00,48.090186759319195,48.352036944107226,47.85858672953768,48.1779670715332,25040000,0.0,0.0,46.42760791778564,45.141971079508465,43.21130491892497,1.166350162567781,47.95721353473226,44.898002300839025,74.42813809695915,118.49356731536642,46.217569170800694
2017-05-30 00:00:00-04:00,48.12042812335676,48.41253219342187,48.07976163097237,48.39665985107422,29334000,0.0,0.0,46.584593772888184,45.37127164204915,43.332641983032225,1.2023053368972043,48.24701817786286,44.922169367913504,75.05104302363368,123.09969505473883,46.612656994562876
2017-05-31 00:00:00-04:00,48.35401377741046,48.56478487596945,47.618055403953235,47.85015106201172,48962000,0.0,0.0,46.704658126831056,45.582933807373045,43.44594510396322,1.1731777172369533,48.36856632905119,45.04074992461092,70.60493089835856,110.262341980573,38.57541361507938
2017-06-01 00:00:00-04:00,48.0529881982333,48.17945238161544,47.609629531396514,47.95380401611328,28210000,0.0,0.0,46.80362033843994,45.795753224690756,43.5575621287028,1.1452559976908816,48.519322212714854,45.08791846416503,70.9426744821057,106.25090031840482,38.432146992903306
2017-06-02 00:00:00-04:00,48.07827888770126,48.396664103728064,47.90668731176325,48.38277816772461,35020000,0.0,0.0,46.91257572174072,46.01718521118164,43.67346878051758,1.144548816434991,48.74092732381279,45.084224119668654,72.30501733095423,123.1789327873221,40.08408099251877
2017-06-05 00:00:00-04:00,48.429897291121286,48.94368076327348,48.357989323080304,48.78349304199219,25042000,0.0,0.0,47.05279979705811,46.24942855834961,43.79331823984782,1.1629173246070224,49.00562038668201,45.0999792074342,73.50538948857991,147.52603210656255,43.99859757216695
2017-06-06 00:00:00-04:00,48.75770426436263,49.010129403122214,48.35996866387686,48.430885314941406,36292000,0.0,0.0,47.15761432647705,46.437567392985024,43.903513526916505,1.1359277351239996,49.17217937929919,45.14304927365492,70.71536372355135,133.2444907503624,44.45462671835889
2017-06-07 00:00:00-04:00,48.60099155527601,48.79837239397879,48.3996454680644,48.64760971069336,29078000,0.0,0.0,47.27854671478271,46.61715965270996,44.015428098042804,1.119125555730058,49.34802118761034,45.209072241955084,71.40546262750811,124.27128762669425,44.45462671813418
2017-06-08 00:00:00-04:00,48.717533644294186,48.82762982537833,48.46213078445703,48.77010345458984,29638000,0.0,0.0,47.41400966644287,46.80177726745605,44.129318173726396,1.102979468188309,49.50246818774901,45.325551145136735,71.79409670621648,118.87414914246354,44.66693894576551
2017-06-09 00:00:00-04:00,48.82415611089649,48.82415611089649,46.40055695933459,47.104774475097656,66188000,0.0,0.0,47.46169300079346,46.926718393961586,44.21414680480957,0.94491307681362,49.470783471575544,45.452602530011376,60.27308507358498,35.91639961376163,13.142983935892692
2017-06-12 00:00:00-04:00,46.59545702321113,47.081218879822025,45.389011255893365,46.7610969543457,75270000,0.0,0.0,47.488175582885745,46.98778381347656,44.291941515604655,0.7828877761972493,49.44219494235733,45.53415622341416,58.276580612320984,-36.95117483044674,1.874937287121483
2017-06-13 00:00:00-04:00,47.20793161127729,47.60814552431103,46.82011288405398,47.28182220458984,40266000,0.0,0.0,47.52864322662354,47.05527979532878,44.375654284159346,0.688562415036408,49.42681854391633,45.63046790933074,60.33590688407098,15.951419051349369,6.872812427743972
2017-06-14 00:00:00-04:00,47.60516098082633,47.66616072349821,46.72885627906608,47.1508903503418,29794000,0.0,0.0,47.54788513183594,47.11201400756836,44.460259691874185,0.5963692073488787,49.4211500837726,45.67462017989928,59.57111906336935,8.092292600212874,5.9063943565148715
2017-06-15 00:00:00-04:00,46.31823027259741,46.78286427991804,45.8456090144445,46.731834411621094,42662000,0.0,0.0,47.6041482925415,47.13725649515788,44.55270900726318,0.4839128676689839,49.29014358672456,45.918152998358444,57.171752717123994,-50.32380376153714,2.8862550402274287
2017-06-16 00:00:00-04:00,46.61727338883854,46.71844397115485,46.20044559529882,46.60636138916016,61894000,0.0,0.0,47.627803802490234,47.15067952473958,44.64378623962402,0.380282128319827,49.23849861058143,46.01710899439904,56.4672878320487,-47.55684046536276,2.886255040212501
2017-06-19 00:00:00-04:00,47.11122467476972,47.608640140883395,47.06609348639408,47.47870635986328,30666000,0.0,0.0,47.68572845458984,47.200669352213545,44.7593292872111,0.3643450267397341,49.17734970243576,46.19410720674392,60.01115820503572,18.747523864553862,5.569632302980249
2017-06-20 00:00:00-04:00,47.4861397233954,47.68947220114435,47.11369773517029,47.14444732666016,22520000,0.0,0.0,47.707474899291995,47.227664438883465,44.87190507253011,0.32104207525491546,49.15107984187442,46.26386995670957,58.1352156372555,10.562726382978433,6.293059399370035
2017-06-21 00:00:00-04:00,47.293724495638386,47.61409615175555,47.1508960893369,47.58185958862305,24044000,0.0,0.0,47.73383350372315,47.27276102701823,44.98757216135661,0.31834994811991635,49.14616488281375,46.321502124632545,59.83489684917862,19.06327356522936,6.293059399341059
2017-06-22 00:00:00-04:00,47.54466689443772,47.64484239364077,47.33885611187427,47.464820861816406,18828000,0.0,0.0,47.73911552429199,47.31956024169922,45.1001230875651,0.3032763894156716,49.146328113406696,46.33190293517728,59.16995790780459,18.697891958897458,6.584370838474933
2017-06-23 00:00:00-04:00,47.451923285033715,47.90668960271102,47.32149385484251,47.886356353759766,30558000,0.0,0.0,47.72932109832764,47.37740186055501,45.21102917989095,0.32163724290024476,49.12918560555756,46.32945659109772,60.79331893565114,35.292744323177274,9.07466056707613
2017-06-26 00:00:00-04:00,48.10009876197554,48.26921205658048,47.1523817446573,47.22577667236328,31968000,0.0,0.0,47.68171157836914,47.41054623921712,45.3108512878418,0.2796613302437052,49.08209787734394,46.28132527939434,57.11221075369481,17.050813722101786,12.418555747088956
2017-06-27 00:00:00-04:00,46.73927354634939,47.02839992200937,45.96512693945891,45.98893356323242,51598000,0.0,0.0,47.561325263977054,47.3944283803304,45.391662788391116,0.14492164831439425,49.109133736231726,46.01351679172238,51.11704584609052,-104.2333757298141,0.036392485388983084
2017-06-28 00:00:00-04:00,46.071752062437824,46.75365365603688,45.42704358776342,46.64157485961914,54428000,0.0,0.0,47.50089645385742,47.390279134114586,45.4759209950765,0.08976739525174793,49.09490597704615,45.90688693066869,53.766244511463725,-105.93115140655863,4.972472929562044
2017-06-29 00:00:00-04:00,46.117383388511485,46.18383914211858,45.16024119230149,45.51582336425781,65984000,0.0,0.0,47.37899742126465,47.38725420633952,45.5447062810262,-0.04427115472930865,49.18584507675639,45.57214976577291,49.02526307063276,-166.14062896993502,7.319890086771543
2017-06-30 00:00:00-04:00,45.92545849297812,45.92545849297812,45.04568034150161,45.06650924682617,41804000,0.0,0.0,47.21318397521973,47.35169614156087,45.608614921569824,-0.18462531972634366,49.22877903847861,45.19758891196084,47.303082124143295,-184.26196207030443,8.325796907237176
2017-07-03 00:00:00-04:00,45.237603145090155,45.32488401092838,44.375180561648314,44.569091796875,34196000,0.0,0.0,47.00246391296387,47.293325424194336,45.667151006062824,-0.33216544136141835,49.19981904177639,44.80510878415135,45.47366388795677,-216.46779018350688,13.978594229504811
2017-07-05 00:00:00-04:00,44.720844242664086,45.353149976703264,44.55916957347924,45.21429061889648,36278000,0.0,0.0,46.84163417816162,47.24348449707031,45.739093653361,-0.39250534069930865,49.06943022741706,44.61383812890618,48.16367206156137,-173.60242294595878,13.67291795933993
2017-07-06 00:00:00-04:00,44.837887945562706,45.37467968438083,44.61868688688524,44.96533966064453,28490000,0.0,0.0,46.65752067565918,47.1738395690918,45.806837526957196,-0.4551665309733224,48.865429199336766,44.44961215198159,47.233547020125364,-156.6335803777943,13.433213437993054
2017-07-07 00:00:00-04:00,45.07245857155001,45.70179038688466,45.07245857155001,45.55549240112305,32756000,0.0,0.0,46.49679012298584,47.11371663411458,45.88555800120036,-0.451995261651561,48.51723089517801,44.476349350793676,49.61948018018964,-110.95484628580809,9.794241897992322
2017-07-10 00:00:00-04:00,45.71319706323577,46.1401914829672,45.605083512427136,46.06183242797851,23856000,0.0,0.0,46.44464302062988,47.046369552612305,45.97191569010417,-0.4039679087682444,48.45281140104912,44.43647464021065,51.56338607094494,-71.76560078126556,5.1188382580984335
2017-07-11 00:00:00-04:00,46.0985363132439,46.19226449389359,45.72460355184279,46.12581253051758,22264000,0.0,0.0,46.412878799438474,46.97796440124512,46.05996774037679,-0.3566321921042004,48.42006833150891,44.40568926736804,51.80645385592865,-61.61353221153091,4.571673747648216
2017-07-12 00:00:00-04:00,46.55181001081003,46.9297080054442,46.343025313212905,46.80721664428711,30642000,0.0,0.0,46.38914852142334,46.92498296101888,46.14812730153402,-0.26112459655839615,48.36404485748933,44.41425218535734,54.331412579853136,-14.532426568088203,2.837588698828044
2017-07-13 00:00:00-04:00,46.92921776798884,47.33389636949748,46.76655554782654,46.97236633300781,25894000,0.0,0.0,46.38022232055664,46.89572347005208,46.239328638712564,-0.17014659528914677,48.34219354557605,44.41825109553723,54.92353501276778,10.144495392809747,6.59018408291101
2017-07-14 00:00:00-04:00,47.21238658226798,47.45588990123704,47.01426416681704,47.41026306152344,21076000,0.0,0.0,46.41414375305176,46.87760543823242,46.33667933146159,-0.061996609167664474,48.424572471974955,44.40371503412857,56.47158158418282,30.790470415850855,7.703187285738368
2017-07-17 00:00:00-04:00,47.46034582556112,47.64582331746853,47.07555787811004,47.282806396484375,23310000,0.0,0.0,46.44796600341797,46.84093971252442,46.42906246185303,0.013275316755368749,48.49444747873915,44.40148452809679,55.89360479446232,36.88516966492366,9.441080007774444
2017-07-18 00:00:00-04:00,47.26198005394411,48.0078553097445,47.1429545086396,47.876930236816406,23080000,0.0,0.0,46.46787719726562,46.810720952351886,46.530074755350746,0.11949225661607699,48.56373750408469,44.37201689044655,57.96803044498264,66.43191766990344,12.683011525958324
2017-07-19 00:00:00-04:00,47.99793449066225,48.25581938781351,47.808987397233174,48.149192810058594,24490000,0.0,0.0,46.518114471435545,46.801331202189125,46.619449297587074,0.22306787338534662,48.727357918866815,44.308871024004276,58.884743746050404,99.35562374683731,14.843032006708215
2017-07-20 00:00:00-04:00,48.353026906942745,48.39765865409712,47.68401987024826,48.0133171081543,32490000,0.0,0.0,46.53968734741211,46.780188115437824,46.69867388407389,0.2908356895240516,48.80049127375699,44.278883421067235,58.22909543316196,99.89119322586578,16.0715995259308
2017-07-21 00:00:00-04:00,47.720713982240625,48.26524320432322,47.61656946256732,48.24987030029297,34220000,0.0,0.0,46.578939819335936,46.7628470102946,46.78231213887533,0.3594861056492036,48.9327229757548,44.22515666291707,59.05025884169209,104.99194763607616,15.25361562237609
2017-07-24 00:00:00-04:00,48.21515530121965,48.90846456833731,48.14324734155184,48.61784744262695,64966000,0.0,0.0,46.6155143737793,46.8132827758789,46.87000058492025,0.43852963840468107,49.07518719290833,44.155841554650266,60.30598803552577,137.39571816714616,20.76232250704978
2017-07-25 00:00:00-04:00,47.30215479674789,47.59425892422628,46.885081015290545,47.14792251586914,93220000,0.0,0.0,46.61162166595459,46.82617696126302,46.90698038736979,0.3782018748859386,49.06747137782844,44.155771954080734,53.52352955295865,31.664235431607374,6.724679351911368
2017-07-26 00:00:00-04:00,47.34529750753082,47.36116606740205,46.73029432986054,47.00409698486328,41766000,0.0,0.0,46.662379837036134,46.8169194539388,46.93609962463379,0.31515327848889285,49.10597331467372,44.21878635939855,52.92108163602322,18.659519907739558,5.168826327411117
2017-07-27 00:00:00-04:00,47.20148045475708,47.20148045475708,45.62541908622052,46.324180603027344,64260000,0.0,0.0,46.64651012420654,46.78936246236165,46.95068823496501,0.2079263958263553,49.09479059781372,44.198229650599366,50.16002519749627,-29.48948243728525,5.052136431465909
2017-07-28 00:00:00-04:00,46.09159341588502,46.80721859474977,45.997365795406495,46.693153381347656,36928000,0.0,0.0,46.705376625061035,46.78807309468587,46.96266479492188,0.15098092425218823,49.095103974130296,44.315649275991774,51.5782628655367,-20.70483556772104,5.052136431428676
2017-07-31 00:00:00-04:00,46.71101121584834,46.79531815322042,45.92496120960782,46.146148681640625,39402000,0.0,0.0,46.75935859680176,46.772732671101885,46.96170609792073,0.06100924342113245,49.03947186072552,44.479245332878,49.4214775628894,-36.124595942828805,5.694882433257946
2017-08-01 00:00:00-04:00,46.23937822577203,46.49066449168231,46.08465029855587,46.16250991821289,25554000,0.0,0.0,46.839029502868655,46.728859456380206,46.96476440429687,-0.008871481872894549,48.897483904256994,44.780575101480316,49.48683471366406,-36.66074012275398,5.69488243323558
2017-08-02 00:00:00-04:00,46.05241007821734,46.25028655140713,45.460767066319875,46.14068603515625,36488000,0.0,0.0,46.88534927368164,46.69540074666341,46.96153259277344,-0.06526117490409433,48.82831828320064,44.942380264162644,49.39875373656384,-55.68277277246577,11.23572908375473
2017-08-03 00:00:00-04:00,46.1382140029906,46.23244163616513,45.73651309715725,45.80643844604492,24050000,0.0,0.0,46.92740421295166,46.63622004191081,46.95449053446452,-0.13536104208095878,48.72647414917543,45.128334276727884,48.04390666651254,-53.9944514732896,11.235729083700441
2017-08-04 00:00:00-04:00,45.96016747474063,46.136568037904546,45.77568128668971,46.020172119140625,21646000,0.0,0.0,46.95063819885254,46.58806508382161,46.95381266276042,-0.1716900348406014,48.685981738865294,45.21529465883978,48.96973408479839,-46.82557161024333,11.235729083659576
2017-08-07 00:00:00-04:00,46.07472617644494,46.205651252652544,45.94777013196701,46.089603424072266,20644000,0.0,0.0,46.952026748657225,46.5281733194987,46.95278759002686,-0.19265765971654503,48.68441775426554,45.21963574304891,49.27349655285494,-35.8110489700583,10.440289130514849
2017-08-08 00:00:00-04:00,45.9770278209856,46.409674970498024,45.903629113075546,45.96215057373047,21232000,0.0,0.0,46.94384365081787,46.48605244954427,46.94829934438069,-0.2170569361028285,48.69412086062817,45.19356644100757,48.72274527502576,-32.19639143574407,8.07907119173406
2017-08-09 00:00:00-04:00,45.65566796501332,45.92198281637189,45.48903673076459,45.76923751831055,23842000,0.0,0.0,46.89194469451904,46.478729248046875,46.93657881418864,-0.24908867061444084,48.71914540497744,45.06474398406064,47.88468720881031,-60.20354703929853,12.032681063871477
2017-08-10 00:00:00-04:00,45.50391227097352,45.58871863664696,44.93756284474605,44.99261093139648,36480000,0.0,0.0,46.79295692443848,46.423763783772785,46.90702145894368,-0.33329925962250684,48.80678679775858,44.77912705111837,44.68382765147405,-99.4993169623648,16.948050134188037
2017-08-11 00:00:00-04:00,45.028813305092775,45.515320499177164,44.910287194424974,45.34720230102539,24136000,0.0,0.0,46.68980388641357,46.418143081665036,46.90269864400228,-0.36719144363708267,48.78038449994131,44.59922327288583,46.37684531232278,-90.69887805612017,17.18481549736087
2017-08-14 00:00:00-04:00,45.750888605132985,45.85691738015517,45.53565658617937,45.75783157348633,21290000,0.0,0.0,46.613555145263675,46.44118715922038,46.89644165039063,-0.35680388010590036,48.72421219873252,44.502898091794826,48.2734123494324,-55.97462778108169,13.010834594973929
2017-08-15 00:00:00-04:00,45.83519543145557,45.95025195688795,45.616493820648145,45.73551559448242,17668000,0.0,0.0,46.50648441314697,46.48006795247396,46.88669668833415,-0.34637952660336424,48.5638819355529,44.44908689074104,48.17761567430264,-56.44824606537719,11.884413874524437
2017-08-16 00:00:00-04:00,45.887764905993784,46.25524656912988,45.79626528633623,45.970584869384766,20134000,0.0,0.0,46.39755401611328,46.50527776082357,46.87438112894694,-0.31551298809374373,48.31465613295923,44.48045189926734,49.274527499097736,-40.538988706657676,8.23745405235763
2017-08-17 00:00:00-04:00,45.912068779822626,45.96562612015225,45.17809295654297,45.17809295654297,25544000,0.0,0.0,46.25579280853272,46.512369537353514,46.84310455322266,-0.3509529411337766,48.08721748302924,44.42436813403619,45.88712063905378,-91.74323237105048,14.107699663853333
2017-08-18 00:00:00-04:00,45.14486094430249,45.39108847642387,44.9883471515073,45.162715911865234,26854000,0.0,0.0,46.10143508911133,46.49927698771159,46.80649681091309,-0.3759464812262294,47.73490079800786,44.4679693802148,45.82388846304853,-112.53843621482761,15.8177049698115
2017-08-21 00:00:00-04:00,45.12948037382737,45.27826039400751,44.80216584288431,44.96384048461914,18868000,0.0,0.0,45.91873474121094,46.462677256266275,46.75452340443929,-0.40710873069463105,47.129928199091005,44.707541283330876,44.994349472630425,-120.36758306284312,17.48519126603921
2017-08-22 00:00:00-04:00,45.26437990660721,45.916027544025674,45.20263479085929,45.85800552368164,23334000,0.0,0.0,45.85423889160156,46.45375035603841,46.715857378641765,-0.35555477795183776,46.918272104786226,44.790205678416896,49.26607321853572,-64.85000863422515,9.77949204439058
2017-08-23 00:00:00-04:00,45.72113467994048,46.11787519315093,45.59367918409369,45.97256851196289,21804000,0.0,0.0,45.802662467956544,46.4259287516276,46.67545585632324,-0.3019726702938641,46.722206684460815,44.883118251452274,49.78296169935007,-43.04508304760107,7.471641848599718
2017-08-24 00:00:00-04:00,46.054894712027135,46.16300827516476,45.40225565184626,45.68889999389648,25406000,0.0,0.0,45.7708984375,46.38314654032389,46.63943500518799,-0.27917993017631915,46.65790393818731,44.88389293681269,48.51682439044989,-52.080278724636344,9.34142049226167
2017-08-25 00:00:00-04:00,45.7984994224401,45.90090726276417,45.40225455856002,45.421592712402344,21068000,0.0,0.0,45.70732040405274,46.316857528686526,46.597231483459474,-0.2794644903723409,46.49242060993725,44.922220198168226,47.34306427951159,-63.85092590015514,9.341431316166647
2017-08-28 00:00:00-04:00,45.42704870021282,45.58797800898768,45.22222923598718,45.31843948364258,21730000,0.0,0.0,45.66593494415283,46.2513786315918,46.546159172058104,-0.2847314034711772,46.44083311339564,44.89103677491002,46.89020382936732,-77.93261613920264,11.148459942643548
2017-08-29 00:00:00-04:00,44.88648980831908,45.790566499517,44.88152946387787,45.689395904541016,23712000,0.0,0.0,45.64227924346924,46.17846082051595,46.49459088643392,-0.2560211348191501,46.38140973385119,44.90314875308729,48.715192134750374,-68.66218428815615,14.485470548119826
2017-08-30 00:00:00-04:00,45.62789575182593,46.16196323141254,45.60805815975871,46.10002136230469,26024000,0.0,0.0,45.64024600982666,46.11015510559082,46.455743153889976,-0.1978532680500109,46.373806436811826,44.9066855828415,50.65678913722158,-16.354476542161784,9.833705671565525
2017-08-31 00:00:00-04:00,46.208629488659824,46.715466143844246,46.208629488659824,46.58404541015625,31652000,0.0,0.0,45.67912635803223,46.062512715657554,46.421350415547685,-0.11141381000569339,46.52379141502018,44.83446130104428,52.83420721257736,53.603034354299766,3.3589896321563315
2017-09-01 00:00:00-04:00,46.673314989951585,46.74026639196904,46.3767499805404,46.48535919189453,18948000,0.0,0.0,45.70238571166992,46.00369567871094,46.38327134450277,-0.05029331971827844,46.60987614931163,44.79489527402821,52.346994075703826,71.72025258451623,3.0773409852725844
2017-09-05 00:00:00-04:00,46.27410064770517,46.46850379248616,45.72262834022912,46.04448699951172,26528000,0.0,0.0,45.70012989044189,45.917916997273764,46.365599886576334,-0.0370030441593201,46.603783725912045,44.79647605497174,50.207307398242605,25.738756983377133,9.784898480073561
2017-09-06 00:00:00-04:00,46.12878893249577,46.16672743231853,45.58921999804635,46.01274108886719,30554000,0.0,0.0,45.70265941619873,45.8800776163737,46.35312728881836,-0.02870118530660193,46.60967843893296,44.795640393464495,50.05490093674445,7.574130903750948,11.083185473819105
2017-09-07 00:00:00-04:00,46.2071358638772,46.43923150919963,45.804939407906915,46.41641998291016,24254000,0.0,0.0,45.73501853942871,45.86048838297526,46.33870391845703,0.01033250403506969,46.696577132426285,44.77345994643113,51.97267040187027,72.6685147972393,7.80492586407968
2017-09-08 00:00:00-04:00,46.44320964388353,46.46800379897968,45.86743510523602,45.947776794433594,20230000,0.0,0.0,45.782776832580566,45.84794158935547,46.31865202585856,0.003412063224452311,46.681935015983655,44.88361864917748,49.681649508238934,50.816746303268346,7.458539625115464
2017-09-11 00:00:00-04:00,46.33211970066842,46.53693537790275,45.96860327773993,46.075721740722656,25340000,0.0,0.0,45.81920280456543,45.82736053466797,46.30771681467692,0.008157615988771738,46.702957992406915,44.93544761672394,50.30039358084992,75.20982137120123,6.609583338702654
2017-09-12 00:00:00-04:00,46.24979590265578,46.29393199408681,45.81689897776083,46.22400665283203,22688000,0.0,0.0,45.84251155853271,45.82995580037435,46.30134423573812,0.02361167321183899,46.74386657586251,44.941156541202915,51.022462556593126,60.18412558061461,8.259673209721882
2017-09-13 00:00:00-04:00,46.154074985297115,46.480890116964545,46.11439980387328,46.37377166748047,22052000,0.0,0.0,45.874424362182616,45.83699785868327,46.28292865753174,0.047397540601160415,46.80456467370463,44.9442840506606,51.7548087598937,103.97905435564313,5.874787657084525
2017-09-14 00:00:00-04:00,46.183336866491246,46.25871820270984,45.82378949727754,45.87883758544922,27952000,0.0,0.0,45.86983699798584,45.82826957702637,46.26183516184489,0.026011127703114312,46.79888478453093,44.94078921144076,49.23783503081536,32.48593245447863,9.094957192630728
2017-09-15 00:00:00-04:00,45.85652379572357,45.94727804019721,45.44490225581329,45.639801025390625,50108000,0.0,0.0,45.89292240142822,45.82271499633789,46.22946751912435,-0.010109475543089275,46.77115202177693,45.01469278107952,48.0698403099079,-30.885704215434014,13.104477279460452
2017-09-18 00:00:00-04:00,45.62591272959253,45.7285702812369,45.159243123140186,45.3774528503418,26138000,0.0,0.0,45.90365924835205,45.80129102071126,46.19467805226644,-0.059221945320580005,46.74893295137246,45.05838554533164,46.809146480289265,-78.43406988192005,15.994321617232494
2017-09-19 00:00:00-04:00,45.49746537483972,45.745429595039305,45.255948466517886,45.715179443359375,18734000,0.0,0.0,45.941226196289065,45.78881022135417,46.15849177042643,-0.07008432937481501,46.669288668090154,45.21316372448798,48.60419059400845,-44.638788042018696,15.759278305043672
2017-09-20 00:00:00-04:00,45.7732006480487,46.31376460590626,45.72459987364221,46.19969940185547,33396000,0.0,0.0,45.95831089019775,45.796728515625,46.14139048258463,-0.03914489763556617,46.69414569085712,45.22247608953838,51.05557310632935,59.737066698273566,8.11913500124054
2017-09-21 00:00:00-04:00,46.27012747434856,46.44518864916923,45.81536116101708,46.24285125732422,25812000,0.0,0.0,45.97182502746582,45.81251564025879,46.145622444152835,-0.011016193157047383,46.71860877809469,45.22504127683695,51.269710948043986,72.54785830714543,6.438634452298782
2017-09-22 00:00:00-04:00,46.00975894066238,46.35591600182733,45.94677657750928,46.048439025878906,21054000,0.0,0.0,45.98980197906494,45.84770991007487,46.13573684692383,-0.004361161750345843,46.72513120326497,45.25447275486491,50.245164126951956,58.375464608832765,6.438634452266558
2017-09-25 00:00:00-04:00,45.89569792829547,45.94281173686944,45.114612125661935,45.67352294921875,37136000,0.0,0.0,46.00239849090576,45.85858726501465,46.13836517333984,-0.029005241131088155,46.70463031416801,45.300166667643516,48.31887492540838,-57.719844613217205,15.353707132647878
2017-09-26 00:00:00-04:00,45.8099085715943,46.16201735526631,45.68195741334931,45.8664436340332,33338000,0.0,0.0,46.029798698425296,45.86220766703288,46.15169741312663,-0.032593052214778595,46.658587619021915,45.401009777828676,49.35247710934541,11.153008770425496,12.434311333521903
2017-09-27 00:00:00-04:00,46.00926883108968,47.10824423028002,46.00926883108968,46.83994674682617,44788000,0.0,0.0,46.087326240539554,45.899022038777666,46.189544995625816,0.04262578345202428,46.791047341525086,45.38360513955402,54.14026404301733,158.00306091447447,1.0179707337445796
2017-09-28 00:00:00-04:00,46.68472970845266,47.147430369163814,46.64455886116531,47.08841323852539,20406000,0.0,0.0,46.136745834350585,45.93628298441569,46.22078037261963,0.1208928445407409,46.97094626202011,45.30254540668106,55.25701240853878,197.9322877798405,0.5804465493992764
2017-09-29 00:00:00-04:00,47.21239041552525,47.59852162469261,47.18809191743825,47.564998626708984,31620000,0.0,0.0,46.185793495178224,46.015846506754556,46.26410802205404,0.2188537029178832,47.22169583226862,45.149891158087826,57.31931011261275,254.8896888608255,4.352778996823166
2017-10-02 00:00:00-04:00,47.60814603331881,47.73510209837681,47.006086577392296,47.2753791809082,25668000,0.0,0.0,46.225294494628905,46.08626861572266,46.29277280171712,0.27000605835839053,47.364402698693624,45.086186290564186,55.70520285314145,212.98737895009987,2.259325514301476
2017-10-03 00:00:00-04:00,47.311571199324625,47.50994332059052,47.07054996114043,47.49952697753906,17766000,0.0,0.0,46.29804649353027,46.17079149881999,46.316734377543135,0.32488643390930605,47.56699264816956,45.029100338890984,56.6818360658536,196.13943791549005,2.259325514290163
2017-10-04 00:00:00-04:00,47.46035072715205,47.6284727101099,47.14742151253009,47.19651794433594,19048000,0.0,0.0,46.35723533630371,46.21540857950846,46.33457946777344,0.3400098088699295,47.67946240676447,45.03500826584295,54.98641135983828,167.02266827823303,3.6070251479844435
2017-10-05 00:00:00-04:00,47.385472923000826,48.15019456129017,47.370096234029766,48.10308074951172,24276000,0.0,0.0,46.44156837463379,46.28642565409343,46.356177202860515,0.4203022516722399,47.97756338423213,44.90557336503545,58.80051076372393,207.9852036569049,9.301505425113668
2017-10-06 00:00:00-04:00,47.941406503185995,48.57421174446608,47.775766568162794,48.54594421386719,23478000,0.0,0.0,46.571476745605466,46.38166046142578,46.38240350087484,0.5137478065608434,48.351697135940356,44.791256355270576,60.49222182739187,219.74326814575267,13.59315773867835
2017-10-09 00:00:00-04:00,48.60098952547351,48.87003238228844,48.40807338303432,48.45220947265625,17828000,0.0,0.0,46.69030113220215,46.48268102010091,46.39976927439372,0.5736280447779833,48.640341612214456,44.740260652189846,59.953206934537654,212.5639467254996,16.44652223135992
2017-10-10 00:00:00-04:00,48.60099483348961,48.6788544607021,47.91066318298066,48.2340087890625,19368000,0.0,0.0,46.790801239013675,46.57986666361491,46.41562264760335,0.5965993672565517,48.84410267605737,44.73749980196998,58.69378252518222,161.56195795727334,10.12110532681962
2017-10-11 00:00:00-04:00,48.28954157485038,49.13212269576185,48.216638525163944,49.05971908569336,33866000,0.0,0.0,46.92509860992432,46.69221076965332,46.43533579508463,0.6736666165962788,49.202658759399384,44.647538460449255,61.832473466594806,182.59489209720152,14.499310446718123
2017-10-12 00:00:00-04:00,48.97045727739344,49.30124147030181,48.84895344225628,48.98929977416992,25248000,0.0,0.0,47.08062171936035,46.78852005004883,46.449337577819826,0.7207523327768612,49.478958716774194,44.68228472194651,61.42072179231076,175.7444564407853,16.077205495457758
2017-10-13 00:00:00-04:00,49.19609979264319,49.45448035660158,49.04732353064774,49.08104705810547,23396000,0.0,0.0,47.25268402099609,46.8717534383138,46.467133076985675,0.7567480210069135,49.70885670600903,44.796511335983155,61.76389791636568,163.1041880327002,17.50425960830888
2017-10-16 00:00:00-04:00,49.2010624863942,49.29067785562854,48.79936164109669,49.196102142333984,18210000,0.0,0.0,47.443616485595705,46.96211153666179,46.48290360768636,0.7855040453306614,49.87961852338574,45.00761444780567,62.200101724852956,139.28477212973317,14.252157873234317
2017-10-17 00:00:00-04:00,49.11130038411931,49.41629533537547,49.02699345184264,49.20503234863281,25804000,0.0,0.0,47.618109130859374,47.06746304829915,46.492690022786455,0.7997944620944111,50.03267635707604,45.203541904642705,62.23469468882889,132.69293543447785,15.478094965445207
2017-10-18 00:00:00-04:00,49.18470000354926,49.43018218049181,48.94690238735532,49.23627471923828,21152000,0.0,0.0,47.769937896728514,47.17491416931152,46.52749589284261,0.804368459640294,50.190841379936565,45.349034413520464,62.35936408051906,120.63348426191064,14.399332756510546
2017-10-19 00:00:00-04:00,48.89853500711144,49.04136337211619,48.52113274226301,48.8216667175293,26272000,0.0,0.0,47.89887866973877,47.255089060465494,46.55778872172038,0.7657113412320484,50.25104678070445,45.54671055877309,59.65580117249332,89.77617827827207,8.809402063214458
2017-10-20 00:00:00-04:00,49.06914386722327,49.14650782634212,48.82812261423602,49.00764846801758,23664000,0.0,0.0,48.0468391418457,47.35708478291829,46.60251318613688,0.7415345209655939,50.27808604222005,45.81559224147135,60.4514497273372,94.43200908045534,9.933696861391805
2017-10-23 00:00:00-04:00,49.07311685864611,49.07311685864611,47.91264224369154,48.028194427490234,29568000,0.0,0.0,48.16457271575928,47.422167205810545,46.624763870239256,0.6360089460598886,50.09702095602489,46.23212447549366,54.58652285383482,53.53832495295154,1.0541738218334769
2017-10-24 00:00:00-04:00,48.10505919238504,48.21565102379951,47.6587228349042,48.131839752197266,24244000,0.0,0.0,48.27784252166748,47.485761642456055,46.6578587214152,0.5543522514971784,49.880555034760654,46.67513000857431,55.06376791866131,31.571373854723948,3.8126595536190853
2017-10-25 00:00:00-04:00,48.02422483760233,48.40708319511447,47.63492295138281,48.270206451416016,24226000,0.0,0.0,48.34935550689697,47.54897613525391,46.692986996968585,0.4950966035410289,49.80259124735266,46.89611976644128,55.706604796426475,34.50631288126706,1.6035142783166967
2017-10-26 00:00:00-04:00,48.60098608845096,48.977892754268616,48.214162518842635,48.23201370239258,40842000,0.0,0.0,48.40653553009033,47.627415339152016,46.72784245808919,0.4399823967753278,49.73555571933343,47.07751534084723,55.479977093278656,52.43731375904762,4.655002755590629
2017-10-27 00:00:00-04:00,50.04860257947828,51.99264119422451,49.99950614726325,50.54850006103515,103354000,0.0,0.0,48.55571060180664,47.79103864034017,46.80687681833903,0.576578640633798,50.133494744395065,46.97792645921821,64.53315324488318,180.3301715212451,28.66319507386483
2017-10-30 00:00:00-04:00,50.2871434741357,50.8311770214687,49.964789238451225,50.441375732421875,41702000,0.0,0.0,48.71401042938233,47.95983606974284,46.88056354522705,0.6684822625636286,50.383549983437504,47.04447087532715,63.91141774420844,147.64193427604994,28.27840105269624
2017-10-31 00:00:00-04:00,50.34765075295227,50.783075124110816,50.10960342705624,50.41807174682617,26614000,0.0,0.0,48.85993766784668,48.11659914652507,46.952704683939615,0.7310094858792127,50.59155879891529,47.12831653677807,63.77314837405282,142.1628238539072,28.27840105252651
2017-11-01 00:00:00-04:00,50.44633797293926,51.06426590860071,50.433443348991,50.85746383666992,27468000,0.0,0.0,49.04298496246338,48.27185796101888,47.03429323832194,0.8067186795655203,50.80790333837024,47.27806658655652,65.23995593255879,153.65117056367632,30.090641619115644
2017-11-02 00:00:00-04:00,50.67198455363735,50.98590507075747,50.23804717696837,50.861427307128906,20980000,0.0,0.0,49.180902290344235,48.42581049601237,47.11916306813558,0.8571577984211416,51.06372430414874,47.29808027653973,65.25308414082106,138.78858273942294,27.76986917295299
2017-11-03 00:00:00-04:00,50.68934561548526,51.21205466204638,50.60007833690751,51.2036247253418,21528000,0.0,0.0,49.313786315917966,48.5976500193278,47.222679964701335,0.9142052462888728,51.3746451046922,47.25292752714373,66.38693924528906,146.93877217318786,29.28039904420619
2017-11-06 00:00:00-05:00,51.03054883218921,51.322153525068394,50.83267232734693,50.87730407714844,22504000,0.0,0.0,49.43504104614258,48.771109390258786,47.31484832763672,0.9224509700183745,51.56661466502133,47.303467427263826,64.31653560145722,138.7141404746533,30.017472588076945
2017-11-07 00:00:00-05:00,50.94524308229758,51.27751803566945,50.83911593251078,51.24577713012695,22246000,0.0,0.0,49.5856294631958,48.95042050679525,47.406314086914065,0.9477928948871437,51.78442713448938,47.386831791902225,65.57078508668556,136.15596311410866,30.01747258794807
2017-11-08 00:00:00-05:00,51.106425497805155,51.75123244517497,51.00376793357538,51.56912612915039,21774000,0.0,0.0,49.711099815368655,49.108059819539385,47.503540929158525,0.9826408428416187,52.06449375021923,47.35770588051808,66.63539843537419,143.90996560979428,33.22214584313459
2017-11-09 00:00:00-05:00,51.27850958771104,51.27850958771104,50.56813987002397,51.14311981201172,24904000,0.0,0.0,49.81879081726074,49.24321670532227,47.589749844868976,0.9647617700103694,52.22953161816123,47.40805001636025,63.94070131538566,107.32691670539539,27.66086991376268
2017-11-10 00:00:00-05:00,50.905070636306625,51.11831622541672,50.846549175576214,50.98491287231445,14400000,0.0,0.0,49.91398410797119,49.35721384684245,47.686530176798506,0.927139016676584,52.3522655469547,47.47570266898768,62.96251901165779,96.67525859077087,27.66086991368137
2017-11-13 00:00:00-05:00,50.75431320467812,51.158987993339544,50.71215973851064,50.8698616027832,17716000,0.0,0.0,49.99767208099365,49.477029927571614,47.78164927164713,0.8779189346812188,52.44707808918006,47.548266072807245,62.24613817298089,84.86420488650151,25.925439150021667
2017-11-14 00:00:00-05:00,50.71315365419052,50.92243402761823,50.29458912370094,50.88226318359375,19184000,0.0,0.0,50.0815336227417,49.58978780110677,47.88028964996338,0.8303407180864752,52.53152266788406,47.63154457759934,62.29397710570639,66.73599132098283,20.65341766163848
2017-11-15 00:00:00-05:00,50.54552250914502,50.78753507882769,50.35756671577141,50.62983322143555,17080000,0.0,0.0,50.15121154785156,49.704231643676756,47.95982011159261,0.7634649021994946,52.57914936016893,47.72327373553419,60.675086090594,55.59810903970724,20.65341766152608
2017-11-16 00:00:00-05:00,50.709675591386016,51.37422168537237,50.709675591386016,51.204612731933594,22594000,0.0,0.0,50.270358848571775,49.80761604309082,48.04702084859212,0.7482202221887491,52.65710879074452,47.883608906399026,62.94348662548928,80.59280949964854,25.35238465681966
2017-11-17 00:00:00-05:00,51.279497268900286,51.29983051661821,50.47311789536344,50.53956985473633,27942000,0.0,0.0,50.346954917907716,49.874070231119795,48.127865346272785,0.6746978049430652,52.66027700004615,48.03363283576928,58.87831436383513,56.73853852699691,22.33060048791643
2017-11-20 00:00:00-05:00,50.597596503142256,50.7141399915349,50.460719766693565,50.50436019897461,19070000,0.0,0.0,50.470763206481934,49.9424752553304,48.21257813771566,0.6065971601463076,52.51042194361432,48.43110446934955,58.67078219478531,40.476178205076884,22.170923984337872
2017-11-21 00:00:00-05:00,50.74884906827586,51.33404472392095,50.71636657576809,51.30329513549805,21940000,0.0,0.0,50.629335975646974,50.04478480021159,48.31232573191325,0.610061867448195,52.37534658056004,48.88332537073391,61.828962440550164,72.69554954606251,27.093200527668408
2017-11-22 00:00:00-05:00,51.328599790036264,51.56198191406626,51.15155219544245,51.3762092590332,14926000,0.0,0.0,50.78463611602783,50.12200113932292,48.40710595448812,0.6116406210014986,52.16041086973985,49.40886136231582,62.102372977518726,84.93964994247118,28.805901812546672
2017-11-24 00:00:00-05:00,51.37174191073091,51.73416864363619,51.32859713231066,51.6068115234375,10740000,0.0,0.0,50.95337600708008,50.20925153096517,48.498885790506996,0.6243028949230762,51.690542705192556,50.216209308967606,62.970150495549156,93.81608725333176,30.089310338876018
2017-11-27 00:00:00-05:00,51.57655972854029,52.34326394554962,51.49919576675053,52.281272888183594,26158000,0.0,0.0,51.0400146484375,50.315925725301106,48.59383958180745,0.6809121027909697,51.96116730513421,50.118861991740786,65.36938835326393,121.880784093525,34.41573749080385
2017-11-28 00:00:00-05:00,52.32491793196595,52.68620200162019,51.576560543775294,51.94404220581055,28488000,0.0,0.0,51.11514797210693,50.407523727416994,48.68481763203939,0.6906027712982734,52.0750248805172,50.15527106369667,63.24969491814041,120.26386698905024,36.69744888158323
2017-11-29 00:00:00-05:00,51.70946682659576,51.778896507337336,50.36897454861806,50.66702651977539,49188000,0.0,0.0,51.12759571075439,50.45625686645508,48.76185995737712,0.5884548611710088,52.05532935275921,50.199862068749574,56.120906600401035,37.19958704410962,21.32204803045183
2017-11-30 00:00:00-05:00,50.70224203753063,51.005750038726006,50.33674297355993,50.654632568359375,34480000,0.0,0.0,51.11745414733887,50.503535461425784,48.83922481536865,0.5007297176686407,52.06190519963921,50.173003095038524,56.057471795963195,13.835894108609853,20.946430536325344
2017-12-01 00:00:00-05:00,50.376407931975955,50.70818339692597,49.693019411980096,50.097198486328125,38192000,0.0,0.0,51.07924270629883,50.54605318705241,48.90057112375895,0.381825194504259,52.12383898588527,50.034646426712385,53.25666053805307,-32.81334377185587,13.675120938509078
2017-12-04 00:00:00-05:00,50.22068732215014,50.39128757819123,49.37314582525033,49.52737808227539,38128000,0.0,0.0,50.995430374145506,50.56337750752767,48.960231145222984,0.23885933706352347,52.24657169512217,49.74428905316884,50.58407342276098,-74.00493169286813,10.26736252233862
2017-12-05 00:00:00-05:00,49.39149860906102,50.61495172634546,49.01161799391949,49.84824752807617,41346000,0.0,0.0,50.9439775466919,50.62404594421387,49.02310657501221,0.14972342919447357,52.296134588741175,49.59182050464262,51.98761362505263,-80.5109179340954,6.533351655794468
2017-12-06 00:00:00-05:00,49.6672350037475,50.831179135955715,49.64938003583227,50.50436019897461,25440000,0.0,0.0,50.90690670013428,50.70312995910645,49.09444580078125,0.13052082635798,52.264866209319706,49.54894719094885,54.7087218104425,-43.94792884994964,8.451456301134707
2017-12-07 00:00:00-05:00,50.606024579443215,51.29090389254496,50.48903462656131,51.12675094604492,29164000,0.0,0.0,50.884787940979,50.79834810892741,49.173662122090654,0.1636380395559911,52.21137983602047,49.558196045937535,57.094933948817484,26.348885781002846,12.405163790767235
2017-12-08 00:00:00-05:00,51.45207992026812,51.678223924234594,51.20570104315314,51.43025970458984,25816000,0.0,0.0,50.89914493560791,50.90495630900065,49.26618582407634,0.21193127804740186,52.24360337788992,49.554686493325896,58.20575054931292,93.88990976977158,15.582625037360826
2017-12-11 00:00:00-05:00,51.35338863007286,51.76500633690437,51.182292722371514,51.631107330322266,23856000,0.0,0.0,50.9314546585083,50.94104321797689,49.36604092915853,0.2633747224732019,52.31507955700707,49.547829760009535,58.93359603407094,100.67588556471007,16.286478717709244
2017-12-12 00:00:00-05:00,51.55820359519538,52.08785552623467,51.26362502789891,51.60035705566406,25590000,0.0,0.0,50.967979431152344,50.979675928751625,49.46975599924723,0.2982249806976256,52.38296988050567,49.55298898179902,58.7714915872493,113.37604329596665,18.889158200062496
2017-12-13 00:00:00-05:00,51.880069354033736,51.90709585164453,51.49621968546105,51.6068115234375,25654000,0.0,0.0,51.004206848144534,51.019300587972005,49.56794986724854,0.32264562510384565,52.44678867237239,49.561625023916676,58.79610121206384,108.94318356710113,18.889158199985197
2017-12-14 00:00:00-05:00,51.82451990954534,52.49402252007112,51.730787954945626,52.030330657958984,31174000,0.0,0.0,51.074231719970705,51.05839614868164,49.66512705485026,0.3718867375764816,52.575084517919244,49.573378922022165,60.40057315251403,156.2769819014472,23.515414124828354
2017-12-15 00:00:00-05:00,52.30111122370112,52.94631539896615,52.04769099059219,52.77621078491211,65518000,0.0,0.0,51.15281162261963,51.12222226460775,49.77401638031006,0.46572834023847065,52.835909851762565,49.469713393476695,63.02379717903559,201.84177399528082,26.8418021459281
2017-12-18 00:00:00-05:00,52.86993968275683,53.485385541508634,52.667598519383354,53.418434143066406,31092000,0.0,0.0,51.29675483703613,51.196049245198566,49.896849632263184,0.5851750108920655,53.23248428160612,49.361025392466146,65.08400585273782,235.7152965555135,30.565082162397477
2017-12-19 00:00:00-05:00,53.32222967156994,53.40356267052736,52.7444763093258,53.09807205200195,26774000,0.0,0.0,51.4264404296875,51.27007484436035,50.02059211730957,0.6465339733888342,53.48244409955466,49.37043675982034,63.265013857646444,192.25730256654222,30.565082162196283
2017-12-20 00:00:00-05:00,53.152622287901174,53.23196887566235,52.64379919305005,52.81390380859375,25372000,0.0,0.0,51.50197086334229,51.32234573364258,50.136383120218916,0.664570634293753,53.6479468094513,49.355994917233275,61.683108688360946,153.45878827023407,29.25038253221444
2017-12-21 00:00:00-05:00,52.81390040466621,53.031115032637786,52.65738282875824,52.748435974121094,19914000,0.0,0.0,51.57058219909668,51.36165606180827,50.23485794067383,0.6659059614915961,53.78624270888238,49.35492168931098,61.31770040613491,131.7180875116916,29.250382532101337
2017-12-22 00:00:00-05:00,52.623467773854,52.7767087381691,52.540647807238535,52.574371337890625,15102000,0.0,0.0,51.61896018981933,51.40936444600423,50.32629057566325,0.6454779880414208,53.87974445387948,49.358175925759184,60.3346300158483,105.7197675614674,27.655401204717734
2017-12-26 00:00:00-05:00,52.47270221650519,52.574368458960215,52.08240524686598,52.40674591064453,15212000,0.0,0.0,51.625233840942386,51.45675888061523,50.40698636372884,0.6087454620760226,53.89443737051685,49.356030311367924,59.38613205012571,76.27074554331718,21.56361191037459
2017-12-27 00:00:00-05:00,52.43898011148956,52.48758089004527,51.9757838552367,52.04124450683594,25438000,0.0,0.0,51.63009395599365,51.495804977416995,50.4864174524943,0.5438723401517223,53.902586481128424,49.35760143085888,57.35239990173358,56.67773242758562,20.18315938459406
2017-12-28 00:00:00-05:00,52.15183142444514,52.30804629477163,51.81310921560849,51.98023986816406,16742000,0.0,0.0,51.69575462341309,51.532404200236,50.561096000671384,0.4819813778366182,53.92658796418652,49.46492128263966,57.01527023755654,42.351828232262555,18.067015330803127
2017-12-29 00:00:00-05:00,51.909816159932944,52.05760488179408,51.81955758440817,51.89394760131836,17750000,0.0,0.0,51.757720375061034,51.574541346232095,50.63938649495443,0.42111492877770473,53.9349945211041,49.580446229017966,56.529031902399694,30.078350975659724,18.067015330754973
2018-01-02 00:00:00-05:00,51.990162573715985,52.912589786807075,51.83593031005391,52.81637954711914,24752000,0.0,0.0,51.89367942810058,51.62826690673828,50.717941474914554,0.442212824151234,53.971695277081956,49.81566357911921,60.27534331506803,76.47970701502567,25.45003713095476
2018-01-03 00:00:00-05:00,52.782166738766215,53.87221662712359,52.72761430037645,53.68326950073242,28604000,0.0,0.0,52.10147399902344,51.73305689493815,50.80356356302897,0.5228566664084653,54.00719341122189,50.19575458682499,63.346310341664875,141.2633460753535,32.51117127578599
2018-01-04 00:00:00-05:00,53.95701684148589,54.23324859447431,53.75874307935551,53.87766647338867,20092000,0.0,0.0,52.30294494628906,51.84550043741862,50.893987846374515,0.5955881341847586,54.051141616871256,50.554748275706864,63.99205689789886,169.4495293447091,34.91057854510764
2018-01-05 00:00:00-05:00,54.2545753790277,54.76290281754479,54.15538741483947,54.662723541259766,25582000,0.0,0.0,52.51086311340332,51.957481384277344,51.001133092244466,0.7084097837634857,54.34538348583407,50.676342740972565,66.46056803348148,193.6807659782413,38.242769850941805
2018-01-08 00:00:00-05:00,54.66271864809224,55.11103761191644,54.63246849731221,54.89630126953125,20952000,0.0,0.0,52.699340629577634,52.07481778462728,51.098409461975095,0.807362749264044,54.70197215928354,50.696709099871725,67.15363867449722,196.8045359736519,40.32019395844516
2018-01-09 00:00:00-05:00,55.018302359089226,55.07632438232406,54.61317734481972,54.862579345703125,18050000,0.0,0.0,52.870956611633304,52.1833433787028,51.19629745483398,0.8729992183478359,54.999955704399966,50.74195751886664,66.9470258584789,172.49720181953484,40.05013729554447
2018-01-10 00:00:00-05:00,54.408314121739245,54.78026048881455,54.35921768559047,54.68157196044922,20856000,0.0,0.0,53.02347984313965,52.26335334777832,51.28963953653972,0.900035757771029,55.21465166992061,50.83230801635868,65.82250040069883,140.16408608380593,36.473195292275165
2018-01-11 00:00:00-05:00,54.86456586306186,54.87572379972059,54.5317990366128,54.82588577270508,19566000,0.0,0.0,53.1847562789917,52.35941480000814,51.38346926371256,0.9224736268691984,55.40945250995288,50.96006004803052,66.28952285799467,133.83684735864568,37.097919569077476
2018-01-12 00:00:00-05:00,54.67164858862823,55.75674182586083,54.609161874447985,55.65606689453125,34410000,0.0,0.0,53.38721904754639,52.525716145833336,51.4909865061442,0.9957659086516841,55.740567896544434,51.03387019854834,68.8246353245049,152.20905871027873,42.49670038222914
2018-01-16 00:00:00-05:00,56.16440063811896,56.53138668410262,55.43647857746861,55.63127899169922,31506000,0.0,0.0,53.5672664642334,52.69160435994466,51.59756991068522,1.0398634943390945,56.03187954629048,51.102653382176314,68.66513601602499,163.6265421422426,46.66077490363579
2018-01-17 00:00:00-05:00,55.8524580958765,56.16886070829203,55.39570536262315,56.13811111450195,24052000,0.0,0.0,53.73536148071289,52.89296811421712,51.71951065063477,1.1029936411344181,56.421441122393645,51.04928183903213,70.12935839713586,150.97917134364346,46.08476992340108
2018-01-18 00:00:00-05:00,56.109836914774334,56.164389343784286,55.42000105615853,56.02949523925781,23964000,0.0,0.0,53.865914535522464,53.1097053527832,51.836541430155435,1.1312203399872374,56.73473376848562,50.99709530255931,69.41031406550172,137.20232821679352,46.08476992305923
2018-01-19 00:00:00-05:00,56.13067716609175,56.42972427410855,55.95561597204692,56.4123649597168,35564000,0.0,0.0,54.031629180908205,53.32850926717122,51.976277605692545,1.1709861889827593,57.0903075614378,50.97295080037861,70.51279327357133,142.68288260567934,47.52016260735739
2018-01-22 00:00:00-05:00,56.41137059166067,57.52175370381796,56.29334012454735,57.31991195678711,32360000,0.0,0.0,54.256929588317874,53.555694325764975,52.12941214243571,1.2611941081730862,57.589494015109324,50.924365161526424,72.90716310500879,161.94946565655798,52.86313724076239
2018-01-23 00:00:00-05:00,57.52026040715348,58.104313460222215,57.46570797607126,58.02214050292969,26662000,0.0,0.0,54.520614814758304,53.7855406443278,52.291944376627605,1.373515477508242,58.170101992964405,50.8711276365522,74.56063378143699,177.62730983321504,55.3706359829843
2018-01-24 00:00:00-05:00,58.38714933929943,58.5126184290989,57.57977858067153,57.737979888916016,28332000,0.0,0.0,54.77879524230957,53.99579798380534,52.45037714640299,1.4231958691457152,58.57614960774348,50.98144087687566,72.70323811255207,163.43120324841513,57.028055680179726
2018-01-25 00:00:00-05:00,58.149095381016856,58.31820867070162,57.6645746065144,58.04197692871094,29610000,0.0,0.0,55.06055679321289,54.20949363708496,52.57526842753092,1.4701509726727267,58.95193649967864,51.16917708674714,73.43559645910247,150.92714590458328,57.02805567982901
2018-01-26 00:00:00-05:00,58.275562718511566,58.31325149536133,57.43396903969482,58.31325149536133,40376000,0.0,0.0,55.37415714263916,54.43325678507487,52.706466356913246,1.511825438329275,59.25190319588646,51.49641108939186,74.0776191415136,139.36786299358687,53.58074671912184
2018-01-29 00:00:00-05:00,58.34500098317583,58.86126276438017,58.12183087455575,58.30036544799805,27578000,0.0,0.0,55.69016342163086,54.65637524922689,52.83783791859945,1.5262196462382818,59.431037647266905,51.94928919599481,73.98974608326449,143.47235132439093,55.957675380567736
2018-01-30 00:00:00-05:00,57.91601614369812,58.34697964138584,57.70227108293207,57.7107048034668,31126000,0.0,0.0,55.98100128173828,54.845721054077146,52.95205860137939,1.4730658871019529,59.366784704134346,52.59521785934221,70.05588494566123,115.2865274375321,49.8793031578182
2018-01-31 00:00:00-05:00,58.05189805102355,58.172410575212965,57.48455727829723,58.02065658569336,30774000,0.0,0.0,56.24121513366699,55.02053591410319,53.07137908935547,1.4393596266787156,59.394923147786706,53.087507119547276,70.89727315845911,105.23664203136495,46.8078411081147
2018-02-01 00:00:00-05:00,57.657139835998365,58.222002325205416,57.404710916438994,57.90956497192383,48242000,0.0,0.0,56.45252990722656,55.170240275065105,53.18314476013184,1.3876866201013627,59.44691515415318,53.45814466029994,70.16626255004394,95.53356194728698,45.67522791323505
2018-02-02 00:00:00-05:00,55.643173242287766,55.69623870893562,54.91306809389299,55.14228820800781,97158000,0.0,0.0,56.51576099395752,55.23838081359863,53.254227828979495,1.1106365554893287,59.32914919229843,53.70237279561661,55.436800582544194,2.0787257592211037,16.62883474920078
2018-02-05 00:00:00-05:00,54.08595537713037,55.04805777788504,52.17316201513916,52.36012649536133,75966000,0.0,0.0,56.4006311416626,55.22325490315755,53.272800318400066,0.6589788861321537,59.682717452186566,53.118544831138635,45.502321045084194,-73.29353078053975,4.933960260195774
2018-02-06 00:00:00-05:00,50.94077944845874,53.6450749434405,50.740273343167175,53.59002685546875,68960000,0.0,0.0,56.33531742095947,55.25130793253581,53.306481997172035,0.39571801851180055,59.79085761205625,52.87977722986269,49.630209226131264,-92.37377192354703,13.578121331958245
2018-02-07 00:00:00-05:00,53.636650532351965,53.64855384547301,51.98619903524244,52.002071380615234,47384000,0.0,0.0,56.192292022705075,55.232231267293294,53.32079785664876,0.05827538613133498,60.110335010978076,52.274249034432074,45.070530559567054,-96.22686780400959,13.5521887375847
2018-02-08 00:00:00-05:00,52.3407906537156,52.499983280436474,49.62558283903651,49.66823196411133,57182000,0.0,0.0,55.94162502288818,55.14094746907552,53.29885317484538,-0.39294207572411466,60.796182181313306,51.08706786446306,39.54654443539627,-159.7404853745735,25.49349686658377
2018-02-09 00:00:00-05:00,50.44832314535952,51.77344635557056,49.223874868055326,51.46646499633789,70118000,0.0,0.0,55.773653984069824,55.12178815205892,53.30879656473795,-0.5985332689007805,61.008352839575,50.53895512856465,44.926750029268376,-146.8200868887712,27.262245495601363
2018-02-12 00:00:00-05:00,51.97330674116343,52.64280943918288,51.62258278092159,52.168701171875,41154000,0.0,0.0,55.59928569793701,55.12807019551595,53.330237197875974,-0.696769257883517,61.077157251215354,50.12141414465867,46.838093649477436,-101.64079370160019,20.83986307683967
2018-02-13 00:00:00-05:00,51.824523180966615,52.487578521732765,51.77924443509403,52.176631927490234,25302000,0.0,0.0,55.426553344726564,55.13749300638835,53.356017176310225,-0.7651617330444651,61.114035824091076,49.73907086536205,46.859640171732266,-102.18506104516047,20.839863076751033
2018-02-14 00:00:00-05:00,52.020411408924936,53.14964066479402,51.91131033171968,53.04946517944336,31116000,0.0,0.0,55.272121047973634,55.14526252746582,53.386764717102054,-0.7403980654729381,61.045338112047055,49.49890398390021,49.203596795181035,-83.44278606688206,16.066256407485195
2018-02-15 00:00:00-05:00,53.51415011792964,54.129550589095935,52.78364772277197,54.03239822387695,36868000,0.0,0.0,55.17226619720459,55.15690015157064,53.44497852325439,-0.6341481335977122,60.959394286295456,49.38513810811373,51.68622650271818,-51.11115285261313,9.446400340175172
2018-02-16 00:00:00-05:00,53.977344641777066,54.783723947192385,53.97253186006656,54.29424285888672,33590000,0.0,0.0,55.06636009216309,55.17078603108724,53.50814323425293,-0.5227892345083944,60.83543012025677,49.29729006406941,52.328296911429305,-27.323051739901285,5.298808782677861
2018-02-20 00:00:00-05:00,54.084469070481866,55.24394852583563,53.98280282923429,54.674129486083984,28462000,0.0,0.0,54.93407096862793,55.171166229248044,53.564323806762694,-0.39928017539409666,60.60608246174342,49.26205947551244,53.26053957234116,-17.541701622938678,2.4726112352254512
2018-02-21 00:00:00-05:00,54.872996485520495,56.236799715673186,54.86605351752697,55.1145133972168,30258000,0.0,0.0,54.788689613342285,55.178439966837566,53.62662887573242,-0.2628332766199435,60.27339206264753,49.30398716403704,54.331529695368864,8.969362790210056,3.3184765813829014
2018-02-22 00:00:00-05:00,55.35503624729743,55.68383400678973,54.68057328974185,54.88092803955078,26344000,0.0,0.0,54.645837020874026,55.17905158996582,53.68119748433431,-0.1715687744697405,59.95305895412882,49.33861508761923,53.65690103786269,-2.697829526604298,2.202257218344132
2018-02-23 00:00:00-05:00,55.17898283756641,55.905020542104815,54.78590869027769,55.88072204589844,25220000,0.0,0.0,54.5377742767334,55.21902325948079,53.741188303629556,-0.018354400205012666,59.637805147638964,49.43774340582784,56.07203965293145,11.890155355428673,3.488535058999693
2018-02-26 00:00:00-05:00,55.93081052583016,56.732233360565466,55.8760121569129,56.72181701660156,31182000,0.0,0.0,54.45820255279541,55.28222096761068,53.820817883809404,0.16899041376452573,59.355853482225164,49.56055162336566,57.97790601074325,42.15434697268521,8.161705216150306
2018-02-27 00:00:00-05:00,56.59733760184774,56.73619695977151,55.44480114744668,55.45918273925781,35482000,0.0,0.0,54.3161434173584,55.275658162434894,53.90068715413411,0.21312175969313785,58.899277409158756,49.73300942555804,54.31814969615533,21.52663881804934,5.4093303528386025
2018-02-28 00:00:00-05:00,55.694258892592714,55.917425203581686,54.712814456323166,54.78670883178711,37652000,0.0,0.0,54.16994361877441,55.24750582377116,53.96955509185791,0.19162422032680126,58.47526966719786,49.864617570350966,52.492538307010726,-3.5217288096305306,0.9004991866717401
2018-03-01 00:00:00-05:00,54.942427800609266,55.05401094785221,52.91561836217691,53.04054260253906,50318000,0.0,0.0,53.9209379196167,55.14425354003906,54.01861082712809,0.033302355295468544,57.847974658564674,49.99390118066872,48.14587632835069,-51.5943026586223,8.98735786838425
2018-03-02 00:00:00-05:00,52.22523115349013,53.65940615785782,51.979003622974815,53.506710052490234,45432000,0.0,0.0,53.70079517364502,55.06016070048015,54.084933026631674,-0.05393135896711243,57.151069480036895,50.250520867253144,49.30519118601867,-67.9652012566568,13.554455116343167
2018-03-05 00:00:00-05:00,53.31924944952111,54.408307863278736,53.01475017903053,54.10232162475586,24044000,0.0,0.0,53.64879684448242,54.98315925598145,54.15583426157634,-0.07414908535714915,57.038412893148006,50.25918079581683,50.76024294536603,-38.458472386412375,9.028946048938192
2018-03-06 00:00:00-05:00,54.51344294229495,54.6438723603717,54.045040451297965,54.30713653564453,30656000,0.0,0.0,53.746147346496585,54.88273340861003,54.2192138671875,-0.07280566914902664,57.09147584182669,50.40081885116648,51.25791216553143,-19.46335530167913,7.633163891781459
2018-03-07 00:00:00-05:00,54.016028223371926,55.15815209790708,53.8321398436109,55.03020095825195,25850000,0.0,0.0,53.81815605163574,54.783002090454104,54.28427136739095,-0.013243088046920093,57.2109975256109,50.42531457766058,52.99301783752453,-4.321259111592915,4.608645425080573
2018-03-08 00:00:00-05:00,55.31188932568222,55.920891656405374,55.18691590431014,55.8415412902832,27102000,0.0,0.0,54.01012954711914,54.719787470499675,54.35779272715251,0.0982959759192994,57.404796288472696,50.61546280576559,54.858318575805754,35.272170099460396,0.2850366865657542
2018-03-09 00:00:00-05:00,56.33747051235824,57.56737471894698,56.161962876738784,57.52968215942383,42560000,0.0,0.0,54.403202056884766,54.702710978190105,54.45610230763753,0.3192304574662188,57.487386735082126,51.319017378687406,58.41052959566678,92.45341814189743,8.188775611724227
2018-03-12 00:00:00-04:00,57.7186407853451,58.37326626821569,57.39975608924168,57.75087356567383,43446000,0.0,0.0,54.71742248535156,54.68396504720052,54.558610916137695,0.5063342180660442,57.8222817423866,51.612563228316525,58.84944372187528,122.20964658923492,11.955696965444707
2018-03-13 00:00:00-04:00,58.0236308991782,58.358879785405385,56.20506129334194,56.445091247558594,38144000,0.0,0.0,54.93124198913574,54.622122573852536,54.63924891153972,0.5429903217283254,57.88225254549019,51.980231432781295,55.2862526378263,94.2545468417555,5.328350376945551
2018-03-14 00:00:00-04:00,56.79421926929469,57.45777021035502,56.60725101999607,57.006473541259766,25828000,0.0,0.0,55.172734069824216,54.59864819844564,54.722184626261395,0.6103042004857286,57.960585217219425,52.38488292242901,56.458741990723794,97.89797468812465,5.328350376917899
2018-03-15 00:00:00-04:00,57.02978683097875,57.58125900303467,56.265065282658746,57.01094055175781,27908000,0.0,0.0,55.370807838439944,54.56499099731445,54.79276345570882,0.656444303477997,58.08543137648626,52.656184300393626,56.46813828477342,98.01641776881803,3.451278966228835
2018-03-16 00:00:00-04:00,57.237083524598745,57.323373072119615,56.137113136272376,56.32407760620117,61840000,0.0,0.0,55.485391807556155,54.512141418457034,54.841190846761066,0.6303206243708033,58.15523914253525,52.81554447257706,54.594103127806996,87.10628562162775,2.7430124082862197
2018-03-19 00:00:00-04:00,55.54448343424784,55.642676301174035,54.00710595782781,54.54320526123047,56118000,0.0,0.0,55.49783992767334,54.49217198689779,54.86527640024821,0.4606063226296655,58.14654103213639,52.84913882321029,50.13166363784203,9.321246439538422,8.092926725663153
2018-03-20 00:00:00-04:00,54.50254180074956,54.810015042984375,53.7318685036212,54.438568115234375,36638000,0.0,0.0,55.48606185913086,54.561453374226886,54.89235413869222,0.31404307944669085,58.15222277905004,52.81990093921167,49.883828582788944,-9.762394487586112,9.370638520999782
2018-03-21 00:00:00-04:00,54.19209088588891,54.86456752757448,53.81567982985853,54.09984588623047,37578000,0.0,0.0,55.43532848358154,54.578447341918945,54.91487763722738,0.1686149124802725,58.16901832460619,52.701638642556894,49.07144611070149,-15.601382853249136,9.059768531037477
2018-03-22 00:00:00-04:00,53.65350380851294,53.70408720403879,51.86964928274477,52.02685546875,53340000,0.0,0.0,55.2926248550415,54.5792734781901,54.9057523727417,-0.11261282898735914,58.418074805853635,52.16717490422937,44.48485716943536,-94.00055798812068,17.69299664445553
2018-03-23 00:00:00-04:00,51.92519589609431,52.73504484348666,50.64520398170451,50.662559509277344,43134000,0.0,0.0,55.03171672821045,54.612417729695636,54.87668259938558,-0.44049734309813715,58.76295790490452,51.30047555151638,41.823426663332114,-151.75958113326166,22.48290955227318
2018-03-26 00:00:00-04:00,51.87411706486848,52.35169869251879,50.00942496329803,52.23168182373047,53302000,0.0,0.0,54.807209968566895,54.63792495727539,54.87985655466716,-0.567194856498098,58.64897365873223,50.96544627840156,45.68940115386715,-146.82096969294807,24.832598758568945
2018-03-27 00:00:00-04:00,52.71720213145666,52.80840285171861,49.440105689531585,49.84577560424805,61906000,0.0,0.0,54.5265396118164,54.56049410502116,54.844282150268555,-0.8503242322944047,58.94471260090419,50.10836662272862,41.36556133705741,-177.4447658203322,26.88559824747738
2018-03-28 00:00:00-04:00,49.49366061601539,50.79447769612286,48.632728800154666,49.81898880004883,67386000,0.0,0.0,54.278153610229495,54.481906000773115,54.80969950358073,-1.0645957762613136,59.16811398406129,49.3881932363977,41.320145558452296,-205.02740152153046,29.702320214352383
2018-03-29 00:00:00-04:00,50.169611874398925,51.725339970366576,49.73666578331514,51.169403076171875,54536000,0.0,0.0,54.184596633911134,54.419237263997395,54.78224989573161,-1.1126148410886856,59.2429555292989,49.12623773852337,44.49808200324714,-147.77848945448991,24.004473325739983
2018-04-02 00:00:00-04:00,50.72455182747304,51.318676916868206,49.115266452390934,49.91371154785156,53608000,0.0,0.0,54.0049467086792,54.281947708129884,54.71942392985026,-1.237726368883962,59.40813625760002,48.60175715975838,42.29474083864011,-161.70800832843886,26.242062749080244
2018-04-03 00:00:00-04:00,50.282682947275106,50.63380039498629,49.29876028727931,50.25788879394531,45502000,0.0,0.0,53.81272506713867,54.14740257263183,54.65909430185954,-1.294187342609149,59.46894009571336,48.15651003856399,43.0936975912382,-143.96791046315158,26.2420627489085
2018-04-04 00:00:00-04:00,49.266035442900105,51.017059746475994,49.24570219252592,50.83961486816406,49694000,0.0,0.0,53.63934898376465,54.01958541870117,54.59537582397461,-1.2772690757312688,59.44242269497624,47.83627527255306,44.43875093389421,-119.5928811443828,23.83545196864562
2018-04-05 00:00:00-04:00,51.64252078129777,51.71492440043154,50.59120025388821,50.972023010253906,27260000,0.0,0.0,53.43644008636475,53.88150240580241,54.52997118631999,-1.238895777517996,59.318010313250284,47.55486985947921,44.74626162965307,-88.30452915690915,19.542788366120657
2018-04-06 00:00:00-04:00,50.584700527861905,51.151049954865385,49.74311066722912,49.94197845458984,34928000,0.0,0.0,53.14146194458008,53.71687075297038,54.4479611714681,-1.2768815536999725,59.10631748697395,47.17660640218621,42.83823525779917,-103.93986223028392,22.902603338747358
2018-04-09 00:00:00-04:00,50.426005966950896,51.55672225043239,50.2911118518317,50.35905456542969,35032000,0.0,0.0,52.782930564880374,53.53281517028809,54.37591921488444,-1.2588201039328126,58.49380757307092,47.07205355668983,43.84129604522832,-83.36851798776829,20.414401026993527
2018-04-10 00:00:00-04:00,50.90408329372323,51.3920775102674,50.15523398688091,51.16196823120117,39490000,0.0,0.0,52.453485298156735,53.347486877441405,54.31485392252604,-1.166273774179814,57.69890293775255,47.20806765856092,45.737555548832006,-72.87719979958611,20.968796688138863
2018-04-11 00:00:00-04:00,50.98094938281073,51.14827301681533,50.37988133003341,50.583213806152344,29678000,0.0,0.0,52.16039142608643,53.18495457967122,54.23030637105306,-1.1266435409107913,57.11365396722922,47.207128884943636,44.61423708755505,-73.39954378780455,20.96879668805189
2018-04-12 00:00:00-04:00,50.83464926937182,51.6107785123278,50.65586878665414,51.205108642578125,27140000,0.0,0.0,51.870323181152344,53.06556790669759,54.15653686523437,-1.033145125718356,56.27810596671057,47.46254039559412,46.08613040457565,-56.49682206214641,17.97521705414814
2018-04-13 00:00:00-04:00,51.62020048354793,51.8949452752746,50.73248808249415,51.044429779052734,24460000,0.0,0.0,51.57199764251709,52.99903081258138,54.07164217631022,-0.9609353351141294,55.264430831814586,47.879564453219594,45.76108832118,-51.42496105118545,16.148336767101952
2018-04-16 00:00:00-04:00,51.427778618440534,51.73723824286122,50.91895932938614,51.47637939453125,24224000,0.0,0.0,51.329612731933594,52.931353123982746,53.99575691223144,-0.8589523636326035,54.26805730950039,48.391168154366795,46.80446736001451,-44.55781377452855,16.14833676702747
2018-04-17 00:00:00-04:00,52.140439587165616,53.455146635111035,51.98620351029483,53.270660400390625,46406000,0.0,0.0,51.2659854888916,52.90363108317057,53.94339516957601,-0.6261290166923956,53.956052564127646,48.57591841365556,50.86603402979157,-0.9599616676976473,5.571866800837051
2018-04-18 00:00:00-04:00,53.43282697386184,53.43282697386184,52.877139708992175,53.16750717163086,26882000,0.0,0.0,51.20243244171142,52.86564343770345,53.87418842315674,-0.44481093672073513,53.623520214718276,48.78134466870457,50.63610471910584,7.543987923252157,5.571866800820082
2018-04-19 00:00:00-04:00,53.0345924363206,54.26275625000737,52.97408834498124,53.942138671875,34954000,0.0,0.0,51.19454708099365,52.82937469482422,53.80618839263916,-0.23588957562123625,53.57661409594693,48.81248006604037,52.31074890642751,25.28046293165652,0.8252450113553595
2018-04-20 00:00:00-04:00,53.65945868070433,54.17274646081307,53.04302147216183,53.21113967895508,37794000,0.0,0.0,51.253761291503906,52.741694641113284,53.730741055806476,-0.12782985823351112,53.777602870567826,48.72991971243999,50.633879618264814,20.790183982039782,0.8252450113501365
2018-04-23 00:00:00-04:00,53.454146997380526,53.695168261302186,52.60313205756389,52.93788528442383,46826000,0.0,0.0,51.36752758026123,52.58863474527995,53.64567286173503,-0.06350900732842746,53.98263897807263,48.752416182449835,50.013906746643904,13.70077588078757,3.291566662008439
2018-04-24 00:00:00-04:00,52.17167052805242,52.41963474878201,50.11803142708227,50.583709716796875,95206000,0.0,0.0,51.28512897491455,52.34972928365072,53.51684716542562,-0.2001889100787011,53.88942314102975,48.68083480879935,45.09309780720356,-49.567010504895066,15.563241930573952
2018-04-25 00:00:00-04:00,50.858450953331655,51.20411235675452,50.352106203470505,50.64321517944336,47822000,0.0,0.0,51.32500095367432,52.156333414713544,53.38922799428304,-0.30024607435763784,53.860005290585626,48.78999661676301,45.23399360501648,-57.25879095681486,15.563241930503915
2018-04-26 00:00:00-04:00,51.056327454261975,51.972307350902085,50.49493836258458,51.57854080200195,41590000,0.0,0.0,51.41297855377197,51.97540232340495,53.28702526092529,-0.30060396167284154,53.84807638512341,48.97788072242053,47.427597338956176,-29.456245600382314,10.90764886785281
2018-04-27 00:00:00-04:00,51.87411345243489,52.04768764765086,50.861923336777465,51.083106994628906,32396000,0.0,0.0,51.408663749694824,51.77780787150065,53.171399434407554,-0.336980456748158,53.84588372597747,48.971443773412176,46.40901643018606,-25.511851698052485,10.45594478378493
2018-04-30 00:00:00-04:00,51.08112187033333,51.427774587785294,50.428479144632234,50.45228576660156,33426000,0.0,0.0,51.43559246063232,51.58208147684733,53.04711144765218,-0.4119622479261764,53.8144674451599,49.056717476104744,45.13229615614312,-51.15496550056188,12.573973579630257
2018-05-01 00:00:00-04:00,50.27027991980203,51.50067974740722,49.99999983343668,51.443153381347656,28558000,0.0,0.0,51.49485569000244,51.47874641418457,52.98545920054118,-0.3869703686366037,53.80835374983074,49.18135763017414,47.480038232555664,-36.01186363969065,14.638762820539323
2018-05-02 00:00:00-04:00,50.98640043851152,51.59584922610736,50.72703235290112,50.80191802978515,32062000,0.0,0.0,51.492970848083495,51.3575247446696,52.959489059448245,-0.4141325953162962,53.80877690576176,49.17716479040523,46.157817557909716,-28.4483871596333,14.020024224132698
2018-05-03 00:00:00-04:00,50.535113436216605,51.06451573245334,49.90478648464487,50.76919174194336,36302000,0.0,0.0,51.48282928466797,51.24650293986003,52.912475140889484,-0.4333047264137875,53.809989812380365,49.15566875695558,46.09005299574197,-62.21309841591329,17.97678480580207
2018-05-04 00:00:00-04:00,50.4309647321672,51.9985923053267,50.4309647321672,51.98371505737305,38774000,0.0,0.0,51.58491611480713,51.245064926147464,52.91216920216878,-0.34650263044262886,53.80410005382929,49.36573217578497,48.96642924626212,19.23352497971069,11.92380854253014
2018-05-07 00:00:00-04:00,52.03429960541476,52.65173189455311,51.928668115705754,52.310035705566406,29322000,0.0,0.0,51.682465171813966,51.299980799357094,52.95619926452637,-0.24851526559005066,53.84557394584942,49.519356397778516,49.712193287664086,87.46273289145006,7.9186856392829
2018-05-08 00:00:00-04:00,52.49600534226301,52.59568895285548,51.93089696362299,52.26639175415039,24354000,0.0,0.0,51.73768634796143,51.30113779703776,52.96953137715658,-0.17239402411663463,53.901236236549174,49.57413645937368,49.611885654681465,79.2876309124807,7.918685639253069
2018-05-09 00:00:00-04:00,52.47418616141831,53.830055069160274,52.38814254822633,53.697147369384766,40656000,0.0,0.0,51.89338302612305,51.429516855875654,52.995005480448405,0.003344080522168724,54.15316201414323,49.63360403810287,52.83903033230988,145.75808866726697,0.6353796889154611
2018-05-10 00:00:00-04:00,53.85931666125255,54.573950506391775,53.83997850859864,54.43162155151367,28860000,0.0,0.0,52.05470867156983,51.58327128092448,53.03258864084879,0.19958305360817974,54.55543568215442,49.55398166098524,54.39028126556892,188.1533977426525,3.427882264309177
2018-05-11 00:00:00-04:00,54.234738803180434,54.618092819279425,54.10133543461563,54.46583938598633,25074000,0.0,0.0,52.225779151916505,51.69315249125163,53.05619487762451,0.3537867138630375,54.897752785113944,49.55380551871907,54.462469770267816,168.49475968990978,3.666645393881144
2018-05-14 00:00:00-04:00,54.55213296089238,55.08525456501112,54.507996869764895,54.562049865722656,30362000,0.0,0.0,52.380062675476076,51.84809710184733,53.0650224049886,0.4782447000375427,55.22085009216426,49.53927525878789,54.67114864296102,165.13727026517978,6.20544589530807
2018-05-15 00:00:00-04:00,54.05620379023056,54.05868207049802,53.23643408136273,53.52208709716797,29898000,0.0,0.0,52.39263401031494,51.95690371195475,53.05215314229329,0.487344443280584,55.25217913977693,49.53308888085296,52.006235283457464,92.92734897122153,1.1313162244842703
2018-05-16 00:00:00-04:00,53.42686475451272,54.01999470715659,53.37479060683511,53.648048400878906,21946000,0.0,0.0,52.41666107177734,52.05051816304525,53.03505179087321,0.49896828408576965,55.311477965633934,49.52184417792075,52.297580515376474,89.45313541330125,1.1313162244801742
2018-05-17 00:00:00-04:00,53.55481815418066,53.900975253715664,53.23791989570354,53.49034881591797,20876000,0.0,0.0,52.39407157897949,52.13446235656738,53.007982381184895,0.48980900974439123,55.245492306759694,49.54265085119929,51.88961802825106,75.93377910720953,1.9118530697918705
2018-05-18 00:00:00-04:00,52.66065713582904,53.061370442873006,52.60213945515881,52.883827209472656,31304000,0.0,0.0,52.37770595550537,52.23252398173015,52.97469736735026,0.4286675810739524,55.213093403914726,49.54231850709601,50.32760769181453,34.90897875858971,5.496945827514262
2018-05-21 00:00:00-04:00,53.265694290508506,53.95702099385793,53.245361040891346,53.53944778442383,20464000,0.0,0.0,52.40778408050537,52.33853708902995,52.935676129659015,0.4281798685097513,55.28070680801983,49.534861352990916,51.94520246900607,70.72746540550628,0.1618655011640363
2018-05-22 00:00:00-04:00,53.736827413610214,53.88709065460476,52.90019404539061,53.05095672607422,21800000,0.0,0.0,52.53114643096924,52.40150337219238,52.874495124816896,0.3839502671907127,55.28364050072558,49.77865236121289,50.673279036644395,50.060140251792966,2.134936351074824
2018-05-23 00:00:00-04:00,52.82282653752755,53.59895576226293,52.65321758722718,53.544898986816406,21214000,0.0,0.0,52.67623062133789,52.500226211547854,52.84259039560954,0.3843247454507761,55.313193926964814,50.03926731571097,51.90512705758344,45.728560564119014,3.54590206093979
2018-05-24 00:00:00-04:00,53.510683509894434,53.583582786486794,52.8734135997944,53.522586822509766,15336000,0.0,0.0,52.773432922363284,52.577475484212236,52.82152169545491,0.3784584831690907,55.38320861914177,50.1636572255848,51.84462538296505,46.094441008599496,3.5459020609245773
2018-05-25 00:00:00-04:00,53.51167059659672,53.68722741745737,53.25155712941625,53.34503936767578,17988000,0.0,0.0,52.886529541015626,52.65416247049968,52.826596641540526,0.3553861618144154,55.38139285016839,50.391666231862864,51.35189468821179,49.0784078282187,2.8797758071341977
2018-05-29 00:00:00-04:00,52.81092923846275,53.23147639449131,52.33136874005074,52.58428955078125,37302000,0.0,0.0,52.99312973022461,52.69109280904134,52.81122296651204,0.27257297693453353,55.21759480728682,50.768664653162396,49.27606114857717,2.777673749884321,8.297984306018515
2018-05-30 00:00:00-04:00,52.71868177741915,53.02516367737718,52.411204781788314,52.95523834228515,22770000,0.0,0.0,53.06873397827148,52.680578740437824,52.7921049118042,0.23417596386445183,55.17080574850835,50.96666220803461,50.28968753281278,8.27126724145604,8.297984305986555
2018-05-31 00:00:00-04:00,52.94333409321326,54.41277255070416,52.94333409321326,53.8077392578125,61766000,0.0,0.0,53.21902503967285,52.70191980997721,52.78378162384033,0.2694299330525922,55.05118099720725,51.38686908213845,52.544228467667274,65.79951004619258,0.6467028200424879
2018-06-01 00:00:00-04:00,54.519892412848726,55.54398586295985,54.477738949042354,55.519187927246094,48432000,0.0,0.0,53.45652484893799,52.75448811848958,52.7919314066569,0.43050595737928177,55.17978499884037,51.73326469903561,56.62930583568991,150.30247881181523,7.116407832281501
2018-06-04 00:00:00-04:00,55.6595352479137,56.62957187375547,55.64341696887117,56.50062942504883,37792000,0.0,0.0,53.682370567321776,52.86413777669271,52.80291620890299,0.6300907003958045,55.7436935739097,51.62104756073385,58.73648407817202,196.9984817757932,12.756403168513142
2018-06-05 00:00:00-04:00,56.584945874624864,56.82041278272948,56.198122247015995,56.51898956298828,33560000,0.0,0.0,53.89281826019287,52.98350791931152,52.786071332295734,0.7807446188865867,56.20800106657808,51.57763545380766,58.7752453268677,187.9652789232962,13.70927470959927
2018-06-06 00:00:00-04:00,56.6434607748551,56.684622926706055,55.82879901924037,56.3811149597168,33964000,0.0,0.0,54.09855442047119,53.176754760742185,52.76324202219645,0.8788823972849258,56.53339578396452,51.663713056977855,58.34945097488937,164.20153444956452,11.276166891142996
2018-06-07 00:00:00-04:00,56.10538397135881,56.32855027905748,55.37140813921439,55.73542022705078,30400000,0.0,0.0,54.20046806335449,53.34649492899577,52.751414171854655,0.8942468045662793,56.73322705188931,51.667709074819676,56.37099068523707,132.55335949950106,8.307056445547161
2018-06-08 00:00:00-04:00,55.45372813879388,55.87477091099267,55.15468107205883,55.58713150024414,25816000,0.0,0.0,54.258243560791016,53.48011461893717,52.727758471171065,0.8842642986788789,56.864845173157356,51.651641948424675,55.92052063746796,110.303751399083,6.908800856705219
2018-06-11 00:00:00-04:00,55.47455858823582,56.399959775266936,55.47455858823582,56.03942108154297,21586000,0.0,0.0,54.33692264556885,53.645325088500975,52.71156648000081,0.9024462415923082,57.062202204486965,51.61164308665073,57.00460699553132,123.1176156158589,9.82711075492176
2018-06-12 00:00:00-04:00,56.09297771812093,56.525424340138386,56.07636378285505,56.50211715698242,18240000,0.0,0.0,54.433926010131835,53.84698613484701,52.71453380584717,0.9433172941482368,57.325953095794866,51.5418989244688,58.09527581763835,130.76246825153424,10.520338519561427
2018-06-13 00:00:00-04:00,56.5913863146789,56.85819681621854,56.207536670179046,56.277462005615234,30128000,0.0,0.0,54.5716947555542,54.00812975565592,52.74343808492025,0.9466675107807347,57.542277486766295,51.6011120243421,57.36437729918175,122.572408371039,12.36879119444443
2018-06-14 00:00:00-04:00,56.72677491403975,57.30304124131945,56.56758231068487,57.136905670166016,26868000,0.0,0.0,54.746137619018555,54.219296010335285,52.788410377502444,1.0070636992087572,57.89287516329984,51.59940007473727,59.386515375475945,136.90650942714808,14.802643031092927
2018-06-15 00:00:00-04:00,56.97523837206394,57.20138238757614,56.70867757906339,57.14385223388672,42450000,0.0,0.0,54.92881278991699,54.43178469340007,52.83914381663005,1.0434602826989234,58.19067929029612,51.66694628953786,59.40261486569073,127.67884831626186,14.80264303104583
2018-06-18 00:00:00-04:00,56.71685310934197,58.23737059454111,56.713879173329886,58.19521713256836,28274000,0.0,0.0,55.19438228607178,54.63883476257324,52.94194984436035,1.143954403759004,58.61616422334279,51.772600348800765,61.77505594772476,146.8827553884131,20.31817943522421
2018-06-19 00:00:00-04:00,57.45331331010901,58.086614187191906,57.23064266494322,57.92742156982422,32420000,0.0,0.0,55.413780975341794,54.8260809580485,53.0630308787028,1.188289987575672,58.94957657699948,51.877985373684105,60.83825508143459,135.6874826044069,20.318179435097523
2018-06-20 00:00:00-04:00,58.28696123795312,58.83129367280233,57.98196632438304,58.01568984985352,32970000,0.0,0.0,55.66201763153076,55.017724227905276,53.159431012471515,1.2165254218779538,59.19646027077918,52.12757499228234,61.03971137807309,145.804554156467,24.09803947435823
2018-06-21 00:00:00-04:00,58.26415735479297,58.38541147377951,57.142465001042815,57.41165542602539,24762000,0.0,0.0,55.855355453491214,55.141541163126625,53.28552900950114,1.1765985810757513,59.32461302449279,52.386097882489636,58.89495871451749,109.30623306662353,17.592669907638637
2018-06-22 00:00:00-04:00,57.48505154207755,57.65153521444043,56.89588678313314,57.30353927612305,26220000,0.0,0.0,56.044403076171875,55.23727175394694,53.41027151743571,1.123283687223406,59.38822535399417,52.70058079834958,58.51426244726236,87.18658354044413,15.749009548669601
2018-06-25 00:00:00-04:00,56.71438024559286,56.7297531503906,55.18592833475973,55.78253173828125,43146000,0.0,0.0,56.166277694702146,55.28116149902344,53.48715699513753,0.9473778706483102,59.26450788512116,53.06804750428313,53.48296467436572,27.299364054563874,4.046421449972583
2018-06-26 00:00:00-04:00,55.94073013747557,56.19910692022951,55.37829676148579,55.46761322021485,31264000,0.0,0.0,56.31044387817383,55.311346944173174,53.579722023010255,0.7736418890340531,58.93972071297073,53.681167043376924,52.51580451366705,16.883708677217406,4.046421449952269
2018-06-27 00:00:00-04:00,55.610443560140865,56.13096942675684,54.73165675037277,54.74951171875,25878000,0.0,0.0,56.40015754699707,55.35226109822591,53.65458240509033,0.5714230726777245,58.64117908907579,54.15913600491835,50.367270495524714,-5.747645251597556,0.043357409708121394
2018-06-28 00:00:00-04:00,54.65577952620321,55.658548447409814,54.35425417465999,55.25733947753906,21448000,0.0,0.0,56.4726375579834,55.405904134114586,53.728211148579916,0.44698805973581557,58.43736209398376,54.507913021983036,51.80960681486686,-13.278295158429529,2.3605573727948346
2018-06-29 00:00:00-04:00,55.54398617853132,55.95198676092589,55.296021954520015,55.3282585144043,26302000,0.0,0.0,56.46309108734131,55.46716779073079,53.80081507364909,0.3500597185228784,58.449062485938256,54.47711968874437,52.01107619024567,3.6955301490113284,0.4868731492867437
2018-07-02 00:00:00-04:00,54.50253912768265,55.94073243468944,54.24465420672848,55.9139518737793,24346000,0.0,0.0,56.43375720977783,55.568171946207684,53.90034796396891,0.3168514032945353,58.434668928434824,54.43284549112084,53.666004003694574,-8.516083582362889,6.809485516682062
2018-07-03 00:00:00-04:00,56.328545669265175,56.328545669265175,54.553120907099895,54.69545364379883,13580000,0.0,0.0,56.34258041381836,55.60670547485351,53.972621281941734,0.19002051229617223,58.48810192685859,54.19705890077813,49.95815297301364,-21.18165959943243,4.281272072272279
2018-07-05 00:00:00-04:00,55.07435032304213,55.9159403206372,54.972684068932374,55.75575637817383,21334000,0.0,0.0,56.31131248474121,55.696865463256835,54.04918441772461,0.173068658987809,58.47263863922037,54.149986330262045,52.88824040298219,-6.520035510835118,4.281272072239295
2018-07-06 00:00:00-04:00,55.721529770940656,56.58196593651705,55.580536440506464,56.54427337646485,19922000,0.0,0.0,56.351755142211914,55.79684460957845,54.14853541056315,0.22071664091487264,58.4979256733972,54.20558461102663,54.91894053812815,29.10857932572464,0.06614565532303712
2018-07-09 00:00:00-04:00,56.95638849540929,57.26336983014988,56.70545034269076,57.23262023925781,18180000,0.0,0.0,56.4340295791626,55.92051239013672,54.24899393717448,0.31044325238063664,58.58293971189869,54.285119446426506,56.608002754605586,75.83489252576986,4.289165194313548
2018-07-10 00:00:00-04:00,57.377926332358705,57.50736443914873,57.01143601081834,57.172611236572266,15968000,0.0,0.0,56.49068908691406,56.04809811909993,54.3511302947998,0.37241702180618574,58.65548887613152,54.3258892976966,56.417370360876596,81.61843250425457,5.764276858539215
2018-07-11 00:00:00-04:00,56.76347989739432,57.74045964601177,56.58544099110339,57.225189208984375,22400000,0.0,0.0,56.52684268951416,56.20279477437337,54.446943791707355,0.42092215494675855,58.71645545383898,54.33722992518934,56.54999352841153,74.5585378680895,2.899924787742249
2018-07-12 00:00:00-04:00,57.522242909460935,58.73826116691485,57.3261031210794,58.692138671875,25038000,0.0,0.0,56.64757652282715,56.3940247853597,54.537301762898764,0.5711495280373811,59.036507227012365,54.25864581864194,60.05807397280339,147.38112441219502,8.879448983848423
2018-07-13 00:00:00-04:00,58.76752746516484,59.284137311515835,58.51956321425697,58.956974029541016,24438000,0.0,0.0,56.7385799407959,56.56566594441732,54.633792877197266,0.7034666776169232,59.335600235696056,54.14155964589575,60.65139953474176,182.77964926693264,11.94817854130142
2018-07-16 00:00:00-04:00,58.98523239142813,59.06507462789759,58.4838479670364,58.71098327636719,21114000,0.0,0.0,56.81693649291992,56.67205912272136,54.71327362060547,0.7794940517908202,59.55611722940977,54.07775575643007,59.797875251371664,153.01976678450754,11.693581531759268
2018-07-17 00:00:00-04:00,58.13372410116944,59.66217592822952,58.05338242197082,59.451900482177734,32208000,0.0,0.0,56.87977066040039,56.77043482462565,54.81728630065918,0.8892810416864165,59.80350989601857,53.95603142478221,61.48660820225668,155.60036613863414,15.035466943073985
2018-07-18 00:00:00-04:00,59.34081428768913,59.734580845003485,59.03234597165328,59.307090759277344,27872000,0.0,0.0,56.948754119873044,56.86337153116862,54.92343972524007,0.9536104599580213,60.03704538275176,53.86046285699433,60.96879764560352,156.8073592371901,15.436909516899727
2018-07-19 00:00:00-04:00,59.06507413984234,59.51141047513254,58.68420223275702,58.86471939086914,25534000,0.0,0.0,56.99120559692383,56.94615834554036,55.06145655314128,0.9578547615803217,60.16344894726424,53.81896224658341,59.38826473245697,124.55092225476233,12.786239548032265
2018-07-20 00:00:00-04:00,58.86472777221347,59.355695919121494,58.72884233646579,58.7630615234375,24948000,0.0,0.0,57.058775901794434,57.047079722086586,55.19678732554118,0.9421548858302558,60.324909551813064,53.7926422517758,59.02451258630819,112.3552132619219,12.786239547977575
2018-07-23 00:00:00-04:00,58.56964456200467,59.833272304810976,58.5691489059787,59.784175872802734,52384000,0.0,0.0,57.182807731628415,57.186981201171875,55.33354791005453,1.0005740208947458,60.66906513796258,53.69655032529425,61.47633583028405,127.86966433471544,15.630232955459046
2018-07-24 00:00:00-04:00,62.61543389741809,62.78454341677604,61.27493779283616,61.89583969116211,66364000,0.0,0.0,57.488473129272464,57.382195154825844,55.51376012166341,1.203393260134689,61.49149110990442,53.485455148640504,65.84807170871936,237.09779492063592,30.184350400145885
2018-07-25 00:00:00-04:00,61.45198601137879,62.77760109734003,61.45198601137879,62.67048263549805,42556000,0.0,0.0,57.84861660003662,57.58780733744303,55.71739673614502,1.4103782179462314,62.351013806856294,53.34621939321695,67.25810755279514,218.66902792290097,30.184350399903938
2018-07-26 00:00:00-04:00,62.040648228746576,62.97155457014934,61.94245536443018,62.90009307861328,48112000,0.0,0.0,58.25614566802979,57.80856170654297,55.908345731099445,1.5747897362756262,63.043879394326275,53.4684119417333,67.66743270974166,203.39524371246142,31.021204215065993
2018-07-27 00:00:00-04:00,63.03250960917797,63.17583366762427,61.048795671619985,61.42074203491211,42612000,0.0,0.0,58.56431579589844,57.95135625203451,56.08532613118489,1.567644948161231,63.33271677811135,53.79591481368553,62.46281235102812,153.33221697712258,23.940014550297843
2018-07-30 00:00:00-04:00,60.90051390771347,61.24300088972411,60.08024854291272,60.490379333496094,36998000,0.0,0.0,58.822421836853025,58.062907155354814,56.24734592437744,1.4699653123670657,63.40865081427204,54.236192859434006,59.486150331358786,95.60849420076504,16.85895136659091
2018-07-31 00:00:00-04:00,60.503770768928106,60.87958400634414,59.7891368843767,60.36738967895508,32894000,0.0,0.0,59.04509372711182,58.13531290690104,56.387073834737144,1.3668728011989444,63.46621956136809,54.623967892855546,59.10098934484047,79.75722657161296,14.81926318372007
2018-08-01 00:00:00-04:00,60.900013714131184,61.171285116865434,60.017757355682114,60.50376510620117,31344000,0.0,0.0,59.335509300231934,58.221191024780275,56.52363599141439,1.281404368682871,63.29229451943137,55.378724081032495,59.40250954575177,81.4867500886383,16.333025193973135
2018-08-02 00:00:00-04:00,59.80400606886001,60.9932437159664,59.748957984231254,60.80826187133789,30626000,0.0,0.0,59.588134574890134,58.314276758829756,56.66600049336751,1.2241293630053107,63.213910356892924,55.96235879288734,60.08224440375605,74.45861673412081,14.395099797440123
2018-08-03 00:00:00-04:00,60.98035512402589,60.99920140464002,60.2582826408538,60.68726348876953,21792000,0.0,0.0,59.79528408050537,58.42346369425456,56.78250242869059,1.1556532982609724,63.15227090681144,56.4382972541993,59.67154152268975,73.6400940834135,14.427784130115237
2018-08-06 00:00:00-04:00,60.751230042661,60.80518843983037,60.29482546956293,60.73982238769531,21634000,0.0,0.0,59.97064418792725,58.5380064646403,56.88763910929362,1.0930268543070767,63.12423348558646,56.81705489026804,59.79503704702964,68.13315335926228,14.42778413006643
2018-08-07 00:00:00-04:00,61.346348381823624,62.04907891188632,61.30518622924351,61.605224609375,29880000,0.0,0.0,60.19227485656738,58.73209622701009,57.006628863016765,1.1005393406389388,63.13380355396447,57.25074615917029,61.78815328650467,96.40179871458108,21.154010162918134
2018-08-08 00:00:00-04:00,61.51843493972187,62.3134104541388,61.39633707694477,61.77334213256836,27406000,0.0,0.0,60.41968250274658,58.94228719075521,57.126817067464195,1.1072945173572322,63.08571441944199,57.75365058605117,62.16508609947691,97.35772695224345,22.493280168325857
2018-08-09 00:00:00-04:00,61.98609397610741,62.26589747085893,61.79317784533304,61.9464225769043,16972000,0.0,0.0,60.58239669799805,59.18218421936035,57.26722265879313,1.1137752808031252,63.201304012879525,57.963489383116574,62.558435220965855,97.73564255628187,22.493280168252216
2018-08-10 00:00:00-04:00,61.64390833597328,61.777561417534145,61.09838400975188,61.37660217285156,22174000,0.0,0.0,60.70337810516357,59.386159642537436,57.39603188832601,1.0607044475009317,63.22798301250303,58.178773197824114,60.41912808470048,73.43030807370906,16.907493288013768
2018-08-13 00:00:00-04:00,61.34535498201915,61.955000531523794,61.17976425250721,61.247657775878906,19946000,0.0,0.0,60.83021183013916,59.583472951253256,57.52532037099203,0.9967507721068003,63.182349023443095,58.47807463683523,59.93929890232795,70.2781450319728,17.896615191937215
2018-08-14 00:00:00-04:00,61.25658617677698,61.78623816657876,60.756692467503754,61.599273681640625,26962000,0.0,0.0,60.9375804901123,59.772983678181966,57.67057781219482,0.9633347650968673,63.21981221935014,58.65534876087447,60.817103863070116,63.18477997562062,14.533750448533903
2018-08-15 00:00:00-04:00,60.96249692825464,61.25906190535445,59.98303529224753,60.22455596923828,36576000,0.0,0.0,60.98345375061035,59.95728708902995,57.78199628194173,0.8165118678450582,63.1622309546329,58.8046765465878,55.8660701861907,24.326953896985145,8.669999962141228
2018-08-16 00:00:00-04:00,60.737850999432794,60.800833374121424,59.63788043564991,59.83327865600586,26864000,0.0,0.0,61.031881713867186,60.093204498291016,57.89503498077393,0.6609616997933969,63.049464692334034,59.01429873540034,54.55831782453235,1.4290183388957172,6.161592341036658
2018-08-17 00:00:00-04:00,59.61209027609643,59.95874302945237,58.928202234136435,59.559024810791016,27792000,0.0,0.0,61.07167987823486,60.19369621276856,57.9952704111735,0.5096817833278706,62.92558782058929,59.21777193588043,53.64773367774838,-35.32678574678346,1.1932586175821038
2018-08-20 00:00:00-04:00,59.76037412755298,60.05693915155014,59.244906952991826,59.89675521850586,17416000,0.0,0.0,61.07730884552002,60.282500712076825,58.10150655110677,0.41229074986543424,62.9153728908806,59.23924480015945,54.61274786783466,-29.263657325602225,1.8507445628074595
2018-08-21 00:00:00-04:00,59.908161337462346,60.367388563047655,59.52897310546726,59.591758728027344,24112000,0.0,0.0,60.96210479736328,60.36313896179199,58.20561854044596,0.3069585591673416,62.87159380410417,59.05261579062239,53.57081693827953,-31.283388077723398,3.9412749069774837
2018-08-22 00:00:00-04:00,59.51141492839429,60.09859328401325,59.4618228393474,59.87493133544922,17748000,0.0,0.0,60.82232723236084,60.45146369934082,58.3271292368571,0.24352450312508722,62.610701396231796,59.033953068489886,54.406284402545595,-41.192828028228185,3.4482455835806802
2018-08-23 00:00:00-04:00,59.86550963057603,60.56675323524557,59.7216936994375,59.778228759765625,19852000,0.0,0.0,60.66623401641846,60.48766670227051,58.4408457438151,0.18333608277391988,62.22068901177946,59.11177902105745,54.06261127348917,-33.206969173279205,6.6420320678896605
2018-08-24 00:00:00-04:00,59.94882073649014,60.58509547238808,59.82677206907505,60.53550338745117,18932000,0.0,0.0,60.62197208404541,60.54028434753418,58.55297514597575,0.1944999849036293,62.13585137104249,59.10809279704833,56.2988981638215,-16.48100458398846,6.767028189583911
2018-08-27 00:00:00-04:00,60.88018313102225,61.64837437233898,60.78675006934134,61.585391998291016,23126000,0.0,0.0,60.67672271728516,60.63609797159831,58.654078547159834,0.28478190584257845,62.24865438155981,59.10479105301051,59.150942848316994,55.05061871473425,13.69637553584596
2018-08-28 00:00:00-04:00,61.55910389010853,61.62134466862604,60.93423674286429,61.05623245239258,26080000,0.0,0.0,60.71116485595703,60.6895757039388,58.73000526428223,0.3100580692319923,62.284744013805515,59.137585698108545,57.204417023333676,40.02361550168413,13.696375535777923
2018-08-29 00:00:00-04:00,61.36866301467535,62.02378402646572,61.31455705514638,61.956336975097656,25978000,0.0,0.0,60.783793449401855,60.77788391113281,58.820627721150714,0.39813111564481574,62.4485146801785,59.11907221862521,59.54691748108171,77.65471118998335,16.218523600466845
2018-08-30 00:00:00-04:00,61.70490494083336,62.17132862298262,61.12764727162114,61.45148849487305,26628000,0.0,0.0,60.815954780578615,60.86410954793294,58.905133946736655,0.4223242947179173,62.50730681729869,59.12460274385854,57.713957598653124,58.49873307171134,14.60930053206613
2018-08-31 00:00:00-04:00,61.246173679471696,61.428673476610264,60.071071583516336,60.41350936889648,36328000,0.0,0.0,60.80226707458496,60.91912447611491,58.98310209910075,0.3536644985324102,62.50241223417362,59.1021219149963,54.16758799370648,-24.12173826418884,6.024339891036081
2018-09-04 00:00:00-04:00,59.72317520938986,60.15562562631229,59.139466466929925,59.36263275146485,36620000,0.0,0.0,60.73340759277344,60.90507303873698,59.046027119954424,0.21201023291067855,62.55165773526141,58.91515745028547,50.892356037818516,-119.12034226031464,0.7563763168291727
2018-09-05 00:00:00-04:00,59.20393645300352,59.46231701948443,57.626883845199345,58.840919494628906,41226000,0.0,0.0,60.59519233703613,60.8032423655192,59.092718760172524,0.05699332359721865,62.549568622570746,58.64081605150152,49.35958438571534,-182.40534508813158,10.382937863419114
2018-09-06 00:00:00-04:00,58.83198905451658,58.83198905451658,57.130954366131505,58.09503936767578,37770000,0.0,0.0,60.4112771987915,60.65072758992513,59.11926746368408,-0.1246085764320668,62.57943280735125,58.24312159023175,47.254690314739335,-218.8116459277256,13.237405883818962
2018-09-07 00:00:00-04:00,57.46174421811796,58.28449166402753,57.389586532679346,57.76723861694336,28026000,0.0,0.0,60.202318000793454,60.4796324412028,59.144097073872885,-0.2916185742179138,62.54596602496495,57.85866997662196,46.35596181958158,-216.25617814538327,13.237405883740257
2018-09-10 00:00:00-04:00,58.13224476042901,58.248788262706995,57.533163030892474,57.757816314697266,22308000,0.0,0.0,60.021378707885745,60.357534917195636,59.15444558461507,-0.41989521113280404,62.535847299349996,57.506910116421494,46.3297610531904,-189.2526830526745,13.237405883675137
2018-09-11 00:00:00-04:00,57.60853545822915,58.45409055941741,57.34122930686348,58.38862991333008,24186000,0.0,0.0,59.8784273147583,60.28747660319011,59.17519187927246,-0.46529040641869557,62.424240375680476,57.33261425383612,48.35153721254665,-152.97673077837766,11.608206406543669
2018-09-12 00:00:00-04:00,58.158521008208375,58.450621312725424,57.44636547503913,57.66754913330078,25910000,0.0,0.0,59.68184108734131,60.19748191833496,59.166397412618004,-0.5530761013439474,62.274920008711206,57.08876216597142,46.289537894927754,-147.7106868325763,11.608206406459164
2018-09-13 00:00:00-04:00,58.06032906399,58.45062604526977,57.669044554237125,58.287960052490234,28624000,0.0,0.0,59.5850112915039,60.12362174987793,59.172406387329104,-0.5660597365626501,62.236728574132094,56.93329400887571,48.253695534605896,-118.02282589915998,11.608166794304084
2018-09-14 00:00:00-04:00,58.47492506607256,58.5406354340268,57.940808402730525,58.14909744262695,18880000,0.0,0.0,59.500802230834964,60.034982935587564,59.17462984720866,-0.58085863632067,62.22529195330808,56.77631250836185,47.84854600013201,-104.0866522924318,10.83420100215553
2018-09-17 00:00:00-04:00,58.0305792093442,58.382688000869514,57.23163834161109,57.331817626953125,26130000,0.0,0.0,59.389441871643065,59.92313474019368,59.17329921722412,-0.6510298549162172,62.280866285807186,56.498017457478944,45.52147416876504,-123.41524174673563,15.604347361511742
2018-09-18 00:00:00-04:00,57.38339158675766,58.325160853192294,57.38339158675766,57.58821105957031,24072000,0.0,0.0,59.27401466369629,59.818081029256184,59.17804374694824,-0.6781351243772704,62.26284258845676,56.28518673893582,46.367969685622214,-107.66349911623936,15.604347361390776
2018-09-19 00:00:00-04:00,57.774677786779655,58.18282596553764,57.25891170301933,58.07769012451172,23828000,0.0,0.0,59.198311233520506,59.70049654642741,59.21629638671875,-0.6525966479838843,62.22964929673226,56.16697317030875,47.96475810671805,-96.40920931698108,16.444012782334806
2018-09-20 00:00:00-04:00,58.519063253642024,59.01003137490748,58.19026168224469,58.860260009765625,24508000,0.0,0.0,59.14757766723633,59.60339380900065,59.27284049987793,-0.5627236440316707,62.16516769996121,56.129987634511444,50.40682371520694,-48.83093852056023,8.989676118475064
2018-09-21 00:00:00-04:00,59.11466413254976,59.12508047542736,57.82723366521901,57.829715728759766,88112000,0.0,0.0,59.05015201568604,59.46617024739583,59.324177233378094,-0.5681061773797609,62.10756715246518,55.992736878906896,47.37780819856081,-66.15114281938831,11.56001585519361
2018-09-24 00:00:00-04:00,57.38735605344126,58.420375144878854,56.878532960088215,58.19075775146485,25420000,0.0,0.0,58.93291473388672,59.35997543334961,59.37306753794352,-0.5370480444038748,61.92973367762224,55.9360957901512,48.49941006358771,-82.903926792277,17.83347571514459
2018-09-25 00:00:00-04:00,58.32862559172354,58.860759651883214,57.924446463955405,58.75016403198242,19554000,0.0,0.0,58.79115333557129,59.276725641886394,59.43009929656982,-0.46196954126861556,61.51551610073869,56.06679057040389,50.20072854567684,-42.48678035413117,13.951916926789366
2018-09-26 00:00:00-04:00,58.7749657959814,59.22526745073101,58.25994507857064,58.54386520385742,29246000,0.0,0.0,58.66553497314453,59.174878692626955,59.47393118540446,-0.4143396286196932,61.17321550417614,56.15785444211292,49.5759343249198,-29.762969248708625,10.826001706500419
2018-09-27 00:00:00-04:00,58.85331823371359,59.6155615716773,58.69958161710794,59.24559783935547,25216000,0.0,0.0,58.529998016357425,59.14224675496419,59.54976692199707,-0.31632225458300667,60.5305180854101,56.52947794730475,51.69160358422958,2.518208265456251,7.557821476289948
2018-09-28 00:00:00-04:00,59.10822211151063,59.28378271913108,58.742723087887015,59.18757247924805,27612000,0.0,0.0,58.41680221557617,59.120723215738934,59.606963857014975,-0.24055200730262527,59.91423260187765,56.91937182927469,51.50674337763399,-2.4959745595036504,7.557821476257992
2018-10-01 00:00:00-04:00,59.505959177942295,60.0023832937971,59.03036396659257,59.27882385253906,27152000,0.0,0.0,58.3600679397583,59.1113831837972,59.65253969828288,-0.17116720820444442,59.603389522756665,57.11674635675994,51.78724167493902,20.470741659580636,1.6514600591123267
2018-10-02 00:00:00-04:00,59.06309740187526,60.005362251694514,58.84836104026377,59.51687240600586,33758000,0.0,0.0,58.367779922485354,59.098720423380534,59.690610567728676,-0.09586564671757714,59.638888144468446,57.09667170050226,52.528267519019245,22.49646757900976,3.046401642571057
2018-10-03 00:00:00-04:00,59.75938108894443,59.82930642863324,59.20543058800731,59.65771484375,25124000,0.0,0.0,58.4086196899414,59.10091896057129,59.73202896118164,-0.024540916653208456,59.791322218837124,57.02591716104568,52.970683984512675,30.11600539359857,3.046401642555743
2018-10-04 00:00:00-04:00,59.279816740196416,59.38793029753466,57.30830506779011,57.933868408203125,44190000,0.0,0.0,58.40056114196777,59.03621686299642,59.74384028116862,-0.10589486469024223,59.79280448150523,57.00831780243031,47.379831761654074,-52.97203429899848,16.290622790218166
2018-10-05 00:00:00-04:00,57.899649294069235,58.19720562150896,56.78976188470233,57.39628219604492,23686000,0.0,0.0,58.38201332092285,58.95681864420573,59.72224267323812,-0.21131130398326547,59.81894869657266,56.94507794527304,45.819678466203,-95.15859238256138,19.40369878636412
2018-10-08 00:00:00-04:00,57.03722887455755,57.92444561555863,55.90918762079686,56.98069381713867,38648000,0.0,0.0,58.34315719604492,58.83832499186198,59.68930466969808,-0.3246467746357524,59.88905833204194,56.7972560600479,44.6440347519304,-122.30276466673389,24.346241558290394
2018-10-09 00:00:00-04:00,56.84083421679359,57.24749536568376,56.41542894736265,56.47732162475586,26174000,0.0,0.0,58.24759178161621,58.66805597941081,59.652076975504556,-0.44989773964319113,60.00367706147724,56.491506501755175,43.253462217098104,-135.1469485386615,24.346241558144452
2018-10-10 00:00:00-04:00,56.09348042308732,56.14753720354093,53.616316256580696,53.62078094482422,53514000,0.0,0.0,58.045253372192384,58.4202075958252,59.554891649882,-0.7707739888071714,60.75586919191868,55.33463755246609,36.56703128441194,-270.73495823430636,37.4043528902019
2018-10-11 00:00:00-04:00,53.21014390035022,54.869520746604834,52.97854768640972,53.52654647827149,58980000,0.0,0.0,57.807182693481444,58.139214579264326,59.45854924519857,-1.0209062897426193,61.18284118143009,54.431524205532796,36.37513317382526,-298.5048102246798,39.851394791588945
2018-10-12 00:00:00-04:00,54.948879252011245,55.2960276881694,53.87777025155336,55.052032470703125,42026000,0.0,0.0,57.652329444885254,57.92589937845866,59.395004463195804,-1.0835534401990117,61.239468462098365,54.06519042767214,41.514949169793645,-216.8893563057794,36.16874058859839
2018-10-15 00:00:00-04:00,54.99400264596253,55.218954816186354,54.0066104074203,54.16778564453125,27448000,0.0,0.0,57.49412784576416,57.717708587646484,59.31841653188069,-1.1908259864882567,61.405237603841904,53.58301808768642,39.59685501830749,-207.72241026421418,36.16874058831833
2018-10-16 00:00:00-04:00,54.77975989801766,55.75326616377859,54.676111034677454,55.60746383666992,38570000,0.0,0.0,57.39509048461914,57.592536290486656,59.24880466461182,-1.1464546386355678,61.39546373740869,53.39471723182959,43.957941165006936,-133.44884583734606,31.52552353761177
2018-10-17 00:00:00-04:00,55.86435883067134,55.98982791306569,54.660739496555024,55.33024215698242,29344000,0.0,0.0,57.257718086242676,57.4755137125651,59.13937803904216,-1.1207403019324857,61.34709886806001,53.16833730442534,43.33470028421412,-118.99387149314371,29.50299453613518
2018-10-18 00:00:00-04:00,55.635234567092134,55.635234567092134,53.415955579053005,53.95552444458008,41890000,0.0,0.0,57.0124813079834,57.33752988179525,58.99412873586019,-1.1974858636025374,61.28153612216907,52.74342649379773,40.396559747221744,-149.82293217186938,34.948228547392006
2018-10-19 00:00:00-04:00,54.22332692180494,55.065911885154065,53.94461689373827,54.37657165527344,25352000,0.0,0.0,56.83982410430908,57.224507649739586,58.852070045471194,-1.210379778432852,61.24680123226649,52.43284697635167,41.6500410092532,-126.85594417992846,34.94822854714045
2018-10-22 00:00:00-04:00,54.703884906309334,55.15865121597093,54.10579454441523,54.609657287597656,30284000,0.0,0.0,56.660769081115724,57.11956901550293,58.738551966349284,-1.188094621052585,61.12723556310162,52.19430259912983,42.344418827567445,-107.5671063513185,34.122260501074
2018-10-23 00:00:00-04:00,53.60440649732546,54.9434155277757,53.0643419810724,54.73512649536133,36974000,0.0,0.0,56.46001720428467,56.997785568237305,58.6426310857137,-1.1470862604224834,60.891858576402704,52.02817583216663,42.72397239892889,-111.5500693633815,38.49548571587894
2018-10-24 00:00:00-04:00,54.76289932991496,54.85563619230012,52.00999932701597,52.107696533203125,39648000,0.0,0.0,56.13820877075195,56.81245714823405,58.5049695332845,-1.311480547389607,60.85826328943632,51.41815425206758,37.391572549344595,-143.75135848732435,42.49351109994466
2018-10-25 00:00:00-04:00,53.15311851019615,55.096661570425574,53.0420310159667,54.33243560791016,50916000,0.0,0.0,55.89255065917969,56.680606333414715,58.40211404164632,-1.2478617799668257,60.439911637483796,51.345189680875585,43.56172640644144,-92.34077212946876,40.33620126204383
2018-10-26 00:00:00-04:00,51.42927492469403,54.87597650207533,51.28346879704052,53.13725280761719,83752000,0.0,0.0,55.59003467559815,56.51354484558105,58.27426389058431,-1.2791395869385411,60.01786568596917,51.162203665227125,41.299744771915194,-118.09638381263493,46.454853492035014
2018-10-29 00:00:00-04:00,53.682769554840554,54.40533769408766,49.38604459267788,50.58867263793945,77614000,0.0,0.0,55.155527114868164,56.28877334594726,58.105954043070476,-1.492373442552342,59.76118806294642,50.54986616678991,37.055294213919595,-155.0086739134436,51.954417786329735
2018-10-30 00:00:00-04:00,50.01240471206621,51.45208505444485,49.63004200080646,51.38860702514648,64254000,0.0,0.0,54.74911384582519,56.082119878133135,57.95010045369466,-1.5786174701357893,59.1649336114034,50.333294080246986,39.08791743657099,-157.47437963114686,51.95441778579964
2018-10-31 00:00:00-04:00,52.55899878188693,54.15241575170922,52.419639970125125,53.40009307861328,50596000,0.0,0.0,54.43623275756836,55.92619997660319,57.8133482615153,-1.4677372086196456,58.23069012049581,50.641775394640916,43.80808508127032,-77.9997842822427,31.400106861961625
2018-11-01 00:00:00-04:00,53.35198573427597,53.75740589657211,52.690417336617706,53.06434631347656,29640000,0.0,0.0,54.19275665283203,55.73300285339356,57.668198331197104,-1.390922076632208,57.65239039447345,50.73312291119061,43.22965113230414,-77.80673356968212,31.40010686178801
2018-11-02 00:00:00-04:00,53.2493273757476,53.70781299740782,52.30111088366775,52.45881652832031,36780000,0.0,0.0,53.9458833694458,55.55397288004557,57.5100715637207,-1.3631926874051459,57.13725680133237,50.754509937559234,42.190307580335414,-83.4272634173149,32.80248130997076
2018-11-05 00:00:00-05:00,52.3204521668099,52.49253940177348,50.64619796989362,51.581024169921875,48828000,0.0,0.0,53.67589988708496,55.333648427327475,57.34681193033854,-1.3959557450920173,56.6952329880236,50.65656678614632,40.72210116933481,-114.12800671262183,38.345099368729144
2018-11-06 00:00:00-05:00,51.550773397185104,52.78390136596483,51.48084805563168,52.360626220703125,24666000,0.0,0.0,53.470065116882324,55.12066383361817,57.19869473775228,-1.3435260028175122,56.23592429780158,50.70420593596307,42.55865416647582,-90.99743584456651,36.29756694770118
2018-11-07 00:00:00-05:00,53.0147485346818,54.32697318885963,52.861008152539085,54.22431564331055,41168000,0.0,0.0,53.50024185180664,54.9766788482666,57.075778770446775,-1.1384673504819887,56.2861219142274,50.71436178938588,46.64652530265656,-39.63657571868068,26.07472647536777
2018-11-08 00:00:00-05:00,54.12464733034802,54.218379304284475,53.173702723662345,53.67930221557617,29764000,0.0,0.0,53.507879638671874,54.79113566080729,56.966691207885745,-1.0083117299189297,56.29490070992547,50.720858567418276,45.66342464131304,-40.39948579114613,26.07472647523002
2018-11-09 00:00:00-05:00,53.26221925456039,53.340078868974054,52.226718165381826,52.873409271240234,26864000,0.0,0.0,53.39894847869873,54.5806635538737,56.85069338480631,-0.9591349774029467,56.100853668954464,50.69704328844299,44.237289737931555,-68.84233346708342,29.545265506272354
2018-11-12 00:00:00-05:00,52.63735106640819,52.673552875571005,51.130223741972344,51.50861740112305,29436000,0.0,0.0,53.26599006652832,54.32165667215983,56.71651992797852,-1.0185481554991682,56.06843514855062,50.463544984506015,41.942420473183056,-106.53235433850953,33.29621533642638
2018-11-13 00:00:00-05:00,51.739716511669606,52.40004380032517,51.13765717917598,51.38066482543945,30274000,0.0,0.0,53.054650115966794,54.050449752807616,56.574585088094075,-1.0636965984439115,55.74903913698127,50.36026109495232,41.73245435085305,-108.31320461817178,33.29621533621525
2018-11-14 00:00:00-05:00,52.07248805873916,52.29882882006277,51.130223232378064,51.7580680847168,31318000,0.0,0.0,52.876041412353516,53.78712819417318,56.444023577372235,-1.0568411686896795,55.40372028853405,50.34836253617298,42.60908918883414,-100.84976175091398,33.321971036215345
2018-11-15 00:00:00-05:00,51.81013749904073,53.15608566642223,51.168902425107625,52.80199432373047,36722000,0.0,0.0,52.81836490631103,53.616065724690756,56.326141293843584,-0.9561501642749874,55.29444755724247,50.342282255379594,44.97782789027193,-66.14234694536589,27.451375206306363
2018-11-16 00:00:00-05:00,52.53915407854751,52.91556130037709,52.02190109580796,52.64230728149414,33162000,0.0,0.0,52.73165168762207,53.45759989420573,56.20720926920573,-0.8791034700056954,55.09696170475652,50.36634167048762,44.685972063472754,-53.71961602824907,27.451375206176003
2018-11-19 00:00:00-05:00,52.42956387191125,52.60760278615235,50.399231628111366,50.58470916748047,37172000,0.0,0.0,52.530404281616214,53.24440040588379,56.04136269887288,-0.9728598585763635,54.90780805350308,50.153000509729345,41.12861010584853,-120.47901693626355,33.392506663376224
2018-11-20 00:00:00-05:00,49.59285126540359,51.16693015044288,49.395470415797085,50.870361328125,48982000,0.0,0.0,52.3371660232544,53.057501729329424,55.86277885437012,-1.012441929586565,54.58475436245966,50.08957768404913,41.79407365081151,-153.16731745857226,36.70919162724232
2018-11-21 00:00:00-05:00,51.4158810496695,52.001076792802664,51.25271940332979,51.45803451538086,30686000,0.0,0.0,52.304682922363284,52.98541018168132,55.70280888875325,-0.9850358115418203,54.58477831747871,50.02458752724786,43.16143931952995,-83.69678159631506,31.097289381543757
2018-11-23 00:00:00-05:00,51.08062663000552,51.45703762798213,50.70367078880076,50.77711868286133,13830000,0.0,0.0,52.12691707611084,52.89376258850098,55.51648858388265,-1.0066563745106905,54.29287979783951,49.960954354382174,41.9793931625963,-108.65047258571597,32.970849982685685
2018-11-26 00:00:00-05:00,51.49473245567482,52.0382703941534,51.274540092946765,52.004051208496094,38856000,0.0,0.0,52.07025699615478,52.79216321309408,55.35903129577637,-0.9142487351962316,54.18358484674919,49.95692914556037,44.79744019747673,-60.294308060655204,29.125756846257833
2018-11-27 00:00:00-05:00,51.6261518979286,52.44840364509692,51.50167412696582,51.795265197753906,36064000,0.0,0.0,52.13058662414551,52.7130791982015,55.21539389292399,-0.8480860928843228,54.131742572611024,50.12943067567999,44.417665806108694,-48.31064808547328,26.45650385616695
2018-11-28 00:00:00-05:00,52.0109912929124,53.89948614437331,51.36628280136158,53.86923599243164,49508000,0.0,0.0,52.254618072509764,52.65513827006022,55.123837280273435,-0.6211395024048656,54.36657208241171,50.14266406260782,48.871745103350385,23.862316497563032,17.56176244546354
2018-11-29 00:00:00-05:00,53.3658649213515,54.26671778388134,53.36189588983094,53.97188949584961,29378000,0.0,0.0,52.28320789337158,52.60985984802246,55.042686780293785,-0.42806494831035735,54.47444507620942,50.091970710533744,49.08067385404694,82.21008021664812,15.436048354085584
2018-11-30 00:00:00-05:00,54.010082581687726,54.33243685495382,53.45514075385734,54.275901794433594,51604000,0.0,0.0,52.34378566741943,52.62053909301758,54.979034487406416,-0.24766578440841158,54.68762328875696,49.999948046081904,49.71026300555633,94.01107057656053,15.050921814581741
2018-12-03 00:00:00-05:00,55.699704989183665,55.77458687985298,54.7338833501597,54.87100601196289,39824000,0.0,0.0,52.464395141601564,52.63702023824056,54.93076394399007,-0.05603230491698952,55.06711266647523,49.861677616727896,50.9386610512535,162.35394866474465,6.950856075958214
2018-12-04 00:00:00-05:00,54.70685111111285,54.77132422370239,52.07148993221478,52.1131477355957,46904000,0.0,0.0,52.49100131988526,52.553803253173825,54.83668613433838,-0.12525366006933325,55.0664330418961,49.915569597874416,45.59896088134074,28.30794262997296,17.979137020546382
2018-12-06 00:00:00-05:00,51.291900865519544,53.12386081500317,51.118822308104576,53.001365661621094,55384000,0.0,0.0,52.52303829193115,52.49601122538249,54.7468983968099,-0.10720453214313608,55.10756623939427,49.938510344468035,47.43481590584198,-7.045805987439374,21.426324778749702
2018-12-07 00:00:00-05:00,52.56891345936279,53.32520513259953,51.00624236658364,51.406951904296875,42024000,0.0,0.0,52.38217010498047,52.47265307108561,54.64255510965983,-0.2190314748690696,54.88199766344317,49.88234254651776,44.63753459995781,-40.81653149694193,20.320714078655477
2018-12-10 00:00:00-05:00,51.33106731711982,51.99561333591264,50.74785806544319,51.554237365722656,36154000,0.0,0.0,52.27591686248779,52.3800464630127,54.5303263982137,-0.29239982367315065,54.723709876283046,49.828123848692535,44.947773260695406,-71.49210160018829,21.27234100764133
2018-12-11 00:00:00-05:00,52.39434848246497,52.598172845771025,51.568627117584754,52.159278869628906,27894000,0.0,0.0,52.240210342407224,52.347447331746416,54.43049608866374,-0.2982845373969525,54.67208805157566,49.808332633238784,46.22828316532394,-18.62413663016549,17.876057240260653
2018-12-12 00:00:00-05:00,52.96516000801946,53.642101283293776,52.70677943898754,52.75091552734375,30476000,0.0,0.0,52.30232524871826,52.41952209472656,54.35414772033691,-0.2522997274494969,54.718937274114566,49.88571322332196,47.46438718754063,48.43817726443497,12.242365756736522
2018-12-13 00:00:00-05:00,52.968625845820675,53.548365527506775,52.26738234030926,52.66263961791992,26596000,0.0,0.0,52.366423988342284,52.46198984781901,54.27205486297608,-0.2204384847672145,54.747854806658054,49.98499317002651,47.296568187650806,28.490965270718547,14.031393436716701
2018-12-14 00:00:00-05:00,52.07150250563655,52.69736480304974,51.615744838253065,51.68070983886719,33732000,0.0,0.0,52.362556076049806,52.404677073160805,54.165438524882,-0.27129443387484997,54.748394483288784,49.97671766881083,45.44753350831089,-35.21344584626964,16.638564222978452
2018-12-17 00:00:00-05:00,51.453070555090704,52.2287041071152,49.984627192139456,50.41261291503906,47708000,0.0,0.0,52.24308700561524,52.31628595987956,54.024644406636554,-0.4092058929525919,54.771318485805,49.71485552542548,43.19168047057928,-118.51847781181382,22.708237020052593
2018-12-18 00:00:00-05:00,50.886725009102385,52.046700157980794,50.656116302810034,51.016658782958984,43850000,0.0,0.0,52.161804580688475,52.26821403503418,53.91109345753988,-0.46440687122271385,54.74002902836651,49.58358013301044,44.5479890551554,-83.55770215554496,22.708237019881228
2018-12-19 00:00:00-05:00,51.27850750485984,52.66760056897041,49.992068210843904,50.733978271484375,49586000,0.0,0.0,52.16926803588867,52.23997917175293,53.786813799540205,-0.5249131272360472,54.72906819877127,49.60946787300607,44.0389712883127,-89.61696603046738,25.08470171839445
2018-12-20 00:00:00-05:00,50.49196350459449,51.289909147930175,49.41232633306766,50.059513092041016,53470000,0.0,0.0,52.128725624084474,52.163275400797524,53.64196961720784,-0.620139887689426,54.798469301728204,49.458981946440744,42.83101795931796,-143.36435593483387,27.108800246487263
2018-12-21 00:00:00-05:00,50.35161287007902,50.78406327811117,48.28805691367979,48.57817459106445,91920000,0.0,0.0,51.98473262786865,51.97507069905599,53.475874773661296,-0.805850080285623,55.083040488998655,48.88642476673865,40.31835723130351,-203.56973074831467,30.856554739319293
2018-12-24 00:00:00-05:00,48.29846811525683,49.768398396062494,48.1105123353427,48.41352462768555,31806000,0.0,0.0,51.866552925109865,51.79954477945964,53.29534022013346,-0.9553005122440936,55.31889145850787,48.41421439171186,40.048217025711374,-216.91481713364516,31.432491339829188
2018-12-26 00:00:00-05:00,49.04781987483286,51.57655854455349,48.74976790700744,51.54977798461914,47466000,0.0,0.0,51.84383926391602,51.75542373657227,53.16804364522298,-0.8113192380146401,55.29834566587303,48.389332861959005,47.04027294964294,-82.5332360611775,20.829029323112277
2018-12-27 00:00:00-05:00,50.44336677753365,51.7694814043813,49.44407112863159,51.768985748291016,42196000,0.0,0.0,51.84252529144287,51.764102681477866,53.04287967681885,-0.6717809338893659,55.29712947667449,48.387921106211245,47.48313617831302,-54.09370241599493,19.76258993033187
2018-12-28 00:00:00-05:00,52.05364061894252,52.34822299405874,51.234366613184655,51.43174743652344,28296000,0.0,0.0,51.720650863647464,51.76580543518067,52.90812759399414,-0.5817026300702324,55.043680316025764,48.397621411269164,46.85950784443835,-8.812033866006667,16.569765244132522
2018-12-31 00:00:00-05:00,52.120100615655765,52.20639017465639,50.762744588552245,51.358848571777344,29866000,0.0,0.0,51.58999881744385,51.752498118082684,52.76981315612793,-0.5103146646638166,54.741386778903774,48.438610855983924,46.722287767535796,-23.302092705542776,18.40358899192541
2019-01-02 00:00:00-05:00,50.414597137219346,52.187543610726614,50.371948017107485,51.866676330566406,30652000,0.0,0.0,51.469537544250485,51.72132085164388,52.66869328816732,-0.40805789431762207,54.36220253931507,48.5768725491859,47.82335791865067,-19.369078979440978,19.912551699848144
2019-01-03 00:00:00-05:00,51.62614455347775,52.41863790745121,50.29060900800697,50.38930130004883,36822000,0.0,0.0,51.245452308654784,51.64622065226237,52.55191027323405,-0.44114523742878475,53.68798399460548,48.802920622704086,45.023073551215504,-46.148798162619414,18.571182467574083
2019-01-04 00:00:00-05:00,51.209074747455816,53.105999466241045,50.9525784402629,53.099552154541016,41878000,0.0,0.0,51.29477252960205,51.730048751831056,52.48722457885742,-0.2458387259760073,53.84838529033074,48.74115976887336,50.521296800214344,42.56810169246711,14.625833068013856
2019-01-07 00:00:00-05:00,53.13874076724272,53.2627228951254,52.30855465306493,52.98450469970703,39638000,0.0,0.0,51.293929481506346,51.800520197550455,52.42901096343994,-0.09919679771940793,53.84518001490011,48.742678948112584,50.30039255094791,68.71171420709102,13.733215197233614
2019-01-08 00:00:00-05:00,53.36735589161098,53.78641603275391,52.59470004070631,53.37578582763672,35298000,0.0,0.0,51.39237117767334,51.864445241292316,52.424927711486816,0.04803735909960949,54.10858809121356,48.67615426413312,51.05337947614448,88.46250576616681,10.751949607425336
2019-01-09 00:00:00-05:00,53.64210104744286,53.69070182347739,52.88580940729775,53.295448303222656,23986000,0.0,0.0,51.47943172454834,51.94838956197103,52.421076075236,0.15643562976980263,54.32598547225141,48.63287797684527,50.88961622470786,84.46040086008631,10.751949607380523
2019-01-10 00:00:00-05:00,52.94829930865008,53.1213778631722,52.4548528945508,53.080711364746094,29128000,0.0,0.0,51.5255033493042,51.98427823384603,52.38822072347005,0.22245029540479067,54.44722153833202,48.60378516027638,50.44221448307378,54.993093230025714,12.765691261977715
2019-01-11 00:00:00-05:00,52.726122553728125,52.75563111444696,51.99710711007343,52.42906188964844,30416000,0.0,0.0,51.50941066741943,52.005404790242515,52.359241994222,0.2196527072716492,54.40614858329335,48.61267275154551,49.087432655291074,23.1604811315282,14.876119509209646
2019-01-14 00:00:00-05:00,51.91973870665446,52.148360981350464,51.63879634698399,51.80914688110352,22886000,0.0,0.0,51.466736030578616,51.93673515319824,52.29593671162923,0.16550579044840674,54.31670971174699,48.616762349410244,47.82340359684826,-7.21922915199004,16.511684193649167
2019-01-15 00:00:00-05:00,52.08091981147032,53.56275358019409,51.94057347569189,53.4189338684082,29272000,0.0,0.0,51.55364723205567,51.91830329895019,52.26408157348633,0.2496129424607858,54.53412345290478,48.573171011206554,51.19917784902065,66.94117533868506,8.035214241532302
2019-01-16 00:00:00-05:00,53.56027043107628,54.17398337655249,53.5275382163606,53.608375549316406,26636000,0.0,0.0,51.713435363769534,51.89605242411296,52.25829575856527,0.32777642422428954,54.77782118164851,48.649049545890556,51.580549049675724,120.47040983659986,4.632162541709829
2019-01-17 00:00:00-05:00,53.53398979793839,54.14547044833175,53.23792044112528,54.05124282836914,24854000,0.0,0.0,51.865164566040036,51.86872698465983,52.2528736114502,0.4206087193853847,55.08104942308535,48.649279708994726,52.47866153103724,131.66300736565503,6.082252122373281
2019-01-18 00:00:00-05:00,54.55213272726654,54.96633092796307,54.100835994923905,54.46583938598633,39112000,0.0,0.0,52.051757621765134,51.94715003967285,52.25047664642334,0.5216205424766684,55.420708291839965,48.6828069516903,53.31723818568914,167.65558825375305,1.5547313688125095
2019-01-22 00:00:00-05:00,53.95701714682754,54.131087004511066,52.74050319989867,53.09013366699219,32270000,0.0,0.0,52.2032886505127,51.95010897318522,52.223060099283856,0.4850735597084679,55.465888176698066,48.94068912432733,50.272118292614934,85.28139159042406,8.266612087213923
2019-01-23 00:00:00-05:00,53.42885977462914,53.80477141601714,52.55602451397132,53.34058380126953,19340000,0.0,0.0,52.44140911102295,52.014563369750974,52.243608220418295,0.47089090802663236,55.254147079095006,49.62867114295089,50.801305471348236,74.25603272306935,9.135706425771044
2019-01-24 00:00:00-05:00,53.38571407003232,53.53424441808256,52.60313742065576,53.25776290893555,27226000,0.0,0.0,52.68362102508545,52.07134755452474,52.22569700876872,0.4478060709042282,54.77867025459833,50.58857179557257,50.61703829655061,63.73408499479345,9.135706425725841
2019-01-25 00:00:00-05:00,53.8082440210453,54.25458044246285,53.65053835935662,54.10530471801758,22382000,0.0,0.0,52.81139736175537,52.13621508280436,52.24183120727539,0.49222662977037857,54.92689890437738,50.695895819133355,52.44316347564502,106.95977142218543,4.979662659363848
2019-01-28 00:00:00-05:00,53.5657251701715,53.709049209502254,52.7568637709083,53.06830978393555,25686000,0.0,0.0,52.876363563537595,52.14679489135742,52.283158493041995,0.43869639904335145,54.9361472549544,50.81657987212079,50.09831238147692,59.02382328235529,9.407318872578271
2019-01-29 00:00:00-05:00,53.1972457032161,53.319740833466355,52.36334426007274,52.59915542602539,20436000,0.0,0.0,52.9347339630127,52.1446787516276,52.30333429972331,0.35433195155734154,54.885423643459205,50.98404428256619,49.071437467481125,35.322438058466,11.290268521232345
2019-01-30 00:00:00-05:00,52.986484162376314,54.10579275923353,52.908125106837765,54.00958251953125,25596000,0.0,0.0,53.06727066040039,52.22230784098307,52.31349245707194,0.3967091816236774,54.92512560458253,51.209415716218246,52.12337816817602,81.79379927618892,6.707289133705279
2019-01-31 00:00:00-05:00,54.70091252070904,55.41157736225452,54.32450147486709,55.36396789550781,30766000,0.0,0.0,53.242135238647464,52.3873530069987,52.35181948343913,0.5334319510512842,55.274352474762004,51.20991800253292,54.81330297834317,146.7598343697447,0.345049467574943
2019-02-01 00:00:00-05:00,55.16707950245767,55.79195040642711,54.7946375103884,55.08525085449219,29244000,0.0,0.0,53.47693271636963,52.52297274271647,52.39559338887533,0.612238095324642,55.17973995467204,51.774125478067226,54.16543959105867,145.73606919350271,2.291014441058759
2019-02-04 00:00:00-05:00,55.17997214441395,56.17877197265625,54.99945498280095,56.17877197265625,51530000,0.0,0.0,53.63089370727539,52.70446586608887,52.4722225189209,0.7542361825111641,55.70612680136504,51.555660613185744,56.26354799074875,162.77629286636022,4.257829893063104
2019-02-05 00:00:00-05:00,55.78401718749844,56.87555393656033,55.407507781943465,56.83290481567383,71044000,0.0,0.0,53.82331371307373,52.930245590209964,52.54676049550374,0.9090744983252392,56.317553860710575,51.329073565436886,57.46833229587909,183.04522781288802,7.719214577846638
2019-02-06 00:00:00-05:00,56.5145230837709,56.88299607376057,55.18543458426743,55.30743408203125,42112000,0.0,0.0,53.91989612579346,53.154554239908855,52.56481246948242,0.8983367727228924,56.48962393871029,51.350168312876626,53.88726041133415,147.56026530386978,6.450347334274698
2019-02-07 00:00:00-05:00,54.75843545991292,54.79215898772944,53.85782846388635,54.488155364990234,40896000,0.0,0.0,53.97953147888184,53.357041931152345,52.57829335530599,0.8143310014730787,56.54359428611536,51.41546867164832,52.08407473933552,67.585857240813,0.7778189298461479
2019-02-08 00:00:00-05:00,53.90741834571355,54.49807003890536,53.88510247463509,54.30713653564453,21516000,0.0,0.0,54.04085273742676,53.44895388285319,52.60218880971273,0.7247941401589202,56.57286784580367,51.50883762904985,51.688739416949886,53.541751787070126,0.7778189298436274
2019-02-11 00:00:00-05:00,54.400867215802506,54.84695382526228,54.198034189568865,54.304656982421875,21304000,0.0,0.0,54.13463249206543,53.53347625732422,52.648789469401045,0.6461866161923524,56.551614407947355,51.7176505761835,51.68318059405093,61.48895036396144,1.1105594760618485
2019-02-12 00:00:00-05:00,54.88935894461418,55.806579849888266,54.84224513824472,55.6119270324707,32182000,0.0,0.0,54.32477149963379,53.67281557718913,52.7193105061849,0.6815192254396294,56.56319277137233,52.08635022789525,54.36016648515176,113.28006429222843,6.116195178986745
2019-02-13 00:00:00-05:00,55.79145613838715,56.27448997450664,55.46959753844244,55.55192184448242,20996000,0.0,0.0,54.4314208984375,53.812584686279294,52.78254140218099,0.6966481296492262,56.69127141845118,52.17157037842382,54.21752882386853,125.20069932529363,8.453601768465202
2019-02-14 00:00:00-05:00,55.447278501541405,55.95213252545686,55.070125897544635,55.62680435180664,18952000,0.0,0.0,54.53234233856201,53.9379222869873,52.82962156931559,0.7065357830512795,56.81756838902624,52.24711628809778,54.372089442249866,103.81111529835474,6.120205850903324
2019-02-15 00:00:00-05:00,56.043885704325504,56.12273663537167,55.08029630114308,55.22907257080078,28996000,0.0,0.0,54.591233825683595,54.09924799601237,52.87273432413737,0.6745029388495567,56.884947803900516,52.297519847466674,53.381880914418645,92.72536726350486,7.004170140838907
2019-02-19 00:00:00-05:00,55.048056194619946,55.637716586051226,55.048056194619946,55.47257232666016,20928000,0.0,0.0,54.641570472717284,54.17834866841634,52.9541987101237,0.6611438199127804,56.96765579237149,52.31548515306308,53.913445903130814,80.71280152718677,6.807565012437445
2019-02-20 00:00:00-05:00,55.54348874982994,55.71309769628689,54.813977693111326,55.23650741577149,21756000,0.0,0.0,54.74888916015625,54.25341542561849,53.02696781158447,0.6243114823283165,56.9692421019229,52.528536218389604,53.303885630849095,67.47031429452359,5.353673043451471
2019-02-21 00:00:00-05:00,55.08971638064074,55.14426881344783,54.18117508674634,54.40186309814453,28302000,0.0,0.0,54.801953125,54.287618001302086,53.0760316212972,0.521758263927758,56.929374670345624,52.67453157965437,51.18711652063257,21.394555158190183,1.490145728757941
2019-02-22 00:00:00-05:00,54.59676650455057,55.10955865982205,54.33392500610819,55.06641387939453,20990000,0.0,0.0,54.89238567352295,54.34665018717448,53.14751987457275,0.488476935606208,56.893437328643195,52.89133401840271,52.733158189897104,35.70063754446121,1.4901457287510234
2019-02-25 00:00:00-05:00,55.34562139858324,55.471586151436426,54.91267526107336,55.018310546875,28262000,0.0,0.0,54.93803596496582,54.41123682657878,53.1977575302124,0.4529978292204575,56.90484842019519,52.971223509736454,52.60838767357996,52.08731766204828,3.653316864250958
2019-02-26 00:00:00-05:00,54.83728472249298,55.5196819708551,54.54815835652813,55.302467346191406,29426000,0.0,0.0,55.049743843078616,54.50701700846354,53.25621089935303,0.44270621898654383,56.81263797075666,53.28684971540057,53.28385037949503,47.66581747003157,1.335536115449535
2019-02-27 00:00:00-05:00,54.89680202944254,55.44380955979526,54.60172398336759,55.34809875488281,19368000,0.0,0.0,55.187191009521484,54.624982070922854,53.28085861206055,0.43323801885288304,56.522369073183256,53.85201294585971,53.394199517118246,43.895989041912244,1.3355361154424066
2019-02-28 00:00:00-05:00,55.112526101757794,55.92337015949631,55.0981445099767,55.540016174316406,30850000,0.0,0.0,55.26371269226074,54.695684814453124,53.30699405670166,0.43619237962773383,56.48531127183008,54.0421141126914,53.868305122174455,70.2801329677166,4.3468818098545565
2019-03-01 00:00:00-05:00,55.78699238278955,56.68313473220272,55.77955375845002,56.58494186401367,29006000,0.0,0.0,55.324761390686035,54.7949036916097,53.34547805786133,0.5168920918958193,56.681964103897215,53.967558677474855,56.368258631541835,128.64451722129522,8.903676931795758
2019-03-04 00:00:00-05:00,56.88249761582181,57.442403545275894,56.07413558211426,56.92266845703125,28920000,0.0,0.0,55.41663227081299,54.89061787923177,53.3796724319458,0.6011690067409248,56.943695689064825,53.889568852561155,57.144755323079565,154.441357126188,13.179525398859312
2019-03-05 00:00:00-05:00,57.03474655593223,58.00428759853954,56.843071448116135,57.62837600708008,28864000,0.0,0.0,55.48911247253418,54.996035766601565,53.47159290313721,0.7166427587546238,57.282815996879634,53.69540894818873,58.73231455087959,187.3650728666417,16.191048956223714
2019-03-06 00:00:00-05:00,57.65118724229829,57.90291996912539,57.30403883722424,57.421573638916016,21986000,0.0,0.0,55.518545913696286,55.14041709899902,53.54526303609212,0.7824497230285701,57.42111040637754,53.615981421015036,58.08007500494255,181.07209094212726,16.191048956161783
2019-03-07 00:00:00-05:00,57.31543871689058,57.36676749002589,56.28341103819669,56.69949722290039,23332000,0.0,0.0,55.588149070739746,55.25238087972005,53.63347212473551,0.7674895425008827,57.55882921684416,53.61746892463533,55.84017965827286,119.17861312222398,8.851557696606582
2019-03-08 00:00:00-05:00,55.877742706013954,56.88695888511818,55.70764188659975,56.65089797973633,24248000,0.0,0.0,55.69628620147705,55.36548538208008,53.71841646830241,0.7431454210658117,57.650099339215174,53.74247306373893,55.69064137833839,86.36271457373795,4.981561229260353
2019-03-11 00:00:00-04:00,56.75653379964303,58.33061255489602,56.75653379964303,58.30928421020508,34384000,0.0,0.0,55.896393585205075,55.50561803181966,53.82091655731201,0.8478964164339473,58.05971193979858,53.73307523061157,59.51757981775955,177.57954276804097,13.004112928124181
2019-03-12 00:00:00-04:00,58.43326038120932,59.51141055497195,58.43326038120932,59.17417907714844,40262000,0.0,0.0,56.139869689941406,55.70914700826009,53.92797094980876,0.9892981096958167,58.62156626530349,53.65817311457932,61.319949756636866,237.86713157223178,18.804692783984176
2019-03-13 00:00:00-04:00,59.54340049905178,59.55753615486373,59.111695451719605,59.18013381958008,28718000,0.0,0.0,56.31828002929687,55.92851295471191,54.03659585316976,1.0892838817650912,59.13111761258832,53.505442446005425,61.3322114293731,223.4448961360721,19.02287769037369
2019-03-14 00:00:00-04:00,59.23914977577441,59.406280454613395,58.74173433853888,58.7947998046875,23456000,0.0,0.0,56.48042392730713,56.088020197550456,54.15516401926676,1.12446792556851,59.475236811001366,53.48561104361289,60.057742311110644,178.48942216280784,16.42699671242674
2019-03-15 00:00:00-04:00,59.183105223442986,59.3413065123939,58.64899236700305,58.74073791503906,49236000,0.0,0.0,56.63612060546875,56.200579198201496,54.293966102600095,1.1349066931853429,59.76486068554697,53.50738052539052,59.87715842057778,154.01824615639077,15.772206553108354
2019-03-18 00:00:00-04:00,58.68321786456962,59.015489037633714,58.39166237728001,58.73082733154297,25852000,0.0,0.0,56.81120834350586,56.32209841410319,54.42253557840983,1.1293612173562764,59.99976408313555,53.62265260387617,59.84303481819495,128.92003127385996,13.932979945450974
2019-03-19 00:00:00-04:00,58.95646898764018,59.51141456296969,58.81066665761139,59.454383850097656,30414000,0.0,0.0,57.01029891967774,56.43128547668457,54.567875671386716,1.1698658663509036,60.340998413780795,53.67959942557468,61.500137286568076,141.05896148392313,16.575237955340356
2019-03-20 00:00:00-04:00,59.37999806820203,60.85736719388077,59.3214765994153,60.70016098022461,44548000,0.0,0.0,57.28348159790039,56.56019401550293,54.74521980285645,1.2876467058143533,60.88671336464016,53.68024983116062,64.13608802826519,166.58906092020837,23.19531072970761
2019-03-21 00:00:00-04:00,60.30489972023274,61.08797193570281,60.16356207722947,61.0755729675293,24080000,0.0,0.0,57.61716709136963,56.7524653116862,54.95350977579753,1.3951984997565816,61.331148857032005,53.903185325707256,64.88555915362878,165.29230988876714,24.26056083628706
2019-03-22 00:00:00-04:00,60.81669926395497,60.99919905599298,59.65151410499503,59.784175872802734,34284000,0.0,0.0,57.85305519104004,56.92899932861328,55.14302062988281,1.3605455957188113,61.483238855772505,54.22287152630758,60.394299921485214,127.20938048790997,20.42399586014453
2019-03-25 00:00:00-04:00,59.35916343682047,59.82870860100552,58.86869099438895,59.16426467895508,29936000,0.0,0.0,58.060352897644044,57.09090360005697,55.269928741455075,1.268439486257293,61.476126068309796,54.64457972697829,58.38737130835049,86.48040265429687,14.817474476112004
2019-03-26 00:00:00-04:00,59.43851221362323,59.65176160302415,58.35689236214323,58.74867630004883,38024000,0.0,0.0,58.23266334533692,57.2390375773112,55.38625691731771,1.1486690798290269,61.40141517540118,55.06391151527265,57.07209510623568,67.05242150382132,11.312513569867109
2019-03-27 00:00:00-04:00,58.792320138588565,58.89442906559004,57.496455810334666,58.17340087890625,28004000,0.0,0.0,58.373928451538085,57.32442003885905,55.498617808024086,0.9958507041051377,61.238535573360124,55.509321329716045,55.28861037858747,35.503635360295725,5.700788296366074
2019-03-28 00:00:00-04:00,58.10000023867841,58.1012412705436,57.49948081037818,57.9487419128418,19234000,0.0,0.0,58.494364738464355,57.404314041137695,55.608449363708495,0.8468509685202577,61.04234652534871,55.94638295158,54.59931719434109,19.792219500648482,5.700788296342789
2019-03-29 00:00:00-04:00,58.26664085674117,58.46947771034017,57.67053683296129,58.18778991699219,25398000,0.0,0.0,58.57450714111328,57.48968022664388,55.71380125681559,0.7395319171136734,60.96561520614073,56.18339907608583,55.21392201831428,27.6263542610326,7.828934426600844
2019-04-01 00:00:00-04:00,58.722887255206246,59.34577172921009,58.61873895523279,59.23517990112305,25050000,0.0,0.0,58.69013271331787,57.62321713765462,55.86123256683349,0.7305748024424403,60.965778206344226,56.41448722029152,57.8030931078261,63.68547083782261,12.680172560307536
2019-04-02 00:00:00-04:00,59.279319062601914,59.578366131263714,58.80273254276133,59.53571701049805,16558000,0.0,0.0,58.78549976348877,57.75865529378255,55.96850198109944,0.7392059514969702,61.03349112245343,56.53750840452412,58.51499767818235,69.70913421684382,13.924148499297901
2019-04-03 00:00:00-04:00,59.882371898679295,60.31977890561523,59.536214792580466,59.80500793457031,20286000,0.0,0.0,58.90467147827148,57.91093864440918,56.082177035013835,0.7590261453945004,61.10031424223204,56.709028714310925,59.15376119608304,90.30273209670095,17.786283545434344
2019-04-04 00:00:00-04:00,59.805999735466095,60.28853793252919,59.7162368020518,60.25531005859375,19000000,0.0,0.0,59.08246212005615,58.10605354309082,56.19683577219645,0.8018264536933586,61.09444018731696,57.07048405279534,60.213479607424354,94.7396292094395,17.78628354537062
2019-04-05 00:00:00-04:00,60.25480728371627,60.315807024128105,59.760861488449926,59.865997314453125,18144000,0.0,0.0,59.243217086791994,58.26603965759277,56.30634492238362,0.7951655480850235,60.923620849405246,57.56281332417874,58.8479914620567,86.01010830298544,17.931221196454583
2019-04-08 00:00:00-04:00,59.90270130473363,59.9423764881641,59.50447006963539,59.70185089111328,17204000,0.0,0.0,59.312845420837405,58.42215766906738,56.41669724782308,0.7677908726202176,60.94502169331794,57.68066914835687,58.271613570858044,69.43816604541904,15.9431222231067
2019-04-09 00:00:00-04:00,59.313043274550395,59.62498118733602,59.16823225451201,59.37503433227539,17528000,0.0,0.0,59.32288818359375,58.557909901936846,56.532463455200194,0.711522887176443,60.9539433177284,57.69183304945909,57.11934225083025,49.30170717643001,13.350735001951566
2019-04-10 00:00:00-04:00,59.54513537861431,59.69912170162392,59.334614001341365,59.618534088134766,14492000,0.0,0.0,59.344808197021486,58.70025774637858,56.66261990865072,0.6787542422143886,60.979564705073784,57.71005168896919,57.7630781112552,55.46442578797132,13.790421065929491
2019-04-11 00:00:00-04:00,59.70780348899228,59.90617184200676,59.51786128845669,59.74053192138672,14204000,0.0,0.0,59.39209480285645,58.84027493794759,56.76797987620036,0.655077732236137,61.014529916505175,57.76965968920772,58.089176984312644,63.833892550252756,15.035956767947596
2019-04-12 00:00:00-04:00,60.007347051588354,60.42144688505703,59.91361508416619,60.39764404296875,18668000,0.0,0.0,59.47494010925293,58.96736501057943,56.881134351094566,0.6814816873111553,61.12628731993921,57.823592898566645,59.817804103473875,98.3309870878876,18.082884434049134
2019-04-15 00:00:00-04:00,60.4040865727986,60.71155978950609,59.96320621211728,60.557823181152344,23748000,0.0,0.0,59.5662899017334,59.0885368347168,56.98957735697429,0.7071801966146509,61.24620452226919,57.88637528119761,60.23142728254222,107.61693129956521,19.758888638090294
2019-04-16 00:00:00-04:00,60.75124105972567,61.03987180905056,60.50922846705791,60.85687255859375,17126000,0.0,0.0,59.6364143371582,59.19615338643392,57.09609457651774,0.7431111135387596,61.41107630819145,57.86175236612495,61.00664206342856,131.08698088716403,21.63587337936892
2019-04-17 00:00:00-04:00,61.14798159436216,61.52290188149626,60.89108798435855,61.313621520996094,24438000,0.0,0.0,59.667087364196775,59.325888315836586,57.23315270741781,0.7992294287730601,61.537770864639064,57.796403863754485,62.17172411407494,157.6453027941376,24.32988128797036
2019-04-18 00:00:00-04:00,61.454464276317005,61.59431495575666,61.22782460047599,61.31510925292969,26636000,0.0,0.0,59.679064178466795,59.4797420501709,57.366061464945474,0.8342074215607624,61.590343451005694,57.7677849059279,62.175532220468675,159.05658103599978,24.725662638450668
2019-04-22 00:00:00-04:00,61.2962590358514,61.94592408429301,60.91538711224288,61.93352890014648,16146000,0.0,0.0,59.78653182983398,59.655829747517906,57.51065756479899,0.9014378160121694,61.948026048143426,57.62503761152454,63.7449649508262,167.9097646942933,26.67894612563789
2019-04-23 00:00:00-04:00,62.02527362691741,62.93331922806048,61.8115285922715,62.71263122558594,26398000,0.0,0.0,59.96395015716553,59.802607981363934,57.6541130065918,1.0059890192098706,62.46605739430844,57.46184292002261,65.60491282433495,218.03997785378525,31.818649316065645
2019-04-24 00:00:00-04:00,62.691308293873206,62.884224430042295,62.2390202776067,62.288612365722656,20376000,0.0,0.0,60.14094696044922,59.9064224243164,57.807784716288246,1.0426132264074681,62.778257170848946,57.503636750049495,63.76322239753543,190.71806097022213,31.818649315914865
2019-04-25 00:00:00-04:00,62.723549340954705,62.85437606384277,62.09173916883265,62.65808868408203,22146000,0.0,0.0,60.365181350708006,60.02235425313314,57.975433603922525,1.0888996679680716,63.06010125309304,57.670261448322975,64.65755999304062,173.13113934776825,30.35998215618519
2019-04-26 00:00:00-04:00,62.93332447170657,63.13516621156849,62.50285664683066,63.09103012084961,24828000,0.0,0.0,60.6222957611084,60.16556193033854,58.1267910639445,1.1472914998392554,63.327699073444016,57.91689244877278,65.68418545813,176.3220391287138,31.84735598082827
2019-04-29 00:00:00-04:00,63.18129125370465,63.93857428025759,62.799178256084865,63.854759216308594,49988000,0.0,0.0,60.905644226074216,60.336029307047525,58.26830425262451,1.2408897973836162,63.7222307332373,58.08905771891113,67.41165820512116,189.04912014738838,35.899635023262725
2019-04-30 00:00:00-04:00,58.76752634945783,59.1548456242195,58.271597857057344,58.94010925292969,124140000,0.0,0.0,60.89089069366455,60.34300537109375,58.33255189259847,0.9080287536814922,63.747131550710606,58.0346498366185,50.4912881945087,-85.47297402940164,0.9180954685010956
2019-05-01 00:00:00-04:00,58.918775625932376,58.918775625932376,57.88377402041398,57.92840576171875,52784000,0.0,0.0,60.81052513122559,60.29213943481445,58.36171245574951,0.5561865890469733,63.907609668483076,57.7134405939681,47.929396753994574,-112.3635861380185,1.3324437464277352
2019-05-02 00:00:00-04:00,57.91254167579026,58.23142255201644,57.27983485814537,57.65713882446289,38896000,0.0,0.0,60.703131675720215,60.19070536295573,58.37544968922933,0.2525489369847378,64.08306606555583,57.32319728588461,47.26421006860507,-129.88170580158487,4.754171507929145
2019-05-03 00:00:00-04:00,58.20463612696184,58.85678318955507,57.97403123504416,58.787353515625,39614000,0.0,0.0,60.629733848571775,60.114431381225586,58.43344834645589,0.10193771558156328,64.11279693533889,57.14667076180466,50.24069204660648,-80.87848390207432,1.0021750976873605
2019-05-06 00:00:00-04:00,57.83815282760233,59.057640740177526,57.83815282760233,58.98523712158203,31278000,0.0,0.0,60.585695838928224,60.08780008951823,58.508399709065756,-0.0014386256759948424,64.13113024274998,57.04026143510648,50.74422406437222,-71.56284026032719,0.18568365404025022
2019-05-07 00:00:00-04:00,58.54286620717969,59.03730770533541,57.579276803680955,58.22696304321289,31028000,0.0,0.0,60.5119514465332,60.056556701660156,58.57373015085856,-0.14290419130978194,64.19353214488245,56.83037074818395,48.78719073680861,-85.8358162813405,1.3610286277857686
2019-05-08 00:00:00-04:00,58.12330762010271,58.54058188438668,57.812361031410006,57.838645935058594,26186000,0.0,0.0,60.43513202667236,60.02622235616048,58.63262996673584,-0.2830873617154026,64.27721562943155,56.59304842391317,47.81036468502043,-93.61946931978004,1.3610286277796515
2019-05-09 00:00:00-04:00,57.47959349281443,58.00676717621538,57.07392363841696,57.645729064941406,23714000,0.0,0.0,60.3364917755127,60.008633295694985,58.66652666727702,-0.4050807941312584,64.36368798332464,56.309295567700765,47.32340351367131,-115.24199767018061,5.800398183285751
2019-05-10 00:00:00-04:00,57.70573646489051,58.15256846232902,56.65982283628391,57.73945999145508,26290000,0.0,0.0,60.23643817901611,60.001657231648764,58.70298563639323,-0.4885662778789879,64.42228301365024,56.05059334438197,47.591695896681564,-116.71983384087011,8.197265698950915
2019-05-13 00:00:00-04:00,56.633041901535314,56.92960688729913,55.6486236768883,56.140586853027344,37212000,0.0,0.0,60.02358531951904,59.9334171295166,58.71154867808024,-0.6759528613407682,64.59051552449591,55.45665511454217,43.667063562137976,-168.79418164614304,13.741610040827828
2019-05-14 00:00:00-04:00,56.39747646086835,56.55666906070353,55.52166744195768,55.56580352783203,36732000,0.0,0.0,59.773984336853026,59.81110458374023,58.717160860697426,-0.8609142063894737,64.74570309101705,54.802265582689,42.36774234545325,-168.8444550653138,14.412951118525708
2019-05-15 00:00:00-04:00,55.43835455678485,58.0895883664834,55.37864503210085,57.73648452758789,45786000,0.0,0.0,59.61796493530274,59.75113016764323,58.75489273071289,-0.8228562151349763,64.64216652170165,54.59376334890382,48.36956832524006,-108.61758599128478,4.275842550765997
2019-05-16 00:00:00-04:00,57.7513672636381,58.92424087605743,57.66854729595489,58.46897888183594,30628000,0.0,0.0,59.47573280334473,59.70659586588542,58.808767255147295,-0.725228823754712,64.45870751447552,54.492758092213926,50.1806875060263,-51.87503373549876,0.6807368257466151
2019-05-17 00:00:00-04:00,57.94775184486003,58.52699591310215,57.528196041845085,57.64176559448242,24172000,0.0,0.0,59.29206562042236,59.61947771708171,58.862765630086265,-0.7064639352114312,64.26034675777963,54.323784483065104,48.20521156846155,-65.86791219750668,0.14492527422953919
2019-05-20 00:00:00-04:00,56.75901017566162,56.87292782341949,56.11147907969771,56.47881317138672,27066000,0.0,0.0,59.01932983398437,59.50657157897949,58.88630561828613,-0.7764823618679344,63.97593091545437,54.062728752514374,45.5947478689328,-111.91661514132113,8.021415512677004
2019-05-21 00:00:00-04:00,56.9568850496888,57.16606702444821,56.43368039296366,57.01342010498047,23196000,0.0,0.0,58.7343692779541,59.416957219441734,58.91955744425456,-0.7798445947523831,63.446205351766636,54.02253320414157,46.96064439383697,-90.37944332379776,6.227858901614159
2019-05-22 00:00:00-04:00,56.87059950242676,57.45430450369276,56.827946596311726,57.102195739746094,18290000,0.0,0.0,58.47504844665527,59.34119593302409,58.94955291748047,-0.7665098878884962,62.92696812240371,54.02312877090684,47.1884102757133,-75.65654802349935,4.463569222553548
2019-05-23 00:00:00-04:00,56.560645363520585,56.83206435428063,56.00143559733445,56.57403564453125,23978000,0.0,0.0,58.17084579467773,59.239712651570635,58.96998519897461,-0.789459741811271,62.23372747289724,54.10796411645822,45.9733668586025,-92.18018024601166,8.949329462044634
2019-05-24 00:00:00-04:00,56.90085410674866,57.020125610751776,56.12224648982537,56.21200942993164,22240000,0.0,0.0,57.826894760131836,59.1220952351888,58.981185086568196,-0.827323288450323,61.25037607814707,54.4034134421166,45.149034014735925,-87.13932877684684,7.758383474368307
2019-05-28 00:00:00-04:00,56.23828891474818,57.1104770746864,56.194644697319085,56.2457275390625,27300000,0.0,0.0,57.44644317626953,58.98369801839193,58.975531514485674,-0.8448705110038119,59.44334273708745,55.44954361545162,45.243631019208564,-80.64435811996879,7.176113193693749
2019-05-29 00:00:00-04:00,55.91692172828519,55.995280781119774,54.95977970817354,55.36842727661133,30764000,0.0,0.0,57.267859077453615,58.81071815490723,58.94962749481201,-0.918974247490496,59.33974626396,55.19597189094723,43.23660504241908,-110.85343779343478,13.764332205547744
2019-05-30 00:00:00-04:00,55.32280054277174,55.69921155324467,55.15319159694658,55.44231796264648,19038000,0.0,0.0,57.1435546875,58.63023300170899,58.913193194071454,-0.9606656757950276,59.34296371109881,54.94414566390119,43.455156267967375,-106.57818229296032,13.764332205503056
2019-05-31 00:00:00-04:00,54.616103199042115,55.02822037678354,54.56105511080422,54.73215103149414,30156000,0.0,0.0,56.99730529785156,58.41085065205892,58.86836948394775,-1.0390336363444064,59.42958694269172,54.5650236530114,41.852997840405095,-123.77284689809541,16.79478607860378
2019-06-03 00:00:00-04:00,52.84117859362554,52.84117859362554,50.8326668298229,51.38959503173828,102612000,0.0,0.0,56.627417373657224,58.080000178019205,58.77987111409505,-1.3552348403297785,59.98682746524984,53.26800728206461,35.483165485141114,-214.0382197756315,32.292861662249955
2019-06-04 00:00:00-04:00,51.72037260735825,52.372519655513,51.26362373748069,52.22373962402344,56670000,0.0,0.0,56.2893424987793,57.75634053548177,58.706085141499834,-1.5209851057163135,59.99293799547789,52.58574700208071,37.92223083545259,-191.21266879065394,32.29286166206489
2019-06-05 00:00:00-04:00,52.14886574028185,52.24854936765749,51.104938354921515,51.68666076660156,43368000,0.0,0.0,55.96232738494873,57.388808186848955,58.59570808410645,-1.6763571586116015,60.077651025737815,51.84700374415964,36.99077181407529,-186.67011092042213,32.86244211337622
2019-06-06 00:00:00-04:00,51.824026568059544,51.94800867864347,51.26412444634906,51.79179000854492,34064000,0.0,0.0,55.65998458862305,57.038914108276366,58.47266826629639,-1.770597235925969,60.07264719458528,51.247321982660814,37.30260912547117,-174.5920680314086,32.86244211325297
2019-06-07 00:00:00-04:00,52.103732120259565,53.10997060505563,51.99313650496096,52.86795425415039,36048000,0.0,0.0,55.421095848083496,56.71257629394531,58.367465273539224,-1.738406448008,59.897959275647324,50.94423242051967,40.42485642135981,-133.23839684389148,24.64570444495871
2019-06-10 00:00:00-04:00,53.212127058173714,54.188115360497626,53.179497001499,53.57911682128906,29284000,0.0,0.0,55.2130786895752,56.39551251729329,58.28053722381592,-1.6366439284941663,59.62248504363313,50.80367233551727,42.38621860327341,-93.80313094923692,17.66114990685085
2019-06-11 00:00:00-04:00,54.25358296856077,54.65081912241815,53.44139947065088,53.496795654296875,28734000,0.0,0.0,55.08088912963867,56.05024706522624,58.193138186136885,-1.5448311766294935,59.531542076318935,50.630236182958406,42.21977217843831,-78.49320733465463,14.805061511128176
2019-06-12 00:00:00-04:00,53.46108806053541,53.60639473217016,52.94234430221682,53.41298294067383,21220000,0.0,0.0,54.97324810028076,55.86600952148437,58.10450744628906,-1.461979109712523,59.47832167532357,50.468174525237956,42.04587408381704,-89.62647248592242,17.051607504353683
2019-06-13 00:00:00-04:00,53.74078577803253,54.26299909329177,53.5677072461404,53.99519729614258,21154000,0.0,0.0,54.786183738708495,55.73490257263184,58.01352100372314,-1.333961341068239,59.11541763029953,50.45694984711746,43.71193740337071,-62.27544546412723,12.996115977265697
2019-06-14 00:00:00-04:00,53.8786575359075,54.18960412758987,53.568800630755085,53.82559585571289,22230000,0.0,0.0,54.55401458740234,55.607184473673506,57.89894491831462,-1.2319901404716092,58.53574821239345,50.572280962411234,43.33650572293649,-60.1955615386623,12.996115977221654
2019-06-17 00:00:00-04:00,53.87171509606684,54.51146325353294,53.87171509606684,54.18018341064453,18832000,0.0,0.0,54.380935478210446,55.45361213684082,57.7840217590332,-1.1097722137934127,58.08907385475317,50.672797101667726,44.36988098330351,-44.80621352333048,10.979070102145025
2019-06-18 00:00:00-04:00,55.03268429661102,55.36495544551521,54.50204101368082,54.73066329956055,27734000,0.0,0.0,54.29352798461914,55.3117930094401,57.69979654947917,-0.9574575255275306,57.873657234794884,50.713398734443395,45.95283695300441,-16.966820901523562,5.798372664776055
2019-06-19 00:00:00-04:00,54.82984919543962,54.89927887698252,54.22878490223939,54.66768264770508,26776000,0.0,0.0,54.176241111755374,55.19315032958984,57.624853515625,-0.832235556515343,57.527575495876384,50.824906727634364,45.79859590746202,-23.13974816166833,7.232658947473631
2019-06-20 00:00:00-04:00,55.54349249739563,55.54993980960173,54.78720083054389,55.11848068237305,25240000,0.0,0.0,54.07705535888672,55.102478154500325,57.5643502553304,-0.6886819135662989,57.17133527288579,50.98277544488764,47.1130170739239,1.8349253868973483,3.356312799115065
2019-06-21 00:00:00-04:00,55.010372535892294,55.74781794396217,54.95284238038137,55.63722610473633,38952000,0.0,0.0,54.030214881896974,55.03552805582682,57.522080675760904,-0.5269814825366055,56.99081725616443,51.069612507629515,48.59693055383718,17.258585670120578,2.1940947646093263
2019-06-24 00:00:00-04:00,55.52464088925156,55.64316699417488,55.09814214701933,55.321807861328125,27912000,0.0,0.0,53.985704803466795,54.954939651489255,57.47829844156901,-0.4194491929414923,56.83278650495494,51.13862310197865,47.75412675622063,17.167593733046537,2.19409476460229
2019-06-25 00:00:00-04:00,55.1799730059808,55.26378427635019,53.74872274695368,53.875186920166016,30938000,0.0,0.0,53.86717777252197,54.87942632039388,57.406421724955244,-0.44582016143755254,56.508008615341346,51.22634692970259,44.12352169989489,-26.814586354111707,9.611617299936444
2019-06-26 00:00:00-04:00,53.882628985203056,54.20349249543035,53.17543374643704,53.55035781860352,36218000,0.0,0.0,53.77627429962158,54.81224479675293,57.31167469024658,-0.48731289800284117,56.32300788553943,51.229540713703734,43.357821096257695,-52.300551572666706,12.527143983265388
2019-06-27 00:00:00-04:00,53.75864485855753,53.912381467643115,53.32669008794208,53.362396240234375,20086000,0.0,0.0,53.672278213500974,54.66644185384114,57.20878601074219,-0.5292621149765679,56.09962619849322,51.24493022850873,42.91205651454304,-53.163671433500255,12.527143983222691
2019-06-28 00:00:00-04:00,53.38123871617849,53.60986098939673,53.23146736600189,53.60540008544922,33864000,0.0,0.0,53.61594066619873,54.50432256062825,57.105459213256836,-0.5367119113921106,55.99146279385331,51.240418538544155,43.68637374423063,-51.20235313334231,13.02580831124269
2019-07-01 00:00:00-04:00,54.45294821991352,54.92804779109222,54.23984638545123,54.45046615600586,28726000,0.0,0.0,53.76898422241211,54.397945912679035,57.00871181488037,-0.46901959342378774,55.9248145964261,51.61315384839811,46.30635502088426,5.6542455715918996,4.495000970641735
2019-07-02 00:00:00-04:00,54.66322195773821,55.135843266467944,54.46138021046415,55.11005401611328,19832000,0.0,0.0,53.9132999420166,54.35232060750325,56.929446093241374,-0.35802265354347185,56.01944476841862,51.80715511561458,48.250359564203904,28.673487519241963,3.2244922442109036
2019-07-03 00:00:00-04:00,55.415546686111895,55.87924241902997,55.23949418268336,55.62234878540039,15340000,0.0,0.0,54.11008434295654,54.305951563517254,56.86145439147949,-0.2261123896651256,56.070681060068715,52.149487625844365,49.71320640518267,70.6569520883968,1.220374494984876
2019-07-05 00:00:00-04:00,55.4348787613328,56.18274043076617,55.352554461138375,56.1187629699707,25286000,0.0,0.0,54.32643299102783,54.273170471191406,56.807183202107744,-0.08058712102359777,56.16077664356867,52.49208933848699,51.09887039470694,93.58397983842957,2.9846782700863153
2019-07-08 00:00:00-04:00,55.8003830799116,55.84055392182536,55.10806886968146,55.36297607421875,24728000,0.0,0.0,54.45118408203125,54.232801818847655,56.736257235209145,-0.025943917948211492,56.20551008320881,52.69685808085369,48.973458097045764,71.29521724048577,1.4743102823887975
2019-07-09 00:00:00-04:00,55.13732805977771,55.94197080054776,54.90771444691248,55.78352355957031,26608000,0.0,0.0,54.561404418945315,54.21851895650228,56.67030709584554,0.050711313126910795,56.361436020141475,52.761372817749155,50.16659798706418,81.71395284230404,0.22816449454291537
2019-07-10 00:00:00-04:00,56.10041940056213,56.63751000714621,56.08802043248318,56.55964660644531,24190000,0.0,0.0,54.71454696655273,54.22898292541504,56.606340471903486,0.1721038732569653,56.64932929379443,52.77976463931103,52.29614626278695,137.19674886691703,4.442447548699727
2019-07-11 00:00:00-04:00,56.697023252824,57.18402615122261,56.515019100782894,56.744632720947266,23910000,0.0,0.0,54.88112945556641,54.27485644022624,56.54278729756673,0.28000743379483595,56.9152206065228,52.84703830461002,52.793539866191736,152.32499897524153,7.6143858194036715
2019-07-12 00:00:00-04:00,56.733726964019255,56.899862561768394,56.475346362441186,56.77885437011719,17280000,0.0,0.0,55.02031230926514,54.3194076538086,56.47482032775879,0.3640862246480978,57.176444278389305,52.86418034014097,52.887548446910685,138.81349831848243,7.3468011327843845
2019-07-15 00:00:00-04:00,56.87604687765704,57.07243638386217,56.50608695997605,57.04862976074219,18076000,0.0,0.0,55.1814640045166,54.396623611450195,56.40373713175456,0.4473313344018095,57.44092952008745,52.921998488945746,53.64043589503136,135.64038984142758,8.372039711945337
2019-07-16 00:00:00-04:00,56.83340466558096,57.4572843154026,56.78381257289915,57.209320068359375,24776000,0.0,0.0,55.33292083740234,54.59061444600423,56.33530731201172,0.5202726690398265,57.71268110483748,52.9531605699672,54.09248822922749,141.59964411574776,10.652817012751674
2019-07-17 00:00:00-04:00,57.07987553855246,57.44636586755665,56.82199441536753,56.85075759887695,23400000,0.0,0.0,55.43892555236816,54.74484837849935,56.25059445699056,0.5428881311588825,57.89343179365262,52.984419311083705,52.901745927194256,126.95885414125058,10.65281701270718
2019-07-18 00:00:00-04:00,56.62213480800189,56.91299408005043,56.17530280467374,56.84976577758789,25814000,0.0,0.0,55.5480297088623,54.91695187886556,56.15288003285726,0.5543409190848365,58.05168742904584,53.04437198867876,52.8984138479155,99.99797084607654,5.911985125009499
2019-07-19 00:00:00-04:00,56.942009740823785,57.08830772786332,56.02106947435172,56.04487609863281,32944000,0.0,0.0,55.594349479675294,55.05872141520182,56.048817761739095,0.492788901969611,58.098824125698464,53.089874833652125,50.241751963558514,80.01483405696213,7.029056886055868
2019-07-22 00:00:00-04:00,56.21101418218699,56.4986536087165,55.75426523250976,56.44013214111328,26030000,0.0,0.0,55.63449478149414,55.17779401143392,55.94518515268962,0.4704789557442268,58.167441679766505,53.10154788322178,51.47964472489389,66.3719964524701,5.065217383780028
2019-07-23 00:00:00-04:00,56.734218138920845,56.87803785030689,56.1291847957223,56.84381866455078,21874000,0.0,0.0,55.710595321655276,55.28661740620931,55.8410649617513,0.479840983155313,58.29492095902347,53.12626968428708,52.7223351455093,85.26423214730886,7.5602312179562
2019-07-24 00:00:00-04:00,56.13413922649252,56.73421216232338,55.89063591980156,56.42723083496094,31796000,0.0,0.0,55.83819751739502,55.38429857889811,55.71727282206218,0.44847555402970585,58.28954328318096,53.38685175160907,51.319184474536755,64.380007881048,5.752394712387157
2019-07-25 00:00:00-04:00,56.427732944695755,56.62015343635027,55.58961638958166,56.14505386352539,44196000,0.0,0.0,55.967932319641115,55.475367609659834,55.6706885655721,0.3962808234717059,58.17159120301722,53.76427343626501,50.37967050874662,45.57609325202006,3.481941539900551
2019-07-26 00:00:00-04:00,60.70362682375774,62.76222634345007,60.70164419960629,62.01139068603515,96116000,0.0,0.0,56.40038204193115,55.742574055989586,55.73873831431071,0.8188413842493034,59.614195968091465,53.18656811577084,64.3973124088157,358.3183876063731,33.58125330178368
2019-07-29 00:00:00-04:00,61.54720289707097,61.86062777533199,60.91141998099976,61.46586990356445,44474000,0.0,0.0,56.793405532836914,55.997249857584634,55.80221716562907,1.0970584975474864,60.458855706184146,53.12795535948968,62.69356256500775,285.76279519675023,33.58125330158967
2019-07-30 00:00:00-04:00,60.77156899110717,61.24071688581139,60.66692881355067,60.7581787109375,29066000,0.0,0.0,57.10879116058349,56.2165163675944,55.83506425221761,1.2460787789527714,61.00371209538351,53.213870225783474,60.54392900013392,226.95422835065844,31.82996818755231
2019-07-31 00:00:00-04:00,60.65204787336914,61.19756838398426,59.896448673687765,60.338619232177734,34510000,0.0,0.0,57.37021942138672,56.40344823201497,55.85762062072754,1.3151631005065312,61.399830546886555,53.34060829588689,59.2969845765629,183.3755445032166,26.426519214667636
2019-08-01 00:00:00-04:00,60.207203684289816,61.20302965137207,59.7950864921131,59.958248138427734,33970000,0.0,0.0,57.58701438903809,56.57980041503906,55.88647537231445,1.3239583865471545,61.68662226189562,53.487406516180556,58.173317762874156,156.55698523376913,25.725197973357623
2019-08-02 00:00:00-04:00,59.54810925390786,59.85360361956295,58.96291355328433,59.21335983276367,32902000,0.0,0.0,57.74174423217774,56.71629638671875,55.909387270609535,1.2563401459670658,61.84161940778085,53.64186905657463,56.02263962179757,105.10094899302902,20.068427825489564
2019-08-05 00:00:00-04:00,58.02560681934822,58.28349171238471,56.542781927105715,57.14682388305664,51950000,0.0,0.0,57.83093662261963,56.76661631266276,55.90107218424479,1.0241937546987216,61.788046806525784,53.87382643871348,50.64867568772547,22.111079667979897,5.753487052065144
2019-08-06 00:00:00-04:00,57.691859060058505,58.51758046789573,57.527706090649296,58.02115631103515,34188000,0.0,0.0,57.94281826019287,56.85659459431966,55.90576712290446,0.9003882714104208,61.78093342394516,54.10470309644059,52.63717592867704,46.06418465809914,6.864554819844584
2019-08-07 00:00:00-04:00,57.329327158087416,58.44243815303933,57.01312510241907,58.22150421142578,28886000,0.0,0.0,58.02591114044189,57.001471837361656,55.94044907887777,0.8091110070828265,61.809512086054475,54.24231019482931,53.08526828943569,36.59777371387861,4.07447938090516
2019-08-08 00:00:00-04:00,58.659907966011,59.75987850341771,58.17340451018683,59.74946594238281,29360000,0.0,0.0,58.17615280151367,57.208108774820964,56.010176785786946,0.8502655277334767,61.984088758015446,54.3682168450119,56.343833982852075,82.21775072435432,10.278580692968893
2019-08-09 00:00:00-04:00,59.41173478099414,59.703835097338185,58.6982398126095,58.91679763793945,21314000,0.0,0.0,58.283049964904784,57.3932554880778,56.029848670959474,0.8063957799943893,62.04558995184838,54.52050997796119,54.22075750937207,70.17807253937299,10.278580692914016
2019-08-12 00:00:00-04:00,58.4803837197335,58.765544878641485,57.90818093571911,58.25721740722656,20060000,0.0,0.0,58.34347934722901,57.54831606547038,56.026319313049314,0.7102191127345989,62.0610959819771,54.62586271248092,52.59671745429191,32.95267045169636,5.883683043651606
2019-08-13 00:00:00-04:00,58.09604166312754,59.74847199777399,58.09604166312754,59.37602996826172,25888000,0.0,0.0,58.451814842224124,57.712501525878906,56.05522371927897,0.7160233627676575,62.15652907311461,54.747100611333636,54.96376091429088,58.89057090173771,10.475500516475835
2019-08-14 00:00:00-04:00,58.33655958358096,58.63362403319877,57.5544824532204,57.740455627441406,31574000,0.0,0.0,58.496299743652344,57.80018157958985,56.07625109354655,0.5819378749188004,62.14094629460614,54.85165319269855,51.10459063823034,9.121069734400379,7.486530069858633
2019-08-15 00:00:00-04:00,57.701276073380846,58.31325237353276,57.6323420471017,57.88774490356445,24374000,0.0,0.0,58.54819869995117,57.875694783528644,56.09082317352295,0.4820029435038009,62.123016329314844,54.9733810705875,51.42233527468826,4.474622979777753,7.486530069832266
2019-08-16 00:00:00-04:00,58.49724148031816,58.65445146556629,58.11339182921293,58.400535583496094,26266000,0.0,0.0,58.665981674194335,57.95175387064616,56.11246217091878,0.43911981280563595,62.04328981793693,55.28867353045174,52.53327791390488,21.587546021620202,9.143895177391185
2019-08-19 00:00:00-04:00,59.01994816642816,59.85806464464126,59.01994816642816,59.43454360961914,24632000,0.0,0.0,58.815702247619626,58.08747278849284,56.16013730367025,0.4830026747379037,62.0395428867865,55.59186160845275,54.69456448814113,65.28380337212711,14.71917824131463
2019-08-20 00:00:00-04:00,59.275853881960266,59.3160247255434,58.62420235898019,58.6529655456543,18310000,0.0,0.0,58.90615959167481,58.18312085469564,56.200819905598955,0.4495314227191187,61.99576740068648,55.81655178266313,52.814185417576894,33.831600485399385,12.373706743313758
2019-08-21 00:00:00-04:00,59.17170029677888,59.46181796674503,58.888026154754,59.07747268676758,14814000,0.0,0.0,59.03867168426514,58.26704839070638,56.24801565806071,0.4520484596283296,61.89947886760516,56.17786450092512,53.708395110467144,43.65491515901134,13.051195469764485
2019-08-22 00:00:00-04:00,59.21732496025237,59.41282152763311,58.44913381903978,58.9921760559082,18950000,0.0,0.0,59.181027793884276,58.341966501871745,56.30841147104899,0.44206465805412876,61.698288911102225,56.66376667666633,53.497661963714776,31.170467920763098,10.393202503953015
2019-08-23 00:00:00-04:00,58.61824526765973,59.21782257848609,56.92018826284,57.09574508666992,33740000,0.0,0.0,58.935245513916016,58.352529525756836,56.335968589782716,0.27792257485243255,61.23984677240726,56.63064425542477,49.06943237326189,-32.406482553489425,1.77023542263537
2019-08-26 00:00:00-04:00,57.39181257451332,57.9973415217004,57.17856319784631,57.96857833862305,24522000,0.0,0.0,58.76038093566895,58.38319447835286,56.38990904490153,0.21578174258694105,60.76810136466731,56.75266050667059,51.00052991801006,-36.11820807113458,1.7702354226269423
2019-08-27 00:00:00-04:00,58.54584718565057,58.63858405840218,57.59961325831645,57.91651153564453,21544000,0.0,0.0,58.6182975769043,58.40676752726237,56.4986909866333,0.1604833769836489,60.422627881098265,56.81396727271033,50.8814774797166,-20.3119842025727,5.097363280386868
2019-08-28 00:00:00-04:00,57.61250564649253,58.34201676564248,57.393804034470634,58.074214935302734,16040000,0.0,0.0,58.50507736206055,58.447549438476564,56.596198908487956,0.12790990445256512,60.13016231555226,56.87999240856883,51.23813168070813,-28.73733807657825,3.928598206403307
2019-08-29 00:00:00-04:00,58.57510367571744,59.316022450362624,58.57510367571744,59.156829833984375,21768000,0.0,0.0,58.46500644683838,58.52445157368978,56.72070172627767,0.18729415687201367,59.97464165326171,56.95537124041505,53.6292568231853,27.285146755074173,8.889100476341046
2019-08-30 00:00:00-04:00,59.43702305307227,59.43702305307227,58.70815898285792,58.92125701904297,22596000,0.0,0.0,58.450401306152344,58.62033093770345,56.83952617645264,0.2128937408307081,59.9349964669865,56.96580614531819,53.043751791320645,23.75960466111161,9.48969154394882
2019-09-03 00:00:00-04:00,58.372267985169735,58.861253468662625,57.686397332421635,57.94378280639648,29598000,0.0,0.0,58.49024925231934,58.67045262654622,56.92412331899007,0.1525491045663685,59.86633824041364,57.114160264225035,50.66922795136292,-33.279169140629485,3.528231319507573
2019-09-04 00:00:00-04:00,58.35640198022764,58.69214654700414,58.07322722740255,58.5894889831543,21378000,0.0,0.0,58.518665885925294,58.72864163716634,57.007629521687825,0.15504141669816818,59.87733005381707,57.16000171803352,52.133516650974094,-20.078881838671958,3.5282313194930195
2019-09-05 00:00:00-04:00,59.09136446786,60.158107082875944,59.09136446786,60.075782775878906,28162000,0.0,0.0,58.61137981414795,58.85026003519694,57.117279307047525,0.2737919761447216,60.12849203105319,57.09426759724271,55.29341610834747,64.80787486936894,10.970930200271198
2019-09-06 00:00:00-04:00,59.91460206362982,60.10726846925459,59.63648229355748,59.75590133666992,21442000,0.0,0.0,58.611701583862306,58.97062161763509,57.22299461364746,0.3381924195788315,60.129832528444474,57.09357063928014,54.49250167041259,64.62051276312529,10.970930200243085
2019-09-09 00:00:00-04:00,59.70978455032736,60.50326929251891,59.14541774706918,59.73011779785156,29438000,0.0,0.0,58.65236759185791,58.89457918802897,57.318576622009275,0.3827377562715668,60.24657580480877,57.05815937890705,54.42676586791924,72.15199245864271,7.984486111096128
2019-09-10 00:00:00-04:00,59.2708857006155,60.00733971802744,59.242618173750365,59.80896759033203,25202000,0.0,0.0,58.72995510101318,58.839349110921226,57.41829948425293,0.4195662769407065,60.39275601204173,57.067154189984635,54.60002738025238,72.94181832068152,7.984486111061502
2019-09-11 00:00:00-04:00,59.68052991514313,60.63221601680014,59.62052148037358,60.51170349121094,26140000,0.0,0.0,58.78673877716064,58.83113327026367,57.523824818929036,0.499697853296432,60.61205977304072,56.961417781280566,56.13747634998339,128.27838422878798,11.237433206307887
2019-09-12 00:00:00-04:00,60.71651841225511,61.58736710906701,60.65304038987777,61.20996856689453,34518000,0.0,0.0,58.9602144241333,58.860178248087564,57.63181324005127,0.6124864977516467,61.012247700159705,56.90818114810689,57.61294438513912,202.15909424334922,15.936633984043423
2019-09-13 00:00:00-04:00,61.06614414419998,61.5387615752051,60.85090837489097,61.47330093383789,26028000,0.0,0.0,59.139492225646975,58.91068000793457,57.745240211486816,0.714880336807461,61.41170862650304,56.86727582479091,58.16199743805314,203.34310458910804,15.93663398398057
2019-09-16 00:00:00-04:00,60.975395122716414,61.47330618550379,60.781483894655885,61.06366729736328,21066000,0.0,0.0,59.27264881134033,58.97235692342122,57.844326655069985,0.7542793184935874,61.671151602222565,56.8741460204581,56.97438340735419,170.90546617288797,15.461170488931991
2019-09-17 00:00:00-04:00,61.019041384249306,61.24716803382097,60.686274550567475,60.95705032348633,19102000,0.0,0.0,59.348774147033694,59.09936447143555,57.932990392049156,0.7680466330837774,61.86277584169473,56.83477245237266,56.66286156129724,147.76385888866642,14.793283225322815
2019-09-18 00:00:00-04:00,60.8757133108551,61.27741414734609,60.33118408090563,61.11871719360352,22702000,0.0,0.0,59.472061729431154,59.20261650085449,58.029605547587074,0.7829768249448819,62.082386318744746,56.86173714011756,57.03139597959333,130.04523783749127,12.287286536543538
2019-09-19 00:00:00-04:00,61.10135947999778,61.71531836877491,61.099376855941635,61.43115234375,19920000,0.0,0.0,59.589745712280276,59.309604771931966,58.15553830464681,0.8106750576119026,62.333959484013896,56.84553194054666,57.749702336104875,150.38913656463427,14.663908655078679
2019-09-20 00:00:00-04:00,61.15392883974757,61.659777990560464,60.65601775285979,60.9957275390625,45400000,0.0,0.0,59.68992328643799,59.35114682515462,58.27962779998779,0.7884027477023139,62.48803743686377,56.891809136012206,56.39063191251159,115.72984541386141,11.499658002466562
2019-09-23 00:00:00-04:00,60.8008272906693,61.449996694204465,60.71007305012332,61.19905853271485,21248000,0.0,0.0,59.89508895874023,59.4272221883138,58.4102388381958,0.7781884217943968,62.486399250828406,57.30377866665206,56.88083520681765,106.51810753777325,11.499658002411765
2019-09-24 00:00:00-04:00,61.49512470819957,61.8293822525692,60.04106295940358,60.4417724609375,31664000,0.0,0.0,60.018748664855956,59.500040690104164,58.52417837778727,0.7009072157498863,62.454331729847844,57.58316559986407,54.51965479221694,78.6038181361261,6.7429458360308825
2019-09-25 00:00:00-04:00,60.29597361456633,61.90674977685581,60.01180757923673,61.81847381591797,29060000,0.0,0.0,60.21384677886963,59.58145548502604,58.64697850545247,0.7421940459898195,62.56401596900998,57.86367758872928,57.81305361515305,99.4812035837505,7.2164823354922385
2019-09-26 00:00:00-04:00,61.592327738593056,61.74309040720977,61.11167383085518,61.56406021118164,30760000,0.0,0.0,60.388339042663574,59.70890897115071,58.75454527537028,0.7457881234809989,62.58267400678631,58.194004078540836,57.023649420244176,105.8285171401988,7.216482335457616
2019-09-27 00:00:00-04:00,61.64441058071754,61.69449833076877,60.228037372553125,60.755706787109375,27078000,0.0,0.0,60.46828289031983,59.804507700602215,58.84010124206543,0.6756209523759438,62.58897180237798,58.34759397826167,54.574326138788926,66.96095066619225,0.9511450427066463
2019-09-30 00:00:00-04:00,60.551375338464965,60.800826528741595,60.121406981416534,60.45367813110352,28082000,0.0,0.0,60.544903945922854,59.87294578552246,58.91234982808431,0.5888538349071197,62.53708790871121,58.5527199831345,53.683077999730884,37.22119664459504,0.2200595083707074
2019-10-01 00:00:00-04:00,60.45367584126194,61.06019609392634,59.68895429974468,59.76433563232422,25470000,0.0,0.0,60.63593158721924,59.88393885294597,58.9857058207194,0.45917302975220053,62.260060215302694,59.011802959135785,51.689988281973136,17.95547080113521,2.735185902745214
2019-10-02 00:00:00-04:00,59.36164083384175,59.36164083384175,58.08760056346891,58.3524284362793,32302000,0.0,0.0,60.624078559875485,59.87392094930013,59.02852090199789,0.23970774477821521,62.31324964130707,58.934907478443904,47.92031703602276,-78.48289089856144,12.60680627709405
2019-10-03 00:00:00-04:00,58.51955687940074,58.96886717560395,57.648208719353065,58.907867431640625,32424000,0.0,0.0,60.56568279266357,59.8682674407959,59.06765791575114,0.10933882034277076,62.408433655882725,58.72293192944442,49.4214423727806,-81.27795792625642,15.0539739219945
2019-10-04 00:00:00-04:00,59.10921558917114,60.07875280184926,58.97432148116357,59.95774841308594,23248000,0.0,0.0,60.575775146484375,59.90045318603516,59.12120984395345,0.08970308809021077,62.401989068627486,58.749561224341264,52.11998839502482,-12.737723397622505,7.2094149883933305
2019-10-07 00:00:00-04:00,59.72962219660152,60.41419882689067,59.69738563741562,59.89228439331055,16858000,0.0,0.0,60.58388347625733,59.99367116292318,59.17310034434001,0.06807450895765754,62.395671222797226,58.77209572971743,51.94123203882052,3.2938877461308556,4.9716896782385875
2019-10-08 00:00:00-04:00,59.39189542365063,59.81293818523056,58.96638797426817,58.97233963012695,20786000,0.0,0.0,60.54205207824707,60.027129872639975,59.20516217549642,-0.0230326439381372,62.46443065444042,58.619673502053715,49.4745056200885,-52.67134181425911,9.242149543875152
2019-10-09 00:00:00-04:00,59.4791753286735,59.9255116745568,59.39387709121669,59.625972747802734,17354000,0.0,0.0,60.49776554107666,60.08411191304525,59.24543972015381,-0.04200873845571351,62.463410819292896,58.532120262860424,51.178679156783566,-30.226269518321438,8.465621503945258
2019-10-10 00:00:00-04:00,59.440997782066,60.2553115148395,59.37950237690492,59.94138717651367,16932000,0.0,0.0,60.434336471557614,60.14635098775228,59.29695021311442,-0.03123605194461021,62.38503001927713,58.4836429238381,51.987089832998926,-20.86924388756755,6.178232819741995
2019-10-11 00:00:00-04:00,60.61287109432873,60.91935299809757,60.19281963890035,60.27762222290039,25454000,0.0,0.0,60.37455253601074,60.18371073404948,59.35408115386963,0.0043822224062708415,62.26348735582493,58.48561771619655,52.84809632483268,24.392858592235793,1.710554378227011
2019-10-14 00:00:00-04:00,60.123391394953536,60.817196338490305,60.09462821024084,60.36143493652344,17350000,0.0,0.0,60.33944091796875,60.23171666463216,59.42602380116781,0.03892425242995046,62.20034004879815,58.478541787139356,53.06513351716689,18.053695964042966,2.339145955223828
2019-10-15 00:00:00-04:00,60.52310657339331,61.85864224040341,60.52310657339331,61.64440155029297,27634000,0.0,0.0,60.37380847930908,60.35507062276204,59.51276162465413,0.16788843029986822,62.30672826529472,58.440888693323444,56.25376495104249,92.90725536968127,4.371082475650139
2019-10-16 00:00:00-04:00,61.5531487785648,62.22612479373614,61.4182584520988,61.67564392089844,21892000,0.0,0.0,60.40165481567383,60.457942454020184,59.59329204559326,0.26950775101205693,62.39486581545746,58.4084438158902,56.328505910430565,126.95808940490744,6.606383293769724
2019-10-17 00:00:00-04:00,62.037179586163184,62.65188009323872,61.98808315325346,62.143306732177734,19048000,0.0,0.0,60.437262535095215,60.52685991923014,59.688559977213544,0.38335914960927653,62.530829421896506,58.343695648293924,57.454115175671404,157.40841528482977,9.151519329058218
2019-10-18 00:00:00-04:00,62.16264854583868,62.43193733407532,61.5486896322098,61.76739501953125,27056000,0.0,0.0,60.475845909118654,60.593909708658856,59.78226566314697,0.4382029389588453,62.64000135156833,58.31169046666898,56.248586621081,116.98596140770977,6.065595625382913
2019-10-21 00:00:00-04:00,62.10313361358088,62.220619224120426,61.524880872646335,61.80012130737305,20544000,0.0,0.0,60.505899047851564,60.662909825642906,59.778744506835935,0.4787885981464939,62.72825231500783,58.2835457806953,56.33110727979612,104.13087734522833,5.897773735859999
2019-10-22 00:00:00-04:00,61.88443371661489,62.02081101404673,61.563566434087704,61.63398742675781,20476000,0.0,0.0,60.56550979614258,60.72374382019043,59.78154646555583,0.4918773537783778,62.843872969190436,58.28714662309472,55.77861899092127,89.80831605470502,5.897773735841469
2019-10-23 00:00:00-04:00,61.612174574002346,62.48153643724191,61.612174574002346,62.44384765625,18230000,0.0,0.0,60.59677848815918,60.78814862569173,59.809640947977705,0.5611308717539814,62.963016395594835,58.23054058072353,57.862709218813414,120.23509376362318,8.883320499119703
2019-10-24 00:00:00-04:00,62.53161853339729,62.6853589309044,62.175294807971355,62.53608322143555,20562000,0.0,0.0,60.645379638671876,60.83235244750976,59.84626534779866,0.6163524950630119,63.13213047563808,58.158628801705675,58.09538845688984,135.02597316149294,10.187371499554247
2019-10-25 00:00:00-04:00,62.042136908959286,62.96307718435356,61.991553507322706,62.741397857666016,24262000,0.0,0.0,60.74466419219971,60.8746223449707,59.89265117645264,0.6689717151319101,63.40262692758305,58.086701456816364,58.62153910534092,134.0891461505958,11.9633422545851
2019-10-28 00:00:00-04:00,63.25319279462565,64.43647885485552,63.108877435093746,63.97476959228515,52264000,0.0,0.0,60.92071876525879,60.971659088134764,59.972008005777994,0.8009626189146886,63.93948957791083,57.901947952606754,61.6164938995516,207.76805462374762,20.582316941802457
2019-10-29 00:00:00-04:00,63.291882999314666,63.55769843329899,62.34872516238617,62.61692428588867,37728000,0.0,0.0,61.06334819793701,61.02698822021485,60.0631763458252,0.7869283724346445,64.1213719804519,58.00532441542212,56.924127838269946,123.31677527821077,14.594630826296527
2019-10-30 00:00:00-04:00,62.13835148242556,62.95117825935078,62.09024635764224,62.55096435546875,28178000,0.0,0.0,61.273274993896486,61.07472979227702,60.13867314656576,0.7617032746468766,64.11663107590844,58.429918911884535,56.70711491108027,94.7955119172474,12.627347759549373
2019-10-31 00:00:00-04:00,62.55046129308116,62.86735953511096,62.03286020049355,62.49243927001953,29114000,0.0,0.0,61.45250358581543,61.11010602315267,60.20985539754232,0.7285909744109631,64.1141592409794,58.790847930651445,56.50937476697373,85.56561469374118,12.1850212970758
2019-11-01 00:00:00-04:00,62.73494664473217,63.21202879741203,62.511780363797264,63.16838836669922,33402000,0.0,0.0,61.61303558349609,61.18252805074056,60.26683743794759,0.7482671232557294,64.28237449380586,58.94369667318632,58.24886030156805,107.51017528583284,14.27680174306859
2019-11-04 00:00:00-05:00,63.302785703148786,64.17958608788612,63.29807507903504,64.04270935058594,30020000,0.0,0.0,61.820556831359866,61.277316411336265,60.35226929982503,0.8249020519968013,64.5707352801387,59.070378382581026,60.36981520389584,144.78292969028763,19.822991669017654
2019-11-05 00:00:00-05:00,64.11808856968973,64.41763126488107,64.03571130160533,64.075439453125,25654000,0.0,0.0,62.07571182250977,61.39843864440918,60.44923966725667,0.8781540179993641,64.65484305722595,59.49658058779359,60.447625198410364,148.78710723844878,21.121841930937297
2019-11-06 00:00:00-05:00,63.94799707515216,64.15975951703071,63.60283125677715,64.06404113769531,23060000,0.0,0.0,62.2976152420044,61.473290888468426,60.52737318674723,0.9089589232605562,64.74985458499737,59.84537589901143,60.40489863045298,124.68850757634394,17.539840363146396
2019-11-07 00:00:00-05:00,64.18703516771343,65.64804020412268,64.18530226313871,64.91010284423828,40600000,0.0,0.0,62.546051025390625,61.584825642903645,60.64686730702718,0.990227416243421,64.9999584801577,60.09214357062354,62.44330495488612,156.1960705469981,25.387749752881568
2019-11-08 00:00:00-05:00,64.7325439616238,65.36336647821916,64.68716306106933,65.03456115722656,25028000,0.0,0.0,62.783897972106935,61.72745412190755,60.765980911254886,1.0525429680069252,65.23417759424693,60.33361834996693,62.73524435047112,148.37562541442665,25.387749752768006
2019-11-11 00:00:00-05:00,64.62840328518892,64.78933637271358,64.34225461487071,64.43053436279297,20238000,0.0,0.0,62.98735294342041,61.8600159962972,60.866480890909834,1.0411864284593264,65.26000913637468,60.71469675046614,60.378861738448656,117.20130124279926,22.496412993367848
2019-11-12 00:00:00-05:00,64.47070284414043,64.9666313275569,64.26092303735834,64.41119384765625,21718000,0.0,0.0,63.12569255828858,62.0149112701416,60.949425061543785,1.018880649219284,65.39097454651912,60.86041057005803,60.30383531574567,110.46219222297373,23.43524581958321
2019-11-13 00:00:00-05:00,64.17661082506785,64.68394313981359,64.14883895335691,64.37151336669922,16534000,0.0,0.0,63.26048603057861,62.21554743448893,61.044734191894534,0.9866280413711763,65.48289248551079,61.038079575646435,60.145213638806084,99.53675537251038,22.46507204187908
2019-11-14 00:00:00-05:00,64.34671024018753,65.31376911184681,64.2549646964652,65.03902435302734,23870000,0.0,0.0,63.40527191162109,62.41991933186849,61.144093386332194,1.0033640194152653,65.6974338235355,61.11310999970667,61.88968901193103,115.16893692654745,25.85277350738639
2019-11-15 00:00:00-05:00,65.40997428434476,66.20048875842349,65.17886997152837,66.19998931884766,35652000,0.0,0.0,63.626901626586914,62.627994028727215,61.26422360738118,1.0976544949919855,66.1021236647311,61.15167958844274,64.67189127085646,149.22971416929695,30.28884988003186
2019-11-18 00:00:00-05:00,66.06859002465279,66.23269381484778,65.3385831752421,65.49728393554688,29748000,0.0,0.0,63.8117597579956,62.814827346801756,61.40424925486247,1.1029636461920163,66.26467178585959,61.358847730131615,61.84488099294409,130.16479875142875,30.445197837912286
2019-11-19 00:00:00-05:00,65.84442748415529,65.84442748415529,65.10549131266656,65.23741149902344,25384000,0.0,0.0,63.99193096160889,63.02366307576497,61.52539647420247,1.0738232865697483,66.29617190459574,61.687690018622035,60.82764199478291,108.9746753374611,28.290868891035288
2019-11-20 00:00:00-05:00,65.05291934801255,65.214594027543,64.03180734677322,64.62195587158203,26172000,0.0,0.0,64.10083637237548,63.190195846557614,61.63715387980143,0.9896590426644352,66.30052112169376,61.90115162305721,58.47138628782549,68.29912134034396,18.931362852563165
2019-11-21 00:00:00-05:00,64.54409074435164,65.09507104329097,64.123547431758,64.53764343261719,19910000,0.0,0.0,64.20091438293457,63.343404388427736,61.74487768809001,0.9057144513948288,66.27965122374475,62.12217754212438,58.152155026211595,61.883938661978824,18.931362852433875
2019-11-22 00:00:00-05:00,64.74941557677369,64.90365164195092,64.04470613679251,64.2396011352539,27714000,0.0,0.0,64.27582454681396,63.47547035217285,61.829590543111166,0.8058489108509761,66.237806631479,62.31384246214892,57.01386735703994,48.52067407581219,18.25341751524493
2019-11-25 00:00:00-05:00,64.4300292145478,65.03158912705393,64.37795884838697,64.80247497558594,20724000,0.0,0.0,64.317209815979,63.6235050201416,61.92761084238688,0.7633248317522074,66.28735524774677,62.34706438421122,58.59720064774411,62.63966353154008,19.028234634417974
2019-11-26 00:00:00-05:00,64.95968568847725,65.20467599801269,64.72313288303855,65.14268493652344,21394000,0.0,0.0,64.44349784851075,63.74011446634928,62.04759254455566,0.7484486432253732,66.27356611319014,62.613429583831355,59.5292615993652,75.01441391974556,20.08829253396666
2019-11-27 00:00:00-05:00,65.2145975664079,65.38122881548104,64.94828269135655,65.11491394042969,19912000,0.0,0.0,64.57169532775879,63.85475680033366,62.15634962717692,0.7260488303809041,66.19058945817311,62.95280119734447,59.41631114504796,78.98979290088273,21.177176861144144
2019-11-29 00:00:00-05:00,64.82379703618892,64.97678447291285,64.66757837646051,64.7166748046875,11740000,0.0,0.0,64.68290710449219,63.94053573608399,62.23369782765706,0.6684566946130133,65.97247974569653,63.39333446328784,57.78970029489551,53.88969451836968,18.520956047277927
2019-12-02 00:00:00-05:00,64.520295703299,64.75982242985805,63.528438782831785,63.97080612182617,30218000,0.0,0.0,64.72302799224853,64.01398277282715,62.303946240743,0.5562174147419654,65.85443286418791,63.59162312030916,54.878819421766906,5.821182497450742,8.53342865309147
2019-12-03 00:00:00-05:00,63.45752243397737,64.39438051263377,63.429254903422446,64.23662567138672,22876000,0.0,0.0,64.73272380828857,64.09519958496094,62.37905470530192,0.48314697532369166,65.84270145261074,63.622746163966404,55.70146200298464,-3.9020311082051897,7.7158494254512116
2019-12-04 00:00:00-05:00,64.81834450657878,65.75019294806704,64.71221358137151,65.48933410644531,30750000,0.0,0.0,64.8034185409546,64.22371114095053,62.473727480570474,0.5203232643274589,65.91722857643978,63.68960850546941,59.3174366852542,89.45216771052802,16.599967546280133
2019-12-05 00:00:00-05:00,65.85929060392436,65.92663927636666,65.28599448884262,65.86573791503906,24254000,0.0,0.0,64.89350337982178,64.33777414957682,62.562961387634275,0.5735468912771751,66.04628114369484,63.740725615948726,60.324113104236105,115.5742755515845,17.667047991993392
2019-12-06 00:00:00-05:00,66.1290754472145,66.65277573066199,66.1290754472145,66.48515319824219,26296000,0.0,0.0,64.97225589752198,64.46940981547037,62.650881131490074,0.6581222125756057,66.32726944513784,63.61724234990611,61.927874921817136,169.8650144942562,21.920084847442492
2019-12-09 00:00:00-05:00,66.35720510738695,67.41899103710952,66.34728442039524,66.6309585571289,27086000,0.0,0.0,65.0520757675171,64.5990618387858,62.73684209187825,0.7285161571784471,66.59727420323142,63.50687733180278,62.29896667744813,191.4585617509316,26.087794544807792
2019-12-10 00:00:00-05:00,66.52879824594098,66.94909942159872,66.25802627756777,66.68551635742188,21882000,0.0,0.0,65.16482486724854,64.68942006429036,62.830539576212566,0.7797181188458779,66.84247038092433,63.48717935357276,62.440676050387594,160.45576617090998,25.281921161359353
2019-12-11 00:00:00-05:00,66.99200752980201,67.00985871648143,66.58683326597124,66.70337677001953,17008000,0.0,0.0,65.2794340133667,64.82563514709473,62.92631168365479,0.812372701569231,67.05086375686668,63.50800426986672,62.488425515217095,159.7417159688882,25.616699495485072
2019-12-12 00:00:00-05:00,66.74899349709194,67.23674174983219,66.47921282905311,66.96372985839844,25620000,0.0,0.0,65.40904483795165,64.97272733052571,63.02372856140137,0.8494678751226559,67.27744573726844,63.54064393863487,63.19403347581287,157.8814255766883,26.88221429854647
2019-12-13 00:00:00-05:00,66.84868316363773,67.10373795140538,66.64634196885596,66.84273529052734,30992000,0.0,0.0,65.49923038482666,65.11773719787598,63.113921610514325,0.8591985113799439,67.46406671763496,63.534394052018364,62.62767569884813,143.55835003130517,26.882214298451085
2019-12-16 00:00:00-05:00,67.27268395230222,67.67835755773422,67.08274555583255,67.50428771972656,27946000,0.0,0.0,65.5644453048706,65.26226717631022,63.22239761352539,0.9098042063737211,67.7058612524026,63.423029357338606,64.43074023766874,170.01733963987544,30.105222747353874
2019-12-17 00:00:00-05:00,67.58957921274848,67.69421936751104,67.01593504353157,67.20423889160156,37080000,0.0,0.0,65.64979305267335,65.36765149434407,63.322483952840166,0.9151488847506215,67.9125637498539,63.38702235549279,63.004528994438566,145.0249036468752,29.419064499538695
2019-12-18 00:00:00-05:00,67.27766876633822,67.46958984572058,66.99994998969079,67.08028411865234,30452000,0.0,0.0,65.74193668365479,65.46781298319499,63.433125813802086,0.8990191336738889,68.08274448405803,63.401128883251545,62.41409953270855,123.09721647162543,29.25034944296669
2019-12-19 00:00:00-05:00,67.04060519959941,67.35204367497064,66.9000053630653,67.24988555908203,29398000,0.0,0.0,65.87333316802979,65.57400779724121,63.52364934285482,0.8896660916546182,68.24426736418671,63.50239897187287,62.906125460210696,111.8071276876467,28.16963899574311
2019-12-20 00:00:00-05:00,67.61242441175725,67.62680222358448,66.90076056265627,66.93002319335938,66300000,0.0,0.0,65.99295215606689,65.64133847554525,63.613082059224446,0.8466834786570416,68.32116200672213,63.66474230541165,61.339517776907265,101.71903044905358,29.838017164619604
2019-12-23 00:00:00-05:00,67.24145379082276,67.43634876882511,66.77726245940671,66.89281463623047,17662000,0.0,0.0,66.12561283111572,65.70328025817871,63.71536719004313,0.8003906237038336,68.33235851093715,63.918867151294286,61.156239484793716,86.80584084276776,28.450764797615413
2019-12-24 00:00:00-05:00,66.87594882513521,66.96322968231466,66.59227468840155,66.6309585571289,6950000,0.0,0.0,66.21703701019287,65.77662773132325,63.81832186381022,0.7341112282001632,68.34300248799671,64.09107153238902,59.85424625465748,61.92964834449288,26.35874925330098
2019-12-26 00:00:00-05:00,66.76040947857985,67.51208895240353,66.67610254112834,67.46611022949219,13350000,0.0,0.0,66.33320827484131,65.87845827738444,63.94668477376302,0.7404387727866606,68.46589869505496,64.20051785462766,62.489070950083224,87.54928589580251,29.86470232337574
2019-12-27 00:00:00-05:00,67.59454056029013,67.67091698181409,66.9161124101972,67.04405975341797,20768000,0.0,0.0,66.42966556549072,65.96754315694173,64.09154529571533,0.7032903578010803,68.50405773245302,64.35527339852842,60.416128260035,81.30724172346552,30.85022162735693
2019-12-30 00:00:00-05:00,66.95034286995289,67.09912292311746,66.15784561000851,66.26298522949219,21018000,0.0,0.0,66.50698108673096,66.00834185282389,64.2141305923462,0.6038628301026279,68.4216683519742,64.59229382148771,56.80829609631399,32.40244187024301,22.358773579566925
2019-12-31 00:00:00-05:00,65.96393405327284,66.35522229239552,65.91309715394533,66.3066177368164,19236000,0.0,0.0,66.62377166748047,66.01189613342285,64.31994508107503,0.5225627981014611,68.12806664218282,65.11947669277812,56.956834445665805,10.604670216014323,19.76367661010826
2020-01-02 00:00:00-05:00,66.53127248389157,67.84994437642308,66.53127248389157,67.81175994873047,28132000,0.0,0.0,66.80252838134766,66.0890453338623,64.45193634033203,0.5729793848275762,67.90968803859427,65.69536872410104,61.66184003525778,85.61697990575526,29.244430119292833
2020-01-03 00:00:00-05:00,66.8442084789888,68.06617839515248,66.72935249353212,67.47899627685547,23728000,0.0,0.0,66.90201148986816,66.1637648264567,64.59371395111084,0.57940462983575,67.85983289272512,65.9441900870112,60.15790095917181,82.69974932285932,30.47386838706988
2020-01-06 00:00:00-05:00,66.95034280589181,69.25640714229873,66.95034280589181,69.1428451538086,34646000,0.0,0.0,67.06586685180665,66.31446113586426,64.75232849121093,0.7105644372790323,68.34470306071331,65.78703064289998,64.62121918959942,142.82399427634672,36.7335104966471
2020-01-07 00:00:00-05:00,69.32783136564986,69.57827011056023,68.95290348967677,69.09970092773438,30054000,0.0,0.0,67.19659423828125,66.46652971903482,64.90496705373128,0.8017856651072748,68.73389977194653,65.65928870461597,64.42761277438788,184.5483877094524,38.28781531024321
2020-01-08 00:00:00-05:00,69.03720258071381,70.00426909250005,68.97571096536768,69.64422607421875,30560000,0.0,0.0,67.34725761413574,66.646683883667,65.06107711791992,0.9075560328961529,69.20779988184917,65.48671534642232,65.7667089302425,198.1351072204306,40.29610306222413
2020-01-09 00:00:00-05:00,70.45010761810009,70.7853526905972,69.93929437877065,70.41340637207031,30018000,0.0,0.0,67.53365211486816,66.83371493021647,65.22860997517904,1.0414411478539876,69.81451952992782,65.2527846998085,67.55165372169022,237.60844094071388,43.76712621753034
2020-01-10 00:00:00-05:00,70.79676673782576,71.16222039360179,70.34002155715467,70.90438842773438,36414000,0.0,0.0,67.7437026977539,67.02577171325683,65.38294308980306,1.1736352777132026,70.43877707342256,65.04862832208525,68.63166508902763,237.82231885930864,45.35288359811223
2020-01-13 00:00:00-05:00,71.22176695031578,71.43947721249037,70.72038256238037,71.37550354003906,33046000,0.0,0.0,67.96429138183593,67.23445803324381,65.54460741678874,1.3014132484965728,71.0799464318703,64.84863633180157,69.6348832520925,231.38341272966608,46.50105895280769
2020-01-14 00:00:00-05:00,71.36460211780435,71.50296204215371,70.83693653451394,70.96141052246094,31178000,0.0,0.0,68.17022514343262,67.44261589050294,65.69157581329345,1.3536602128249342,71.51013898254075,64.83031130432448,67.66710725018535,195.83276939226357,46.76599502317486
2020-01-15 00:00:00-05:00,70.92816755694865,71.48286330276767,70.92816755694865,71.37400817871094,25654000,0.0,0.0,68.36371116638183,67.68938929239908,65.85168603261312,1.412081890072784,71.97825437588466,64.749167956879,68.58222368964326,174.13466029434392,46.76599502296553
2020-01-16 00:00:00-05:00,71.78266404004518,72.00831237664282,71.45931471837719,71.99392700195312,23474000,0.0,0.0,68.60319557189942,67.94796600341797,66.02158279418946,1.4912139719350392,72.51661157492771,64.68977956887113,69.90608301165935,173.19643815163548,49.00290510852974
2020-01-17 00:00:00-05:00,72.54987216374698,73.46163714237612,72.31728461657924,73.41675567626953,47924000,0.0,0.0,68.92001914978027,68.21221338907877,66.21796226501465,1.6497201528616472,73.31113400293371,64.52890429662683,72.64308182062825,194.6064617015271,54.47624889176419
2020-01-21 00:00:00-05:00,73.35376569961439,73.98508009594632,72.96098669831254,73.61561584472656,40734000,0.0,0.0,69.2383056640625,68.4705426534017,66.40415840148925,1.7709691667082836,74.02473674548774,64.45187458263725,72.99814685903988,184.13071574145357,56.22668656886482
2020-01-22 00:00:00-05:00,73.94292826084337,74.54865014201141,73.64189481522222,73.6924819946289,32216000,0.0,0.0,69.57642860412598,68.71078694661459,66.59009838104248,1.8519146206634218,74.62455714175756,64.5283000664944,73.13755778653959,173.72813014642657,58.02434785514842
2020-01-23 00:00:00-05:00,73.77629973662785,74.16708854953701,73.50155496628021,73.7271957397461,27024000,0.0,0.0,69.91814765930175,68.94732818603515,66.77319501241048,1.896998171142883,75.12419179566145,64.71210352294206,73.20219640181944,149.31823862420393,56.37007008346229
2020-01-24 00:00:00-05:00,74.07136916918171,74.16584649891621,72.66590821809966,72.73831939697266,35692000,0.0,0.0,70.22351570129395,69.14908828735352,66.91925417582193,1.8318171058996597,75.33328997741478,65.11374142517312,68.35510427996445,118.84223113356697,46.89758227417934
2020-01-27 00:00:00-05:00,70.96737485345128,71.31799668335638,70.48135945120916,71.11119079589844,35104000,0.0,0.0,70.40576972961426,69.29601542154948,67.0608252843221,1.6300744785618662,75.35906462444906,65.45247483477947,61.43122501713803,49.939727121450176,26.219954345478946
2020-01-28 00:00:00-05:00,71.562493644078,72.20720229384382,71.04027638384187,72.0365982055664,31548000,0.0,0.0,70.65539665222168,69.46511103312174,67.21891918182374,1.5272593419195886,75.39390862254567,65.9168846818977,63.600470285636895,67.91210637767419,30.348348851961923
2020-01-29 00:00:00-05:00,72.34604590305221,72.67484368608115,71.74795176318436,72.33761596679688,21554000,0.0,0.0,70.95912818908691,69.64827372233073,67.38300546010335,1.4533143201821161,75.27179329078977,66.64646308738405,64.27656636097845,76.56468117384169,32.40605830163206
2020-01-30 00:00:00-05:00,71.41172368480859,72.27066921090442,71.23517174072235,72.19925689697266,26788000,0.0,0.0,71.25376014709472,69.8047726949056,67.53351993560791,1.3677810090322424,74.99546077979082,67.51205951439863,63.713855500029226,61.96949161830102,28.112804307127455
2020-01-31 00:00:00-05:00,72.84692198093046,72.90792171864511,70.84485776961345,71.1275405883789,48344000,0.0,0.0,71.41954917907715,69.93554941813152,67.65160045623779,1.1996874442374548,74.79501431400726,68.04408404414704,59.53730925366165,50.5010668058824,30.989523461090126
2020-02-03 00:00:00-05:00,72.5047423236359,73.89334358225949,72.3554703936322,73.6919937133789,60736000,0.0,0.0,71.73019905090332,70.15593973795573,67.81187636057535,1.2588903143356873,74.69761377881642,68.76278432299023,65.18631018485075,94.03251946489928,35.14142659035339
2020-02-04 00:00:00-05:00,72.26024883594752,72.87668603804367,70.73427901540151,71.76432037353516,78660000,0.0,0.0,71.86127281188965,70.3064208984375,67.94021434783936,1.1371534895609017,74.56758203897105,69.15496358480824,58.80257101079517,46.39911449528366,22.58922687850508
2020-02-05 00:00:00-05:00,72.52557934139425,72.59600034228271,70.94554880802797,71.82185363769531,39724000,0.0,0.0,71.9973804473877,70.4694819132487,68.05541019439697,1.0334061694046994,74.37243898786969,69.62232190690571,58.92676097968765,43.40603545855289,22.5892268782841
2020-02-06 00:00:00-05:00,71.92599629501353,73.49659788821806,71.88830373345907,73.21044921875,33588000,0.0,0.0,72.17569160461426,70.68006973266601,68.19167499542236,1.0511171054416195,74.3323260464759,70.01905716275262,61.80177279140962,74.19739627801998,26.639962272302423
2020-02-07 00:00:00-05:00,72.76757562441631,73.6870288608665,72.72046181869683,73.35922241210938,23446000,0.0,0.0,72.3229824066162,70.9043451944987,68.34048646291097,1.0648825994656903,74.37256757001022,70.27339724322219,62.095835378267516,84.54934268263199,27.470155713683575
2020-02-10 00:00:00-05:00,73.11572775248618,74.8603991627685,73.11572775248618,74.81973266601562,28398000,0.0,0.0,72.51874961853028,71.14946594238282,68.51396210988362,1.180040056924753,74.73869052956002,70.29880870750054,64.84433138288455,116.22715672918629,32.35002465135194
2020-02-11 00:00:00-05:00,74.97495904394647,75.85870239357342,74.66887063576853,74.82518768310547,26892000,0.0,0.0,72.6912338256836,71.4088368733724,68.68819001515706,1.2572505442525568,75.06770988757776,70.31475776378943,64.85417821752563,141.59889360109713,36.13205489711479
2020-02-12 00:00:00-05:00,75.10736283091255,75.41558517465585,74.79145971137443,75.29531860351562,23352000,0.0,0.0,72.90792922973633,71.70991465250651,68.8591282526652,1.3409187710605863,75.40744975860426,70.40840870086839,65.71044498471576,139.74033463473492,36.13205489698415
2020-02-13 00:00:00-05:00,75.01860149529404,75.73720438287243,74.61740008953561,75.11630249023438,18590000,0.0,0.0,73.0950439453125,72.00357081095378,69.00773347218832,1.3769091873457455,75.6702240201117,70.51986387051329,65.08582145274352,134.76450477963846,37.339799623117024
2020-02-14 00:00:00-05:00,75.16291282111376,75.4178237915039,74.75327393373831,75.4178237915039,23956000,0.0,0.0,73.26623878479003,72.25710627237956,69.17307580312094,1.4134685154499635,75.98446453016719,70.54801303941288,65.65467529008707,127.47965955947322,37.33979962296609
2020-02-18 00:00:00-05:00,75.13315750620852,75.95788370450909,75.01364008584298,75.36475372314453,22414000,0.0,0.0,73.36363868713379,72.51996485392253,69.34186484018961,1.4217704506431232,76.23959868267552,70.48767869159205,65.46048255829263,129.72326143254242,39.39909109792467
2020-02-19 00:00:00-05:00,75.63255657995198,75.9814908316446,75.45054867247411,75.71289825439453,18986000,0.0,0.0,73.46850280761718,72.73896662394206,69.52671387990316,1.4398445168840084,76.53009996070111,70.40690565453326,66.14013322267871,132.9471291928791,39.4890169793685
2020-02-20 00:00:00-05:00,75.48031267396853,75.85920578370134,74.72749814959167,75.28938293457031,21932000,0.0,0.0,73.54834785461426,72.94528935750326,69.70590953826904,1.403811927692061,76.71599597724517,70.38069973198336,64.54188608053676,108.45049115892425,33.22517727161452
2020-02-21 00:00:00-05:00,74.78749729841422,74.99504475361177,73.4192368974724,73.65083312988281,34634000,0.0,0.0,73.54452972412109,73.07884292602539,69.86276340484619,1.2288728841883483,76.71145416906948,70.3776052791727,58.85020413462746,47.1864193203215,22.895523244280167
2020-02-24 00:00:00-05:00,70.72485188696348,71.26343705080208,69.99485267960699,70.50069427490234,57342000,0.0,0.0,73.43264846801758,73.08175252278646,69.95773372650146,0.8265150025936805,76.86636091133234,69.99893602470281,50.06887746390426,-117.67984612590226,1.5709540663227388
2020-02-25 00:00:00-05:00,71.0665474882961,71.32145089442864,68.55715077419704,68.85718536376953,49566000,0.0,0.0,73.31994819641113,73.0135124206543,70.01964206695557,0.3707522477200911,77.19418103188683,69.44571536093544,46.33717240705574,-159.0816866704893,5.547219422509895
2020-02-26 00:00:00-05:00,69.2385561572989,70.20859665737065,68.38853252553207,69.09175872802734,44048000,0.0,0.0,73.17270622253417,72.93738759358725,70.08592281341552,0.02816047455229409,77.45468744881737,68.89072499625098,46.92127592398133,-164.34621605691535,6.343554217306397
2020-02-27 00:00:00-05:00,67.54842740281785,68.02670141812484,65.32220537479418,65.36783599853516,59566000,0.0,0.0,72.8242172241211,72.75093510945638,70.09677549997966,-0.5376378614737405,78.34704463012837,67.30138981811383,39.80574589346542,-258.9809555496509,19.164504608936724
2020-02-28 00:00:00-05:00,63.354855955607974,66.51094364846729,63.03250172435175,66.42118072509766,75782000,0.0,0.0,72.53531341552734,72.58584086100261,70.13761507670084,-0.8907727293298962,78.75618998142275,66.31443684963193,42.36332729672341,-253.65135294941246,26.89510218974643
2020-03-02 00:00:00-05:00,67.03017633409503,68.97719626011157,65.80052573887173,68.88990783691406,48630000,0.0,0.0,72.42343177795411,72.4823735555013,70.21516977945963,-0.960358594322102,78.82866824446644,66.01819531144177,47.74624511978402,-147.7513149399531,14.675345515395916
2020-03-03 00:00:00-05:00,69.40122343462653,69.9333537206133,66.05767147100971,66.52335357666016,48046000,0.0,0.0,72.06499977111817,72.25259348551432,70.23240343729655,-1.1927181321645008,78.95527836511297,65.17472117712336,43.699021530549714,-143.31450758969086,10.411068327704832
2020-03-04 00:00:00-05:00,67.40809884610691,68.83934943872535,66.60866225989385,68.76148223876953,38266000,0.0,0.0,71.91485786437988,72.09078903198242,70.28066584269206,-1.1826337955232873,78.96180836396067,64.8679073647991,48.01049296693602,-115.10509872923949,10.411068327607829
2020-03-05 00:00:00-05:00,66.9602591759261,67.39221393097125,64.7236170989283,65.41494750976562,51226000,0.0,0.0,71.59451255798339,71.81487121582032,70.26282908121745,-1.4282156891235331,79.21816607370681,63.97085904225998,42.925833719091514,-160.8093025994808,16.928357930980784
2020-03-06 00:00:00-05:00,63.333044937622745,64.77916882518498,62.5390644472854,64.39185333251953,53212000,0.0,0.0,71.15358276367188,71.50369313557943,70.22551066080729,-1.6859615436718514,79.37997301077013,62.927192516573626,41.53466459699818,-184.26491248949267,23.592054288889447
2020-03-09 00:00:00-04:00,59.77425795951713,62.22711975148055,59.51141647546525,60.2830810546875,67308000,0.0,0.0,70.49977569580078,71.08851852416993,70.11880340576172,-2.196451251949341,79.9722043386367,61.027347052964856,36.605960821645205,-221.46978814289145,31.473193773941695
2020-03-10 00:00:00-04:00,62.48698535745458,63.53587676445679,60.44227179174793,63.49818420410156,52228000,0.0,0.0,69.93369827270507,70.83475163777669,70.06538352966308,-2.314901327689853,79.66865079693761,60.19874574847253,42.16172072394967,-159.3739789488086,25.676485829997464
2020-03-11 00:00:00-04:00,61.97618154357706,62.53459672875651,59.31651767172619,60.27564239501953,52170000,0.0,0.0,69.20622100830079,70.44271977742513,69.95391540527343,-2.6383923139353698,79.55712831013443,58.85531370646715,38.649618388626266,-168.86642732740688,28.482341165632636
2020-03-12 00:00:00-04:00,55.84154253643234,59.20741018722416,55.21171507172578,55.29155731201172,84534000,0.0,0.0,68.20603294372559,69.87451782226563,69.76139577229817,-3.259363351787208,79.86301027450887,56.54905561294231,34.104264828104306,-206.50987885579124,37.39702599711783
2020-03-13 00:00:00-04:00,58.469964033701615,60.49136657621453,55.40229973821715,60.4898796081543,74002000,0.0,0.0,67.47471179962159,69.48420524597168,69.64448897043864,-3.294054399394369,79.14153301559213,55.807890583651044,41.52419292004655,-153.11132846545783,32.07007877026435
2020-03-16 00:00:00-04:00,54.35375371204134,57.14419480618087,53.284532923469655,53.77500534057617,85048000,0.0,0.0,66.3925708770752,68.90578740437826,69.42066841125488,-3.8193543993561363,78.93901727292922,53.84612448122118,36.093346957556626,-184.35857763864414,36.28504013808833
2020-03-17 00:00:00-04:00,54.21043289060261,56.082563531431106,52.370538809534686,55.5340690612793,77230000,0.0,0.0,65.40103664398194,68.30052324930827,69.228231493632,-4.047064650673448,78.09548176551034,52.706591522453536,38.28087188429185,-165.31354408143562,38.00253303789768
2020-03-18 00:00:00-04:00,52.395340897099366,54.874487668120736,51.44166836134549,54.393436431884766,84668000,0.0,0.0,64.33506355285644,67.72149378458658,69.01395734151204,-4.27034036045297,76.96388814639803,51.70623895931484,37.4216267600133,-159.15727245816078,39.711076648788435
2020-03-19 00:00:00-04:00,54.207465042168394,57.42703127168658,52.57377881835311,55.31040954589844,73022000,0.0,0.0,63.33611488342285,67.17111231486003,68.82029711405436,-4.323457772291071,75.46744490434969,51.20478486249601,38.56835749043036,-128.05852534607754,29.56103526527778
2020-03-20 00:00:00-04:00,56.32358195732691,56.73371648700342,52.84067913724178,53.17939758300781,72036000,0.0,0.0,62.312543106079104,66.50341059366862,68.59174016316732,-4.485799060402897,74.23214269766947,50.392943514488735,36.94094471162156,-124.98295408888414,29.561035264938933
2020-03-23 00:00:00-04:00,52.63388579958714,53.12981430298767,50.26413893826436,52.40079879760742,80882000,0.0,0.0,61.407548332214354,65.80479647318522,68.35457083384196,-4.623979755503612,73.45728389054281,49.35781277388589,36.36104351188379,-135.2990996427346,34.686685461822194
2020-03-24 00:00:00-04:00,54.73909617393733,56.28788133018292,54.086949025296136,56.26110076904297,66890000,0.0,0.0,60.777744102478025,65.1861754099528,68.1678206761678,-4.371601741060559,72.50030325036391,49.055184954592136,41.103125633374454,-92.35724018220607,23.309371052612878
2020-03-25 00:00:00-04:00,55.86485886779716,56.977224607740055,53.8583295696651,54.67562103271485,81630000,0.0,0.0,60.0569372177124,64.51452318827312,67.96168003082275,-4.2505278712061525,71.39350294753851,48.72037148788629,39.84174250099699,-88.99769056243295,21.00133434172579
2020-03-26 00:00:00-04:00,55.137330133239715,58.02214684975007,54.23126704905274,57.61449432373047,71434000,0.0,0.0,59.66927013397217,63.92516237894694,67.81753851572672,-3.872790327493263,70.76894626173257,48.569594006211766,43.185063814167165,-70.1237995510427,17.551127636236902
2020-03-27 00:00:00-04:00,55.825181112253354,57.065002295333954,54.84522747829489,55.08327102661133,64170000,0.0,0.0,59.10237464904785,63.25739466349284,67.6304827372233,-3.73462869355685,69.90421688506616,48.30053241302954,41.147553834375515,-74.22601271827534,17.551127636099704
2020-03-30 00:00:00-04:00,55.79393255236979,57.11260837301828,54.37756330811369,56.87406539916992,51482000,0.0,0.0,58.50158252716064,62.63926938374837,67.44818782806396,-3.4409671364674423,68.30147041342872,48.701694640892576,43.111935428661454,-65.46358789655984,18.66195185463335
2020-03-31 00:00:00-04:00,56.89787452972024,58.28696761942579,56.443603873563255,57.66705703735352,49728000,0.0,0.0,58.05876770019531,62.049346160888675,67.2846555074056,-3.1084185250298475,67.10374868558982,49.013786714800794,43.96865469019459,-47.96713582278428,14.64938323166422
2020-04-01 00:00:00-04:00,55.64317213039015,56.02454351034657,54.42567062720293,54.830841064453125,46884000,0.0,0.0,57.362235641479494,61.353277587890624,67.04612210591634,-3.0387020150462334,64.96796421060633,49.75650707235266,41.648025570593866,-69.43314248571274,19.48883511489067
2020-04-02 00:00:00-04:00,54.46583573281138,55.88419139127797,54.37359452502577,55.58564376831055,39298000,0.0,0.0,56.87077045440674,60.69648628234863,66.82088781992594,-2.8892395534687765,63.49215698780921,50.24938392100427,42.483764094400556,-64.06309821915912,19.61052196588276
2020-04-03 00:00:00-04:00,55.4951409275456,55.71954826879395,53.55085619941771,54.446998596191406,46268000,0.0,0.0,56.373527717590335,60.05635846455892,66.56760069529216,-2.8300456209094023,62.04183450630764,50.70522092887303,41.55497708632173,-68.89670113376046,21.54844103238357
2020-04-06 00:00:00-04:00,56.43666211904595,59.246593047508235,56.086535979111176,58.86274337768555,53294000,0.0,0.0,56.302510833740236,59.668426767985025,66.37508964538574,-2.3991642311108237,61.79751915504726,50.80750251243321,46.26765490867035,-20.479023901270235,9.809013518100654
2020-04-07 00:00:00-04:00,60.55286321601367,60.751235353486514,58.63014915297558,58.8424072265625,47746000,0.0,0.0,56.06972198486328,59.334600830078124,66.1740566253662,-2.0358604508042504,60.589068668283566,51.55037530144299,46.24988771022447,2.866012456008846,5.319970110957984
2020-04-08 00:00:00-04:00,59.833768652185626,60.457148811082426,58.924236050374674,60.0212287902832,39502000,0.0,0.0,56.05700130462647,59.03224983215332,65.98481871287028,-1.6339830001726128,60.52767184978896,51.586330759463976,47.459750620375246,14.721003936721276,5.31997011093384
2020-04-09 00:00:00-04:00,60.70560435494903,60.7794987183636,59.349489549132585,60.079246520996094,43508000,0.0,0.0,56.296385765075684,58.85596351623535,65.80344931284587,-1.2958726657442625,61.09516204577055,51.49760948438082,47.51989394262794,23.903184469640717,4.342021897888112
2020-04-13 00:00:00-04:00,59.96667641062924,60.5285649530198,58.896365855544225,60.38226318359375,34796000,0.0,0.0,56.29100494384765,58.65466626485189,65.62025356292725,-0.9920313575291431,61.07018413158171,51.511825756113595,47.84247679223298,26.088238259337903,5.616445882854597
2020-04-14 00:00:00-04:00,61.747556813545664,63.581499256024976,61.3428782593448,62.944725036621094,49408000,0.0,0.0,56.749490928649905,58.45649350484212,65.46943353017171,-0.5382609385147816,62.22152854046561,51.2774533168342,50.50400331844355,83.3175139141445,3.357526335202793
2020-04-15 00:00:00-04:00,61.77334411810373,63.50165890697964,61.51496732475637,62.60948181152344,33434000,0.0,0.0,57.10326156616211,58.3260311126709,65.28931229909261,-0.20335182546556752,63.13108038737867,51.075442744945555,50.157604435350365,89.87960041523564,3.357526335183594
2020-04-16 00:00:00-04:00,63.186242735077165,63.42924660502383,61.62505874444982,62.6590690612793,50362000,0.0,0.0,57.51654319763183,58.12261734008789,65.10670318603516,0.06531443203745368,63.88583067819772,51.147255717065946,50.20985936889304,100.55312204643064,3.3575263351655606
2020-04-17 00:00:00-04:00,63.71936501385813,64.19446075982451,63.04391073029477,63.6400146484375,38980000,0.0,0.0,57.93302345275879,58.063452911376956,64.93916206359863,0.3533156842471641,64.76727034322468,51.098776562292905,51.25566433741286,128.69192833730602,5.583581891824713
2020-04-20 00:00:00-04:00,63.0325067420485,63.558193484460865,62.554928904605816,62.814796447753906,33910000,0.0,0.0,58.41479339599609,58.010884348551436,64.75728874206543,0.5091019292658032,65.19635699865344,51.63322979333874,50.33557599636805,116.02201966735923,4.000022435738119
2020-04-21 00:00:00-04:00,61.84227585894478,62.20281832216117,59.992960525553144,60.32176208496094,43060000,0.0,0.0,58.81084156036377,58.01217371622722,64.55034612019857,0.42648041218563293,65.01409942838386,52.60758369234368,47.66170786863391,67.03333741977734,3.818652278888083
2020-04-22 00:00:00-04:00,61.769870687820934,63.7572015806975,61.59431008469273,62.64617538452149,41848000,0.0,0.0,59.13009529113769,57.983773422241214,64.40926253000895,0.5423115618776748,65.43718549334194,52.82300508893344,50.21260356849777,108.24671018551705,0.859336081744129
2020-04-23 00:00:00-04:00,63.059780308279734,64.13891805326487,62.768175656280505,63.295841217041016,31324000,0.0,0.0,59.561106300354005,58.08444671630859,64.26358324686686,0.678707468511135,65.76378442801423,53.35842817269378,50.90445865745807,119.0220335120799,1.9813506927708107
2020-04-24 00:00:00-04:00,62.5450101142497,63.49867884995032,61.96378339226332,63.44462585449219,32792000,0.0,0.0,59.85261287689209,58.35621566772461,64.11536674499511,0.7897046602455831,66.21600621270005,53.489219541084125,51.06556092725025,100.58847128285895,0.4741100733070089
2020-04-27 00:00:00-04:00,64.27232938713897,64.27976801111032,62.93332031778721,63.27451705932617,32012000,0.0,0.0,60.26217517852783,58.44903691609701,63.96662108103434,0.8540988563177905,66.3828676232723,54.14148273378336,50.8681380931092,102.9517956159796,1.898593351436878
2020-04-28 00:00:00-04:00,63.87211087728203,63.87805874947154,61.108302664155936,61.18120193481445,59026000,0.0,0.0,60.47753200531006,58.695910135904946,63.8008487701416,0.7278287281361813,66.39603843247612,54.559025578144,48.48207682860191,69.14856174842494,3.603647599903482
2020-04-29 00:00:00-04:00,66.52681783098114,67.44577170128504,65.72738138872761,66.5278091430664,75872000,0.0,0.0,60.920569610595706,59.062368138631186,63.68144569396973,1.047114772775977,67.26453233637939,54.57660688481202,54.162999343384236,146.80510755140463,6.595953759926306
2020-04-30 00:00:00-04:00,65.704582429192,67.09020232436121,65.58604873010934,66.88389587402344,53378000,0.0,0.0,61.52322235107422,59.47871678670247,63.60010528564453,1.3137405039772219,67.71966461401644,55.32678008813199,54.50861266037015,136.97376887846988,6.167626081594209
2020-05-01 00:00:00-04:00,65.88409373143328,67.05299435560296,65.01621899501687,65.49280548095703,41450000,0.0,0.0,62.01858043670654,59.81812998453776,63.494621149698894,1.3966937320643282,67.78555843852489,56.251602434888206,52.89675702797104,116.43508638857652,4.417637882182978
2020-05-04 00:00:00-04:00,64.87884534974093,65.84243848597423,64.42110134123789,65.7997817993164,30080000,0.0,0.0,62.58621959686279,60.238809458414714,63.37111002604167,1.4702569791006752,67.36556144547588,57.806877748249704,53.21259384931367,100.55228698727962,2.590666076071189
2020-05-05 00:00:00-04:00,66.35126416050946,68.13759338680842,66.32844884822745,67.00538635253906,33030000,0.0,0.0,62.993351745605466,60.725629043579104,63.26521275838216,1.6073105190118682,67.82416606797923,58.16253742323169,54.45336451151883,128.41837126269084,8.946698489664719
2020-05-06 00:00:00-04:00,67.53009077220267,67.99774795554235,66.81595252453063,66.81644439697266,24308000,0.0,0.0,63.39205360412598,61.07747383117676,63.13182462056478,1.6812994268285948,68.0949323845944,58.68917482365755,54.22024917867489,121.41120242311912,8.94669848963362
2020-05-07 00:00:00-04:00,67.74086211620424,68.3191149927811,67.21170568225293,68.06916809082031,27952000,0.0,0.0,63.79445056915283,61.523925399780275,63.01922429402669,1.8200402113585668,68.6574267113874,58.93147442691826,55.5261231118213,126.97986043924156,9.828338804870114
2020-05-08 00:00:00-04:00,68.59335815328055,69.3684961292678,68.21397316576557,68.85322570800781,27738000,0.0,0.0,64.23314952850342,61.898549779256186,62.91185607910156,1.9705449640125678,69.26504526432974,59.20125379267709,56.33261673870699,137.64395096802147,12.684242451187659
2020-05-11 00:00:00-04:00,68.3528296996053,70.24975455846787,68.29688488866854,69.59165954589844,28242000,0.0,0.0,64.69361934661865,62.382162729899086,62.81977869669596,2.124911843171361,69.92336291896345,59.463875774273845,57.09072974402017,142.39978579177762,15.022386681246513
2020-05-12 00:00:00-04:00,69.78309149788292,70.17388035780635,68.17876255238299,68.22686767578125,27812000,0.0,0.0,64.95772647857666,62.7605894724528,62.69992942810059,2.1127667492474416,70.34667610007074,59.56877685708258,55.25656330121282,125.5299579083397,14.59688284822195
2020-05-13 00:00:00-04:00,68.29182952355184,68.70999674022836,65.87913484033389,66.9171142578125,36252000,0.0,0.0,65.17310810089111,63.06892471313476,62.55913543701172,1.9746924941785267,70.5109739901909,59.835242211591314,53.548641519131145,84.95766164059826,6.651125350872133
2020-05-14 00:00:00-04:00,66.20744748438503,67.31833007246495,65.65647466241447,67.25435638427734,32062000,0.0,0.0,65.40287246704102,63.48304189046224,62.41815973917643,1.8709135466581444,70.68035645775348,60.12538847632857,53.9279540074895,71.09934869945045,5.9155443903148495
2020-05-15 00:00:00-04:00,66.95033706923776,68.16436887948308,66.40481277732228,68.10039520263672,34154000,0.0,0.0,65.62589149475097,63.900200271606444,62.29834327697754,1.835774578451094,70.96631210757884,60.2854708819231,54.884047970393475,82.43119958967448,8.398887761473134
2020-05-18 00:00:00-04:00,67.53306719171812,69.0493662081308,67.16112080465223,68.63352966308594,36448000,0.0,0.0,65.91682815551758,64.37308464050292,62.214721552530925,1.829852784496211,71.24641168236721,60.587244628667946,55.486229158895455,92.62506762650575,10.942576436139003
2020-05-19 00:00:00-04:00,68.7851403531022,69.03324839092087,68.11503601074219,68.11503601074219,25612000,0.0,0.0,66.30649185180664,64.68149439493816,62.17496058146159,1.762998862156607,71.01732561916911,61.595658084444175,54.75100611902466,90.12916134553836,10.94257643610639
2020-05-20 00:00:00-04:00,68.91322103588824,69.94674329894777,68.79767642815746,69.76324462890625,33108000,0.0,0.0,66.66234531402588,65.0455223083496,62.19006156921387,1.822010307218065,71.2833585228709,62.04133210518088,56.64035269748051,109.6455078233275,13.593044628485558
2020-05-21 00:00:00-04:00,69.82671727336341,70.19816411800524,69.10514057388042,69.56883239746094,27700000,0.0,0.0,66.97599487304687,65.3637757619222,62.19801279703776,1.831972027111405,71.48510077172737,62.46688897436637,56.35323746315724,107.14439204302123,14.319075315854683
2020-05-22 00:00:00-04:00,69.26682780540224,70.06279087941064,69.0248114434406,69.94674682617188,26188000,0.0,0.0,67.30110092163086,65.6926924387614,62.27432797749837,1.849046639265623,71.67369721629362,62.928504626968106,56.793661383075865,103.37322177380462,14.002471876201833
2020-05-26 00:00:00-04:00,71.27831519426526,71.46329706232306,70.03154724100413,70.27405548095703,41212000,0.0,0.0,67.6510778427124,66.0224188486735,62.3385425567627,1.8674625199474661,71.78039527062808,63.52176041479671,57.180780732368646,121.83702271950683,18.0936619485613
2020-05-27 00:00:00-04:00,70.2854650961959,70.50813195347824,68.99803067773678,70.3147201538086,33716000,0.0,0.0,68.10775375366211,66.26808535257975,62.36228942871094,1.863853197860763,71.08337875983078,65.13212874749344,57.23003222393856,99.24093748218193,13.95506632417413
2020-05-28 00:00:00-04:00,69.27426447421041,71.45535533750837,69.2316153535328,70.25967407226562,33844000,0.0,0.0,68.29434700012207,66.52309176127116,62.424561436971025,1.8353937487197527,71.32042071595728,65.26827328428686,57.13800039262248,104.85021853316361,16.72209970104865
2020-05-29 00:00:00-04:00,70.27008311591747,71.04522100799318,70.0920480179816,70.86420440673828,36418000,0.0,0.0,68.49336242675781,66.79659627278646,62.45960680643717,1.8404049334963304,71.6496087664659,65.33711608704972,57.9070222246682,109.22759182974967,16.722099700992654
2020-06-01 00:00:00-04:00,70.34200066540495,71.31253304675782,70.32265872857073,71.0080337524414,24342000,0.0,0.0,68.76912384033203,67.0421969095866,62.55282491048177,1.8348313658589035,71.78201979962596,65.7562278810381,58.092083255687534,109.28853622561189,17.52310249415631
2020-06-02 00:00:00-04:00,70.94502793235675,71.39434193250433,70.36380134714832,71.375,25562000,0.0,0.0,69.04788475036621,67.3275370279948,62.66921068827311,1.8388285122062342,71.93297419697694,66.16279530375547,58.57280386432663,108.45578960703412,17.773494991109224
2020-06-03 00:00:00-04:00,71.32938793207813,71.73862575322607,70.90671064402268,71.23416900634766,25124000,0.0,0.0,69.25932388305664,67.69128392537435,62.85172882080078,1.809770487631937,72.13395628251794,66.38469148359533,58.30727314072478,111.51975751350417,18.84609503522397
2020-06-04 00:00:00-04:00,70.93760428274607,71.36212044103614,69.66456281482078,70.03402709960938,29686000,0.0,0.0,69.42020301818847,67.9375456492106,62.96065953572591,1.6706422480389733,72.07058699314864,66.76981904322831,56.06658962606908,78.68687763659707,13.328557845319366
2020-06-05 00:00:00-04:00,70.0831065571215,71.66412787570373,69.72752829494219,71.3338394165039,34698000,0.0,0.0,69.58343658447265,68.20547892252604,63.144962819417316,1.6462887152549968,72.28510652483794,66.88176664410736,57.880085503490804,92.30538549375396,14.328931264596049
2020-06-08 00:00:00-04:00,70.53788157818248,71.80993922044472,70.53788157818248,71.74150085449219,28084000,0.0,0.0,69.72785034179688,68.48204142252604,63.419128545125325,1.6409671878677017,72.57028347372474,66.88541720986902,58.436724542876746,103.96548833223012,14.81997572709611
2020-06-09 00:00:00-04:00,71.67951475510814,72.80230055915051,71.57289195071547,72.21511840820312,28184000,0.0,0.0,69.85902328491211,68.78006146748861,63.614549191792804,1.6558788765313182,72.90951424457582,66.80853232524841,59.08656027747936,128.7924713162377,18.124013157281574
2020-06-10 00:00:00-04:00,72.3827419110191,73.11270328187872,72.22057535827327,72.6956787109375,30504000,0.0,0.0,70.08246383666992,69.16387736002604,63.929893747965494,1.687026703747648,73.2806630066433,66.88426466669654,59.74715300118714,143.75238214275925,19.13891884292311
2020-06-11 00:00:00-04:00,71.53668914855498,72.13155206814369,69.52916868121383,69.62042236328125,39826000,0.0,0.0,70.21762924194336,69.26696446736653,64.16466630299887,1.4468853018534276,73.06141918172038,67.37383930216633,53.977649406867904,50.07409122401199,7.217897021632148
2020-06-12 00:00:00-04:00,70.84287215536473,71.26490617452876,68.73666730718303,70.08360290527344,38928000,0.0,0.0,70.35909156799316,69.37362136840821,64.42616907755534,1.2792004826154084,72.84063039611885,67.87755273986747,54.65982575407254,30.29087713747842,4.046637153861142
2020-06-15 00:00:00-04:00,68.97373418785799,70.65988799982959,68.83090956978995,70.4144058227539,30078000,0.0,0.0,70.47479209899902,69.53767471313476,64.67790234883627,1.1596345409303268,72.71717260931707,68.23241158868096,55.15098581374194,23.58177689810677,4.04663715383257
2020-06-16 00:00:00-04:00,71.6725737274849,72.15858149441422,70.71443656255657,71.54859161376953,34184000,0.0,0.0,70.6205451965332,69.72930170694987,64.98405558268229,1.1432186720451938,72.73426991635878,68.50682047670762,56.81040872000191,93.19101502198293,9.465850924244826
2020-06-17 00:00:00-04:00,71.76878607729063,72.40555653697243,70.98620949961257,71.96517181396484,30992000,0.0,0.0,70.81305198669433,69.89462788899739,65.31012846628825,1.1505605722556709,72.64903559419298,68.97706837919569,57.40917578337534,104.16664239477504,10.329208274559514
2020-06-18 00:00:00-04:00,71.86795456952595,71.97954147769663,70.76947506566913,71.21332550048828,31638000,0.0,0.0,70.88555603027343,70.04119059244792,65.55933221181233,1.0832246277870468,72.66049601466669,69.11061604588018,55.96068564509559,75.876201399482,9.382266688800147
2020-06-19 00:00:00-04:00,71.61206558286473,71.80052081652137,70.48878793956422,71.00306701660156,63158000,0.0,0.0,70.95726776123047,70.1389872233073,65.83145631154379,1.0013513491863364,72.62059689051205,69.29393863194889,55.55517110466096,59.45572169015194,8.138805907338359
2020-06-22 00:00:00-04:00,70.86817896325338,72.04600913978685,70.58103896756721,72.00187683105469,30848000,0.0,0.0,71.06002426147461,70.24394226074219,66.07124601999918,1.0054713428978772,72.7143984058327,69.40565011711652,57.08344361285297,80.53248601864964,9.07400662264278
2020-06-23 00:00:00-04:00,72.1893236313866,73.19611070904158,71.67356139416061,72.62425231933594,28596000,0.0,0.0,71.17753410339355,70.34502868652343,66.36359570821126,1.046889082416257,72.92792785334142,69.4271403534457,58.01407191353321,127.03174227901756,13.349370459763136
2020-06-24 00:00:00-04:00,72.48043472681985,73.17027436500179,70.90536861334516,71.01546478271484,35120000,0.0,0.0,71.21257133483887,70.43798192342122,66.599285697937,0.9390721907139863,72.91771452874423,69.50742814093351,54.83445782896978,77.24133419701641,9.782594764154965
2020-06-25 00:00:00-04:00,70.9128110955732,71.55751202044834,70.42183921066282,71.47965240478516,24610000,0.0,0.0,71.27357025146485,70.5900665283203,66.82949562072754,0.8809278016455693,72.92150931389158,69.62563118903812,55.561432423425074,41.60404269351852,7.578361585273178
2020-06-26 00:00:00-04:00,70.98671635410172,71.08887448149189,67.04904268475059,67.44132232666016,85354000,0.0,0.0,71.10242614746093,70.59629872639974,67.03967030843098,0.50318802846067,73.47916994627153,68.72568234865034,48.531272568023525,-138.72614515864458,6.035418708762242
2020-06-29 00:00:00-04:00,67.35602043246388,69.21178724645262,66.8020736298557,69.1805419921875,36204000,0.0,0.0,71.01105155944825,70.63230361938477,67.26625194549561,0.34024489710762396,73.53879530603712,68.48330781285938,51.27786343678695,-154.41118074248865,6.927594439708976
2020-06-30 00:00:00-04:00,68.95587542711603,70.3548890974447,68.63450872086528,70.10493469238281,40848000,0.0,0.0,70.94754829406739,70.68135045369466,67.5272175470988,0.2824461931046329,73.50048287566521,68.39461371246956,52.666673625552825,-69.82117504386066,2.277805207747031
2020-07-01 00:00:00-04:00,69.98045890302329,71.56247175672459,69.91697709957117,71.31649017333984,35504000,0.0,0.0,70.951664352417,70.78806559244792,67.73477999369304,0.33059184864183067,73.50680917204153,68.39651953279247,54.427940945667544,17.208908077033865,2.3621814871155706
2020-07-02 00:00:00-04:00,71.75787947455035,73.54371699815358,71.73209022358978,72.6386489868164,37182000,0.0,0.0,71.08189544677734,70.88391240437825,67.96471735636393,0.4700167337002483,73.70472197571014,68.45906891784453,56.26511301528062,145.18808878705187,9.342626245089665
2020-07-06 00:00:00-04:00,73.40038799149362,74.71608617074196,73.04331888530318,74.176025390625,31280000,0.0,0.0,71.2240047454834,71.0374855041504,68.2006306330363,0.6965361518281696,74.18986500212355,68.25814448884324,58.287824175991325,227.58393813893298,13.143779373827986
2020-07-07 00:00:00-04:00,73.89334700875635,75.2224317656183,73.57347100521886,73.65431213378906,29164000,0.0,0.0,71.31964530944825,71.1610710144043,68.42688172658285,0.8244527449519978,74.47319645641063,68.16609416248586,57.35657903285357,214.8230358798435,14.740976385808823
2020-07-08 00:00:00-04:00,74.10758708958852,74.68087574388413,73.67662361131148,74.19090270996094,24994000,0.0,0.0,71.41843452453614,71.29163258870443,68.65702571868897,0.9580817713396215,74.80525926888588,68.0316097801864,58.06935354340256,190.40312308988587,14.740976385751969
2020-07-09 00:00:00-04:00,74.70914673130567,75.51602180984509,73.79837306396279,74.93429565429688,28466000,0.0,0.0,71.53036537170411,71.4456184387207,68.85685189565022,1.1111605679568441,75.22857604184618,67.83215470156203,59.05030925383905,199.58947941007187,17.421301718026033
2020-07-10 00:00:00-04:00,74.69426212774434,76.5629155213533,74.21767563986882,76.45926666259766,37126000,0.0,0.0,71.87230758666992,71.6522715250651,69.08768164316812,1.3400814084990884,76.05931295631963,67.68530221702021,60.98714156952381,220.17190090537392,20.65593471616713
2020-07-13 00:00:00-04:00,76.86890277946328,78.21445364547556,74.64927961304114,74.95164489746094,36928000,0.0,0.0,72.1157096862793,71.78851954142253,69.2925579071045,1.3838976366794071,76.42897633283809,67.80244303972052,58.17317933600946,196.99662371830303,25.423206951660998
2020-07-14 00:00:00-04:00,73.90872481972148,75.52743166552611,73.57099762484768,75.40989685058594,31700000,0.0,0.0,72.3654842376709,71.93524831136068,69.48872261047363,1.439011388503829,76.83949730114104,67.89147117420076,58.77133530072391,129.14836345289285,20.53190439481602
2020-07-15 00:00:00-04:00,75.53635060957889,76.14138391474197,74.29008219156457,75.06571197509766,32214000,0.0,0.0,72.54134025573731,72.05827204386394,69.69290453592936,1.4383363448685884,77.15448339545321,67.92819711602141,58.125477614507304,128.3993658808182,22.316343718068772
2020-07-16 00:00:00-04:00,74.38926396448059,75.31615582800775,73.71033631416837,75.28193664550781,30386000,0.0,0.0,72.70717849731446,72.19319763183594,69.94224077860514,1.438664858806817,77.46917780723733,67.94517918739159,58.422416610617304,102.2887084078009,19.69093708672105
2020-07-17 00:00:00-04:00,75.46147203408852,75.55172684197788,74.3109143070214,75.16043853759766,29134000,0.0,0.0,72.90453414916992,72.36407801310222,70.15081183115642,1.412835043639575,77.73256482025246,68.07650347808737,58.18258968250008,102.35845714648127,20.409034396656814
2020-07-20 00:00:00-04:00,75.14605618591928,77.87515346300708,74.56780342093248,77.64851379394531,31146000,0.0,0.0,73.2368064880371,72.57456715901692,70.39002304077148,1.5749762625346904,78.41578420131768,68.05782877475653,61.528220079966516,149.25192297332794,27.063231007498054
2020-07-21 00:00:00-04:00,78.70335633459858,78.70335633459858,77.08116864761556,77.28648376464844,24324000,0.0,0.0,73.5010368347168,72.7593999226888,70.62072067260742,1.6551816452290211,78.94707990815911,68.05499376127449,60.79606906810696,163.52007674530893,29.244567538696558
2020-07-22 00:00:00-04:00,77.3896362083186,77.86076672280562,76.67549802888801,77.78588104248047,18640000,0.0,0.0,73.75911827087403,72.94509201049804,70.86257673899333,1.738996110868115,79.5108429137252,68.00739362802285,61.45065719810724,138.4180839037732,27.315193345641756
2020-07-23 00:00:00-04:00,77.71050905825429,77.95350917334288,74.75586163870851,75.16688537597656,32552000,0.0,0.0,73.96668930053711,73.02746556599935,71.09567146301269,1.5759223642731541,79.59992819044433,68.3334504106299,56.3465724216949,86.1304232200925,18.6451208841124
2020-07-24 00:00:00-04:00,74.33620877052465,75.26388771076272,73.81399161212126,74.97793579101562,30880000,0.0,0.0,74.14160346984863,73.20604934692383,71.23650690714518,1.4151259023084464,79.66588336037744,68.61732357931983,55.99942866202371,45.72425821118256,14.681155860086205
2020-07-27 00:00:00-04:00,75.16291168221561,76.42108338113255,75.1435697469771,75.88697052001953,24920000,0.0,0.0,74.5638858795166,73.39949493408203,71.38655815124511,1.3455345682986888,79.14175057455866,69.98602118447455,57.30843492977623,74.10314380960881,18.156541362596478
2020-07-28 00:00:00-04:00,75.63801856746305,75.70248412070406,74.27322400768118,74.4061279296875,34044000,0.0,0.0,74.82516517639161,73.53255233764648,71.53511352539063,1.1575478228423606,78.6426918841468,71.00763846863642,54.57248096092031,40.50302849304336,14.526818372372013
2020-07-29 00:00:00-04:00,74.70269661768238,75.93914274895256,74.45522426355107,75.4813003540039,22130000,0.0,0.0,75.09398345947265,73.66364262898763,71.69647216796875,1.08284207238367,78.20352211009951,71.9844448088458,56.145020688482965,52.696338911970706,15.259073985993783
2020-07-30 00:00:00-04:00,74.24048232600035,76.26734454597072,74.00343011725805,75.94895935058594,33428000,0.0,0.0,75.32560691833496,73.796435546875,71.8455317179362,1.049277976197402,77.89331673787517,72.75789709879474,56.81763097436407,53.330335815046794,13.341451458116062
2020-07-31 00:00:00-04:00,74.63772780298396,74.83312221110617,72.10948110700572,73.54420471191406,68798000,0.0,0.0,75.37088470458984,73.87413152058919,71.95766105651856,0.8191914569984817,77.76517767765827,72.97659173152141,52.531831282949085,-10.08904322824542,5.714131206482536
2020-08-03 00:00:00-04:00,73.72669564010512,73.91663402571066,72.68524304021076,73.12216186523438,46604000,0.0,0.0,75.31819152832031,73.94476801554362,72.04187761942545,0.5959214902898395,77.86475035010176,72.77163270653887,51.82213411723202,-21.891039414844208,5.714131206456684
2020-08-04 00:00:00-04:00,73.22730979283256,73.67315052167564,72.338609838739,72.65203094482422,38070000,0.0,0.0,75.26807746887206,73.96643981933593,72.10519104003906,0.3767004288154254,77.98617502121,72.54997991653413,51.02772852069967,-36.82944073502547,4.338893323452322
2020-08-05 00:00:00-04:00,72.86676033956763,73.51692480953368,72.57713831904795,73.08050537109375,39590000,0.0,0.0,75.21255760192871,73.98164825439453,72.16333847045898,0.234833449655369,78.06532265224139,72.35979255161602,51.725438105914954,-31.802068743211557,4.338893323436483
2020-08-06 00:00:00-04:00,72.98826563286887,74.50778798852221,72.70310830909678,74.39421844482422,39908000,0.0,0.0,75.18555374145508,74.09427337646484,72.26612764994303,0.2258055664554206,78.05955480904076,72.3115526738694,53.81255720233107,-5.282434715005966,8.000083275931155
2020-08-07 00:00:00-04:00,74.3892666032964,75.22465510088256,73.47874270652974,74.11601257324219,31556000,0.0,0.0,75.06839103698731,74.18215204874674,72.38610928853353,0.193966094802704,77.91468028762668,72.22210178634793,53.307654734599055,6.626733953026933,10.561955009977048
2020-08-10 00:00:00-04:00,73.75347928230235,74.59134975041081,73.05421843788854,74.19584655761719,25786000,0.0,0.0,75.03060111999511,74.40730285644531,72.50180079142253,0.173178722947398,77.90336302295849,72.15783921703174,53.43734469910294,-16.14322810002593,8.707498837432578
2020-08-11 00:00:00-04:00,74.0143447181489,74.88519341230798,73.29822393954036,73.41327667236328,29088000,0.0,0.0,74.93077011108399,74.54839401245117,72.59034881591796,0.0924915464827194,77.88562919682086,71.97591102534712,51.97347958795184,-33.02537411894521,9.79092213343395
2020-08-12 00:00:00-04:00,73.67413965392738,75.00352698802135,73.65777165372448,74.71757507324219,28740000,0.0,0.0,74.91336326599121,74.70214869181315,72.6917495727539,0.13226765904936144,77.8689768680086,71.95774966397381,54.13954532943659,-10.886698530921638,10.234721180337687
2020-08-13 00:00:00-04:00,74.90205995829753,76.23660821291581,74.78626562295597,75.30426025390625,29104000,0.0,0.0,74.91447944641114,74.83507436116537,72.81156997680664,0.20872505328931368,77.87069591462436,71.95826297819791,55.08221653519158,46.20693598444724,14.755462279424185
2020-08-14 00:00:00-04:00,75.16589974004725,75.47536319473657,74.53210314761532,74.77262878417969,27096000,0.0,0.0,74.89508895874023,74.90620702107748,72.89505971272787,0.22383958904568146,77.84959955134222,71.94057836613824,54.04092231588349,5.0594332965068345,13.53625146480128
2020-08-17 00:00:00-04:00,75.11678809689693,75.65933845317744,74.78451696150881,75.28094482421875,27566000,0.0,0.0,74.7767105102539,74.94303766886394,72.99026158650716,0.27368001097704564,77.44230606069473,72.11111495981308,54.88451741223919,25.876155763428297,14.21869907093429
2020-08-18 00:00:00-04:00,75.68760790793527,77.48733120140389,75.5651165445607,77.29541015625,40542000,0.0,0.0,74.77715682983398,75.06440760294596,73.11273930867513,0.470308003239424,77.44452416653453,72.10978949313343,58.041903965707235,130.14172261730593,20.65577841414274
2020-08-19 00:00:00-04:00,77.03304704072453,78.04325440890484,76.56886334991839,76.74640655517578,33212000,0.0,0.0,74.72518310546874,75.14959106445312,73.22061182657878,0.5752064791058586,77.17755159112185,72.27281461981563,56.91885940521353,139.95444246022936,22.485737772037876
2020-08-20 00:00:00-04:00,76.54407463783141,78.64780523111904,76.28371523727367,78.4434814453125,34138000,0.0,0.0,74.88901290893554,75.26656392415364,73.35609118143718,0.78621602859495,77.85055111907317,71.92747469879791,59.429120157235815,165.5061130857766,24.446047072727776
2020-08-21 00:00:00-04:00,78.20941096343067,79.23548711525625,77.76183732391951,78.37753295898438,28930000,0.0,0.0,75.05899276733399,75.3305061340332,73.49138882954915,0.9373163259679842,78.40704381150917,71.71094172315881,59.290239447162996,184.72040227881817,26.31985974021759
2020-08-24 00:00:00-04:00,79.0499995959638,80.0512852988001,78.38496542508483,78.76335906982422,28198000,0.0,0.0,75.20281219482422,75.45756327311197,73.62304140726725,1.0757962335954119,78.92664636810717,71.47897802154127,59.857982545208536,193.09379292222715,28.85373241542014
2020-08-25 00:00:00-04:00,78.45935467278674,79.9248241883462,78.45935467278674,79.75621032714844,44942000,0.0,0.0,75.47031631469727,75.6024403889974,73.76884435017904,1.2512339112827107,79.68895987727014,71.2516727521244,61.29491761164399,180.34170409632165,28.853732415235744
2020-08-26 00:00:00-04:00,79.74528839858574,82.28543070227713,79.52707869137119,81.94622039794922,79868000,0.0,0.0,75.79356231689454,75.83179066975912,73.94503135681153,1.5491276654174584,80.91077748575157,70.67634714803751,64.21766825204195,224.13514980935662,35.701123166486134
2020-08-27 00:00:00-04:00,82.01069919667889,82.07616363287521,80.62557131201277,81.05107879638672,37232000,0.0,0.0,76.04866828918458,76.02409540812174,74.10864651997885,1.6934590240545901,81.68125641642558,70.41608016194357,62.23067156923681,192.9937412868276,35.70112316626771
2020-08-28 00:00:00-04:00,81.00942044801198,81.6878487290618,80.87353501592592,81.55097198486328,29980000,0.0,0.0,76.44900665283203,76.23711318969727,74.30059560139973,1.8271179893148144,82.45770779708229,70.44030550858176,62.89395029287341,171.70070668021657,35.70112316614087
2020-08-31 00:00:00-04:00,81.72355917378832,81.72727470241604,80.85171908365076,81.04364013671875,36468000,0.0,0.0,76.84508056640625,76.35028406778972,74.46242561340333,1.8705437777514362,82.97355757399443,70.71660355881808,61.7553544691102,148.13361429301327,35.81534071174073
2020-09-01 00:00:00-04:00,81.16513873141615,82.60829240113797,80.94643712054818,82.35933685302734,36506000,0.0,0.0,77.3304458618164,76.51937917073568,74.63938954671224,1.9882059565711216,83.596735999408,71.0641557242248,63.52677549249857,154.89404225137517,38.34702160919192
2020-09-02 00:00:00-04:00,83.00726877795246,85.95332725591955,82.63804664154664,85.7103271484375,50224000,0.0,0.0,77.9619369506836,76.78352737426758,74.86430969238282,2.3250492717295685,84.93104410058108,70.99282980078611,67.49374391241524,201.67800459968566,46.61725717469706
2020-09-03 00:00:00-04:00,84.7895954478371,84.7895954478371,80.09542952866263,81.42353057861328,62156000,0.0,0.0,78.31340255737305,76.99208221435546,75.00977389017741,2.2204948860502896,85.2337556419343,71.39304947281181,59.001360889818315,121.24574459239315,32.62776806693496
2020-09-04 00:00:00-04:00,80.55166743305766,81.5856815238588,76.75053074846653,78.9041976928711,52172000,0.0,0.0,78.5528118133545,77.12295761108399,75.16450347900391,1.912301847854323,85.18714409241201,71.91847953429698,54.808684251984644,46.9907229312874,17.385285853801424
2020-09-08 00:00:00-04:00,76.05111869248746,77.55651299475142,75.77835654593154,75.99557495117188,52218000,0.0,0.0,78.64279823303222,77.12657775878907,75.26303634643554,1.4170205667634832,85.07401479573082,72.21158167033363,50.52096743586556,-14.735919133405417,13.464565569001062
2020-09-09 00:00:00-04:00,77.24235212426713,77.81117610206105,76.17714562645338,77.21408081054688,35494000,0.0,0.0,78.83283843994141,77.22017618815104,75.37636426289876,1.110034041109543,84.82289384566938,72.84278303421344,52.14345560034028,-1.9856137822361484,14.240773810397311
2020-09-10 00:00:00-04:00,77.39657320019084,78.55907952018826,75.66901145606728,75.97722625732422,32372000,0.0,0.0,78.89582099914551,77.23670705159505,75.45017484029134,0.7582011117377192,84.72809815995669,73.06354383833434,50.40776602224363,-11.222273425988481,16.51582499568494
2020-09-11 00:00:00-04:00,76.17461826356086,78.11865701517411,74.25834381874154,75.41683959960938,31942000,0.0,0.0,78.90144996643066,77.2189697265625,75.50770263671875,0.4292048540732907,84.7193314667091,73.08356846615223,49.633413350273614,-31.260294206243483,10.781528893873816
2020-09-14 00:00:00-04:00,76.32364933236448,77.56322096790275,75.16987539291814,75.34542846679688,33932000,0.0,0.0,78.93008995056152,77.27901051839193,75.57657101949056,0.16085641534746742,84.66747444627994,73.19270545484311,49.53310472152854,-31.786572863469093,10.781528893780692
2020-09-15 00:00:00-04:00,76.17460109831454,77.3435016094695,75.96804499379785,76.44438171386719,26622000,0.0,0.0,78.98826179504394,77.38975118001302,75.66725959777833,0.03644457662090872,84.59189435861462,73.38462923147326,51.106198123912606,-21.33255134487434,10.781528893700266
2020-09-16 00:00:00-04:00,77.14365680303254,77.46402465393061,75.37219724010778,75.4257583618164,26234000,0.0,0.0,78.89477920532227,77.48220876057943,75.72432428995768,-0.14270211230703467,84.67686076839898,73.11269764224555,49.62303501999722,-38.19487734426811,8.289450364810222
2020-09-17 00:00:00-04:00,74.19089440088969,74.80078586206088,72.90147748646709,74.1675796508789,37596000,0.0,0.0,78.76583786010742,77.5184445699056,75.75004641215007,-0.3818005023703108,84.8564278822275,72.67524783798734,47.84869283574445,-96.77766546096474,1.2403809383305529
2020-09-18 00:00:00-04:00,74.2905808945997,74.53819704428408,71.27136953070016,72.40505981445312,62078000,0.0,0.0,78.46391677856445,77.45213928222657,75.7732063293457,-0.7053771709681342,85.18756035973888,71.74027319739002,45.491478649048865,-127.04192212879238,6.836184573606996
2020-09-21 00:00:00-04:00,71.4166720464148,71.82829357553872,69.75481680912401,70.97529602050781,57776000,0.0,0.0,78.09380493164062,77.34744873046876,75.76480038960774,-1.064908400059295,85.60614414811035,70.58146571517089,43.68547122402678,-168.07227727197022,11.653833744505508
2020-09-22 00:00:00-04:00,71.9140948448393,72.87768049880222,71.1424302450622,72.67633819580078,31664000,0.0,0.0,77.78945388793946,77.29679845174154,75.85205065409342,-1.1987610310895889,85.67168499507163,69.90722278080729,46.30888010252762,-128.90755088542792,7.668382635796473
2020-09-23 00:00:00-04:00,72.34506104294726,72.45316703943205,69.81185740503247,70.18429565429688,33148000,0.0,0.0,77.31085815429688,77.18916575113933,75.86877988179525,-1.4887656481012073,85.82715420693687,68.7945621016569,43.25504275323793,-157.2323461923415,11.797988454220594
2020-09-24 00:00:00-04:00,69.97699055992597,71.59763442857151,69.91847287946354,70.83296203613281,29004000,0.0,0.0,76.75519523620605,77.05967864990234,75.88091367085775,-1.6472657859769413,85.44646123427957,68.06392923813253,44.24508556067198,-149.64717986250048,11.797988454151698
2020-09-25 00:00:00-04:00,71.04820255996869,71.90963009348775,70.09155609171658,71.65968322753906,26460000,0.0,0.0,76.28562545776367,76.93819274902344,75.8866335550944,-1.6867252771807841,85.01435248396663,67.55689843156071,45.49878609701879,-130.0796408228205,10.55718908702952
2020-09-28 00:00:00-04:00,73.11026663968008,73.23870586579038,71.87495567360742,72.62970733642578,40158000,0.0,0.0,75.8395622253418,76.8667620340983,75.8864845275879,-1.621038051891631,84.34427452566408,67.33484992501951,46.946787749874815,-95.1959232074942,5.402042273120068
2020-09-29 00:00:00-04:00,72.9208254242764,73.23192336864469,72.34628818781371,72.86825561523438,19564000,0.0,0.0,75.43079299926758,76.7863390604655,75.86468836466472,-1.5320708411545212,83.66387791304952,67.19770808548564,47.30296491996603,-86.09210851411972,5.402042273102699
2020-09-30 00:00:00-04:00,72.7427858955891,73.88094841765982,72.39961028839318,72.88165283203125,34032000,0.0,0.0,74.95690879821777,76.63921381632487,75.85181070963542,-1.4438389654062718,82.57923866895368,67.33457892748186,47.32351117943582,-75.38903228483109,2.894746985597893
2020-10-01 00:00:00-04:00,73.60918113668038,74.3416700201959,73.35824294782887,73.89781188964844,35590000,0.0,0.0,74.36628303527831,76.5442606608073,75.84692586263021,-1.2771963007177334,80.0691629972279,68.66340307332872,48.887187048770556,-55.06836200495688,1.1281843404384466
2020-10-02 00:00:00-04:00,72.50623584543538,73.55611865796233,71.95525546873868,72.32720184326172,25682000,0.0,0.0,73.91146659851074,76.34038467407227,75.80347429911295,-1.2573716947536582,78.60635606492059,69.2165771321009,46.67197147170383,-75.07642151533673,6.201259780950583
2020-10-05 00:00:00-04:00,72.71352536017787,73.80456642176533,72.6173151211207,73.69596099853516,22266000,0.0,0.0,73.65105476379395,76.18433227539063,75.75741920471191,-1.1183218093781875,77.71533384516144,69.58677568242646,48.764974363920125,-56.34258106152049,5.212319740561621
2020-10-06 00:00:00-04:00,73.17821093231017,73.73265707313152,71.83969747804213,72.0802230834961,24908000,0.0,0.0,73.45528717041016,75.96156107584635,75.70956217447916,-1.125525957256599,77.4200389550299,69.49053538579042,46.534699696541445,-68.13261048977252,7.9865709161668414
2020-10-07 00:00:00-04:00,72.61830548156279,72.84990170051506,71.21532653727361,72.41993713378906,34924000,0.0,0.0,73.21557998657227,75.7170186360677,75.65972951253255,-1.0912440297048533,76.78329188134076,69.64786809180377,47.06131004705047,-70.82360895687111,10.170373183921093
2020-10-08 00:00:00-04:00,72.65799061018673,73.89334718327049,72.65799061018673,73.6915054321289,23756000,0.0,0.0,73.1012939453125,75.44186147054036,75.63682607014974,-0.9505134925280174,76.43530647014543,69.76728142047958,49.006153253772275,-42.73153591805954,5.82813562118289
2020-10-09 00:00:00-04:00,74.1264348466303,75.20854667615096,73.86607540630912,75.14408111572266,28706000,0.0,0.0,73.08765602111816,75.24496154785156,75.63452847798665,-0.7135474787549043,76.38380355188355,69.79150849035278,51.12790559501513,-12.17820864202076,0.6552789814863853
2020-10-12 00:00:00-04:00,76.52175556002531,79.04404673947089,76.00450258903136,77.818603515625,49652000,0.0,0.0,73.21131477355956,75.12054926554362,75.67883122762045,-0.30640653602016243,77.01118440082223,69.4114451462969,54.7166780370532,55.1491205278628,12.280148964637648
2020-10-13 00:00:00-04:00,78.54167887237833,78.85262547326926,77.52354082714042,77.94408416748047,32020000,0.0,0.0,73.28629989624024,75.01723073323568,75.68375740051269,0.026080198019968748,77.40095208587653,69.17164770660395,54.87749503662231,71.24576618866143,12.28014896458108
2020-10-14 00:00:00-04:00,78.28676697100047,78.73776855891684,76.89519184376188,77.76554870605469,38586000,0.0,0.0,73.40328941345214,74.86410446166992,75.69174181620279,0.2720361471625239,77.89027360704853,68.91630521985576,54.592133964548864,71.25181971620289,9.806167651483277
2020-10-15 00:00:00-04:00,76.72757207687339,78.11394097416294,76.62244002284652,77.32169342041016,30800000,0.0,0.0,73.56099510192871,74.58448333740235,75.68400535583496,0.42622929083061933,78.37116432295211,68.75082588090531,53.87168835675328,73.9227937173613,8.73036090596293
2020-10-16 00:00:00-04:00,77.65496137740864,78.41274000510408,77.51361994991191,78.01004028320312,28694000,0.0,0.0,73.84124412536622,74.47070032755533,75.7313912709554,0.5970894318665501,79.00776049265849,68.67472775807394,54.828065126609424,101.31083323316429,9.732604349686909
2020-10-19 00:00:00-04:00,78.37950214734782,78.76086969280843,75.77786068328359,76.10566711425781,32142000,0.0,0.0,74.0977626800537,74.37741597493489,75.75018679300943,0.5722339684105435,79.17379825661644,69.02172710349097,51.75693657196777,73.57994963829674,2.939584753330162
2020-10-20 00:00:00-04:00,75.730760305521,78.23271860742969,75.6623219323521,77.16300201416016,44834000,0.0,0.0,74.32209587097168,74.41633021036783,75.77145398457846,0.6305849338613143,79.5285268857232,69.11566485622016,53.260638046877354,76.49601934833039,2.5026428698811474
2020-10-21 00:00:00-04:00,78.02590386274095,80.27742316910108,77.94159693784444,79.01676940917969,51366000,0.0,0.0,74.76371955871582,74.47641983032227,75.84829800923666,0.8169942296563732,79.99069066402382,69.53674845340782,55.76151825981063,132.63813421690193,9.532702906499246
2020-10-22 00:00:00-04:00,79.00387587596326,80.43909894484223,78.60465711721466,80.10881042480469,28672000,0.0,0.0,75.22751197814941,74.61413930257162,75.92542317708333,1.0408453061877623,80.62912774896259,69.82589620733623,57.15847201868548,141.86292808631043,10.063149311801087
2020-10-23 00:00:00-04:00,80.64143954512473,81.44930594797006,80.36570343179478,81.38186645507812,27516000,0.0,0.0,75.71362113952637,74.81297353108724,76.01597162882487,1.3059200459855873,81.49951207564497,69.92773020340776,58.7300906092053,162.01325358924214,13.347282495633353
2020-10-26 00:00:00-04:00,80.5888798925697,81.24499232296941,78.18312422474628,78.87494659423828,37066000,0.0,0.0,76.025883102417,74.9306241353353,76.10481732686361,1.2987351945808712,81.78502850244077,70.26673770239323,54.64633770334246,111.05389309197695,4.794553842873517
2020-10-27 00:00:00-04:00,79.13381512590206,79.68801153283871,78.49456263160442,79.559814453125,24580000,0.0,0.0,76.36046104431152,75.03447189331055,76.21211153666178,1.3329389698919982,82.12470749103315,70.59621459758989,55.52041354549468,100.47454542510505,4.794553842853044
2020-10-28 00:00:00-04:00,77.3519426723753,77.43178491198138,75.11431680117468,75.2135009765625,36680000,0.0,0.0,76.47705345153808,75.02739664713542,76.25480270385742,0.9978321464938347,82.03568990396725,70.91841699910891,49.28469701275303,21.217895296997067,6.854251884045417
2020-10-29 00:00:00-04:00,75.49815458251972,79.03660867362323,75.49220671058728,77.72388458251953,40062000,0.0,0.0,76.66835708618164,75.14594014485677,76.33219235738119,0.9241712802440389,82.11547598608212,71.22123818628117,52.47407884375497,53.311184796306044,1.3226423857474197
2020-10-30 00:00:00-04:00,82.92469781001594,83.6631345428053,79.56974188614716,80.3905029296875,86582000,0.0,0.0,77.07152214050294,75.41212158203125,76.4321304321289,1.0686496004179276,82.35696680311983,71.78607747788604,55.5460813880922,130.1476554613837,12.228181679690325
2020-11-02 00:00:00-05:00,80.74508155902976,82.36230497919733,80.14352163620698,80.63945007324219,50708000,0.0,0.0,77.41869659423828,75.73426005045573,76.54085439046224,1.1895255538813956,82.68269027066745,72.15470291780912,55.82186467947262,118.4207531424292,12.228181679609193
2020-11-03 00:00:00-05:00,80.92461049359028,82.40843061309292,80.1727873131532,81.83860778808594,33234000,0.0,0.0,77.90661582946777,76.03966903686523,76.66823374430338,1.3663323943445107,82.88859919493525,72.92463246400028,57.14661918671761,119.36828775577919,12.353244698738068
2020-11-04 00:00:00-05:00,84.81765948978585,87.847041337045,84.60688836370215,86.74433898925781,71418000,0.0,0.0,78.62283592224121,76.59167048136393,76.89041811625162,1.8806259133838097,84.34698669481784,72.89868514966457,61.9724990847782,209.95295002998458,25.330578713873226
2020-11-05 00:00:00-05:00,88.32486074238336,88.95171049474862,86.81276931563411,87.4505386352539,41316000,0.0,0.0,79.31078758239747,77.14558970133463,77.10263417561849,2.318465811304492,85.79612001913965,72.82545514565528,62.599709694973384,219.96456977595636,27.58354358439981
2020-11-06 00:00:00-05:00,86.98336990782836,87.8998416594765,86.30890693406363,87.37019348144531,33218000,0.0,0.0,79.92209320068359,77.66927337646484,77.30373306274414,2.6286722055390612,87.02882076737033,72.81536563399685,62.47842635697868,190.90338181306518,25.792649660711717
2020-11-09 00:00:00-05:00,88.81582702992517,90.1627704366796,87.2844012004575,87.43218994140625,45366000,0.0,0.0,80.40277252197265,78.16268946329753,77.51472574869791,2.8467006114400704,88.17935438996197,72.62619065398333,62.53636511698616,189.12823334775314,30.335897767426964
2020-11-10 00:00:00-05:00,85.84967281516651,87.43218518372008,85.16578858845315,86.3108901977539,52722000,0.0,0.0,80.82111282348633,78.61077728271485,77.69855817159016,2.895631142365289,88.93371322752665,72.70851241944601,60.78034533790659,137.5416735032262,23.040142146139882
2020-11-11 00:00:00-05:00,86.7874879424301,87.49269682010963,86.65680878425508,86.92188262939453,25280000,0.0,0.0,81.27892951965332,79.07878494262695,77.85899937947592,2.949708519917749,89.69331385591974,72.8645451833869,61.39145280889055,137.4546083947281,23.16721810328038
2020-11-12 00:00:00-05:00,86.66994427843309,87.69353830266849,86.56926934978563,86.779541015625,24950000,0.0,0.0,81.75182189941407,79.50817591349283,78.02621828715006,2.9471070371875783,90.2919231940207,73.21172060480744,61.16177806447436,124.8475300396226,23.60035804516966
2020-11-13 00:00:00-05:00,87.16588408955336,88.32685444177216,86.51721025587753,88.12748718261719,29998000,0.0,0.0,82.25769424438477,80.03485209147135,78.18761838277182,3.0190120422480646,91.05916971437605,73.45621877439348,62.53486047812102,123.24883569131362,24.979946150408225
2020-11-16 00:00:00-05:00,87.86364432426939,89.22100027673736,87.66477652756278,88.34370422363281,24936000,0.0,0.0,82.86959609985351,80.5231101989746,78.35372123718261,3.058191259829485,91.57128331284173,74.16790888686529,62.75336725491173,123.67788518516495,26.907653406534674
2020-11-17 00:00:00-05:00,88.12350952068519,88.52322772761146,87.63055501018202,87.78677368164062,22942000,0.0,0.0,83.40078468322754,81.04666188557943,78.5041114807129,3.0096085379485515,91.93106702278965,74.87050234366544,61.79305690581956,108.31394937369996,26.77867290144394
2020-11-18 00:00:00-05:00,87.54278101377807,87.95142862586442,86.59605523597537,86.62779235839844,23470000,0.0,0.0,83.78133583068848,81.52025705973307,78.61863784790039,2.844793268091479,92.1659678862745,75.39670377510245,59.82228557629149,86.01104940545804,22.87342490924275
2020-11-19 00:00:00-05:00,86.21121198617783,87.75900582875268,86.14302333509372,87.47781372070312,24998000,0.0,0.0,84.1497859954834,81.97980066935222,78.7108310699463,2.7510531708307155,92.50248685482313,75.79708513614366,60.7715225955957,79.82901898139336,21.182347765244167
2020-11-20 00:00:00-05:00,87.54178235299388,87.97770236272952,86.38379368150468,86.40015411376953,46270000,0.0,0.0,84.40070037841797,82.35500310262044,78.799982325236,2.5602918932689533,92.70465977456455,76.09674098227138,58.94505554481735,70.66153783481217,21.720358149746506
2020-11-23 00:00:00-05:00,86.7676496397776,86.98089525253569,85.18662789996444,86.0366439819336,43232000,0.0,0.0,84.75878524780273,82.62893778483073,78.87474352518717,2.3526599770468266,92.6677093740887,76.84986112151677,58.33328811182253,53.009255557877125,17.190393345392497
2020-11-24 00:00:00-05:00,85.82041342174058,87.8586795027789,85.6810546317943,87.72378540039062,31560000,0.0,0.0,85.16698379516602,82.95492782592774,78.9860792795817,2.297761238720696,92.78340706772848,77.55056052260356,60.31101877832235,64.59094439364199,19.463812011948946
2020-11-25 00:00:00-05:00,87.92266149149116,88.20286228221804,87.11182118342224,87.85025787353516,20916000,0.0,0.0,85.79882164001465,83.29108479817708,79.0775946299235,2.238653065653679,91.88055961500693,79.71708366502237,60.45657139615626,70.0859016134232,20.350773720726625
2020-11-27 00:00:00-05:00,87.93256899309026,89.46547776122458,87.90033243725426,88.92938232421875,17698000,0.0,0.0,86.35909652709961,83.67800776163737,79.13124554951986,2.2529155293661915,91.2582574115608,81.45993564263841,61.69647408460892,82.14641738955835,23.546124460852575
2020-11-30 00:00:00-05:00,88.333984283257,88.67523780556485,87.03544864429779,87.32011413574219,36476000,0.0,0.0,86.70557708740235,83.988343556722,79.22952194213867,2.110040902944931,90.72937242215554,82.68178175264916,58.84979578862517,60.943269205796724,20.131034886023652
2020-12-01 00:00:00-05:00,87.99606605868435,90.49852394562076,87.74810180147111,89.17290496826172,34738000,0.0,0.0,87.13224983215332,84.42391815185547,79.40066706339518,2.1218570209874485,90.12542556348083,84.13907410082581,60.993366144754866,82.4733713706973,24.672015509121657
2020-12-02 00:00:00-05:00,89.17289722878292,91.03511106035536,88.74505903427753,90.65324401855467,24440000,0.0,0.0,87.57298164367675,84.87359288533528,79.64496154785157,2.225023681346258,89.77563998637216,85.37032330098135,62.60347434793932,97.82049499868955,25.9537072245348
2020-12-03 00:00:00-05:00,90.45784220188256,91.60790035412678,90.3903951482896,90.59471893310548,24546000,0.0,0.0,87.76550064086913,85.25952453613282,79.86797218322754,2.275827198385329,90.3097850192799,85.22121626245837,62.497966056485524,108.59472851148742,27.319309350881753
2020-12-04 00:00:00-05:00,90.4831404190913,90.91162183618452,90.10971087684317,90.6552276611328,27564000,0.0,0.0,87.92573509216308,85.61107177734375,80.11260553995768,2.294522078091788,90.77220617943108,85.07926400489508,62.5654437248894,100.88138944517813,26.140020470241993
2020-12-07 00:00:00-05:00,90.20938581895044,90.87244496921858,89.55377286032213,90.23319244384766,26418000,0.0,0.0,88.0688850402832,85.9061159769694,80.35954475402832,2.2493540368465545,91.08087104836801,85.0568990321984,61.7635962854158,92.28862244436044,23.790682807175212
2020-12-08 00:00:00-05:00,89.76801257761683,90.35321212640858,89.07892200422549,90.18707275390624,21926000,0.0,0.0,88.20662918090821,86.28318684895834,80.60690549214681,2.184653242521236,91.34532328454422,85.0679350772722,61.67424064501483,84.91461777293583,21.786461544541968
2020-12-09 00:00:00-05:00,89.86274069882414,90.96667649314004,87.67073767171546,88.48008728027344,30152000,0.0,0.0,88.31508903503418,86.58052927652994,80.80750058492025,1.9728956223751766,91.32524152121069,85.30493654885767,58.437218747000834,64.15659554892103,16.0237087489197
2020-12-10 00:00:00-05:00,87.76941773296653,88.34023188124175,86.30742158482288,88.04367065429688,27256000,0.0,0.0,88.3711784362793,87.0082015991211,81.01779912312826,1.7496916521272965,91.3130560638001,85.42930080875848,57.63712867303621,18.023857125856697,10.774070234186961
2020-12-11 00:00:00-05:00,87.43516906490012,88.49596386842119,87.28341506659926,88.36305236816406,24414000,0.0,0.0,88.45035400390626,87.36284052530924,81.254390335083,1.5803549842116382,91.29551387645381,85.6051941313587,58.07172728264973,27.38423555005277,11.248598838437928
2020-12-14 00:00:00-05:00,88.02730335060322,89.13768640699891,87.14529287238564,87.28638458251953,32004000,0.0,0.0,88.40829887390137,87.59270324707032,81.50241241455078,1.3437860337509449,91.29806845047845,85.51852929732429,56.06588601372831,11.998406910400863,13.21604774713008
2020-12-15 00:00:00-05:00,87.50260752712254,87.84975592583757,86.78499597838041,87.66873931884766,29646000,0.0,0.0,88.3745506286621,87.82701288859049,81.78063646952312,1.1736274215158886,91.28320001545455,85.46590124186966,56.61639632098094,-22.116433813292034,11.77686268336329
2020-12-16 00:00:00-05:00,87.92216296688964,87.92811840668108,87.0890067775165,87.43218994140625,30270000,0.0,0.0,88.3568214416504,88.0134656270345,82.02656733194986,1.0080675622023136,91.28481415830124,85.42882872499955,56.16597856344421,-35.66349715882587,12.028469103128138
2020-12-17 00:00:00-05:00,87.70544523252667,87.86781610091937,86.22509843990318,86.68333435058594,32494000,0.0,0.0,88.35959854125977,88.01143213907878,82.30155131022136,0.8071297043589709,91.28078375977694,85.4384133227426,54.7397932558327,-74.67963369831544,8.499485467082161
2020-12-18 00:00:00-05:00,86.99477765449222,87.04090015119019,85.31060655275336,85.84571075439453,80328000,0.0,0.0,88.27799339294434,87.95793787638347,82.55176378885905,0.5736827231119292,91.38798354235334,85.16800324353534,53.17735297393801,-123.4876969790897,4.881590484881574
2020-12-21 00:00:00-05:00,84.97782951720453,86.33370217385195,84.25823538328831,86.26029968261719,36568000,0.0,0.0,88.27100067138672,87.92094141642252,82.79510739644368,0.41731759278387415,91.39934355042486,85.14265779234857,53.851798852163085,-143.19360551989095,0.8772246747781848
2020-12-22 00:00:00-05:00,86.01531762781597,86.16285664929524,84.93147298666962,85.47327423095703,18734000,0.0,0.0,88.24283218383789,87.85564422607422,83.00916684468588,0.227270886636191,91.46463513439036,85.02102923328542,52.370402108934975,-137.63006390907873,0.8772246747738143
2020-12-23 00:00:00-05:00,85.70188810968256,86.6877895060704,85.54963469528087,85.91365051269531,20676000,0.0,0.0,88.15232543945312,87.84240290323893,83.22659009297689,0.11091364490260958,91.53329123034445,84.7713596485618,53.11692928050624,-105.13823658044461,2.8570509899180196
2020-12-24 00:00:00-05:00,86.04359022026414,86.58911456845254,85.75148610923043,86.2345199584961,6936000,0.0,0.0,88.07153854370117,87.81949081420899,83.44913787841797,0.04408301363787359,91.55844996768892,84.58462711971342,53.66433808291203,-93.31770724133011,2.8570509899085863
2020-12-28 00:00:00-05:00,86.86857644620042,88.80731072944467,86.60573492943927,88.08136749267578,27860000,0.0,0.0,88.02913780212403,87.86288503011068,83.68553047180175,0.13854733074522585,91.49267304421522,84.56560256003283,56.67628526430931,0.0832616574922342,10.904396005441221
2020-12-29 00:00:00-05:00,88.66161085126392,88.89221580348297,87.08951073892196,87.21994018554688,25988000,0.0,0.0,88.02412910461426,87.83263346354167,83.93374277750651,0.14226110077922272,91.49226821597784,84.55598999325068,54.95270349795703,-5.839459334953541,11.195690537108053
2020-12-30 00:00:00-05:00,87.3830931414644,87.53608816204712,85.57741439844399,86.26774597167969,26122000,0.0,0.0,87.87887115478516,87.76343485514323,84.14327252705893,0.06759102775343706,91.38754148442328,84.37020082514704,53.10597085230815,-76.4074524501674,4.878395442993526
2020-12-31 00:00:00-05:00,86.06442568872781,87.23035253935693,86.06442568872781,86.88072204589844,20238000,0.0,0.0,87.69024505615235,87.73323313395183,84.38994750976562,0.05721694195577243,90.96900304611506,84.41148706618964,54.13247685703086,-57.62619237717748,4.878395442971418
2021-01-04 00:00:00-05:00,87.1614102748018,87.31564632773683,84.69714464011498,85.70834350585938,38038000,0.0,0.0,87.44592628479003,87.70258483886718,84.61142094930013,-0.04508602238405501,90.53621117395261,84.35564139562746,51.885306856914255,-99.69063547010238,0.5868764546023093
2021-01-05 00:00:00-05:00,85.5476577295368,86.67192667952663,85.20125091979266,86.33717346191406,22906000,0.0,0.0,87.2300235748291,87.66456349690755,84.82218208312989,-0.07456104327972923,89.95840370737959,84.50164344227862,52.968620873578885,-86.25702451883286,0.586876454598903
2021-01-06 00:00:00-05:00,84.4382551899441,86.688283552851,84.25822991642094,86.0579605102539,52042000,0.0,0.0,87.02126197814941,87.65315704345703,85.00408007303874,-0.11907770772324966,89.39844990943519,84.64407404686364,52.42642960652969,-102.62600018648247,4.268918871588974
2021-01-07 00:00:00-05:00,86.29452791403196,88.69184596189093,86.14525598682192,88.63481903076172,45300000,0.0,0.0,86.94364929199219,87.73976287841796,85.18435033162434,0.05296293809766439,88.95953831364399,84.92776027034039,56.66172535285736,8.48678903065533,3.5801190063000448
2021-01-08 00:00:00-05:00,88.67102978697481,89.75512426743983,87.95465916145788,89.62469482421875,41012000,0.0,0.0,87.00087966918946,87.80312652587891,85.37902717590332,0.2661135023858776,89.25172501839694,84.75003431998198,58.14255169481677,73.52529882160036,7.406679199593007
2021-01-11 00:00:00-05:00,88.57628131764207,88.9851785827692,87.30918788446088,87.61666107177734,24194000,0.0,0.0,86.97952919006347,87.79533996582032,85.5432123819987,0.26989414654927657,89.19657343251575,84.7624849476112,54.25241259254208,11.98788355648058,4.794906617658741
2021-01-12 00:00:00-05:00,86.98190077737334,88.17808173029789,85.56305292662434,86.61640167236328,27140000,0.0,0.0,86.89219665527344,87.71824061075846,85.69812418619792,0.18998770032460754,89.01539138560535,84.76900192494152,52.44426476457101,-47.71901890086369,1.882022982226953
2021-01-13 00:00:00-05:00,86.2211323296926,87.53310739732585,86.1928610169158,87.00569152832031,21882000,0.0,0.0,86.87816200256347,87.70775985717773,85.84805170694987,0.1562722942098418,88.99408399314154,84.7622400119854,53.07393436203497,-38.94483615953218,1.8820229822174404
2021-01-14 00:00:00-05:00,86.96701635400939,88.02781120521333,85.96424731866648,86.30049133300781,23590000,0.0,0.0,86.80974960327148,87.6120127360026,86.01796544392904,0.07182092290742048,88.90643539231598,84.71306381422698,51.78891627385778,-43.51091782984712,0.0487831426834532
2021-01-15 00:00:00-05:00,86.20179954700083,87.08505114703443,85.37657376318603,86.10261535644531,26844000,0.0,0.0,86.74327087402344,87.46032511393229,86.16695899963379,-0.010948131632602554,88.84117218649132,84.64536956155555,51.427483826618754,-70.5041961487049,2.228246396847458
2021-01-19 00:00:00-05:00,86.8990742224771,89.7271061839766,86.36396240818486,88.81385040283203,34692000,0.0,0.0,86.84979667663575,87.40096282958984,86.33024368286132,0.14060994194818477,89.14222836055818,84.55736499271332,55.79980316639248,57.27403044500071,7.556757288869637
2021-01-20 00:00:00-05:00,90.82730609267576,94.41039201801344,90.53321938414396,93.57673645019533,49806000,0.0,0.0,87.23634796142578,87.49834645589193,86.55470911661784,0.6376949556037204,90.97004928946595,83.50264663338561,62.01382918495271,306.5604380416579,21.359581580046214
2021-01-21 00:00:00-05:00,94.12721841682736,95.9552053602613,93.58715011154332,93.79246520996094,41278000,0.0,0.0,87.61295623779297,87.61698888142904,86.76155242919921,1.0370909789834855,92.32376852422964,82.90214395135631,62.262419399984694,343.7253018021965,25.172041516937036
2021-01-22 00:00:00-05:00,94.0121656676669,94.7694524437764,93.32183407866911,94.27848052978516,25442000,0.0,0.0,88.05321655273437,87.753369140625,87.01827799479166,1.3769598435663397,93.5089757693154,82.59745733615334,62.82934220724728,284.2824145875607,24.103102689182453
2021-01-25 00:00:00-05:00,95.25148687472664,95.69335474917038,92.61612548587166,94.19664764404295,38546000,0.0,0.0,88.46736640930176,87.94392115275065,87.2622252146403,1.6210190389658692,94.4694505499507,82.46528226865283,62.66536683485899,242.39823147931256,26.368250005290847
2021-01-26 00:00:00-05:00,93.67295532912556,95.466231361458,93.44507462105284,95.08139038085938,26262000,0.0,0.0,88.90970993041992,88.17851181030274,87.59335670471191,1.8643381250338678,95.49462363978938,82.32479622105046,63.7242425756996,212.42240192948233,26.36825000511276
2021-01-27 00:00:00-05:00,93.36002987188428,93.73048549102724,89.71346165736162,90.7940902709961,54966000,0.0,0.0,89.04534606933593,88.25954640706381,87.81119346618652,1.6917198717358417,95.67005206860279,82.42064007006908,55.792012966873195,95.74970265063897,11.92936887935066
2021-01-28 00:00:00-05:00,91.44623590823612,94.1683865824758,91.38177035076104,92.39693450927734,35462000,0.0,0.0,89.30419578552247,88.42989807128906,88.01130065917968,1.665061009992172,96.03234467317056,82.57604689787438,57.82250847799945,117.33836139345841,13.13425721082576
2021-01-29 00:00:00-05:00,91.55682669004608,92.10779945580656,89.77297195867646,91.0395736694336,32252000,0.0,0.0,89.54278717041015,88.5422592163086,88.18463605244955,1.5169198859605473,96.15499171332432,82.93058262749598,55.585884055949975,65.14317242378112,7.542544495880084
2021-02-01 00:00:00-05:00,91.9238116566316,95.33689167199552,91.79289035316354,94.2933578491211,32044000,0.0,0.0,89.91341896057129,88.77096481323242,88.39221522013347,1.6431291975808051,96.72532656766586,83.10151135347672,59.47324322475463,124.12534594565022,16.147862779731884
2021-02-02 00:00:00-05:00,95.3452161490111,96.99170219558746,94.9450060766456,95.59070587158205,45474000,0.0,0.0,90.40753707885742,89.06787719726563,88.5396546681722,1.8267781677635782,97.36720703049657,83.44786712721826,60.88533922422929,152.23925086127767,20.090739476704965
2021-02-03 00:00:00-05:00,102.8059740989812,104.96325841895349,100.09720999120609,102.6606674194336,82364000,0.0,0.0,91.2237117767334,89.62837575276693,88.7931568145752,2.513830240324978,99.81163840770185,82.63578514576494,67.3071680988601,249.00720658754568,35.26071993301976
2021-02-04 00:00:00-05:00,102.60215032654648,103.08121136263884,101.29785601184383,102.27880096435548,37046000,0.0,0.0,92.03475379943848,90.16232579549154,89.04163360595703,2.9930089817805197,101.57909382169399,82.49041377718297,66.69533588553742,207.72423323720236,35.26071993286485
2021-02-05 00:00:00-05:00,102.6571904351395,104.26945735748524,102.12803410644555,104.04579162597656,30702000,0.0,0.0,92.80530242919922,90.78140970865886,89.31852696736654,3.475282077217969,103.60032170087001,82.01028315752842,68.08408661513548,199.96911588917288,37.16358957021181
2021-02-08 00:00:00-05:00,104.43807400223707,105.3127442303304,102.75637735385524,103.79336547851562,24838000,0.0,0.0,93.51373596191407,91.37740020751953,89.60990155537924,3.793390455586973,105.24863935257042,81.77883257125771,67.66710187674389,183.0463056803209,38.79751000040524
2021-02-09 00:00:00-05:00,103.080720724468,104.3993928641844,103.080720724468,103.3271942138672,17798000,0.0,0.0,94.29926261901855,91.9471560160319,89.88332341512044,3.962203694387469,106.46738513618517,82.13114010185193,66.88451146771395,158.85155863006494,38.797510000273334
2021-02-10 00:00:00-05:00,103.85783716548744,104.56007205011774,102.3145080320854,103.91585540771484,22710000,0.0,0.0,95.16423530578614,92.47497227986653,90.1689286549886,4.096270188177556,107.49126317249628,82.837207439076,67.37736642242402,143.20609390205226,36.0177504185886
2021-02-11 00:00:00-05:00,104.1206727016399,104.24564612223324,103.0202028445532,103.94114685058594,18914000,0.0,0.0,96.01100807189941,93.03234583536783,90.43248964945475,4.156644448690244,108.30496065864428,83.71705548515455,67.39893151124096,131.83066746795953,36.017750418469255
2021-02-12 00:00:00-05:00,103.6614430285866,104.58238707976632,103.3083467485881,104.34880065917967,17114000,0.0,0.0,96.91342353820801,93.6350476582845,90.69924125671386,4.189096444379288,108.85061539603247,84.97623168038355,67.75435364861718,124.44422656171076,36.61479474535603
2021-02-16 00:00:00-05:00,104.36119125860586,106.75751765467037,104.36119125860586,105.23104858398438,22676000,0.0,0.0,97.86984519958496,94.24672520955404,90.98997917175294,4.237161558144237,109.21025338737603,86.52943701179389,68.5226576512135,128.76381818106233,40.33510047917113
2021-02-17 00:00:00-05:00,104.14497982949926,105.81427374578436,104.09141870662437,105.5489501953125,21418000,0.0,0.0,98.70660018920898,94.90807876586913,91.30533180236816,4.251892342104284,109.69776897324017,87.7154314051778,68.79976321112123,113.92869689819318,39.2861994703277
2021-02-18 00:00:00-05:00,104.6602510372262,105.76840177096538,104.32897117638466,104.99797821044922,22432000,0.0,0.0,99.27766227722168,95.53010559082031,91.59733454386394,4.171026759894659,110.33322725498675,88.2220972994566,67.73072567259987,102.66370166109152,39.28619947016563
2021-02-19 00:00:00-05:00,105.10062758666214,105.6590389546534,104.01652571519516,104.20150756835938,29148000,0.0,0.0,99.7981143951416,96.13489049275717,91.89402376810709,3.9966013464310066,110.74593958735944,88.85028920292375,66.19264449919686,90.38701516133001,38.00771769797661
2021-02-22 00:00:00-05:00,102.50841421966332,103.71947222094948,102.26739673429437,102.40328216552734,27350000,0.0,0.0,100.20435447692871,96.59383926391601,92.16680107116699,3.670949764187341,110.88961815232192,89.51909080153551,62.85871334229251,65.61315811674875,31.041970038938576
2021-02-23 00:00:00-05:00,100.42600905945748,103.25279966863545,99.28586400048722,102.69983673095705,33348000,0.0,0.0,100.62951393127442,97.02967732747396,92.41640192667643,3.397632224752229,110.97970094375314,90.27932691879569,63.175139045501524,50.478280815261506,20.332039718934006
2021-02-24 00:00:00-05:00,101.26016652133664,104.18366709777536,101.07667540099423,103.90544891357422,24966000,0.0,0.0,101.07071685791016,97.57263692220052,92.68398844401041,3.2409492870588252,111.17446434190151,90.9669693739188,64.44891752868165,59.992810463688926,22.38091838948162
2021-02-25 00:00:00-05:00,102.530731328359,103.89106884160503,100.24152679311813,100.74092864990234,36568000,0.0,0.0,101.56805877685547,98.04345448811848,92.88084754943847,2.8288177417689866,110.44689066262337,92.68922689108756,58.91535523473184,40.87517486167781,19.52792280743804
2021-02-26 00:00:00-05:00,101.69111640130264,102.7072717466648,99.98214747202228,101.01367950439452,41670000,0.0,0.0,101.99889602661133,98.5103874206543,93.10907363891602,2.495443320127947,109.7712527876018,94.22653926562087,59.22748713050534,32.91437686739989,18.639313494105892
2021-03-01 00:00:00-05:00,101.98868272664843,103.47646820354726,101.4719291121136,103.22801208496094,28090000,0.0,0.0,102.60831794738769,99.07463811238607,93.34332542419433,2.3824563486865458,108.42881428906355,96.78782160571183,61.672965461735444,47.34065219528403,20.453523747314808
2021-03-02 00:00:00-05:00,102.96417480334324,104.361697843783,102.71968394394553,102.94681549072266,22692000,0.0,0.0,103.04099082946777,99.63611145019532,93.5482182820638,2.2443516558665806,107.34895766203262,98.73302399690293,61.19082551470953,52.25543883441024,22.510631601997936
2021-03-03 00:00:00-05:00,102.51882684095492,103.57555797954912,99.68162348584544,100.51032257080078,29684000,0.0,0.0,103.2869716644287,100.02599385579427,93.71347834269206,1.916209208838751,106.10946220529725,100.46448112356016,57.183734963773205,19.170783407341823,12.208532550648654
2021-03-04 00:00:00-05:00,100.3446851503306,103.61136131466344,100.1909409627152,101.62020874023438,42360000,0.0,0.0,103.23494873046874,100.29410959879557,93.89622802734375,1.7258183341268847,106.14309934475965,100.32679811617784,58.46544260616111,24.751728065949763,12.298442877003545
2021-03-05 00:00:00-05:00,102.81191448554496,105.04310058204628,101.48753674558805,104.56849670410156,43904000,0.0,0.0,103.34943351745605,100.65331064860025,94.13514976501465,1.792175311636882,106.27929291039838,100.41957412451372,61.6224268788071,53.86982872526177,15.863019053162821
2021-03-08 00:00:00-05:00,104.20102651810076,105.57375168049136,100.25739764038802,100.38436126708984,32948000,0.0,0.0,103.16636199951172,100.85684000651041,94.3051045735677,1.489963560447066,106.35881350818683,99.97391049083662,55.43633413943858,22.65495404949926,11.82334234650867
2021-03-09 00:00:00-05:00,102.65720194832588,103.05592889560236,101.55773079859172,101.79924774169922,33946000,0.0,0.0,103.0666561126709,101.11026000976562,94.52709058125814,1.3490767669145214,106.30094084678271,99.83237137855909,56.94818251219406,20.889183298666243,11.823342346416052
2021-03-10 00:00:00-05:00,102.74447777240005,102.90516114493448,100.84061363645368,101.914794921875,25372000,0.0,0.0,102.99603614807128,101.33804016113281,94.75827598571777,1.2325387206347784,106.26782946878288,99.72424282735969,57.071219839560165,11.784399033137564,9.442824362058046
2021-03-11 00:00:00-05:00,102.85854746168592,105.41952291446036,102.77523183846608,104.87747192382812,24782000,0.0,0.0,103.04411697387695,101.80748621622722,95.03351631164551,1.3635268643533465,106.4000072416892,99.68822670606471,60.09610504958419,71.72845785938108,15.933957350358723
2021-03-12 00:00:00-05:00,103.40108724199564,103.6619461046667,101.54383752097334,102.25648498535156,34516000,0.0,0.0,102.95988388061524,102.13613789876302,95.28301798502604,1.241532556056626,106.30552660370626,99.61424115752422,56.45552481645793,11.717662886123932,11.871311146936682
2021-03-15 00:00:00-04:00,102.27533421559242,102.511395156551,101.3434856375664,102.4831314086914,25962000,0.0,0.0,102.86660041809083,102.51758982340495,95.52992451985678,1.149884507189654,106.15269430339193,99.58050653278973,56.69022717673168,-17.962901277109975,11.21534324264628
2021-03-16 00:00:00-04:00,103.10302772896672,105.31338114825203,102.6571870324648,103.77401733398438,29832000,0.0,0.0,102.79374885559082,102.83361180623372,95.80228830973307,1.1679530383606789,105.91983957677806,99.66765813440358,58.02330317662287,58.07354488858794,18.15815014459955
2021-03-17 00:00:00-04:00,102.95623146937012,104.62998997248108,101.86369965131296,103.70260620117188,25980000,0.0,0.0,102.7014316558838,103.10400848388672,96.08594284057617,1.1631026742576438,105.58454193294912,99.81832137881847,57.92127774249877,19.77344632926442,15.511957655947374
2021-03-18 00:00:00-04:00,102.2108579318718,102.9299526804862,100.8495291727667,100.98194122314452,27228000,0.0,0.0,102.50062980651856,103.04805094401041,96.33821334838868,0.9290146964510058,105.26733549523912,99.733924117798,54.16743015907276,-96.84042491465178,12.189910836976763
2021-03-19 00:00:00-04:00,101.27106761721473,101.81906642251786,100.06249176908834,101.3281021118164,46298000,0.0,0.0,102.35695953369141,103.01636098225912,96.58934338887532,0.7626393465939714,105.04919592888908,99.66472313849374,54.55508922424009,-123.27854484629496,9.658123181080402
2021-03-22 00:00:00-04:00,101.260662483321,102.06158212659268,100.47857777005784,101.09947967529295,39096000,0.0,0.0,102.2917694091797,102.918150583903,96.84978014628092,0.6053595550848172,105.04180346055198,99.54173535780741,54.241636084429736,-105.01087786766507,10.3033574324536
2021-03-23 00:00:00-04:00,101.74965091533652,102.77136080390773,101.1307315935004,101.81214141845705,27340000,0.0,0.0,102.24738464355468,102.85210978190104,97.11475499471028,0.5320864722450409,104.99834193223185,99.49642735487751,55.07401828309421,-59.43184427313442,12.201897526798703
2021-03-24 00:00:00-04:00,102.4275596644892,103.06433000047096,101.24650612289564,101.42032623291016,23080000,0.0,0.0,102.12312850952148,102.78854751586914,97.36785176595052,0.43735921052073934,104.781697387451,99.46455963159195,54.51005607841878,-55.619585155647165,12.988297554968733
2021-03-25 00:00:00-04:00,101.40795124913863,102.10522201915292,99.71782465601288,101.38563537597656,28378000,0.0,0.0,102.15536384582519,102.70420684814454,97.58958956400554,0.35539118257085534,104.75842207174517,99.55230561990521,54.45897856489034,-99.42633443232074,7.777493218471018
2021-03-26 00:00:00-04:00,101.11287195140292,101.71443190903588,99.88098128377624,100.94871520996094,29870000,0.0,0.0,102.15211563110351,102.60445912679036,97.8184024810791,0.2522671453487959,104.76132722336874,99.54290403883829,53.8021335088249,-105.33685470224809,7.7774932184265095
2021-03-29 00:00:00-04:00,100.568336511724,102.08340187317192,99.96032925646956,101.96041107177734,24596000,0.0,0.0,102.08873558044434,102.52484614054362,98.07994689941407,0.24930220322173113,104.64903104961707,99.5284401112716,55.099363793622054,-72.99879965818414,8.863133429773702
2021-03-30 00:00:00-04:00,102.04371996436412,102.6958670489463,101.369257008902,101.94007110595705,20732000,0.0,0.0,102.03839836120605,102.41514689127604,98.33093605041503,0.24251563074082583,104.56705140417718,99.50974531823492,55.067204115854004,-29.23176250706583,10.66891513636051
2021-03-31 00:00:00-04:00,102.11761871070888,103.81404117008134,101.99983419217622,102.58924865722656,29198000,0.0,0.0,102.14234466552735,102.31649017333984,98.61228446960449,0.28622104806370885,104.57563281336638,99.70905651768831,55.9167277390244,31.311841566403494,13.89124330929409
2021-04-01 00:00:00-04:00,104.0433044335642,106.27449050411948,103.99073462742018,106.01709747314452,33980000,0.0,0.0,102.36218910217285,102.35046081542968,98.940283203125,0.590648035007419,105.33216819544118,99.39221000890451,60.04324486676434,216.73955683583372,20.425126463132578
2021-04-05 00:00:00-04:00,106.77042343492305,110.95457003440772,106.70495900248956,110.37135314941406,43298000,0.0,0.0,102.65233192443847,102.55612233479818,99.34550641377767,1.1697762065317505,107.22902214367792,98.07564170519902,64.41981196270487,401.81288715582525,30.762857827553795
2021-04-06 00:00:00-04:00,110.22010099606848,110.9719317551414,109.83823396039672,110.3316879272461,27060000,0.0,0.0,103.14969825744629,102.82040252685547,99.70712089538574,1.6070141442022816,108.73869677059241,97.56069974430017,64.35338658897321,348.0447423503858,30.797359070580374
2021-04-07 00:00:00-04:00,110.40012949408244,111.83187174038626,110.36045430778752,111.56803894042967,25798000,0.0,0.0,103.63813781738281,103.11600926717122,100.07284329732259,2.029892220133135,110.32903619133016,96.94723944343546,65.50043903889059,300.09264133993145,32.5202883896327
2021-04-08 00:00:00-04:00,112.97051887386472,113.27030374499282,111.96477604604208,112.34961700439452,27166000,0.0,0.0,104.15987892150879,103.39748153686523,100.48505922953288,2.4004223847811943,111.8393012995318,96.48045654348579,66.21146938420029,271.6731538044324,35.30733533470949
2021-04-09 00:00:00-04:00,111.9161700558781,113.5200069882822,111.76808619915076,113.36328887939452,20888000,0.0,0.0,104.58416976928712,103.8182268778483,100.9308406829834,2.7442312686532517,113.29848490016467,95.86985463840956,67.12064167831446,228.86533666381825,35.78362913316358
2021-04-12 00:00:00-04:00,112.38978899596074,112.83959496595372,111.011850053346,111.82145690917967,31318000,0.0,0.0,105.06241836547852,104.17848612467448,101.3444367726644,2.8593287695768623,114.27450874197895,95.8503279889781,64.39425821901153,172.5786798507459,32.722229260117764
2021-04-13 00:00:00-04:00,112.15273686213548,112.93332324634764,111.8859225637541,112.44037628173828,23310000,0.0,0.0,105.56028060913086,104.48556493123372,101.7801015218099,2.966292416606265,115.24935854889497,95.87120266936674,64.98487636968176,157.8778555321025,32.91615126526054
2021-04-14 00:00:00-04:00,112.83166957141204,112.97201212784135,111.54374322197803,111.82393646240234,20220000,0.0,0.0,105.96277656555176,104.78146896362304,102.20879020690919,2.967117255139769,116.00190199448488,95.92365113661864,63.89288522558365,132.7634309076333,31.484828629244454
2021-04-15 00:00:00-04:00,112.92192266774994,114.3907142726727,112.37739718934712,113.89791107177734,27472000,0.0,0.0,106.47254180908203,105.2277219136556,102.62685788472494,3.0993954620875,117.04942787486306,95.895655743301,65.88792242298481,139.59954827044314,34.5096370613498
2021-04-16 00:00:00-04:00,114.21231349796724,114.38290996392428,113.29236842300574,113.95244598388672,22596000,0.0,0.0,107.12106704711914,105.63879648844402,102.9664530436198,3.172061851265113,117.86963401660252,96.37250007763576,65.93911518665064,128.7403145578207,34.509637061228645
2021-04-19 00:00:00-04:00,113.6658178575962,114.9785421535706,113.46075245473116,114.18257904052734,24688000,0.0,0.0,107.76379089355468,105.9592658996582,103.30628827412923,3.2112035470050415,118.59085412514287,96.9367276619665,66.16080618444153,119.5887573192924,35.78340941692211
2021-04-20 00:00:00-04:00,114.4548262808555,114.53963264487572,112.6605591115442,113.74763488769533,21774000,0.0,0.0,108.39619865417481,106.40470835367839,103.6307741800944,3.1705788058687716,119.06059806201628,97.73179924633334,65.32946559350319,101.42346482110054,32.20971172887758
2021-04-21 00:00:00-04:00,113.33205462728898,113.83145649109665,112.00891778530443,113.73078155517578,23930000,0.0,0.0,108.99213066101075,106.80242614746093,103.95634307861329,3.1012739273887178,119.43717467216862,98.54708664985287,65.29657708621392,87.45742155821452,29.341921685330696
2021-04-22 00:00:00-04:00,113.72779302411982,114.25010850896022,111.90377136783978,112.47260284423828,21096000,0.0,0.0,109.54474449157715,107.15435307820638,104.24619661966959,2.9112655479077603,119.45904898221906,99.63044000093524,62.852919711130426,77.19589786456052,30.34606904808654
2021-04-23 00:00:00-04:00,113.24377183873112,115.34402909019124,112.98291299431912,114.8223114013672,28670000,0.0,0.0,110.21657829284668,107.48584772745768,104.64666697184245,2.9166629070265913,119.6102855603293,100.82287102536405,65.3576026603103,89.99024216817439,32.922784818249355
2021-04-26 00:00:00-04:00,115.05194412212,116.10976505106808,114.74992685970844,115.3896713256836,20834000,0.0,0.0,110.93862609863281,107.92362060546876,105.02987925211589,2.932912764606172,119.51753281103471,102.3597193862309,65.93138927537694,96.33532940559556,34.672759260847144
2021-04-27 00:00:00-04:00,115.8488982144682,115.92080239703763,114.27531505843952,114.41665649414062,31972000,0.0,0.0,111.56143836975097,108.32140477498372,105.41949729919433,2.8346012104544798,119.14700971024186,103.97586702926009,64.0492970396808,84.21554046043543,32.457041297006946
2021-04-28 00:00:00-04:00,119.37716338857372,121.62039659518572,117.77556635946144,118.02650451660156,59728000,0.0,0.0,112.3657600402832,108.79648768107096,105.81504974365234,3.0132384252561195,119.00863425861208,105.72288582195434,67.59905740089157,129.13750753630276,43.9194446255731
2021-04-29 00:00:00-04:00,119.53513970547532,120.83397054905043,119.13591331729502,120.5051727294922,39554000,0.0,0.0,113.26155624389648,109.35657323201498,106.23029085795085,3.3165859760548813,119.14154536430566,107.3815671234873,69.72260907260628,133.52606976432216,43.91944462519332
2021-04-30 00:00:00-04:00,119.2455020746046,120.36877970794184,119.12994989855208,119.5247039794922,39142000,0.0,0.0,113.93693656921387,109.97466532389323,106.51135813395182,3.4382415531643886,119.40165319916441,108.47221993926333,67.9015522128649,121.8355237979068,43.89210261437632
2021-05-03 00:00:00-04:00,119.15772308205698,119.99980862839934,118.25413835135872,118.78329467773438,33788000,0.0,0.0,114.35753364562989,110.55650507609049,106.7864330291748,3.4352297498687676,119.95989444585562,108.75517284540415,66.54200808128174,109.85277097533691,39.855381255728794
2021-05-04 00:00:00-04:00,117.52215852507553,117.9942803933567,114.64378912036356,116.75396728515624,35120000,0.0,0.0,114.67864761352538,111.0783213297526,106.9982359568278,3.2318384909002305,120.04047758154792,109.31681764550285,62.97192812708957,74.40537905858078,24.911726412079677
2021-05-05 00:00:00-04:00,117.45668548193204,118.1400778633859,116.61311674443132,116.87744140625,21806000,0.0,0.0,114.94411773681641,111.58049799601237,107.2163038889567,3.0455060840930486,120.18179737527845,109.70643809835437,63.09655051980783,82.41404488923546,25.245413591233408
2021-05-06 00:00:00-04:00,116.57492737379027,118.16537033761,116.163207461834,118.0979232788086,20618000,0.0,0.0,115.23153305053711,112.13641789754232,107.46248270670573,2.9621729109400263,120.5005292012474,109.96253689982682,64.3243174317328,84.61874246355299,23.49351176660834
2021-05-07 00:00:00-04:00,119.02282784634022,119.83664964026104,118.52689939698048,118.9578628540039,23272000,0.0,0.0,115.51126174926758,112.72215881347657,107.71318283081055,2.931725599956053,120.95380868971796,110.06871480881719,65.16896436431793,108.60968899736108,27.39612124073341
2021-05-10 00:00:00-04:00,117.77754685115522,117.93178289428506,115.78590262274638,116.12957763671876,26006000,0.0,0.0,115.72666778564454,113.22818756103516,107.91632334391277,2.6488426968096235,120.88808163241708,110.56525393887199,60.310755196782935,63.68011722631271,17.248873747072434
2021-05-11 00:00:00-04:00,113.6598579347264,115.15458244140912,113.22046454917758,114.49797821044922,32110000,0.0,0.0,115.82954788208008,113.64610646565755,108.08547630310059,2.266868471487527,120.79340029522514,110.86569546893502,57.74189754867573,14.293420896985609,8.854026216095134
2021-05-12 00:00:00-04:00,112.16464481041318,113.3380102827284,110.59453503372144,111.0423583984375,34934000,0.0,0.0,115.79046897888183,113.94951604207357,108.18233146667481,1.6661056777956276,120.89734593773068,110.68359202003299,52.81329077786119,-52.78659537769739,1.1829506858056626
2021-05-13 00:00:00-04:00,112.1338803826801,112.90311582105596,111.22286462130928,112.17752838134766,26670000,0.0,0.0,115.70444984436035,114.26912536621094,108.2928077697754,1.2669904884652254,121.00001883213616,110.40888085658455,54.143417454282705,-55.22906987801803,1.182950685799555
2021-05-14 00:00:00-04:00,113.65836649355792,115.1119326236627,113.2363324221416,114.86495971679688,26624000,0.0,0.0,115.75007553100586,114.56405410766601,108.45725746154785,1.1542367516357643,120.99759291648726,110.50255814552446,57.10471856252617,-3.8035607741990543,7.077566219490279
2021-05-17 00:00:00-04:00,114.5257507571122,115.2210388634685,113.815577835558,115.12532806396484,19842000,0.0,0.0,115.79721298217774,114.72251993815104,108.6393211364746,1.0735133587185572,121.00220874517248,110.592217219183,57.3805620075287,0.09111252926233562,7.359947266561672
2021-05-18 00:00:00-04:00,115.89381794414857,116.20347810765156,114.22025614360614,114.23365020751952,17302000,0.0,0.0,115.82151374816894,114.85258534749349,108.83649393717448,0.9269037676428411,120.99063373600617,110.6523937603317,56.10242378301678,0.5694150652044988,9.910124277875369
2021-05-19 00:00:00-04:00,112.298039808914,114.89471742853954,112.25439937646723,114.49549865722656,19350000,0.0,0.0,115.85974960327148,114.95016733805339,109.0330883026123,0.822363892928891,120.97478362975517,110.7447155767878,56.39746996405807,-34.95485544173446,3.9848168204917473
2021-05-20 00:00:00-04:00,115.45412395526984,117.05597068356282,115.1094500602094,116.84519958496094,23832000,0.0,0.0,116.07837944030761,115.10002009073894,109.24875081380209,0.9185282942351876,120.9519243637476,111.20483451686763,58.95818833658437,40.85578689231094,9.53167168024818
2021-05-21 00:00:00-04:00,117.33618300109228,117.48545493230074,116.16480016304372,116.30018615722656,22832000,0.0,0.0,116.15227317810059,115.19791666666667,109.50807177225748,0.9399263603483803,120.99031597909627,111.3142303771049,58.13890365245904,46.8759769138554,10.593467415744117
2021-05-24 00:00:00-04:00,117.38626896248616,119.93931384663466,117.04457654236984,119.35362243652344,21244000,0.0,0.0,116.35047073364258,115.44898885091146,109.81373748779296,1.1895587778983554,121.37803802762865,111.32290343965651,61.25898965147463,106.50786884352398,16.39324556199859
2021-05-25 00:00:00-04:00,120.01468430520468,120.6539368005442,119.1711080181768,119.4726333618164,18838000,0.0,0.0,116.60326957702637,115.6833974202474,110.08448117574056,1.381077255456347,121.72891558228767,111.47762357176506,61.375066321384686,125.56969687120598,17.99585813916011
2021-05-26 00:00:00-04:00,119.65934318875324,121.15253906613415,119.6434746293108,120.6856689453125,21856000,0.0,0.0,116.73622779846191,115.97878850301107,110.38012873331705,1.6121549439022544,122.14732754560842,111.3251280513154,62.557954073304266,135.61035453849377,19.114925208530305
2021-05-27 00:00:00-04:00,120.85478659558991,121.006540578682,119.122010974249,119.14730834960938,38962000,0.0,0.0,116.66833457946777,116.15376841227213,110.69074516296386,1.6521083566296824,121.9118002071595,111.42486895177603,60.1416103950496,105.23339109038693,17.381862105615767
2021-05-28 00:00:00-04:00,120.11189265613478,120.418374577382,119.40420175282276,119.59613037109376,24108000,0.0,0.0,116.67190589904786,116.34189122517904,110.99034385681152,1.7003869084105645,121.92365373759142,111.42015806050429,60.600915805878316,99.36624737769586,17.381862105552
2021-06-01 00:00:00-04:00,120.11386716642556,120.90591791989132,119.26484245604036,120.50119018554688,19166000,0.0,0.0,116.75780067443847,116.5525115966797,111.25588874816894,1.7910328597233587,122.20741602120427,111.30818532767267,61.52578011040718,103.39505280370255,18.567310551759622
2021-06-02 00:00:00-04:00,120.7739583547532,121.10573007975977,119.23112108062708,120.0781707763672,17158000,0.0,0.0,116.92401084899902,116.76352945963542,111.5841189066569,1.807895998512791,122.57228560670318,111.27573609129486,60.83529584835168,93.76929201231694,19.05969468355586
2021-06-03 00:00:00-04:00,118.77586198480036,119.50611848597822,118.17132807497366,119.25145721435548,18346000,0.0,0.0,117.0427116394043,116.94755198160807,111.8749890645345,1.7345563957683794,122.78585083373122,111.29957244507739,59.4856285210293,57.019344719219056,15.236574066119218
2021-06-04 00:00:00-04:00,120.13965939431226,121.693847531417,119.90409035155766,121.58975219726562,25948000,0.0,0.0,117.21730308532715,117.25145696004232,112.20290501912434,1.8438602225025562,123.29789844826271,111.13670772239158,61.95526571874451,109.4597413378752,20.67600602924176
2021-06-07 00:00:00-04:00,121.56794139257822,122.3951497296109,121.05976150826854,122.30042266845705,23850000,0.0,0.0,117.38443107604981,117.50072733561198,112.49328753153483,1.9651761332012825,123.8387190987397,110.93014305335991,62.670694151099475,124.40438987223553,22.328879249970484
2021-06-08 00:00:00-04:00,122.98530143873788,123.7091030323558,122.40704867314372,123.13159942626952,25060000,0.0,0.0,117.73453216552734,117.75879160563152,112.84120610555013,2.1041337404038245,124.64567621529037,110.82338811576432,63.50111756241112,143.93215204901935,25.34395306012046
2021-06-09 00:00:00-04:00,123.9573267888808,124.23008897673448,123.35378416669612,123.55562591552734,20126000,0.0,0.0,118.18741455078126,118.06342391967773,113.19241434733073,2.2228504034189314,125.38663065150577,110.98819845005674,63.924646530047255,149.18877824263683,26.51402395338933
2021-06-10 00:00:00-04:00,123.68504634442068,125.13563850963912,123.68454690478072,125.05331420898438,31234000,0.0,0.0,118.8879623413086,118.29765090942382,113.5470692952474,2.4100041154766956,125.88359693151494,111.89232775110224,65.39199032554356,158.46210900539316,28.528172664472535
2021-06-11 00:00:00-04:00,125.2179756585686,125.32063321691729,123.89731333690504,124.6729507446289,25240000,0.0,0.0,119.51273345947266,118.43657684326172,113.89657503763834,2.498827697676205,126.21055995157948,112.81490696736583,64.70058911440472,147.8087361562382,28.93978080733037
2021-06-14 00:00:00-04:00,124.64616734325612,125.38212198056571,124.02873125542511,125.32310485839844,22550000,0.0,0.0,120.03564071655273,118.62985687255859,114.30226109822591,2.591806300239469,126.83779445756053,113.23348697554493,65.34843134805713,142.6682784050771,29.080216076055926
2021-06-15 00:00:00-04:00,125.49172262878524,125.82895034459014,124.6253310203583,125.00669860839844,22182000,0.0,0.0,120.52970924377442,118.8373036702474,114.69690437316895,2.609876144980035,127.26527589017591,113.79414259737293,64.75016486423101,135.4221246077963,30.1184151160378
2021-06-16 00:00:00-04:00,125.21945884310614,125.49321233203597,123.1389898384766,124.6729507446289,26316000,0.0,0.0,121.05167427062989,119.10126978556315,115.08979555765788,2.5676674912426733,127.33573039771588,114.7676181435439,64.10972242822811,111.75252395320295,23.878068970920324
2021-06-17 00:00:00-04:00,124.50087039874158,126.16074316990598,124.49293233411876,125.34196472167967,25756000,0.0,0.0,121.59399757385253,119.38342056274413,115.48195927937826,2.5587055015409135,127.34525059734248,115.84274455036258,64.83105983859116,119.99621621776188,25.537217459705687
2021-06-18 00:00:00-04:00,124.68186727822427,125.35980365948708,123.5883441205788,124.54499053955078,53306000,0.0,0.0,121.97898712158204,119.59832280476888,115.8673703511556,2.458948674550143,127.41392801552378,116.5440462276403,63.264123145376125,96.4123548890829,21.81518849336312
2021-06-21 00:00:00-04:00,124.71608085335588,126.00227415678629,124.11526252453834,125.42526245117188,26256000,0.0,0.0,122.4352409362793,119.81390279134115,116.26803080240886,2.4229905304040784,127.37216837109669,117.49831350146191,64.25136518158479,101.78462375921542,23.48203715609583
2021-06-22 00:00:00-04:00,125.42029953024792,126.2336218696835,125.00024808075798,125.96532440185548,20984000,0.0,0.0,122.7658260345459,120.1417610168457,116.68497428894042,2.41028763256179,127.71934335822776,117.81230871086403,64.85087695435485,104.45484153189865,24.084925762369476
2021-06-23 00:00:00-04:00,125.51948959092208,126.75533785975442,125.22391212785628,125.43170928955078,19694000,0.0,0.0,123.06377983093262,120.50621871948242,117.07616259256999,2.330299967087683,127.89871023733426,118.22884942453098,63.75797657457527,99.2143278825217,25.455124815830864
2021-06-24 00:00:00-04:00,126.01888950718012,126.4969667786832,125.92615264151272,126.24552917480467,18934000,0.0,0.0,123.34177284240722,121.01299107869467,117.48125356038412,2.3059955480374867,128.2399172252999,118.44362845951454,64.6966280047454,100.88171516541553,25.45512481573382
2021-06-25 00:00:00-04:00,125.92317627576116,126.46671040238512,125.41435320540886,125.96086883544922,33484000,0.0,0.0,123.68245086669921,121.47243576049804,117.87078056335449,2.237966525436619,128.2915046226319,119.07339711076654,64.09594631265415,90.38872791294975,23.12218188851698
2021-06-28 00:00:00-04:00,125.96581534194104,126.30006909040488,124.94797253351749,125.78678894042967,28110000,0.0,0.0,123.99198379516602,121.83649673461915,118.20027542114258,2.145276826355328,128.26478761649085,119.7191799738412,63.72166788648144,80.36056374807895,21.001044379365773
2021-06-29 00:00:00-04:00,125.7401827810788,125.96583114257568,124.41555523706536,124.99232482910156,20950000,0.0,0.0,124.21654052734375,122.16539662679037,118.4439582824707,1.9848330381218062,128.17757646291332,120.25550459177418,62.01208757891504,65.07786979683239,18.588311323134736
2021-06-30 00:00:00-04:00,124.63033847326152,124.77559974075643,123.74158560373274,124.29553985595705,24006000,0.0,0.0,124.42740898132324,122.50079294840495,118.67668914794922,1.7809260490484462,127.87681483692394,120.97800312572254,60.53848070426186,42.94047369681601,15.570591458339502
2021-07-01 00:00:00-04:00,123.83309173574956,125.4327138500479,123.83309173574956,125.3394775390625,17120000,0.0,0.0,124.7318099975586,122.86225891113281,118.9062131245931,1.6841514876113592,127.19011906041318,122.27350093470402,61.94023048389239,53.326286692134516,17.683343257271627
2021-07-02 00:00:00-04:00,125.80662582263592,127.79877700141876,125.73669670703822,127.67081451416016,21160000,0.0,0.0,125.03586311340332,123.22311274210612,119.16156641642253,1.7751139518765768,127.35837766555586,122.71334856125078,64.82667892849437,106.82826923192152,24.70189604056058
2021-07-06 00:00:00-04:00,128.39539446505773,128.82686500089903,127.3633703379744,128.7142791748047,21350000,0.0,0.0,125.3565559387207,123.63691584269206,119.41741625467937,1.9093909671571367,127.85342063763659,122.85969123980482,66.01989293927052,137.97236926682524,27.481210012443402
2021-07-07 00:00:00-04:00,129.27962305809365,129.57607833270313,128.70334536300965,129.0182647705078,16680000,0.0,0.0,125.65088920593261,123.95907058715821,119.70402971903484,2.0170838788756953,128.41677621260686,122.88500219925837,66.36377595060887,156.23690543198325,29.44449320903568
2021-07-08 00:00:00-04:00,127.20565348420648,128.97363970343406,126.99735686608916,128.12510681152344,19780000,0.0,0.0,125.87936325073242,124.2474863688151,119.96544189453125,2.0072228884356207,128.67129669345354,123.08742980801131,64.38335237013416,121.02483544483289,21.684496980177055
2021-07-09 00:00:00-04:00,127.89450380865364,128.79213314863185,127.89350492926673,128.5193634033203,15106000,0.0,0.0,126.05266571044922,124.50860951741537,120.24369901021322,2.0080733746052886,129.05134287814167,123.05398854275676,64.86217625708815,128.88812175320538,21.684496980106214
2021-07-12 00:00:00-04:00,128.7762579263329,129.70514009002906,128.5446692522982,129.5008087158203,16944000,0.0,0.0,126.29405860900879,124.85372619628906,120.5037473042806,2.0641476166230603,129.58784778068107,123.00026943733648,66.03795865206567,151.47293539028405,24.284114359903363
2021-07-13 00:00:00-04:00,129.81573954226434,130.96679679947795,129.57322371175232,129.92782592773438,16618000,0.0,0.0,126.52429466247558,125.19811604817708,120.77000363667806,2.118621428651508,130.1584691418129,122.89012018313827,66.54187245891347,172.67232095482458,27.714200735266772
2021-07-14 00:00:00-04:00,130.82741689293775,131.9130019655369,130.8239359498506,131.00694274902344,17912000,0.0,0.0,126.82430686950684,125.54830780029297,121.05040969848633,2.2232399004159333,130.89539115005738,122.75322258895629,67.79121949777468,191.61943686529705,30.168550628058078
2021-07-15 00:00:00-04:00,131.4210314203212,131.51525903097018,129.5345268524142,130.19757080078125,16586000,0.0,0.0,127.10053787231445,125.8856211344401,121.32457529703775,2.215304588685939,131.30453870679875,122.89653703783014,65.88244719411375,151.3302571665854,24.222711361024125
2021-07-16 00:00:00-04:00,130.56906328606524,131.10664207042765,129.7562326618605,130.7718963623047,14856000,0.0,0.0,127.37203445434571,126.26963577270507,121.60859387715658,2.2296569722818305,131.79355586629228,122.95051304239912,66.57333414915325,141.48199969537401,24.22271136090425
2021-07-19 00:00:00-04:00,130.08748205269194,130.17822872034688,127.4903051598311,128.2014617919922,25710000,0.0,0.0,127.55485801696777,126.49002609252929,121.87074152628581,2.01044360940719,131.78231409893817,123.32740193499738,60.86669387214976,72.26376333207044,14.395759766438925
2021-07-20 00:00:00-04:00,128.94536891059235,130.92644940382326,128.136412826896,130.033935546875,19084000,0.0,0.0,127.78529167175293,126.74780985514323,122.1242685953776,1.961964452451511,132.0263871889631,123.54419615454276,63.19349485281599,98.33140497282004,16.64813170042406
2021-07-21 00:00:00-04:00,129.72199697558133,131.53733915599082,129.53800642236,131.52072143554688,14742000,0.0,0.0,128.0630615234375,127.02744725545247,122.39311943054199,2.020227640229848,132.52425716163089,123.60186588524414,64.94302358173803,124.43149267678336,18.46018488198209
2021-07-22 00:00:00-04:00,131.5698256615897,132.41737485803006,131.32186141033566,132.24281311035156,13608000,0.0,0.0,128.40361671447755,127.31702016194662,122.69022204081217,2.100455654396953,133.05487614702886,123.75235728192624,65.76071299112141,145.23960827000505,21.019000167262664
2021-07-23 00:00:00-04:00,134.1585549245739,137.6781666591635,133.60361693798063,136.69374084472656,26378000,0.0,0.0,128.92602729797363,127.70503438313803,123.00134264628092,2.494435306365233,134.75468748307054,123.09736711287674,70.19376209499404,230.6098776725262,33.855262679169726
2021-07-26 00:00:00-04:00,137.1242247377603,138.57530892782617,136.53010338725366,138.5073699951172,23052000,0.0,0.0,129.55335235595703,128.16618169148762,123.30137926737467,2.919359178948582,136.6097015907069,122.49700312120717,71.73627373190195,245.35793118941064,35.6988683698443
2021-07-27 00:00:00-04:00,138.87090400425066,138.87090400425066,133.99989833604982,135.6825714111328,42164000,0.0,0.0,130.0481414794922,128.51149724324543,123.57067705790202,2.993667634484382,137.37503939723484,122.72124356174952,66.21499241880856,182.10987455892806,25.493870586176836
2021-07-28 00:00:00-04:00,137.4336908265388,138.53861798836377,135.2397126324758,135.2709503173828,54688000,0.0,0.0,130.56207275390625,128.85363896687826,123.84547131856283,2.9849347686991905,137.83755791073284,123.28658759707966,65.45557406379255,166.08403816562824,25.493870585918252
2021-07-29 00:00:00-04:00,135.27007032998984,136.03469749470065,135.02944629903823,135.4286651611328,19284000,0.0,0.0,131.11872901916504,129.21216278076173,124.15671628316244,2.9566576702926,138.07191402829542,124.16554401003467,65.61190003702883,134.58742957530652,24.660141712813207
2021-07-30 00:00:00-04:00,134.40752001908257,134.6657454552504,133.7163863437784,134.119873046875,23954000,0.0,0.0,131.55774879455566,129.5047597249349,124.44409014383952,2.7964040750156585,138.06926998402463,125.0462276050867,63.15829358317551,97.92484379216502,19.530136404233563
2021-08-02 00:00:00-04:00,134.38124847901094,134.91287935778823,133.5728825924492,134.88214111328125,20140000,0.0,0.0,131.9183151245117,129.8493314107259,124.7238271077474,2.6997891201955895,138.32131982340968,125.51531042561375,63.97008753490504,96.14918697532976,20.16976611308388
2021-08-03 00:00:00-04:00,134.89253884620354,135.2253018731267,133.09083296076685,135.17025756835938,19064000,0.0,0.0,132.24111404418946,130.17416458129884,124.99403368631998,2.616310464030022,138.61487652910742,125.8673515592715,64.27785815366958,89.88957966336972,18.272785586825098
2021-08-04 00:00:00-04:00,135.14000035372476,135.42614900508227,134.31229264003457,134.92080688476562,16528000,0.0,0.0,132.53624114990234,130.4726806640625,125.30722084045411,2.5011922547927554,138.82775632387632,126.24472597592836,63.78981838910762,90.78867549058087,18.825100225020744
2021-08-05 00:00:00-04:00,134.92079835826755,135.83478799766283,134.49579037605994,135.8248748779297,11866000,0.0,0.0,132.92122955322264,130.81911951700846,125.66266911824545,2.4546156942490995,139.0154495820301,126.8270095244152,64.79206370300784,93.17207296272203,19.96352732271375
2021-08-06 00:00:00-04:00,135.18514164170924,135.96379838599157,134.93866058790096,135.92010498046875,13560000,0.0,0.0,133.29126663208007,131.14160537719727,126.07729822794596,2.3977479618975224,139.15446117699298,127.42807208716717,64.89793358513975,90.1600835705021,20.328444991301264
2021-08-09 00:00:00-04:00,135.83383086453298,137.19515219040304,135.31781882862848,136.8782501220703,12374000,0.0,0.0,133.66013870239257,131.5055180867513,126.48897692362468,2.4023019383093924,139.44703016949305,127.87324723529208,65.9632063127639,98.8116641805525,23.760607243957097
2021-08-10 00:00:00-04:00,136.9551097314473,137.4232663318946,136.10905890294026,136.9719696044922,16034000,0.0,0.0,134.01234588623046,131.87835744222005,126.8574270884196,2.3859694063089307,139.699369033459,128.32532273900193,66.06740614519727,98.29614806133031,24.38486772498645
2021-08-11 00:00:00-04:00,137.156971302679,137.7171156627031,136.2315700194478,136.56829833984375,15204000,0.0,0.0,134.2904136657715,132.26422322591145,127.21480992635091,2.3137810321336474,139.90204846733207,128.67877886421093,65.17832220447973,91.94888204545524,25.201032358083403
2021-08-12 00:00:00-04:00,136.5915836385015,137.29084455333413,135.66519875879882,137.2625732421875,14646000,0.0,0.0,134.6436637878418,132.69645767211915,127.59862531026205,2.286239067002299,140.05644148314633,129.23088609253728,65.99256930111899,84.57447663617312,22.5633087233766
2021-08-13 00:00:00-04:00,137.2308484909365,137.5447690416082,136.8812255692767,137.27896118164062,12580000,0.0,0.0,134.9690170288086,133.09444046020508,127.97834968566895,2.239913897844332,140.18040912542872,129.75762493218846,66.01197586229017,89.69760066457789,23.312636484728362
2021-08-16 00:00:00-04:00,136.87623361997294,137.8586615711746,135.056926522997,137.78477478027344,18040000,0.0,0.0,135.44818267822265,133.43157246907552,128.32734260559081,2.2184429680776816,139.71655052769393,131.17981482875138,66.62017833711096,78.48439849116146,15.039206176658272
2021-08-17 00:00:00-04:00,137.06568564592217,137.58890164180414,135.67362628734912,136.1824493408203,21272000,0.0,0.0,135.75560836791993,133.68051147460938,128.65871365865073,2.0485187804342786,139.1853526857243,132.32586405011557,62.9298705711863,65.93051713619431,15.039206176537459
2021-08-18 00:00:00-04:00,135.99896080782642,137.16787674028544,135.3101275100995,135.45791625976562,14934000,0.0,0.0,135.95246810913085,133.8951665242513,128.92711855570477,1.8342448402827074,138.75300272024612,133.15193349801558,61.34046543672561,51.6753491598133,13.416618544115977
2021-08-19 00:00:00-04:00,134.3643749961536,136.33271213190196,134.25378694599894,135.79859924316406,18296000,0.0,0.0,136.1302574157715,134.15094960530598,129.19921798706054,1.672640312169733,138.32518825894962,133.93532657259337,61.809653389387414,36.46950883881513,8.803145413103111
2021-08-20 00:00:00-04:00,135.96671424397312,137.48575243385287,135.35573304733424,137.3096923828125,15564000,0.0,0.0,136.1610549926758,134.44396057128907,129.4762850443522,1.6475086923133517,138.40599128913445,133.91611869621713,63.82417848693018,66.54911892172056,12.80804386582353
2021-08-23 00:00:00-04:00,137.86662645038294,141.01924095558488,137.61811738115105,139.9505157470703,21090000,0.0,0.0,136.23321228027345,134.7922841389974,129.82300516764323,1.819707621001271,138.85656671656074,133.60985784398616,66.97373840898922,141.19618079380876,23.463298762720207
2021-08-24 00:00:00-04:00,140.39090394174517,141.84298696486948,140.2024487038073,141.2389373779297,15126000,0.0,0.0,136.5110305786133,135.16932118733723,130.18371861775717,2.0366639758993585,139.94153962833423,133.08052152889235,68.36387252150868,179.72041095756512,25.65436640330692
2021-08-25 00:00:00-04:00,141.71949395873054,142.14600032239758,141.2796086650936,141.78594970703125,12838000,0.0,0.0,136.8367805480957,135.52862141927082,130.5384646097819,2.2270704913074155,140.94234994948545,132.73121114670596,68.93810479663665,189.91992180726584,26.45554198338051
2021-08-26 00:00:00-04:00,141.45714675839164,141.96923890542675,140.93444530189117,140.96568298339844,14922000,0.0,0.0,137.11363143920897,135.88755849202474,130.88658981323243,2.2854352819349515,141.55261410074596,132.674648777672,67.05017672499477,169.40411064349598,24.86986019894933
2021-08-27 00:00:00-04:00,140.95527752607134,143.8301735180381,140.86353196655597,143.37342834472656,24562000,0.0,0.0,137.57630920410156,136.30760955810547,131.28862266540528,2.4971886905161966,142.59286594488051,132.5597524633226,69.57985936153474,199.8765005532568,29.780790648011298
2021-08-30 00:00:00-04:00,143.52615743266583,145.29662566034017,143.42251613380694,144.28492736816406,16916000,0.0,0.0,138.04644851684571,136.8437250773112,131.66687558492023,2.707346540242753,143.71936002748353,132.3735370062079,70.4677875508321,230.90173883458337,33.333170713662234
2021-08-31 00:00:00-04:00,144.69655649043654,144.9221972797141,143.81925287302064,144.27749633789062,26756000,0.0,0.0,138.50181045532227,137.31851043701172,132.03316014607748,2.8405543854455573,144.6451943413283,132.35842656931624,70.45044486144351,200.9324475372455,33.33317071353101
2021-09-01 00:00:00-04:00,144.4639658109284,145.62493612300773,144.42876287850896,144.65440368652344,15824000,0.0,0.0,138.98849029541014,137.7562998453776,132.39187355041503,2.942615199265248,145.47027380602552,132.50670678479477,70.82716023800478,185.66212852045084,35.019033539044536
2021-09-02 00:00:00-04:00,144.76102448519748,145.1334702942545,142.93304489604233,143.04461669921875,21844000,0.0,0.0,139.3494773864746,138.11635996500652,132.71669006347656,2.860627243022549,145.89328399342352,132.80567077952568,67.05038828995143,137.070516091472,27.897810997409202
2021-09-03 00:00:00-04:00,142.97219355696024,144.1931721234779,142.33642203390758,143.5960693359375,19104000,0.0,0.0,139.73327560424804,138.3464375813802,133.0257359822591,2.807782447835365,146.3303818273591,133.13616938113697,67.66147688201184,115.18912035806102,25.173569323941635
2021-09-07 00:00:00-04:00,143.5707651381256,144.63652381252825,143.36396688016913,144.33399963378906,15170000,0.0,0.0,140.10606307983397,138.54065856933593,133.3534201304118,2.793248544336876,146.86452259005,133.34760356961795,68.47093675410505,117.62059140174027,26.379037486210503
2021-09-08 00:00:00-04:00,144.20953111496792,144.36574977797042,143.02575324594378,143.7036895751953,15486000,0.0,0.0,140.44264907836913,138.8080291748047,133.65976320902507,2.699748546388008,147.21440548301095,133.6708926737273,66.9892966904197,99.20088843366797,24.792482456821546
2021-09-09 00:00:00-04:00,143.7037202306722,144.48331539309592,143.2578870242759,143.7334747314453,14798000,0.0,0.0,140.80090789794923,139.0901133219401,133.97187614440918,2.598103220899418,147.46694443859442,134.13487135730404,67.02417865740114,93.28193251857314,25.13046765662609
2021-09-10 00:00:00-04:00,144.25915834350894,144.8299725630999,140.587307641636,140.76535034179688,32896000,0.0,0.0,140.97604675292968,139.26800282796225,134.24008280436198,2.2520851003777125,147.4313861968798,134.52070730897955,60.440348472110024,55.22768865570147,13.1782664549206
2021-09-13 00:00:00-04:00,142.03491032411011,143.0168390131952,141.1238869357088,142.2967529296875,20176000,0.0,0.0,141.22693634033203,139.54056549072266,134.52266260782878,2.077486664240837,147.4636037404153,134.99026894024877,62.41112328674332,52.793276093658825,13.178266454810826
2021-09-14 00:00:00-04:00,142.98706179758105,143.54894648807004,141.74179238171524,142.23822021484375,18916000,0.0,0.0,141.44960861206056,139.7857681274414,134.81754976908366,1.912348679596306,147.4835242699129,135.41569295420823,62.288428962917294,55.79773239073367,14.911261395259272
2021-09-15 00:00:00-04:00,142.5883667736926,144.39602062721983,141.0975998363749,144.02357482910156,20648000,0.0,0.0,141.8416648864746,140.08087870279948,135.12752164204915,1.9035953710595095,147.43765648085088,136.24567329209833,64.49109584151654,64.756839051065,17.619208169482658
2021-09-16 00:00:00-04:00,143.93927134952526,144.01762284051446,142.24850156637862,143.19786071777344,20292000,0.0,0.0,142.228662109375,140.35678049723307,135.41473058064778,1.8091750392958659,146.97126882617752,137.48605539257247,62.73789130069959,60.66428667159116,17.619208169361112
2021-09-17 00:00:00-04:00,142.6275159034344,143.0748473262749,139.9128042622749,140.31153869628906,60040000,0.0,0.0,142.45430908203124,140.50633595784504,135.66272773742676,1.4843337059803332,146.24209653024275,138.66652163381974,57.12251948705768,14.098634960042098,7.521878588808597
2021-09-20 00:00:00-04:00,137.86831612353083,138.22767055451078,135.93696767144976,137.88497924804688,34918000,0.0,0.0,142.48307342529296,140.57183176676432,135.8567185719808,1.0193412101499462,146.1117597680471,138.8543870825388,52.99708237589175,-72.54426229698949,6.597681362084761
2021-09-21 00:00:00-04:00,138.97601175264228,139.66495090120193,137.77437511069255,138.50933837890625,18130000,0.0,0.0,142.41101455688477,140.6262013753255,136.06585973103842,0.6932208525149122,146.29940088006663,138.5226282337029,53.88359485046961,-45.89652471365989,1.60782887146272
2021-09-22 00:00:00-04:00,138.91004793405816,140.430554002768,138.33601020308353,139.7908172607422,22068000,0.0,0.0,142.3386085510254,140.72016296386718,136.29926020304362,0.5320397326622412,146.37018576114676,138.30703134090405,55.6592684250351,-28.612774088352587,0.9471790517159442
2021-09-23 00:00:00-04:00,140.45637221706096,141.09409619762567,139.94754908711377,140.67161560058594,17272000,0.0,0.0,142.28289184570312,140.85694020589193,136.5605817159017,0.469958213076751,146.37694445070514,138.1888392407011,56.84086363543194,-6.253288674671371,3.1311032031255928
2021-09-24 00:00:00-04:00,139.79826794670998,141.739832151777,139.70354088660636,141.47152709960938,14950000,0.0,0.0,142.30818405151368,140.997238667806,136.84684816996256,0.4797738006389807,146.3741272418969,138.24224086113045,57.89497976197684,0.4982457168194174,5.23454469436237
2021-09-27 00:00:00-04:00,140.43255480708913,141.33961293634164,139.35589907056843,140.3487548828125,18844000,0.0,0.0,142.15695037841797,141.0995651245117,137.0970027923584,0.3924306932507875,146.2806605478148,138.03324020902116,55.91210833334633,-20.733842753720303,3.9771137638741116
2021-09-28 00:00:00-04:00,137.95588630394244,138.46967349395237,134.59497527830575,135.07504272460938,42190000,0.0,0.0,141.69645614624022,141.00924072265624,137.22040659586588,-0.10116764787298393,146.76769003754356,136.6252222549369,47.93485966213122,-143.4886572007169,11.076027729151411
2021-09-29 00:00:00-04:00,135.99318672727375,136.27963805269547,133.15677830273432,133.42556762695312,26338000,0.0,0.0,141.15385971069335,140.91734466552734,137.29892807006837,-0.6183191463115065,147.275698498726,135.0320209226607,45.81965835550298,-184.9496328221121,14.924974219269552
2021-09-30 00:00:00-04:00,133.2311949790208,134.4858935396732,131.91698741699955,132.18032836914062,35294000,0.0,0.0,140.53015594482423,140.80809173583984,137.35162913004558,-1.1157837750980946,147.61617854021821,133.44413334943025,44.29325898241858,-210.11814469713906,18.086746023939696
2021-10-01 00:00:00-04:00,132.4669779271741,135.9548380683983,132.29141729053384,135.35128784179688,28388000,0.0,0.0,140.14548950195314,140.79318135579427,137.47206548055013,-1.2398657482649185,147.48743028300586,132.8035487209004,48.78747235900342,-162.83354504224627,12.941997957749317
2021-10-04 00:00:00-04:00,134.5944921623193,134.59499160203083,130.09841480293528,132.67575073242188,31530000,0.0,0.0,139.59947357177734,140.6387166341146,137.5413386027018,-1.536384604932465,147.46642344856573,131.73252369498894,45.5779233324479,-199.010135391392,18.430427916443985
2021-10-05 00:00:00-04:00,132.90882555160536,136.2434479889756,132.90882555160536,135.06809997558594,24126000,0.0,0.0,139.13617858886718,140.47596944173176,137.63412679036458,-1.5603486173406225,146.92006263545753,131.35229454227684,48.699636496517925,-130.15487287105992,12.895916860940302
2021-10-06 00:00:00-04:00,133.52922248117198,136.7294499314397,133.39134687785804,136.23550415039062,19764000,0.0,0.0,138.76276931762695,140.30918833414714,137.7392547607422,-1.4682158311535716,146.33779903724164,131.18773959801226,50.143285000429,-102.89692150398314,11.309447142892685
2021-10-07 00:00:00-04:00,137.73224034169994,139.0131669489708,137.43468022513545,138.05210876464844,18250000,0.0,0.0,138.47870101928712,140.18472696940105,137.85667419433594,-1.2343858917652994,145.68605599948296,131.27134603909127,52.30394251558451,-42.37423227772042,4.192134754970987
2021-10-08 00:00:00-04:00,138.76675484371577,139.17440360143925,138.29398217270165,138.91552734375,18924000,0.0,0.0,138.38620986938477,140.11638844807942,138.0019734700521,-0.9682420253445798,145.51708118925401,131.25533854951553,53.29905499965579,-27.403956103175787,3.7078060706901828
2021-10-11 00:00:00-04:00,138.66157029811117,139.61737654670597,137.6761609044701,137.71682739257812,16584000,0.0,0.0,138.1572135925293,139.9278350830078,138.11772232055665,-0.8443134420560909,145.04948596144916,131.26494122360944,51.748456192764486,-33.89276147668019,5.449970970723709
2021-10-12 00:00:00-04:00,138.50041649967346,138.5574585635881,135.14050423773412,135.5997314453125,22536000,0.0,0.0,137.82528915405274,139.6383285522461,138.24102681477865,-0.9064817393520173,144.5268028975813,131.1237754105242,49.13666231536075,-67.84604438741326,12.194775766817779
2021-10-13 00:00:00-04:00,136.62831184341007,137.42180052893636,135.86111185014877,136.77708435058594,16380000,0.0,0.0,137.46296463012695,139.38831481933593,138.35341262817383,-0.8509389286720079,143.504544546316,131.4213847139379,50.57183886996911,-58.22662754658752,12.194775766753105
2021-10-14 00:00:00-04:00,138.81233472537178,140.4980039044287,138.20433512104557,140.2604522705078,21426000,0.0,0.0,137.31609420776368,139.24184977213542,138.49907480875652,-0.5198496682460814,142.89582732702283,131.73636108850454,54.501153513663226,8.035596583497835,2.684688186319012
2021-10-15 00:00:00-04:00,141.04206593021644,141.04206593021644,139.91581421553272,140.52134704589844,21250000,0.0,0.0,137.32658462524415,139.1577407836914,138.63705037434895,-0.23371291895531954,142.93076558489813,131.72240366559018,54.779679219088806,29.917147743123724,1.1165271687197524
2021-10-18 00:00:00-04:00,140.06360316756118,141.83431374458632,140.06360316756118,141.79637145996094,16564000,0.0,0.0,137.52215423583985,139.09775085449218,138.7220942179362,0.09484303923420612,143.47078964639923,131.57351882528047,56.13717312800662,49.548827282472594,1.1573409752478272
2021-10-19 00:00:00-04:00,142.1246812084429,142.9335313902498,141.93076238912747,142.65086364746094,15316000,0.0,0.0,137.72923049926757,139.0416463216146,138.79115244547526,0.419342462582307,144.0961890650258,131.36227193350933,57.03144153327137,82.01303759025059,4.247902038682029
2021-10-20 00:00:00-04:00,143.04808645130797,143.07313410727795,140.75639997720953,141.2552947998047,17940000,0.0,0.0,137.8024543762207,138.96003316243488,138.8840311686198,0.5574736416023143,144.30155587362145,131.30335287881996,55.132357171575045,65.78901716969993,0.7657513289748781
2021-10-21 00:00:00-04:00,141.03411960680904,141.68626673833953,140.48363114973878,141.61782836914062,14850000,0.0,0.0,137.84976501464843,138.88951161702474,138.98981246948242,0.6882631561479116,144.44980086691922,131.24972916237763,55.53029422685339,59.06404254005078,0.036549663230402235
2021-10-22 00:00:00-04:00,139.20812853448248,140.40580017524087,136.0535309002529,137.49618530273438,30182000,0.0,0.0,137.6509979248047,138.780539449056,139.0242711385091,0.4540980792706364,144.02743380167115,131.27456204793825,50.28505318396005,-20.23637844894532,11.831111742984787
2021-10-25 00:00:00-04:00,137.68017554708888,138.07225087976113,135.63496980013193,137.64297485351562,21082000,0.0,0.0,137.51570892333984,138.6254135131836,139.08298950195314,0.27717021306986567,143.76468439006695,131.26673345661274,50.45746290076171,-39.11810686626116,12.836294051325657
2021-10-26 00:00:00-04:00,139.46103750922848,139.69262617284093,137.87356093655993,138.53463745117188,28258000,0.0,0.0,137.68868865966797,138.50196075439453,139.14386444091798,0.20652265944275428,143.84402818838439,131.53334913095156,51.51408340613344,6.200069154630181,7.909448477382646
2021-10-27 00:00:00-04:00,138.76326230699843,147.9037198422435,138.76326230699843,145.23513793945312,51850000,0.0,0.0,138.27916717529297,138.54234619140624,139.31161244710287,0.6833313368976235,144.95623508891697,131.60209926166897,58.40955956219426,149.39647536324944,12.189571551395675
2021-10-28 00:00:00-04:00,146.09954254739728,146.2240241140694,143.5846970753437,144.93907165527344,32418000,0.0,0.0,138.9171043395996,138.6003865559896,139.47858352661132,1.0254943140926684,145.57869237568437,132.25551630351484,58.032314546957664,169.90426447346735,12.18957155132019
2021-10-29 00:00:00-04:00,144.3350046096957,147.40281996780476,143.98438287049444,147.06309509277344,28954000,0.0,0.0,139.50269470214843,138.8254384358724,139.66588719685873,1.4513219429310595,146.86652356351357,132.1388658407833,59.95193228125887,186.1299214284645,14.632397920799665
2021-11-01 00:00:00-04:00,146.95847604892887,147.19107872878655,142.41032103966134,142.60324096679688,32272000,0.0,0.0,139.9990692138672,138.9827138264974,139.77727279663085,1.4126364575506898,146.7370503839251,133.26108804380928,54.53379434306705,121.76370389930032,10.39027015540106
2021-11-02 00:00:00-04:00,143.6302073941063,145.7241157796254,143.46318266068823,144.67523193359375,21150000,0.0,0.0,140.47942581176758,139.18824361165363,139.90722249348957,1.5315159241048377,147.10615072497544,133.85270089855973,56.42640267809186,122.36843736104701,10.390270155322192
2021-11-03 00:00:00-04:00,145.083844631564,145.7141828133964,143.87229496333552,145.5946502685547,17886000,0.0,0.0,140.94738311767577,139.38170471191407,140.05093383789062,1.68054584713866,147.6338031964256,134.26096303892595,57.24340576959927,120.59403277883081,10.390270155274038
2021-11-04 00:00:00-04:00,146.00133402984602,148.7289405305666,145.44093245453593,147.47225952148438,24700000,0.0,0.0,141.41839065551758,139.60839284261067,140.2326665242513,1.927936458328901,148.5578798082846,134.27890150275056,58.87250614544296,150.7564985176014,16.909943261413964
2021-11-05 00:00:00-04:00,148.13729798630283,149.34464038331402,147.44150287310572,148.0257110595703,20408000,0.0,0.0,141.8738998413086,139.82686564127604,140.41205215454102,2.1439402056520294,149.4877519857731,134.2600476968441,59.34484965249837,155.16953158937545,18.167810241025848
2021-11-08 00:00:00-05:00,148.77851735305836,149.80459331547956,147.9056785415364,148.1352996826172,18388000,0.0,0.0,142.39482345581055,140.08641713460287,140.5929911295573,2.2974836561835446,150.233428120246,134.5562187913751,59.440267565490025,144.74086268910202,19.114104182566628
2021-11-09 00:00:00-05:00,148.52660372888408,149.1539453405819,146.30583773065774,148.0331573486328,16876000,0.0,0.0,143.01649475097656,140.518354288737,140.7637975056966,2.3834509750435586,150.55231397897887,135.48067552297425,59.30606000612601,120.96958175135883,14.355857663123741
2021-11-10 00:00:00-05:00,146.8044974704789,147.48912333029622,144.14160617188625,145.43202209472656,22708000,0.0,0.0,143.4492416381836,140.91856943766277,140.91795705159504,2.2161444840947127,150.45156977978303,136.44691349658416,55.97653233512486,80.16558727125367,8.301495257018155
2021-11-11 00:00:00-05:00,145.9090792226678,147.29296590836762,145.4999473558,145.55300903320312,12464000,0.0,0.0,143.71386947631837,141.36432545979818,141.08620859781902,2.0694600719295693,150.60798212757675,136.81975682505998,56.0951351534874,82.26878159734588,8.301495256979063
2021-11-12 00:00:00-05:00,146.62770170630782,148.6391875317847,145.2614163008683,148.4269256591797,17048000,0.0,0.0,144.10914840698243,141.80018005371093,141.29668070475262,2.160211102967196,151.13777467663562,137.08052213732924,58.82124238610773,98.02939468996544,11.423182715463629
2021-11-15 00:00:00-05:00,148.77854000677405,149.2516607281233,147.44200915675796,148.17152404785156,16248000,0.0,0.0,144.42790603637695,142.31670583089192,141.47771123250325,2.186320630050659,151.5918415836727,137.2639704890812,58.48738176611581,105.93230008954657,12.819994339944175
2021-11-16 00:00:00-05:00,147.95578872178123,148.61240052031297,147.14197450878947,147.862060546875,17254000,0.0,0.0,144.68846588134767,142.74317118326823,141.6095703125,2.1571749303367085,151.95854990882606,137.41838185386928,58.07421686292227,92.90471677027679,11.925547413976739
2021-11-17 00:00:00-05:00,148.0138225427555,148.40759289424042,147.3532454603025,147.84817504882812,15290000,0.0,0.0,145.01810989379882,143.13026021321613,141.71972427368163,2.1086491152711915,152.2303928850116,137.80582690258603,58.05518078348878,87.70743763055134,11.925547413942365
2021-11-18 00:00:00-05:00,147.93148985378133,150.37542980989116,147.7851994319004,149.4817657470703,26658000,0.0,0.0,145.41130676269532,143.51124877929686,141.84798787434895,2.1769150524412453,152.70010287750728,138.12251064788336,59.66430203176665,105.95287436224383,16.568181129501465
2021-11-19 00:00:00-05:00,149.7704008237472,150.61348529279465,148.66695692984382,148.73143005371094,19766000,0.0,0.0,145.97306900024415,143.83844553629558,141.9774169921875,2.14573577351797,152.37066133563107,139.57547666485723,58.59619332032075,102.60978730990257,17.11494904126909
2021-11-22 00:00:00-05:00,148.9191477277878,149.5169921897112,145.80842535892515,145.88084411621094,24608000,0.0,0.0,146.3849624633789,144.11057942708334,142.0192072550456,1.8694575654040761,151.44540875039579,141.32451617636204,54.74457063886152,57.22372745489999,8.298723224967269
2021-11-23 00:00:00-05:00,145.91503923830055,146.49130175609528,143.709634939187,145.5619354248047,18126000,0.0,0.0,146.73632736206054,144.4426528930664,142.04049072265624,1.6062559105541823,150.23727997922958,143.2353747448915,54.33125716762952,17.844537613841688,2.441450733183038
2021-11-24 00:00:00-05:00,145.15826596060003,145.80296690329703,144.01663767970612,145.52276611328125,16464000,0.0,0.0,146.75070877075194,144.7341756184896,142.06124521891277,1.378614259703511,150.22797943533234,143.27343810617154,54.27918871232214,9.936148548171087,2.4414507331714175
2021-11-26 00:00:00-05:00,143.83462308869554,144.11382498642715,141.32522641397264,141.6431121826172,16992000,0.0,0.0,146.58591079711914,144.78026428222657,142.01105702718098,0.8750637722922647,150.6820334819015,142.48978811233678,49.4257605383612,-58.484921900937586,4.636564407361332
2021-11-29 00:00:00-05:00,143.1234569230208,145.66608913604432,143.1234569230208,144.92417907714844,26276000,0.0,0.0,146.47896499633788,144.9270253499349,142.04238306681316,0.7323094529749312,150.63389736902937,142.3240326236464,53.09502897439957,-8.804302295184355,0.49385847078906997
2021-11-30 00:00:00-05:00,144.26583749124265,145.434480873835,140.90913385773533,141.2919921875,41590000,0.0,0.0,146.41340255737305,144.91021270751952,142.00398178100585,0.3223723916235599,150.8571783547207,141.9696267600254,49.021999922352144,-63.25892752420015,5.986598141873011
2021-12-01 00:00:00-05:00,143.03816860657238,145.30619996702038,140.34776260341337,140.4647979736328,28476000,0.0,0.0,146.202880859375,144.83734385172525,141.93949508666992,-0.06846413095877324,151.33845754550762,141.06730417324238,48.151761246088874,-75.58912270614722,7.328186359742423
2021-12-02 00:00:00-05:00,140.6691280205665,143.49691018418346,139.83397403913443,142.60572814941406,21250000,0.0,0.0,146.05343475341797,144.88235829671223,141.92119572957355,-0.20310841091441034,151.43175542492506,140.6751140819109,50.50428093199743,-77.74276567782442,8.563582358845089
2021-12-03 00:00:00-05:00,143.318847614487,144.0305036810719,140.0005858592488,141.35992431640625,26688000,0.0,0.0,145.74781799316406,144.87376149495444,141.8816365559896,-0.4056646806248523,151.47031335120516,140.02532263512296,49.16153119754409,-83.62777738332599,7.030674183929344
2021-12-06 00:00:00-05:00,142.40488788582726,143.17605310289463,139.50172038967924,142.6255645751953,22198000,0.0,0.0,145.47781066894532,145.04474080403645,141.91264012654622,-0.45877689772390795,151.25707701857303,139.69854431931762,50.54342538970432,-92.88614412305614,8.283172559052986
2021-12-07 00:00:00-05:00,144.76149762967785,147.09236717470736,144.516015492022,146.8310089111328,23258000,0.0,0.0,145.4125961303711,145.35100860595702,141.98821105957032,-0.1596837658296124,151.09420925784326,139.73098300289894,54.769512667370996,23.315124099227226,2.395663714687733
2021-12-08 00:00:00-05:00,147.12360538524692,147.94188422524132,146.0013191644293,147.5094451904297,18964000,0.0,0.0,145.38641052246095,145.6501688639323,142.0760648091634,0.13058849102100112,151.021809502023,139.7510115428989,55.40545335638127,50.05465660256509,4.508879230642668
2021-12-09 00:00:00-05:00,146.96938549315905,148.38674987551974,146.3276660542158,146.89996337890625,18580000,0.0,0.0,145.4598075866699,145.7056630452474,142.12400461832684,0.30790195525796094,151.13579944773323,139.7838157256066,54.69083390331241,48.56516037589633,5.615894403296224
2021-12-10 00:00:00-05:00,147.88586715290862,148.18341210986637,146.15754866614847,147.46432495117188,21634000,0.0,0.0,145.55537338256835,145.7898381551107,142.19511235555012,0.48833420274391415,151.30189533406877,139.80885143106792,55.24379618197514,47.81451396500863,5.133751439235079
2021-12-13 00:00:00-05:00,147.23520949333408,147.3527442966954,145.168180026597,145.50987243652344,24104000,0.0,0.0,145.40952072143554,145.73806406656902,142.2817512512207,0.4682226951584596,150.99498572953235,139.82405571333874,52.929606016451274,5.1433729875752725,2.3234404769387464
2021-12-14 00:00:00-05:00,143.59112549636131,144.25765041733064,141.0841957169762,143.7899932861328,24778000,0.0,0.0,145.1904441833496,145.77762247721355,142.38016815185546,0.3099316080428878,150.66232557041374,139.71856279628545,50.985334699622534,-93.06072153637118,8.159771186306482
2021-12-15 00:00:00-05:00,143.19043429152362,146.31601902257543,141.543463627169,146.16848754882812,27280000,0.0,0.0,145.10576553344725,145.82739766438803,142.50782063802083,0.3721198244716959,150.45460079176354,139.75693027513097,53.43252815142713,-38.557936375952565,2.675146755720862
2021-12-16 00:00:00-05:00,146.87118090224754,147.341819514539,142.9191302365743,143.6590576171875,27400000,0.0,0.0,144.89630966186525,145.76287790934245,142.57229131062826,0.2164196596115744,150.1195855456277,139.6730337781028,50.67131062988869,-38.98292584354121,0.05936276611586821
2021-12-17 00:00:00-05:00,141.55234116391588,143.28373183073552,140.63338740606082,141.64012145996094,43404000,0.0,0.0,144.50422744750978,145.56847330729167,142.58843307495118,-0.0690887061358012,149.44799943362037,139.5604554613992,48.581824525720855,-119.65877793110592,5.602851154424354
2021-12-20 00:00:00-05:00,139.53405611867652,141.4492411301252,139.10795832808728,141.241943359375,20264000,0.0,0.0,144.12975311279297,145.34234771728515,142.5846066792806,-0.32375375619957936,148.85511184473208,139.40439438085386,48.17651133409355,-144.54816311877568,9.084360282551986
2021-12-21 00:00:00-05:00,141.9843335498619,143.5138299414272,140.5808624546806,143.04612731933594,19548000,0.0,0.0,143.9880172729492,145.1727086385091,142.629562886556,-0.37566464754954154,148.66199824566584,139.31403630023257,50.12685168505366,-84.49823851275895,3.7280036386535373
2021-12-22 00:00:00-05:00,142.9265811152077,146.10348644321178,142.79068812751223,145.75238037109375,18438000,0.0,0.0,143.99753952026367,145.0966827392578,142.8075185139974,-0.19617106088807645,148.68577589527118,139.30930314525617,52.87862442031787,-5.97448176778992,2.4851165178151327
2021-12-23 00:00:00-05:00,145.89172804468672,147.3627594611323,145.75421565798936,145.94430541992188,13818000,0.0,0.0,144.01861648559571,145.11375885009767,143.01616414388022,-0.03799635449874472,148.73940161212096,139.29783135907047,53.06859913880901,39.10409049807106,5.337402980752406
2021-12-27 00:00:00-05:00,146.26268714250668,147.21784276979406,146.05092473124705,146.85829162597656,13256000,0.0,0.0,144.27937545776368,145.15726826985676,143.26079686482748,0.1592732849445042,149.02375578731946,139.5349951282079,53.98256813963703,49.10116208172574,5.337402980736079
2021-12-28 00:00:00-05:00,147.1662734599647,147.1662734599647,144.7471389936202,145.25546264648438,18624000,0.0,0.0,144.29593963623046,145.05155283610026,143.4258664449056,0.18415318887994658,149.05209740511023,139.53978186735068,52.14046620079948,21.01860785284807,2.0307681768988717
2021-12-29 00:00:00-05:00,145.23710668322863,145.9852067197998,144.31963607192006,145.31149291992188,17022000,0.0,0.0,144.49691467285157,144.95621846516926,143.6364621480306,0.20601703071179145,149.05414728930327,139.93968205639987,52.19945258849766,8.298829004948741,0.9558112397968317
2021-12-30 00:00:00-05:00,145.2574338696758,145.8649492222854,144.57156703154118,144.81358337402344,12978000,0.0,0.0,144.7143539428711,144.85460255940754,143.79888687133788,0.18107976887631594,148.85774362027533,140.57096426546687,51.61465265607553,7.66011342813543,0.9558112397936772
2021-12-31 00:00:00-05:00,144.35883556948673,145.17314928547685,143.49939066678377,143.50137329101562,17298000,0.0,0.0,144.75913619995117,144.70970916748047,143.91998469034831,0.054800713592925376,148.82520583725977,140.69306656264257,50.08488928470823,-24.18716883790966,1.8204143995981161
2022-01-03 00:00:00-05:00,143.29900616762555,144.36476493006603,142.33393746108644,143.89312744140625,25214000,0.0,0.0,144.88579635620118,144.52342122395834,144.0173350016276,-0.013509334402442619,148.65285173953853,141.11874097286383,50.53764044454312,-38.15746130753563,4.765313784148247
2022-01-04 00:00:00-05:00,144.36527744629393,145.41614392228843,142.6450407319429,143.24050903320312,22928000,0.0,0.0,144.91654357910156,144.34039052327475,144.08941802978515,-0.11893537796598252,148.6153419494802,141.2177452087229,49.759827142659226,-23.734584188651592,1.9125574531293568
2022-01-05 00:00:00-05:00,143.0069198132499,143.12297142958533,136.4036312742757,136.53257751464844,49642000,0.0,0.0,144.40162200927733,144.02878163655598,144.06968053181967,-0.7352843893267789,149.55828544661426,139.2449585719404,42.76189253422778,-201.91272478873228,15.965060495439687
2022-01-06 00:00:00-05:00,136.37786177362668,138.54854794142628,135.6498451188384,136.43092346191406,29050000,0.0,0.0,143.84769592285156,143.7244145711263,144.08353373209636,-1.2179087598210288,149.90087921416318,137.79451263153993,42.66782260181036,-230.92966800488887,17.442753492524844
2022-01-07 00:00:00-05:00,136.78201954340426,137.12891821233666,134.68325308402072,135.88885498046875,19408000,0.0,0.0,143.2971405029297,143.40328420003254,144.06872990926107,-1.6253958946560658,150.1337212105529,136.4605597953065,42.156248459481674,-226.06729040227847,19.324598160695682
2022-01-10 00:00:00-05:00,133.99886340012452,137.51102875887284,132.05631569486317,137.44557189941406,34096000,0.0,0.0,142.79620285034179,143.26336619059245,144.0218152364095,-1.8019466204980574,149.81296665946184,135.77943904122174,44.14574467059747,-203.31123936160202,24.183331209365747
2022-01-11 00:00:00-05:00,137.05527271953207,139.18677516420928,135.69941517136434,138.8773193359375,23502000,0.0,0.0,142.4645751953125,143.06180419921876,143.99441477457682,-1.8055213638083103,149.56772846872474,135.36142192190027,45.91560370177338,-129.40640156747963,19.43653141288236
2022-01-12 00:00:00-05:00,140.4018233075007,141.6513155019373,139.96292175056976,140.4945526123047,23642000,0.0,0.0,142.2998031616211,143.03522288004558,143.97271779378255,-1.6587362846539122,149.42635093325993,135.17325538998227,47.846656196949475,-56.182661491320495,12.87241438177573
2022-01-13 00:00:00-05:00,140.68547088929662,142.01951955835904,137.78280340253434,137.99803161621094,26566000,0.0,0.0,141.89128036499022,142.95299733479817,143.89517059326172,-1.723983424211042,149.02079200332736,134.7617687266531,45.26571961341469,-85.90721798364365,17.04448629879728
2022-01-14 00:00:00-05:00,136.38032870256765,140.0506957786099,136.38032870256765,138.64820861816406,23826000,0.0,0.0,141.64073791503907,142.82108001708986,143.85171915690105,-1.7035904715804975,148.86029096306157,134.42118486701656,46.049760579767415,-99.6861101870307,19.60635031669436
2022-01-18 00:00:00-05:00,135.48763766864596,136.272681023657,134.51264079145983,135.18064880371094,27382000,0.0,0.0,141.31776428222656,142.61510416666667,143.74443283081055,-1.9448134087456594,149.09391887389424,133.5416096905589,42.67697605604501,-150.9031210768705,22.887080337683805
2022-01-19 00:00:00-05:00,135.8234013322,137.27250279107776,134.39660817793836,134.54736328125,20796000,0.0,0.0,140.9830352783203,142.34583079020183,143.69528579711914,-2.162161125880516,149.32844015184835,132.63763040479225,42.09449027266383,-134.53113461752656,20.17132198916183
2022-01-20 00:00:00-05:00,135.40237450285642,136.7889856298295,132.06030554878896,132.4193572998047,21930000,0.0,0.0,140.45169677734376,141.86544240315754,143.60822550455728,-2.4775632489262023,149.56214522187696,131.34124833281055,40.187790302537714,-149.17838921662926,24.219610865398028
2022-01-21 00:00:00-05:00,131.9288743805229,133.66314091482835,128.9424065676123,129.03265380859375,41920000,0.0,0.0,139.61571044921874,141.24954935709636,143.44985911051432,-2.966603216435516,149.6950913777045,129.53632952073298,37.3988277539038,-183.85508308639606,29.17796091406847
2022-01-24 00:00:00-05:00,125.00124370343332,129.7135629282899,123.62698248152874,129.31036376953125,55148000,0.0,0.0,138.7840133666992,140.6632293701172,143.1844462076823,-3.2937932429114767,149.39568295780344,128.17234377559498,37.765197337151356,-207.19831825224685,36.50485643845731
2022-01-25 00:00:00-05:00,127.38964494422088,128.28529165288128,125.34889653652355,125.70348358154295,36008000,0.0,0.0,137.72627296447754,139.93786799112956,142.8638530731201,-3.800330934002403,149.1364786414689,126.31606728748619,35.012117311670224,-197.76237006238907,36.504856438166144
2022-01-26 00:00:00-05:00,129.52905593596196,131.72601508162822,126.11806505451936,128.1875762939453,39630000,0.0,0.0,136.87287864685058,139.36045811971027,142.54926109313965,-3.95572109174239,148.46369324277356,125.28206405092759,38.2208135367042,-149.75166817412816,27.376369529413658
2022-01-27 00:00:00-05:00,130.29128367850612,131.53007543590124,127.89497260345117,128.0695343017578,30248000,0.0,0.0,136.0107807159424,138.83644282023113,142.30703264872233,-4.041802529898433,147.52345175080072,124.49810968108407,38.12827229370625,-129.99690529252823,27.376369529213566
2022-01-28 00:00:00-05:00,128.94141342771556,132.2844662032464,127.6465478331586,132.20413208007812,30518000,0.0,0.0,135.38030815124512,138.37096430460613,142.09918098449708,-3.7333593606117006,146.22489350206422,124.53572280042602,43.118564147042086,-101.41655938659945,25.408613844648556
2022-01-31 00:00:00-05:00,133.1051907708197,134.73729880883366,131.19686237114223,134.59347534179688,34056000,0.0,0.0,134.93491325378417,138.06877822875975,141.91582806905112,-3.258553319801365,145.0845699642884,124.78525654327996,45.73506870853881,-60.55926391866744,19.21413378183877
2022-02-01 00:00:00-05:00,136.71260387887395,137.0746219650003,133.47245120083087,136.7557373046875,51204000,0.0,0.0,134.57804374694825,137.90596542358398,141.73721936543782,-2.6769316404196672,143.86688771518857,125.28919977870794,47.975402320490545,-28.714942823117713,13.678954761123766
2022-02-02 00:00:00-05:00,150.62684078640498,150.86142605975058,144.3721920176605,146.8310089111328,89750000,0.0,0.0,134.75756874084473,138.09226760864257,141.71730766296386,-1.3870134256842732,144.8549339185373,124.66020356315217,56.61021045069285,115.571475459012,11.41784137393354
2022-02-03 00:00:00-05:00,144.11184257031505,147.90342190304173,141.0470084645246,141.48887634277344,56930000,0.0,0.0,135.00538368225097,138.04035924275715,141.60653394063314,-0.7867403463654625,145.5207991607557,124.48996820374622,51.8865376401266,65.86092633818284,5.601072392344092
2022-02-04 00:00:00-05:00,141.8523936568783,143.35827988004914,138.6789541086681,141.85140991210938,49224000,0.0,0.0,135.27640800476075,137.91032689412435,141.50350481669108,-0.27855516648071443,146.21733215090183,124.33548385861968,52.166740034216005,40.96915060887996,1.6899239606636034
2022-02-07 00:00:00-05:00,142.53873946683547,142.6751167412784,137.56954266246038,137.8065948486328,44610000,0.0,0.0,135.37229499816894,137.6390698750814,141.37641436258951,-0.19989327657506806,146.36928997930536,124.37530001703252,48.881100572513475,19.942967140964395,0.10320594082395751
2022-02-08 00:00:00-05:00,137.85944114832554,138.69839386420134,135.75843463734276,138.07937622070312,34256000,0.0,0.0,135.4039852142334,137.34643936157227,141.25185381571453,-0.11422526732059168,146.4297516362124,124.37821879225437,49.104737164891496,-0.5865218871656206,2.9919985025507296
2022-02-09 00:00:00-05:00,139.70278837271576,141.0177524202751,139.2338902185869,140.30113220214844,28628000,0.0,0.0,135.47517585754395,137.18129501342773,141.116423924764,0.13142935118293053,146.61318457316122,124.33716714192666,50.91408942932515,41.490235202055,0.8080406378379772
2022-02-10 00:00:00-05:00,138.36404470854862,140.27932023938678,136.92585515604796,137.47384643554688,33018000,0.0,0.0,135.32414054870605,136.92004013061523,140.93812929789226,0.0968575597837571,146.2555697805501,124.392711316862,48.637856011265825,16.87557166346918,2.880779979761466
2022-02-11 00:00:00-05:00,137.62013935404576,138.1490459350659,132.20311105371576,133.0377655029297,38808000,0.0,0.0,135.07612724304198,136.52751286824545,140.6910577138265,-0.28520779345609526,145.9771585260248,124.17509596005917,45.34720130295707,-37.36515966036133,9.862659824444455
2022-02-14 00:00:00-05:00,132.27948580420832,135.0576870426663,132.21651100289205,134.1982421875,26792000,0.0,0.0,134.8536289215088,136.21740849812826,140.46355883280435,-0.4887228755050046,145.62860090743652,124.07865693558107,46.32985584989417,-43.68739088747724,9.862659824400325
2022-02-15 00:00:00-05:00,136.35203217146315,136.77704012626367,134.43577327975066,135.31455993652344,26578000,0.0,0.0,134.8603244781494,135.93145624796549,140.22743873596193,-0.5535515338775667,145.63631846039803,124.08433049590079,47.273252033573954,-11.75010479633917,6.869444850287946
2022-02-16 00:00:00-05:00,135.31953560623597,136.8226977169329,133.72577816333373,136.36793518066406,25610000,0.0,0.0,134.95135307312012,135.70237045288087,140.0213804880778,-0.514005004193848,145.74695589306444,124.15575025317578,48.16270345126316,-5.028068831392592,7.940885549642296
2022-02-17 00:00:00-05:00,135.0413199224027,135.72520421105324,131.1254705562513,131.23110961914062,30968000,0.0,0.0,134.8919406890869,135.52565485636393,139.77721824645997,-0.8869389074498315,145.75905722235962,124.0248241558142,44.38552443428157,-57.47018315409652,11.785972965742314
2022-02-18 00:00:00-05:00,131.95416985801418,132.73426434994704,129.2459506924481,129.40509033203125,31858000,0.0,0.0,134.9105625152588,135.29146041870118,139.50793749491373,-1.314681379827789,145.73660229219735,124.08452273832023,43.14134173247025,-92.5582252381283,14.45754318876073
2022-02-22 00:00:00-05:00,128.92651574678425,130.82667171882133,126.70078566326686,128.3487548828125,38906000,0.0,0.0,134.86248207092285,135.0401237487793,139.22170397440593,-1.7190912002344874,145.80119902423618,123.9237651176095,42.429585396032394,-114.60145248917968,17.938977107531603
2022-02-23 00:00:00-05:00,130.01112581555853,130.67615245174545,126.46523272864216,126.54606628417967,26432000,0.0,0.0,134.90461120605468,134.67680689493815,138.9700865427653,-2.1601499369086525,145.7003587285635,124.10886368354588,41.22875941523628,-115.31403967768057,18.25748504590663
2022-02-24 00:00:00-05:00,123.98213203387276,131.95368973772497,123.74855314779552,131.5931396484375,43166000,0.0,0.0,135.07488937377929,134.43400090535482,138.74790255228677,-2.0784761438560224,145.52649387900314,124.62328486855543,45.68125196712062,-88.84166187941264,21.875288090692248
2022-02-25 00:00:00-05:00,132.4381936979278,134.2865291884244,130.692031460654,133.42410278320312,26236000,0.0,0.0,135.34261779785157,134.19831924438478,138.61677106221518,-1.8447406297867133,145.30135055369618,125.38388504200698,47.18292684034248,-26.84358318877703,17.26492893956857
2022-02-28 00:00:00-05:00,132.19919288845975,134.5360112681264,131.7436886380707,133.79261779785156,29676000,0.0,0.0,135.42204208374022,134.0581387837728,138.50556805928548,-1.6111946203896537,145.300396347287,125.54368782019344,47.48520493871173,-14.938818298152407,16.776218885273284
2022-03-01 00:00:00-05:00,133.3849258451676,135.00264135187436,132.29239390083143,133.07546997070312,24640000,0.0,0.0,135.34614181518555,133.87238082885742,138.34673042297362,-1.4670641591201559,145.27450209600286,125.41778153436823,46.94433567262195,-10.82414005765489,15.84209139230564
2022-03-02 00:00:00-05:00,133.51212230047628,134.5111681410533,132.34594578141397,133.65420532226562,23966000,0.0,0.0,135.19106521606446,133.8214993794759,138.2183017730713,-1.2912558305465325,145.12360948631462,125.2585209458143,47.44408266595521,-9.007822384319926,15.842091392244814
2022-03-03 00:00:00-05:00,134.87122371905593,135.60054189006348,132.34446747584224,133.21432495117188,19780000,0.0,0.0,134.5102310180664,133.7770647684733,138.06144777933756,-1.1738892684687414,142.81700476926352,126.2034572668693,47.095284904124206,-4.212684279350336,13.572356842640085
2022-03-04 00:00:00-05:00,132.29637629089302,133.10622536869352,129.34657934623405,131.04612731933594,24446000,0.0,0.0,133.98809356689452,133.731290435791,137.7983664194743,-1.2415193882582969,141.7423155304943,126.23387160329476,45.39362018422369,-48.00009789768371,18.138506247442756
2022-03-07 00:00:00-05:00,130.82990468425135,130.82990468425135,125.38063938811683,125.4346923828125,39178000,0.0,0.0,133.1672576904297,133.61135838826496,137.43045387268066,-1.7279934156422314,140.89228603495644,125.44222934590296,41.38968523685082,-113.66090553327395,23.658186128844076
2022-03-08 00:00:00-05:00,125.22243662854471,130.17775602134824,124.83585518448734,126.2420654296875,35250000,0.0,0.0,132.58903121948242,133.50908177693685,137.086155573527,-2.025035975629436,140.57861944988977,124.59944298907509,42.149180864531566,-115.27547257072564,24.382717046472386
2022-03-09 00:00:00-05:00,130.32998698622853,133.10570607158778,129.02867428078508,132.77590942382812,32258000,0.0,0.0,132.32385787963867,133.744829305013,136.8413486480713,-1.7134659706665332,139.8868413853585,124.76087437391881,47.8109056597373,-40.834595454609925,18.148456964372997
2022-03-10 00:00:00-05:00,130.391980190023,132.4510790866885,130.33098801378603,131.6015625,24266000,0.0,0.0,131.88887939453124,133.85862884521484,136.60954348246256,-1.5435118356799933,138.45505423246115,125.32270455660134,46.95645796417469,-46.50048122197514,18.148456964294418
2022-03-11 00:00:00-05:00,132.9083308252191,133.10719862645047,129.23548166214246,129.41302490234375,26600000,0.0,0.0,131.4858383178711,133.90341186523438,136.36992734273275,-1.5673512039716115,137.58128534069934,125.39039129504286,45.39250559457701,-63.98301613200582,19.75880596980758
2022-03-14 00:00:00-04:00,129.50973514425857,129.95904924687525,125.38361418160248,125.7089385986328,30254000,0.0,0.0,131.11939697265626,133.68690541585286,136.0289348602295,-1.863649887641742,137.68505340157338,124.55374054373914,42.891308963599485,-124.43269964179285,25.117433298583865
2022-03-15 00:00:00-04:00,126.70128047575332,129.45441872559348,125.53733642173056,128.6046600341797,30292000,0.0,0.0,130.83971786499023,133.4872782389323,135.77802823384602,-1.8435568342611361,137.32926357246606,124.35017215751442,45.3276085476347,-101.8327513463538,25.117433298407406
2022-03-16 00:00:00-04:00,129.93324051100143,132.6816718232477,128.14889412728706,132.60183715820312,32058000,0.0,0.0,130.7040817260742,133.34881490071615,135.62739016215008,-1.4879420864281485,136.90688883541438,124.50127461673405,48.466920338484776,-42.49100611139597,18.048945897481747
2022-03-17 00:00:00-04:00,132.23533379201203,133.6422853859274,131.63823106044416,133.50440979003906,23994000,0.0,0.0,130.56090545654297,132.90459493001302,135.4984312693278,-1.1203698422937407,136.33029817469216,124.79151273839378,49.14897334834315,-3.5675304666261707,16.03048786278793
2022-03-18 00:00:00-04:00,132.79376194798616,135.79858748020033,131.84951836628343,135.6875,45900000,0.0,0.0,130.78372497558593,132.71121571858723,135.3757874806722,-0.6454684964674016,136.98979697389981,124.57765297727204,50.77900195641512,36.16843125906786,11.599466174750289
2022-03-21 00:00:00-04:00,135.73312488721646,136.46214022887264,133.51532549028158,135.36712646484375,26632000,0.0,0.0,131.08182678222656,132.4950729370117,135.20269991556805,-0.2915958893342463,137.57518302766107,124.58847053679203,50.53309004523754,59.13219850319625,10.259063878973057
2022-03-22 00:00:00-04:00,135.38845732716678,140.34774147834503,135.38845732716678,139.13519287109375,29776000,0.0,0.0,131.62114868164062,132.53935953776042,135.0892147064209,0.28956425281378984,138.90266267904357,124.33963468423768,53.28561467859515,136.08813948336544,2.780955885881467
2022-03-23 00:00:00-04:00,138.00549498986425,138.8847661442715,137.04140989412957,137.3756561279297,25302000,0.0,0.0,132.16262817382812,132.51590220133463,134.93117078145346,0.6012273675455901,139.46570629555856,124.8595500520977,51.890820834403726,123.12838701774952,2.7809558858709456
2022-03-24 00:00:00-04:00,138.1384033271449,140.2451004604059,136.9153360745248,140.16128540039062,20544000,0.0,0.0,132.59103546142578,132.51124064127603,134.84626782735188,1.0607717171466504,140.71280033203072,124.46927059082083,53.86845639545898,157.483396651572,0.2339713574862902
2022-03-25 00:00:00-04:00,140.59969979285168,140.80353174065894,138.56192515812023,140.3690948486328,19270000,0.0,0.0,132.93828506469725,132.60774892171224,134.76389452616374,1.4253024117975883,141.7726333156702,124.10393681372433,54.01433982681237,172.3970086996548,0.8098579985733475
2022-03-28 00:00:00-04:00,139.5388697175351,140.82035606739564,138.68950456641818,140.7940673828125,23774000,0.0,0.0,133.28835754394532,132.86629231770834,134.6969025929769,1.7285615637601097,142.7945830325242,123.78213205536643,54.31993991823064,162.74114483358488,0.8420415049962178
2022-03-29 00:00:00-04:00,141.99471679846243,142.98855618205098,141.32371213994628,142.08348083496094,28678000,0.0,0.0,133.7387580871582,133.12913360595704,134.67327105204265,2.049318250924813,144.02417130493927,123.45334486937713,55.253294599098474,184.26263379536076,4.9534091805827005
2022-03-30 00:00:00-04:00,141.706598848509,142.3121316383981,141.01031938008515,141.48294067382812,21046000,0.0,0.0,134.13019485473632,133.33474629720052,134.63310127258302,2.229362955924472,144.98232977875048,123.27805993072214,54.71465678513207,158.8893798937727,4.306737333749347
2022-03-31 00:00:00-04:00,141.28853263680045,141.48293574640402,138.48207516492587,138.5123291015625,29516000,0.0,0.0,134.39509506225585,133.4062260945638,134.55429827372234,2.1080459132685405,145.4105176899878,123.37967243452387,52.11492897813311,111.81411537652649,0.7945105549810556
2022-04-01 00:00:00-04:00,138.86989176784093,139.80223976027813,137.6667717811713,139.5542755126953,23480000,0.0,0.0,134.82050247192382,133.68366495768228,134.60465990702312,2.0720918652009175,145.94794529646614,123.69305964738149,52.926494360320966,94.06159090176146,2.387067269421285
2022-04-04 00:00:00-04:00,139.67774769502145,142.8707865822871,139.67774769502145,142.47280883789062,19076000,0.0,0.0,135.67240829467772,134.11925557454427,134.70535799662272,2.2531266299475305,146.37503378847066,124.9697828008848,55.13003777763442,126.31063502910968,3.63590961152848
2022-04-05 00:00:00-04:00,142.23178223388035,142.42072176241064,139.7957729665262,139.914306640625,19256000,0.0,0.0,136.35602035522462,134.50477396647136,134.77244885762533,2.1651892859648854,146.237531428957,126.47450928149223,52.88500833247284,101.4027809431418,3.6359096115091782
2022-04-06 00:00:00-04:00,138.02828051526862,138.70968263262088,135.30722754054727,136.05894470214844,23574000,0.0,0.0,136.52017211914062,134.82186991373698,134.74933840433758,1.7640677446075586,146.2593213725623,126.78102286571894,49.728262233667955,33.20835248155448,5.102644628585583
2022-04-07 00:00:00-04:00,135.50551376318631,136.5802020660517,133.75910932650584,135.353759765625,19448000,0.0,0.0,136.70778198242186,134.94722391764324,134.69061241149902,1.373441325592296,146.18913467110215,127.22642929374159,49.17287764077395,6.09151585577074,7.874254443008382
2022-04-08 00:00:00-04:00,135.14048514821272,135.14048514821272,132.66332528234236,132.91921997070312,16434000,0.0,0.0,136.88309173583986,134.9303944905599,134.56435686747233,0.8575349301809752,145.91556278435033,127.85062068732937,47.28676654163751,-22.761380614261785,9.803170645674658
2022-04-11 00:00:00-04:00,131.8177759824852,131.85665660346615,128.5620044968228,128.7395477294922,24188000,0.0,0.0,137.0346221923828,134.76195882161457,134.4100488026937,0.11014113755206267,145.35109492602504,128.71814945874058,44.270922858538526,-84.4137742673063,16.566994045960676
2022-04-12 00:00:00-04:00,131.34514886515225,131.34514886515225,126.53712669062122,127.3291244506836,23004000,0.0,0.0,136.970845413208,134.57041397094727,134.22139739990234,-0.5891913676610443,145.57413412146704,128.36755670494895,43.3067491365536,-99.63440627084017,19.64460942186211
2022-04-13 00:00:00-04:00,127.57906538245813,129.59179190402466,127.39269873268582,129.2250518798828,19542000,0.0,0.0,136.802006149292,134.42277552286785,134.12213745117188,-0.9791449444284979,145.88545192749848,127.71856037108552,44.97325199271951,-88.57853283201831,19.644609421778334
2022-04-14 00:00:00-04:00,129.5856077398929,129.64585832185617,126.07641618933224,126.21675872802734,23484000,0.0,0.0,136.4376235961914,134.18952331542968,133.9832940419515,-1.5134835828481243,146.5988037757554,126.27644341662737,42.90317800995355,-102.26458499979519,21.655018558414422
2022-04-18 00:00:00-04:00,126.372490654191,127.66389026900758,125.54771145968448,126.91899871826172,14918000,0.0,0.0,135.9991985321045,134.05195236206055,133.8916213989258,-1.8588581455474014,147.01720027058226,124.98119679362671,43.53084819315353,-105.50190324243664,22.461095364719153
2022-04-19 00:00:00-04:00,127.0340368844964,129.83776973660116,126.41363452373818,129.4680633544922,22720000,0.0,0.0,135.70424537658693,134.18639806111653,133.89887822469075,-1.9049229955350313,147.10275853262027,124.30573222055358,45.769476081590064,-80.29275548572235,17.326492569179816
2022-04-20 00:00:00-04:00,130.21495018046843,130.84923861139282,126.85260854783483,127.2011947631836,22610000,0.0,0.0,135.1075454711914,134.21836903889974,133.86372540791828,-2.1001379879028264,146.9890520102702,123.2260389321126,44.15898443579499,-85.55792431783489,15.005531992051374
2022-04-21 00:00:00-04:00,128.29670272062927,129.2463948547527,123.63497050857129,123.92012786865234,30158000,0.0,0.0,134.43476905822754,133.92317632039388,133.83400281270346,-2.490888540599144,147.26171326015452,121.60782485630058,41.9488698211416,-116.8262236685931,20.200465072923528
2022-04-22 00:00:00-04:00,123.98210370093314,124.4304264385895,118.17032151367876,118.63996124267578,46410000,0.0,0.0,133.35870285034179,133.49112294514973,133.67487589518228,-3.189855815118932,147.6860374777336,119.03136822294996,38.72249478232542,-170.88757813174936,27.93866493341479
2022-04-25 00:00:00-04:00,118.4569609574662,122.27412501931695,117.80208967098189,122.24635314941406,34522000,0.0,0.0,132.45256576538085,133.25223388671876,133.57782287597655,-3.4134387320527964,147.19927986728857,117.70585166347314,41.88085975388175,-151.75467269424067,28.422501209250566
2022-04-26 00:00:00-04:00,121.75043151796903,121.75043151796903,118.19150024445683,118.53284454345705,49394000,0.0,0.0,131.3395046234131,133.0130307515462,133.34996808369954,-3.8459452511279864,146.7794485649766,115.89956068184958,39.7011479548203,-156.6458268861115,28.42250120903318
2022-04-27 00:00:00-04:00,113.44166629709926,116.54320217071316,112.2030860294735,114.08389282226562,62238000,0.0,0.0,129.93952522277831,132.52900517781575,133.008141708374,-4.495877330713554,146.32620559510016,113.55284485045647,37.295477297065275,-194.6326984542934,35.911337487980944
2022-04-28 00:00:00-04:00,116.16132442812172,119.45776257111667,114.20627534183144,118.43912506103516,36790000,0.0,0.0,128.78733444213867,132.05691477457682,132.70286483764647,-4.606422373099946,144.99612696459974,112.57854191967759,40.92078367131479,-144.84213843789692,29.110180638014477
2022-04-29 00:00:00-04:00,116.62056496412214,117.99130752083718,113.76004671950072,114.03032684326172,33694000,0.0,0.0,127.56323432922363,131.40777867635092,132.15618680318195,-4.992235898061523,144.36654770449283,110.75992095395443,38.58467594213201,-147.2976194302223,29.667610330417467
2022-05-02 00:00:00-04:00,112.9789383113253,116.38398137287726,112.47606316050997,116.20296478271484,30280000,0.0,0.0,126.3956687927246,130.75829416910807,131.73475494384766,-5.064304027598567,142.93382459079447,109.85751299465474,40.32150540193037,-135.28142904317983,31.276176166564362
2022-05-03 00:00:00-04:00,115.81417367564214,118.32853462221487,115.67729693517478,117.16756439208984,21216000,0.0,0.0,125.13040657043457,130.1516421000163,131.323357518514,-4.986106678452671,140.30546259689774,109.95535054397139,41.08670845914239,-108.87876331068318,26.735047235828244
2022-05-04 00:00:00-04:00,117.04258953004054,122.14023403611009,114.79603421941222,121.5768585205078,33232000,0.0,0.0,124.21353416442871,129.56636428833008,131.05286191304523,-4.5162806575847725,137.75560854459098,110.67145978426643,44.45455674319044,-83.4357929898153,18.427862523813662
2022-05-05 00:00:00-04:00,119.24154783112289,120.24605735613665,114.24457757448172,115.79583740234376,43090000,0.0,0.0,123.20037879943848,128.8470369974772,130.68146959940592,-4.557879839748821,136.02392736865824,110.37683023021872,41.25578788469362,-99.42169586268383,19.22031870469025
2022-05-06 00:00:00-04:00,114.57830430905209,116.54168468727796,113.21350988024528,114.7181625366211,35310000,0.0,0.0,122.16859893798828,127.99893290201823,130.25508677164714,-4.624498506348118,134.16910831515065,110.1680895608259,40.6911461786707,-107.74106762003562,20.710193707967033
2022-05-09 00:00:00-04:00,112.38084962076849,114.6218504001206,111.63497436137568,112.16313934326172,34520000,0.0,0.0,121.13079490661622,127.05873438517253,129.83324165344237,-4.827811294677119,132.80217867151646,109.45941114171598,39.369608607547285,-115.02781354100502,22.960550118681294
2022-05-10 00:00:00-04:00,115.0955732754972,115.74078124623348,112.46001491043953,113.65143585205078,31158000,0.0,0.0,120.37638931274414,126.1539800008138,129.51013615926107,-4.813359640448269,131.92688104560918,108.8258975798791,40.53338799431971,-98.52398343361139,20.453712038726515
2022-05-11 00:00:00-04:00,112.78454865887946,115.72093610000915,112.72454022566374,113.0330047607422,36502000,0.0,0.0,119.66158332824708,125.18563079833984,129.15738220214843,-4.796517552362545,131.16976486101544,108.15340179547873,40.201684801243786,-93.0852010336824,20.453712038610995
2022-05-12 00:00:00-04:00,111.02648424294806,113.92121390285445,109.21684024988164,112.2395248413086,41464000,0.0,0.0,118.81230697631835,124.21085027058919,128.77279828389484,-4.791958558946931,129.84606632435634,107.77854762828036,39.76971133924118,-102.4817169277503,25.546013972915507
2022-05-13 00:00:00-04:00,113.91029704722256,117.1234193635768,113.07168489620166,115.56670379638672,29738000,0.0,0.0,118.27980422973633,123.44599609375,128.4261110941569,-4.468361498641315,128.82614424012883,107.73346421934383,42.45200596483749,-69.98688574903582,18.388631284781006
2022-05-16 00:00:00-04:00,114.44441736111136,115.65794977879916,113.40395591809988,113.85773468017578,23282000,0.0,0.0,117.62674102783203,122.58944473266601,128.13655484517415,-4.300237560394294,127.51782476332767,107.73565729233638,41.47067842767075,-73.91965544430872,18.388631284704697
2022-05-17 00:00:00-04:00,116.27290789361156,116.27290789361156,114.39829892186587,115.75119018554688,21576000,0.0,0.0,116.94089736938477,121.69872411092122,127.90898984273275,-3.9684660862920254,125.13078136045031,108.75101337831923,42.98137300731754,-60.58053820992892,17.01760627728407
2022-05-18 00:00:00-04:00,114.29912998742046,114.75354447668184,111.22883176284128,111.48572540283205,27982000,0.0,0.0,116.15512390136719,120.75110473632813,127.62793935139975,-4.003571482852493,123.12481541011,109.18543239262438,40.54271699811273,-86.64537167383922,21.843360827728656
2022-05-19 00:00:00-04:00,110.93027294033266,112.66254917068989,109.56845230242658,109.84368896484376,29192000,0.0,0.0,115.45130195617676,119.87726287841797,127.34956639607748,-4.116439626403448,121.94616578018311,108.95643813217042,39.64690023713655,-102.50874306187038,24.231247759868197
2022-05-20 00:00:00-04:00,111.17278159920753,111.63349956309943,105.50679742060068,108.42285919189452,37586000,0.0,0.0,114.9404468536377,118.97956619262695,126.9633950551351,-4.271300636698271,121.96495234091054,107.91594136636485,38.877960466999774,-122.81324944501117,29.668932388594236
2022-05-23 00:00:00-04:00,109.20740293195324,111.09342321226424,108.26539167107182,110.7571792602539,31558000,0.0,0.0,114.3659881591797,118.24083150227865,126.58561299641927,-4.157741130630512,120.72218484539614,108.00979147296324,40.828423994623684,-102.18674861911252,29.668932388440876
2022-05-24 00:00:00-04:00,105.5112617536256,105.52861349857328,101.37571209264136,105.06343841552734,60386000,0.0,0.0,113.6925178527832,117.45162785847982,126.1067933400472,-4.475589891203711,120.97637696620524,106.40865873936116,37.785923961421965,-169.10859477021665,37.77534817313408
2022-05-25 00:00:00-04:00,104.28581594164676,105.67709592058844,103.36264713453797,104.9776382446289,37900000,0.0,0.0,113.23720512390136,116.70657831827799,125.63849614461263,-4.680457282593935,121.49182584739047,104.98258440041225,37.74208022858955,-154.75564742459716,37.422215512229535
2022-05-26 00:00:00-04:00,105.18693279714552,108.06803410227468,104.62901321847976,107.41414642333984,30288000,0.0,0.0,112.6859561920166,115.97954813639323,125.20116182963054,-4.593262053243592,120.9503969445275,104.42151543950571,39.7942734811383,-124.46794826523497,31.795145177530987
2022-05-27 00:00:00-04:00,108.89447944194896,111.94890107701129,108.65792665599318,111.8804702758789,29924000,0.0,0.0,112.57846336364746,115.50167185465494,124.84559758504231,-4.116313893256674,120.82518571697351,104.33174101032141,43.33616463437636,-66.9088892461114,23.31643071905626
2022-05-31 00:00:00-04:00,112.15819270126262,115.48537660773222,111.65581692158896,113.1103744506836,51302000,0.0,0.0,112.4238338470459,115.04138437906902,124.54666837056477,-3.5976149859519353,120.49858661941417,104.34908107467763,44.27012786290664,-25.78032551920085,16.26549738728311
2022-06-01 00:00:00-04:00,113.99560549032525,116.4430112000409,112.62584680217566,113.20757293701172,28630000,0.0,0.0,112.225834274292,114.49936803181966,124.3428830464681,-3.1424747663798627,119.99940548437465,104.45226306420935,44.34512393426548,-8.633535299796801,14.432642781573506
2022-06-02 00:00:00-04:00,113.25816752096698,116.93795598197202,112.38532854185392,116.78719329833984,27472000,0.0,0.0,111.9863510131836,114.1522346496582,124.18530184427897,-2.4645179869923197,118.78034590801923,105.19235611834796,47.05931697120608,24.19655349059248,13.476193158288453
2022-06-03 00:00:00-04:00,115.04796851661104,115.41694093955896,112.74239598832897,113.631103515625,25052000,0.0,0.0,111.87811431884765,113.80926717122396,123.86622174580891,-2.1570374389480804,118.48291260817092,105.27331602952438,45.05522207052373,3.6632732980946434,13.476193158193222
2022-06-06 00:00:00-04:00,115.79183995845328,118.4262097995299,115.57938137966433,116.05765533447266,23786000,0.0,0.0,111.94508895874023,113.72319030761719,123.60715662638346,-1.6979811671654659,118.69668041677228,105.19349750070818,46.85531921895271,69.1495635988482,7.623317442837981
2022-06-07 00:00:00-04:00,114.7062832513846,116.78982469774246,114.18803886651006,116.27490234375,26414000,0.0,0.0,112.15067710876465,113.52414194742839,123.38818791707357,-1.3016412364855654,119.17512085908956,105.12623335843975,47.01608774773907,53.95045008524172,9.847341113977345
2022-06-08 00:00:00-04:00,115.92475768821087,117.679849074299,115.74646530877372,116.28330993652344,22544000,0.0,0.0,112.28227081298829,113.4491574605306,123.23109410603841,-0.9756142892474742,119.52045009452931,105.04409153144726,47.022503886999466,77.5320795013544,8.12470681785518
2022-06-09 00:00:00-04:00,115.3941165816986,117.38626027838868,113.93162106899052,113.98220825195312,23142000,0.0,0.0,112.32973098754883,113.44576797485351,122.98738657633463,-0.8926256269127322,119.60100863106786,105.0584533440298,45.463733123702276,40.928094333678025,11.066614747762975
2022-06-10 00:00:00-04:00,111.86286238597674,112.57278560545764,109.958249210745,110.52013397216795,31324000,0.0,0.0,112.2437614440918,113.1818016052246,122.61935818990072,-1.0936105134776284,119.56004770600345,104.92747518218016,43.23315587996091,-52.315394083901275,17.080177066749588
2022-06-13 00:00:00-04:00,106.57105374903756,108.32911916518806,105.72009181966114,106.00619506835938,36756000,0.0,0.0,111.76573600769044,112.9143305460612,122.16105461120605,-1.5987008013923685,119.40983705941568,104.12163495596519,40.5497700553446,-139.39260213942364,22.83742373742454
2022-06-14 00:00:00-04:00,106.01958822766298,107.57432126446996,105.48596719358486,106.32111358642578,25480000,0.0,0.0,111.38890495300294,112.58493550618489,121.67161483764649,-1.9510862927460124,119.33584420110158,103.44196570490429,40.81489122790823,-129.5485514586135,23.142379383960446
2022-06-15 00:00:00-04:00,108.0127211991649,111.1504660901667,107.2383324162344,109.49158477783205,33192000,0.0,0.0,111.07592468261718,112.32906951904297,121.24035580952962,-1.9520221092471388,118.78909748347701,103.36275188175736,43.44174410997576,-64.39033882863055,15.904340393418464
2022-06-16 00:00:00-04:00,107.2688262718249,108.40053384938533,104.93102487579002,105.76765441894533,35314000,0.0,0.0,110.79002113342285,111.80209604899089,120.68423016866048,-2.22757570226608,118.85511022013279,102.72493204671292,41.218843237515955,-115.91773693706256,19.0789373701123
2022-06-17 00:00:00-04:00,105.66748107222465,108.3598695499817,104.76840641826531,106.98714447021484,43516000,0.0,0.0,110.6471939086914,111.50847295125325,120.17775497436523,-2.3207985337065224,118.8822311010593,102.41215671632351,42.22042669128808,-100.3297692410694,19.301048600106395
2022-06-21 00:00:00-04:00,108.80869087645922,111.75549087327158,108.40351666025404,111.10285186767578,39010000,0.0,0.0,110.78119354248047,111.38796259562174,119.69344774881999,-2.039069979240395,118.95079147904886,102.61159560591207,45.464691345768216,-21.34723825055018,12.623593272499429
2022-06-22 00:00:00-04:00,110.25779446962706,112.8430682995551,109.82266143221467,111.12169647216795,23922000,0.0,0.0,110.79941940307617,111.35324783325196,119.20599110921223,-1.793601941289026,118.97041807339411,102.62842073275823,45.47919141331088,-2.6806207442781247,10.572997754608522
2022-06-23 00:00:00-04:00,112.03023245116331,112.27473086459352,110.12487773066896,111.76689910888672,24710000,0.0,0.0,111.13459243774415,111.29042994181314,118.72220497131347,-1.5293746135684927,118.85227563745012,103.41690923803817,45.98783804669305,1.858361108160113,10.572997754569142
2022-06-24 00:00:00-04:00,112.67793418063911,117.67143865882704,112.67793418063911,117.57275390625,39122000,0.0,0.0,111.7643482208252,111.44175491333007,118.31369285583496,-0.8417850184015663,119.42192104769421,104.10677539395618,50.30373374323154,97.91043101308952,0.8246179374130156
2022-06-27 00:00:00-04:00,117.96648997043933,118.2789272942515,115.05613418029417,115.67282104492188,32840000,0.0,0.0,112.17728195190429,111.55619812011719,117.88352419535319,-0.4450438257311333,119.73720566924304,104.61735823456554,48.97883356498846,97.39521512724144,0.199963699669085
2022-06-28 00:00:00-04:00,115.40354178922794,116.89678316085518,111.5283591251108,111.65482330322266,28232000,0.0,0.0,112.16599960327149,111.42580210367838,117.43589909871419,-0.4496590208316604,119.72846148935417,104.6035377171888,46.31040136337211,39.20896774748777,5.565029709390887
2022-06-29 00:00:00-04:00,111.23526209810964,112.73891600830356,110.6456054715017,111.3423843383789,18628000,0.0,0.0,112.07760009765624,111.34195709228516,116.96570091247558,-0.47307450113063965,119.63491304602385,104.52028714928863,46.108329483638265,4.330081785614626,6.950845726690376
2022-06-30 00:00:00-04:00,109.59967884291844,110.42322450788188,106.4361526146668,108.48185729980467,38046000,0.0,0.0,111.8413143157959,111.09964599609376,116.39918505350748,-0.7142189916086323,119.54398040904422,104.13864822254757,44.278444408140224,-58.20928334681698,13.232030189275733
2022-07-01 00:00:00-04:00,107.45479660765852,108.91218421153236,106.23283426116492,108.19274139404295,31028000,0.0,0.0,111.41159172058106,110.98987986246745,115.87049229939778,-0.9180739895469259,118.90867457449986,103.91450886666226,44.09547115935175,-67.96080147614838,13.5237059758928
2022-07-05 00:00:00-04:00,106.63900418931594,113.12385753197556,105.38429822464968,112.95960998535156,36398000,0.0,0.0,111.37801704406738,111.09374389648437,115.48550338745117,-0.6870640405959421,118.839176492905,103.91685759522976,47.77631354526022,-10.27600996570437,5.89554282418179
2022-07-06 00:00:00-04:00,113.16294105735224,115.40453221831592,111.33643722937644,114.27530670166016,28852000,0.0,0.0,111.28889961242676,111.28882548014323,115.13419583638509,-0.3932876868052091,118.55473474786747,104.02306447698605,48.73997592128089,53.408256139708925,2.0540879128747194
2022-07-07 00:00:00-04:00,115.06334706498734,118.8859601505104,114.59320026058536,118.33448791503906,32184000,0.0,0.0,111.39187889099121,111.54140243530273,114.89111696879068,0.16517021067137705,119.00532555054717,103.77843223143525,51.59092876786812,118.41974968487071,3.4752612826125135
2022-07-08 00:00:00-04:00,116.59277965828258,119.45428131815726,116.5570697230388,119.18995666503906,29082000,0.0,0.0,111.53721122741699,112.01228637695313,114.73195711771648,0.6690686891995057,119.63910440730143,103.43531804753255,52.17088146443916,131.2195506460218,4.350419073203554
2022-07-11 00:00:00-04:00,117.68382455497492,117.82714860574362,115.28798975594512,115.57364654541016,26718000,0.0,0.0,111.61678314208984,112.36548665364583,114.53603248596191,0.7677556507061354,119.84998119120759,103.3835850929721,49.5737020731864,82.21711042830081,2.2097068703663902
2022-07-12 00:00:00-04:00,115.88707024032506,116.88983911305556,113.6816733954656,113.91426849365234,24970000,0.0,0.0,111.78648986816407,112.58215738932292,114.28085276285807,0.7039531047297345,120.06431255585751,103.50866718047062,48.42928388234947,49.44977058847428,0.46397499938551134
2022-07-13 00:00:00-04:00,111.72176789322916,114.21926129610232,110.9124107963276,111.27344512939452,38958000,0.0,0.0,112.04985237121582,112.56192321777344,114.0317975362142,0.435279125351812,119.87619608840845,104.22350865402319,46.65607904612656,-9.412203619579564,4.90058982458505
2022-07-14 00:00:00-04:00,109.92353321570492,111.0755816455089,108.43525593931528,110.53253936767578,32366000,0.0,0.0,112.26042366027832,112.47599538167317,113.7586898803711,0.16071552945875567,119.65234458765923,104.86850273289741,46.165492975868204,-52.15968834123932,8.667698158707013
2022-07-15 00:00:00-04:00,112.0431121830834,113.07216962122509,110.91190421432523,111.84870910644533,34330000,0.0,0.0,112.37827987670899,112.43069992065429,113.46503397623698,0.04876368244201501,119.65864408963361,105.09791566378436,47.186028178466664,-9.493077052865116,5.193320670479213
2022-07-18 00:00:00-04:00,112.5162531604476,113.86517919781892,108.40996605374214,109.01499938964844,33354000,0.0,20.0,112.54064712524413,112.17162679036458,113.1619307200114,-0.26555450767105526,119.3284320335975,105.75286221689078,45.274470764305725,-39.47308453099178,8.96634738338578
2022-07-19 00:00:00-04:00,110.82017211147654,113.875085539161,109.60018482410824,113.68663787841795,30992300,0.0,0.0,112.8756217956543,112.17347793579101,112.99137255350749,-0.1361226175424548,119.15137893245405,106.59986465885454,48.811079537802335,4.981491936075769,8.948587810140669
2022-07-20 00:00:00-04:00,113.13118818310438,115.38270743631412,112.33770725543287,113.76597595214844,26780100,0.0,0.0,113.00877799987794,112.09708862304687,112.91013946533204,-0.02683564796983262,119.23900587612633,106.77855012362954,48.86913136601653,41.02436353984449,6.222994369032105
2022-07-21 00:00:00-04:00,114.1528140156998,114.27183957524308,110.9987161441176,114.1032257080078,27267800,0.0,0.0,113.15785446166993,112.02469940185547,112.77442067464193,0.08599697991738253,119.34046207653029,106.97524684680957,49.1228520871593,27.53424051058676,8.330045146937088
2022-07-22 00:00:00-04:00,110.89951866851176,112.25836535921906,106.72380198612632,107.47761535644533,44455300,0.0,0.0,112.94339027404786,111.73117624918619,112.5901668548584,-0.35512012861377684,119.60794675410602,106.27883379398969,44.62271012638697,-71.82851976404845,14.662763544489612
2022-07-25 00:00:00-04:00,107.99336916572682,109.67953032082718,106.13860173256364,107.32882690429688,28289900,0.0,0.0,112.43119392395019,111.50939687093098,112.47758242289225,-0.7085469120661116,119.17184670013528,105.6905411477651,44.52794645071158,-93.22722372734209,15.48951339538214
2022-07-26 00:00:00-04:00,106.55518342552104,106.86265663247988,103.9069274092352,104.58139038085938,36626600,0.0,0.0,111.87662239074707,111.3114387512207,112.24662017822266,-1.1965423549646204,119.28619197620255,104.4670528052916,42.79202338056259,-142.62808691026993,18.600560127967984
2022-07-27 00:00:00-04:00,108.70750706676124,113.468422878203,107.53711570453903,112.67493438720705,41474600,0.0,0.0,111.9276279449463,111.53373006184896,112.22403030395508,-0.9196003184959523,119.34480931802425,104.51044657186834,48.866859884065214,-5.040567039552463,6.585903953045782
2022-07-28 00:00:00-04:00,111.88146597450744,113.76598810864026,110.94018865227083,113.6568832397461,23303800,0.0,0.0,112.04335289001465,111.77825571695963,112.18159561157226,-0.6138110615900843,119.49423374592665,104.59247203410264,49.53937801479655,29.122551136942956,6.085107473965852
2022-07-29 00:00:00-04:00,112.47656396623572,115.94806280737096,112.3079501243818,115.69017791748048,31336200,0.0,0.0,112.40376892089844,111.98487548828125,112.1569725036621,-0.2050374408720188,119.82658309709637,104.98095474470051,50.922060829536484,71.38668478429403,2.4340674112511587
2022-08-01 00:00:00-04:00,114.58921537504372,116.16627162865342,113.75605929182866,114.53962707519533,22856200,0.0,0.0,112.72111320495605,112.27727457682292,112.0396853129069,0.02578156732447212,119.92537069223167,105.51685571768044,50.11817574996284,71.03460196635808,2.0706639461543155
2022-08-02 00:00:00-04:00,113.49819913300384,116.12662175019196,113.3295852557012,114.95623016357422,17911000,0.0,0.0,112.8209442138672,112.54291076660157,112.0256918589274,0.23956215837674222,120.09412263622987,105.54776579150452,50.4114066363677,65.92201603416584,2.7680881594401154
2022-08-03 00:00:00-04:00,115.392633655064,118.4475548699108,115.2041859807564,117.8127670288086,25302800,0.0,0.0,112.99781723022461,112.76657460530599,112.07726860046387,0.6321959080417798,120.58517907973658,105.41045538071265,52.39635054462615,119.0900199980005,1.1934446450072753
2022-08-04 00:00:00-04:00,117.33668041443364,118.5269057295808,116.75148087794422,117.90203857421876,15757700,0.0,0.0,112.9761947631836,112.99258600870768,112.17291692097982,0.9397318077489132,120.50173396875624,105.45065555761096,52.457874114012746,122.92408020379546,1.3279722156917277
2022-08-05 00:00:00-04:00,115.9778279065136,117.89211203093848,115.75961817721112,117.25732421875,15615700,0.0,0.0,112.87956314086914,113.17560017903646,112.2330150604248,1.1185393383339317,120.11312156667937,105.64600471505891,51.95620628434523,96.4768668292148,0.42509521000540623
2022-08-08 00:00:00-04:00,118.15000164832588,119.8758306084696,116.87050528514878,117.177978515625,17061100,0.0,0.0,112.95977973937988,113.16244099934896,112.30209795633952,1.2395542496445984,120.35295355984184,105.56660591891793,51.8930242106233,116.6396723966331,3.0453845439930167
2022-08-09 00:00:00-04:00,117.02919778233998,117.23748683086797,115.61084206089616,116.5431900024414,15424300,0.0,0.0,113.09122581481934,113.19145329793294,112.37382570902507,1.2696021278289606,120.64753457434836,105.53491705529032,51.375959035428,80.51235230401265,0.7580758795152666
2022-08-10 00:00:00-04:00,118.61616043782314,120.78832942271976,118.38803759349504,119.66753387451172,20497000,0.0,0.0,113.5109302520752,113.45854365030924,112.44217287699381,1.5279109210123067,121.55861739431431,105.46324310983609,53.72368858972765,140.12168969526957,6.791345013952888
2022-08-11 00:00:00-04:00,121.08589036649364,121.34376770822398,118.57649365759406,118.84429168701172,16671600,0.0,0.0,113.926517868042,113.708607228597,112.52528216044108,1.6472057734093681,122.18235720777386,105.67067852831013,53.02581554701382,127.87321724344231,7.6993535137079405
2022-08-12 00:00:00-04:00,120.17338805467618,121.65125274658205,119.4195746766714,121.65125274658205,16121100,0.0,0.0,114.41664505004883,114.14758707682292,112.62361653645833,1.9458159471516012,123.29363412968111,105.53965597041655,55.083816057300574,144.78772615264282,8.211428682418093
2022-08-15 00:00:00-04:00,121.21482934441504,122.25628210346436,120.5800415416335,121.8793716430664,15525000,0.0,0.0,115.05986366271972,114.6038080851237,112.79684397379557,2.1757927650777305,124.15056858017833,105.96915874526111,55.248647676171736,148.27409409365774,9.23641094649693
2022-08-16 00:00:00-04:00,121.32393490543558,122.22453811940538,120.54533117904796,121.51239013671876,15626200,0.0,0.0,115.45115127563477,114.88890075683594,112.99132232666015,2.3019037955382515,124.95717794495879,105.94512460631076,54.91327997725793,135.06922845245936,9.164065133754265
2022-08-17 00:00:00-04:00,119.94525855091146,121.15532521328127,119.22119966420452,119.34022521972656,17589200,0.0,0.0,115.72986373901367,115.05773137410482,113.17327842712402,2.2011980990103552,125.35398964006804,106.1057378379593,52.94539528821097,95.76495662002266,6.383609765243136
2022-08-18 00:00:00-04:00,119.25096444960768,120.69907468879671,118.5765014207953,119.8758316040039,15652000,0.0,0.0,116.01849403381348,115.1091094970703,113.32525596618652,2.1399391811144994,125.7824448764093,106.25454319121766,53.37162989068731,88.25522339208109,5.036125987510004
2022-08-19 00:00:00-04:00,118.89389169947673,119.02283037483306,116.71180193557748,117.15814208984376,20187000,0.0,0.0,116.5025203704834,115.0413823445638,113.52683436075846,1.8507617864070767,125.40558377570069,107.5994569652661,50.949146341828836,49.45619959813329,1.2007480435509426
2022-08-22 00:00:00-04:00,115.15457641169206,115.55132065701504,113.73622084256765,114.13296508789062,19316000,0.0,0.0,116.84272727966308,114.99335962931315,113.67942314147949,1.3617823369915243,124.73209228768965,108.95336227163651,48.41847533992435,-10.01812078700838,4.5525890420936985
2022-08-23 00:00:00-04:00,113.38908610105244,114.98597639424028,113.3692522916714,113.83541870117188,14390700,0.0,0.0,117.30542869567871,114.99073130289713,113.78644434611003,0.939423998628655,122.92628368635577,111.68457370500165,48.175004090430406,-17.335101800215078,5.239882171583828
2022-08-24 00:00:00-04:00,113.51801174338851,114.7747002255831,112.853469480056,113.76597595214844,16051200,0.0,0.0,117.35998077392578,115.0738156636556,113.81786944071452,0.5922711894635313,122.81020106928256,111.90976047856901,48.116588753490014,-23.82606123433692,6.221723641288647
2022-08-25 00:00:00-04:00,114.21233863041373,116.82091989766556,114.11315444076976,116.74156951904295,14874700,0.0,0.0,117.51421508789062,115.28078333536784,113.87838935852051,0.5509051284799966,122.69092442029672,112.33750575548451,50.763054005756715,13.618056168108064,1.889088637890089
2022-08-26 00:00:00-04:00,114.86695389775824,115.6505218163842,110.31433401303192,110.39368438720705,31698700,0.0,0.0,117.24939041137695,115.23228251139322,113.83149121602376,0.005833701198540098,123.28898296224847,111.20979786050543,45.62690739731435,-62.820956758931864,9.016337765490253
2022-08-29 00:00:00-04:00,109.8779019848432,111.04829338494147,108.91579961773688,109.44148254394533,20386100,0.0,0.0,116.99448318481446,115.24649861653646,113.70906270345053,-0.4972421646662042,123.8859008130592,110.10306555656972,44.921616528530926,-108.65612502872828,11.4657593479956
2022-08-30 00:00:00-04:00,110.1258743141181,110.46310960709486,107.9140375860988,109.01499938964844,20548200,0.0,0.0,116.69742164611816,115.09077733357748,113.63212763468424,-0.9197447936532512,124.42077039494418,108.97407289729213,44.60216914969333,-116.41508017713141,13.197359968057171
2022-08-31 00:00:00-04:00,110.72099342725544,110.85985280092268,108.16200813591053,108.26119232177734,25898000,0.0,0.0,116.2198429107666,114.90728454589843,113.50218658447265,-1.3004167073205366,124.78786659036123,107.65181923117197,44.02967505209889,-109.32880163623457,12.297500417665281
2022-09-01 00:00:00-04:00,108.31077497807696,110.3143302374509,107.3090049156579,109.64978790283205,22784400,0.0,0.0,115.80723037719727,114.75883661905924,113.39176801045735,-1.4730732120490018,124.81755486375368,106.79690589064086,45.36601437367769,-103.19889553602427,13.821213681031876
2022-09-02 00:00:00-04:00,110.43334115870884,110.76561987201757,107.24948148856016,107.79500579833984,20618100,0.0,0.0,115.33411445617676,114.76941630045573,113.25029627482097,-1.7395180692510195,124.99411823720699,105.67411067514654,43.917131560377484,-111.64791705377114,12.749120865471795
2022-09-06 00:00:00-04:00,107.25444715812792,107.99337569977428,105.6426797082842,106.6047821044922,20565100,0.0,0.0,114.80545463562012,114.74528147379557,113.12733917236328,-2.0233942142119474,125.17201252249585,104.4388967487444,43.00536384052282,-143.20808807543662,15.674605084273566
2022-09-07 00:00:00-04:00,106.88250082557386,110.08619434980795,106.73867733853064,109.58035278320312,22987200,0.0,0.0,114.4573127746582,114.9119135538737,113.1116761525472,-1.9853782142219245,125.04349186330406,103.87113368601236,45.90962187288075,-112.34267848669693,10.674621891242662
2022-09-08 00:00:00-04:00,108.29092529881044,109.67952632677716,107.18004296298368,108.52896881103516,21660700,0.0,0.0,113.90038452148437,114.77371470133464,113.15372238159179,-2.0168392921893172,124.50440181601851,103.29636722695022,45.070153024531926,-114.10053600261274,10.674621891185652
2022-09-09 00:00:00-04:00,109.15385798705108,111.08797597034189,109.10426211372862,110.86976623535156,21732900,0.0,0.0,113.50165824890136,114.68081080118814,113.22953325907389,-1.8317740824782618,123.92104700301222,103.08226949479051,47.289983241064256,-76.75534548930811,7.333278167325262
2022-09-12 00:00:00-04:00,111.07805576962934,111.72276428931116,110.02668984253668,110.95903778076172,19732900,0.0,0.0,112.96704750061035,114.52310612996419,113.25399080912273,-1.6587836771451094,122.70044361770991,103.23365138351079,47.37388771843128,-62.68427632295036,5.843410175477531
2022-09-13 00:00:00-04:00,108.00330333185278,108.47939800032364,104.1449803784516,104.45245361328124,33015000,0.0,0.0,112.0957015991211,114.18686701456706,113.23207079569498,-2.0233901173566693,121.58690709866096,102.60449609958124,42.29734186225273,-135.71879142713018,16.899800470797395
2022-09-14 00:00:00-04:00,104.58139004022992,105.23601163473069,103.64904216762716,105.00788879394533,22115800,0.0,0.0,111.27047653198242,113.85525563557943,113.19908320109049,-2.2416836373856057,120.16562367531463,102.37532938865021,42.83826835547615,-136.9887752907775,17.742332251643553
2022-09-15 00:00:00-04:00,104.15490936294889,105.3451347780273,102.46874786310772,103.05394744873048,26494900,0.0,0.0,110.45616264343262,113.36329498291016,113.06493479410807,-2.5430350366005143,119.22171323944144,101.6906120474238,41.42505755258624,-137.38499263851014,19.745600340200156
2022-09-16 00:00:00-04:00,102.1315111617008,103.18287710521334,101.0255927833493,102.7861328125,64540100,0.0,0.0,109.60167770385742,112.85943145751953,112.9260087331136,-2.7715202344698753,117.8154270366542,101.38792837106064,41.232190744163184,-141.3961829176067,22.143888364480606
2022-09-19 00:00:00-04:00,101.70500342977618,103.17294734631092,101.536389579559,103.00433349609376,19738600,0.0,0.0,108.89398727416992,112.38433176676432,112.77996597290038,-2.9015422553689376,116.7996182144449,100.98835633389493,41.46189976636566,-127.22918033426328,22.143888364402986
2022-09-20 00:00:00-04:00,102.04222328177693,102.3298626574008,100.2965607892044,101.0007781982422,24001700,0.0,0.0,108.2373779296875,111.8450917561849,112.50376637776692,-3.130173124501738,116.48490894188657,99.98984691748842,39.97759296650541,-134.13909042093144,24.225738341343867
2022-09-21 00:00:00-04:00,101.40744668141402,102.64726779839673,99.17576867084516,99.19561004638672,26596800,0.0,0.0,107.50538749694825,111.26683909098307,112.22914619445801,-3.4176304030358295,116.24492503909713,98.76584995479936,38.686741658450885,-134.15748270678378,26.074320068162173
2022-09-22 00:00:00-04:00,98.64017035159613,100.85201467298953,98.6005027329122,99.75105285644533,21272700,0.0,0.0,106.80464134216308,110.60295639038085,112.03075002034505,-3.559590036377969,115.67702946882461,97.93225321550155,39.31050243634066,-133.61578806738822,27.019663588411852
2022-09-23 00:00:00-04:00,99.24520170574831,99.29479757901127,97.21189954552024,98.3624496459961,25657000,0.0,0.0,105.88568534851075,109.920228322347,111.81441777547201,-3.7410186087886643,114.21515104515623,97.55621965186526,38.30274584415414,-142.54553790728608,29.277964605967817
2022-09-26 00:00:00-04:00,97.80701036831964,99.62211032731123,97.57887994973014,98.00537872314452,22437900,0.0,0.0,105.26627006530762,109.13203252156576,111.63980979919434,-3.869015101146587,114.01611115349671,96.51642897711854,38.04331299735337,-134.2791123393518,28.30981191386834
2022-09-27 00:00:00-04:00,99.0964236478567,99.6419403867332,96.54734422393648,97.2912368774414,24225000,0.0,0.0,104.65875778198242,108.31242802937825,111.45811805725097,-3.9821744933788636,113.8634018866396,95.45411367732524,37.51755864681792,-132.45519774232113,30.018440152787154
2022-09-28 00:00:00-04:00,97.22181048363564,100.5742916650743,97.00360832107384,99.91966247558594,24617000,0.0,0.0,104.2039909362793,107.59267044067383,111.24078559875488,-3.8157762544680764,113.40115208745596,95.00682978510264,40.64094689863047,-107.06720635058967,27.18418129585515
2022-09-29 00:00:00-04:00,98.49139035095796,98.49139035095796,95.73402189212848,97.2912368774414,21921500,0.0,0.0,103.6554931640625,106.85770416259766,110.95771776835123,-3.85159761067807,113.13788917890967,94.17309714921534,38.64265819838778,-122.53965110592752,29.353537841898703
2022-09-30 00:00:00-04:00,96.9341782611772,98.68381377394618,95.24801698917145,95.3670425415039,26277800,0.0,0.0,102.9413558959961,106.04074452718099,110.57492701212566,-3.9892669095991096,112.67104151779975,93.21167027419244,37.25539123636452,-122.92623458529712,30.17730306852924
2022-10-03 00:00:00-04:00,96.428344796271,99.15595171727642,96.22996884347292,98.4914093017578,24840000,0.0,0.0,102.47617607116699,105.41852010091146,110.22995122273763,-3.802428505832097,112.11800902476725,92.83434311756673,40.82381441310624,-97.27100241128385,28.66951531177411
2022-10-04 00:00:00-04:00,100.21722596305952,101.88354592224646,100.21722596305952,101.5760726928711,22580900,0.0,0.0,102.22474060058593,104.99995702107748,109.99665832519531,-3.36664260836649,111.67359327663817,92.77588792453369,44.07240588890421,-51.30556426916503,20.33947385225005
2022-10-05 00:00:00-04:00,99.87007909014793,101.9033813048837,98.92781044376672,101.38761901855467,18475500,0.0,0.0,101.81510391235352,104.58503036499023,109.78788083394369,-3.001881954931605,110.60892444462303,93.02128338008401,43.92002489664454,-53.79491769129782,22.78411186073169
2022-10-06 00:00:00-04:00,100.67347582431826,102.885320051337,100.67347582431826,101.4074478149414,17156200,0.0,0.0,101.45902786254882,104.17307942708334,109.62344754536947,-2.680309550905534,109.6652896107699,93.25276611432774,43.94112202960064,-37.52451964266719,19.88574277606569
2022-10-07 00:00:00-04:00,99.83040842445764,100.5941349837962,98.40213192492035,98.75920104980467,24249900,0.0,0.0,100.85349960327149,103.57366714477538,109.42722524007162,-2.609076673734691,107.83123494804843,93.87576425849454,41.77008922988677,-68.43449885713407,24.169055050223548
2022-10-10 00:00:00-04:00,99.03691288838714,99.17577225312344,97.07304040582032,97.90619659423828,16529900,0.0,0.0,100.20085754394532,103.15741755167643,109.19485003153483,-2.591580311452475,105.41859278750857,94.98312230038206,41.09356222275429,-82.70020626167039,26.54632608409921
2022-10-11 00:00:00-04:00,97.44994000751656,99.30471512678687,96.45808311176576,97.25157165527344,21617700,0.0,0.0,99.84081344604492,102.7510871887207,108.99879290262858,-2.600559449394339,104.81119303886227,94.87043385322757,40.571876046358256,-84.61607524727748,27.63222839565147
2022-10-12 00:00:00-04:00,97.4697801710103,98.83656499520912,96.87466750821108,97.49954223632812,17343400,0.0,0.0,99.46539611816407,102.36723861694335,108.72900797526042,-2.55817725243395,103.89760640161384,95.03318583471429,40.866049380884334,-79.94568363954356,27.63222839551666
2022-10-13 00:00:00-04:00,95.14883795283106,99.71137843031508,94.49420873053832,98.89805603027344,32812200,0.0,0.0,99.25760154724121,102.05513407389323,108.48120930989583,-2.38425645641027,103.35874183626044,95.15646125822198,42.52591600572295,-76.99573903881246,31.808327522657336
2022-10-14 00:00:00-04:00,99.80560343226972,100.4651891978073,96.23987656347946,96.38865661621094,22624800,0.0,0.0,98.93772773742675,101.6130963643392,108.18596649169922,-2.4210027209732203,102.8747543332436,95.00070114160991,40.419917697616526,-74.06691431942535,29.362869745734166
2022-10-17 00:00:00-04:00,98.70960860538526,100.94128692987996,98.69969548348756,99.9593505859375,23311600,0.0,0.0,98.78547859191895,101.35190785725912,108.06066207885742,-2.1373610705988,102.26984011400509,95.3011170698328,44.46803837303429,-30.656624610671827,27.81351406951189
2022-10-18 00:00:00-04:00,103.09360729127508,103.37132600896648,99.8303972238661,100.56436920166016,21610500,0.0,0.0,98.76365814208984,101.15056076049805,107.9479211171468,-1.8425137219503824,102.19466410455864,95.33265217962104,45.121609832645504,0.6446378202465435,20.21151258665184
2022-10-19 00:00:00-04:00,99.87998502349404,100.83117541041749,98.82366258955687,99.47332763671876,21573700,0.0,0.0,98.77754402160645,100.8136599222819,107.8627867380778,-1.677545311842806,102.21814528744541,95.33694275576748,44.15222007845447,-28.30270304739383,22.194796219234306
2022-10-20 00:00:00-04:00,99.99902708572034,102.16127574892226,99.15595010998396,99.71138763427734,25125100,0.0,0.0,98.77556076049805,100.51974054972331,107.64672762552897,-1.5101886908781523,102.21384420185485,95.33727731914125,44.42173771458907,-8.041483486711664,18.17984151435459
2022-10-21 00:00:00-04:00,97.65822869504528,100.7925001065928,97.43010584751586,100.65364074707033,28988700,0.0,0.0,98.89012031555175,100.17920303344727,107.43000691731771,-1.2866932131374256,102.42185800235157,95.35838262875194,45.49868067953746,-20.44128647950275,21.635934003678642
2022-10-24 00:00:00-04:00,101.25866138002164,102.2604389094004,99.48324429181704,102.13150024414062,24680800,0.0,0.0,99.09642639160157,99.88495178222657,107.20402895609537,-0.9790348223989156,102.88338725850818,95.30946552469496,47.15994902660334,48.37174657139427,17.277123880087395
2022-10-25 00:00:00-04:00,102.4588222194186,104.2441601238452,102.18109592705792,104.07554626464844,29910200,0.0,0.0,99.43564186096191,99.8723882039388,107.02962760925293,-0.5717542374504632,103.72397800549962,95.1473057164242,49.26441588705553,138.39960474811858,11.682300858052473
2022-10-26 00:00:00-04:00,95.97207932972404,97.73758346657776,93.79991021646778,94.0478744506836,71504300,0.0,0.0,99.1420524597168,99.50705439249674,106.68115501403808,-1.0460722801296356,104.05008121401886,94.23402370541473,40.62984341400907,-171.19800820716802,26.920007943846503
2022-10-27 00:00:00-04:00,93.54202942386408,94.39502703260716,91.15165803546968,91.84595489501952,54036500,0.0,0.0,98.8697883605957,99.13345464070638,106.24837481180826,-1.5814196310551267,104.72319962444055,93.01637709675086,39.074158196077555,-247.90018555735094,30.821410030733098
2022-10-28 00:00:00-04:00,91.77651749373472,96.07125967506296,91.57120238954192,95.79354095458984,35696900,0.0,0.0,98.89111328125,98.9003682454427,105.87989985148111,-1.6679222900645954,104.69368051794204,93.08854604455796,43.113748390218596,-158.3534005986833,26.402884025119572
2022-10-31 00:00:00-04:00,95.00005027193173,95.56540838796242,93.61144913354848,93.88917541503906,29868700,0.0,0.0,98.66100158691407,98.59652964274089,105.4904307047526,-1.8686025669157829,104.88036146862112,92.44164170520702,41.732868293938104,-150.42151601703762,26.402884024999473
2022-11-01 00:00:00-04:00,94.81160213270108,95.38192441879748,89.6936242102963,89.76305389404297,43220600,0.0,0.0,98.07035064697266,98.22193883260091,105.0335152943929,-2.333685383024914,105.28773521905906,90.85296607488625,38.93759504503813,-219.5099560255413,32.13605551942835
2022-11-02 00:00:00-04:00,90.16971944588468,90.55654305310144,86.30147580644906,86.3609848022461,43553600,0.0,0.0,97.31901893615722,97.79411799112955,104.53047854105631,-2.9428619285184254,106.0518430713217,88.58619480099274,36.83327981924219,-290.4462328203025,36.562292792957706
2022-11-03 00:00:00-04:00,85.64188192783998,85.84521440061742,82.77045207576367,82.81012725830078,48510400,0.0,0.0,96.3891529083252,97.2294204711914,103.91618843078614,-3.6698594029546285,107.03903754286924,85.73926827378116,34.80248827677737,-313.27970016387377,40.72536129348125
2022-11-04 00:00:00-04:00,84.81369855093602,86.02376536393459,83.19696671473322,85.99400329589844,40173300,0.0,0.0,95.75089302062989,96.81713892618815,103.36868362426758,-3.943638145989965,107.29522128446584,84.20656475679394,37.97454587284087,-230.7829373593542,40.243929277319836
2022-11-07 00:00:00-05:00,86.62878567447596,88.21576290862976,86.25188274336199,87.9281234741211,26899900,0.0,0.0,95.25198936462402,96.48123041788737,102.80663146972657,-3.9589066267891866,107.25735649133749,83.24662223791056,39.81468698789984,-159.18453680354662,34.40440818789744
2022-11-08 00:00:00-05:00,88.43396122414909,89.66881817115933,86.93625524748889,88.18599700927734,30172000,0.0,0.0,94.79871063232422,96.1777224222819,102.24507522583008,-3.9051822584936104,107.16532677775216,82.43209448689628,40.059957196291485,-128.56326560126604,30.673237337242504
2022-11-09 00:00:00-05:00,87.8239585339631,88.76126290720954,86.64861064756735,86.68828582763672,26743900,0.0,0.0,94.25814781188964,95.73667653401692,101.66467348734538,-3.938062551287558,107.06499640425814,81.45129921952115,39.10253445500384,-127.28034260320807,31.065130719297287
2022-11-10 00:00:00-05:00,91.58805271683148,93.78006289055467,90.90367667477896,93.40315246582033,42371200,0.0,0.0,93.983402633667,95.60707372029623,101.23238894144694,-3.3832863816124785,106.60556845107298,81.36123681626101,45.17927393140565,-44.539519363815316,18.93048456060117
2022-11-11 00:00:00-05:00,93.93876659100802,96.56718890345388,93.39324983346454,95.94232177734376,30569100,0.0,0.0,93.96108589172363,95.62624969482422,100.8334971110026,-2.707521900388116,106.56691360735152,81.35525817609573,47.23878309465697,-5.88970172223445,12.924186288241504
2022-11-14 00:00:00-05:00,94.72234100144564,96.38866102018274,94.3384913234222,95.2480239868164,24170100,0.0,0.0,93.72551956176758,95.51813685099283,100.46832847595215,-2.202607422315509,106.03191447005567,81.4191246534795,46.742071519852885,-4.304985245723082,12.924186288191832
2022-11-15 00:00:00-05:00,97.86651130947476,99.60226075682282,96.22994603137889,97.91610717773438,31831000,0.0,0.0,93.59310646057129,95.39613800048828,100.19804751078287,-1.5690796715892077,105.64401107712168,81.54220184402091,48.87896114356744,36.56711091014539,6.300055618023323
2022-11-16 00:00:00-05:00,97.22181176343972,99.03691173934996,97.10477640049176,98.18391418457033,24660200,0.0,0.0,93.52863578796386,95.28934783935547,99.93718910217285,-1.0334812490037564,105.46029045763599,81.59698111829174,49.091059695195234,41.59055912427475,6.300055618000338
2022-11-17 00:00:00-05:00,96.38865566411798,98.66992960408622,96.30930529447592,97.69790649414062,21818700,0.0,0.0,93.42796173095704,95.16569646199544,99.6693879445394,-0.6408451353998004,105.17247455951411,81.68344890239996,48.711644009042075,36.243352535281836,7.733773884174332
2022-11-18 00:00:00-05:00,98.20374693135372,98.3525269694196,95.95222768788256,97.00360107421876,24969900,0.0,0.0,93.24545974731446,95.10717646280925,99.34042180379232,-0.3813073575511652,104.62497164595966,81.86594784866925,48.161541125743334,30.54176492016994,8.384733128584475
2022-11-21 00:00:00-05:00,96.76556036314352,97.9161180424823,94.89095135738285,95.04965209960938,18696900,0.0,0.0,92.8913673400879,95.01195831298828,99.08468793233236,-0.32949098419071277,103.52278946776332,82.25994521241248,46.62851813680905,13.27995361201446,10.329860332083204
2022-11-22 00:00:00-05:00,95.37695910180294,96.75364933780588,93.64120960022588,96.53742980957033,18868900,0.0,0.0,92.51446151733398,94.98815358479818,98.86962038675944,-0.16645610530241584,101.94281351375747,83.0861095209105,47.93394061800943,9.46481580347925,12.59061421114978
2022-11-23 00:00:00-05:00,96.54734541868888,98.26226984489828,96.54734541868888,98.01529693603516,17568900,0.0,0.0,92.71283264160157,95.00534540812174,98.68629201253255,0.08106724414632538,102.43926396120212,82.98640132200102,49.210486638098324,42.05194847324666,9.154020752763566
2022-11-25 00:00:00-05:00,97.66316786837427,98.13430586209294,96.73578426082194,96.80521392822266,8567800,0.0,0.0,92.96079559326172,94.93558400472006,98.49535903930663,0.17754111281604423,102.84574278403139,83.07584840249206,48.20929869501867,36.07662137386043,9.154020752736775
2022-11-28 00:00:00-05:00,96.40848567921113,97.03336035646862,95.10915558833943,95.46622467041016,19974500,0.0,0.0,92.94442977905274,94.90483627319335,98.25896631876627,0.14428883422390015,102.8106958712687,83.07816368683677,47.11212390099843,14.752691330320962,12.244702199718212
2022-11-29 00:00:00-05:00,95.2182639898343,95.60508758191158,93.62137374879003,94.66282653808594,20220000,0.0,0.0,92.98311233520508,94.72828547159831,98.04009666442872,0.05250342210192116,102.87101720256362,83.09520746784654,46.455883872923486,-3.2216403755768908,14.981459385446449
2022-11-30 00:00:00-05:00,94.34544442217933,100.62389373779295,93.89910421356662,100.62389373779295,39888100,0.0,0.0,93.52615432739258,94.73026962280274,97.94041519165039,0.45552017301316994,103.85267123785921,83.19963741692594,51.62770163507363,64.59305005507319,3.6962317658267265
2022-12-01 00:00:00-05:00,100.57428677748264,101.75459129115109,99.85022794253256,100.45526123046876,21771500,0.0,0.0,94.23086814880371,94.7630007425944,97.78833033243815,0.752630758778011,104.42132763313599,84.04040866447143,51.482179545946146,103.94876443156507,1.3772762776673382
2022-12-02 00:00:00-05:00,98.5608238409091,100.32632792940876,98.36244791860888,100.0089340209961,18821500,0.0,0.0,95.09080848693847,94.77291895548503,97.64632975260416,0.9412282692765501,104.05187904582039,86.12973792805656,51.08790427417536,85.23234051651214,4.290670399144438
2022-12-05 00:00:00-05:00,99.00219500647542,100.92143561106695,98.54594175846798,99.05674743652344,19955500,0.0,0.0,95.74394569396972,94.7196891784668,97.44944610595704,1.0023056993185833,103.76856274349674,87.7193286444427,50.23877539605394,84.35183319296102,3.031248331904691
2022-12-06 00:00:00-05:00,98.85836847975504,99.3939720762969,95.97206903797998,96.51758575439452,20877600,0.0,0.0,96.1734188079834,94.53255869547526,97.20875523885091,0.8361818912407415,103.30668074902238,89.04015686694441,48.036273035955006,49.02711399730788,8.0019666218297
2022-12-07 00:00:00-05:00,95.98198639882396,96.5175900190315,94.25120099617814,94.37518310546876,26647900,0.0,0.0,96.48287811279297,94.20921325683594,97.04080073038737,0.5255948571772393,102.62532262090197,90.34043360468398,46.2658703015545,14.150528805735714,11.152025257034133
2022-12-08 00:00:00-05:00,94.91079598983636,95.08933054733215,93.03618691976472,93.1849594116211,25593200,0.0,0.0,96.80771179199219,94.18044942220052,96.84375190734863,0.18132113289260587,101.20980717550754,92.40561640847685,45.306223582986384,-9.369229725806111,13.319813848544593
2022-12-09 00:00:00-05:00,93.13536154800094,93.72055346864532,92.2625226598976,92.31211853027344,21885300,0.0,0.0,96.75316009521484,94.19598821004232,96.66472142537435,-0.1601036630834045,101.35538895348284,92.15093123694683,44.60435205383096,-28.871461294674805,14.690882885251307
2022-12-12 00:00:00-05:00,92.33195987268596,93.11057121097316,91.15165524755142,92.79813385009766,27380900,0.0,0.0,96.59595069885253,94.09614130655925,96.49825477600098,-0.38700672657626,101.51846402008555,91.67343737761952,45.09430602705654,-34.650034749875196,16.649196430574595
2022-12-13 00:00:00-05:00,97.2714121971471,98.987328075177,94.60331454135432,95.06948852539062,34788500,0.0,0.0,96.58702392578125,94.1354850769043,96.36600735982259,-0.3791787626048233,101.52046489937305,91.65358295218945,47.34580059839644,36.28104322163193,3.63035014288575
2022-12-14 00:00:00-05:00,94.76200491816712,96.42832473872424,93.17503546222396,94.53387451171876,26452900,0.0,0.0,96.41791229248047,94.29451243082684,96.25822563171387,-0.41145166072519146,101.39124061940463,91.4445839655563,46.87687664336167,6.630369894315684,6.260685540330844
2022-12-15 00:00:00-05:00,92.77830090490998,93.2643086962572,89.69362515531039,90.45735168457033,28298800,0.0,0.0,96.03158416748047,94.43105799357097,96.11258799235026,-0.7572404912105384,101.59293588218313,90.47023245277782,43.485857821731734,-66.68580637364063,12.29672476431417
2022-12-16 00:00:00-05:00,90.45736021204,91.00288461812974,89.27705546464297,90.12013244628906,48485500,0.0,0.0,95.65269546508789,94.67472483317059,95.95207265218099,-1.0464288248017226,101.7433873215472,89.56200360862857,43.21832003167032,-99.19325767058157,12.990236765521093
2022-12-19 00:00:00-05:00,90.13994990079604,90.4573437974892,88.20087546505859,88.42404174804688,23020500,0.0,0.0,95.2237174987793,94.75572611490887,95.7864325205485,-1.3963764487024264,102.07486494495153,88.37257005260706,41.87777717831219,-133.08629383752972,14.790949355484596
2022-12-20 00:00:00-05:00,88.00748117494419,89.04892655836977,87.3230973749296,88.900146484375,21976800,0.0,0.0,94.91624221801757,94.78812688191734,95.63467864990234,-1.616658950584764,102.32921778308132,87.50326665295383,42.396621967459154,-149.65748491940448,16.253351868398592
2022-12-21 00:00:00-05:00,88.99932865103851,90.17467673108308,88.18600624378183,89.51509094238281,20336400,0.0,0.0,94.5651252746582,94.83243001302085,95.50507621765136,-1.7217660941491033,102.31247124732744,86.81777930198896,43.0755917026376,-132.15102214897146,13.665202885691677
2022-12-22 00:00:00-05:00,88.20584026348051,88.45380450490858,86.23204702054822,87.54129791259766,23656100,0.0,0.0,94.04142532348632,94.86086374918621,95.29877014160157,-1.9419473047974805,102.21128957846932,85.87156106850333,41.45322234348681,-176.76052588763997,16.98371798886361
2022-12-23 00:00:00-05:00,86.90650519933101,89.36630609905306,86.90650519933101,89.07866668701172,17815000,0.0,0.0,93.65509796142578,94.71671422322592,95.16189397176107,-1.969684393189283,102.00346317746451,85.30673274538705,43.17762069945905,-140.35746392794798,14.850996784230656
2022-12-27 00:00:00-05:00,88.58274923981743,88.77120449770723,86.8222090591806,87.2139892578125,15470900,0.0,0.0,93.2424861907959,94.42576980590822,95.02600975036621,-2.1177183810883236,102.018709336825,84.4662630447668,41.638821515113314,-140.48366195390864,14.99908809111161
2022-12-28 00:00:00-05:00,86.78747534190427,87.79916601057799,85.66667981313363,85.75594329833984,17879600,0.0,0.0,92.7971420288086,94.10936711629233,94.81375198364258,-2.325877241524566,102.1545963575455,83.43968770007169,40.472093393746874,-145.40358996454603,17.045009859153495
2022-12-29 00:00:00-05:00,86.321306393741,88.63729139002962,86.28163120893464,88.22566986083984,18280700,0.0,0.0,92.17723083496094,93.78635253906252,94.59124526977538,-2.2654437198831516,100.97763498114307,83.3768266887788,43.258062603830666,-110.39213420220527,14.968680278607062
2022-12-30 00:00:00-05:00,86.65357901245979,88.10665335729826,86.32130784728768,88.0074691772461,19190300,0.0,0.0,91.55484123229981,93.44713770548505,94.36824277242025,-2.2096848190561076,99.6201997240204,83.48948274057922,43.07381597873313,-105.08617234283719,14.968680278544632
2023-01-03 00:00:00-05:00,89.0985049527015,90.80449998952328,88.29509573771095,88.96955871582031,20738500,0.0,0.0,91.00287246704102,93.15619277954103,94.16094462076823,-2.0640695937463107,98.0829579044316,83.92278702965044,44.15866894479002,-67.16739447841044,8.347763648500319
2023-01-04 00:00:00-05:00,90.26891468456262,90.49703757457156,87.08505437588964,87.98764038085938,27046500,0.0,0.0,90.44941711425781,92.85566075642905,93.98141860961914,-2.004791098144395,96.54007626988405,84.35875795863157,43.28769256216779,-76.1199595951597,10.73302304856811
2023-01-05 00:00:00-05:00,87.35284794638645,87.49170732459609,85.85514171881834,86.06343078613281,23136100,0.0,0.0,89.92670936584473,92.55612004597984,93.78403917948405,-2.0889994114470625,95.60504029431696,84.2483784373725,41.6234053498837,-103.29259879191876,13.110717650926038
2023-01-06 00:00:00-05:00,86.64862716557354,87.74958902875964,84.87320224716774,87.4421157836914,26612600,0.0,0.0,89.58005599975586,92.25294291178385,93.62054824829102,-2.0211877549821224,94.9532304151144,84.20688158439731,43.24087254421769,-92.77002531656751,14.981032722639563
2023-01-09 00:00:00-05:00,88.46866915414628,90.09035718095716,87.85867932594417,88.07688903808594,22996700,0.0,0.0,89.3246524810791,91.92166264851888,93.46350402832032,-1.894388302928462,94.45653074241535,84.19277421974284,43.98016349073108,-56.19858817296552,9.18528321378656
2023-01-10 00:00:00-05:00,86.0138444892825,88.7464079347189,85.99400311063448,88.51332092285156,22855600,0.0,0.0,89.13471260070801,91.64526621500652,93.29042510986328,-1.73864045307117,94.07879127413175,84.19063392728428,44.49437029590227,-67.63498397391591,12.807150726776781
2023-01-11 00:00:00-05:00,89.32663810871787,91.69717570972418,89.00924417457007,91.50872802734376,25998800,0.0,0.0,89.07024230957032,91.51334966023764,93.20909296671549,-1.3578523634733983,93.84387067226653,84.2966139468741,47.89043584581548,-14.210719822712349,5.893603829195574
2023-01-12 00:00:00-05:00,91.64758310090548,91.86579283925754,89.83248307799671,91.1615753173828,22754200,0.0,0.0,88.87484664916992,91.39664128621419,93.06246337890624,-1.071733109301391,92.87115774023937,84.87853555810048,47.54169592758625,-8.494822124099192,5.511348653738135
2023-01-13 00:00:00-05:00,90.78268161035555,92.2228613335806,90.18955158578548,92.04432678222656,18630700,0.0,0.0,88.75036926269532,91.11065572102866,92.92046267191569,-0.7649331994719546,92.10865835306133,85.3920801723293,48.52767523265209,5.908746217669447,4.683530201929957
2023-01-17 00:00:00-05:00,92.02448472237596,92.21293996053562,90.10027985732484,91.40953826904295,22935800,0.0,0.0,88.79797859191895,90.80913162231445,92.78606618245443,-0.5664841122017492,92.28277442585046,85.31318275798743,47.85852029110057,8.224171348561358,4.876553252332891
2023-01-18 00:00:00-05:00,92.18318863062608,92.82590697899548,90.65572799840912,91.03263092041016,19641600,0.0,0.0,88.843603515625,90.50992151896159,92.6414202372233,-0.4346150817561778,92.42387128159555,85.26333574965446,47.45657917408062,22.35430931601189,3.3893732103343726
2023-01-19 00:00:00-05:00,90.64580289551208,93.63129432978296,90.63588220752284,93.1452865600586,28707700,0.0,0.0,89.07966575622558,90.31287282307943,92.5162810007731,-0.1578150771700848,93.13457686227778,85.02475465017338,49.896568917592276,57.53181613938435,1.4343092384563496
2023-01-20 00:00:00-05:00,95.1686721296383,98.61041698597924,95.129004510499,98.4715576171875,53704800,0.0,0.0,89.55823631286621,90.37800521850588,92.45528195699056,0.48573720536398923,95.39272098998518,83.72375163574725,55.3091684976774,192.21316098876494,9.509293655074169
2023-01-23 00:00:00-05:00,98.32277708991757,100.57429661234588,97.9458741717516,100.3858413696289,31791800,0.0,0.0,90.10177383422851,90.57836049397787,92.3937868754069,1.1371157636083495,97.68322298573892,82.5203246827181,57.03485162926639,233.4348640861951,13.324828767641563
2023-01-24 00:00:00-05:00,98.73935012421865,100.2668029781312,97.89626576771576,98.40211486816406,27391400,0.0,0.0,90.64481468200684,90.75226567586263,92.46635754903157,1.4762505169466777,98.97313062301215,82.31649874100152,54.767773719841095,195.50687364902814,13.200101347408545
2023-01-25 00:00:00-05:00,96.40848816632058,96.92425799473612,94.48627353994316,95.94232177734376,31000900,0.0,0.0,90.98799743652344,90.87327245076497,92.53463033040364,1.5289082051440772,99.60522979580371,82.37076507724318,52.11076129207635,114.91857471715386,4.9837265259394865
2023-01-26 00:00:00-05:00,97.47970010106822,98.40212736977443,96.03158985819132,98.3525390625,24542100,0.0,0.0,91.54492492675782,91.05841929117838,92.57728029886881,1.7450088188708008,100.5654776619038,82.52437219161183,54.35536222707299,142.79021491402236,7.978264096266399
2023-01-27 00:00:00-05:00,98.2434368158301,100.7528337624218,98.1640864413504,99.8899154663086,29020400,0.0,0.0,92.25162353515626,91.21910018920899,92.67729263305664,2.017071989258284,101.57219914054207,82.93104792977044,55.72469817053582,175.92481918160442,12.515074147365917
2023-01-30 00:00:00-05:00,97.94091389632976,98.59950077421284,96.72588312039458,97.15238189697266,24365100,0.0,0.0,92.6979591369629,91.30638376871745,92.80044809977214,1.9888615731845505,102.06163122163478,83.334287052291,52.80652964093208,125.99868905265927,9.110430975813715
2023-01-31 00:00:00-05:00,97.0631130269933,99.0964226190372,96.99368334941104,99.05674743652344,22306800,0.0,0.0,93.25042304992675,91.59303029378255,93.01204414367676,2.0960095059321446,102.75168447191835,83.74916162793515,54.52045868425724,127.52025354238302,10.082940903725106
2023-02-01 00:00:00-05:00,98.92780153095374,101.35785538895983,97.6185507727088,100.60404205322266,26392600,0.0,0.0,93.83214721679687,91.942493947347,93.3086093902588,2.2795020778678747,103.6492451239668,84.01504930962695,55.86760382637372,136.07238057676332,14.395125495770023
2023-02-02 00:00:00-05:00,105.92040501563147,107.93387342129658,105.67244077715512,107.9140396118164,46622600,0.0,0.0,94.82846717834472,92.59216054280598,93.67394332885742,2.9804205411484332,106.0868822086004,83.57005214808905,61.44853508213807,216.64726600657755,25.187825351910345
2023-02-03 00:00:00-05:00,102.66711521746552,107.14038462242668,102.45882616562356,104.36318969726562,36823400,0.0,0.0,95.74345512390137,93.107595316569,93.94786109924317,3.212349594225742,106.97698181824752,84.50992842955522,57.777041242505305,157.57751058028623,17.686917224698163
2023-02-06 00:00:00-05:00,101.84883005623196,103.84742123585008,101.3776995111869,102.62744140625,25573000,0.0,0.0,96.50272140502929,93.54467366536458,94.18855183919271,3.21898816707737,107.4221382589968,85.58330455106179,56.082559920675635,117.43391129289866,15.282980755276364
2023-02-07 00:00:00-05:00,102.78613216833612,107.78509206375232,102.70479917263988,107.16022491455078,33738800,0.0,0.0,97.45688819885254,94.19863789876302,94.52975082397461,3.5490952699215654,108.60884295426172,86.30493344344336,59.30664485595129,142.74497117485765,21.337098342318797
2023-02-08 00:00:00-05:00,101.85378936534282,102.73654141727953,97.65327471081284,99.1856918334961,73546000,0.0,0.0,97.99050674438476,94.53553873697916,94.62612648010254,3.1311355717247977,108.33250433174791,87.6485091570216,52.316705777433405,65.67759641862446,10.826440932670844
2023-02-09 00:00:00-05:00,99.72129002000848,99.79071969780152,93.09568586544056,94.68265533447266,97798600,0.0,0.0,98.14920310974121,94.78449427286783,94.60513203938802,2.408775226244259,108.16466564835926,88.13374057112316,48.946799701624876,15.350625757397353,2.5365129177782086
2023-02-10 00:00:00-05:00,94.96037096064651,96.2299464946272,93.7602251022033,94.08753967285156,49325300,0.0,0.0,98.29550132751464,95.06221415201823,94.58579063415527,1.767899344655902,107.96054611665303,88.63045653837625,48.519519209904495,-2.4192576412943683,2.5365129177675754
2023-02-13 00:00:00-05:00,94.23633060040883,94.57355832991092,93.28414883989548,94.22640991210938,43116600,0.0,0.0,98.40460548400878,95.26223882039388,94.52429567972818,1.2567195779430733,107.818530540437,88.99068042758057,48.62777427020763,-14.298463923746965,1.6862417221856356
2023-02-14 00:00:00-05:00,93.88919458378672,94.4000003732924,91.8955597392752,94.17682647705078,42513100,0.0,0.0,98.54296989440918,95.4678840637207,94.45751088460287,0.8379456453520788,107.5985257276991,89.48741406111927,48.59003413081346,-25.248274571142797,0.7959136669964225
2023-02-15 00:00:00-05:00,93.96853528692384,96.54736211688336,93.5916323301802,96.30931854248048,36964500,0.0,0.0,98.80680427551269,95.71254272460938,94.43436775207519,0.6704104994492326,107.22616191610878,90.3874466349166,50.30595603368469,-0.17948178097774883,2.992243144582941
2023-02-16 00:00:00-05:00,94.76200225647874,97.08294360174206,94.19664416720174,95.0000457763672,35642100,0.0,0.0,98.89954223632813,95.9462895711263,94.40097516377767,0.42706735251972816,107.09418927567026,90.704895196986,49.261656271614285,-4.609353791301691,3.923874513852481
2023-02-17 00:00:00-05:00,94.29583493577326,94.97029792871488,92.68902403772384,93.81974029541016,31095100,0.0,0.0,98.66695137023926,96.20483322143555,94.38047663370769,0.1373916024271722,107.17097378909766,90.16292895138086,48.326089111697755,-34.91860920032371,1.0966263321163117
2023-02-21 00:00:00-05:00,92.4807348582739,92.6543128419698,91.2508344261477,91.30043029785156,28367200,0.0,0.0,98.21268081665039,96.33344370524088,94.29319330851237,-0.2920986471933418,107.28196039507101,89.14340123822977,46.381098829284845,-74.36570717247552,1.546555232424207
2023-02-22 00:00:00-05:00,91.18537126851464,91.60790479415158,90.1300401173903,91.0524673461914,29891100,0.0,0.0,97.84519844055175,96.4326296488444,94.17714614868164,-0.6450456178581732,107.4612826429122,88.22911423819131,46.19180816623819,-90.72825629805035,3.5788910992374214
2023-02-23 00:00:00-05:00,91.37977317666504,91.37977317666504,89.27704139853027,90.32840728759766,32423700,0.0,0.0,97.56450271606445,96.49313252766927,94.06919937133789,-0.9719798517670597,107.72669804389386,87.40230738823504,45.62928185178024,-104.54090183036618,5.1208788977795665
2023-02-24 00:00:00-05:00,88.90012470674083,89.39605312039114,88.13639827931684,88.62240600585938,31295600,0.0,0.0,97.07799606323242,96.3969217936198,93.95513572692872,-1.353139483694548,107.98564508158469,86.17034704488015,44.31391757000776,-129.56546219485472,7.174409591421254
2023-02-27 00:00:00-05:00,89.35638943124523,89.71345854037706,88.88030233058149,89.3663101196289,22724300,0.0,0.0,96.55181579589843,96.33707962036132,93.86686045328776,-1.57700565366531,107.89494011858525,85.20869147321162,45.028741291909455,-116.82512053766537,6.510800990026183
2023-02-28 00:00:00-05:00,88.81087620152506,90.70531912616688,88.79103482396349,89.56468963623047,30546900,0.0,0.0,96.17243118286133,96.25442504882812,93.68254038492839,-1.718602655552644,107.93093384699729,84.41392851872537,45.222720807969175,-108.11656473523095,4.420701004072377
2023-03-01 00:00:00-05:00,89.42581609788071,90.45734054964632,89.11833533252579,89.77296447753906,26323900,0.0,0.0,95.7082420349121,96.19987258911132,93.50450210571289,-1.7933407448408616,107.71763126384248,83.69885280598173,45.43185383874139,-104.57694323964697,4.420701004060254
2023-03-02 00:00:00-05:00,89.12825756597466,91.72692524942474,89.03898651407543,91.5583038330078,23328600,0.0,0.0,95.25595512390137,96.21739501953125,93.36365826924641,-1.6890390628516059,107.16996855444137,83.34194169336138,47.218788814772566,-87.21324872490435,1.6873346972249958
2023-03-03 00:00:00-05:00,91.98480369391682,93.3436503254381,91.90546089570832,93.25437927246094,30242500,0.0,0.0,94.5229721069336,96.221031443278,93.2669521331787,-1.4527734471731435,104.85704016037279,84.1889040534944,48.86444889398844,-53.467816163132795,1.7022957994706542
2023-03-06 00:00:00-05:00,93.59162245753784,95.5158273630948,93.53211346203172,94.80168914794922,28288200,0.0,0.0,94.04489707946777,96.09870249430338,93.23835385640463,-1.127677109241688,103.28944891294113,84.80034524599442,50.32610232211956,-22.445762898992786,6.0548305669801765
2023-03-07 00:00:00-05:00,94.64297345820064,95.30751569397246,93.07981072275746,93.40315246582033,24101500,0.0,0.0,93.58368263244628,95.86594619750977,93.22215334574382,-0.9716851597587493,101.89905396717555,85.26831129771702,49.016076561766326,-31.490178160942822,5.052839325412676
2023-03-08 00:00:00-05:00,93.63624192751794,95.45629828504354,93.63624192751794,93.8792495727539,25395200,0.0,0.0,92.91963386535645,95.71518402099609,93.23372484842936,-0.8004166533741852,98.25839572143359,87.5808720092793,49.47920521480968,-22.6770026690267,5.357115254160978
2023-03-09 00:00:00-05:00,93.7205565519148,95.13891222447717,91.60294751456009,91.90546417236328,24438900,0.0,0.0,92.55562248229981,95.58062210083008,93.22694727579753,-0.8145633352593364,97.0160040616045,88.09524090299512,47.62387682299752,-45.43607419773422,0.7906790741744982
2023-03-10 00:00:00-05:00,91.74675490866146,92.42121784203202,90.0606013588685,90.26889038085938,32850100,0.0,0.0,92.33493423461914,95.3111671447754,93.18479321797689,-0.9469170399302413,96.78895848485455,87.88090998438373,46.139878405418905,-74.79956498547318,2.5245505366792096
2023-03-13 00:00:00-04:00,89.82752778638994,92.3220474293675,89.20761718789117,90.91361236572266,31508600,0.0,0.0,92.17623786926269,95.01195704142252,93.11552861531575,-0.9883910714077473,96.59335568183877,87.75912005668661,46.81527022052217,-72.88999515303738,4.324972127329275
2023-03-14 00:00:00-04:00,92.31212197549748,94.05779224958776,92.0244825645708,93.48251342773438,32303900,0.0,0.0,92.13904304504395,94.88962809244792,93.09800593058269,-0.8046946743546215,96.49558435157692,87.78250173851097,49.42915722923527,-29.704091826914247,0.4204378535177924
2023-03-15 00:00:00-04:00,92.77830233228372,96.45809080077584,92.28237384487616,95.7637939453125,38367300,0.0,0.0,92.21839141845703,94.77986297607421,93.18644663492839,-0.4696201946417631,96.78400043933492,87.65278239757914,51.613778378049695,1.583909201384649,4.682901158372124
2023-03-16 00:00:00-04:00,95.78362990243482,101.1396591999589,95.08933303140712,100.24698638916016,54499500,0.0,0.0,92.41527481079102,94.76796112060546,93.35522753397623,0.15588792822813957,97.95859935555399,86.87195026602805,55.52013054340212,76.88434652026957,13.547502685528219
2023-03-17 00:00:00-04:00,100.01885274930972,102.64727522082796,99.92958925472074,101.62566375732422,76140300,0.0,0.0,92.74655570983887,94.5583485921224,93.5752545674642,0.7541618552506577,99.58168796068534,85.9114234589924,56.63390817018946,137.89411802048463,16.145492496173645
2023-03-20 00:00:00-04:00,100.23705734620631,101.74468409374118,99.9692593089202,101.0999755859375,26033900,0.0,0.0,93.11056747436524,94.44957478841145,93.77858505249023,1.172365313117794,100.89575196514588,85.3253829835846,56.0800075334838,137.23236528098857,16.14549249611452
2023-03-21 00:00:00-04:00,101.14956600467218,105.09715207340372,101.03054045714735,104.9781265258789,33122800,0.0,0.0,93.7944522857666,94.52793095906576,94.03630231221517,1.7960254726031195,103.15395751253033,84.43494705900287,59.13052914980136,191.85407392911506,21.74190334298945
2023-03-22 00:00:00-04:00,104.28383681897247,106.63454046287428,103.36140957311412,103.37133026123048,32336900,0.0,0.0,94.41039543151855,94.40163447062174,94.30013618469238,2.136003098124192,104.59513114210364,84.22565972093346,57.421132051694705,212.20739520839058,24.143597141935558
2023-03-23 00:00:00-04:00,105.02772458506806,106.22886181574545,104.5516375195797,105.39471435546876,31385800,0.0,0.0,95.16371078491211,94.60860188802083,94.5720703125,2.5394349763705435,106.26472972042554,84.06269184939869,58.96642673234045,213.13356426324722,24.143597141793094
2023-03-24 00:00:00-04:00,104.87894855668944,105.29553421403313,103.88709163711762,105.19634246826172,25236200,0.0,0.0,95.99240760803222,94.9590581258138,94.87177619934081,2.810750115317745,107.50427986391408,84.48053535215037,58.750179058867715,175.3521124368228,22.40588221276062
2023-03-27 00:00:00-04:00,104.46237054837248,104.5417209181446,101.7942730111104,102.22077178955078,25393400,0.0,0.0,96.63513069152832,95.23016586303712,95.14619000752766,2.753920154478152,108.02405150062485,85.24620988243178,55.586934571276224,124.66057106684956,17.067373463186204
2023-03-28 00:00:00-04:00,102.16125925052792,102.16125925052792,99.46340731004244,100.53461456298828,24913500,0.0,0.0,97.18362693786621,95.44043935139975,95.35133908589681,2.543503282134708,108.18897091998676,86.17828295574566,53.88614063050353,82.41655233586383,11.466313467732634
2023-03-29 00:00:00-04:00,101.88354331322778,101.98272749107336,100.20730270874684,101.07022094726562,26148300,0.0,0.0,97.74848976135254,95.67021916707357,95.56905161539713,2.3923874010429103,108.30275930389102,87.19422021881407,54.345165987410695,80.44210355986989,11.466313467689409
2023-03-30 00:00:00-04:00,100.61396726471531,100.7825811230914,99.4733303059772,100.49494171142578,25009800,0.0,0.0,98.19532165527343,95.80973993937174,95.76114133199056,2.2008368725302745,108.3969345117287,87.99370879881816,53.75067491299283,63.124095975020374,9.697668188277296
2023-03-31 00:00:00-04:00,100.88176864342508,103.34157718871182,100.61397059873428,103.1531219482422,28108000,0.0,0.0,98.6902587890625,96.08150914510091,96.0138993581136,2.237729475948413,108.84292413714601,88.53759344097898,56.04885267711357,85.17364410170556,14.585772476314792
2023-04-03 00:00:00-04:00,101.83395242596175,104.09538508752772,101.54631299904077,104.05571746826172,20719900,0.0,0.0,99.15296020507813,96.42270838419596,96.31377080281575,2.313134668531717,109.40247096012938,88.90344945002688,56.80284234721416,88.78585902176502,15.971828340522237
2023-04-04 00:00:00-04:00,103.98628125983396,105.2360231627598,103.7482377055089,104.26400756835938,20377200,0.0,0.0,99.69600296020508,96.85482762654622,96.59413566589356,2.3624680363066943,109.81283461883928,89.57917130157088,56.97902944230889,95.87945231316338,18.05340246516486
2023-04-05 00:00:00-04:00,105.2558610598409,105.67243915795368,103.25428843017286,104.09538269042967,21864200,0.0,0.0,100.20680961608886,97.28959147135417,96.86111056009928,2.360745265397469,110.11656341397386,90.29705581820386,56.78506179290072,88.36643111671572,16.757685370567472
2023-04-06 00:00:00-04:00,104.9087121010658,108.7372807461784,103.96149441230811,108.0132293701172,34684200,0.0,0.0,101.01219787597657,97.87908554077148,97.18610903422038,2.6450272140288718,110.69691339560384,91.3274823563493,60.053512211853686,112.01006424025081,22.23614420279994
2023-04-10 00:00:00-04:00,106.51551339682288,107.09079222312894,104.74008861256164,106.07909393310548,19741500,0.0,0.0,101.80270805358887,98.46097513834636,97.42894846598307,2.6833224698157494,110.30381383562434,93.3016022715534,57.82019576002385,95.36478312607855,22.236144202638258
2023-04-11 00:00:00-04:00,106.0493403729038,106.34690047666012,104.42269562484304,105.255859375,18721300,0.0,0.0,102.51982040405274,98.99062678019206,97.66385320027669,2.617075569061271,109.42281204220251,95.61682876590297,56.88866423382318,83.54758610058003,21.35104169211108
2023-04-12 00:00:00-04:00,106.51551746690072,106.71091189406192,104.1152254592726,104.36318969726562,22761600,0.0,0.0,103.0638542175293,99.4839101155599,97.86916758219401,2.464138386838215,108.5343354155605,97.59337301949809,55.878817070101626,76.32326609664149,22.020946087267927
2023-04-13 00:00:00-04:00,105.60299555800134,107.3833767122085,105.5732410645242,107.30899047851562,21650700,0.0,0.0,103.64111404418945,100.06844431559244,98.13415845235188,2.5512271139501905,108.234358633054,99.0478694553249,58.39975224259106,95.71702357444697,23.26994817105749
2023-04-14 00:00:00-04:00,106.81306600680703,108.68767483754957,106.7138742685423,108.5686492919922,20758700,0.0,0.0,104.05719718933105,100.63545583089193,98.42642542521159,2.6908708127460415,108.85879785903461,99.25559651962749,59.42526953262663,109.86263022127275,25.659099066865437
2023-04-17 00:00:00-04:00,104.57146958416116,105.84104516065328,104.46236472362504,105.55340576171876,29043400,0.0,0.0,104.25358428955079,101.04542338053385,98.63322741190592,2.5290808271910947,108.95672836910857,99.550440209993,56.00643768254113,67.36003456804367,19.040111103678058
2023-04-18 00:00:00-04:00,106.12869595056397,106.17829182604626,103.92677226306974,104.26400756835938,17641400,0.0,0.0,104.41178588867187,101.36083399454752,98.72976824442546,2.270642882033144,108.87502134425957,99.94855043308418,54.6164280979167,56.58893519323098,17.516824521521883
2023-04-19 00:00:00-04:00,103.36636505912207,104.86407112387684,102.95475109741922,104.16481018066406,16732000,0.0,0.0,104.37112007141113,101.71955591837565,98.79275105794271,2.0343735563863135,108.82744418997854,99.91479595284372,54.508761103154015,40.71648946548299,14.759787783469958
2023-04-20 00:00:00-04:00,103.79782235236266,106.017596985302,103.78790166488577,105.0376434326172,22515300,0.0,0.0,104.45443572998047,102.0915023803711,98.9033432006836,1.895706240934075,108.89433285618156,100.01453860377939,55.310656238461874,53.96814965027275,17.1461163828727
2023-04-21 00:00:00-04:00,105.22609625464288,105.77162058363132,104.6260270600233,105.04756927490234,22379000,0.0,0.0,104.43707847595215,102.52957255045573,99.0550973256429,1.766252072475055,108.86419394070354,100.00996301120075,55.319921615242755,55.16274477220294,17.146116382823397
2023-04-24 00:00:00-04:00,105.18642539813828,106.44608030910128,104.5020417278041,105.91047668457033,21410900,0.0,0.0,104.47278518676758,103.05095876057943,99.18106295267741,1.7135355563912071,108.93704890147941,100.00852147205575,56.13776463849398,62.93766702531912,18.57248606379392
2023-04-25 00:00:00-04:00,105.74186194133716,106.56510496289212,103.70855232275296,103.75814819335938,31408100,0.0,0.0,104.54965400695801,103.47910995483399,99.24553349812825,1.4810102518256087,108.90219241513448,100.19711559878154,53.605923666172444,37.26329590141602,16.139127240692996
2023-04-26 00:00:00-04:00,104.70041862172546,106.148528880034,102.4290652677548,103.59945678710938,37068200,0.0,0.0,104.70289611816406,103.81634140014648,99.3529847462972,1.2692955534271846,108.65789230424592,100.7478999320822,53.42215527026926,12.816901977390966,12.29497505174759
2023-04-27 00:00:00-04:00,104.37311836617909,108.26119609905484,103.5697090279093,107.487548828125,38235200,0.0,0.0,105.02376251220703,104.20713322957357,99.49349810282389,1.399118496091475,108.77380342182063,101.27372160259343,57.145717800219145,94.20195511821176,16.98829133324818
2023-04-28 00:00:00-04:00,106.92218227298034,107.40819005980929,105.17651192155635,107.33876037597656,23957900,0.0,0.0,105.36595344543457,104.44352569580079,99.60574340820312,1.4730180932087364,108.58776846122716,102.14413842964198,56.965438173461195,101.37054010066123,16.988291333145323
2023-05-01 00:00:00-04:00,106.8428293184697,107.79501105970502,106.62461958390725,106.8329086303711,20926300,0.0,0.0,105.54994277954101,104.61710052490234,99.58772455851236,1.4737772611787108,108.65795381248495,102.44193174659708,56.34032366360167,116.04085391259089,17.849662167548907
2023-05-02 00:00:00-04:00,106.7833243970624,106.85275408186502,103.649052757931,105.11700439453124,20343100,0.0,0.0,105.60300712585449,104.75100148518881,99.60028813680013,1.3206956188525254,108.63900655816266,102.56700769354632,54.25126304973515,27.314763476206974,8.86078983445047
2023-05-03 00:00:00-04:00,105.3550435538295,107.24948634145672,104.7599309135847,105.255859375,17116300,0.0,0.0,105.65259971618653,104.76025924682617,99.64409510294597,1.1967859474508487,108.62830990553692,102.67688952683613,54.392828252978,51.33091506783564,9.809619282308072
2023-05-04 00:00:00-04:00,105.2955324531768,105.43439181421328,103.84741471562316,104.35326385498048,19780600,0.0,0.0,105.66549377441406,104.79299036661784,99.5973124186198,1.014065212448557,108.61491179202632,102.7160757568018,53.28408775225557,-8.81040659364887,7.155242074767215
2023-05-05 00:00:00-04:00,104.4623737560884,105.57325626520644,103.88610359636972,105.35008239746094,20710600,0.0,0.0,105.53233642578125,104.79150263468425,99.70005226135254,0.9388699310070336,108.26820233785055,102.79647051371195,54.347254446358214,11.499817312150817,7.507210647084569
2023-05-08 00:00:00-04:00,104.93351425883644,107.53713900194174,104.9285576978282,107.35860443115234,17266000,0.0,0.0,105.5963119506836,104.86357803344727,99.91131807963053,1.0294808564284352,108.44358301987113,102.74904088149607,56.41481924555884,89.04756404259179,12.367471396905168
2023-05-09 00:00:00-04:00,107.89419900054745,109.6944218061836,106.84778960406253,107.06104278564452,24782400,0.0,0.0,105.68657112121582,105.02492039998373,100.12754313151042,1.0650032353200345,108.60203330095571,102.77110894147593,56.02594869419142,141.43462425003608,17.305387373725562
2023-05-10 00:00:00-04:00,107.66607749477262,112.5856871750064,107.59664780932194,111.3656997680664,47533500,0.0,0.0,106.03669662475586,105.38595657348633,100.41319796244304,1.4240888101397644,109.83209619755533,102.2412970519564,60.137976572508876,248.81437039774755,23.297654002253793
2023-05-11 00:00:00-04:00,114.9165422459179,117.4755348909296,113.9941150165424,115.94807434082033,57115100,0.0,0.0,106.4686508178711,105.88188501993815,100.77605209350585,2.054740279860482,112.29615390668083,100.64114772906136,63.85956420401516,397.18708697078705,31.927732852955227
2023-05-12 00:00:00-04:00,116.04726362107684,117.29700550198504,115.6009310186722,116.95977020263672,31293800,0.0,0.0,106.88820686340333,106.43071263631185,101.1202262878418,2.6061296735488497,114.3354537589473,99.44095996785936,64.614103319706,344.54726430101323,31.927732852826324
2023-05-15 00:00:00-04:00,115.54140965836454,117.82764014516071,115.53149653766886,116.00758361816406,22107900,0.0,0.0,107.41091575622559,106.85919469197592,101.47035191853841,2.932472523135374,115.86336985911187,98.95846165333931,63.32682797857509,275.9811423169558,32.80571409772032
2023-05-16 00:00:00-04:00,115.87863560811785,120.2130451249995,115.87863560811785,119.1120834350586,32370100,0.0,0.0,108.15331954956055,107.3610735575358,101.89189097086589,3.402388159650471,117.94429211320606,98.36234698591504,65.63592222226643,260.3380450529131,36.60795446187327
2023-05-17 00:00:00-04:00,119.20135910234104,121.28425701873668,118.4872209442014,120.49077606201172,26659600,0.0,0.0,108.96961784362793,107.90196584065755,102.37839673360189,3.8417632051141197,120.00380110234168,97.93543458491418,66.60200134555359,239.23352997576959,38.23166875893892
2023-05-18 00:00:00-04:00,120.57011404471828,122.8910629659674,120.50068436918718,122.51415252685548,27014500,0.0,0.0,109.84344329833985,108.51592483520508,102.90275815327962,4.303631084594656,122.24930167164521,97.43758492503449,67.96912954895896,222.0833720014366,40.59282669983665
2023-05-19 00:00:00-04:00,123.18861410215791,125.44905513057932,121.72067024521378,122.24635314941406,30268900,0.0,0.0,110.70338249206543,108.99036229451498,103.43472391764323,4.595086241148536,124.05760229575532,97.34916268837554,67.59031261842978,198.52672743101644,44.111208192411866
2023-05-22 00:00:00-04:00,122.50424882994288,126.01542319245044,122.4447322697189,124.84503173828124,29760200,0.0,0.0,111.65011024475098,109.6158935546875,104.03843434651692,4.978370638800968,126.20440470778519,97.09581578171677,69.30749442295901,182.6052198972257,44.859205203862565
2023-05-23 00:00:00-04:00,123.91269374317513,124.39870154818404,122.04800533101044,122.28604888916016,24477900,0.0,0.0,112.57650527954101,110.18356653849284,104.58709665934245,5.017795730036923,127.37235487804035,97.78065568104167,65.75829777745602,143.51934849092152,43.467824907975064
2023-05-24 00:00:00-04:00,120.88752628397845,121.75044458283506,119.76673061814527,120.64948272705078,23087900,0.0,0.0,113.42900657653809,110.72644297281902,105.10517654418945,4.860949190523186,128.0102268805102,98.84778627256597,63.60343373094587,107.0978670167508,35.71370335722667
2023-05-25 00:00:00-04:00,124.19040755382532,124.95414164147272,121.89922042541907,123.33740997314452,33812700,0.0,0.0,114.22149963378907,111.26072362263997,105.66458396911621,4.897089839418513,129.16153108696864,99.2814681806095,65.52301201871197,121.07693092651964,40.39391808120104
2023-05-26 00:00:00-04:00,123.05474006718948,124.97398092414151,122.2860493853532,124.40862274169922,25154700,0.0,0.0,115.07499275207519,111.78872273763021,106.21208928426107,4.955050741435798,130.30693931613942,99.84304618801094,66.25670504621755,113.57084725011822,40.421704541134936
2023-05-30 00:00:00-04:00,125.2616112061388,125.35087469655856,121.88929616815103,123.6250457763672,27230700,0.0,0.0,115.914599609375,112.39111073811848,106.71826705932617,4.881486325651522,131.0847267238018,100.74447249494823,65.20666410178825,101.61552292022171,39.08040326217407
2023-05-31 00:00:00-04:00,122.69269398471668,123.88292679034758,122.09758136553498,122.36538696289062,41548800,0.0,0.0,116.77701873779297,112.99449005126954,107.17766202290854,4.667735310208144,131.31031882427524,102.2437186513107,63.53224140353994,87.04442129541754,39.08040326200028
2023-06-01 00:00:00-04:00,122.49432816456228,124.02178871128564,122.29595980982634,123.35724639892578,25017700,0.0,0.0,117.68208808898926,113.6342379252116,107.67689692179361,4.526195691180291,131.42758784301594,103.9365883349626,64.27939919765245,84.79255987482291,39.29757702157008
2023-06-02 00:00:00-04:00,123.47627883746426,125.71292127033423,123.33741945944242,124.21025848388672,19367500,0.0,0.0,118.67493782043456,114.27332509358725,108.18241373697917,4.431768797680363,131.1792829012609,106.17059273960822,64.9188474787843,89.24144056537568,41.90669750998725
2023-06-05 00:00:00-04:00,123.59529116132587,126.94776482005705,123.36716074058076,125.59883880615234,22672500,0.0,0.0,119.68737564086913,114.95836741129557,108.74396998087565,4.41805306582917,130.85680378472654,108.51794749701175,65.94544671420289,91.38329550691314,43.73351612574006
2023-06-06 00:00:00-04:00,125.5690857387596,127.83052589411962,124.94421859750294,126.86842346191406,19450100,0.0,0.0,120.66286659240723,115.65696563720704,109.35396219889323,4.458236347421575,130.64315021220057,110.68258297261389,66.86263596781816,96.95537200723851,45.012277726956974
2023-06-07 00:00:00-04:00,126.53615562328928,128.49507928113414,121.63142298829456,121.93890380859376,34179300,0.0,0.0,121.4067596435547,116.2629908243815,109.87105038960775,4.04567482820579,129.06635854813746,113.74716073897194,60.33549700743898,71.00138992954899,33.25521715051244
2023-06-08 00:00:00-04:00,121.58678986453351,122.72247037119786,121.01647511443514,121.6710968017578,24815000,0.0,0.0,121.92202949523926,116.8653788248698,110.34086011250814,3.654974790346614,127.95032843239461,115.8937305580839,60.00628422493067,47.54560539371927,31.212370890499688
2023-06-09 00:00:00-04:00,121.56198788236898,123.27294721028775,121.4231285118811,121.86946868896484,20304500,0.0,0.0,122.21809921264648,117.34477615356445,110.77595469156901,3.3230431757287704,127.5527588774117,116.88343954788125,60.1728036780737,48.09495746834619,32.17523229997428
2023-06-12 00:00:00-04:00,122.39018477163872,123.73415426580712,121.35369607709951,123.33740997314452,22255700,0.0,0.0,122.53698120117187,117.87806447347005,111.16079508463541,3.142214085227934,127.27756607311778,117.79639632922596,61.40301142614962,51.35666756112653,32.98822141892731
2023-06-13 00:00:00-04:00,124.626822317843,124.83511136097596,122.83652029169886,123.41675567626952,19287700,0.0,0.0,122.90743980407714,118.430859375,111.52397994995117,2.9710597361078754,126.52446437973371,119.29041522842057,61.46956029428952,58.02731868587666,34.91475537727662
2023-06-14 00:00:00-04:00,122.79189333242954,123.77382959325902,121.165248541195,123.3671646118164,24659600,0.0,0.0,123.12019386291504,119.03919804890951,111.89509976704916,2.7991502353753077,126.2672877052518,119.97310002057829,61.40111134939275,44.95652639559169,29.086914587148375
2023-06-15 00:00:00-04:00,122.87122812413246,125.13266817723252,122.13725614845832,124.76567840576172,24517100,0.0,0.0,123.33393898010254,119.6895253499349,112.22489229838054,2.7441265105534,126.30485024402066,120.36302771618443,62.61557342069428,58.081678295296946,31.573020645866347
2023-06-16 00:00:00-04:00,125.66827598434875,125.66827598434875,122.78197611567585,123.04977416992188,56699200,0.0,0.0,123.36072006225587,120.31274236043295,112.5528663635254,2.5328634080697583,126.31009450222928,120.41134562228245,60.21101862280736,54.18162213726331,32.537423482628476
2023-06-20 00:00:00-04:00,122.52905427040116,124.15569909381726,121.82979329126762,122.84148406982422,22698000,0.0,0.0,123.39047660827637,120.89578908284506,112.84364585876465,2.321863608588231,126.3043067481015,120.47664646845125,59.92205852195221,37.28471173068537,29.188902530407358
2023-06-21 00:00:00-04:00,122.2314990867696,122.40507709021968,119.87583869083258,120.2725830078125,22612000,0.0,0.0,123.16185417175294,121.3262550354004,113.09491653442383,1.9251638107873816,126.30374747979383,120.01996086371204,56.46472610696168,-11.490254184257227,22.612812738548385
2023-06-22 00:00:00-04:00,119.67744579883654,122.92577078344046,118.626072439134,122.8613052368164,20781900,0.0,0.0,123.19061698913575,121.85293045043946,113.4389254252116,1.79892769333361,126.30919774534624,120.07203623292526,58.934691320434084,-9.877181912379116,18.617694961077827
2023-06-23 00:00:00-04:00,121.04621871470238,122.4348199080091,120.86768416745912,122.01823425292967,29573100,0.0,0.0,123.2590545654297,122.20801493326823,113.79698575337729,1.612270626034615,126.19771831786841,120.32039081299098,57.829341490109115,-14.999463398113772,18.61769496097773
2023-06-26 00:00:00-04:00,120.47689058618045,121.72067692823596,118.02104745435722,118.12023162841795,23185000,0.0,0.0,122.99819564819336,122.28042017618814,114.08115259806316,1.1367041032491727,126.7274597551134,119.26893154127332,53.068670333408484,-115.81089426344944,9.889960660920746
2023-06-27 00:00:00-04:00,116.88042276758269,118.9186891620227,115.95800304173348,118.04090118408205,27221700,0.0,0.0,122.6798095703125,122.31645787556967,114.37358525594075,0.7448270017665521,126.95010528611904,118.40951385450596,52.97685248637954,-184.52222157680725,4.1449600156867294
2023-06-28 00:00:00-04:00,116.99943611218436,120.28247994817872,116.64236703166486,120.09403228759766,19753100,0.0,0.0,122.50325889587403,122.45267283121744,114.65593376159669,0.5930952638282179,126.89913354052956,118.10738425121849,55.05863433088944,-142.83793730654327,7.453633181113592
2023-06-29 00:00:00-04:00,119.11209579446742,119.9254257464452,118.23926441513198,119.03275299072266,18517500,0.0,0.0,122.33662719726563,122.45002848307291,114.90555102030436,0.3827977444525743,126.9990801566538,117.67417423787745,53.785354604246606,-143.66841140259342,7.453633181077393
2023-06-30 00:00:00-04:00,120.11387062024154,121.03629785178722,119.89566088867431,119.98493194580078,23871800,0.0,0.0,122.16801147460937,122.43316701253255,115.16756642659506,0.28962965880036506,126.91814505401288,117.41787789520586,54.756461627232014,-91.91528190356769,10.156885223108226
2023-07-03 00:00:00-04:00,119.34021879813426,120.03451558315032,118.73022893935104,119.57826232910156,13888300,0.0,0.0,121.93641166687011,122.33530400594076,115.42561442057291,0.18089321590254315,126.71886118736089,117.15396214637934,54.25278027327015,-117.34697101006991,6.772100384780018
2023-07-05 00:00:00-04:00,119.08234423544866,122.36539591987648,119.08234423544866,121.63141632080078,17830300,0.0,0.0,121.73804054260253,122.31480611165365,115.65258420308432,0.25742374897110665,126.19918952790154,117.27689155730353,56.349833512439005,-50.40981445919252,12.344652643397401
2023-07-06 00:00:00-04:00,119.65761967587466,120.16346883004984,118.27893914572104,119.94525909423828,17732500,0.0,0.0,121.39188232421876,122.15148035685222,115.88368695576986,0.17994169556432382,125.2040654246333,117.57969922380421,54.23758554644104,-103.13215214461472,10.000209949751918
2023-07-07 00:00:00-04:00,119.90558244826885,120.7585800048136,119.1120938853958,119.16168975830078,20997700,0.0,0.0,121.25302162170411,122.04733505249024,116.11545079549154,0.0546788098795048,125.18184615303156,117.32419709037666,53.27752434251482,-87.49177851035557,11.416739569846806
2023-07-10 00:00:00-04:00,118.10040187547624,118.10040187547624,115.6901892834352,115.91831970214844,32960100,0.0,0.0,120.96538276672364,121.88962961832682,116.30803629557292,-0.30281512281311507,125.55252568985264,116.37823984359463,49.523860385258516,-182.74001181700496,1.8786701186709092
2023-07-11 00:00:00-04:00,115.80921903157792,117.26228582389678,114.88679176992136,116.75148010253906,18286600,0.0,0.0,120.70948333740235,121.67009862263997,116.46541112263998,-0.5129891393039401,125.64227041948784,115.77669625531685,50.45153764242241,-170.38234688647313,0.1964435669703672
2023-07-12 00:00:00-04:00,118.3285411266498,119.97501978383772,118.03098100477249,118.64593505859376,22059600,0.0,0.0,120.4749095916748,121.47800903320312,116.63336588541667,-0.5206847495837934,125.32705141151153,115.62276777183807,52.50477721658655,-81.77487676544703,6.4587654910611105
2023-07-13 00:00:00-04:00,120.55029674864343,124.31439212449324,120.07420207460352,123.81350708007812,31535900,0.0,0.0,120.49474716186523,121.48429107666016,116.93770090738933,-0.10855237701132125,125.40047926259022,115.58901506114024,57.47708480539861,40.410787239883035,15.722075460453384
2023-07-14 00:00:00-04:00,124.11104874111912,126.05508731895816,123.88292589625851,124.67640686035156,20499800,0.0,0.0,120.56020927429199,121.56132507324219,117.27790756225586,0.28441573071839343,125.65849124339512,115.46192730518887,58.232428074371,102.93626955534684,19.0487162662663
2023-07-17 00:00:00-04:00,125.0334752220176,126.24354182009692,123.48618091877776,124.04161834716795,20675300,0.0,0.0,120.52400627136231,121.58413747151693,117.60918769836425,0.5384171219823628,125.50549412333302,115.5425184193916,57.45573986478575,91.08364048253317,17.950961007565038
2023-07-18 00:00:00-04:00,123.887897222186,123.97220415901032,122.29597097681012,123.06961822509766,21045800,0.0,0.0,120.52499847412109,121.54611612955729,117.90972061157227,0.6537467820726732,125.50861199812692,115.54138495011526,56.26697516809983,48.628508091207884,14.669522968247499
2023-07-19 00:00:00-04:00,123.7738317651767,124.44829480512864,121.47272390544668,121.78019714355467,22313800,0.0,0.0,120.47193412780761,121.41882807413737,118.18859774271647,0.6337948707146666,125.37362061591955,115.57024763969568,54.71348482344741,36.02473937935443,12.431418813730659
2023-07-20 00:00:00-04:00,121.12556922958473,123.68455432012396,117.71853557953592,118.55665588378906,27541700,0.0,0.0,120.38613777160644,121.14176915486654,118.39936739603678,0.3537917072395942,125.36202381531726,115.41025172789563,51.067135978620584,-41.76060229920607,2.952110301137202
2023-07-21 00:00:00-04:00,119.8857443786186,120.31224314173284,118.100398959241,119.3302993774414,56514600,0.0,0.0,120.2095874786377,121.05481567382813,118.65890324910482,0.19209934552354468,125.06480257463272,115.35437238264268,51.86360394073838,-62.19937250889224,2.9521103011220275
2023-07-24 00:00:00-04:00,120.93314282918612,122.34554301205831,120.391583773608,120.88751220703124,22276100,0.0,0.0,120.15305137634277,121.02869618733725,118.94703750610351,0.1874502354794032,124.94551787460863,115.36058487807692,53.44156542181308,5.662442580772173,7.473649410082995
2023-07-25 00:00:00-04:00,120.88751433008063,122.68278043634336,120.54036593404118,121.79010772705078,31820800,0.0,0.0,120.33654518127442,121.0260508219401,119.18541348775229,0.25367350715032444,125.08209023320691,115.59100012934192,54.33906870947023,22.47082775597697,8.20742847935648
2023-07-26 00:00:00-04:00,129.29845322817246,130.30022314909456,127.66189555977355,128.60415649414062,46216900,0.0,0.0,120.86470794677734,121.20160903930665,119.53983675638834,0.8462378124478107,126.74912513942103,114.98029075413366,60.31372990477808,240.6203461016909,22.558109819621027
2023-07-27 00:00:00-04:00,130.7267459620652,132.51209145697905,128.12807052270455,128.8124542236328,35931600,0.0,0.0,121.30062904357911,121.38146565755208,119.90616251627604,1.3174702031395356,128.15624407480882,114.44501401234939,60.47726766084251,239.83376747194913,26.031741020644546
2023-07-28 00:00:00-04:00,129.9035135051533,132.97827628274152,129.8539176278625,131.92689514160156,26971000,0.0,0.0,121.94533615112304,121.66679000854492,120.35299402872721,1.9201008935406492,130.18782871258716,113.70284358965893,62.845416350164186,246.64640822533784,26.748129520025014
2023-07-31 00:00:00-04:00,131.92687027583293,132.7402001334015,131.05404656508048,132.02606201171875,18381900,0.0,0.0,122.54739265441894,121.90880279541015,120.79916407267253,2.3782767016586774,131.87462675436882,113.22015855446907,62.91860232595354,221.34077979910438,26.748129519928085
2023-08-01 00:00:00-04:00,129.78941883050985,131.83760556777247,129.68527810297235,130.8159942626953,22154300,0.0,0.0,123.10927925109863,122.1676767985026,121.24020957946777,2.6136138624939065,133.01915590341528,113.19940259878197,61.392110891761064,173.4005277557898,23.004920624221388
2023-08-02 00:00:00-04:00,128.78270118973313,129.35798002988213,126.8089080020692,127.59247589111328,22705800,0.0,0.0,123.40733222961425,122.32604319254557,121.61091613769531,2.5110632909138815,133.48717270680714,113.32749175242137,57.5447349963087,105.3560159988013,15.584313552026497
2023-08-03 00:00:00-04:00,127.32466843792942,128.71327721167384,126.73451992489956,127.72142028808594,15018100,0.0,0.0,123.79614028930663,122.57433776855468,121.95029640197754,2.412387458341442,133.91352600793638,113.67875457067689,57.65454816091757,92.59634296673354,15.398063117545847
2023-08-04 00:00:00-04:00,128.54465183182143,130.85566493829828,127.27011216693492,127.49327087402344,20521900,0.0,0.0,124.21271934509278,122.72873662312826,122.29083353678385,2.289385784881233,134.21205591355405,114.2133827766315,57.38287589778607,97.45320240056395,19.273600877342545
2023-08-07 00:00:00-04:00,128.45539544923778,130.98463384244167,128.37604507258212,130.86561584472656,17621000,0.0,0.0,124.96008415222168,123.02364934285482,122.61583213806152,2.4359460579256904,134.57618752536067,115.3439807790827,60.24715808623571,111.53903564455804,19.503237038179595
2023-08-08 00:00:00-04:00,129.9134208628997,130.86561020721203,129.0703515245079,130.76641845703125,16836000,0.0,0.0,125.66083106994628,123.4451889038086,122.86280453999838,2.5150992317150127,134.7884787424039,116.53318339748867,60.12419565520112,103.6893027855918,19.5032370380997
2023-08-09 00:00:00-04:00,131.11356065288936,131.39127936273164,128.4504274071843,129.0901641845703,17745200,0.0,0.0,126.18304252624512,123.81349767049154,123.0649777730306,2.414733437516446,134.8017337886443,117.56435126384595,58.05298924490137,87.18196870215267,17.77979951567555
2023-08-10 00:00:00-04:00,130.89535135020824,131.5668403833172,128.9761107428649,129.14968872070312,17855700,0.0,0.0,126.44985160827636,124.11535288492838,123.28401285807291,2.3133293345450454,135.09004270388482,117.8096605126679,58.10600503730657,84.34543317472856,18.125719928153707
2023-08-11 00:00:00-04:00,128.1498809068998,129.37780618976768,127.70156574027284,129.11000061035156,15205500,0.0,0.0,126.67153129577636,124.45126113891601,123.45064481099446,2.2043529449577193,135.34756888351487,117.99549370803784,58.05539525322189,62.39860379846409,14.507605270129808
2023-08-14 00:00:00-04:00,128.79264279984437,130.83586588233703,128.53475028313616,130.7565155029297,17526200,0.0,0.0,127.00727615356445,124.81031392415365,123.6217404683431,2.2251976688205275,135.77403028767938,118.2405220194495,59.56679764401311,76.5457921970176,17.498114304739147
2023-08-15 00:00:00-04:00,130.51845660285375,130.9152084762959,128.76188176252623,129.20921325683594,14769200,0.0,0.0,127.31425590515137,125.13134562174479,123.73332481384277,2.0927391089810783,135.92910894682254,118.6994028634802,57.55080855300647,65.6858446514279,17.66025107662625
2023-08-16 00:00:00-04:00,128.22725337606278,129.83207401874927,127.41393862255852,128.0586395263672,17548400,0.0,0.0,127.628178024292,125.34558639526367,123.83019625345865,1.8733284968873676,135.84218275404046,119.41417329454355,56.09052896168735,44.609177429669316,13.732091625221479
2023-08-17 00:00:00-04:00,129.3877310465426,131.41211136564658,128.79262598050974,129.3976593017578,23665600,0.0,0.0,128.17022819519042,125.660666402181,123.9060733795166,1.7868935151142011,135.21062415245854,121.12983223792229,57.392107657429534,62.50133860071082,17.0886363020551
2023-08-18 00:00:00-04:00,128.0090564312339,128.77279052568863,125.96583352162156,127.0667953491211,23627200,0.0,0.0,128.55705299377442,125.924169921875,123.98575248718262,1.5128724760204477,134.27911806843753,122.8349879191113,54.48384792911956,19.194771039377294,9.223452222421098
2023-08-21 00:00:00-04:00,126.80888922293563,128.20740336334455,126.12451318284906,127.88008880615234,21851100,0.0,0.0,128.90668182373048,126.32289555867513,124.10626258850098,1.345821026282593,133.3721341122698,124.44122953519117,55.301424260802456,17.060134042497463,9.22345222237386
2023-08-22 00:00:00-04:00,128.07848893786127,129.88366066251717,127.87515645309288,128.63392639160156,15557900,0.0,0.0,129.248872756958,126.71897710164389,124.19453786214193,1.2597384610675846,132.2154632375339,126.28228227638213,56.0582465588317,38.72350275971582,12.934802988082152
2023-08-23 00:00:00-04:00,129.78449158545692,132.97827226440393,129.4472487107923,132.12527465820312,26497000,0.0,0.0,129.42492866516113,127.16828842163086,124.32314872741699,1.4564509744192833,132.6381004317964,126.21175689852586,59.355418057095314,92.62094621054669,19.24060217048207
2023-08-24 00:00:00-04:00,133.6299212741966,133.87093876871316,129.23896845478694,129.3579864501953,18680400,0.0,0.0,129.45220527648925,127.35310440063476,124.41869773864747,1.3732203973532506,132.65272240105858,126.25168815191991,55.915255649053684,74.73268575227517,20.949077983519143
2023-08-25 00:00:00-04:00,129.08025388679013,130.32998810840627,126.99734838289504,129.6257781982422,20678100,0.0,0.0,129.3371494293213,127.51808344523111,124.53970425923666,1.3137243251673425,132.321212449979,126.3530864086636,56.16956388428719,30.51076058801836,14.648503119037175
2023-08-28 00:00:00-04:00,131.00447439796662,132.15503215044708,129.78449452543367,130.71682739257812,16715500,0.0,0.0,129.27168769836425,127.74059041341145,124.6623639424642,1.3391746393827475,132.0582931855435,126.48508221118497,57.209928351300974,72.71962100010624,18.23586398133165
2023-08-29 00:00:00-04:00,131.9149916151378,136.17699801988198,131.89713286269614,134.38670349121094,30803300,0.0,0.0,129.45022315979003,128.11782658894856,124.83197135925293,1.6366067436945002,133.0050734785664,125.89537284101365,60.47443898461484,148.9448384479777,25.385372487484766
2023-08-30 00:00:00-04:00,134.46606093121147,136.13237342882272,133.92152029847713,135.81497192382812,21773400,0.0,0.0,129.8613479614258,128.58565241495768,125.00224024454752,1.9649227488917518,134.30287196758073,125.41982395527087,61.65230536693342,175.38871895152113,25.38537248735854
2023-08-31 00:00:00-04:00,135.9339920252484,137.272989767933,135.70586917448622,136.23155212402344,28147900,0.0,0.0,130.28685455322267,129.1748156229655,125.15829238891601,2.2329895752141056,135.43892081310906,125.13478829333627,61.99403433804792,202.1460225694614,27.314274585835065
2023-09-01 00:00:00-04:00,137.30273626898193,137.45152387697294,134.83302240239627,135.68601989746094,16671600,0.0,0.0,130.69649200439454,129.72000630696616,125.38741099039713,2.374048027048957,136.20388047441062,125.18910353437846,61.254555121978136,190.6874782482371,24.761062142804555
2023-09-05 00:00:00-04:00,135.32895039554214,136.25136999710338,134.45611152861886,135.5967559814453,17730200,0.0,0.0,130.93304901123048,130.21031443277994,125.6195053100586,2.45038846151607,136.86136832005673,125.00472970240423,61.13112611073634,162.4425187593019,23.65331780295957
2023-09-06 00:00:00-04:00,135.89927858842424,136.36048843513515,133.5932142203338,134.26766967773438,15814300,0.0,0.0,131.1081115722656,130.6262331644694,125.82614199320476,2.3762507097453636,137.21966401389986,124.99655913063135,59.29091554255884,129.98216686970838,21.106650725099183
2023-09-07 00:00:00-04:00,133.50391968682428,135.46779174182507,132.869131995585,135.09088134765625,16976000,0.0,0.0,131.40814743041992,130.84245732625325,126.02203318277995,2.3567551034259395,137.68940628888058,125.12688857195926,60.06125323803685,109.92531806750671,18.979537029438394
2023-09-08 00:00:00-04:00,134.7635921785487,136.39520101694376,134.7635921785487,136.082763671875,17810700,0.0,0.0,131.75480117797852,131.084800974528,126.23313331604004,2.393747675866365,138.27207435446724,125.23752800148979,60.98155791528472,132.08439824032797,20.8221462539636
2023-09-11 00:00:00-04:00,136.26129336985767,137.1380974533762,135.43805040160086,136.6183624267578,17180800,0.0,0.0,132.13021926879884,131.24118321736654,126.45398661295573,2.4381771113488924,138.8673281128756,125.39311042472208,61.47741360236555,134.38729806906122,22.286728645763276
2023-09-12 00:00:00-04:00,136.0133409858467,136.51918255435288,134.8231006030683,134.96197509765625,15212900,0.0,0.0,132.34049224853516,131.33904698689778,126.62392489115398,2.3130675418259727,139.15909688288838,125.52188761418194,59.07560099672223,100.34093820564722,20.37995601825389
2023-09-13 00:00:00-04:00,134.79334820533003,136.57869367275558,133.83124579051002,136.3803253173828,16394900,0.0,0.0,132.6990478515625,131.5245246887207,126.84610074361166,2.3018322266300686,139.57827063812877,125.81982506499627,60.444511700404504,94.94649818967791,17.32748848005173
2023-09-14 00:00:00-04:00,137.26306466883716,138.41362221194325,135.94389328253115,137.85818481445312,19064600,0.0,0.0,133.18902511596679,131.86671498616536,127.09637908935547,2.3846898486602015,140.07255778587296,126.3054924460606,61.821054323601096,123.83101515058048,21.15372961250603
2023-09-15 00:00:00-04:00,137.66975663222377,138.22519413878845,136.06293797733363,137.173828125,48958800,0.0,0.0,133.5778335571289,132.18179524739583,127.37806650797526,2.3678382798823066,140.4380946353153,126.7175724789425,60.8073492690027,108.28405655303693,21.153729612386677
2023-09-18 00:00:00-04:00,136.50930412909798,138.79056346198053,136.50930412909798,137.82847595214844,16233600,0.0,0.0,134.11591758728028,132.52630208333332,127.6275193532308,2.3798741904996916,140.49736715933622,127.73446801522434,61.43315252109941,110.67132065487465,22.338882660001005
2023-09-19 00:00:00-04:00,137.12419940268376,138.0416699481979,136.38030682002906,137.69947814941406,15479100,0.0,0.0,134.60688705444335,132.75409749348958,127.8888734181722,2.351892538594342,140.45710691364062,128.75666719524608,61.233845521332,95.899959816968,21.906377417228708
2023-09-20 00:00:00-04:00,137.69949732262972,137.70941044334674,133.42459644059744,133.4940185546875,21473500,0.0,0.0,134.84989166259766,132.8450174967448,128.14510320027668,1.9676891395040457,140.019647562988,129.6801357622073,55.19474962863393,41.562008460355564,12.480764338820237
2023-09-21 00:00:00-04:00,131.31190966583046,132.10539806336135,130.02249291165927,130.29029846191406,22058400,0.0,0.0,134.7581428527832,132.88502197265626,128.3492598215739,1.3886838577219862,140.18998429267774,129.32630141288868,51.21426719643282,-44.14249066688472,2.9982814819079486
2023-09-22 00:00:00-04:00,130.60771987455942,131.92689147423243,129.44724902399062,130.1812286376953,17348700,0.0,0.0,134.7993049621582,132.91940663655598,128.5173797607422,0.9105210571547957,140.06889697590003,129.52971294841637,51.08451923013033,-50.968376606523655,1.5015488718931467
2023-09-25 00:00:00-04:00,129.70514102820778,131.14333061693313,128.97116141731388,131.09373474121094,14650000,0.0,0.0,134.87270278930663,132.98553110758465,128.71839612325033,0.5983082836899882,139.87289176728166,129.8725138113316,52.13403941812738,-55.64250975436306,0.25423687861379163
2023-09-26 00:00:00-04:00,129.847957020075,130.33495609939962,127.14613976477534,128.3958740234375,20378800,0.0,0.0,134.75665512084962,132.90684305826824,128.85857849121095,0.13166484797704925,140.24669674557188,129.26661349612735,48.92356252882899,-91.42281966020613,4.404255513150133
2023-09-27 00:00:00-04:00,128.38597101275062,130.6474037357639,128.32646201496658,130.3895263671875,18764200,0.0,0.0,134.55679626464843,132.9461868286133,129.03876622517905,-0.07640164372656955,140.38420381392294,128.72938871537391,51.219941941454486,-67.01931475693225,3.5520704441324864
2023-09-28 00:00:00-04:00,129.62579542235756,133.08736671087252,129.62579542235756,132.04592895507812,18201400,0.0,0.0,134.36834411621095,133.07909647623697,129.21234143575032,-0.10641134795065454,140.26776225794373,128.46892597447817,53.034785065692866,-32.203047672297075,2.8536980948681734
2023-09-29 00:00:00-04:00,132.98815777450122,133.79155933810617,130.2506385328596,130.7763214111328,23237300,0.0,0.0,134.0955825805664,133.12505187988282,129.3928591410319,-0.2299897938204083,140.13506660138452,128.05609855974828,51.5150844330114,-33.732084731252506,4.615359329447983
2023-10-02 00:00:00-04:00,131.07885724734416,134.2577606665927,130.9895937519326,134.06930541992188,19210400,0.0,0.0,134.01474685668944,133.35846888224285,129.6413194020589,-0.06150136417028307,140.0076989580598,128.0217947553191,54.97669336640626,-4.727399060452353,5.785449670635745
2023-10-03 00:00:00-04:00,133.83123971614634,134.13872805773343,131.73347212985374,132.2145233154297,19628700,0.0,0.0,133.84563522338868,133.5029500325521,129.9129227956136,-0.07675371549598253,139.8415036739243,127.84976677285306,52.780981478293874,-20.28658824835663,5.785449670597869
2023-10-04 00:00:00-04:00,132.5715923300576,135.45789944214923,132.3434543540329,135.16033935546875,22848000,0.0,0.0,133.8902687072754,133.72049713134766,130.21973711649576,0.14716499495563085,139.91259687533702,127.86794053921376,55.68866763718834,18.175119862492146,9.159823128968473
2023-10-05 00:00:00-04:00,135.021504033884,135.38848629654427,133.36014046084676,134.8826446533203,15922900,0.0,0.0,133.8798568725586,133.81240946451823,130.49034894307454,0.2987705041699087,139.89415990971733,127.8655538353999,55.35625121294118,22.117959028334674,9.159823128916294
2023-10-06 00:00:00-04:00,133.84118007494985,138.0526068898384,133.84118007494985,137.60031127929688,20826700,0.0,0.0,133.9557342529297,134.08715362548827,130.72012901306152,0.6309388760918182,140.1233931954304,127.788075310429,57.900416313333146,73.88462437564381,15.686211889111217
2023-10-09 00:00:00-04:00,136.8663154597725,138.830187545188,135.58681180424267,138.364013671875,16599100,0.0,0.0,134.04301681518555,134.37842814127603,130.9482557932536,0.9449166930899651,140.4153427340524,127.67069089631872,58.586501095433405,103.38559723221516,17.476356792806037
2023-10-10 00:00:00-04:00,138.37395577275697,139.59395070160656,137.3027484651147,138.0664825439453,19554900,0.0,0.0,134.1982421875,134.6234166463216,131.18200352986653,1.1564077509819697,140.81151349360343,127.58497088139657,58.204217244222754,120.76058759415167,19.219105447338254
2023-10-11 00:00:00-04:00,138.71121609519687,141.0619124877406,138.7012878384784,140.546142578125,20146300,0.0,0.0,134.40653305053712,134.82873128255207,131.47327893575033,1.5067350754076188,141.55031353885005,127.26275256222421,60.43026522284203,160.575090442847,22.474331738962533
2023-10-12 00:00:00-04:00,141.0023964289306,141.22060618228826,138.3144572677725,139.14761352539062,18173100,0.0,0.0,134.47100448608398,134.9398193359375,131.7627358754476,1.652473709136558,141.76758495784736,127.1744240143206,58.609017158619565,133.19992079557454,21.143564291298745
2023-10-13 00:00:00-04:00,139.50467410455198,140.1890578222688,136.84650474044514,137.4515380859375,19438700,0.0,0.0,134.48488998413086,134.98048553466796,132.07765057881673,1.6125253249035723,141.80414907857357,127.16563088968815,56.47372186532368,90.23735874328848,16.187565173016452
2023-10-16 00:00:00-04:00,138.59215687228465,139.75759172703243,138.1855070558803,139.34597778320312,17345600,0.0,0.0,134.5607650756836,135.10248413085938,132.41124521891277,1.7139737709427436,142.0553293783094,127.0662007730578,58.232032969458345,108.76627370130147,16.18756517290885
2023-10-17 00:00:00-04:00,138.88972959970616,140.0997963077823,137.40096040733627,139.8419189453125,17424000,0.0,0.0,134.66788711547852,135.24398956298828,132.7271519978841,1.8134859650056399,142.4085509074514,126.92722332350566,58.68402916012185,101.38109683332779,13.531130682512915
2023-10-18 00:00:00-04:00,139.6038591053275,140.83376711355135,137.57551355471935,138.1458282470703,18304900,0.0,0.0,134.90047760009764,135.37326151529948,132.99974733988444,1.7354841700098689,142.77108984355786,127.02986535663743,56.52013122427817,88.11256079462362,15.403009139397442
2023-10-19 00:00:00-04:00,138.66159651751485,139.85678588842433,137.47137127411622,137.8482666015625,21831200,0.0,0.0,135.27837600708008,135.46517435709634,133.1538158416748,1.6308569438614597,142.93997698521588,127.6167750289443,56.14440245622518,72.27757003307192,15.037474314310364
2023-10-20 00:00:00-04:00,137.4614367051682,137.9077692591247,135.1355311896841,135.6265106201172,24970300,0.0,0.0,135.55064010620117,135.44996592203776,133.26738344828289,1.3530646861784703,142.82689343595345,128.2743867764489,53.40235864572689,19.770671563331764,7.161746666827478
2023-10-23 00:00:00-04:00,135.1206848543639,137.8879745641379,134.00980977534982,136.77708435058594,20780700,0.0,0.0,135.8348075866699,135.45525665283202,133.34821993509928,1.2117852982741795,142.81611320844453,128.8535019648953,54.59046770421445,19.981895881722384,3.624818720200681
2023-10-24 00:00:00-04:00,138.02679931260892,139.56418041730026,137.6201343823261,138.97897338867188,26535200,0.0,0.0,136.36396255493165,135.5891565958659,133.46410179138184,1.2629360680736852,142.5276325194648,130.2002925903985,56.772478716089985,74.72553366813791,8.287488893447268
2023-10-25 00:00:00-04:00,128.71328191643568,129.04059652932804,125.06324043425636,125.63851928710938,58796100,0.0,0.0,136.12641220092775,135.23109639485676,133.37781054178873,0.2244232549079186,143.50588689934307,128.74693750251242,43.63194691017989,-179.063978123799,21.241325809180626
2023-10-26 00:00:00-04:00,123.45643351150734,124.43836975515116,121.32393959469071,122.43482208251952,33907400,0.0,0.0,135.6458568572998,134.71698430379232,133.29184964497884,-0.8473495039773411,145.1033484586615,126.18836525593814,41.25946564909963,-222.15859289487997,27.344654270539017
2023-10-27 00:00:00-04:00,123.0200087173422,123.42667367407248,120.4709368156047,122.3951416015625,37367700,0.0,0.0,135.2267978668213,134.22436141967773,133.20307833353678,-1.6805664958415605,146.21211410143593,124.24148163220666,41.23074011902779,-202.01230640273278,28.649469002883357
2023-10-30 00:00:00-04:00,123.44651679236584,125.51950178145027,122.87123793728324,124.72601318359376,24165600,0.0,0.0,134.75963325500487,133.7876126607259,133.1569573720296,-2.128281602629073,146.70493319296355,122.81433331704619,43.61615443602601,-146.7246479428098,23.04108427924931
2023-10-31 00:00:00-04:00,125.24176553726129,125.52940494197856,122.9158674984798,124.27967071533205,21123400,0.0,0.0,134.362890625,133.3402857462565,133.04719161987305,-2.4904072922797127,147.16077154602254,121.56500970397748,43.268253111436316,-134.7805154846758,23.014832980196296
2023-11-01 00:00:00-04:00,124.31934466897953,126.6998028277422,123.90773069992387,126.53118896484376,26536600,0.0,0.0,133.93143310546876,133.10819142659506,132.97660446166992,-2.566134997403566,147.189668726109,120.6731974848285,45.53526913522375,-103.62686445667727,19.887616541516472
2023-11-02 00:00:00-04:00,128.50495911049603,129.03064198133242,127.06676983868827,127.53294372558594,24091700,0.0,0.0,133.56394805908204,133.0162796020508,132.9506507873535,-2.51631005614621,147.11536137569007,120.012534742474,46.51891293736825,-70.00358674851005,13.921285206186589
2023-11-03 00:00:00-04:00,128.0388044967126,129.6654492188667,127.95945412800566,129.30838012695312,19529400,0.0,0.0,133.14935150146485,132.9871846516927,132.95329564412435,-2.306967268942117,146.68817394840204,119.61052905452766,48.23303659931568,-53.40686403648569,12.346056219400715
2023-11-06 00:00:00-05:00,129.15961308612904,130.48869776525947,128.87196609563105,130.3795928955078,15360400,0.0,0.0,132.7501304626465,132.9633799235026,132.9744555155436,-2.031209169009287,146.1112283561037,119.38903256918928,49.24831756752546,-40.20388009350437,10.29995777548404
2023-11-07 00:00:00-05:00,130.9052451156187,132.19466187308493,130.07208910662172,131.3218231201172,19223800,0.0,0.0,132.41289749145508,133.0609115600586,132.9838773091634,-1.7168480281357006,145.54755947887818,119.27823550403198,50.138146496057836,-24.29617029076561,6.1554481230337394
2023-11-08 00:00:00-05:00,131.28217011535162,132.45255390563898,131.08380177702728,132.17483520507812,15093600,0.0,0.0,131.99433212280275,133.12042185465495,133.0333043416341,-1.382941919213522,144.55885988441867,119.42980436118683,50.94365964249638,-15.668932452484487,5.535312184541826
2023-11-09 00:00:00-05:00,132.27404456793445,132.86916479674537,130.43910314121416,130.61764526367188,17976500,0.0,0.0,131.5678337097168,133.07281239827475,133.07595443725586,-1.229794827273139,143.68096502594756,119.45470239348607,49.435481489914125,-23.909860289431027,6.941179196895932
2023-11-10 00:00:00-05:00,130.4589561538622,133.1766499105073,129.80432687069012,132.96835327148438,20872900,0.0,0.0,131.34367446899415,133.14588012695313,133.13546600341797,-0.9082721668416411,143.16066753564718,119.52668140234113,51.66988048849823,-14.603246784617232,8.330765550333885
2023-11-13 00:00:00-05:00,132.27403908643998,133.01793177435837,131.68884713756606,132.5517578125,16409900,0.0,0.0,131.00396347045898,133.09529520670574,133.22688204447428,-0.6792489547776484,142.2280994018867,119.77982753903125,51.25465190479804,-8.069776170034368,8.330765550306936
2023-11-14 00:00:00-05:00,134.54537341042175,136.12243727793228,133.99986425962427,134.32716369628906,22317300,0.0,0.0,130.7282257080078,133.16571655273438,133.33433329264324,-0.3504462656528631,141.28956938923443,120.1668820267812,52.92254845344935,24.520456802612618,0.4780903926715303
2023-11-15 00:00:00-05:00,135.52733231323387,135.7257006752591,134.22800213725242,135.2694549560547,15840900,0.0,0.0,130.58440704345702,133.1693537394206,133.4449254353841,-0.013675098002238428,140.79289336010893,120.3759207268051,53.790661827959454,27.637759233624816,0.4780903926697958
2023-11-16 00:00:00-05:00,135.84473522491476,137.74909876249546,134.97189626140593,137.570556640625,17615100,0.0,0.0,130.57052154541014,133.25895080566406,133.53568013509116,0.4338964651427659,140.7380802809183,120.402962809902,55.847466432395414,49.39320936650506,4.357528068297371
2023-11-17 00:00:00-05:00,136.697713719532,136.87624068193216,134.3767572665926,135.8248748779297,25565300,0.0,0.0,130.58043975830077,133.19976959228515,133.64346160888672,0.6403565923474446,140.76912984032182,120.39174967627972,53.96248217745075,35.25641671557854,2.8514366102966693
2023-11-20 00:00:00-05:00,134.39661357105123,137.29779810862496,134.3867004502168,136.79690551757812,19569400,0.0,0.0,130.5814308166504,133.14753265380858,133.76298039754232,0.8723564969686777,140.77266233388323,120.39019929941756,54.84047656161441,42.75624915500878,3.86805250844002
2023-11-21 00:00:00-05:00,136.81675544972742,137.83340280938174,136.58366845198967,137.4912109375,17648100,0.0,0.0,130.5070426940918,133.12835693359375,133.8758867899577,1.0995676067714442,140.45910005815648,120.55498533002714,55.46802271889481,59.51015254513383,5.172319591256346
2023-11-22 00:00:00-05:00,137.96729999233057,139.9510137800878,137.86810824912865,138.8798065185547,17306400,0.0,0.0,131.16910705566406,133.07281239827475,133.9507718404134,1.3758224815241817,141.51156361982476,120.82665049150334,56.71255664713139,83.08440817392443,10.157769681755441
2023-11-24 00:00:00-05:00,138.40371045111507,138.53960344801953,136.3505744596838,137.09446716308594,8828600,0.0,0.0,131.90208930969237,133.0043741861979,133.97209676106772,1.4341623637970713,141.70184586605077,122.10233275333398,54.68005023980497,62.88215389280377,6.025441697155737
2023-11-27 00:00:00-05:00,136.4497552309465,138.4929779370703,136.4199856014322,136.92584228515625,17886400,0.0,0.0,132.62862434387208,132.98685099283855,133.98366826375326,1.450074960913355,141.57838249166602,123.67886619607813,54.48924617451249,62.97893742646978,6.0254416971237905
2023-11-28 00:00:00-05:00,136.5092822047407,137.5308936923905,135.92407507913032,137.4912109375,17046900,0.0,0.0,133.2668842315674,132.9250254313151,134.01375478108724,1.4911176578619347,141.64621071296972,124.88755775016507,55.03347479927853,60.568349660718034,4.652535479725914
2023-11-29 00:00:00-05:00,137.8532173400451,138.53263682349683,135.1851201383906,135.2892608642578,21014700,0.0,0.0,133.81736373901367,132.7732701619466,134.00862986246744,1.3306266862910832,141.08331504826342,126.55141242976393,52.503842267679865,53.488072332632235,7.164543183022604
2023-11-30 00:00:00-05:00,135.2892685281675,135.84472107816995,131.7086646878818,132.8294677734375,29913500,0.0,0.0,134.13227767944335,132.59605814615887,133.98465983072916,0.9934992490542811,140.56698472035745,127.69757063852923,49.855593609348716,13.855318907300825,2.095597632564219
2023-12-01 00:00:00-05:00,132.234375,132.41290198529057,131.0758716816685,132.234375,24268000,0.0,0.0,134.36734924316406,132.40892842610677,133.93705139160156,0.670574349075423,140.09119710206105,128.64350138426707,49.23409100284331,-7.118073601093378,3.6630971395101817
2023-12-04 00:00:00-05:00,130.22487867768857,130.37959904612927,128.34628917821982,129.5662841796875,24117100,0.0,0.0,134.38024444580077,132.20692087809246,133.8284434000651,0.1970894833795569,140.05707259058997,128.70341630101157,46.543033737435316,-43.700603282655,10.0868140095466
2023-12-05 00:00:00-05:00,129.30838023327894,132.4525648150174,128.6735924176367,131.3119354248047,19235100,0.0,0.0,134.42686157226564,132.02474924723307,133.74000295003256,-0.036866246354321675,139.97931269099365,128.87441045353762,48.45009657079927,-18.811626708586033,4.60690646248244
2023-12-06 00:00:00-05:00,131.81775659172175,132.22442149326977,130.24070798468384,130.35972595214844,16360600,0.0,0.0,134.37875671386718,131.73744099934896,133.6632987976074,-0.2957044968551088,140.05966074844568,128.69785267928867,47.494008733453214,-12.931269808321348,4.606906462459749
2023-12-07 00:00:00-05:00,135.48768996796554,138.8599981550586,135.120692538498,137.32261657714844,38419400,0.0,0.0,134.6361457824707,132.1269109090169,133.67900365193685,0.060316120238042004,140.36289270165668,128.9093988632847,54.31376492765586,88.67756749222251,10.631976553055596
2023-12-08 00:00:00-05:00,134.55531295052415,136.86634138255732,134.46604946031053,135.52732849121094,23016100,0.0,0.0,134.88162994384766,132.56332778930664,133.6401560465495,0.19534842454979184,140.2954495808402,129.4678103068551,52.495124709061905,58.097258652795,9.01123707650451
2023-12-11 00:00:00-05:00,132.7303102914479,133.692397652505,131.80787541644483,133.60313415527344,24502900,0.0,0.0,134.91336898803712,132.936927541097,133.58064448038738,0.14541978802921562,140.2872557723778,129.53948220369645,50.61597020782298,4.169917437204744,2.6919096485494403
2023-12-12 00:00:00-05:00,132.1847755961783,133.44442298418787,131.74835613107385,132.5517578125,26584000,0.0,0.0,134.91336898803712,133.1977856953939,133.4926991780599,0.020774227365592424,140.2872557723778,129.53948220369645,49.61213152143294,-11.467225507789692,2.5542043624374053
2023-12-13 00:00:00-05:00,133.44938880441018,133.68247578829568,131.86737579060906,132.8790740966797,25414500,0.0,0.0,134.84096450805663,133.48443247477215,133.41235911051433,-0.051008593531634006,140.28664849580198,129.39528052031127,49.93192523584327,-13.963423064518098,3.091871432947973
2023-12-14 00:00:00-05:00,133.67257928324926,133.93542079693788,129.99278295707126,132.1153564453125,29619100,0.0,0.0,134.68325958251953,133.67057139078776,133.3893814086914,-0.16759074626921233,140.2578527057459,129.10866645929315,49.178555487104425,-41.027563154566366,1.342551583048155
2023-12-15 00:00:00-05:00,131.8376307046865,133.73208120813683,131.54999883370633,132.75013732910156,58594000,0.0,0.0,134.44223861694337,133.84447784423827,133.43037872314454,-0.20638238237083328,139.90695945159496,128.97751778229178,49.829423939110356,-29.590924854032586,1.3425515830411854
2023-12-18 00:00:00-05:00,132.7699602889898,137.2531575475015,132.68069680360648,136.07284545898438,25699800,0.0,0.0,134.4546371459961,134.06996002197266,133.5285723368327,0.03063658411994652,139.93367272624712,128.97560156574505,53.083049729032425,38.89645273205776,6.722456358148927
2023-12-19 00:00:00-05:00,136.87625686120646,137.63999093788465,136.33073252072202,136.97544860839844,20661000,0.0,0.0,134.46356430053712,134.28982187906902,133.6266009012858,0.2879886001657326,139.95922521378344,128.9679033872908,53.922766481707136,80.26450201610724,7.558543442209924
2023-12-20 00:00:00-05:00,139.18729322164205,141.91291731982514,138.27478660699433,138.5227508544922,33507300,0.0,0.0,134.51514129638673,134.52985280354818,133.79538218180338,0.6097672694037612,140.1480898510034,128.88219274177007,55.340259115765335,143.28274585037323,16.14704679026174
2023-12-21 00:00:00-05:00,139.6236980665228,140.87343229433054,139.32911947723971,140.6453094482422,18101500,0.0,0.0,134.6034164428711,134.81220194498698,133.96631189982097,1.0242450631013185,140.56982819672913,128.63700468901305,57.208363332842076,151.01823816660533,16.147046790176375
2023-12-22 00:00:00-05:00,140.97262362307936,142.08349848898217,140.8982222492268,141.5578155517578,18513500,0.0,0.0,134.8265838623047,135.17687428792317,134.12484334309895,1.410098578522593,141.47968900378086,128.1734787208285,57.98987986993681,170.96873748391124,18.443407014971676
2023-12-26 00:00:00-05:00,141.8156832689278,142.77283659830934,141.33959623506868,141.65699768066406,11170100,0.0,0.0,135.0631416320801,135.46649576822918,134.30618794759116,1.7042479290528831,142.33792234568017,127.78836091848002,58.075971946365094,167.32528446446818,19.738718335089523
2023-12-27 00:00:00-05:00,141.66693438209353,142.15294975111277,139.90241391192308,140.2882537841797,17288400,0.0,0.0,135.20299377441407,135.72437896728516,134.40983708699545,1.8060976457994968,142.77575198099532,127.63023556783281,56.42517299335052,128.29440325222822,15.772970483402554
2023-12-28 00:00:00-05:00,140.69491283889934,141.11149093709932,139.68123189934482,140.12954711914062,12192500,0.0,0.0,135.44500808715821,135.91779174804688,134.54175415039063,1.8526517623266443,143.33222272270427,127.55779345161216,56.23344364121919,107.14833872905976,15.165710199910196
2023-12-29 00:00:00-05:00,139.53443016864583,140.2832870181097,138.76078294894302,139.7823944091797,14881000,0.0,0.0,135.79265441894532,136.06822306315104,134.6187884012858,1.8403198509783465,143.80637218935195,127.77893664853869,55.80436928417841,84.168736084715,12.622592961549046
2024-01-02 00:00:00-05:00,138.46322095695825,139.46995504446147,136.6183666286553,138.4235382080078,20071900,0.0,0.0,136.10211257934571,136.0966557820638,134.67780329386395,1.7012870058002818,144.0146390162546,128.18958614243684,54.13186563738142,48.367514402521124,6.9367160639376735
2024-01-03 00:00:00-05:00,137.47136317829077,139.94107700762862,137.30273419820398,139.21702575683594,18974300,0.0,0.0,136.58464965820312,136.20972747802733,134.70474853515626,1.6362684044327978,143.97905928204148,129.19024003436476,54.947522363203525,59.839036200084514,7.993396505733543
2024-01-04 00:00:00-05:00,138.71121328893972,139.48980956416412,136.8861848305767,136.9159393310547,18253300,0.0,0.0,136.86484985351564,136.21369527180988,134.68061396280925,1.3831185214822028,143.8302551876309,129.89944451940036,52.1646778207374,34.035279310733586,6.883373869675257
2024-01-05 00:00:00-05:00,137.22538155990568,137.67964460388802,135.7356136860292,136.27120971679688,15439500,0.0,0.0,137.16042404174806,136.17302856445312,134.65069274902345,1.117588261947816,143.43054750398042,130.8903005795157,51.410008915236006,7.576746170437122,3.833769435247815
2024-01-08 00:00:00-05:00,136.8762838262915,139.49478604193467,136.75726581384276,139.38568115234375,17645300,0.0,0.0,137.26357727050782,136.18989105224608,134.63135172526043,1.1452635490576881,143.61232401990515,130.9148305211105,54.685997226464444,52.9882400182802,8.112453898385432
2024-01-09 00:00:00-05:00,138.91945179204558,141.6371446926063,138.65164623610096,141.3990936279297,19579700,0.0,0.0,137.55716552734376,136.33337860107423,134.66887639363605,1.3145091304690482,144.10770322396831,131.0066278307192,56.64099596700407,93.64904715027666,12.846965061021407
2024-01-10 00:00:00-05:00,141.35945267171817,143.34811550758644,141.2999436779615,142.6290283203125,16641900,0.0,0.0,138.0084602355957,136.5234848022461,134.75516789754232,1.5302432323293829,144.65496979635847,131.3619506748329,57.79175373718507,124.9003895638719,16.405489329803125
2024-01-11 00:00:00-05:00,143.71512241602125,145.46574939326712,141.05693782003317,142.50009155273438,17471100,0.0,0.0,138.50587692260743,136.69044748942056,134.80773646036783,1.6715414533837532,144.91782477864766,132.0939290665672,57.62589426472104,125.66018131771851,20.558530341108415
2024-01-12 00:00:00-05:00,143.16463682510243,143.56138870881026,142.19262119545778,143.06546020507812,13998700,0.0,0.0,139.01519622802735,136.94965413411458,134.8614621480306,1.808296915611777,145.15784908003283,132.87254337602187,58.17044191168309,114.23884988255294,20.558530341040132
2024-01-16 00:00:00-05:00,142.2620526210847,144.65243179771213,141.89110509845526,142.90676879882812,19198900,0.0,0.0,139.5547668457031,137.28556416829426,134.94081115722656,1.8821749927492704,145.00196203518863,134.1075716562176,57.954187437458344,110.39322959388976,22.676584342097595
2024-01-17 00:00:00-05:00,141.74628180656052,142.24221028663283,139.36581602149167,141.7264404296875,17884500,0.0,0.0,140.00358200073242,137.60196634928386,135.0054473876953,1.824450140629267,144.48338875721242,135.52377524425242,56.3425334631347,68.30172702012374,15.315052196173013
2024-01-18 00:00:00-05:00,142.2719601654477,144.3994975135521,142.18269667422152,143.80934143066406,18876800,0.0,0.0,140.3904067993164,138.0767349243164,135.14182790120444,1.9245900071017275,144.77618818717838,136.0046254114544,58.45178508558769,109.11425097295937,19.57978564469148
2024-01-19 00:00:00-05:00,145.11362536870993,146.83449780088304,144.61274789504768,146.76507568359375,27181000,0.0,0.0,140.87988815307617,138.5918395996094,135.30829442342122,2.2168995863995633,145.81204357684342,135.9477327293089,61.20337566735647,153.4180039888769,24.04610739321146
2024-01-22 00:00:00-05:00,147.49904377293632,148.79340974105023,146.37824065176983,146.50718688964844,21829200,0.0,0.0,141.27910995483398,139.13008829752604,135.4337646484375,2.4000809246640813,146.67837072735904,135.87984918230893,60.83970448859325,166.89685508289028,27.401560830951276
2024-01-23 00:00:00-05:00,146.51709470071523,147.6478109013083,145.9914117823846,147.46926879882812,14113600,0.0,0.0,141.62030792236328,139.4683100382487,135.7976104736328,2.5929949924165214,147.67375622363846,135.5668596210881,61.717585515572054,149.09838324632193,26.26209477413658
2024-01-24 00:00:00-05:00,149.06616252022388,150.33575323918956,148.61982995507057,149.1256866455078,19245000,0.0,0.0,141.9987014770508,139.9215886433919,136.2424582163493,2.8467245889102344,148.91965811056028,135.0777448435413,63.187415560104064,177.7178809982132,30.71641390327145
2024-01-25 00:00:00-05:00,150.5043936811302,153.4997910646293,149.98862377929075,152.388916015625,21495100,0.0,0.0,142.53529739379883,140.54778137207032,136.74235445658366,3.2733888710851886,150.86538725936046,134.2052075282372,65.85886358545869,207.66995921532038,35.46364059776291
2024-01-26 00:00:00-05:00,151.62516737073108,152.8550754393321,151.5557452540674,152.5376739501953,19494500,0.0,0.0,143.14776840209962,141.21397857666017,137.20588213602701,3.5822331567881633,152.51849890917168,133.77703789502755,65.97530312545925,194.21120172191974,35.463640597659676
2024-01-29 00:00:00-05:00,152.38890672378446,153.93620120041987,151.67476848310093,153.57913208007812,20909300,0.0,0.0,143.82024765014648,141.90398050944012,137.69420649210613,3.8664612866396624,154.15933470451984,133.48116059577313,66.79547470403605,186.47393429952285,37.04106320448496
2024-01-30 00:00:00-05:00,152.7558697904067,153.77748114698375,151.53092596107905,151.80369567871094,26578900,0.0,0.0,144.42131271362305,142.5602584838867,138.11541493733725,3.9034546522360642,155.16193922410213,133.68068620314398,64.07174765851502,159.25170233237148,36.581579557632516
2024-01-31 00:00:00-05:00,144.20607203635288,144.4044403866269,140.39734522676594,140.6453094482422,43908600,0.0,0.0,144.53240127563475,142.82343088785808,138.33395436604818,2.9978265681247365,155.05558983580624,134.00921271546326,50.644955576175576,-16.897041694842205,7.674562110938051
2024-02-01 00:00:00-05:00,142.5199281751336,143.44234787799212,141.10156486062297,141.54791259765625,25526900,0.0,0.0,144.6489456176758,143.0059331258138,138.53794657389324,2.3261281600919403,154.97403429665053,134.32385693870106,51.495518160863135,-17.82557934189206,7.674562110895833
2024-02-02 00:00:00-05:00,139.74272467038818,142.70838239062573,137.0448725635355,142.3711395263672,42136100,0.0,0.0,144.9217056274414,143.1857894897461,138.73780568440756,1.8390306648056765,154.65808851776757,135.18532273711526,52.27158252702052,-44.76276501041449,0.5340425409574722
2024-02-05 00:00:00-05:00,142.86706483654686,145.47565339269048,142.73813372776416,143.74981689453125,29254400,0.0,0.0,145.29563598632814,143.36002502441406,138.94493891398113,1.5464239196365668,154.16939667281235,136.42187529984392,53.558897237210466,12.834275665552644,4.598295359088333
2024-02-06 00:00:00-05:00,144.77146129260674,145.5451085787885,143.34318472287498,144.22593688964844,21517700,0.0,0.0,145.53764877319335,143.47937927246093,139.14579060872396,1.3375316383352356,153.9865979157266,137.0886996306601,54.00212049272814,17.560229694264688,4.724582519921419
2024-02-07 00:00:00-05:00,144.93011253353583,145.80295137118972,144.02753433681707,145.4855499267578,21436100,0.0,0.0,145.74197158813476,143.6103037516276,139.3935890197754,1.2591090204658713,153.96411936756928,137.51982380870024,55.17297758587477,28.872087399456348,5.206480699242537
2024-02-08 00:00:00-05:00,145.77318449968357,146.40797220011234,145.2276602724715,146.02114868164062,18241300,0.0,0.0,145.91157760620118,143.75577545166016,139.61113560994465,1.226043804342737,154.00224594163103,137.82090927077132,55.66933667435448,40.35983723057654,6.35620057252472
2024-02-09 00:00:00-05:00,146.74521537123928,149.4678726684874,146.22944558056506,148.99673461914062,21877700,0.0,0.0,146.23640975952148,144.04605814615886,139.885218556722,1.42353467784352,154.2718507317464,138.20096878729655,58.3216383549169,76.95476453587042,11.943900386080935
2024-02-12 00:00:00-05:00,148.32227680382837,149.36372959425142,147.35026126221675,147.5188751220703,17236100,0.0,0.0,146.4590805053711,144.29236907958983,140.10508041381837,1.4441494515853037,154.37039992815411,138.5477610825881,56.58230341968225,68.67754857069167,11.94390038603242
2024-02-13 00:00:00-05:00,144.8805556010702,146.83449991802306,143.92836624588574,145.1781005859375,18138500,0.0,0.0,146.57264709472656,144.47222595214845,140.27022450764974,1.2571146309611834,154.33302791803786,138.81226627141527,53.94619066836102,16.92628843645037,4.482770261455154
2024-02-14 00:00:00-05:00,146.1699410781576,146.62620189439806,144.3697184500297,145.9418182373047,16651800,0.0,0.0,146.7834159851074,144.72283528645832,140.40974553426108,1.1571746310831088,154.2114628416246,139.3553691285902,54.65915769206983,19.211625298128613,4.482770261434779
2024-02-15 00:00:00-05:00,143.28368374955764,143.58122877280826,140.72469060783413,142.76791381835938,26724300,0.0,0.0,146.7313446044922,144.84119822184246,140.52546284993488,0.8124979295980381,154.26107990576847,139.20160930321592,51.248270393268,-46.71892261200262,2.8950209527339634
2024-02-16 00:00:00-05:00,143.0356827233574,143.30347317547898,140.3675853804492,140.60562133789062,21865100,0.0,0.0,146.42337188720703,144.9641876220703,140.5889414469401,0.3607022769487003,154.43568798538146,138.4110557890326,49.08935505342264,-69.64779529824125,3.585014195892141
2024-02-20 00:00:00-05:00,139.79233405575414,142.16187290356933,139.65347467512177,141.0420684814453,18625600,0.0,0.0,146.15011596679688,145.1232162475586,140.64812240600585,0.037437053111574414,154.5153921839687,137.78483974962506,49.53327230131319,-85.71959597029041,4.981714164210823
2024-02-21 00:00:00-05:00,141.47844558648777,142.80752999329906,140.7543943998716,142.66867065429688,16440800,0.0,0.0,145.91008605957032,145.23264923095704,140.71127014160157,-0.08650261619843036,154.39068657881012,137.42948554033052,51.174661725607436,-66.7686864930616,3.5782963577104088
2024-02-22 00:00:00-05:00,144.9301311588268,145.00948153013226,142.8373124110695,144.13665771484375,23024700,0.0,0.0,145.6606346130371,145.3239013671875,140.82863998413086,-0.06551618001651605,154.03582630008108,137.28544292599312,52.61354267605546,-28.318196041104805,1.0867594331969188
2024-02-23 00:00:00-05:00,143.78948624209897,144.76646582765463,143.61094414226162,144.10687255859375,14519400,0.0,0.0,145.24653244018555,145.37316284179687,140.94832382202148,-0.05070321621280982,153.0182492284158,137.47481565195528,52.58101826012814,-26.30302552499078,1.0867594331942538
2024-02-26 00:00:00-05:00,142.28185642837371,142.6686799790576,137.61021932661703,137.62013244628906,33513000,0.0,0.0,144.50065536499022,145.2104975382487,140.95047251383463,-0.5559805530608628,152.18895945346495,136.8123512765155,46.15319919174558,-130.2645359519356,10.649448237088741
2024-02-27 00:00:00-05:00,138.27479893362784,139.34600639445677,137.37220535998432,138.9591827392578,22364000,0.0,0.0,143.76965789794923,145.07362162272136,141.01163787841796,-0.8386983229122791,150.55004179181654,136.98927400408192,47.52312258989164,-137.4442997942334,11.073080227844263
2024-02-28 00:00:00-05:00,137.96732775036443,138.14585476260407,135.52735264132212,136.3109130859375,30628700,0.0,0.0,142.99501876831056,144.853759765625,141.06966196695964,-1.2619010115460583,149.44254661423219,136.54749092238893,45.1719022539048,-162.66728939107026,14.329969160438626
2024-02-29 00:00:00-05:00,137.22340606966443,138.81036800466703,136.44975891026198,138.64175415039062,35485000,0.0,0.0,142.89484100341798,144.75093688964844,141.17645161946615,-1.3931533919546553,149.55484716813666,136.2348348386993,47.53526068948037,-130.72115541781787,12.790722313228352
2024-03-01 00:00:00-05:00,138.47313670752334,138.85996027719986,136.8514561912899,136.95559692382812,28551500,0.0,0.0,142.66522521972655,144.52247873942056,141.2996068318685,-1.6146183303828536,149.8191041967678,135.5113462426853,46.0497944858201,-128.04162930067284,12.673609605795445
2024-03-04 00:00:00-05:00,135.4281345075743,135.51741313084796,131.77810837905238,133.10719299316406,43571500,0.0,0.0,142.2020278930664,144.0672159830729,141.32952779134115,-2.0767257229891527,150.53804845530362,133.86600733082918,42.88559284250732,-181.33286117731143,21.319354938144468
2024-03-05 00:00:00-05:00,131.65907315215185,132.92864860750913,130.47876117384314,132.6905975341797,28447600,0.0,0.0,141.64906692504883,143.6066630045573,141.36837565104167,-2.448341970642531,150.96267015566724,132.33546369443042,42.55811944655662,-182.3634992839425,23.330454876305105
2024-03-06 00:00:00-05:00,133.14687246536687,133.6428009033024,130.87551174428256,131.4805450439453,23175200,0.0,0.0,141.01179733276368,143.0737055460612,141.27100779215496,-2.8081213722057043,151.27841725692969,130.74517740859767,41.60354913829442,-164.4091560178668,21.563771256428772
2024-03-07 00:00:00-05:00,132.7997351447616,134.71402705384082,131.57975525387363,134.1387481689453,24107300,0.0,0.0,140.44445724487304,142.5741409301758,141.24786478678385,-2.8459480458269297,150.92203630633907,129.966878183407,44.43577550185389,-132.4124330621724,18.920398610380275
2024-03-08 00:00:00-05:00,133.9353753756602,137.85320637982954,133.70228844184783,135.18014526367188,26495200,0.0,0.0,139.90240707397462,142.00051523844402,141.27414830525717,-2.760077460100973,150.28650954587724,129.518304602072,45.506886756625256,-96.47819558373229,11.566045426287063
2024-03-11 00:00:00-04:00,135.95381122219644,138.84010284621306,135.95381122219644,137.80857849121094,22536400,0.0,0.0,139.34299926757814,141.5095453898112,141.36176198323568,-2.4516704763797748,148.83104279566038,129.8549557394959,48.11819560956098,-62.227084569932195,9.36640949178913
2024-03-12 00:00:00-04:00,137.12422356345303,139.13769196450795,137.0845559445835,138.48306274414062,19019700,0.0,0.0,138.89120864868164,141.00634307861327,141.45516179402668,-2.128296796861605,147.56568854543437,130.2167287519289,48.76988414613027,-46.27626972219806,8.697898390611758
2024-03-13 00:00:00-04:00,138.91949311167153,141.032153427276,138.86989723329577,139.62371826171875,19637000,0.0,0.0,138.6134895324707,140.6003438313802,141.58030115763347,-1.7596947924538142,146.78133868539408,130.44564037954734,49.87146398485794,-13.810270238478736,4.491619032301909
2024-03-14 00:00:00-04:00,141.14123053382954,143.5514353763636,140.33286479242958,143.16461181640625,36117900,0.0,0.0,138.4746292114258,140.68432057698567,141.75387573242188,-1.1683861032423977,146.20036239264837,130.7488960302032,53.10932880152305,30.73046757108217,0.7897644481749039
2024-03-15 00:00:00-04:00,142.24219123951534,143.16461082435478,139.98075888396835,141.0122833251953,41039500,0.0,0.0,138.38684768676757,140.66646626790364,141.83619969685873,-0.8634908434355566,145.94527012595742,130.8284252475777,51.03645376445495,13.966172579653989,0.05855755516948195
2024-03-18 00:00:00-04:00,148.15364120400517,151.6846488911196,146.933661612004,147.27088928222656,47676700,0.0,0.0,138.72011108398436,140.8297912597656,142.00779037475587,-0.11551042572187953,147.21962512731108,130.22059704065765,56.18110609235414,131.20275696827443,15.418533531178953
2024-03-19 00:00:00-04:00,147.7668352422811,148.401623046533,145.8128759581158,146.71546936035156,17748400,0.0,0.0,139.0037811279297,140.92864634195965,142.14433568318685,0.4275234738839515,148.18124957895657,129.82631267690283,55.64435690634061,99.35117472678333,13.054055121591384
2024-03-20 00:00:00-04:00,147.57836864668428,148.54047096670638,146.46252973130615,148.46112060546875,17730000,0.0,0.0,139.29340362548828,141.06981913248697,142.27459920247395,0.9873595518308207,149.28714256003775,129.2996646909388,56.98065750765011,108.5333178248821,13.281727576438321
2024-03-21 00:00:00-04:00,149.09594439516798,150.07290896442765,146.80474212140953,147.52880859375,19843900,0.0,0.0,139.4630111694336,141.13792775472004,142.37411575317384,1.3403531327423366,149.9078017160686,129.0182206227986,56.047745917448125,109.47295920188013,15.799084309266718
2024-03-22 00:00:00-04:00,149.01657887968125,151.31767890615902,148.8677912711738,150.53411865234375,19252900,0.0,0.0,139.78437347412108,141.28836008707682,142.52206776936848,1.8413802092674416,151.18274208410938,128.3860048641328,58.323153221200926,135.98978911130558,17.804081805713786
2024-03-25 00:00:00-04:00,149.7207905896594,150.22266689376974,147.58830438593358,149.91915893554688,15114700,0.0,0.0,140.399324798584,141.31910756429036,142.6825828552246,2.1638817851564056,152.604586542231,128.19406305493698,57.690936145933854,119.39968336846009,14.89492017545626
2024-03-26 00:00:00-04:00,150.00843024347208,151.95246112675696,149.800133652996,150.4646759033203,19312700,0.0,0.0,140.9745994567871,141.41730092366535,142.8548350016276,2.435411361585153,153.95408474915348,127.99511416442073,58.107656519090135,137.92350406824642,17.73609967141831
2024-03-27 00:00:00-04:00,150.90609129531717,151.4466515577584,148.90749999546904,150.7027587890625,16622000,0.0,0.0,141.69419174194337,141.60145619710286,143.03684107462564,2.6393866005377333,155.17126221036597,128.21712127352077,58.29312160890629,124.703453980276,15.674600022623961
2024-03-28 00:00:00-04:00,150.762264229603,151.42680660447064,150.09772185473534,151.0201416015625,21105600,0.0,0.0,142.31311111450196,141.77073364257814,143.24678446451824,2.7944360679445595,156.32621796180118,128.30000426720275,58.54620885301436,124.38069127909401,15.674600022581679
2024-04-01 00:00:00-04:00,150.593646201924,155.72154494215505,150.4151040766174,155.22561645507812,24469800,0.0,0.0,143.22661209106445,142.1859903971354,143.51359430948892,3.2195476211170444,158.1233385550206,128.3298856271083,61.72953545114025,147.01589535696814,22.648155484197996
2024-04-02 00:00:00-04:00,153.48986358033247,154.71977165131543,152.21037476929487,154.60073852539062,17598100,0.0,0.0,144.3012893676758,142.65249430338542,143.80834096272787,3.4660744148683875,159.22533331069076,129.37724542466083,61.00939523411217,132.24885641063798,22.648155484061956
2024-04-03 00:00:00-04:00,153.65849001395787,155.2752218237221,152.87691224005087,155.0966796875,17266200,0.0,0.0,145.4215934753418,143.12098134358723,144.12209879557292,3.6592850221652498,160.03654132150479,130.80664562917883,61.37931054340153,125.52859587771164,23.523499499004668
2024-04-04 00:00:00-04:00,153.81718924195445,154.9082228886528,150.64324978909278,150.7027587890625,24184800,0.0,0.0,146.38270416259766,143.38878428141277,144.3107167561849,3.4184473918568017,159.59870346356414,133.1667048616312,56.46911642154333,92.01739186246189,17.96989461344095
2024-04-05 00:00:00-04:00,150.44487102789668,153.5791429579456,149.85074961981147,152.6864776611328,16297300,0.0,0.0,147.31009063720703,143.67377827962238,144.49883982340495,3.349045655434338,159.46929522264892,135.15088605176513,58.03693221267399,85.08425855293201,16.0547855061654
2024-04-08 00:00:00-04:00,152.76084948673906,155.37935126257503,152.73605911648897,154.86854553222656,16641500,0.0,0.0,148.29451065063478,144.03250071207682,144.70283177693685,3.430573405442061,159.46668215980353,137.12233914146603,59.68901698206933,99.7109233866702,19.139434541518078
2024-04-09 00:00:00-04:00,156.068688855777,158.58799871591413,155.36446379944525,156.8522491455078,21521500,0.0,0.0,149.2466941833496,144.67357126871744,144.94203440348306,3.613597732513938,159.88950517321945,138.60388319347976,61.12824956059286,115.22799164505344,24.270387661928908
2024-04-10 00:00:00-04:00,156.59438467288027,156.87210341621127,154.92805707835765,156.3761749267578,16339200,0.0,0.0,150.14134979248047,145.25413767496744,145.16387964884441,3.67783482906583,159.94999617284518,140.33270341211576,60.59117068421714,100.16021561794099,23.17072003965188
2024-04-11 00:00:00-04:00,157.05062069315844,159.80798171319478,156.6439557246729,159.4806671142578,17841700,0.0,0.0,151.13419723510742,146.0264628092448,145.4401112874349,3.9339021894234065,160.46871368304394,141.7996807871709,62.7962393518647,116.84964538936865,27.627655078771355
2024-04-12 00:00:00-04:00,158.10696816267486,160.3832782232723,157.30853052059595,157.8937225341797,16989800,0.0,0.0,151.8706527709961,146.66819508870444,145.70956598917644,3.9631001013848106,160.8760574949532,142.865248047039,60.99158937143731,109.89443732758602,28.468821388000073
2024-04-15 00:00:00-04:00,158.97483896433098,159.52036334197643,154.8784647057368,155.0570068359375,21140900,0.0,0.0,152.5728889465332,147.27157541910807,145.89702707926432,3.7145217134448103,160.07865087260703,145.06712702045937,57.91393579412394,87.30860711812475,22.259537346813072
2024-04-16 00:00:00-04:00,154.37260620614205,155.94965503357042,153.7874142716173,154.72967529296875,15413200,0.0,0.0,152.94582824707032,147.99232482910156,146.02977040608724,3.4513239164635934,160.0740825900712,145.81757390406943,57.567182925117315,69.22175899735863,19.575212957140053
2024-04-17 00:00:00-04:00,155.91001232689973,157.38886852681875,154.86359526774137,155.6025390625,16237800,0.0,0.0,153.39018173217772,148.7560562133789,146.1813596089681,3.2754136478345117,159.9700359539333,146.81032751042216,58.256638469637764,78.23329161714571,21.914723748967365
2024-04-18 00:00:00-04:00,155.64714833202905,157.1944426871546,154.93797427501906,156.17779541015625,14016100,0.0,0.0,153.7760154724121,149.5792978922526,146.3265017191569,3.146154956296158,160.03610762622566,147.51592331859854,58.713985197639744,77.56266692926695,21.91472374886397
2024-04-19 00:00:00-04:00,156.46543372803805,156.70348484426643,152.6567066755998,154.45196533203125,21479900,0.0,0.0,154.12217330932617,150.25640513102215,146.41527303059897,2.8713572292712968,159.65065249288395,148.5936941257684,56.78318309889754,57.207486644912805,16.181868025923787
2024-04-22 00:00:00-04:00,154.7395831139384,157.88873166796236,154.3924422940321,156.66378784179688,17243900,0.0,0.0,154.42865676879882,150.97252655029297,146.48652089436848,2.7997795267770016,159.7969146629482,149.06039887464942,58.58865620418002,76.7875073722584,18.248051067599913
2024-04-23 00:00:00-04:00,157.2985805949973,159.17318951221867,156.67867003858106,158.6177520751953,16115400,0.0,0.0,154.86358642578125,151.66616566975912,146.58785552978514,2.8676656015408923,160.10142624836516,149.62574660319734,60.11156818436126,99.45285695117582,20.446539588867005
2024-04-24 00:00:00-04:00,157.7945049883115,160.0757788042522,157.52671453168122,159.78814697265625,19485700,0.0,0.0,155.32975997924805,152.37633514404297,146.69133911132812,2.981537582403604,160.57873212303394,150.08078783546216,61.00027015842559,111.31826153058327,21.971893892894084
2024-04-25 00:00:00-04:00,152.11116849157582,156.9911024213894,151.5239939530614,156.66378784179688,36197800,0.0,0.0,155.62781143188477,152.9443374633789,146.77234064737956,2.787539259735695,160.42834676706164,150.8272760967079,57.46467966413853,40.66018362652132,7.757152274692497
2024-04-26 00:00:00-04:00,174.55690876029902,174.98339998099996,170.00427389194311,172.275634765625,56500800,0.0,0.0,156.6905860900879,153.91470489501953,147.2995127360026,3.849168940916826,165.1857117965288,148.19546038364697,67.27053876157717,325.7527322208988,32.24217093999206
2024-04-29 00:00:00-04:00,169.37940009774832,169.98443338729348,165.6996044906062,166.5327606201172,35914600,0.0,0.0,157.25594329833984,154.76538747151693,147.71592686971027,4.178943899569049,166.7828989797481,147.7289876169316,61.8450466835642,224.8710157647778,24.089864734034972
2024-04-30 00:00:00-04:00,166.01702522341475,168.4867394036462,163.1604722940001,163.29933166503906,29420800,0.0,0.0,157.69087295532228,155.29966888427734,148.0647300720215,4.13175394882515,167.4975608566605,147.88418505398406,59.07019415545347,164.65129822268614,19.59125116336379
2024-05-01 00:00:00-04:00,164.82677416786353,167.43536268625076,163.5571985328355,164.2217559814453,25223200,0.0,0.0,158.14712677001953,155.88321177164713,148.4059290568034,4.121279956259627,168.288984791364,148.00526874867506,59.605069437106984,152.36134094380154,19.591251163244117
2024-05-02 00:00:00-04:00,165.31279392523527,167.15764843401243,164.34077836434196,167.08822631835938,17041100,0.0,0.0,158.96640014648438,156.50411529541014,148.78696721394857,4.294771983761166,169.22282374377974,148.709976549189,61.23364451051966,154.46597185361392,19.591251163156233
2024-05-03 00:00:00-04:00,168.15941606035406,168.4669044194832,163.63655091315763,167.61390686035156,22767100,0.0,0.0,159.7127716064453,157.17361857096355,149.1557731628418,4.423690145594946,170.21463216945685,149.21091104343375,61.52789996205433,142.9339406701692,21.22151916856379
2024-05-06 00:00:00-04:00,167.84204912118582,168.51650464220705,166.5228774449724,168.44708251953125,15147900,0.0,0.0,160.39169845581054,157.77071736653645,149.52953872680663,4.540746135278539,171.32186853332362,149.46152837829746,62.00081352670403,143.6465386376773,21.284065331593915
2024-05-07 00:00:00-04:00,168.73469964779423,172.05742648719723,168.61568165673512,171.5714111328125,21102400,0.0,0.0,161.12765655517578,158.49245910644532,149.90578333536783,4.829944465175259,172.9962486569831,149.25906445336844,63.73032303739859,163.8126652196241,25.643858513196037
2024-05-08 00:00:00-04:00,169.35958560121642,170.50914449343335,169.13344534939293,169.76625061035156,14569900,0.0,0.0,161.79716033935546,159.135844930013,150.27657292683918,4.857480841904561,174.04190611712042,149.5524145615905,62.04252492286233,134.7008824758625,25.643858513094873
2024-05-09 00:00:00-04:00,169.75629397712532,171.03579779012114,168.5462274082688,170.18280029296875,11937700,0.0,0.0,162.332266998291,159.7851796468099,150.69331792195638,4.856928053717155,175.07598850597677,149.58854549060524,62.28098133228026,121.59481118346942,24.420860028919627
2024-05-10 00:00:00-04:00,168.3081847886584,169.9447424740503,166.5426808747025,168.90328979492188,18740500,0.0,0.0,162.88274536132812,160.38128458658855,151.07600911458334,4.699076136589753,175.76952941102232,149.99596131163392,61.062038643338326,94.76255880442451,20.288187355100728
2024-05-13 00:00:00-04:00,164.49648476076973,169.5579271687288,164.41018764445187,169.50833129882812,19648600,0.0,0.0,163.60531158447264,160.8573750813802,151.5216827392578,4.570117676056952,176.26309788417322,150.94752528477207,61.43129456783733,80.21034037757792,16.044212712246505
2024-05-14 00:00:00-04:00,170.19275573962344,171.373068107257,169.03228475161197,170.5299835205078,18729500,0.0,0.0,164.39532699584962,161.3883499145508,152.0204221089681,4.498500054564886,176.6876828265925,152.10297116510674,62.05978009297818,99.22162456775634,18.573857875725803
2024-05-15 00:00:00-04:00,170.8969451087997,172.628729417453,170.6291395109319,172.46408081054688,20958200,0.0,0.0,165.23840408325196,161.967263285319,152.54412231445312,4.5454113878768965,177.3023621084115,153.17444605809243,63.233098120366954,107.35551600215669,20.292531460158248
2024-05-16 00:00:00-04:00,173.17820648557915,174.90402766288676,172.63268220874411,174.00143432617188,17247300,0.0,0.0,166.12958602905275,162.74388580322267,153.06633504231772,4.65300360880795,178.00723075089329,154.2519413072122,64.14486937150619,118.82859421490302,23.32618305961384
2024-05-17 00:00:00-04:00,174.12047694620225,176.04963069272398,173.55511126445666,175.84629821777344,16546400,0.0,0.0,167.19930267333984,163.51587982177733,153.59482905069987,4.831442455775601,178.48771691366306,155.91088843301662,65.21571240040808,124.08514305260651,24.816599825982088
2024-05-20 00:00:00-04:00,175.86614563814317,178.4846472654476,175.78184627644572,177.0067901611328,17495100,0.0,0.0,168.21645278930663,164.25382130940756,154.14316101074218,5.008760653801431,179.1688114122814,157.26409416633186,65.87884336106276,135.24378391593282,27.8983462074249
2024-05-21 00:00:00-04:00,176.94727136898177,178.35572153681474,175.8661509407835,178.07798767089844,14706000,0.0,0.0,169.1894645690918,164.9613459269206,154.817458597819,5.176056927634306,180.00818162046966,158.37074751771394,66.48887985733941,130.2688597948933,27.89834620730395
2024-05-22 00:00:00-04:00,176.9472585425037,177.39558886312173,175.3404552653416,176.55052185058594,16189400,0.0,0.0,170.02758331298827,165.63382415771486,155.44398091634113,5.1262939778472685,180.3662034459439,159.68896318003263,64.78043434428588,113.437151403712,26.69850049592228
2024-05-23 00:00:00-04:00,177.32415361652696,178.44495661907442,173.11867542803617,173.6344451904297,14928400,0.0,0.0,170.87611618041993,166.1056167602539,156.06603978474934,4.796265107228464,179.18250975302402,162.56972260781583,61.651842772219446,93.93801849954728,21.7066159158738
2024-05-24 00:00:00-04:00,175.08258975996702,175.8602022040112,173.77333134600494,174.89413452148438,11403600,0.0,0.0,171.00704116821288,166.67229715983072,156.67024612426758,4.583525225235434,179.48704637475876,162.527035961667,62.46199014967217,87.0265553745699,21.706615915785168
2024-05-28 00:00:00-04:00,174.3089409632078,177.05637374095198,174.2494168348634,176.57037353515625,15655300,0.0,0.0,171.50892181396483,167.38940938313803,157.33049240112305,4.4983318461294175,180.06177441768853,162.95606921024114,63.52279817680955,94.18321449882842,23.4444515138746
2024-05-29 00:00:00-04:00,175.3702218603177,176.778656888697,174.82469752039086,175.95541381835938,15023800,0.0,0.0,172.14172592163087,168.09693400065103,158.0446294148763,4.331265240120899,179.98000871353815,164.30344312972358,62.84874195354789,89.42405851548007,23.444451513786667
2024-05-30 00:00:00-04:00,175.2511997081057,175.2511997081057,171.8193681430775,172.1466827392578,18826300,0.0,0.0,172.5379722595215,168.64840545654297,158.70223083496094,3.847183052577691,179.43522714990442,165.64071736913857,58.84787434118238,54.592159700797055,16.492198154842523
2024-05-31 00:00:00-04:00,171.987973957489,172.9996721952252,169.57776904543667,172.54342651367188,28085200,0.0,0.0,172.81073226928712,169.1939264933268,159.38661219278973,3.455722915537507,179.21434855559798,166.40711598297625,59.128245887426594,34.600780870096585,11.640808984768714
2024-06-03 00:00:00-04:00,172.4640834958897,174.42795593025005,171.04572025168727,172.9996795654297,20742800,0.0,0.0,173.08002090454102,169.81218363444012,160.03429438273113,3.1460381750845556,178.99802753362908,167.16201427545295,59.456853809824345,45.09587646107281,14.001504272108708
2024-06-04 00:00:00-04:00,173.02943263838765,173.76341219053094,171.80945289286282,173.7039031982422,14066600,0.0,0.0,173.34286193847657,170.38018747965495,160.67635701497395,2.9237327773462596,178.84696021155992,167.83876366539323,59.970732332902465,45.1627817090353,14.001504272055767
2024-06-05 00:00:00-04:00,175.09748091903896,176.52079330707764,173.8626086499177,175.6281280517578,15233900,0.0,0.0,173.54569778442382,170.94720001220702,161.3066828409831,2.869742408146891,179.0738700376707,168.01752553117694,61.35526077609533,76.22635047152879,18.50007184216478
2024-06-06 00:00:00-04:00,175.98515294371987,177.25474363053394,175.7669583613436,176.89767456054688,14255800,0.0,0.0,173.9022689819336,171.51751759847005,161.94692637125652,2.896013009524893,179.3229299861138,168.48160797775338,62.246506451524844,94.34082772119154,19.657310374542387
2024-06-07 00:00:00-04:00,177.00678232481278,177.9589564373866,174.35851118378866,174.5172119140625,14716300,0.0,0.0,174.11898956298828,172.11263173421224,162.5284845987956,2.693697936132537,179.2524974117295,168.98548171424704,59.58116967509614,74.13227403614081,16.37688955232866
2024-06-10 00:00:00-04:00,175.21232220153198,177.21815754047344,173.1568496994323,175.3910675048828,17099800,0.2,0.0,174.44337844848633,172.2164794921875,163.06559219360352,2.574200841020115,178.97365980831177,169.9130970886609,60.22789115263508,63.22416672304027,13.627485590832409
2024-06-11 00:00:00-04:00,176.47338958295506,177.1386880697659,174.20938378696226,176.94009399414062,14402400,0.0,0.0,174.81496658325196,172.56339060465496,163.66438903808594,2.574811203354102,178.83082270891697,170.79911045758695,61.361583701396825,75.53427163016268,13.627485590751226
2024-06-12 00:00:00-04:00,178.4891610206767,180.80281927937816,176.53297818288527,178.3004913330078,18600400,0.0,0.0,175.20349197387696,173.0634292602539,164.18154907226562,2.654468554683774,178.96961493787109,171.43736900988284,62.336938179027776,120.74736256159994,19.80950140390987
2024-06-13 00:00:00-04:00,176.59254969142123,177.2578482034491,175.4208339945906,175.50027465820312,15956900,0.0,0.0,175.35530166625978,173.4393798828125,164.66129582722982,2.4632486985652235,178.8944146428639,171.81618868965566,59.157140705674806,64.95491300957725,17.176160121443925
2024-06-14 00:00:00-04:00,174.61853763010546,177.47634144809032,174.61853763010546,177.11886596679688,12361600,0.0,0.0,175.51117324829102,173.77373453776042,165.1389249165853,2.4144797567240914,179.07374347382725,171.94860302275478,60.36604042922226,69.05661238712345,15.285182614647844
2024-06-17 00:00:00-04:00,175.73859328718498,178.65797347583094,175.25204002358288,177.52597045898438,15272900,0.0,0.0,175.59515686035155,174.10413665771483,165.63887761433918,2.381230605009108,179.2684628578813,171.9218508628218,60.668942132202496,83.76806340048414,17.318138858326293
2024-06-18 00:00:00-04:00,177.53589352094104,177.65506209933395,174.38813090268997,175.21231079101562,15640300,0.0,0.0,175.50543289184571,174.32964426676432,166.0501808166504,2.1434787251094747,179.12076414247713,171.8901016412143,58.0602088159043,44.58785789413517,15.226767797865168
2024-06-20 00:00:00-04:00,175.47050007233423,177.48625972043513,175.22225366097445,176.46348571777344,16753200,0.0,0.0,175.42470779418946,174.49271341959636,166.49258626302083,2.0325876028199445,178.86609495466087,171.98332063371805,59.04537175092324,59.221784548067475,15.226767797791263
2024-06-21 00:00:00-04:00,177.23801649520456,181.2317928327626,176.81102478107545,178.99559020996094,58903200,0.0,0.0,175.5469612121582,174.80035807291668,166.96810150146484,2.1245349439605263,179.31496410403903,171.77895832027738,60.965024011158036,131.1672671751456,21.70273467040857
2024-06-24 00:00:00-04:00,180.0084342593166,180.8028257957206,178.96579631477127,179.52186584472656,18198300,0.0,0.0,175.84133224487306,175.11166025797527,167.44841995239258,2.2143443365852136,179.88969333560212,171.792971154144,61.354493532292466,151.2636149678318,21.702734670324457
2024-06-25 00:00:00-04:00,179.87440059738688,184.4470955473328,179.8346726840199,184.27828979492188,18797000,0.0,0.0,176.31054000854493,175.62416025797526,168.0027224222819,2.6389029583257013,181.81136829811308,170.80971171897679,64.65192569464953,242.85285216921358,27.471685660903386
2024-06-26 00:00:00-04:00,182.90795651463552,184.62581747308133,182.6994380099112,184.0697479248047,13375700,0.0,0.0,176.68550872802734,176.1095408121745,168.48345794677735,2.9248255702403867,183.1914824138531,170.1795350422016,64.4026862288309,260.6685599257181,27.741787812317217
2024-06-27 00:00:00-04:00,184.34279688709563,186.18478074207889,184.14915744228088,185.5492706298828,13025700,0.0,0.0,177.16520156860352,176.6101837158203,168.99926681518554,3.233532270347979,184.76696973761003,169.56343339959702,65.38214712476184,268.6314868552241,30.09106598622669
2024-06-28 00:00:00-04:00,184.41730828624756,185.2712766076083,182.03910325524268,182.13343811035156,23032400,0.0,0.0,177.6645393371582,176.9324956258138,169.44987945556642,3.1660590592406095,185.18991753160515,170.13916114271126,61.35046811732739,176.96169744348535,24.426818621728035
2024-07-01 00:00:00-04:00,183.1859832982176,184.03995153918063,181.44825845977311,183.1959228515625,11815900,0.0,0.0,178.19716415405273,177.23897857666014,169.9914321899414,3.1618716047175894,185.70428889239676,170.6900394157087,62.10241590144393,149.63291126756667,22.877043957357944
2024-07-02 00:00:00-04:00,182.1830815201751,185.63866739853052,181.77595376031977,185.30105590820312,12555500,0.0,0.0,178.8122329711914,177.55413716634115,170.53500849405924,3.290488952789474,186.5388870129572,171.08557892942562,63.55570850560675,159.7724376050102,25.47526517324086
2024-07-03 00:00:00-04:00,184.9932260808864,186.30395923485835,184.0846357435602,186.07557678222656,7409100,0.0,0.0,179.43081665039062,177.85643005371094,171.05512568155925,3.4155442216819836,187.41222706024533,171.44940624053592,64.07997844802435,162.5633387013783,26.54064322772743
2024-07-05 00:00:00-04:00,186.00607274144073,190.91140895382551,186.00607274144073,190.613525390625,14303400,0.0,0.0,180.180086517334,178.27428131103517,171.61781361897786,3.836600013972202,189.3790940168943,170.98107901777368,66.96072871537461,201.53605354468232,33.36522311739637
2024-07-08 00:00:00-04:00,190.02267699284852,190.3344698358981,187.99202344933877,189.1438751220703,12097600,0.0,0.0,180.79239654541016,178.69405975341797,172.1639419555664,4.005528034782429,190.67624905051073,170.90854404030958,65.20865668023308,174.5137547864651,33.365223117213915
2024-07-09 00:00:00-04:00,190.4049957710624,191.50721043348673,188.89565336131056,189.10418701171875,10198500,0.0,0.0,181.52174530029296,179.2097178141276,172.65766728719075,4.089066002001346,191.60663752475782,171.4368530758281,65.1610257154231,163.0758006506438,35.009838270071135
2024-07-10 00:00:00-04:00,189.41198777206003,191.9540282767251,189.2828948060124,191.30859375,12052900,0.0,0.0,182.31762161254883,179.75686645507812,173.21458180745444,4.283767043736617,192.86703220580023,171.76821101929744,66.56432029088121,157.4601447177116,35.63595952024868
2024-07-11 00:00:00-04:00,189.9978612150273,191.06036308069565,185.5095772088098,185.9862060546875,16452000,0.0,0.0,182.76992721557616,180.0707275390625,173.73006846110027,3.9629148010969857,193.12241895439033,172.417435476762,60.47972970542817,101.14563288870283,25.106483650762087
2024-07-12 00:00:00-04:00,185.6088812805763,187.36647017471049,184.83435366318,185.46986389160156,14449100,0.0,0.0,183.12839584350587,180.38787587483725,174.24240493774414,3.6251837284568467,193.32458409425587,172.93220759275587,59.929950739103724,73.32492770845356,23.33408061855656
2024-07-15 00:00:00-04:00,185.18189209088845,188.5679615098096,185.18189209088845,186.86996459960935,12186000,0.0,0.0,183.69688034057617,180.87865193684897,174.76352869669597,3.4309559220020276,193.35600007799223,174.0377606031601,60.92629140021287,80.03453661004801,25.282582551268483
2024-07-16 00:00:00-04:00,187.63455873782272,189.00486851220003,183.821482658808,184.1988220214844,12760100,0.0,0.0,184.05087814331054,181.2671651204427,175.23054580688478,3.0266013275559374,193.20043902372362,174.90131726289746,58.07627234986132,59.88640469222644,21.6608078009523
2024-07-17 00:00:00-04:00,183.38458305430993,183.93072819360648,180.3460493815527,181.3390350341797,17376600,0.0,0.0,184.2415313720703,181.5451436360677,175.6786636352539,2.447176955967791,192.96773396007362,175.515328784067,55.21562148266578,4.980384817393864,13.025649040799843
2024-07-18 00:00:00-04:00,182.25258078348955,182.7590131655864,176.95998056625857,177.962890625,17877200,0.0,0.0,184.37906036376953,181.6871098836263,176.0336486816406,1.6960018748634127,192.57678310263753,176.18133762490152,52.08255921919457,-37.34263731026996,5.479947593884563
2024-07-19 00:00:00-04:00,179.10480497966626,180.69358797514317,177.60540220210612,178.13168334960938,14485900,0.0,0.0,184.46247024536132,181.77056172688802,176.35888086954753,1.1016116796665472,192.34912625615382,176.5758142345688,52.222770832362585,-46.59267486345528,5.479947593850054
2024-07-22 00:00:00-04:00,181.07093344967527,183.00725237385336,180.6240778003004,182.0639190673828,16303900,0.0,0.0,184.61588668823242,181.9427698771159,176.73014373779296,0.9370499978997486,192.16700954287094,177.0647638335939,55.36998624157667,-1.9131617373687073,9.87939185306578
2024-07-23 00:00:00-04:00,182.55045587750783,183.9207807550584,182.04403871273152,182.31214904785156,23772600,0.0,0.0,184.75540084838866,182.20260111490884,177.15761642456056,0.8172430946964937,192.0074247761471,177.50337692063022,55.561150309866804,8.473155045683871,11.560763758798634
2024-07-24 00:00:00-04:00,174.1597305812608,176.7017711003606,172.35250480511445,173.14688110351562,31250700,0.0,0.0,184.19883041381837,182.12779490152994,177.17213719685873,-0.017068509864998305,193.12125603656344,175.2764047910733,47.749199057470086,-135.85562425454197,7.399585586028824
2024-07-25 00:00:00-04:00,173.02774283402505,173.97107613476282,167.86422068367688,167.97344970703125,28967900,0.0,0.0,183.39401550292968,181.8289067586263,177.19614868164064,-1.0832323170345433,194.89630590362526,171.8917251022341,44.12640514452911,-190.84369908712216,14.371681461054472
2024-07-26 00:00:00-04:00,167.5862064031837,168.64869325859306,164.70158406092025,167.496826171875,25150100,0.0,0.0,182.49139328002929,181.46878458658855,177.26610692342123,-1.9442225640085269,195.94868414380997,169.0341024162486,43.8096183611881,-209.7197678292079,18.82676143847397
2024-07-29 00:00:00-04:00,169.30402550080356,170.95238504532668,168.5294980332336,169.9296112060547,13768900,0.0,0.0,181.88120193481444,181.28309580485026,177.3612378438314,-2.402562868010733,196.46628649353522,167.29611737609366,45.861836555673,-157.49574240789642,14.343958508563444
2024-07-30 00:00:00-04:00,170.6247221413713,171.73686119528168,168.9267100520719,170.65451049804688,13681400,0.0,0.0,181.25413131713867,181.06761728922527,177.42067591349283,-2.6764550388163855,196.65671512885396,165.85154750542338,46.46453535341511,-139.41174504276748,12.844295690426438
2024-07-31 00:00:00-04:00,173.69304412524224,174.6761053509935,170.51549314793866,171.93545532226562,15650200,0.0,0.0,180.5858512878418,180.88126678466796,177.4927017211914,-2.7583583771017572,196.40333796733591,164.76836460834767,47.53227421777627,-108.29994293596707,7.3853997625156484
2024-08-01 00:00:00-04:00,170.77365202091585,174.44769555513358,169.3139620385275,171.2403564453125,17177800,0.0,0.0,179.8440902709961,180.74886830647787,177.53925628662108,-2.8465428587962265,195.966080502006,163.7221000399862,47.005995090613055,-112.01306605604313,9.24206004579403
2024-08-02 00:00:00-04:00,167.01026201217448,169.01609730507153,165.2228847784919,167.21878051757812,18907800,0.0,0.0,178.67435302734376,180.44071146647136,177.46671244303386,-3.2040035055408396,194.90081103162174,162.44789502306577,44.0846182705009,-152.68615426668342,15.227986900357577
2024-08-05 00:00:00-04:00,156.26613184716328,164.77602532120366,155.5015438795414,159.51319885253906,34907800,0.0,0.0,177.19281921386718,179.79129842122396,177.29582824707032,-4.062242680622603,194.7505753322869,159.63506309544746,39.24956178482656,-201.25398758624453,27.054507328659025
2024-08-06 00:00:00-04:00,159.81606774352016,161.21121123895858,157.02081097629605,159.4138946533203,36146500,0.0,0.0,175.70830459594725,179.12103271484375,177.1163464864095,-4.696280629349417,194.0296416092633,157.3869675826312,39.19225577483256,-179.35692793684174,27.054507328490722
2024-08-07 00:00:00-04:00,162.09499163771682,163.63410735620013,159.1160345282507,159.62245178222656,19334200,0.0,0.0,174.1239974975586,178.2991714477539,176.96166585286457,-5.12287810448646,192.24420524414984,156.00378975096737,39.38453372865488,-145.8602687009485,22.496416160652824
2024-08-08 00:00:00-04:00,161.20525666549872,164.33912519751024,160.89346377730092,162.69076538085938,15733600,0.0,0.0,172.9592254638672,177.58653869628907,176.84803975423176,-5.1539607611332485,190.86245709614582,155.05599383158858,42.16769922465716,-117.67935984617847,21.187716160926556
2024-08-09 00:00:00-04:00,160.51116266680796,164.35898189347273,159.80116644255187,164.22988891601562,13549200,0.0,0.0,171.8972267150879,176.87589263916016,176.74303817749023,-4.996799588908061,189.1850411306835,154.6094122994923,43.51354983359346,-106.30974834032902,22.514503032211543
2024-08-12 00:00:00-04:00,164.83065699712043,165.53071373627017,162.40281483107793,162.8000030517578,12435000,0.0,0.0,170.6937286376953,176.2314448038737,176.58197021484375,-4.93078900053672,186.9108992047189,154.4765580706717,42.56163983686638,-92.63375931949832,20.267690491235822
2024-08-13 00:00:00-04:00,164.02634376825822,165.3718351766472,163.6142613611462,164.76611328125,12717600,0.0,0.0,169.7220932006836,175.61711781819662,176.42804819742838,-4.666039273385621,184.8224697645465,154.62171663682068,44.29502511154507,-79.45040623882196,20.26769049115142
2024-08-14 00:00:00-04:00,163.05817972364892,163.80291895872995,158.41099901782883,160.89346313476562,22515900,0.0,0.0,168.6998146057129,174.80353139241535,176.17883427937826,-4.71436939316186,183.24695626398704,154.15267294743876,41.729034486049,-97.3674409807297,26.659410433038616
2024-08-15 00:00:00-04:00,161.0722091785966,162.37301795763494,160.3572582974558,162.0254669189453,18392500,0.0,0.0,167.90294342041017,174.00186106363932,175.92914555867512,-4.60820756811566,182.05426164435903,153.7516251964613,42.73220201936096,-88.06416610842645,26.659410432952956
2024-08-16 00:00:00-04:00,162.26378469735144,165.77894714480394,161.93609762272953,163.58445739746094,16853100,0.0,0.0,167.17558212280272,173.10089213053385,175.6875867207845,-4.348153250284895,180.58944139206955,153.7617228535359,44.10316988327332,-69.00338788390764,19.925000814171863
2024-08-19 00:00:00-04:00,165.8286066423577,167.28829678721857,164.924986047585,167.21878051757812,13100800,0.0,0.0,166.4333251953125,172.37005564371745,175.5320576985677,-3.804937872028802,177.87650822279673,154.99014216782828,47.15409442230941,-46.440221180269226,17.071418236186066
2024-08-20 00:00:00-04:00,167.55641375835484,169.21469807186833,167.47697308353412,167.77487182617188,12622500,0.0,0.0,165.70646133422852,171.6590784708659,175.43439814249675,-3.2916201023730594,174.4253658830473,156.98755678540974,47.60674749527418,-30.432808919291798,13.505449052787284
2024-08-21 00:00:00-04:00,165.818667690428,167.45708783901335,165.40161556445642,166.4541778564453,15269600,0.0,0.0,165.371826171875,170.83059794108073,175.29373219807943,-2.957291225129552,173.37250085843738,157.37115148531262,46.62554776544753,-40.78100550010002,16.34524261707557
2024-08-22 00:00:00-04:00,167.85429547531126,168.2316348885571,163.8724282868438,164.32920837402344,19123800,0.0,0.0,165.18961410522462,170.10869801839192,175.0897127787272,-2.8311645566546986,173.10636331114722,157.27286489930202,45.07909087910819,-46.044154513448596,18.387661672694808
2024-08-23 00:00:00-04:00,165.38175244517151,166.77192620542763,164.49799587934635,166.2555694580078,14281600,0.0,0.0,165.12755126953124,169.46822153727214,174.92804870605468,-2.546413552641127,172.98740071006267,157.2677018289998,46.73584169806307,-39.26763072324331,18.387661672620624
2024-08-26 00:00:00-04:00,166.97550303029897,168.19191652876518,165.1533828227985,166.7520751953125,11990300,0.0,0.0,164.96867446899415,168.79762522379556,174.83813858032227,-2.2546917835276474,172.54309568264617,157.39425325534214,47.16083807624379,-26.211860074206893,15.58338511373364
2024-08-27 00:00:00-04:00,166.43430435391048,167.06484470728404,164.99447837385452,165.2129364013672,13718200,0.0,0.0,164.69659576416015,168.16476236979167,174.7159637451172,-2.123220651305843,171.78649540770064,157.60669612061966,45.984219369157714,-32.69183934436245,15.814233582107079
2024-08-28 00:00:00-04:00,165.61016725602144,166.21588918818358,162.13471702434757,163.34616088867188,15208700,0.0,0.0,164.26713104248046,167.56499989827475,174.55507176717123,-2.1449365213607052,170.4994830230502,158.0347790619107,44.58844839644771,-53.015628827577665,19.892621905008365
2024-08-29 00:00:00-04:00,164.89519061621647,166.4541853217569,160.84579232457168,162.25384521484375,17133800,0.0,0.0,163.81780548095702,167.04136505126954,174.3642374674479,-2.2246429516935393,169.16649113055323,158.4691198313608,43.78399651564197,-60.474767818338364,21.662090636400357
2024-08-30 00:00:00-04:00,163.06810191293968,164.1206642599581,162.26378597424664,163.9518585205078,18498800,0.0,0.0,163.65445938110352,166.5687042236328,174.1696329752604,-2.1262849003435917,168.7598287197175,158.54909004248955,45.369010004696705,-54.08127613329993,21.662090636328674
2024-09-03 00:00:00-04:00,162.16941957865765,162.2339660565468,156.74771240879068,157.49742126464844,26533100,0.0,0.0,163.55367050170898,165.74982096354168,173.84629542032877,-2.5398764657038555,169.06659680526764,158.04074419815032,40.8409761999942,-129.4410405170966,28.85889953714012
2024-09-04 00:00:00-04:00,156.96620455763988,159.27489317772043,156.33566412064957,156.70306396484375,17410700,0.0,0.0,163.41812896728516,164.89618479410808,173.54939295450848,-2.89833851415338,169.4668666125723,157.36939132199802,40.32853554935106,-153.08158752906442,29.360384186531817
2024-09-05 00:00:00-04:00,156.67326286591975,159.88557180823372,156.41509207096252,157.48751831054688,14139500,0.0,0.0,163.31138229370117,164.37420603434245,173.2510004679362,-3.08357779502893,169.70753918513807,156.91522540226427,41.08372820182369,-136.4108767236225,27.977270830887377
2024-09-06 00:00:00-04:00,157.57689543583044,158.1031766189013,150.86927251244876,151.0629119873047,24999100,0.0,0.0,162.72998962402343,163.8105214436849,172.8197141011556,-3.706072006172633,171.1555887115348,154.30439053651207,37.105154495506575,-208.71179896145298,34.55132950556575
2024-09-09 00:00:00-04:00,152.7531921042944,153.75742226782708,147.35417486290356,148.6865234375,28057700,0.2,0.0,161.95282135009765,163.18351135253906,172.3261479695638,-4.341116164105301,172.41674789546474,151.48889480473056,35.779336143571555,-239.5171258557462,38.24719058206524
2024-09-10 00:00:00-04:00,150.5856383998695,151.4307933310078,148.68952437572722,149.1538543701172,20401800,0.0,0.0,161.27051391601563,162.4909861246745,171.88704096476238,-4.751906513569054,173.18141404793306,149.3596137840982,36.24279309302307,-213.03208313430125,38.247190581890806
2024-09-11 00:00:00-04:00,150.22768361267248,151.60974988834388,147.85132461574966,151.28163146972656,18991500,0.0,0.0,160.59628982543944,161.84522349039713,171.4564203898112,-4.84986081915082,173.18155539060044,148.01102426027845,38.3387007247321,-181.29767911220935,39.1244227586338
2024-09-12 00:00:00-04:00,153.92643809145218,154.7218752218789,152.6239171865829,154.6522674560547,20980800,0.0,0.0,160.28423004150392,161.2691172281901,171.07519200642903,-4.602453933513203,173.14496410558814,147.4234959774197,41.49063546355657,-114.31140954473197,31.926256466709038
2024-09-13 00:00:00-04:00,155.4695901738949,158.36595914201126,155.21902951310665,157.46612548828125,16733900,0.0,0.0,160.0562629699707,160.80997619628906,170.77942225138347,-4.1316997050609245,172.94863697751305,147.16388896242836,43.96431161740115,-62.77692481913826,24.14579996226486
2024-09-16 00:00:00-04:00,157.426359026934,158.33116899074565,156.7104670964129,158.0825958251953,14157600,0.0,0.0,159.78116989135742,160.50543670654298,170.47307408650715,-3.66661314928254,172.59109115251778,146.97124863019707,44.496142906371006,-47.5646505492172,24.145799962199337
2024-09-17 00:00:00-04:00,159.17633157329274,160.66777078137417,158.5002197480472,159.36524963378906,12064800,0.0,0.0,159.38849334716798,160.50050506591796,170.14590174357096,-3.1581243684369156,171.71064228289487,147.0663444114411,45.60728709918564,-18.764617079164612,19.317215860918935
2024-09-18 00:00:00-04:00,159.9320073821086,160.707554573871,158.7487964898365,159.89222717285156,16756500,0.0,0.0,158.99436111450194,160.51644948323568,169.81874109903973,-2.6817076068983283,170.67460563979145,147.31411658921243,46.066183149071556,-14.862549311661256,19.23553163567202
2024-09-19 00:00:00-04:00,163.87931852627625,164.04834645273831,161.59442993628994,162.30833435058594,17548200,0.0,0.0,158.78706893920898,160.605978902181,169.45257517496745,-2.085147946421813,170.0495608077964,147.52457707062155,48.14130006858889,29.20990728731316,12.54256894262101
2024-09-20 00:00:00-04:00,163.58105288018464,163.80973597215976,162.24868902069008,163.7003631591797,46362700,0.0,0.0,158.7556266784668,160.63963216145834,169.1130854288737,-1.4829504961159614,169.9563133391784,147.5549400177552,49.30385016800432,38.17316089534421,12.542568942586971
2024-09-23 00:00:00-04:00,164.39636164933788,165.65911770531974,162.02000255471572,162.1393280029297,15648400,0.0,0.0,158.5498146057129,160.5699467976888,168.7229197184245,-1.1187706771883938,169.31296992188604,147.78665928953976,48.054142030449775,38.122576013824535,8.920586513830708
2024-09-24 00:00:00-04:00,163.31258914908378,163.6108800174868,161.10525796328682,162.70606994628906,18774100,0.0,0.0,158.3475143432617,160.5668156941732,168.39913024902344,-0.7754849013254272,168.60160267260042,148.093426013923,48.54398830805494,26.46211509655277,10.396132715099752
2024-09-25 00:00:00-04:00,162.03989383208318,163.27977096813476,161.84599945964533,162.05978393554688,13607900,0.0,0.0,158.1898567199707,160.4766047159831,168.04686126708984,-0.5492469535566613,168.090360294927,148.2893531450144,48.009913042619814,26.735768837402592,10.396132715072437
2024-09-26 00:00:00-04:00,164.08810658188165,164.5554253176679,162.5668401174544,162.89495849609375,18234500,0.0,0.0,158.16729660034179,160.54332122802734,167.67342631022134,-0.29911216396706664,168.0202704318704,148.31432276881318,48.76348093473206,39.910371672275595,7.7900339331531825
2024-09-27 00:00:00-04:00,162.974535431585,166.01706895236782,162.89499018749672,164.34664916992188,13604300,0.0,0.0,158.2719367980957,160.62069396972657,167.31127751668294,0.016075456147433442,168.34953802137673,148.1943355748147,50.064931213711716,54.36570815889172,4.856020309236185
2024-09-30 00:00:00-04:00,163.8395450894186,166.40482200082357,163.70034472236728,166.2357940673828,14070100,0.0,0.0,158.38613357543946,160.70907185872395,166.9049819946289,0.4135351451383542,168.78149098280105,147.99077616807787,51.716001756834785,68.58334251527711,4.078553703280454
2024-10-01 00:00:00-04:00,167.89627725572925,169.4672616483176,164.95316398962757,167.4587860107422,18629500,0.0,0.0,158.88420181274415,160.71707204182943,166.54356384277344,0.8177831460101856,170.0278871852575,147.7405164402308,52.76200496418332,95.7704702659685,1.866312265193583
2024-10-02 00:00:00-04:00,166.8025312017811,167.91614929788528,165.30115474679585,166.3551025390625,12745000,0.0,0.0,159.36680374145507,160.66974639892578,166.16441243489584,1.0371390732143766,170.9404770464083,147.79313043650185,51.716082218936705,85.80425131121173,1.8663122651841728
2024-10-03 00:00:00-04:00,164.87362526152447,166.95169339438607,164.42618140247245,166.2556915283203,11004300,0.0,0.0,159.80521240234376,160.6631301879883,165.7468640645345,1.1892496583640195,171.73785766020083,147.87256714448668,51.62073331735892,76.47328252856795,0.11781095552233042
2024-10-04 00:00:00-04:00,168.37353911363616,168.58234727718948,166.00713256635495,167.59799194335938,11422100,0.0,0.0,160.6319664001465,160.77208964029947,165.4403938293457,1.4019500113662673,172.3026427572863,148.9612900430067,52.83536620425158,97.62459761040066,3.3172553849746937
2024-10-07 00:00:00-04:00,168.1746727214758,168.9303297388488,163.1932715770751,163.4517822265625,14034700,0.0,0.0,161.3702293395996,160.67863006591796,165.07342580159505,1.2218671764940154,171.64364287442092,151.0968158047783,48.911438579281025,64.79907191408225,2.270973656168052
2024-10-08 00:00:00-04:00,164.48585492620182,165.15204447073572,163.37225181600397,164.7543182373047,11723900,0.0,0.0,162.15025253295897,160.6120381673177,164.70483169555663,1.1707582306391373,170.7510222476185,153.54948281829945,50.11543226817907,55.06295099425063,2.270973656160015
2024-10-09 00:00:00-04:00,163.91413300288912,165.31111315361008,160.20044883997255,162.12937927246094,19666400,0.0,0.0,162.6926399230957,160.5092529296875,164.33700764973958,0.907976794604167,169.61115389130012,155.77412595489128,47.768529297958246,28.274873608908578,8.256815340192261
2024-10-10 00:00:00-04:00,161.18480236416306,163.3732447672956,160.71748354617085,162.24868774414062,12900500,0.0,0.0,163.0724609375,160.47267049153646,164.0188351949056,0.7012640741454561,168.87675957735425,157.26816229764577,47.883285459559076,22.636288557341942,8.256815340148444
2024-10-11 00:00:00-04:00,162.39784383538043,164.32677428286573,161.57257899590456,163.5810546875,10946000,0.0,0.0,163.37820739746093,160.51691080729168,163.7791379292806,0.63760373224045,168.54866997079557,158.20774482412628,49.17334892894594,39.326615707410134,6.164838794807993
2024-10-14 00:00:00-04:00,163.96883539405545,166.66336048622304,163.83957247029744,165.40061950683594,9981800,0.0,0.0,163.74410858154297,160.56520284016926,163.56695353190105,0.725611726509868,168.34053672776997,159.14768043531598,50.89072156912822,71.59214308147222,1.2071018808775373
2024-10-15 00:00:00-04:00,166.18609972557047,168.1249676715351,165.10232420342928,165.9474639892578,14829300,0.0,0.0,164.0732192993164,160.84687093098958,163.29834594726563,0.8299177009425023,168.2751753017061,159.8712632969267,51.40124740688092,83.66889790245699,1.7615308841128934
2024-10-16 00:00:00-04:00,165.08242133812,166.32528725506162,164.27307166520532,165.7883758544922,9968500,0.0,0.0,164.36802673339844,161.14971466064452,163.0229497273763,0.8894903630273348,168.14024933809253,160.59580412870434,51.240934522671495,65.99422055002113,0.039283798421880234
2024-10-17 00:00:00-04:00,166.42472113523215,166.97156999652051,163.43189032363557,163.5710906982422,15113400,0.0,0.0,164.43116455078126,161.35250040690104,162.86335322062175,0.7491500104524675,168.0990607699588,160.7632683316037,49.035897362176094,50.85804878700565,1.7063903834326895
2024-10-18 00:00:00-04:00,163.92905163049284,165.42049085368782,163.80974134758264,164.1080322265625,13091300,0.0,0.0,164.4515480041504,161.78733774820964,162.79892959594727,0.6734923631392746,168.10685364551995,160.79624236278084,49.57944200608919,45.27465342613446,1.7063903834259144
2024-10-21 00:00:00-04:00,163.6407061121802,165.2713456501546,163.36726649706551,164.85374450683594,11384000,0.0,0.0,164.5872688293457,162.3262451171875,162.75487823486327,0.6660283214981462,168.07900281785942,161.095534840832,50.34036709024868,44.072775790989915,2.6625230881173674
2024-10-22 00:00:00-04:00,163.7600090248769,166.51420412543723,163.7301814568173,165.867919921875,11958600,0.0,0.0,164.745361328125,162.8833806355794,162.68718338012695,0.7334932413949957,168.16401827866005,161.32670437758995,51.37283891570916,60.71049613592697,0.1594710463727647
2024-10-23 00:00:00-04:00,165.48012750479322,166.64346331999678,162.69909372365552,163.541259765625,12754300,0.0,0.0,164.8194351196289,163.2920349121094,162.56862920125326,0.5923889554435959,168.0522298695035,161.58664036975432,48.957187334972105,28.43563150693176,2.1489076112443013
2024-10-24 00:00:00-04:00,163.65062803352637,164.10800934040395,161.84102325103302,163.59097290039062,12764400,0.0,0.0,164.85423583984374,163.5899917602539,162.429554494222,0.47905201332116576,168.013961222561,161.69451045712648,49.01018364472268,-16.289892745976196,4.052608851659027
2024-10-25 00:00:00-04:00,164.4212461299805,166.4446205926495,164.28700688245908,166.03697204589844,14566400,0.0,0.0,164.9387519836426,163.8756866455078,162.34283142089845,0.5799184205498307,168.13156356368225,161.74594040360293,51.569580720340326,64.38919749662178,1.353697941202318
2024-10-28 00:00:00-04:00,169.61638522225002,169.6323003379864,164.84377730752618,167.3792266845703,20858300,0.0,0.0,164.99592361450195,164.18557434082032,162.34550552368165,0.7594104951609211,168.3245852444933,161.6672619845106,52.911333437249,129.95661472362798,8.09289673916061
2024-10-29 00:00:00-04:00,168.41829542779465,170.87917639509112,167.6974421867794,170.1632843017578,28916100,0.0,0.0,165.13114852905272,164.5455088297526,162.52300694783528,1.1134740046157958,169.04872441518742,161.21357264291802,55.55348961813706,215.70500973557222,10.565222801257633
2024-10-30 00:00:00-04:00,181.3689394779745,182.74105312072933,174.74196997446353,175.1347198486328,49698300,0.0,0.0,165.57012939453125,165.0535919189453,162.7850207010905,1.77476678066742,171.5105253698919,159.6297334191706,59.727709091369036,445.560320099575,29.285712884490646
2024-10-31 00:00:00-04:00,173.72283511957977,177.4017153581993,171.57515908118327,171.7044219970703,32801900,0.0,0.0,165.84256591796876,165.3667948404948,162.98638687133788,1.9990064001767678,172.38464932573976,159.30048251019775,55.97532319095551,253.65578793362687,22.220168277836525
2024-11-01 00:00:00-04:00,170.56097674172983,172.82797823724772,169.33800087086522,171.66464233398438,21752900,0.0,0.0,166.0458984375,165.63227081298828,163.1359514872233,2.1487387055840657,173.0539048923145,159.0378919826855,55.93316775545321,157.8978217642187,17.526330153156664
2024-11-04 00:00:00-05:00,170.26268824097963,170.93879999786293,168.51769968901633,169.70587158203125,16194000,0.0,0.0,166.35860290527344,165.88448893229167,163.22721786499022,2.0853080734187586,173.43700618278191,159.28019962776497,53.86672531884409,101.76480090524888,15.83884735611816
2024-11-05 00:00:00-05:00,169.8550405341838,171.11480781025065,169.3976591714699,170.43173217773438,12518300,0.0,0.0,166.64247360229493,166.1420110066732,163.3544133504232,2.0697509239616636,173.9030088569902,159.38193834759966,54.51097379901981,106.7645619184407,16.10621928552391
2024-11-06 00:00:00-05:00,174.34923723809248,177.6204536623285,174.04099374585778,177.31222534179688,27061500,0.0,0.0,167.40161590576173,166.65042572021486,163.56351521809896,2.5828466185405716,175.76629929413298,159.03693251739048,59.98993228244051,223.78088359083085,25.1933368690459
2024-11-07 00:00:00-05:00,178.08776380214627,181.5379606402899,177.8690181972373,181.2396697998047,16730400,0.0,0.0,168.3511650085449,167.2619160970052,163.9026186625163,3.2687109329544057,178.3958426340885,158.30648738300133,62.646588640120875,257.4923024256456,29.921819683950318
2024-11-08 00:00:00-05:00,180.96128198939456,181.30929052344013,178.5451578694263,178.83349609375,15021500,0.0,0.0,169.11378707885743,167.74481099446615,164.18275248209636,3.576873266180769,179.92067883626513,158.30689532144973,60.11669997597739,203.43480184925113,29.92181968381226
2024-11-11 00:00:00-05:00,179.04230731530507,181.04580665049423,178.96276207268343,180.93145751953125,12503400,0.0,0.0,169.89032897949218,168.2346664428711,164.47186915079752,3.944907649355713,181.75408798860693,158.02656997037744,61.518386924948736,183.8442898220392,29.92181968369795
2024-11-12 00:00:00-05:00,180.3448275327077,182.97472098653552,179.95705395915726,182.2737579345703,14065800,0.0,0.0,170.7066436767578,168.72849884033204,164.72278544108073,4.295375559318046,183.62771931497048,157.78556803854514,62.393173507188344,176.30335190409536,32.25595271350605
2024-11-13 00:00:00-05:00,181.11041429999665,181.57277194891768,179.0920012762999,179.45989990234375,13969700,0.0,0.0,171.39021987915038,169.1653254191081,164.91753590901692,4.2965412234206894,184.65764763936644,158.1227921189343,59.46185498326458,136.24926587321198,30.243381188846357
2024-11-14 00:00:00-05:00,178.72411071419046,179.4151514149462,175.02534070013834,176.3378143310547,17925800,0.0,0.0,172.028556060791,169.50139617919922,165.08226318359374,3.9994358010231394,184.93557157554977,159.12154054603224,56.419425818375586,88.99510929290565,21.268999917599913
2024-11-15 00:00:00-05:00,174.63758008223877,174.876215806893,171.75909828864272,172.89756774902344,21708900,0.0,0.0,172.46803283691406,169.67804870605468,165.22506917317708,3.4466476566917947,184.82641096153034,160.10965471229778,53.310145236824546,40.463158615607355,14.702191949873534
2024-11-18 00:00:00-05:00,173.9564984212519,175.90034266336056,173.4245481327259,175.7909698486328,18662800,0.0,0.0,173.0148941040039,170.0893549601237,165.38399251302084,3.20508619934472,184.91401880059297,161.11576940741483,55.44641636741195,58.188337337655426,16.17453526368992
2024-11-19 00:00:00-05:00,174.23488124920212,179.14171327814492,174.11655714125044,178.55508422851562,15392900,0.0,0.0,173.64925231933594,170.54938049316405,165.5807093302409,3.199802601250383,185.29412749967673,162.00437713899515,57.373854243354366,78.30749010562785,20.65857454629812
2024-11-20 00:00:00-05:00,177.80938661597386,178.08778739151617,174.32936174999057,176.3179473876953,15729800,0.0,0.0,174.28808670043946,171.02233276367187,165.7657928466797,2.9807369846580514,184.9592780501934,163.61689535068552,55.36836987688247,61.50903734788288,20.658574546149072
2024-11-21 00:00:00-05:00,174.4536188094134,174.57790539072255,164.3665156222843,168.2740936279297,38839400,0.0,0.0,174.5222427368164,171.22317962646486,165.84792505900066,2.13346092262114,184.37960793348253,164.66487754015026,48.99782043952927,-26.668898009539475,2.6049997975158337
2024-11-22 00:00:00-05:00,166.20596802924658,167.30465719256492,164.76424667759363,165.6193389892578,24497000,0.0,0.0,174.50136108398436,171.29112243652344,165.90401662190754,1.2335524022979314,184.4358781200959,164.56684404787282,47.14581696372639,-67.66956203210518,2.6049997975016255
2024-11-25 00:00:00-05:00,167.03122875600374,169.4871328302474,166.4445845584255,168.46299743652344,21395700,0.0,0.0,174.55554962158203,171.39320170084636,165.9792022705078,0.7412828405468304,184.33714130889555,164.7739579342685,49.27053647307446,-41.7044628469841,5.905514600278017
2024-11-26 00:00:00-05:00,168.52266932164437,170.516215799028,168.46299901749023,169.64620971679688,14937500,0.0,0.0,174.529695892334,171.51649322509766,166.18168207804362,0.4415411966833176,184.36276631345496,164.69662547121303,50.1333968380361,-25.68026201870102,7.43559162797904
2024-11-27 00:00:00-05:00,169.70587722529407,170.16325856028536,168.7016470218108,169.8450927734375,12433400,0.0,0.0,174.2652145385742,171.65171712239584,166.40071589152018,0.21753438396748948,184.31199454874968,164.21843452839875,50.280447112580376,-27.70921379754442,7.435591627961281
2024-11-29 00:00:00-05:00,169.08941402343308,169.8947886824315,167.78689301476126,169.5169677734375,9250700,0.0,0.0,174.15584182739258,171.84991302490235,166.6012067159017,0.013376232877106986,184.36629505537707,163.9453885994081,50.028656412733916,-37.190953123080405,5.799034124244468
2024-12-02 00:00:00-05:00,169.3479299214658,172.6092085706705,169.29821225506845,171.99273681640625,16593400,0.0,0.0,174.17224655151367,172.11273651123048,166.95003712972004,0.050768075389242995,184.36688913730563,163.9776039657217,51.90842179631385,-10.592195270003177,10.00714417291989
2024-12-03 00:00:00-05:00,172.13195190788124,173.325115316705,171.52543273802027,172.03253173828125,15721500,0.0,0.0,174.28857955932617,172.3520294189453,167.3391372680664,0.08265964861368502,184.32042579374138,164.25673332491095,51.93848400406372,-0.2974261314249512,11.090774726964993
2024-12-04 00:00:00-05:00,171.793915110664,175.42307789592388,171.76408753929945,175.08502197265625,18239800,0.0,0.0,174.52124404907227,172.65926615397134,167.77132339477538,0.3502074281144587,184.39099158633394,164.6514965118106,54.20978359135761,22.65589183383003,14.221995477864851
2024-12-05 00:00:00-05:00,176.30800123527666,176.69577480865672,173.01687942278502,173.31517028808594,16145500,0.0,0.0,174.3213912963867,172.9850631713867,168.13854904174804,0.41464891666797143,184.11475981551692,164.5280227772565,52.71553979467815,22.517915432575002,16.076805262788042
2024-12-06 00:00:00-05:00,172.8876224530513,175.82973423795733,172.5595040359012,175.48272705078125,13319500,0.0,0.0,174.03354415893554,173.38145497639974,168.48572336832683,0.6333224296053288,183.29468904453591,164.77239927333517,54.31109345633932,22.45227410332117,15.151121454152065
2024-12-09 00:00:00-05:00,174.91034929664272,177.22469944777424,174.59678933759568,176.2890167236328,19887800,0.2,0.0,173.90632019042968,173.7231897989909,168.79943822224934,0.8617498859563284,182.95735352443106,164.8552868564283,54.896752251127765,42.834086203872275,17.233621487429748
2024-12-10 00:00:00-05:00,183.6899826316812,187.16897349863615,181.83351735491135,185.67584228515625,34317400,0.0,0.0,174.14353942871094,174.33307698567708,169.2593256632487,1.7797033522678873,184.16634875720624,164.12073010021564,60.92852076258458,185.75724245070484,29.918226759691755
2024-12-11 00:00:00-05:00,185.84504808741983,195.98838780187663,185.40706053402744,195.80921936035156,41664500,0.0,0.0,174.8203125,175.1879414876302,169.8667251586914,3.2869767081997168,188.36408291194752,161.27654208805248,66.00548814133774,270.3620162340516,38.557580043556676
2024-12-12 00:00:00-05:00,195.40110358865357,195.8042477924048,192.39492855805145,192.7433319091797,25197800,0.0,0.0,175.4844841003418,175.77489522298177,170.41424357096355,4.185858239298398,191.12650934812697,159.84245885255663,63.42597963734943,246.47910709550902,38.55758004336633
2024-12-13 00:00:00-05:00,191.8275276721291,193.45005306683728,190.3841555218587,190.5036163330078,18883200,0.0,0.0,176.19277420043946,176.4015350341797,170.88416493733723,4.6637412933215785,193.21912649402665,159.16642190685226,61.60651557415792,188.68017710133958,34.51176300980889
2024-12-16 00:00:00-05:00,193.47497379231675,199.721233383074,193.22113662191728,197.25259399414065,32248600,0.0,0.0,177.4105255126953,177.25446675618488,171.4433687845866,5.523383028919341,196.7686923084381,158.0523587169525,64.75793377171954,216.20299553235486,40.15007438491714
2024-12-17 00:00:00-05:00,197.6208931858894,201.95097980668515,195.7893225316381,196.21734619140625,24129500,0.0,0.0,178.43184432983398,178.1381825764974,172.01133575439454,6.051363104979572,199.50924631696293,157.35444234270503,63.925305968413056,197.25154551123404,41.987200722925
2024-12-18 00:00:00-05:00,195.92866966173153,197.7801528795643,188.41323989944044,189.2792510986328,27638400,0.0,0.0,178.96805267333986,178.766433207194,172.4542221069336,5.8425950306177015,200.5970819567899,157.3390233898898,58.69332864422819,123.16294614152407,28.490152281446193
2024-12-19 00:00:00-05:00,192.39492221061928,193.7088848972111,188.65214564178711,188.8313140869141,26981200,0.0,0.0,179.59372100830078,179.15040283203126,172.90041427612306,5.5767151534093955,201.62027179146457,157.56717022513698,58.374237891417735,100.14333861708694,28.49015228125411
2024-12-20 00:00:00-05:00,186.15362016517395,193.24599267272131,185.51655152292977,192.07638549804688,45319700,0.0,0.0,180.78383560180663,179.51162668863932,173.38677139282225,5.563718494337593,202.8073061251285,158.76036507848477,60.003813912791244,91.47986732698293,23.163995336712063
2024-12-23 00:00:00-05:00,193.1415129395755,195.59025499774697,190.75250889314452,195.0925445556641,15235900,0.0,0.0,182.25749588012695,180.05359497070313,173.89920298258463,5.7307370082726266,203.95033563056512,160.56465612968879,61.454712171664795,109.83448589248052,25.550783476003694
2024-12-24 00:00:00-05:00,195.27168505157465,196.76481616393315,194.304135969255,196.665283203125,6809800,0.0,0.0,183.66761016845703,180.57805582682292,174.406361134847,5.9217450579248805,205.25112902790883,162.08409130900523,62.194486232038855,113.98857734823886,26.73046617959701
2024-12-26 00:00:00-05:00,195.8390813985594,197.2525770233908,194.97305502831827,196.1974334716797,7907900,0.0,0.0,184.99517135620118,181.04217834472655,174.8853385925293,5.966589619013803,206.21049743222719,163.77984528017518,61.82931603097186,105.41914766013291,27.225844300966184
2024-12-27 00:00:00-05:00,195.57032390029536,195.89881458378937,191.09292009158196,193.1514434814453,14693000,0.0,0.0,186.16048889160157,181.49856313069662,175.33194427490236,5.690743966868013,206.41034078025226,165.9106370029509,59.4773012610275,79.52419897871866,20.520260506990716
2024-12-30 00:00:00-05:00,189.99097744707944,192.89262210558067,189.48828513293213,191.8076171875,12209500,0.0,0.0,187.2750213623047,182.01422322591145,175.75780970255533,5.302573977016067,206.06924215598644,168.48080056862295,58.46231645452305,61.83538224859145,17.862657187671218
2024-12-31 00:00:00-05:00,191.56375561488875,192.3650620367038,188.71186966700776,189.56793212890625,14355200,0.0,0.0,188.15378112792968,182.5699020385742,176.12397537231445,4.759359661466277,205.52934071286649,170.77822154299287,56.791388036534265,50.54293918000393,16.57594848435308
2025-01-02 00:00:00-05:00,190.6081299911665,192.31527281627064,187.84584367286573,189.75704956054688,17545200,0.0,0.0,189.04000701904297,183.03543802897136,176.56239649454753,4.294612973899007,204.67425214352062,173.40576189456533,56.89899418726327,45.863175537249205,15.125720179069633
2025-01-03 00:00:00-05:00,191.8424917522312,193.60935770715383,190.4737880666408,192.24563598632812,12875000,0.0,0.0,189.89803771972657,183.49178975423177,177.0205851236979,4.0800734552245785,204.12810827969432,175.66796715975883,58.31224647417555,56.27633890324916,16.727070526673028
2025-01-06 00:00:00-05:00,194.2563673052009,198.64617677482565,194.16678307657585,197.0535125732422,19483300,0.0,0.0,191.08495483398437,184.18297526041667,177.60265401204427,4.249024688777951,203.30990513696742,178.86000453100132,60.87612804639468,80.6100474466861,22.60645469298775
2025-01-07 00:00:00-05:00,197.36207327589548,201.2143466578344,195.0427411419149,195.80921936035156,16966800,0.0,0.0,192.10127944946288,185.10081278483074,178.1619962056478,4.233712097641558,202.02854701341585,182.1740118855099,59.88999296641951,81.63025317412327,25.385168463030762
2025-01-08 00:00:00-05:00,193.06184624483373,196.73495114401013,192.86276513795815,194.49525451660156,14335300,0.0,0.0,193.01159133911133,186.06334330240887,178.67723286946614,4.068649913658419,199.61694252691692,186.40624015130575,58.84861142306485,61.118295709254085,21.55290263160846
2025-01-10 00:00:00-05:00,194.52512767087055,196.7150503565844,190.72262817648917,192.28543090820312,20753800,0.0,0.0,193.34207077026366,186.8574244181315,179.12531305948895,3.716679083786204,198.99474442165103,187.6893971188763,57.12060430163336,48.210736914435316,17.893481729844993
2025-01-13 00:00:00-05:00,190.4737563906964,191.60853537738728,187.7960722863248,191.4094390869141,13169100,0.0,0.0,193.1220817565918,187.5828653971354,179.54967931111653,3.3286834554497204,198.71259546857448,187.53156804460912,56.44097898943414,22.50078827785515,13.077745589323925
2025-01-14 00:00:00-05:00,191.618497453767,192.3849756964784,188.7715934554687,190.17514038085935,13651200,0.0,0.0,192.9936721801758,188.26053365071616,179.95612538655598,2.8883019871196325,198.73671352678596,187.25063083356562,55.47881868294788,20.264012690008688,14.04143384388185
2025-01-15 00:00:00-05:00,193.46002620372033,196.89422470667375,192.44469279964983,196.07797241210935,12894900,0.0,0.0,193.27238998413085,189.1459004720052,180.49790674845377,2.9812398365092463,199.04757913265783,187.49720083560388,58.94155045642116,62.826017288064826,19.40939536864289
2025-01-16 00:00:00-05:00,194.9282738716767,196.0779836731876,193.41026323698176,193.5197601318359,13449600,0.0,0.0,193.08574829101562,189.86346791585285,180.98810221354168,2.81600623362732,198.55236105304672,187.61913552898451,56.95551336887981,53.878746162556126,19.409395368568717
2025-01-17 00:00:00-05:00,197.143080854053,197.89959514943848,194.41562255485655,196.64537048339844,22109100,0.0,0.0,193.10714950561524,190.68389587402345,181.51796264648436,2.9037949063244923,198.62846048991776,187.58583852131272,58.71380990449519,78.71949145798402,21.52791965308602
2025-01-21 00:00:00-05:00,199.5917954428251,202.90654813594057,198.52670321151783,198.71583557128903,19005200,0.0,0.0,193.57897872924804,191.47158966064453,182.06542790730794,3.1046488317585954,199.3309624241259,187.82699503437019,59.83801636011385,132.86465297064768,26.985488618910242
2025-01-22 00:00:00-05:00,199.63163672065812,201.1944394176957,198.28781261730893,199.114013671875,15477400,0.0,0.0,194.0931137084961,192.33155110677083,182.65830713907877,3.2583959000883738,199.8962861575053,188.2899412594869,60.05440917264881,125.69360798344944,26.551079718004406
2025-01-23 00:00:00-05:00,199.0642388877016,201.0152702560708,195.9187208366964,198.66607666015625,15170800,0.0,0.0,194.42259826660157,193.10432942708334,183.24289220174154,3.305987421063321,200.4860946654285,188.35910186777463,59.68019456044703,108.26165424020732,22.260300468973536
2025-01-24 00:00:00-05:00,198.93484816863383,201.64239389459595,198.86914091953136,200.97544860839844,12732400,0.0,0.0,194.71674346923828,193.92721048990884,183.82520014444987,3.4898225581990516,201.45077389318215,187.98271304529442,60.97706319927543,147.79065039825434,22.975445383174456
2025-01-27 00:00:00-05:00,193.30075004630143,197.76023057284823,191.81756772084356,192.88267517089844,24970200,0.0,0.0,194.52761306762696,194.1674382527669,184.250257619222,2.948505510419949,201.24366815293956,187.81155798231435,54.609509857000425,-3.5568664556729117,11.08834827962819
2025-01-28 00:00:00-05:00,193.7586555420029,196.32684306707887,191.7280037627585,196.16758728027344,15939200,0.0,0.0,194.52612075805663,194.17938385009765,184.68366266886395,2.752839780737787,201.2406266773195,187.81161483879376,56.51621297466736,9.428184473951395,10.947437182074973
2025-01-29 00:00:00-05:00,196.4661862034589,197.5512063514811,194.29617628524457,196.2770538330078,12287800,0.0,0.0,194.68240127563476,194.29717458089192,185.03603490193686,2.576901400940102,201.40767737294124,187.95712517832828,56.57909087932687,40.21656418311983,12.516722848047229
2025-01-30 00:00:00-05:00,198.8452349044127,202.30732015197103,198.55855933040075,201.7021026611328,14571500,0.0,0.0,195.1771255493164,194.6704574584961,185.5359962463379,2.842458971137745,202.44574795014273,187.90850314849007,59.57588358737801,148.57505758260822,18.302099991942388
2025-01-31 00:00:00-05:00,202.78214562145905,206.13174209790108,202.64776928080957,204.6585235595703,17060300,0.0,0.0,195.9316551208496,194.91732177734374,186.0858942667643,3.2539640454284893,203.8523634895223,188.0109467521769,61.089817534932855,209.54962946979998,22.561983039434846
2025-02-03 00:00:00-05:00,201.28899455348483,204.28023863747416,200.7365433519632,201.71205139160156,16719500,0.0,0.0,196.52940521240234,195.10047861735026,186.61933059692382,3.3042398817393632,204.29091379914635,188.76789662565832,58.81869225052029,149.23853825273267,19.34491543426711
2025-02-04 00:00:00-05:00,203.56354281581105,207.74430691654345,203.32463636845785,206.75885009765625,28285400,0.0,0.0,197.25506591796875,195.6831319173177,187.22478256225585,3.7085682556084976,205.98377256251496,188.52635927342254,61.36378566776096,199.70000679589785,23.12820101176182
2025-02-05 00:00:00-05:00,192.21575957910815,193.6591166789746,189.04036484605257,192.4148406982422,43666400,0.0,0.0,197.02313232421875,195.80258280436198,187.47649281819662,2.838835396941789,206.01687647867124,188.02938816976626,51.92790885364397,-77.96406717937744,2.5988674672300918
2025-02-06 00:00:00-05:00,190.1154060311581,192.9423971897316,189.6176956783565,192.42477416992188,20816600,0.0,0.0,196.85391006469726,195.81419576009114,187.66291122436525,2.125861777243557,206.06847405950919,187.63934606988533,51.93320389122703,-80.73462284199294,2.598867467219657
2025-02-07 00:00:00-05:00,191.85739745606065,192.1311320819407,184.2523836670794,186.2830352783203,29565700,0.0,0.0,196.44329910278321,195.52054545084636,187.78707021077474,1.0530985821129661,206.76570203786753,186.1208961676989,48.51523783686131,-149.476008695931,3.84536140068449
2025-02-10 00:00:00-05:00,188.19424298737349,189.11999217535,186.7508859497544,187.3381805419922,16606000,0.0,0.0,196.19593658447266,195.2096420288086,187.89384892781575,0.2847846060259087,207.15532153605778,185.23655163288754,49.11048197652395,-133.0973651073225,3.845361400671267
2025-02-11 00:00:00-05:00,185.97942392823657,187.93542186122383,185.2278764766205,186.21334838867188,13028100,0.0,0.0,195.93613204956054,194.87683919270833,187.95950876871746,-0.41014639722482116,207.59717925198433,184.27508484713675,48.49219937620236,-141.9827417562539,5.645659439789609
2025-02-12 00:00:00-05:00,184.3817904598913,185.97446981484265,182.78912629385607,184.58087158203125,17632300,0.0,0.0,195.65641860961915,194.59115346272787,188.04485829671225,-1.0801600464868955,208.13877016717439,183.17406705206392,47.592629135510435,-159.83404285290908,8.48396616260504
2025-02-13 00:00:00-05:00,185.0785858283764,187.1291654768916,184.03340611819064,187.01966857910156,12729300,0.0,0.0,195.20350341796876,194.43155517578126,188.22288920084637,-1.398242090484473,208.2653508491234,182.14165598681413,49.05323061517999,-126.41767260562538,6.908771407789168
2025-02-14 00:00:00-05:00,185.9744568216932,187.28840428715017,185.25775268092943,186.01426696777344,12714200,0.0,0.0,194.82822875976564,194.31309967041017,188.44150085449218,-1.7117202638593767,208.5103090932555,181.14614842627577,48.47704464245464,-118.84407406017486,6.6877735818957555
2025-02-18 00:00:00-05:00,186.58166234828715,186.9201017480401,182.73933775820967,184.9491729736328,19796000,0.0,0.0,194.24341888427733,194.15283711751303,188.5941375732422,-2.022780800778463,208.58254803694157,179.9042897316131,47.860949209553496,-130.4100351807956,9.740372977299346
2025-02-19 00:00:00-05:00,185.33240666488575,186.5020290634484,184.6505458932959,186.27308654785156,13120500,0.0,0.0,193.62128143310548,193.95375213623046,188.72277094523113,-2.137826226338291,208.2207266600386,179.02183620617237,48.699308210553234,-108.78845789644213,9.740372977275117
2025-02-20 00:00:00-05:00,185.64596580229357,186.26312179330148,183.7546724943509,185.7853240966797,12063800,0.0,0.0,192.9548469543457,193.5781458536784,188.88056055704752,-2.242508664390755,207.71455367001292,178.19514023867848,48.40268281438685,-106.17643445819212,10.850609503489453
2025-02-21 00:00:00-05:00,186.43234871069268,186.61153234693336,180.3005683314434,180.74850463867188,19520800,0.0,0.0,192.0589683532715,193.07612202962238,189.08846740722657,-2.700766728866796,207.51762053593757,176.60031617060542,45.445694805942395,-128.41182941026582,15.019800293513486
2025-02-24 00:00:00-05:00,182.95833932703832,184.24242542853543,180.05171252095613,180.36029052734375,18734000,0.0,0.0,191.02821044921876,192.6049565633138,189.33414993286132,-3.0599915036036407,206.7307972980994,175.32562360033813,45.22540177740876,-127.60458736316588,15.314972618233776
2025-02-25 00:00:00-05:00,179.33003564832237,179.93226098828964,175.96054165873886,176.5577850341797,20832500,0.0,0.0,190.21196594238282,192.08070170084636,189.46906305948895,-3.609897488922172,207.15672094945467,173.26721093531097,43.10807251382555,-156.30320668331558,20.038453505810217
2025-02-26 00:00:00-05:00,176.1347237047255,177.26452073540196,172.79507630783428,173.89999389648438,23637200,0.0,0.0,189.09858627319335,191.49705352783204,189.53995946248372,-4.211614605339207,207.27700697604337,170.92016557034333,41.696573467991826,-167.56360821063328,23.455739789976786
2025-02-27 00:00:00-05:00,175.13432915333055,175.78134656514663,168.97466202962403,169.43057250976562,25930500,0.0,0.0,187.75626220703126,190.8055679321289,189.53305079142254,-4.991584825913151,207.59203447706335,167.92048993699916,39.44950036172718,-175.8439354265032,27.333073004024577
2025-02-28 00:00:00-05:00,169.5201599139399,171.71008256686463,167.61890260075836,171.43136596679688,30049800,0.0,0.0,186.24272537231445,189.98401438395183,189.56495742797853,-5.386180992743078,206.21704962088302,166.2684011237459,40.92385908982199,-166.31821597596863,28.659706078343564
2025-03-03 00:00:00-05:00,172.9344557401444,174.19864444127194,166.8723465589281,167.88768005371094,24122000,0.0,0.0,184.4041831970215,189.12961171468098,189.4965398152669,-5.916643749078304,204.00700822332135,164.80135817072164,39.17609505118001,-154.98789221053886,24.34902899390792
2025-03-04 00:00:00-05:00,167.17095204917203,174.36285737548576,166.7727746623474,171.81956481933594,30711400,0.0,0.0,182.9095588684082,188.30208485921224,189.49299036661785,-5.951167707934076,201.4875216959549,164.33159604086148,42.01836605309465,-133.64350450087767,24.065279321571737
2025-03-05 00:00:00-05:00,171.53091848861095,174.94520452087065,170.14726900378645,174.18869018554688,18848000,0.0,0.0,181.28105087280272,187.48451334635416,189.47805150349936,-5.721406760924651,196.4547291280082,166.10737261759724,43.65942058508499,-111.15631711411467,23.035318713200244
2025-03-06 00:00:00-05:00,171.75987492474664,175.92072688928232,171.71805983582803,173.4122772216797,19082400,0.0,0.0,180.3309226989746,186.62778879801434,189.47966995239258,-5.538129483195263,194.9383748920804,165.72347050586882,43.244474965727164,-100.59927316730797,21.290399511033716
2025-03-07 00:00:00-05:00,172.4486796541794,176.08991817485642,171.46121793179898,174.9451904296875,16395300,0.0,0.0,179.4569435119629,185.83709259033202,189.4707110087077,-5.2091399130169975,193.0759083019315,165.8379787219943,44.32521150958019,-91.30229729799295,21.593265700953054
2025-03-10 00:00:00-04:00,169.57375167224205,169.86274584496755,164.99458160193325,167.23184204101562,28990700,0.2,0.0,178.50438385009767,184.7123057047526,189.31975809733072,-5.507330976925033,192.76306274548523,164.2457049547101,40.32791722624053,-133.16399204075418,28.735470845849523
2025-03-11 00:00:00-04:00,166.10574265010774,168.07394441383764,162.67760699625669,165.4081573486328,23705900,0.0,0.0,177.4078826904297,183.7964884440104,188.98196334838866,-5.8236739685310965,192.17021760038008,162.6455477804793,39.45760303117089,-134.1781868712584,31.063011912824383
2025-03-12 00:00:00-04:00,167.88959752943245,168.94594324205192,164.90989304067617,168.4177703857422,19880100,0.0,0.0,176.5181037902832,182.87149454752605,188.52543919881185,-5.765071295535307,191.19069040424063,161.84551717632576,41.60890348311332,-109.79486869131101,29.417373567004887
2025-03-13 00:00:00-04:00,167.40127883666267,167.54079590690662,163.50476094405604,164.1624755859375,15206200,0.0,0.0,175.4971839904785,181.80100860595704,188.0490915934245,-5.992912418437157,190.6414764317156,160.3528915492414,39.553178129107316,-116.6716851604895,30.86441317120307
2025-03-14 00:00:00-04:00,164.74547451647462,167.6703606934966,163.94323992063195,167.0425262451172,18611100,0.0,0.0,174.4983268737793,180.64568939208985,187.65807342529297,-5.873377491563161,189.06700159620075,159.92965215135783,41.57422791769678,-101.25333491466871,30.608996768873798
2025-03-17 00:00:00-04:00,166.74852805647282,167.87962748094336,165.23874815007622,165.9961395263672,17839100,0.0,0.0,173.49742050170897,179.35694325764973,187.13713251749675,-5.7962641390514875,187.47336891826578,159.52147208515217,41.058263835121814,-94.42074154736427,30.184452558754057
2025-03-18 00:00:00-04:00,165.38824729052251,165.86658935411072,158.25291101452655,162.1095733642578,24616800,0.0,0.0,172.35544052124024,178.03686065673827,186.56866963704428,-5.979832868516269,186.12238758492305,158.58849345755743,39.18946844543349,-119.2728295125842,37.2304174531732
2025-03-19 00:00:00-04:00,163.35028038381702,167.55375102253015,162.48827017668626,165.70713806152344,24955700,0.0,0.0,171.32714309692383,176.66847025553386,186.1758010864258,-5.768523061124,183.72080100158493,158.93348519226274,41.72914476544683,-92.04761432360247,33.85532646674122
2025-03-20 00:00:00-04:00,163.26058333399368,166.45454321967475,162.57794574460488,164.4813690185547,19981500,0.0,0.0,170.26194534301757,175.73735453287762,185.76996866861978,-5.635010935556352,180.97097539429728,159.55291529173786,41.123781716753896,-93.11867428551294,33.855326466543296
2025-03-21 00:00:00-04:00,162.81713850085896,165.89648938026642,162.46833821606813,165.67724609375,29882100,0.0,0.0,169.50838241577148,174.84577026367188,185.32998301188152,-5.370793168095389,179.1813528045441,159.83541202699885,41.97336307283284,-87.91642981031335,33.96823277796599
2025-03-24 00:00:00-04:00,168.68185642992069,169.9126022804945,166.86314686610962,169.3445587158203,18742800,0.0,0.0,168.9575958251953,174.2811543782552,184.90084991455078,-4.810030170539505,177.17357259514074,160.74161905524988,44.513387692309706,-50.345933302172796,25.827073995147607
2025-03-25 00:00:00-04:00,170.59023314947993,172.31428379871582,169.96241400330516,172.19468688964844,13841600,0.0,0.0,168.73944091796875,173.77637125651043,184.4930066426595,-4.088510131003289,176.3122434184216,161.1666384175159,46.39971620495151,-21.86814310416144,21.26813424932194
2025-03-26 00:00:00-04:00,170.70985032828085,171.34764482956913,166.28613272719656,166.56417846679688,22498000,0.0,0.0,168.37265014648438,173.12139892578125,183.9991190592448,-3.9257813117536102,175.5955611271305,161.14973916583824,43.38546233499958,-51.50946634524774,25.54010943513963
2025-03-27 00:00:00-04:00,166.1356533995557,166.86313412830248,163.28550613191504,163.51470947265625,21571200,0.0,0.0,168.0768569946289,172.41919352213543,183.50517349243165,-3.9968114578939833,175.59581717614233,160.5578968131155,41.8618218822682,-83.18558860061839,28.80202200836697
2025-03-28 00:00:00-04:00,161.8006371166279,163.24563852806418,154.8038297940633,155.5223388671875,34866500,0.0,0.0,167.28140563964843,171.3692825317383,182.90041885375976,-4.644482173877321,176.48379043705987,158.079020842237,38.222411747494796,-148.52117390691365,36.886717876285566
2025-03-31 00:00:00-04:00,154.2766360448414,156.58865032831423,151.6856028583705,155.69174194335938,33591600,0.0,0.0,166.67160873413087,170.35853169759113,182.33581568400066,-5.085474288028593,177.22237971036625,156.1208377578955,38.33995174312899,-175.1883162625617,39.49950619887023
2025-04-01 00:00:00-04:00,154.76495845000798,159.52848902265336,154.72011531021212,158.33262634277344,20111400,0.0,0.0,165.99726181030275,169.4713134765625,181.81207529703775,-5.162357966250482,176.88140236251297,155.11312125809252,40.175579337124525,-137.48076894292808,34.085672929651594
2025-04-02 00:00:00-04:00,156.41926537638946,159.7228321300682,155.9907388578214,158.31271362304688,17113300,0.0,0.0,165.20346298217774,168.53930104573567,181.24652659098308,-5.165352655134711,175.88603018138144,154.52089578297404,40.16625224051082,-127.42712690489888,33.73075136393784
2025-04-03 00:00:00-04:00,152.30846732210267,154.1540766873175,151.65570990506598,152.1041717529297,28416100,0.0,0.0,164.13805770874023,167.41659596761068,180.49737091064452,-5.604102800963517,175.5956401752744,152.68047524220606,37.368122212889254,-182.96452914772422,37.54544982342218
2025-04-04 00:00:00-04:00,149.38354948996036,152.5625615445438,147.03167969458036,147.2310028076172,39832200,0.0,0.0,162.75234832763672,166.29934590657552,179.68773396809897,-6.272731317680922,175.35320468029605,150.1514919749774,35.367539383301676,-210.73642584760435,41.27553826677248
2025-04-07 00:00:00-04:00,142.89599361520985,154.39622943328632,142.16851286156196,148.72584533691406,47823000,0.0,0.0,161.82704849243163,165.24486440022787,178.92491048177084,-6.605854753596191,175.69686301262468,147.95723397223858,36.447224264939926,-198.1713034186772,44.85860236000551
2025-04-08 00:00:00-04:00,153.04589255222663,153.90791788443934,144.70972180796127,146.0749969482422,35304400,0.0,0.0,160.86039047241212,164.22877146402996,178.15473658243815,-7.003032191616484,176.28682075208167,145.43396019274257,35.36351095550896,-177.37104574278607,44.85860235947
2025-04-09 00:00:00-04:00,145.82586392739347,161.31231863948028,145.3076511799823,160.50511169433594,46479500,0.0,0.0,160.4647575378418,163.782275390625,177.63966445922853,-6.083284196740408,175.4753628522718,145.4541522234118,44.63397445979424,-86.06947307400623,31.75968666110209
2025-04-10 00:00:00-04:00,158.2130526044237,159.47868160240188,151.6756548043879,154.83473205566406,35270500,0.0,0.0,159.9983703613281,163.29574737548828,177.0506576538086,-5.745696716697466,175.10455954081078,144.89218118184544,42.17505150826778,-82.16754131315366,31.759686660747818
2025-04-11 00:00:00-04:00,155.04900115803798,159.3092672826885,155.04900115803798,158.85084533691406,22582000,0.0,0.0,159.58878631591796,162.87639668782552,176.43020553588866,-5.095353366972091,174.330613807511,144.8469588243249,44.41855260842311,-52.46994200247269,31.75968666056209
2025-04-14 00:00:00-04:00,161.75079862743743,163.46487400956826,159.36903338925384,160.9136962890625,18255900,0.0,0.0,159.33466415405275,162.64393056233723,175.88677113850912,-4.363200485768317,173.78375204602304,144.88557626208245,45.54125288672809,-13.408730266335933,24.75080529809216
2025-04-15 00:00:00-04:00,161.01335861309877,161.49170063641694,157.10187816944182,158.13330078125,15690800,0.0,0.0,159.13585052490234,162.1877217610677,175.24490331013996,-3.9616512833313777,173.53350592589956,144.73819512390511,44.2937587885837,-34.70780300048844,26.944073192171977
2025-04-16 00:00:00-04:00,154.93438374580234,157.6350388738156,153.37976061279954,154.9642791748047,16921500,0.0,0.0,158.5987075805664,161.54690806070963,174.5157107035319,-3.854699628564987,172.76381684133275,144.43359831980007,42.90791952487297,-68.26251426703962,30.3899054759065
2025-04-17 00:00:00-04:00,156.07043740501342,156.52885927311058,150.3801031866001,152.83163452148438,19513400,0.0,0.0,158.0162208557129,160.8608866373698,173.74433771769205,-3.8971028955676843,172.1207675816679,143.9116741297579,41.993245551451096,-85.11682093246863,33.02359948102824
2025-04-21 00:00:00-04:00,150.44490840068394,150.5395823336707,147.8887426224847,149.34371948242188,16147800,0.0,0.0,157.19954452514648,160.00750427246095,172.92229843139648,-4.1641516361295885,171.32781703794745,143.0712720123455,40.531433674221255,-121.73601869568651,35.13227587374877
2025-04-22 00:00:00-04:00,150.5495297424931,154.07732678148508,150.35020663233604,153.36976623535156,15910300,0.0,0.0,156.40080490112305,159.5454350789388,172.1288703918457,-4.004757015126671,169.39914108816097,143.40246871408513,42.9047110180911,-78.73486809318685,29.15882433521331
2025-04-23 00:00:00-04:00,157.3659683238289,159.46869950938657,155.81134530630172,157.17662048339844,18575700,0.0,0.0,155.64990158081054,159.27105051676432,171.53376948038738,-3.5305562522160585,166.33607166791117,144.9637314937099,45.0497794754484,-20.682822263100956,20.744309471595688
2025-04-24 00:00:00-04:00,157.9788352588042,161.1528749026919,157.54533637665355,160.9136962890625,30787500,0.0,0.0,155.36737747192382,159.02091471354166,170.94620463053386,-2.820682869401594,165.09430477616235,145.6404501676853,47.0692514566337,10.735524794651004,18.254680916892713
2025-04-25 00:00:00-04:00,166.52431024541298,167.66038208926318,162.43842955449924,163.28550720214844,35148100,0.0,0.0,155.35591735839844,158.99168243408204,170.39634552001954,-2.04316544114522,165.0428855791815,145.66894913761539,48.31632815641849,67.87330475577119,9.25054404542903
2025-04-28 00:00:00-04:00,163.6941004600128,164.38172576585993,159.8274778340619,161.86044311523438,20871200,0.0,0.0,155.67282257080078,158.8189463297526,169.73231786092123,-1.5243957542463704,165.78794943114923,145.55769571045232,47.618990840151376,40.575588144357695,12.030657596874317
2025-04-29 00:00:00-04:00,161.48673075211903,162.1195376151089,158.84087881059526,161.50167846679688,15955200,0.0,0.0,155.96331939697265,158.66913096110025,169.013037109375,-1.1291996381269485,166.40904321757864,145.51759557636666,47.44067155453878,28.689414053207297,13.07164402518288
2025-04-30 00:00:00-04:00,159.30925834293936,160.81803471635155,156.6135756588639,160.33570861816406,20639500,0.0,0.0,156.0634735107422,158.61000213623046,168.32343139648438,-0.8997165192562022,166.64240987470671,145.48453714677768,46.85082867728543,9.393587317540721,15.40939245162773
2025-05-01 00:00:00-04:00,161.96009763452335,163.37520368939192,160.37556387456513,162.22915649414062,21904300,0.0,0.0,156.25929565429686,158.49406941731772,167.58126983642578,-0.5586245981911873,167.15382000223073,145.364771306363,47.938239502636364,49.008336683357996,11.837270972516931
2025-05-02 00:00:00-04:00,164.3866889686756,166.1256721240621,163.09615240506508,165.23873901367188,16844900,0.0,0.0,156.916024017334,158.51931508382162,167.12833480834962,-0.04494058898174558,168.32719254644417,145.50485548822382,49.63266427307146,87.78150061321433,8.11389348610709
2025-05-05 00:00:00-04:00,163.94822044762998,166.5243214241733,163.90337730415152,165.47793579101562,15309300,0.0,0.0,157.8283706665039,158.5126714070638,166.67922083536783,0.3771117604602807,168.89162719118167,146.76511414182613,49.767084354289494,93.71785640247985,7.5768900186128905
2025-05-06 00:00:00-04:00,163.3951259397453,166.16554696960202,162.56798366015224,164.63084411621094,10691900,0.0,0.0,158.62362060546874,158.3555475870768,166.318350982666,0.6359077210306054,169.20810320745755,148.03913800347993,49.28521404480165,86.72616906889932,9.140779803782046
2025-05-07 00:00:00-04:00,165.49786113936176,166.41468972066798,148.97498090988586,152.27357482910156,78729800,0.0,0.0,158.9335494995117,157.69151051839194,165.73394088745118,-0.15434379397322573,168.2590386110536,149.60806038796983,43.00187219781702,-30.06428136234259,22.881607395056037
2025-05-08 00:00:00-04:00,155.3828066389,156.86767861269485,153.56908499633963,155.21339416503906,38387500,0.0,0.0,158.66896362304686,157.31315104166666,165.21727498372397,-0.5372123126168447,168.10631587566493,149.2316113704288,44.73583215576311,-35.89045667985615,22.881607394935052
2025-05-09 00:00:00-04:00,155.01409652114108,155.89105437289106,153.30002111123036,153.84812927246094,22871000,0.0,0.0,158.61963348388673,156.99093170166014,164.70506261189777,-0.9399684675134665,168.1512167310196,149.08805023675387,44.09143700421796,-45.93114258082424,23.127870479563093
2025-05-12 00:00:00-04:00,158.5518855822317,159.88726545586675,157.34604750120752,159.0302276611328,31884900,0.0,0.0,158.62860260009765,157.107861328125,164.23857192993165,-0.831419504105213,168.16143943354487,149.09576576665043,47.08434201363825,28.167233056717283,17.36933233116245
2025-05-13 00:00:00-04:00,159.36904920072405,161.5016759636265,157.03711450979918,160.33570861816406,24944300,0.0,0.0,158.59970321655274,157.26266021728514,163.81059595743815,-0.6327582227645792,168.10684181141974,149.09256462168574,47.81240678173487,40.22697671671521,15.11927929792647
2025-05-14 00:00:00-04:00,160.75425431916318,167.76003343226498,160.3755586245459,166.2353057861328,31769200,0.0,0.0,159.0048034667969,157.52608286539714,163.49869817097982,0.0007221361039739804,169.1005010533772,148.90910588021657,50.966358470134765,117.31171052381563,6.90084819867038
2025-05-15 00:00:00-04:00,166.56416520922104,166.93288561158357,163.2755313961832,164.8301544189453,22717600,0.0,0.0,159.49809722900392,157.7433308919271,163.14131596883138,0.38493858015863225,169.72578795774672,149.27040650026112,50.21857448946391,111.2903765190362,6.900848198640599
2025-05-16 00:00:00-04:00,168.34799688904792,170.0620723801173,166.37482262141023,166.85316467285156,36271400,0.0,0.0,160.19917373657228,158.2349639892578,162.82577997843424,0.8429558305967078,170.42506451477627,149.9732829583683,51.28313443456573,141.3583493346662,2.967532591385103
2025-05-19 00:00:00-04:00,165.14408202569703,167.37138270626306,164.84511253179298,167.29165649414062,21374700,0.0,0.0,161.0965705871582,158.90365244547527,162.60149917602538,1.2271743250245777,170.4217826258418,151.7713585484746,51.51561750442,116.79200498970398,4.74004353719864
2025-05-20 00:00:00-04:00,167.18203886374593,169.09542238192347,163.69409683237404,164.75045776367188,33563300,0.0,0.0,161.6656051635742,159.43780619303385,162.34133529663086,1.311498610535807,170.3740932426948,152.9571170844536,50.08276758743758,101.41715823668586,2.555837427077738
2025-05-21 00:00:00-04:00,164.38171022936268,173.9287069806468,164.32191937471765,169.47410583496094,45567600,0.0,0.0,162.28047943115234,160.2177764892578,162.22327397664387,1.7394340238393227,171.38212386258934,153.17883499971535,52.61700036879064,145.2871556701558,3.292842501792716
2025-05-22 00:00:00-04:00,172.75277203751796,177.51630252719323,171.28783533815982,171.38748168945312,45024100,0.0,0.0,162.80416870117188,160.5805221557617,162.18139877319337,2.207522418394575,172.74159459774532,152.86674280459843,53.604012389641134,188.57465590510702,7.350048247990697
2025-05-23 00:00:00-04:00,169.6933472793524,170.61516349512442,168.6768571426718,169.00572204589844,24963600,0.0,0.0,163.09017944335938,161.05288848876953,162.1743179321289,2.3591034691341406,173.40792698548051,152.77243190123824,52.20370896464865,120.01554566517028,4.063134246920966
2025-05-27 00:00:00-04:00,170.70984040857914,173.68952953082126,170.6201541260049,173.38059997558594,24341300,0.0,0.0,163.66618728637695,161.53721364339194,162.20680516560873,2.799972292803915,174.93711304780294,152.39526152495097,54.46403288476434,149.77055219906526,7.512541928726342
2025-05-28 00:00:00-04:00,173.38060811094195,175.87199522970104,172.41893633259377,172.78268432617188,25999200,0.0,0.0,164.2302375793457,161.93284657796224,162.28838857014975,3.0657768487993167,176.1552026430002,152.3052725156912,54.10229879346872,148.3261466786347,9.891783310964337
2025-05-29 00:00:00-04:00,174.39710097134505,174.79571683393422,171.18819309697466,172.3641357421875,21174700,0.0,0.0,164.83165893554687,162.40720774332684,162.29746475219727,3.205702162622572,177.1368273100628,152.52649056103093,53.843333955003835,124.81550601594763,8.26700146520389
2025-05-30 00:00:00-04:00,171.8160148026651,172.84246501872812,167.9443897158325,172.25450134277344,36258300,0.0,0.0,165.33292617797852,162.98354848225912,162.26522827148438,3.270052275065069,178.00308793429173,152.66276442166532,53.773588113230815,96.78374709880617,4.071610547122966
2025-06-02 00:00:00-04:00,168.4277201511054,170.47265253347098,168.06895981724793,169.7830352783203,24742900,0.0,0.0,165.56014099121094,163.54859517415363,162.20474090576172,3.086049488787978,178.3852299990391,152.7350519833828,52.196842343614016,73.61047714428071,4.07161054710189
2025-06-03 00:00:00-04:00,168.28322165672472,169.21499790569834,166.10573677644086,167.1322021484375,25386700,0.0,0.0,165.64285430908203,164.14154459635418,162.07452443440755,2.6952566346054425,178.4870346583129,152.79867395985116,50.55215508548124,45.37189831232999,1.5235785559837067
2025-06-04 00:00:00-04:00,167.70023534112542,168.99575958230332,167.21690566982434,168.80641174316406,18508700,0.0,0.0,165.85163269042968,164.65609944661458,162.10076726277669,2.4919199030206016,178.76212426054707,152.9411411203123,51.54959603214776,53.87481477045129,1.5235785559800479
2025-06-05 00:00:00-04:00,171.02873742014836,171.76619347877022,168.76656887329105,169.2249755859375,25375400,0.0,0.0,166.69920272827147,165.05771128336588,162.1643809000651,2.33760225857543,177.97919948442043,155.4192059721225,51.80104657201317,72.82328782565274,5.0348275326152185
2025-06-06 00:00:00-04:00,171.70639878734616,175.22423609077742,171.70639878734616,174.31736755371094,22258100,0.0,0.0,167.65440139770507,165.50450032552084,162.26270751953126,2.596289477495475,178.03907228049673,157.26973051491342,54.75631230205283,121.29838506617023,9.214586595276813
2025-06-09 00:00:00-04:00,175.47476517942692,177.51516765540885,175.26524563491927,177.23081970214844,18817600,0.21,0.0,168.82353591918945,165.96934407552084,162.48051325480142,3.0017894417384525,177.83818745920266,159.80888437917625,56.34064211760554,148.29544571150112,11.87287157952513
2025-06-10 00:00:00-04:00,177.3605099731449,182.0349940426737,176.07840935677868,179.60545349121094,32908000,0.0,0.0,169.85229721069337,166.56084442138672,162.68989537556965,3.4747098932871836,178.85729687856121,160.84729754282552,57.592744317402854,166.48157342444233,16.842455334486974
2025-06-11 00:00:00-04:00,180.82271788080297,181.3415535485882,177.59998091691168,178.38819885253906,18994400,0.0,0.0,170.75492172241212,167.12372843424478,162.89642969767252,3.708530846905262,179.35331971951285,162.1565237253114,56.72999772521793,151.23722964377683,16.84245533440563
2025-06-12 00:00:00-04:00,177.08112923486027,177.72967756706512,175.71421302887703,176.57228088378906,17345900,0.0,0.0,171.27177047729492,167.66494750976562,163.13747482299806,3.704601888877761,179.9684270065968,162.57511394799303,55.44813803482869,113.08292651990082,13.972833054871751
2025-06-13 00:00:00-04:00,173.18990706767596,177.9422034337723,173.17993502198036,175.4847412109375,20873200,0.0,0.0,171.80449981689452,168.10680033365887,163.3004348754883,3.5725506585275753,180.13743901175633,163.4715606220327,54.68263086071931,92.27735585447714,10.209837558443871
2025-06-16 00:00:00-04:00,175.50966990257425,177.84440733292834,175.4248694572838,177.54010009765625,18132500,0.0,0.0,172.33884658813477,168.516845703125,163.5180803934733,3.5923391424242084,180.7054565493321,163.97223662693744,55.87366969719005,102.10365368928426,10.209837558410575
2025-06-17 00:00:00-04:00,176.6022167130365,178.31335883126377,175.5446013539514,176.83169555664062,17656100,0.0,0.0,172.81584854125975,168.89530436197916,163.7039878845215,3.5103936989866895,181.05774047271524,164.57395660980427,55.354947769623976,94.88228858813703,10.793082624598473
2025-06-18 00:00:00-04:00,176.88159135832956,177.42437514186437,172.45156708667707,173.58900451660156,32531800,0.0,0.0,173.25777587890624,169.19390970865885,163.77472864786785,3.147510733566861,180.57470597615782,165.94084578165467,53.02392366567783,62.21131792465816,6.091096791779923
2025-06-20 00:00:00-04:00,174.47201728620755,174.9708935959476,165.89633230381628,167.35304260253906,55402600,0.0,0.0,173.15172271728517,169.6965586344401,163.69403457641602,2.329875998471522,180.75543004477538,165.54801538979495,48.92523980708928,-5.135743875282801,2.939909378871102
2025-06-23 00:00:00-04:00,166.9439859151216,168.10136745461892,162.96294723657724,165.6369171142578,36975600,0.0,0.0,172.86419448852538,170.04400939941405,163.67858022054037,1.5258287910157264,181.15285562770185,164.57553334934892,47.87177285653961,-64.62038907685437,6.619646516746429
2025-06-24 00:00:00-04:00,167.30815279619202,168.86963814911823,166.53490057245736,167.363037109375,27310300,0.0,0.0,172.7820602416992,170.4945063273112,163.7427190144857,1.0161850948586562,181.26205581965345,164.30206466374497,49.01408133400928,-46.332547269088465,5.535610831120836
2025-06-25 00:00:00-04:00,168.27097004201798,172.97039149075704,168.18218077858864,171.10459899902344,23627400,0.0,0.0,172.6682601928711,170.89698537190756,164.00242335001627,0.9037833173302658,181.17547893741184,164.16104144833034,51.40207608773186,-3.8927845555403153,0.07430267335804984
2025-06-26 00:00:00-04:00,172.9953446508002,174.25750119449495,170.4760251986993,174.03799438476562,25909100,0.0,0.0,172.73102569580078,171.35372823079427,164.3081942240397,1.0394227723477911,181.26029357148948,164.20175782011208,53.18056126770753,27.393755742932694,1.7697241282579523
2025-06-27 00:00:00-04:00,174.23755046310885,178.43808060164764,172.32186719851077,177.86936950683594,74053100,0.0,0.0,173.00628738403321,171.7415303548177,164.63380661010743,1.439484488753493,181.83575406393524,164.1768207041312,55.38656152067053,81.89042169223588,7.0677157642059925
2025-06-30 00:00:00-04:00,180.3787228966327,181.17193445464187,175.10559630004255,176.99134826660156,43964600,0.0,0.0,173.2431297302246,172.14690348307292,164.9451171875,1.666477193397327,182.24021909397322,164.246040366476,54.77472810970011,104.39246555575885,10.339096482854336
2025-07-01 00:00:00-04:00,176.40766091669954,176.82173681784994,174.26749231134937,176.51243591308594,25778500,0.0,0.0,173.5795997619629,172.46887919108073,165.35192159016927,1.78712545295582,182.53508086511803,164.62411865880776,54.43542745549378,64.76857982609484,9.1208973765103
2025-07-02 00:00:00-04:00,176.14823183617747,179.53061255840478,175.6942525739284,179.3560028076172,19325900,0.0,0.0,174.19078979492187,172.87102406819662,165.88733825683593,2.088121585758188,182.9601128742259,165.42146671561784,56.105536686147964,103.8021992407474,12.356268794709582
2025-07-03 00:00:00-04:00,179.41588617215984,180.36374813071492,177.78954450492,180.1442413330078,13287400,0.0,0.0,174.75768127441407,173.38415018717447,166.41097819010417,2.3630279358680752,183.52730130759704,165.9880612412311,56.56210296509308,120.93292804656551,13.33787947920869
2025-07-07 00:00:00-04:00,179.73017509426768,179.9347162223865,176.2430343191759,177.1609649658203,20991400,0.0,0.0,175.15448074340821,173.6403788248698,166.9290776570638,2.3134991502711557,183.58151196997915,166.72744951683728,54.34878888526335,82.73327601928072,10.951648166561174
2025-07-08 00:00:00-04:00,178.37823270878434,178.38820475531284,173.52915380869814,174.76637268066406,24108600,0.0,0.0,175.17693099975585,173.7530085245768,167.16676534016926,2.057308276696773,183.5969616502865,166.75690034922522,52.638450879046275,36.56603557437859,6.867112190881042
2025-07-09 00:00:00-04:00,175.71422251124224,179.874849298989,173.48923833027638,177.2607421875,31288000,0.0,0.0,175.17842712402344,174.0281758626302,167.54053217569987,2.032124866017739,183.6000048889019,166.75684935914498,54.19186466886055,58.47285190199787,8.770313921358177
2025-07-10 00:00:00-04:00,176.27294907092534,179.1863848203811,175.34504646565358,178.2983856201172,24693700,0.0,0.0,175.11307373046876,174.19210205078124,167.8646578470866,2.0720111301558575,183.40935412056365,166.81679334037386,54.82943397280218,68.69605594902323,8.770313921310265
2025-07-11 00:00:00-04:00,177.5101740042785,182.19960831898155,177.1419999954269,180.90252685546875,23975700,0.0,0.0,175.23879013061523,174.46276346842447,168.19780502319335,2.2873861521136973,183.81549671400765,166.6620835472228,56.40473570425254,108.55804403328496,12.642469692132082
2025-07-14 00:00:00-04:00,181.66084266240972,184.314853292282,180.3048879643518,182.399169921875,20990400,0.0,0.0,175.53013458251954,174.7972646077474,168.60223617553712,2.5494505176103814,184.67464359937364,166.38562556566544,57.29028322103476,139.58919004254446,15.254544675383576
2025-07-15 00:00:00-04:00,183.52663093866997,184.9933286005737,181.98011123519012,182.6885223388672,23911600,0.0,0.0,175.89032363891602,175.1450653076172,169.06430689493814,2.748800278627243,185.5786285375459,166.20201874028612,57.46309390390808,145.9644040099007,16.087095353497702
2025-07-16 00:00:00-04:00,183.9057768934897,184.918495230525,182.66855811901667,183.3570098876953,21152600,0.0,0.0,176.18116912841796,175.5975311279297,169.57306315104168,2.9269872715968006,186.4120641892309,165.95027406760502,57.87049269874643,147.45291015003082,16.08709535344348
2025-07-17 00:00:00-04:00,182.70348267884268,184.77081716458488,181.09210666215927,184.284912109375,21654400,0.0,0.0,176.5538299560547,176.1692881266276,170.1554163614909,3.1072571752642375,187.40845021035415,165.69920970175525,58.44202446431103,138.18724735954453,13.318943895299737
2025-07-18 00:00:00-04:00,186.20058972034252,186.93893214253,184.31483787096195,185.52212524414065,21033400,0.0,0.0,177.15048599243164,176.72647857666016,170.69128901163737,3.311779005979133,188.6137304223195,165.6872415625438,59.20537239132387,172.16996969348392,16.16318012634533
2025-07-21 00:00:00-04:00,186.67952714980223,190.83016660863177,186.6296364723373,190.7204132080078,24665000,0.0,0.0,178.31885452270507,177.4429931640625,171.2503522237142,3.848954078375016,190.32788356701934,166.3098254783908,62.221514241733004,220.91139495596843,20.9773499596842
2025-07-22 00:00:00-04:00,191.9875693282541,192.92545928566776,188.07138700477577,191.6782684326172,26212900,0.0,0.0,179.62092208862305,178.02168986002604,171.76309509277343,4.302365117931799,191.48652476765736,167.75531940958874,62.74653712603131,216.29874763518598,23.426665415269746
2025-07-23 00:00:00-04:00,191.92768562090615,192.92543819426825,189.75257709423897,191.07958984375,34068100,0.0,0.0,180.8067497253418,178.48331553141276,172.2263298034668,4.560814049322431,192.24708540156456,169.36641404911904,62.18773820439097,191.2886973776311,23.426665415156002
2025-07-24 00:00:00-04:00,197.66477724976377,198.52284513405064,191.51861729833644,192.76580810546875,45252100,0.0,0.0,181.88981018066406,178.9219940185547,172.7414192199707,4.845840577138006,193.56175613714683,170.21786422418128,63.144086944628945,201.62057160933222,29.659522194949844
2025-07-25 00:00:00-04:00,192.49641987213175,194.83615115662784,191.69822989683496,193.6438446044922,31101800,0.0,0.0,182.8701026916504,179.4305155436198,173.2771219889323,5.0839715025322505,195.0477342758675,170.6924711074333,63.63946406892483,165.42017538559384,29.659522194809835
2025-07-28 00:00:00-04:00,193.97310167641388,194.38218392804671,191.4238356687972,192.98532104492188,25553500,0.0,0.0,183.6259002685547,179.9776168823242,173.82128219604493,5.160072524769646,196.36031768260833,170.89148285450105,62.98266607457627,141.94936289549014,29.1082094285065
2025-07-29 00:00:00-04:00,192.8655852885559,196.2180347146009,192.55628441099617,195.9885406494141,31891600,0.0,0.0,184.5757598876953,180.66107686360678,174.38393859863282,5.400464661356494,198.03961808703187,171.11190168835876,64.70137420946475,145.3632631113773,31.134859349611023
2025-07-30 00:00:00-04:00,195.8588546649248,198.03394820551867,195.12051219888497,196.9962921142578,21150500,0.0,0.0,185.5999526977539,181.3096165974935,174.91323115030926,5.607652752329642,199.58740216755982,171.612503227948,65.26126154428502,145.60703201673638,33.09208683945167
2025-07-31 00:00:00-04:00,196.15817506043504,196.38765390471343,191.64832886600271,192.42657470703125,27852000,0.0,0.0,186.25348129272462,181.8294459025065,175.36237513224285,5.34153886801613,200.23395935865926,172.27300322678997,60.7417712324536,105.66295750085933,26.00820292343378
2025-08-01 00:00:00-04:00,189.3535009380722,191.1873677921112,188.275926225009,189.5231170654297,21236700,0.0,0.0,186.7224250793457,182.36058298746744,175.77724634806316,4.840557991596967,200.46728006104632,172.97757009764507,58.09729705908839,66.566270333944,19.611556125276426
2025-08-04 00:00:00-04:00,190.74537359845337,195.63934932604175,190.49094179060697,195.31008911132812,23386000,0.0,0.0,187.6298812866211,183.29248453776043,176.49452158610026,4.854527348586998,201.11072033113237,174.14904224210983,61.54889243786848,97.0688505128369,24.8231982874778
2025-08-05 00:00:00-04:00,195.1055582304392,198.25346691547367,194.23751821619155,194.88107299804688,19010200,0.0,0.0,188.63561630249023,184.2672897338867,177.1556495666504,4.775926244900489,201.0335084877006,176.23772411727987,61.16251774587453,107.23693617202169,27.671496569586175
2025-08-06 00:00:00-04:00,194.81120243241776,196.93642042170137,194.0299573673704,196.4774475097656,15383700,0.0,0.0,189.59645156860353,185.2377700805664,177.8661382039388,4.787263788589172,201.2380664674398,177.95483666976725,62.078852870071934,100.14749446019329,27.275410376082956
2025-08-07 00:00:00-04:00,197.2656809558061,197.92418612692944,194.7812714038729,196.83663940429688,14660600,0.0,0.0,190.5233642578125,186.0955047607422,178.49624506632486,4.770244251286925,201.2970639199991,179.7496645956259,62.28597246095177,99.68845649553845,28.369432015004545
2025-08-08 00:00:00-04:00,197.5350696511723,202.97281866623575,197.45524761050837,201.6358337402344,24379900,0.0,0.0,191.56002960205078,187.01543273925782,179.18458048502603,5.085389811523356,202.42550206164782,180.69455714245373,64.93325465164936,128.88056323087045,33.64716249201302
2025-08-11 00:00:00-04:00,201.1020209983049,201.7056722919867,199.350975511727,201.17686462402344,16690200,0.0,0.0,192.4989143371582,187.79234924316407,179.76693979899088,5.237732645041916,203.27617998736963,181.72164868694676,64.4854409458198,120.83572281968712,33.647162491893425
2025-08-12 00:00:00-04:00,201.6408254507789,204.66900843391733,200.94738004290977,203.70118713378903,19854000,0.0,0.0,193.5495475769043,188.68267720540365,180.41479034423827,5.498770761597115,204.39662267442168,182.70247247938693,65.82637046294225,133.34925041946107,36.5821999926354
2025-08-13 00:00:00-04:00,204.5193451985097,204.9683308708392,198.19359670298405,202.57373046875,19573000,0.0,0.0,194.51038360595703,189.55138702392577,181.01013310750326,5.550684187195969,204.95285121248017,184.0679159994339,64.69770132559822,116.8901033066476,31.01118118995982
2025-08-14 00:00:00-04:00,202.10477564460837,204.9583488508943,201.87030316137432,203.36195373535156,17777100,0.0,0.0,195.46423568725587,190.3515853881836,181.6113047281901,5.590979648038541,205.44904221576962,185.4794291587421,65.13010564182926,123.60036692137243,31.011181189813104
2025-08-15 00:00:00-04:00,204.25991797412192,206.86405292627092,201.63084529622404,204.44949340820312,21111400,0.0,0.0,196.41060409545898,191.16176045735676,182.27295532226563,5.645590599546779,206.00813392759596,186.813074263322,65.72924767548199,125.21596679669524,33.03404568013103
2025-08-18 00:00:00-04:00,204.60914793219283,205.67673537541967,202.9528748413574,203.8308868408203,13000200,0.0,0.0,197.0661277770996,192.0507578531901,182.84556833902994,5.574692210315646,206.816947957617,187.31530759658222,65.07134505553196,117.71133454787318,33.03404567998781
2025-08-19 00:00:00-04:00,203.44677131463808,203.8309006388751,200.47845082212916,202.0349578857422,13476600,0.0,0.0,197.58396224975587,192.95971069335937,183.3563596089681,5.312350795438078,207.2294688766717,187.93845562284005,63.172332865895,94.88345433592046,27.826026854286123
2025-08-20 00:00:00-04:00,201.22675406060665,201.71565835672976,197.0162517394249,199.7401123046875,13971700,0.0,0.0,198.01698837280273,193.70902303059896,183.86859944661458,4.863208434917823,207.19948810270031,188.83448864290514,60.82586904235352,65.28019621636909,20.971253516545076
2025-08-21 00:00:00-04:00,200.2689097710961,202.9029761139909,199.9496216206861,200.16912841796875,11768900,0.0,0.0,198.38715438842775,194.43804779052735,184.3150749206543,4.49011860098372,207.27035303136498,189.50395574549052,61.10526566413508,77.76100725732678,22.446662701410936
2025-08-22 00:00:00-04:00,203.5016402542967,208.7597858372632,201.675751050388,206.25543212890625,25723700,0.0,0.0,199.01773376464843,195.28314463297525,184.87295405069986,4.632159413435119,208.26619293665797,189.76927459263888,64.790652111521,123.52739777378403,29.192332609293764
2025-08-25 00:00:00-04:00,206.53480719693073,210.61561205240125,205.4871638256699,208.68995666503903,22788800,0.0,0.0,199.8029655456543,196.15950419108074,185.47838439941407,4.884863894295819,209.54831909040868,190.05761200089992,66.11906006656079,145.79815089075262,31.155218562167164
2025-08-26 00:00:00-04:00,207.90172031277964,207.9915296242752,205.98603700100233,207.482666015625,23051000,0.0,0.0,200.37767181396484,196.98597564697266,186.0655204772949,4.930875684825509,210.5233352978164,190.23200833011327,64.86362107209027,123.82865491554438,31.155218562037003
2025-08-27 00:00:00-04:00,205.9960135952439,209.0990248670544,205.92616360375612,207.74208068847656,15249000,0.0,0.0,200.9149612426758,197.79881134033204,186.69817123413085,4.931426540940066,211.43777862155795,190.39214386379362,65.01129464156188,120.02319386586379,32.35282879353172
2025-08-28 00:00:00-04:00,207.3729123132075,212.4215384126683,207.13346141489168,211.89273071289065,20915700,0.0,0.0,201.88826904296874,198.7190719604492,187.4441800435384,5.206765515160413,212.70227712828995,191.07426095764754,67.28697524931701,145.00285068705273,35.81785744904124
2025-08-29 00:00:00-04:00,210.795194485,214.8560396198268,210.49586566234413,213.05010986328125,24682200,0.0,0.0,203.06461868286132,199.6366714477539,188.18157501220702,5.455477116473503,213.31918787440176,192.81004949132088,67.88941612811666,162.42750790556246,38.21666298498632
2025-09-02 00:00:00-04:00,208.5203225057444,211.89172636742532,206.49488593452472,211.5135803222656,28900100,0.0,0.0,203.8747932434082,200.32977701822918,188.88638509114583,5.465593796663711,214.11009301513832,193.63949347167807,66.21471707221417,120.52906747401472,29.958827443315588
2025-09-03 00:00:00-04:00,225.971030074367,231.2790818128663,224.61408577632568,230.5806579589844,72250300,0.0,0.0,205.65977249145507,201.62652333577475,189.8241065979004,6.932254439665911,220.64193490137808,190.67761008153207,74.34027480330934,302.3452935714756,46.10100076529829
2025-09-04 00:00:00-04:00,229.63775552529555,232.24688413567327,226.25038108084857,232.1371307373047,32196000,0.0,0.0,207.44275665283203,202.99510803222657,190.73921178181965,8.126510556075914,225.90674385969646,188.9787694459676,74.85104576879571,271.53456362162154,46.73493240008587
2025-09-05 00:00:00-04:00,232.13714101756528,235.599344017748,231.85777148652727,234.64149475097656,26127700,0.0,0.0,209.332999420166,204.39096425374348,191.6564791361491,9.169349821521081,230.73238794382056,187.93361089651145,75.65756980741153,259.6493647067165,48.88908071635021
2025-09-08 00:00:00-04:00,235.4703704393718,238.07683308861863,233.41316529056112,233.84259033203125,23128800,0.21,0.0,210.94333724975587,205.73092244466145,192.58071899414062,9.818164849956617,234.6289785465392,187.25769595297254,74.86525401254576,226.95205309950546,50.421911837501646
2025-09-09 00:00:00-04:00,233.87254064230376,240.26385887562813,233.06364109506632,239.61474609375,22854800,0.0,0.0,212.8652313232422,207.28523661295574,193.63142674763998,10.675064664053707,239.293237912129,186.4372247343554,76.6898139778152,209.8254724264654,51.74351691283417
2025-09-10 00:00:00-04:00,238.9256826709429,241.7518482694581,237.78722861695667,239.2352600097656,19990100,0.0,0.0,214.641934967041,208.72679392496744,194.6939353942871,11.194499364534948,243.17023289811536,186.11363703596666,76.31305505181436,190.9792102774675,52.63223497087884
2025-09-11 00:00:00-04:00,239.81448143259584,242.24119540855665,236.2593095720754,240.45361328125,21308600,0.0,0.0,216.53592910766602,210.1753712972005,195.74249394734701,11.57108180549156,246.6749399180979,186.39691829723415,76.6933377653365,165.41373485935503,49.70360593253295
2025-09-12 00:00:00-04:00,240.47359503906435,242.09439613538615,238.17670967591036,241.0528106689453,14536600,0.0,0.0,218.42047195434571,211.79624582926434,196.8128458658854,11.782060070154131,249.77986134675905,187.06108256193238,76.88216499762709,148.26577140863265,49.703605932279984
2025-09-15 00:00:00-04:00,244.80771003204495,252.40739522173703,244.64792325626271,251.41873168945312,29935200,0.0,0.0,220.7689338684082,213.85943298339845,198.11000798543293,12.639999019088066,254.65603784720506,186.88182988961134,79.80962029925183,168.149557669874,55.8259343366276
2025-09-16 00:00:00-04:00,251.9879479343738,252.886721815731,249.37648729442697,251.0791778564453,24493500,0.0,0.0,223.13134841918946,215.71840260823566,199.50544357299805,13.14104092095775,258.59753254952363,187.66516428885532,79.46861372749302,153.4775651514773,56.082963616404
2025-09-17 00:00:00-04:00,251.11914019611265,251.60846622440928,246.24575040208808,249.5113220214844,20491300,0.0,0.0,225.50516662597656,217.53941090901694,200.90335032145182,13.258768544750978,261.37902042621045,189.63131282574267,77.87915419109807,129.41700180381278,50.17875061358471
2025-09-18 00:00:00-04:00,251.5185814653528,253.7954894988705,249.77095374956744,251.98794555664065,21166400,0.0,0.0,228.11755828857423,219.38976084391277,202.3137654622396,13.397473619817958,263.6997576748073,192.53535890234116,78.5792627378946,126.55213114418666,51.50443050457263
2025-09-19 00:00:00-04:00,253.05649509989237,256.3520400389092,251.7262999738622,254.89401245117188,41616800,0.0,0.0,230.8538024902344,221.32500661214192,203.71025568644205,13.585290925262484,265.7975601774392,195.9100448030296,79.3717545949736,123.71089682461422,53.01623659220768
2025-09-22 00:00:00-04:00,254.4346345672764,255.96255937363452,250.4700148378594,252.53721618652344,20079000,0.0,0.0,233.16789169311522,223.02171936035157,205.0185760498047,13.38961656596345,267.37486200311395,198.9609213831165,76.98234170238409,109.21725944040524,50.629193427765145
2025-09-23 00:00:00-04:00,253.31115997003903,254.42465403168023,250.74963448508717,251.99794006347656,17521100,0.0,0.0,235.33329086303712,224.71575520833332,206.2540522257487,13.040703043124694,268.48264104032376,202.18394068575046,76.43765722719901,99.4568570536452,50.62919342752614
2025-09-24 00:00:00-04:00,251.8082005786909,252.61711541084665,246.88489058620985,247.4940643310547,16958500,0.0,0.0,237.3338607788086,226.1755177815755,207.4290974934896,12.259442212751566,268.15374068833614,206.51398086928106,72.03422581148735,81.97615651962622,43.27117951268565
2025-09-25 00:00:00-04:00,244.5080977205706,246.9797487713338,241.3224195620241,246.2357635498047,17379800,0.0,0.0,239.258544921875,227.63091888427735,208.59115295410157,11.407257258111656,266.94605296125997,211.57103688249003,70.85452258095702,63.42887647333197,33.557369414018005
2025-09-26 00:00:00-04:00,247.44911578332088,249.78094201324313,246.3056636348811,246.8449249267578,16594600,0.0,0.0,241.00615463256835,229.08035125732422,209.7159683227539,10.658187819354566,265.6677530015514,216.34455626358533,71.09162105833263,69.73342153384579,35.82410706142705
2025-09-29 00:00:00-04:00,247.93844920495468,251.30687809276412,242.8703315773225,244.0287628173828,23157200,0.0,0.0,242.55508728027343,230.3996602376302,210.78071034749348,9.725198115656212,263.4232722627108,221.68690229783607,68.42937193176155,60.54914496477315,30.189305100303997
2025-09-30 00:00:00-04:00,242.73050738714113,243.3446791838211,239.24623863215143,243.2198486328125,22541200,0.0,0.0,244.1404006958008,231.7126256306966,211.88169174194337,8.818866041161499,259.0445704910983,229.23623090050327,67.67630260885267,41.84610508869445,24.550325452229625
2025-10-01 00:00:00-04:00,240.8530628773219,246.81497150595615,238.87575111870152,245.2071533203125,23967700,0.0,0.0,244.8717254638672,233.15169881184895,213.05570475260416,8.166808339165243,258.34069515727356,231.40275577046086,68.55576781000899,45.60838193427208,27.654367016299854
2025-10-02 00:00:00-04:00,245.3070248460228,247.29931566997493,242.7754574796697,246.095947265625,20657500,0.0,0.0,245.5696662902832,234.69689331054687,214.2029581705729,7.633768820826532,257.63352117812275,233.50581140244367,68.94666785765767,50.29186330218517,28.08155762675824
2025-10-03 00:00:00-04:00,244.89757357559975,246.78301477995933,242.14132038642188,246.1159210205078,19941400,0.0,0.0,246.14338760375978,236.22845306396485,215.3332504272461,7.130744098063758,257.0553719687408,235.23140323877874,68.95563985894351,45.663815321134884,27.065335124543417
2025-10-06 00:00:00-04:00,245.44682387467415,251.85811921064592,245.35694953418547,251.16905212402344,18309000,0.0,0.0,247.00971069335938,237.72557373046874,216.504359181722,7.0584731457743715,256.4634934467131,237.5559279400057,71.13802441989145,65.35911088204583,31.5609710007098
2025-10-07 00:00:00-04:00,248.5925459182787,251.20900463703433,246.4754246431322,246.7949981689453,13811200,0.0,0.0,247.36872329711915,238.99574178059896,217.57762298583984,6.572484783367344,256.16237338288374,238.57507321135452,66.92509310953477,56.14511603580172,31.560971000522095
2025-10-08 00:00:00-04:00,245.86626070065884,246.9248213802435,244.75776475092104,245.1272735595703,14136500,0.0,0.0,247.66332397460937,240.2505620320638,218.61826883951824,5.9837866983021115,255.66916946258402,239.65747848663472,65.39750174551196,38.08586038594438,28.687982845869826
2025-10-09 00:00:00-04:00,244.72781094114117,245.2221350767108,239.35509882598436,241.88168334960935,19375700,0.0,0.0,247.73472747802734,241.3885487874349,219.59368006388345,5.1954572223332605,255.4914208894046,239.97803406665008,62.52434091580292,9.00902264528573,20.150560583387012
2025-10-10 00:00:00-04:00,241.83174330747613,244.5081031151831,236.3641588566611,237.16807556152344,22449100,0.0,0.0,247.54049072265624,242.23106028238934,220.47506612141927,4.142598382312826,256.14943897261,238.93154247270243,58.65291130529958,-22.72044081147109,15.752687505723303
2025-10-13 00:00:00-04:00,240.703273016208,244.6579117832554,240.42365378640827,244.30838012695312,12465000,0.0,0.0,247.18497314453126,243.27300262451172,221.4548370361328,3.8400968247548803,255.70639362530883,238.66355266375368,62.30999570111549,1.9905197807946111,15.912166158303311
2025-10-14 00:00:00-04:00,241.427306790227,247.68879685496785,240.85107781843712,245.85629272460935,17705400,0.0,0.0,246.92382888793946,244.41775970458986,222.3737683614095,3.6828125999882673,255.26088653075837,238.58677124512056,63.04305493116875,9.015840069335216,19.11667363059842
2025-10-15 00:00:00-04:00,247.74871874685488,252.41736942916336,246.4554607554471,251.36880493164065,16048100,0.0,0.0,247.01670303344727,245.1106979370117,223.36861063639324,3.9573594079259067,255.5149529751255,238.51845309176903,65.5141008691769,74.45613105713208,23.80317599578202
2025-10-16 00:00:00-04:00,252.122772700916,257.23082941743115,250.33020770413577,251.53857421875,18946000,0.0,0.0,246.99423446655274,245.75741271972657,224.37626037597656,4.140904919578929,255.43935348538264,238.54911544772284,65.5874061027408,111.7381860103177,28.18500604407763
2025-10-17 00:00:00-04:00,251.0092889664076,254.53450266096655,248.25302052802704,253.4459686279297,17653800,0.0,0.0,246.9218322753906,246.384228515625,225.38759638468426,4.389675402437291,255.10247318886906,238.74119136191217,66.41709695357804,91.79524678827725,24.976603149911885
2025-10-20 00:00:00-04:00,254.8840333781692,257.5304504658622,254.25489770036705,256.6716003417969,13726800,0.0,0.0,247.1285514831543,247.14519551595052,226.43805898030598,4.7918716108833905,256.0793467033356,238.177756262973,67.77626243251297,145.42307687214898,27.67749382440692
2025-10-21 00:00:00-04:00,254.9040016408632,255.03383029849985,244.33834129177995,250.99929809570312,27836400,0.0,0.0,247.07861938476563,247.5246805826823,227.40495859781902,4.599883029654109,255.92557974891682,238.23165902061444,63.12846521999643,46.94818579987392,13.665818491365146
2025-10-22 00:00:00-04:00,254.6643170882145,256.8313737278801,250.1115065245809,252.18768310546875,19650200,0.0,0.0,247.31330032348632,247.95642801920573,228.34161097208658,4.491844249929812,256.4509010248327,238.17569962213992,63.66844144937312,90.50992593013001,15.406638074088743
2025-10-23 00:00:00-04:00,253.35610450636665,255.5131802656665,252.4253762515009,253.3860626220703,13241300,0.0,0.0,247.67081527709962,248.38750966389975,229.28144048055012,4.451606600473838,257.1827558487925,238.1588747054067,64.21513416686614,98.1628120340373,15.40663807402929
2025-10-24 00:00:00-04:00,256.95118990988885,262.15414913586386,255.75283492503297,260.1568603515625,18406000,0.0,0.0,248.33641204833984,249.024311319987,230.41027857462566,4.909471433589175,259.349558826816,237.32326526986364,67.10793858485907,184.0149917988166,21.652530868001524
2025-10-27 00:00:00-04:00,265.0002744998441,270.43290270240664,264.5808609008827,269.5640869140625,22987700,0.0,0.0,249.61317825317383,249.62915649414063,231.74429473876953,5.9626830778124145,263.94444960972646,235.2819068966212,70.53181504673208,283.56240890769305,28.463983784676795
2025-10-28 00:00:00-04:00,269.83375183368696,271.0121450108063,266.80786026547077,268.0661315917969,20101200,0.0,0.0,250.85549240112306,250.195388285319,232.95689544677734,6.600403080167723,267.04093285813696,234.6700519441092,69.34279587921995,246.4777874610712,28.911319749480274
2025-10-29 00:00:00-04:00,268.24586167015235,275.595900411786,268.0661129897522,274.7969970703125,26287900,0.0,0.0,252.33498458862306,251.03824412027996,234.28882751464843,7.561758127818649,271.4846129320624,233.1853562451837,71.57055145202958,250.43128657129984,32.37320210398507
2025-10-30 00:00:00-04:00,291.3245481932234,291.53425498576104,280.06983667597433,281.5178527832031,48570000,0.0,0.0,254.10607986450196,252.02257436116537,235.70616760253907,8.764919283242193,277.01019533866685,231.20196439033708,73.5554915699413,305.55174882089466,42.453553482294616
2025-10-31 00:00:00-04:00,282.82109013084,285.8969321261184,277.14681597378535,281.43798828125,29932800,0.0,0.0,255.87218322753907,252.9073735555013,237.1161900838216,9.601310834677577,281.4709128811618,230.27345357391636,73.49241414432515,233.47825226396574,38.53585770502104
2025-11-03 00:00:00-05:00,282.03718595995247,285.552403539531,279.98994650105004,283.73486328125,19691800,0.0,0.0,257.5004737854004,253.94729512532552,238.48450724283853,10.330413208768789,285.8361829067961,229.1647646640047,74.15188345669529,203.95203636295548,38.5358577048124
2025-11-04 00:00:00-05:00,276.6894285938104,281.4519764379777,276.4896875121595,277.6830749511719,18123700,0.0,0.0,259.04487762451174,254.8034662882487,239.759610748291,10.301158014460555,288.2766572721035,229.81309797692,69.44295357128215,148.68247669272347,33.81965850159009
2025-11-05 00:00:00-05:00,279.00129772833924,286.31138258460743,277.5033310189176,284.364013671875,20063200,0.0,0.0,261.00671463012696,256.0324645996094,241.10399119059244,10.693797540634591,291.5431237183985,230.47030554185545,71.50919814175707,151.87083997395473,36.90451185305005
2025-11-06 00:00:00-05:00,285.34767015683235,288.41851416951283,281.2382578122001,284.9532165527344,23103800,0.0,0.0,263.1602912902832,257.3230463663737,242.47698262532552,10.926556401601545,294.09027542850293,232.2303071520635,71.68388276725567,143.94651644319856,38.1967674606707
2025-11-07 00:00:00-05:00,283.8247275130803,284.114342933768,275.3662078945626,279.32086181640625,21991100,0.0,0.0,265.26793060302737,258.40557759602865,243.74296442667642,10.535093519955694,294.43488921986255,236.10097198619215,67.58603896820198,105.18237823536512,30.492070169787176
2025-11-10 00:00:00-05:00,284.87834220037746,291.0649218088883,283.15567431675817,290.19610595703125,19508200,0.0,0.0,267.56231689453125,259.94448903401695,245.17207463582358,10.975874629371845,297.00523761374416,238.11939617531834,70.90789837468581,131.64068386578415,34.933948347004815
2025-11-11 00:00:00-05:00,287.8093336403647,291.9437056858744,287.4897601121121,291.3445129394531,14156700,0.0,0.0,269.83672790527345,261.5486445109049,246.6306350708008,11.28774557546808,299.24739178513676,240.42606402541014,71.22998251006092,127.34695153012764,35.47328040727891
2025-11-12 00:00:00-05:00,291.6890325661738,291.9636536729535,283.9944910972563,287.04034423828125,16998800,0.0,0.0,271.6203048706055,262.94308420817055,248.04739151000976,11.060101143108454,300.63923249399926,242.60137724721173,68.29827467262237,106.10719082306574,31.00528832574235
2025-11-13 00:00:00-05:00,282.6013892882789,283.1257020133516,277.62316125903163,278.74163818359375,18060200,0.0,0.0,272.98045806884767,264.0312739054362,249.36408360799155,10.093701163044102,300.5500958675989,245.41082027009645,63.116868397476594,67.61652625241041,23.334897991465443
2025-11-14 00:00:00-05:00,271.5264242058176,278.77159463198814,271.04209627178807,276.60455322265625,18330500,0.0,0.0,274.138387298584,265.0475616455078,250.63800735473632,9.051042536046623,300.15508313486333,248.12169146230465,61.866527837418836,45.57697261383355,16.073014941102134
2025-11-17 00:00:00-05:00,286.01176347439497,294.12075150639083,283.8447220914702,285.2128601074219,34286100,0.0,0.0,275.56545028686526,266.1823552449544,251.9539644877116,8.81770151098948,300.6629457441181,250.46795482961247,64.77430831350712,91.78474944232528,26.51269511093761
2025-11-18 00:00:00-05:00,288.09391536915274,289.0426397405046,278.6317840514575,284.5736999511719,29702200,0.0,0.0,277.24417037963866,267.441645304362,253.21869354248048,8.48341070668846,299.7841513590118,254.70418940026556,64.3971383980305,71.9383373321023,21.215277314070548
2025-11-19 00:00:00-05:00,287.2950328562193,303.8375809941279,287.28006903674975,292.59283447265625,43123600,0.0,0.0,279.26442794799806,269.0238306681315,254.63719635009767,8.764527950540355,299.47055598764405,259.05829990835207,66.89874910924544,110.47323828362813,29.84050400075438
2025-11-20 00:00:00-05:00,304.3269167525351,306.47402681961586,288.7780449689889,289.5869445800781,34801400,0.0,0.0,281.07447204589846,270.61400604248047,256.00127741495766,8.645109754713928,297.6858537757762,264.4630903160207,65.12436694872535,106.31057081286609,31.22842999523452
2025-11-21 00:00:00-05:00,296.46757456498995,303.5479600958327,293.9609672298312,299.2438049316406,43670600,0.0,0.0,283.02881927490233,272.6831970214844,257.45712865193684,9.223376555205732,298.4314453724029,267.6261931774018,67.94956700438185,118.97482364184556,31.228429994896107
2025-11-24 00:00:00-05:00,310.5884204886871,319.3664832709761,308.9805870747885,318.0382995605469,55311800,0.0,0.0,285.45252990722656,275.14086100260414,259.20693181355796,11.070600810259293,306.24610917208696,264.65895064236616,72.44387837585911,183.78487795462618,38.97930282712884
2025-11-25 00:00:00-05:00,326.3569834859101,328.2244741468647,317.385183737123,323.2012939453125,50899300,0.0,0.0,288.2092880249023,277.7190277099609,261.0683937072754,12.803558387672751,313.44276408639007,262.97581196341457,73.4998958262259,205.43425123585152,42.71906772114341
2025-11-26 00:00:00-05:00,320.3451779573829,324.54946272266824,316.77004409635146,319.8458557128906,29839600,0.0,0.0,290.46173095703125,280.00159606933596,262.5561470031738,13.747708899724614,318.5367146721431,262.3867472419194,71.65376336049097,182.8817972661846,42.093458755391914
2025-11-28 00:00:00-05:00,322.99154562739795,326.4368809408099,316.5103533311448,319.68603515625,19695800,0.0,0.0,292.3701400756836,282.27317810058594,264.0152954101562,14.318009696389595,322.961500628435,261.7787795229322,71.56519377036994,172.3399993107353,42.888089450842536
2025-12-01 00:00:00-05:00,317.0446592749507,319.19673688920335,313.55440172776275,314.6928405761719,28520600,0.0,0.0,294.0328826904297,284.31474049886066,265.34948450724283,14.203340841845773,325.7178305428327,262.3479348380267,68.81600723056451,139.61532306567818,39.780408324421956
2025-12-02 00:00:00-05:00,316.4704257774636,318.16813356335206,313.79406591782276,315.59161376953125,24668200,0.0,0.0,295.62572021484374,286.2787409464518,266.7119682312012,14.023336143974348,328.3178492413287,262.9335911883588,69.0374866828933,128.00297785181203,39.78040832428951
2025-12-03 00:00:00-05:00,315.60161969536335,321.6034828847526,313.8539918226923,320.1853942871094,32285100,0.0,0.0,297.75083618164064,288.584944152832,268.05481236775717,14.088952149677084,331.0520117271369,264.44966063614436,70.15813929144953,128.2306727876043,41.36642196082834
2025-12-04 00:00:00-05:00,322.6070929951429,322.66100540787016,315.1621819405985,317.9584045410156,20831600,0.0,0.0,299.43055572509763,290.77730153401694,269.36686477661135,13.802151238221029,333.27325388050065,265.5878575696946,68.90738556587017,116.8707096624893,41.85409664407969
2025-12-05 00:00:00-05:00,319.5662181425578,323.39101290641935,319.5462562253593,321.65338134765625,15719900,0.0,0.0,301.26556396484375,293.05287882486977,270.72019424438474,13.714916181191484,335.7763542283919,266.7547737012956,69.83054758143851,117.98450896083008,42.19741107266821
2025-12-08 00:00:00-05:00,320.8039919213927,321.00386331874694,311.6904173301635,314.2286376953125,22006900,0.21,0.0,303.0109527587891,294.8552714029948,271.9397913614909,12.897987042520526,336.36004175206455,269.6618637655136,65.77125972787681,86.14998986772072,33.42728024645709
2025-12-09 00:00:00-05:00,312.87958582006485,318.4846459049336,312.3999127582196,317.52630615234375,14151300,0.0,0.0,304.37746276855466,296.4540120442708,273.0415842692057,12.374019109450046,337.7553515816379,270.9995739554714,66.66168370781472,80.89277639994809,33.42728024629189
2025-12-10 00:00:00-05:00,316.3970959564073,321.6433999782248,315.1779536114936,320.7740173339844,22764500,0.0,0.0,305.84893798828125,298.2109415690104,274.2031649271647,12.081565135244261,339.4019780940503,272.2958978825122,67.52244537985271,86.37722857512104,35.14837586649554
2025-12-11 00:00:00-05:00,320.87394053769606,321.76329808879126,309.6618385878626,313.4791564941406,25912100,0.0,0.0,307.1708786010742,299.50034688313804,275.269295501709,11.132826653867653,339.67055429996293,274.6712029021855,63.70082800173434,63.627460501971285,29.11810793926027
2025-12-12 00:00:00-05:00,314.5734065176645,315.9174608950193,306.7439001819645,310.3013916015625,21264800,0.0,0.0,308.74886627197264,300.4597981770833,276.24118626912434,10.00914629493252,338.37412175538384,279.12361078856145,62.116539386223906,43.499970554993055,26.04057841217524
2025-12-15 00:00:00-05:00,312.40489971781204,312.47985911330255,305.52473726955543,309.10223388671875,22028900,0.0,0.0,310.3737503051758,301.38193969726564,277.14465662638344,8.91904629521025,335.8499638406704,284.8975367696812,61.519259182152574,32.17227682813727,24.755341752880224
2025-12-16 00:00:00-05:00,305.784573653889,311.625459948919,303.61608793224536,307.51336669921875,21285200,0.0,0.0,311.4887756347656,302.1745564778646,278.06092580159503,7.8365905506106515,334.1216519811283,288.8558992884029,60.71900116352107,23.13065710562121,22.728564453689017
2025-12-17 00:00:00-05:00,308.7924619197888,308.9773292372283,297.2406027790044,297.85015869140625,29120400,0.0,0.0,312.15259857177733,302.84679260253904,278.8251294453939,6.12835261275859,332.07851948881046,292.2266776547442,56.125575100500384,-8.277809008201986,16.205041413679727
2025-12-18 00:00:00-05:00,302.846646642826,305.0451100653827,300.41836465524796,303.5361633300781,21040500,0.0,0.0,312.69976501464845,303.4858642578125,279.75916442871096,5.173735195443612,330.88953543765706,294.50999459163984,58.05701239029975,-3.9448134029683497,16.20504141357916
2025-12-19 00:00:00-05:00,303.05649361491436,308.77246808062773,302.1271556335122,308.3927307128906,45234400,0.0,0.0,313.6400543212891,304.2671813964844,280.795113881429,4.754274101926114,328.4247334440944,298.8553751984838,59.6273808568422,9.89975159210608,18.902040848025813
2025-12-22 00:00:00-05:00,311.00590276398736,311.4805744617787,306.37415605916556,311.1108093261719,14091400,0.0,0.0,314.2334045410156,305.32684631347655,281.8662119547526,4.588283515165074,327.455322498247,301.0114865837842,60.48396767581565,22.93658728499929,20.817530780109
2025-12-23 00:00:00-05:00,310.9159802898749,316.07732233157225,310.5312415592812,315.457763671875,13961400,0.0,0.0,314.10437774658203,306.168901570638,283.05669530232746,4.752711367756888,327.2198941870019,300.98886130616216,61.824017683698116,44.3138720317375,23.970782832105396
2025-12-24 00:00:00-05:00,315.9274269904115,316.0673430697277,313.0994327046168,315.4477844238281,6138200,0.0,0.0,313.7167022705078,306.97234395345055,284.26049423217773,4.826578590111353,326.140149341088,301.29325519992767,61.81903909877767,46.406084512986794,23.970782832041643
2025-12-26 00:00:00-05:00,315.697596822516,316.3371303864859,313.4991334861664,314.7382507324219,6730900,0.0,0.0,313.46132202148436,307.89560750325523,285.4193458557129,4.772847047170217,325.56001559346805,301.3626284495007,61.45503637270025,43.45624545492721,24.160472041406994
2025-12-29 00:00:00-05:00,312.5997990474494,314.7482794651283,311.6804332591459,314.168701171875,12317700,0.0,0.0,313.1854553222656,309.0765096028646,286.5538917541504,4.630924112147966,324.9330518705782,301.43785877395305,61.156014253654995,31.054270232380382,22.037144495095852
2025-12-30 00:00:00-05:00,313.18937063635735,317.47635911952403,313.0294796129375,314.32855224609375,11052500,0.0,0.0,313.16724090576173,310.33397623697914,287.6907689412435,4.479708518126358,324.90612314537213,301.4283586661513,61.21081214114688,37.02268857584757,24.05256617305778
2025-12-31 00:00:00-05:00,313.1493810861174,315.16797851359684,311.9802218497337,313.5790710449219,10821500,0.0,0.0,313.0666137695313,311.2795166015625,288.73093592325847,4.2503962786356055,324.7523761007063,301.3808514383563,60.79482958664136,20.630118822716884,22.789610203136757
2026-01-02 00:00:00-05:00,317.3664134053808,322.6866704398477,310.4312967164081,315.0980224609375,22043700,0.0,0.0,312.81224517822267,312.2969940185547,289.86931966145835,4.14346804123943,324.0587788065065,301.56571154993884,61.34557712545133,40.72098822653674,28.207670789182473
2026-01-05 00:00:00-05:00,317.4713546577956,319.02525264134,315.0270622120786,317.09661865234375,19934000,0.0,0.0,312.76915588378904,313.11378682454426,291.0688087463379,4.1719055224657495,323.9390141002021,301.599297667376,62.070825950448715,49.57572057492322,28.207670789073585
2026-01-06 00:00:00-05:00,317.08661903192046,321.33362713520853,312.1201165712904,314.32855224609375,18989900,0.0,0.0,312.4029144287109,313.9385070800781,292.2762565612793,3.925828103298784,322.79984543928737,302.00598341813446,60.44591522924667,30.7118794981445,24.590296353471803
2026-01-07 00:00:00-05:00,314.34855098419695,326.23516596134203,314.2785929449241,322.2030029296875,24681800,0.0,0.0,312.8016326904297,314.703813680013,293.6935053507487,4.31645493081021,324.06859204973335,301.53467333112604,63.275150260797695,108.8235351436265,28.12750726235075
2026-01-08 00:00:00-05:00,329.03320030352205,330.3072965587092,321.7632977668038,325.7804870605469,21789600,0.0,0.0,313.21434173583987,314.9618865966797,295.0513737996419,4.858694570429748,325.7439472577158,300.68473621396396,64.46957501231438,178.52710296153688,30.912633394773742
2026-01-09 00:00:00-05:00,327.2594319079323,331.24664361980945,326.02031464702753,328.9082946777344,17917700,0.0,0.0,313.62105560302734,315.15211995442706,296.435573832194,5.477668176967995,327.62519378417045,299.61691742188424,65.48487366103416,211.33661537703335,31.545643860549415
2026-01-12 00:00:00-05:00,326.2701332040466,334.2045456211923,325.28083995553135,332.4957580566406,23893800,0.0,0.0,314.57188568115237,315.5737833658854,297.7876897176107,6.186374854174574,330.9213788974384,298.22239246486635,66.61673421921472,219.76626867471015,33.52955313179499
2026-01-13 00:00:00-05:00,335.0439614518862,340.9598071864901,334.1146234915264,336.1931457519531,24616700,0.0,0.0,315.86647338867186,316.1240203857422,299.19859924316404,6.966077681194122,334.7033117688007,297.02963500854304,67.74449773284095,271.16006788482474,37.78914998598187
2026-01-14 00:00:00-05:00,334.7491627620068,336.79273654204565,330.9068988397455,336.0732421875,17839300,0.0,0.0,317.21502380371095,316.8367004394531,300.5757204691569,7.488005507122637,337.7940759304534,296.6359716769685,67.66780897675378,200.8356771651656,33.58408428365037
2026-01-15 00:00:00-05:00,337.8170192662028,337.89197866848025,331.0567973378674,332.92547607421875,16424900,0.0,0.0,318.4856292724609,317.41449584960935,301.8466183980306,7.560486073874699,339.6716225619384,297.29963598298343,65.6495222913326,167.61548389118923,34.294931352057425
2026-01-16 00:00:00-05:00,334.699218946803,335.00399692197004,327.9389970491494,330.1074523925781,21868600,0.0,0.0,320.0984939575195,317.74523111979164,303.16508763631185,7.306313847308843,339.5067800722639,300.6902078427751,63.884850027779166,123.95338328108743,30.20596918131591
2026-01-20 00:00:00-05:00,321.01383130033213,327.85901487201596,320.66410210372305,321.9331970214844,27169900,0.0,0.0,321.01834564208986,317.877724202474,304.32751286824544,6.371835875555405,338.7969268072478,303.2397644769319,59.11650106765446,50.711715691646106,21.291690438376744
2026-01-21 00:00:00-05:00,320.8689590122254,332.49077668571255,319.3150610092894,328.1488342285156,22791700,0.0,0.0,322.0061508178711,318.0942392985026,305.5735590616862,6.0629158073572285,339.0095114021402,305.002790233602,61.38375865719916,75.64457203124428,24.687663116979476
2026-01-22 00:00:00-05:00,334.029693291732,334.97400483813163,328.6484745534308,330.6070861816406,19902100,0.0,0.0,322.98096466064453,318.6401875813802,306.7477294921875,5.947891228165133,339.5850552812585,306.37687404003054,62.24048709462334,106.33057303158336,26.44774652025907
2026-01-23 00:00:00-05:00,332.4208233773452,333.79485543404394,327.73912386384455,328.19879150390625,19110600,0.0,0.0,323.6180160522461,318.995937093099,307.7249745686849,5.597875344498334,339.9827126158626,307.2533194886296,60.87182575372696,86.26200555791624,25.33809085797564
2026-01-26 00:00:00-05:00,327.96897375638883,336.1132304137125,327.2594516081396,333.35516357421875,18502500,0.0,0.0,324.5133850097656,319.4153086344401,308.81312510172523,5.671187448721639,340.95525255827044,308.0715174612608,62.68908463413547,95.70693674421857,27.027032655233068
2026-01-27 00:00:00-05:00,335.39372151591886,337.97689313821826,333.51504015566695,334.76416015625,16080900,0.0,0.0,325.51468048095705,320.1248087565104,309.81257781982424,5.776395377962103,341.88901584773924,309.14034511417486,63.17257466386348,109.18077460034037,28.374414442776676
2026-01-28 00:00:00-05:00,336.3730282034612,337.3923296902988,331.89620142426776,336.04327392578125,17538500,0.0,0.0,326.60840911865233,320.982871500651,310.72133483886716,5.8950329408571065,342.7117580062481,310.5050602310566,63.61535895503764,99.12929332423897,26.279240179089534
2026-01-29 00:00:00-05:00,340.110413087966,342.0490498439696,326.4900031924115,338.4216003417969,24548300,0.0,0.0,327.8130615234375,321.96018371582034,311.67106170654296,6.110526780404541,343.65100809000694,311.9751149568681,64.43778192275232,95.79165489375961,19.53918279515095
2026-01-30 00:00:00-05:00,334.2245448121359,340.0504577998832,332.40584919738757,338.29168701171875,21740200,0.0,0.0,329.04869232177737,322.986127726237,312.5803421020508,6.199361895822619,344.04449564454023,314.0528889990145,64.35558247997925,98.1654709556015,19.539182794998396
2026-02-02 00:00:00-05:00,336.31306806137826,344.9220241320709,335.77347016017904,344.6571960449219,22775200,0.0,0.0,330.5266510009766,324.5463623046875,313.69657745361326,6.706103953048682,345.55973044817176,315.4935715537814,66.52035288935531,125.56186504352672,23.477786851307048
2026-02-03 00:00:00-05:00,348.269675588024,349.9035038834414,338.35164404867646,340.4601745605469,25786500,0.0,0.0,331.69482879638673,325.77716267903645,314.6315134684245,6.691896113625546,345.9443743337483,317.44528325902513,63.87442131002297,127.60831800107712,27.245111688212617
2026-02-04 00:00:00-05:00,343.5129922654913,344.0076388930214,329.1381099272902,333.1053161621094,36991100,0.0,0.0,332.6336669921875,326.6009155273438,315.4340484619141,6.017791340257702,344.30692859684405,320.96040538753095,59.5783736640462,69.11412831634175,16.290870376645124
2026-02-05 00:00:00-05:00,312.9795292869652,332.4098415688309,306.7039514285333,331.09674072265625,51842000,0.0,0.0,333.07835388183594,327.2671132405599,316.29697977701824,5.260839515921873,343.7096620085835,322.44704575508837,58.46742706868185,-28.986265632150687,4.432414706910172
2026-02-06 00:00:00-05:00,327.11956678967005,330.4072593202418,319.9246230593204,322.87255859375,33877000,0.0,0.0,332.9329574584961,327.51427307128904,316.8415873209635,3.9517733923736955,344.05282094904817,321.81309396794404,54.187544634800524,-24.76015820873994,4.432414706869473
2026-02-09 00:00:00-05:00,321.01385169802745,327.5092759897379,317.47636565634593,324.171630859375,26103300,0.0,0.0,332.6961242675781,327.80506795247396,317.38870595296225,2.9847470273943486,344.3651125275291,321.0271360076271,54.72904821255081,-40.21222217841407,6.3807862420382175
2026-02-10 00:00:00-05:00,320.6840944247819,321.40358879021477,314.4384942026548,318.40570068359375,25281900,0.0,0.0,331.99162139892576,327.9273162841797,317.91146189371744,1.7331308353693657,345.2980083659673,318.6852344318842,51.91168886070317,-86.90250868618078,8.768281899395333
2026-02-11 00:00:00-05:00,318.7354426626187,320.81899677354073,309.9116724274341,311.1108093261719,24008100,0.0,0.0,330.73750457763674,327.8253865559896,318.45094807942706,0.15084042466804704,346.81582612498033,314.65918303029315,48.63492386477905,-124.79624920039207,12.219121581977639
2026-02-12 00:00:00-05:00,312.1301041486662,316.25720140820505,307.9330488517572,309.1521911621094,28194000,0.0,0.0,329.3914520263672,327.65284118652346,318.99340871175133,-1.2468078181675537,347.9111571674985,310.87174688523584,47.796942311755025,-146.66523938077293,13.69519161212561
2026-02-13 00:00:00-05:00,307.76817850318747,308.6725707022854,303.68606268869297,305.8045654296875,20236000,0.0,0.0,328.0354064941406,327.39369099934896,319.33660380045575,-2.5946698011160265,349.2422932930735,306.8285196952077,46.383872561976595,-183.0321854199158,16.801630253870886
2026-02-17 00:00:00-05:00,300.4283536382017,304.6753614906176,296.69096599073265,302.6068115234375,23750800,0.0,0.0,326.6603744506836,326.97731730143227,319.6371556599935,-3.8762096173022655,350.681124393647,302.6396245077202,45.06726576632914,-205.61705824323505,21.609235707141575
2026-02-18 00:00:00-05:00,302.2191096500804,305.6946581383781,301.7674319832104,303.7260437011719,15847700,0.0,0.0,325.750016784668,326.53163146972656,319.8227091471354,-4.746808221306367,351.81792539209977,299.6821081772362,45.62609360011318,-172.34361302462895,20.5591031056339
2026-02-19 00:00:00-05:00,302.30700660872435,305.81454523079384,300.4583334565555,303.3462829589844,13448600,0.0,0.0,324.50988922119143,326.1655558268229,320.0520314534505,-5.405100768306795,352.39389696668127,296.6258814757016,45.46375371287524,-164.07413391283376,21.460181282790522
2026-02-20 00:00:00-05:00,304.58541819197296,316.5370206854778,304.205711316736,314.6783142089844,33663100,0.0,0.0,323.7134506225586,325.91473286946615,320.3092732747396,-4.955280746517303,351.773565546671,295.65333569844614,50.860854248305394,-96.02095904026748,10.810307143831809
2026-02-23 00:00:00-05:00,318.9153486533042,319.2300988453611,309.77176561057126,311.4705810546875,17641200,0.0,0.0,322.87704010009764,325.43773600260414,320.1998112996419,-4.802274761737067,351.3681676445244,294.38591255567087,49.42844877082779,-77.80002920087627,8.342081392949213
2026-02-24 00:00:00-05:00,310.4213396831998,312.1501023326058,305.8745243569723,310.7011413574219,15040700,0.0,0.0,321.7443389892578,324.83083089192706,319.99147542317706,-4.689051304933457,350.2827225937587,293.2059553847569,49.085416941028186,-95.30041795023907,11.299826730673049
2026-02-25 00:00:00-05:00,311.900268311591,313.4391927184779,309.14220154269384,312.80963134765625,20209100,0.0,0.0,320.6466125488281,324.17462666829425,319.8742050170898,-4.378708354599269,348.76216377945275,292.53106131820346,50.06775005960169,-75.37616527839806,10.084297248206543
2026-02-26 00:00:00-05:00,312.5847948204166,312.7796648699896,302.19712331874405,306.93377685546875,22380000,0.0,0.0,319.1911376953125,323.1993143717448,319.6616673787435,-4.554391491411138,346.96244659296195,291.419828797663,47.4296615295999,-95.4163197561292,15.243258764859421
2026-02-27 00:00:00-05:00,303.72603691045066,311.8602907129145,303.37728357287466,311.21075439453125,33389200,0.0,0.0,317.8305953979492,322.3705647786458,319.6036326090495,-4.29894968390073,344.26928677070214,291.39190402519625,49.43581207721033,-79.51966910673038,15.243258764748933
2026-03-02 00:00:00-05:00,302.75171857799813,307.92309383959207,300.84806085749403,306.1443176269531,21854400,0.0,0.0,316.2232269287109,321.4778594970703,319.44617767333983,-4.453986532023919,341.29789881023237,291.14855504718946,47.22727570684455,-94.7074505789456,17.097018064933234
2026-03-03 00:00:00-05:00,298.20991751853006,303.72602030789244,296.4901208549964,303.3462829589844,20361100,0.0,0.0,314.1576812744141,320.5858205159505,319.16552581787107,-4.747901511536497,335.9630720450544,292.35229050377376,46.05188034723573,-107.87671819846314,20.207713092350936
2026-03-04 00:00:00-05:00,302.4719130675056,305.24495342097674,300.58823031296424,303.23638916015625,20015600,0.0,0.0,312.2964920043945,319.9625935872396,318.9201588948568,-4.93283609753928,330.7451663258324,293.84781768295665,46.00536000903912,-90.35470806591765,18.60312314048949
2026-03-05 00:00:00-05:00,302.9865469194204,303.15641015461176,297.8601537711846,300.6981506347656,22643900,0.0,0.0,310.67613372802737,319.0475708007813,318.5709050496419,-5.223993776945406,326.9997212198282,294.35254623622654,44.92111233443257,-96.86712663892199,20.573008729011057
2026-03-06 00:00:00-05:00,295.863567933826,300.11856607791526,295.0421556163293,298.0899963378906,17598000,0.0,0.0,309.0257965087891,317.9636678059896,318.3019276936849,-5.600633967946578,323.18742049752467,294.8641725200535,43.823247858475256,-105.29151658640018,22.575268309559036
2026-03-09 00:00:00-04:00,294.135009765625,306.5,293.92999267578125,306.010009765625,19632700,0.21,0.0,308.1826690673828,317.2240417480469,318.1099894205729,-5.200101605202917,320.79648724875824,295.56885088600734,47.8286506369723,-77.42338676431744,15.740282222917644
2026-03-10 00:00:00-04:00,305.875,309.1499938964844,305.30999755859375,306.92999267578125,14386400,0.0,0.0,307.3205871582031,316.34320271809895,317.8792556762695,-4.753644831243605,317.44428045014706,297.1968938662592,48.27184442051345,-47.78434152870755,13.032656869107416
2026-03-11 00:00:00-04:00,306.29998779296875,311.0690002441406,305.8399963378906,308.4200134277344,13376700,0.0,0.0,306.82130279541013,315.4650644938151,317.79493662516273,-4.230822115521505,315.52903482997124,298.11357076084903,48.99776088651026,-37.70790914763965,11.085873339691428
2026-03-12 00:00:00-04:00,306.2099914550781,308.6400146484375,300.8399963378906,303.2099914550781,15610200,0.0,0.0,306.42626190185547,314.37062174479166,317.67674662272134,-4.188602970076261,315.0308799251209,297.82164387859,46.63073810044402,-60.478014051207936,15.030393535681625
2026-03-13 00:00:00-04:00,306.6549987792969,307.260009765625,299.7799987792969,301.4599914550781,16857500,0.0,0.0,306.0416519165039,313.13856811523436,317.5493759155273,-4.247393064441667,314.8191596409688,297.264144192039,45.86091546782316,-67.17253206532091,15.849122553386586
2026-03-16 00:00:00-04:00,303.6000061035156,305.57000732421875,301.80999755859375,304.4200134277344,14822000,0.0,0.0,305.97242431640626,312.00951232910154,317.49782002766926,-4.008923230989637,314.77959485165667,297.16525378115585,47.38090944130388,-57.63340712067587,15.849122553325333
2026-03-17 00:00:00-04:00,304.6700134277344,310.04998779296875,304.3500061035156,309.4100036621094,14423600,0.0,0.0,306.31258392333984,310.83460591634116,317.6904841105143,-3.378340257525906,315.0979201760507,297.527247670629,49.83698976617353,-21.98734502310519,11.01117618414541
2026-03-18 00:00:00-04:00,307.9049987792969,310.75,305.5450134277344,306.29998779296875,13848400,0.0,0.0,306.4412811279297,309.69593302408856,317.7365478515625,-3.0938865982760717,315.14208376519315,297.74047849066625,48.38099377452851,-18.51720071825798,10.266845366407821
2026-03-19 00:00:00-04:00,303.2099914550781,306.67999267578125,301.0,305.7300109863281,15399700,0.0,0.0,306.5604675292969,308.7834228515625,317.6921691894531,-2.8812343130884415,315.1473194689965,297.9736155895973,48.11449077200604,-47.733820087395856,14.133844962377543
2026-03-20 00:00:00-04:00,304.07000732421875,304.3699951171875,296.75,298.7900085449219,34763500,0.0,0.0,305.76605224609375,307.70653177897134,317.4868225097656,-3.235410246650872,314.1275594116996,297.4045450804879,44.99275860624693,-102.61424356096421,17.570081697677693
2026-03-23 00:00:00-04:00,300.5299987792969,303.3699951171875,298.0299987792969,299.0199890136719,22204100,0.0,0.0,305.14352264404295,306.9114461263021,317.21285959879555,-3.457681721346205,313.57044901111766,296.71659627696823,45.114834331590146,-97.35155756518668,17.5700816975863
2026-03-24 00:00:00-04:00,296.2099914550781,297.1000061035156,288.8550109863281,289.20001220703125,27411200,0.0,0.0,304.06846618652344,305.7457255045573,316.7753967285156,-4.375782232006543,314.70609195582114,293.43084041722574,41.08712631834177,-215.27621583163432,24.546073822268298
2026-03-25 00:00:00-04:00,292.1499938964844,294.6600036621094,287.3699951171875,289.5899963378906,22343000,0.0,0.0,302.90748443603513,304.7852020263672,316.35625915527345,-5.014115439526449,314.54920783730546,291.2657610347648,41.30241370456525,-220.18899399707115,25.600317608826483
2026-03-26 00:00:00-04:00,286.19000244140625,286.5150146484375,279.04998779296875,280.739990234375,29281200,0.0,0.0,301.5977951049805,303.77284138997396,315.7991139729818,-6.163076525590043,316.7089428441538,286.4866473658072,38.03910223067462,-304.67623769425444,31.173826556459506
2026-03-27 00:00:00-04:00,277.3999938964844,279.0899963378906,273.4800109863281,273.760009765625,25703300,0.0,0.0,299.72525787353516,302.5931020100912,315.1229715983073,-7.549832781117459,318.62695719068876,280.82355855638156,35.73545334821375,-321.617903151361,34.56849576187364
2026-03-30 00:00:00-04:00,275.44000244140625,276.260009765625,271.5350036621094,273.1400146484375,22752300,0.0,0.0,298.0750427246094,301.50428365071616,314.44898732503253,-8.59974304444171,320.1188233468464,276.03126210237235,35.53769600737458,-275.6067173246219,35.71388248610382
2026-03-31 00:00:00-04:00,277.5400085449219,287.04998779296875,276.760009765625,286.8599853515625,31625100,0.0,0.0,297.25072784423827,300.97938944498696,313.97835337320964,-8.229848943441425,319.693923471883,274.80753221659353,42.785813379872636,-153.34615277340478,23.32482354081439
2026-04-01 00:00:00-04:00,289.9800109863281,297.9849853515625,289.4700012207031,294.8999938964844,24403600,0.0,0.0,296.8339080810547,300.6851877848307,313.60840962727866,-7.204890217496541,319.11811975334405,274.5496964087653,46.43681771056244,-54.79733380234066,12.552925839543997
2026-04-02 00:00:00-04:00,288.989990234375,295.8999938964844,287.57000732421875,294.4599914550781,13433400,0.0,0.0,296.5220001220703,300.38897806803385,313.27726694742836,-6.354852775486734,318.7530419801227,274.29095826401795,46.269659867101886,-62.37374554076891,13.904619691954943
2026-04-06 00:00:00-04:00,294.70001220703125,298.42498779296875,293.7900085449219,297.6600036621094,10121700,0.0,0.0,296.50050048828126,299.8217010498047,312.8682169596354,-5.36117742092398,318.72598846558014,274.2750125109824,47.68642707950348,-25.166738241483113,11.534481910283501
2026-04-07 00:00:00-04:00,300.1400146484375,304.1000061035156,295.42498779296875,303.92999267578125,17317700,0.0,0.0,296.39649963378906,299.5703481038411,312.50404205322263,-4.021390741233802,318.45345349181457,274.33954577576355,50.34053945449926,17.380289970838394,6.387495389148846
2026-04-08 00:00:00-04:00,317.8299865722656,319.3900146484375,312.7049865722656,314.739990234375,20887500,0.0,0.0,296.78699951171876,299.70497639973956,312.2679036458333,-2.0635365203780793,319.8813056350283,273.6926933884092,54.46121514017478,140.3829428329912,5.73663339696329
2026-04-09 00:00:00-04:00,313.19000244140625,317.42999267578125,309.4700012207031,316.3699951171875,14606800,0.0,0.0,297.1844985961914,299.8236551920573,311.99914093017577,-0.37606018551883835,321.36976913068617,272.99922806169667,55.04311627421718,128.37770474955093,3.1634331184045665
2026-04-10 00:00:00-04:00,318.2250061035156,319.5,314.5400085449219,315.7200012207031,11997600,0.0,0.0,297.8099990844727,300.1165293375651,311.65792185465494,0.898470879229933,323.26517331832844,272.3548248506169,54.754493126558565,140.5562449402264,4.6986508592664
2026-04-13 00:00:00-04:00,315.4200134277344,319.42999267578125,313.69000244140625,319.2099914550781,12212800,0.0,0.0,298.69749908447267,300.38317057291664,311.3768676757812,2.1651998987498473,325.8683894935977,271.52660867534763,56.03497564340737,141.79522486490475,3.9982766295421714
2026-04-14 00:00:00-04:00,322.06500244140625,330.6400146484375,321.1499938964844,330.5799865722656,18557500,0.0,0.0,300.00549774169923,301.19769287109375,311.33777618408203,4.039984924545365,330.63486354426993,269.3761319391285,59.86322318347906,202.26141755489456,12.026994181957846
2026-04-15 00:00:00-04:00,330.55999755859375,335.0,328.6600036621094,334.4700012207031,15104100,0.0,0.0,301.2584976196289,302.2351501464844,311.41048533121744,5.773108436089046,335.361153264135,267.15584197512277,61.06318474894673,211.1311229680615,14.89081221601679
2026-04-16 00:00:00-04:00,335.8500061035156,337.3800048828125,331.6499938964844,332.7699890136719,13949600,0.0,0.0,302.5819976806641,303.2196034749349,311.59109853108725,6.929564818235178,339.4508470282312,265.71314833309697,60.24885981116719,192.39525499081708,16.427117224435044
2026-04-17 00:00:00-04:00,334.42999267578125,339.9849853515625,333.2900085449219,339.3999938964844,19683800,0.0,0.0,304.2654968261719,304.50966491699216,311.7786178588867,8.285540267055637,344.6471073311414,263.8838863212024,62.27838136899589,188.13895246025675,18.101016767055206
2026-04-20 00:00:00-04:00,338.55999755859375,339.1600036621094,334.6300048828125,335.3999938964844,12897300,0.0,0.0,306.09599609375,305.7533315022786,311.8584996541341,8.934403763800333,348.69094292195234,263.50104926554764,60.355165972476556,160.71722935876522,18.101016766986522
2026-04-21 00:00:00-04:00,335.5849914550781,337.1700134277344,329.6300048828125,330.4700012207031,14623800,0.0,0.0,307.6684967041016,306.56866455078125,311.89635314941404,8.947680264164205,351.46859809548346,263.8683953127197,58.068813911486956,126.42409968991221,13.43420704747345
2026-04-22 00:00:00-04:00,334.885009765625,338.0299987792969,332.9599914550781,337.7300109863281,12954200,0.0,0.0,310.0949966430664,307.5953318277995,311.9692672729492,9.435260292599878,354.95145512600203,265.23853816013076,60.35659165412315,130.41879076074963,14.038592885268638
2026-04-23 00:00:00-04:00,339.57501220703125,340.1600036621094,335.05999755859375,337.75,13442100,0.0,0.0,312.50299682617185,308.572998046875,312.01903127034507,9.711337668760052,357.89221128063696,267.11378237170675,60.36275132633253,123.04844311491841,15.549312811567582
2026-04-24 00:00:00-04:00,337.7200012207031,343.69000244140625,334.04998779296875,342.32000732421875,18260900,0.0,0.0,315.5819976806641,309.876665242513,312.12364349365237,10.181526081429979,360.2478196520893,270.91617570923887,61.76771675693592,119.8376781873317,18.019380477198236
2026-04-27 00:00:00-04:00,343.8800048828125,350.8999938964844,340.80999755859375,348.5199890136719,17443000,0.0,0.0,319.3199966430664,311.44533182779946,312.29194997151694,10.928463963091474,361.7037055884633,276.9362876976695,63.5794943165882,131.8710643073214,22.790909305909313
2026-04-28 00:00:00-04:00,346.9200134277344,349.8999938964844,344.2799987792969,347.5,18502300,0.0,0.0,323.03799591064455,312.88133138020834,312.44542185465497,11.30776416030443,361.20066906248303,284.8753227588061,63.07082969902803,121.7832611474937,22.790909305802344
2026-04-29 00:00:00-04:00,345.4800109863281,353.3999938964844,342.42999267578125,347.30999755859375,22232200,0.0,0.0,326.0604965209961,314.14466451009116,312.48963521321616,11.46091638034136,361.647076256799,290.4739167851932,62.97374273741558,113.27417429190139,25.05689845889377
2026-04-30 00:00:00-04:00,371.2550048828125,382.6300048828125,363.0899963378906,381.94000244140625,44570500,0.0,0.0,330.41249694824216,316.66599833170574,313.1809656778971,14.212806214265981,370.90464362246433,289.92035027402,71.30269105255914,184.09207901001338,40.215584762046994
2026-05-01 00:00:00-04:00,377.9800109863281,383.3900146484375,375.260009765625,383.2200012207031,28047900,0.0,0.0,334.8504974365234,319.2489980061849,314.0162104288737,16.30898412108229,378.11297446960987,291.588020403437,71.54741828090488,176.15100524421143,40.53908524988831
2026-05-04 00:00:00-04:00,382.3200073242187,384.1799926757813,376.7699890136719,379.6400146484375,18275000,0.0,0.0,338.94949798583986,321.9439982096354,314.8252649943034,17.47984840560281,382.9045732098566,294.9944227618231,69.82457985896993,157.722435322833,40.88305325361417
2026-05-05 00:00:00-04:00,381.8699951171875,388.9599914550781,380.3500061035156,384.2699890136719,15432500,0.0,0.0,342.96649780273435,324.78566487630206,315.8485555013021,18.56733435103672,388.1144101156535,297.8185854898152,70.76636922915515,154.2531238352636,42.94884680793196
2026-05-06 00:00:00-04:00,389.5899963378906,396.3800048828125,387.1000061035156,395.1400146484375,23097300,0.0,0.0,346.9864990234375,328.31699829101564,317.03136189778644,20.07488425235755,395.72688186705074,298.24611617982424,72.8261758861726,162.2040176716393,45.98014393135964
2026-05-07 00:00:00-04:00,397.05999755859375,397.3550109863281,390.30999755859375,395.2999877929687,15153600,0.0,0.0,350.93299865722656,331.8406646728516,318.31293334960935,21.04000087315717,401.96352423230513,299.902473082148,72.85529435985919,154.1419224134491,46.36750678038821
2026-05-08 00:00:00-04:00,394.2699890136719,398.3699951171875,393.6700134277344,397.0499877929687,13762500,0.0,0.0,354.99949798583987,335.71766459147136,319.74525299072263,21.69597542366222,407.1644937708049,302.83450220087485,73.18051825860822,149.11182824764686,46.778492648601144
2026-05-11 00:00:00-04:00,390.69000244140625,394.3299865722656,386.2300109863281,386.7699890136719,16314900,0.0,0.0,358.3774978637695,339.4846638997396,321.0388829549154,21.142611132704758,409.5241289486763,307.2308667788627,68.21403126523127,122.39276820670983,38.717873396042414
2026-05-12 00:00:00-04:00,385.0,386.44000244140625,379.7200012207031,383.8200073242187,17103900,0.0,0.0,361.0394989013672,343.1739969889323,322.3391403198242,20.232795999232337,411.63342312990454,310.4455746728299,66.86688598428978,99.68974102705823,32.148844489386235
2026-05-13 00:00:00-04:00,381.9049987792969,399.9299926757813,381.5799865722656,399.0400085449219,18160100,0.0,0.0,364.26799926757815,346.9133310953776,323.9463602701823,20.503535852445566,415.95211224119106,312.58388629396524,70.02625497072987,114.47634501301778,38.40186124535885
2026-05-14 00:00:00-04:00,393.7900085449219,399.10400390625,392.7279968261719,397.1700134277344,13805400,0.0,0.0,367.4880004882813,350.32233174641925,325.503759765625,20.332822043165265,418.93337369232705,316.0426272842355,69.18772958115676,110.7026242154143,38.401861245185806
2026-05-15 00:00:00-04:00,393.2149963378906,395.8800048828125,389.760009765625,393.3200073242187,15801900,0.0,0.0,370.18400115966796,353.61766560872394,327.0033218383789,19.660235841959604,421.0801050017842,319.2878973175517,67.46708386473397,94.17077025687345,35.46253081295549
2026-05-18 00:00:00-04:00,392.125,404.4700012207031,390.8999938964844,393.1099853515625,18592800,0.0,0.0,373.0695007324219,356.79933166503906,328.3105163574219,18.89247867975513,422.1743617184147,323.9646397464291,67.37253162573707,93.74011791134605,39.32086711171847
2026-05-19 00:00:00-04:00,393.2999877929687,393.3630065917969,383.0,384.8999938964844,25559400,0.0,0.0,375.79100036621094,359.4983317057292,329.53433990478516,17.420732539961875,420.8190080804199,330.76299265200197,63.759072883679444,67.33588672509062,31.823022313165392
2026-05-20 00:00:00-04:00,385.0400085449219,390.7000122070313,380.0,384.8999938964844,16488100,0.0,0.0,378.1494995117188,361.8369984944662,330.77098744710287,16.06912821345759,419.5812735125056,336.7177255109319,63.759072883679444,58.49280940889076,29.09377227450561
2026-05-21 00:00:00-04:00,382.010009765625,388.6799926757813,379.4800109863281,383.4700012207031,16837600,0.0,0.0,380.4354995727539,364.07366536458335,331.9486602783203,14.712981496749933,417.2722197024949,343.59877944301286,63.12797069861253,51.442822157441526,28.61630428917295
2026-05-22 00:00:00-04:00,383.260009765625,384.8699951171875,378.260009765625,379.3800048828125,13382800,0.0,0.0,382.2884994506836,366.19566548665364,333.1560974121094,13.156536566429338,414.48897316686316,350.0880257345041,61.33176722447315,40.34048433206637,27.471995838856426
2026-05-26 00:00:00-04:00,380.9949951171875,385.3900146484375,379.1400146484375,384.8399963378906,16150900,0.0,0.0,384.10449981689453,368.3833323160807,334.3832514444987,12.222722488475767,412.10967078104807,356.099328852741,62.79374885946187,43.082182995891124,27.755418782008594
2026-05-27 00:00:00-04:00,382.7650146484375,389.7250061035156,382.0,384.8299865722656,16893100,0.0,0.0,385.9709991455078,370.19166564941406,335.6946792602539,11.351012987539491,408.0537913640148,363.8882069270008,62.789246625417576,46.86515503355466,30.110642531467953
2026-05-28 00:00:00-04:00,383.8599853515625,390.0,381.25,386.1199951171875,20772300,0.0,0.0,387.9114990234375,371.9133321126302,337.07424112955727,10.641600094520072,400.44670832707544,375.37628971979956,63.141569169373824,45.0004362703103,29.355881708772458
2026-05-29 00:00:00-04:00,381.2000122070313,381.6499938964844,376.5899963378906,379.1199951171875,8682187,0.0,0.0,387.77049865722654,373.4583323160807,338.33896789550784,9.406115918000353,400.64731291507223,374.89368439938085,59.954980928348846,20.911138477585773,24.706100911269598
