Date,Open,High,Low,Close,Volume,Dividends,Stock Splits,Capital Gains
2016-05-31 00:00:00-04:00,178.88955273186752,179.0000035088857,177.7171151410786,178.27784729003906,109879400,0.0,0.0,0.0
2016-06-01 00:00:00-04:00,177.66615276960985,178.82159501256743,177.47075081370213,178.6431884765625,69936200,0.0,0.0,0.0
2016-06-02 00:00:00-04:00,178.2439056825398,179.20393314220095,177.768137567361,179.18695068359375,63044700,0.0,0.0,0.0
2016-06-03 00:00:00-04:00,178.62621622955234,179.00003773366728,177.44528718539402,178.65170288085938,101757100,0.0,0.0,0.0
2016-06-06 00:00:00-04:00,179.00850428840553,179.91757127208038,178.84708020990576,179.5607452392578,64887000,0.0,0.0,0.0
2016-06-07 00:00:00-04:00,179.7136464861615,180.40181183263633,179.68815984101101,179.84107971191406,60974800,0.0,0.0,0.0
2016-06-08 00:00:00-04:00,179.9770105373412,180.55473805490792,179.84957731625556,180.4272918701172,66170900,0.0,0.0,0.0
2016-06-09 00:00:00-04:00,179.69662084052692,180.29983492293235,179.42475901675084,180.18089294433594,73786900,0.0,0.0,0.0
2016-06-10 00:00:00-04:00,178.8045906899694,179.1444212642248,177.92950168203606,178.47325134277344,113829200,0.0,0.0,0.0
2016-06-13 00:00:00-04:00,177.87006868862602,178.72814946710477,177.01198791014727,177.09693908691406,117751200,0.0,0.0,0.0
2016-06-14 00:00:00-04:00,176.71463357084795,177.34333453029458,175.7970752639697,176.7486114501953,125059300,0.0,0.0,0.0
2016-06-15 00:00:00-04:00,176.74858776686733,177.87005209068462,176.31530180377783,176.50221252441406,109124500,0.0,0.0,0.0
2016-06-16 00:00:00-04:00,176.50223504979886,177.19890472720832,174.66711844773843,177.0289764404297,149533100,0.0,0.0,0.0
2016-06-17 00:00:00-04:00,176.9247897845939,176.95040897544104,175.71210030370545,176.36968994140625,117055700,1.078,0.0,0.0
2016-06-20 00:00:00-04:00,178.3338816172478,179.00854191906885,177.4200871876243,177.5054931640625,82789600,0.0,0.0,0.0
2016-06-21 00:00:00-04:00,177.88977784142367,178.41925836011498,177.44569026029347,178.00933837890625,72461700,0.0,0.0,0.0
2016-06-22 00:00:00-04:00,178.188718513434,178.91463034063102,177.57383186786404,177.71902465820312,95560500,0.0,0.0,0.0
2016-06-23 00:00:00-04:00,179.17934803869173,180.08459408836288,178.7181896283184,180.03335571289062,102731400,0.0,0.0,0.0
2016-06-24 00:00:00-04:00,173.90157441072643,180.06751041927396,173.12442435540223,173.56851196289062,333444400,0.0,0.0,0.0
2016-06-27 00:00:00-04:00,172.1593818753128,172.16793029087916,169.64859754960628,170.4599151611328,230775800,0.0,0.0,0.0
2016-06-28 00:00:00-04:00,172.06548362968255,173.5599972426327,171.75804030805926,173.5343780517578,159382400,0.0,0.0,0.0
2016-06-29 00:00:00-04:00,174.93492708863886,176.71979998221832,174.83245033872933,176.48922729492188,137328600,0.0,0.0,0.0
2016-06-30 00:00:00-04:00,176.95896414285914,178.94879087388307,176.40385124737338,178.89755249023438,165021900,0.0,0.0,0.0
2016-07-01 00:00:00-04:00,178.8975194598976,179.76007552914442,178.73525592088592,179.27328491210938,106055300,0.0,0.0,0.0
2016-07-05 00:00:00-04:00,178.4448925195293,178.55591768190934,177.38593139327895,177.98373413085938,109803700,0.0,0.0,0.0
2016-07-06 00:00:00-04:00,177.48841864598015,179.17081482705453,176.83082908015393,179.05125427246094,96021500,0.0,0.0,0.0
2016-07-07 00:00:00-04:00,179.23062137922298,179.89674645255874,178.1716599965484,178.9402618408203,85593800,0.0,0.0,0.0
2016-07-08 00:00:00-04:00,180.2383317956827,181.85240586419408,180.00774606271716,181.604736328125,133971000,0.0,0.0,0.0
2016-07-11 00:00:00-04:00,182.0659201807459,182.81745119494929,181.86095362292923,182.24525451660156,73633900,0.0,0.0,0.0
2016-07-12 00:00:00-04:00,183.21022710675732,183.86781652750716,182.27081364854325,183.56890869140625,101275600,0.0,0.0,0.0
2016-07-13 00:00:00-04:00,183.9874226176217,183.99595800349357,183.0565573437704,183.5433349609375,87324100,0.0,0.0,0.0
2016-07-14 00:00:00-04:00,184.80728215153275,185.03786790555398,184.175324721354,184.5681610107422,91230900,0.0,0.0,0.0
2016-07-15 00:00:00-04:00,185.13181569367885,185.32823384517283,183.87642314550487,184.3205108642578,107155400,0.0,0.0,0.0
2016-07-18 00:00:00-04:00,184.4400456808458,184.97807470667493,184.18384076230222,184.81581115722656,58725900,0.0,0.0,0.0
2016-07-19 00:00:00-04:00,184.39735919584626,184.66209952396133,184.14970267212968,184.62794494628906,54345700,0.0,0.0,0.0
2016-07-20 00:00:00-04:00,184.62798920894923,185.63571238092996,184.62798920894923,185.39659118652344,58159500,0.0,0.0,0.0
2016-07-21 00:00:00-04:00,185.28549535864153,185.50753264431123,184.25214042488253,184.69622802734375,67777300,0.0,0.0,0.0
2016-07-22 00:00:00-04:00,184.81583016905816,185.57589658587986,184.55108983740817,185.524658203125,62787500,0.0,0.0,0.0
2016-07-25 00:00:00-04:00,185.31965984273972,185.3708982167028,184.44003300671332,185.020751953125,55873100,0.0,0.0,0.0
2016-07-26 00:00:00-04:00,184.9182879161025,185.46485232781606,184.2606983324223,185.10617065429688,70080500,0.0,0.0,0.0
2016-07-27 00:00:00-04:00,185.4819278375684,185.55025001486825,184.14112954141405,184.9097442626953,84083900,0.0,0.0,0.0
2016-07-28 00:00:00-04:00,184.71335785254297,185.41365056613026,184.25219933298322,185.123291015625,65035700,0.0,0.0,0.0
2016-07-29 00:00:00-04:00,184.85852968617107,185.78084662065095,184.5767055551982,185.4221649169922,79519400,0.0,0.0,0.0
2016-08-01 00:00:00-04:00,185.48190398954972,185.87474016961207,184.81577913542557,185.26840209960938,73311400,0.0,0.0,0.0
2016-08-02 00:00:00-04:00,185.02072982864698,185.17445796327624,183.24440559843146,184.08132934570312,92295500,0.0,0.0,0.0
2016-08-03 00:00:00-04:00,184.02159717039504,184.67918682537842,183.72270225894798,184.61940002441406,53993600,0.0,0.0,0.0
2016-08-04 00:00:00-04:00,184.7304051740042,185.13178983912698,182.97115138106105,184.81581115722656,46585500,0.0,0.0,0.0
2016-08-05 00:00:00-04:00,184.81580834088703,186.37009556908544,184.81580834088703,186.327392578125,71892200,0.0,0.0,0.0
2016-08-08 00:00:00-04:00,186.51532561915502,186.6178154313276,185.9516902922763,186.2164306640625,39906500,0.0,0.0,0.0
2016-08-09 00:00:00-04:00,186.28470261828784,186.8227186047949,186.00287851529686,186.327392578125,51251700,0.0,0.0,0.0
2016-08-10 00:00:00-04:00,186.43839445774518,186.51525201319865,185.5160646989387,185.8662109375,57941100,0.0,0.0,0.0
2016-08-11 00:00:00-04:00,186.3956973170942,186.97642927134805,186.13095704148282,186.728759765625,72504300,0.0,0.0,0.0
2016-08-12 00:00:00-04:00,186.4213202966638,186.78001496957046,186.1651284319052,186.56651306152344,61313500,0.0,0.0,0.0
2016-08-15 00:00:00-04:00,186.9337390354792,187.45468423729244,186.92520364995283,187.1045379638672,49813500,0.0,0.0,0.0
2016-08-16 00:00:00-04:00,186.68610608441162,186.754415239482,186.13954162597656,186.13954162597656,53213600,0.0,0.0,0.0
2016-08-17 00:00:00-04:00,186.17370633248493,186.62632943841794,185.33678231053105,186.48968505859375,75134300,0.0,0.0,0.0
2016-08-18 00:00:00-04:00,186.46403917575554,186.94228140555919,186.35302703527333,186.9081268310547,52989300,0.0,0.0,0.0
2016-08-19 00:00:00-04:00,186.43845427696948,186.8142198212472,185.95167657179212,186.63487243652344,75443000,0.0,0.0,0.0
2016-08-22 00:00:00-04:00,186.3957569948988,186.8569285519762,186.02853985789847,186.6263427734375,61368800,0.0,0.0,0.0
2016-08-23 00:00:00-04:00,187.24121159746008,187.54011954222074,186.94230365269942,187.00209045410156,53399200,0.0,0.0,0.0
2016-08-24 00:00:00-04:00,186.85689801673703,186.95083939033645,185.6271247736624,186.04559326171875,71728900,0.0,0.0,0.0
2016-08-25 00:00:00-04:00,185.66122982989052,186.33590306882425,185.5075147310675,185.9174346923828,69224800,0.0,0.0,0.0
2016-08-26 00:00:00-04:00,186.10536608503304,187.13017277202832,184.6791747157033,185.5673370361328,122506300,0.0,0.0,0.0
2016-08-29 00:00:00-04:00,185.69540895608844,186.74583462328442,185.66124135570402,186.48109436035156,70502200,0.0,0.0,0.0
2016-08-30 00:00:00-04:00,186.39571284425205,186.67753694435032,185.6185757536911,186.17367553710938,58114500,0.0,0.0,0.0
2016-08-31 00:00:00-04:00,185.8406289512786,185.9601895162898,184.8670606272948,185.6442108154297,85269500,0.0,0.0,0.0
2016-09-01 00:00:00-04:00,185.63559564560825,185.94303884953052,184.49122878755523,185.65267944335938,97844200,0.0,0.0,0.0
2016-09-02 00:00:00-04:00,186.5067688638531,186.91668897220035,185.91750137809592,186.48968505859375,79293900,0.0,0.0,0.0
2016-09-06 00:00:00-04:00,186.77147485531145,187.1301565130392,186.054111539856,187.0532989501953,56702100,0.0,0.0,0.0
2016-09-07 00:00:00-04:00,186.89102937094438,187.21555644507737,186.42987097765442,187.0362091064453,76554900,0.0,0.0,0.0
2016-09-08 00:00:00-04:00,186.7031790491286,186.97646779711627,186.30179434497467,186.60923767089844,74102900,0.0,0.0,0.0
2016-09-09 00:00:00-04:00,185.2940517287419,185.34529010576694,182.11714204195624,182.14276123046875,221589100,0.0,0.0,0.0
2016-09-12 00:00:00-04:00,181.38268434998358,185.15739660107457,181.31436217421583,184.75601196289062,168110900,0.0,0.0,0.0
2016-09-13 00:00:00-04:00,183.47492788023376,183.73966806211584,181.47655389655867,182.0999755859375,182828800,0.0,0.0,0.0
2016-09-14 00:00:00-04:00,182.15132937709788,183.3554835782528,181.47666890638828,182.03176879882812,134185500,0.0,0.0,0.0
2016-09-15 00:00:00-04:00,181.8694176593346,184.23500872318223,181.6900703755655,183.8507080078125,134427900,0.0,0.0,0.0
2016-09-16 00:00:00-04:00,183.23450685016985,183.41476016392667,182.4534440824219,183.1400909423828,155236400,1.082,0.0,0.0
2016-09-19 00:00:00-04:00,183.79240053228875,184.43614170473515,182.84824157392163,183.17440795898438,80250500,0.0,0.0,0.0
2016-09-20 00:00:00-04:00,184.03278776505144,184.1872794087973,183.14871732285638,183.18304443359375,69665300,0.0,0.0,0.0
2016-09-21 00:00:00-04:00,183.88687664769674,185.4232669864181,183.20021655282915,185.24302673339844,110284400,0.0,0.0,0.0
2016-09-22 00:00:00-04:00,186.2557714731034,186.7106808349363,186.00686399277765,186.41026306152344,76678700,0.0,0.0,0.0
2016-09-23 00:00:00-04:00,186.01544128313066,186.15277586990874,185.29445434796625,185.3888702392578,73630900,0.0,0.0,0.0
2016-09-26 00:00:00-04:00,184.55628473767885,184.73652491071303,183.6893716775511,183.8867950439453,89827300,0.0,0.0,0.0
2016-09-27 00:00:00-04:00,183.72375923728868,185.12281467748386,183.3546741024381,185.02841186523438,78494800,0.0,0.0,0.0
2016-09-28 00:00:00-04:00,185.25161500263687,186.10135838823757,184.2902986773168,185.9468536376953,87411000,0.0,0.0,0.0
2016-09-29 00:00:00-04:00,185.74077945591864,186.14419163494298,183.71514006013925,184.26446533203125,128070600,0.0,0.0,0.0
2016-09-30 00:00:00-04:00,185.0970361399101,186.35876986017539,184.84812865424877,185.6549530029297,117202900,0.0,0.0,0.0
2016-10-03 00:00:00-04:00,185.24297362107262,185.43179232349547,184.57347072524445,185.20863342285156,83512100,0.0,0.0,0.0
2016-10-04 00:00:00-04:00,185.32021027557877,185.54336916520916,183.67223445990277,184.26446533203125,119948100,0.0,0.0,0.0
2016-10-05 00:00:00-04:00,184.89109370191122,185.50908641765957,184.8224263893891,185.07992553710938,72816000,0.0,0.0,0.0
2016-10-06 00:00:00-04:00,184.85671842430108,185.43179232349547,184.31598472332772,185.20863342285156,62927400,0.0,0.0,0.0
2016-10-07 00:00:00-04:00,185.48330296661467,185.65496466719526,183.8439055676314,184.57347106933594,89788300,0.0,0.0,0.0
2016-10-10 00:00:00-04:00,185.53480529785156,185.9982932119312,185.38889219347558,185.53480529785156,51855000,0.0,0.0,0.0
2016-10-11 00:00:00-04:00,185.10568696267433,185.17435427995235,182.46205418375195,183.19161987304688,130367400,0.0,0.0,0.0
2016-10-12 00:00:00-04:00,183.328892534842,183.95547668183588,182.83106447557643,183.43190002441406,73866100,0.0,0.0,0.0
2016-10-13 00:00:00-04:00,182.10150448178726,183.32889802045077,181.28610162289814,182.83106994628906,101357000,0.0,0.0,0.0
2016-10-14 00:00:00-04:00,183.80959217962635,184.2730932454428,182.84827603859992,182.92552185058594,93346200,0.0,0.0,0.0
2016-10-17 00:00:00-04:00,182.8997605452408,183.1572596642625,182.11010618467034,182.2903594970703,58275700,0.0,0.0,0.0
2016-10-18 00:00:00-04:00,183.88680938777023,183.9468850844857,183.0542364555266,183.43190002441406,76869700,0.0,0.0,0.0
2016-10-19 00:00:00-04:00,183.69796844745565,184.2301235787568,183.33747499428907,183.92112731933594,66519200,0.0,0.0,0.0
2016-10-20 00:00:00-04:00,183.5692434846294,184.13573890575714,182.91692375835873,183.5778350830078,73639800,0.0,0.0,0.0
2016-10-21 00:00:00-04:00,183.57781096004106,183.74947264471845,182.6164819513431,183.66363525390625,89089100,0.0,0.0,0.0
2016-10-24 00:00:00-04:00,184.53919436803056,184.8138636415338,184.0928633470637,184.4447784423828,60146600,0.0,0.0,0.0
2016-10-25 00:00:00-04:00,184.26449104867996,184.52199017077416,183.66366849509308,183.82675170898438,66542300,0.0,0.0,0.0
2016-10-26 00:00:00-04:00,183.00280836037953,184.04137047003007,182.76246619192386,183.4577178955078,75705500,0.0,0.0,0.0
2016-10-27 00:00:00-04:00,184.17866626831315,184.21299337259487,182.89118375808377,182.9684295654297,77220200,0.0,0.0,0.0
2016-10-28 00:00:00-04:00,182.94268685809953,183.62075523934593,181.71529311199853,182.4276885986328,140623200,0.0,0.0,0.0
2016-10-31 00:00:00-04:00,182.76241734970546,182.9855893542831,182.27318083380186,182.43626403808594,61272500,0.0,0.0,0.0
2016-11-01 00:00:00-04:00,182.7624476574243,182.8139579649102,179.90424769711947,181.11447143554688,122781800,0.0,0.0,0.0
2016-11-02 00:00:00-04:00,180.80546160019983,181.19171684432766,179.58664635288605,180.02439880371094,103330800,0.0,0.0,0.0
2016-11-03 00:00:00-04:00,180.23892259794115,180.45350295639042,178.92569185198732,179.20034790039062,88939300,0.0,0.0,0.0
2016-11-04 00:00:00-04:00,179.31197176920767,180.15312328493232,178.85706236092147,179.0029754638672,109122100,0.0,0.0,0.0
2016-11-07 00:00:00-05:00,179.00299150234346,182.98560362970932,179.00299150234346,182.95126342773438,109794900,0.0,0.0,0.0
2016-11-08 00:00:00-05:00,182.55640778089457,184.341718129742,182.29033020287906,183.7752227783203,106772100,0.0,0.0,0.0
2016-11-09 00:00:00-05:00,182.28179972740537,186.34167134365006,182.25605112070207,185.7236785888672,258429000,0.0,0.0,0.0
2016-11-10 00:00:00-05:00,186.51325435585727,187.38015430848472,184.7279441619879,186.1870880126953,172113300,0.0,0.0,0.0
2016-11-11 00:00:00-05:00,185.46616934738674,185.99832465294227,184.8138495180944,185.75799560546875,100552700,0.0,0.0,0.0
2016-11-14 00:00:00-05:00,186.28153322319332,186.48753511924482,185.15713403826015,185.90386962890625,94580000,0.0,0.0,0.0
2016-11-15 00:00:00-05:00,186.2901532075285,187.35447692871094,186.08416436255516,187.35447692871094,91652600,0.0,0.0,0.0
2016-11-16 00:00:00-05:00,186.7364705811207,187.23429874841773,186.61630606466625,187.00254821777344,65617700,0.0,0.0,0.0
2016-11-17 00:00:00-05:00,187.15704272236283,188.02394289397336,187.04545671426322,187.9638671875,69797200,0.0,0.0,0.0
2016-11-18 00:00:00-05:00,188.03250823700608,188.20416992760926,187.36300537884298,187.5432586669922,86265800,0.0,0.0,0.0
2016-11-21 00:00:00-05:00,188.11833644572866,188.98523651431762,187.97242335083433,188.95948791503906,72402600,0.0,0.0,0.0
2016-11-22 00:00:00-05:00,189.2685244721837,189.50885351454778,188.59903455460517,189.32861328125,67429000,0.0,0.0,0.0
2016-11-23 00:00:00-05:00,188.813586973485,189.48307679171555,188.61617666732693,189.43157958984375,56620200,0.0,0.0,0.0
2016-11-25 00:00:00-05:00,189.77486730041596,190.1696878112119,189.69760842052526,190.13536071777344,37872300,0.0,0.0,0.0
2016-11-28 00:00:00-05:00,189.8264176025209,190.1010737177132,189.13975766911682,189.2427520751953,76572500,0.0,0.0,0.0
2016-11-29 00:00:00-05:00,189.27708675809228,190.06674107455783,188.97666895318812,189.61183166503906,69886700,0.0,0.0,0.0
2016-11-30 00:00:00-05:00,190.2298540943395,190.39293732273808,189.09686309511824,189.15695190429688,113291800,0.0,0.0,0.0
2016-12-01 00:00:00-05:00,189.45735898916308,189.45735898916308,188.1012090326381,188.4617156982422,79040500,0.0,0.0,0.0
2016-12-02 00:00:00-05:00,188.54749754901323,189.0453256308212,188.19558256234671,188.5560760498047,74840300,0.0,0.0,0.0
2016-12-05 00:00:00-05:00,189.38866909419724,190.0324103393807,189.19125877948673,189.6890869140625,67837800,0.0,0.0,0.0
2016-12-06 00:00:00-05:00,189.8779262461013,190.32425719424867,189.39726819284246,190.2899169921875,59877400,0.0,0.0,0.0
2016-12-07 00:00:00-05:00,190.1353752648461,192.83908265035777,190.01521078319993,192.7790069580078,110738100,0.0,0.0,0.0
2016-12-08 00:00:00-05:00,192.75326842189756,193.72316282546717,192.48717775148606,193.25108337402344,99714400,0.0,0.0,0.0
2016-12-09 00:00:00-05:00,193.4742805845847,194.43559661331304,193.43994038530235,194.41842651367188,88005800,0.0,0.0,0.0
2016-12-12 00:00:00-05:00,194.3239944590801,194.80466553044005,193.7746691887591,194.19525146484375,102016100,0.0,0.0,0.0
2016-12-13 00:00:00-05:00,194.85616816380934,195.98914583553722,194.83899806511636,195.49131774902344,110477500,0.0,0.0,0.0
2016-12-14 00:00:00-05:00,195.19096262236184,195.894779684129,193.43997882556818,193.8777313232422,142501800,0.0,0.0,0.0
2016-12-15 00:00:00-05:00,194.11799956689399,195.53422484677,193.88624908760528,194.6759033203125,124972600,0.0,0.0,0.0
2016-12-16 00:00:00-05:00,195.13269223208167,195.19313521240463,193.97576510784415,194.2952117919922,156420200,1.329,0.0,0.0
2016-12-19 00:00:00-05:00,194.47647044038382,195.14127715795195,194.32969732660885,194.7182159423828,90341100,0.0,0.0,0.0
2016-12-20 00:00:00-05:00,195.25348472013317,195.6161161046466,195.02038148255485,195.46932983398438,89838800,0.0,0.0,0.0
2016-12-21 00:00:00-05:00,195.3399104376617,195.51258396675533,194.9254913330078,194.9254913330078,67909000,0.0,0.0,0.0
2016-12-22 00:00:00-05:00,194.77873574493574,194.8996085436194,194.19162988408146,194.5887908935547,56219100,0.0,0.0,0.0
2016-12-23 00:00:00-05:00,194.63185279867156,194.88224051219453,194.4419212157051,194.8736114501953,36697800,0.0,0.0,0.0
2016-12-27 00:00:00-05:00,195.14124108232025,195.75423378687208,195.1239697856156,195.35708618164062,42672500,0.0,0.0,0.0
2016-12-28 00:00:00-05:00,195.61614696434052,195.63340509079023,193.63036896881238,193.7425994873047,64095000,0.0,0.0,0.0
2016-12-29 00:00:00-05:00,193.8116934218026,194.16568266616719,193.25913030768334,193.699462890625,48696100,0.0,0.0,0.0
2016-12-30 00:00:00-05:00,194.02753979431756,194.11388313342871,192.30077840524552,192.99148559570312,108998300,0.0,0.0,0.0
2017-01-03 00:00:00-05:00,194.29517831857413,194.9772564188593,193.29366676331898,194.46786499023438,91366500,0.0,0.0,0.0
2017-01-04 00:00:00-05:00,194.79596555681337,195.77159004486924,194.78733649178588,195.62481689453125,78744400,0.0,0.0,0.0
2017-01-05 00:00:00-05:00,195.3570993331971,195.62474516651017,194.6750213959088,195.46932983398438,78379000,0.0,0.0,0.0
2017-01-06 00:00:00-05:00,195.58161075861804,196.6349361687553,195.03767675239263,196.16871643066406,71559900,0.0,0.0,0.0
2017-01-09 00:00:00-05:00,195.90971312891796,196.04785719941958,195.48665185331058,195.5211944580078,46939700,0.0,0.0,0.0
2017-01-10 00:00:00-05:00,195.53845258621277,196.37593289918138,195.13266261295402,195.5211944580078,63771900,0.0,0.0,0.0
2017-01-11 00:00:00-05:00,195.43486973878854,196.0737762451172,194.77006286354137,196.0737762451172,74650000,0.0,0.0,0.0
2017-01-12 00:00:00-05:00,195.5556731266002,195.77151824042647,194.22607302205208,195.58157348632812,72113200,0.0,0.0,0.0
2017-01-13 00:00:00-05:00,195.75432095711008,196.33278449998426,195.71979152246405,196.03060913085938,62717900,0.0,0.0,0.0
2017-01-17 00:00:00-05:00,195.39165973646453,195.79744966877882,194.95134037708073,195.33985900878906,61240800,0.0,0.0,0.0
2017-01-18 00:00:00-05:00,195.59026018207095,195.8147475980489,195.03769705481952,195.77157592773438,54793300,0.0,0.0,0.0
2017-01-19 00:00:00-05:00,195.84920207759552,195.9873461000762,194.61457445878975,195.0462646484375,66608800,0.0,0.0,0.0
2017-01-20 00:00:00-05:00,195.72835108023335,196.2550136970366,195.09808702213786,195.7628936767578,129168600,0.0,0.0,0.0
2017-01-23 00:00:00-05:00,195.76291406722498,195.82334385622627,194.4937435826371,195.25350952148438,75061600,0.0,0.0,0.0
2017-01-24 00:00:00-05:00,195.46941039248264,196.91989700590233,195.357179845442,196.50547790527344,95555300,0.0,0.0,0.0
2017-01-25 00:00:00-05:00,197.45514871677426,198.206298828125,197.2911042881558,198.206298828125,84437700,0.0,0.0,0.0
2017-01-26 00:00:00-05:00,198.0594837402296,198.3271427646296,197.72276586826825,197.99905395507812,59970700,0.0,0.0,0.0
2017-01-27 00:00:00-05:00,198.07678158622687,198.22355471171284,197.50694721141585,197.68826293945312,59711100,0.0,0.0,0.0
2017-01-30 00:00:00-05:00,196.99755678958624,197.0234571545579,195.47801162329733,196.46226501464844,79737300,0.0,0.0,0.0
2017-01-31 00:00:00-05:00,195.97008442231504,196.50538924216661,195.40026335635784,196.4449462890625,75880800,0.0,0.0,0.0
2017-02-01 00:00:00-05:00,196.4450497374177,197.36023135846395,195.93565818217823,196.5227508544922,79117700,0.0,0.0,0.0
2017-02-02 00:00:00-05:00,196.52269142412754,196.9371236048232,195.83199747125346,196.65220642089844,69657600,0.0,0.0,0.0
2017-02-03 00:00:00-05:00,197.55878770560432,198.1890519584961,197.24797011152236,198.0077362060547,80563200,0.0,0.0,0.0
2017-02-06 00:00:00-05:00,197.60188580261516,197.99904661915414,197.31696866395163,197.6536865234375,57790100,0.0,0.0,0.0
2017-02-07 00:00:00-05:00,198.04222779330667,198.2839732848533,197.47239348860057,197.66233825683594,57931200,0.0,0.0,0.0
2017-02-08 00:00:00-05:00,197.662385125425,198.0509038165239,197.11845105339995,197.92140197753906,51566200,0.0,0.0,0.0
2017-02-09 00:00:00-05:00,197.92135251854037,199.3977258106109,197.92135251854037,199.09555053710938,65955200,0.0,0.0,0.0
2017-02-10 00:00:00-05:00,199.44095192542116,200.1057587872664,199.11286302687384,199.8812713623047,66015900,0.0,0.0,0.0
2017-02-13 00:00:00-05:00,200.3734118857749,201.22816359590007,200.347511516451,200.96914672851562,55182100,0.0,0.0,0.0
2017-02-14 00:00:00-05:00,200.78784112005812,201.78073696620413,200.44249406218304,201.7720947265625,71109000,0.0,0.0,0.0
2017-02-15 00:00:00-05:00,201.55619265961616,203.01530793966828,201.50439193296327,202.8253631591797,86785800,0.0,0.0,0.0
2017-02-16 00:00:00-05:00,202.85128382436127,203.0325995599349,201.90157300101112,202.6527099609375,84722400,0.0,0.0,0.0
2017-02-17 00:00:00-05:00,201.9878689318468,202.9721221923828,201.97059763278025,202.9721221923828,77204100,0.0,0.0,0.0
2017-02-21 00:00:00-05:00,203.3433974707437,204.3535511663621,203.33475523351058,204.18087768554688,88946100,0.0,0.0,0.0
2017-02-22 00:00:00-05:00,203.77515950238688,204.22410807573812,203.61111502690798,203.9996337890625,62115200,0.0,0.0,0.0
2017-02-23 00:00:00-05:00,204.51756956766448,204.53482769165115,203.37790102580385,204.13768005371094,74615900,0.0,0.0,0.0
2017-02-24 00:00:00-05:00,203.29158722240828,204.43987174441176,203.24841556069094,204.39671325683594,82381600,0.0,0.0,0.0
2017-02-27 00:00:00-05:00,204.31038133531447,204.8888447470126,204.0600067620078,204.71617126464844,56515400,0.0,0.0,0.0
2017-02-28 00:00:00-05:00,204.33629348744313,204.57803901152806,203.77510134384804,204.1636199951172,96961900,0.0,0.0,0.0
2017-03-01 00:00:00-05:00,205.82130952261866,207.4876410025438,205.80403822111904,207.0214080810547,149158200,0.0,0.0,0.0
2017-03-02 00:00:00-05:00,206.83148299232383,206.8401252309685,205.66592692584172,205.7177276611328,70246000,0.0,0.0,0.0
2017-03-03 00:00:00-05:00,205.63138382461676,206.01127344802936,205.25149420120417,205.84722900390625,81974300,0.0,0.0,0.0
2017-03-06 00:00:00-05:00,205.05290667695087,205.5881984702343,204.62984541100997,205.23422241210938,55391500,0.0,0.0,0.0
2017-03-07 00:00:00-05:00,204.9320333839673,205.28602261532427,204.41399971982818,204.6212158203125,65103700,0.0,0.0,0.0
2017-03-08 00:00:00-05:00,204.91476888907812,205.1737857297519,204.10318893623398,204.2413330078125,78168800,0.0,0.0,0.0
2017-03-09 00:00:00-05:00,204.3621916313429,204.82842454711275,203.5333536075299,204.50033569335938,90683900,0.0,0.0,0.0
2017-03-10 00:00:00-05:00,205.45869499173256,205.50186665919932,204.267225475195,205.21694946289062,81991700,0.0,0.0,0.0
2017-03-13 00:00:00-04:00,205.1564969575733,205.36371304729602,204.82842128319064,205.32054138183594,57256800,0.0,0.0,0.0
2017-03-14 00:00:00-04:00,204.7766576863683,204.82847160213478,203.9219191013369,204.534912109375,59880800,0.0,0.0,0.0
2017-03-15 00:00:00-04:00,205.1047261295561,206.72788613365728,204.87160964140134,206.30482482910156,96081800,0.0,0.0,0.0
2017-03-16 00:00:00-04:00,206.44287487325394,206.52057594253074,205.5708654672685,205.89894104003906,78344000,0.0,0.0,0.0
2017-03-17 00:00:00-04:00,206.16178465453643,206.35255581872713,205.53744506835938,205.53744506835938,89002100,1.033,0.0,0.0
2017-03-20 00:00:00-04:00,205.53740145185947,205.823558137421,204.9217418329027,205.31195068359375,52537000,0.0,0.0,0.0
2017-03-21 00:00:00-04:00,205.91900007984685,206.04039871622197,202.5458380782888,202.6759033203125,131809300,0.0,0.0,0.0
2017-03-22 00:00:00-04:00,202.7105512985133,203.4389429554005,202.086211812194,203.1527862548828,97569200,0.0,0.0,0.0
2017-03-23 00:00:00-04:00,203.15278881772713,204.07195161988832,202.56314220179587,202.93600463867188,100410300,0.0,0.0,0.0
2017-03-24 00:00:00-04:00,203.23951955970136,203.81181976966536,202.00818693908641,202.78860473632812,112504900,0.0,0.0,0.0
2017-03-27 00:00:00-04:00,201.115011690091,202.8406185139592,200.83753482201902,202.58047485351562,87454500,0.0,0.0,0.0
2017-03-28 00:00:00-04:00,202.27699348014863,204.47951500442747,202.16426146852515,204.05462646484375,93483900,0.0,0.0,0.0
2017-03-29 00:00:00-04:00,203.76844675436723,204.47949192913052,203.54298275656367,204.245361328125,61950400,0.0,0.0,0.0
2017-03-30 00:00:00-04:00,204.18464582267342,205.0951418524201,204.01122115782974,204.89569091796875,56737900,0.0,0.0,0.0
2017-03-31 00:00:00-04:00,204.55758560527133,205.08653963367206,204.3668144323098,204.41885375976562,73733100,0.0,0.0,0.0
2017-04-03 00:00:00-04:00,204.470833499766,204.6702712330258,202.83194569012235,204.0632781982422,85546500,0.0,0.0,0.0
2017-04-04 00:00:00-04:00,203.77713743738263,204.280078343088,203.39559514812635,204.193359375,56466200,0.0,0.0,0.0
2017-04-05 00:00:00-04:00,204.86972342901407,205.84959218884566,203.37824716313773,203.58636474609375,108800600,0.0,0.0,0.0
2017-04-06 00:00:00-04:00,203.72507732476717,204.6789196571488,203.28282918541828,204.1586456298828,69135800,0.0,0.0,0.0
2017-04-07 00:00:00-04:00,203.90718678397994,204.64425826097678,203.4649518366553,203.95054626464844,74412300,0.0,0.0,0.0
2017-04-10 00:00:00-04:00,204.08930688910144,204.86972467488317,203.54300650018013,204.07196044921875,67615300,0.0,0.0,0.0
2017-04-11 00:00:00-04:00,203.69040229352734,203.9331995071442,202.33767118010337,203.8291473388672,88045300,0.0,0.0,0.0
2017-04-12 00:00:00-04:00,203.55167752902952,203.7424486651146,202.7105538557787,202.93600463867188,81864400,0.0,0.0,0.0
2017-04-13 00:00:00-04:00,202.59778848390158,203.3348598638877,201.617919921875,201.617919921875,92880400,0.0,0.0,0.0
2017-04-17 00:00:00-04:00,202.13822576308058,203.4042510986328,201.9387880376458,203.4042510986328,68405400,0.0,0.0,0.0
2017-04-18 00:00:00-04:00,202.66717600787345,203.3348749236641,202.11220908904167,202.7972412109375,83225800,0.0,0.0,0.0
2017-04-19 00:00:00-04:00,203.3609172502775,203.73377970706045,202.19894393259753,202.42440795898438,68699900,0.0,0.0,0.0
2017-04-20 00:00:00-04:00,203.0400655952371,204.51420866175764,202.71922923042013,204.07196044921875,92572200,0.0,0.0,0.0
2017-04-21 00:00:00-04:00,203.99391375359454,204.0459398398568,203.0227248594819,203.42160034179688,110389800,0.0,0.0,0.0
2017-04-24 00:00:00-04:00,205.66752585869997,205.86697687454975,203.39563138971576,205.6588592529297,119209900,0.0,0.0,0.0
2017-04-25 00:00:00-04:00,206.30050177430596,207.20231814801264,206.2137828090746,206.85546875,76698300,0.0,0.0,0.0
2017-04-26 00:00:00-04:00,206.82075787532534,207.70524096418976,206.68202606706552,206.72537231445312,84702500,0.0,0.0,0.0
2017-04-27 00:00:00-04:00,207.0462916974978,207.20236999622202,206.36124610253788,206.8988800048828,57410300,0.0,0.0,0.0
2017-04-28 00:00:00-04:00,207.15895170561492,207.18496474801913,206.31782805066376,206.44790649414062,63532800,0.0,0.0,0.0
2017-05-01 00:00:00-04:00,206.96812438964844,207.39302601933196,206.55190259271404,206.96812438964844,66882500,0.0,0.0,0.0
2017-05-02 00:00:00-04:00,207.10692681966847,207.22832542874272,206.6386788222267,207.04623413085938,57375700,0.0,0.0,0.0
2017-05-03 00:00:00-04:00,207.04620052322667,207.14158607426322,206.11835805119355,206.7947235107422,73137700,0.0,0.0,0.0
2017-05-04 00:00:00-04:00,207.09822727291336,207.17626638816398,206.18773123396085,207.0375213623047,61462700,0.0,0.0,0.0
2017-05-05 00:00:00-04:00,207.41047186493998,207.87005335153967,206.96822358924157,207.8527069091797,62001300,0.0,0.0,0.0
2017-05-08 00:00:00-04:00,207.89604755921138,208.04345922726574,207.39310662801898,207.81800842285156,48385700,0.0,0.0,0.0
2017-05-09 00:00:00-04:00,208.07811201903442,208.27754973957022,207.28033467398123,207.627197265625,51363200,0.0,0.0,0.0
2017-05-10 00:00:00-04:00,207.58386961040986,208.00009155273438,207.3757520235191,208.00009155273438,54293800,0.0,0.0,0.0
2017-05-11 00:00:00-04:00,207.54916701215808,207.7399381378494,206.49125921749004,207.57518005371094,62358300,0.0,0.0,0.0
2017-05-12 00:00:00-04:00,207.323702823502,207.61852611513942,206.9595070106342,207.2283172607422,53912700,0.0,0.0,0.0
2017-05-15 00:00:00-04:00,207.6532150547437,208.4943386654643,207.6358686169011,208.37294006347656,61918900,0.0,0.0,0.0
2017-05-16 00:00:00-04:00,208.66775380957856,208.69376684942557,207.79195059466826,208.18215942382812,51241800,0.0,0.0,0.0
2017-05-17 00:00:00-04:00,208.18217186348366,208.18217186348366,204.42746852090303,204.48817443847656,172174100,0.0,0.0,0.0
2017-05-18 00:00:00-04:00,204.4101211476201,206.16174090554728,204.14997750334095,205.31195068359375,107047700,0.0,0.0,0.0
2017-05-19 00:00:00-04:00,205.79753343459836,207.3150225035401,205.74550735498167,206.64732360839844,115011400,0.0,0.0,0.0
2017-05-22 00:00:00-04:00,207.15894524650494,207.86133706388557,207.08958595656034,207.6965789794922,61010600,0.0,0.0,0.0
2017-05-23 00:00:00-04:00,208.0695157506077,208.32099288448092,207.68797336228988,208.15623474121094,48341700,0.0,0.0,0.0
2017-05-24 00:00:00-04:00,208.39030557898954,208.7458215828506,208.0521095516462,208.6417694091797,46927700,0.0,0.0,0.0
2017-05-25 00:00:00-04:00,209.15335213829823,209.91643660540873,208.94524781559892,209.63894653320312,64071700,0.0,0.0,0.0
2017-05-26 00:00:00-04:00,209.44809520547102,209.76026480142536,209.37005611434492,209.59552001953125,46629900,0.0,0.0,0.0
2017-05-30 00:00:00-04:00,209.2747833846353,209.66499228202534,209.11870511826206,209.4135284423828,35201900,0.0,0.0,0.0
2017-05-31 00:00:00-04:00,209.70837594215524,209.74306882632007,208.66781435200448,209.3615264892578,91796000,0.0,0.0,0.0
2017-06-01 00:00:00-04:00,209.8210478217263,211.04371362460992,209.53489115095857,211.0263671875,68962000,0.0,0.0,0.0
2017-06-02 00:00:00-04:00,211.0784072611607,211.88485124705335,210.78358396801957,211.728759765625,88666100,0.0,0.0,0.0
2017-06-05 00:00:00-04:00,211.55536168944082,211.8415184151761,211.373257143443,211.5727081298828,44698800,0.0,0.0,0.0
2017-06-06 00:00:00-04:00,211.00905056561416,211.5640175484556,210.81827942481334,210.89633178710938,50375400,0.0,0.0,0.0
2017-06-07 00:00:00-04:00,211.23450345653035,211.5119803176038,210.56680449890564,211.28652954101562,54144300,0.0,0.0,0.0
2017-06-08 00:00:00-04:00,211.38194313646613,211.86753763132825,210.8616557597095,211.39060974121094,65950700,0.0,0.0,0.0
2017-06-09 00:00:00-04:00,211.65939453138827,212.45715870988985,209.80372251735164,211.0697479248047,132256400,0.0,0.0,0.0
2017-06-12 00:00:00-04:00,210.82692947082722,211.0783932673751,210.17657700947908,211.0263671875,86108100,0.0,0.0,0.0
2017-06-13 00:00:00-04:00,211.5640295134911,212.11032992317647,211.21718009139528,212.0583038330078,60067000,0.0,0.0,0.0
2017-06-14 00:00:00-04:00,212.32712560765611,212.33579221266734,210.96571442778435,211.7895050048828,78602300,0.0,0.0,0.0
2017-06-15 00:00:00-04:00,210.43676876582583,211.5033566400688,210.15929184843657,211.3819580078125,66464900,0.0,0.0,0.0
2017-06-16 00:00:00-04:00,211.5413823428988,211.59366213965603,210.54802631656844,211.4281005859375,84553100,1.183,0.0,0.0
2017-06-19 00:00:00-04:00,212.2558651909659,213.24922107751615,212.16001447840495,213.188232421875,65123800,0.0,0.0,0.0
2017-06-20 00:00:00-04:00,212.83097076190907,212.83967962820253,211.73305528987402,211.75047302246094,56906400,0.0,0.0,0.0
2017-06-21 00:00:00-04:00,212.14263180401596,212.25590026777624,211.22769545036692,211.69822692871094,55977600,0.0,0.0,0.0
2017-06-22 00:00:00-04:00,211.7069746380786,212.2036460753738,211.4281312869086,211.60240173339844,44148100,0.0,0.0,0.0
2017-06-23 00:00:00-04:00,211.66337057155704,212.18618182919283,211.27996767170237,211.85507202148438,66986800,0.0,0.0,0.0
2017-06-26 00:00:00-04:00,212.52604032325613,212.9443053367406,211.78538762517763,211.9945068359375,56700500,0.0,0.0,0.0
2017-06-27 00:00:00-04:00,211.77666390216672,212.07293827520004,210.26920531977657,210.28663635253906,82247700,0.0,0.0,0.0
2017-06-28 00:00:00-04:00,211.30610569003233,212.3691725225431,211.0708333133998,212.16876220703125,70042600,0.0,0.0,0.0
2017-06-29 00:00:00-04:00,212.31689859685977,212.36917839400562,209.09284924505067,210.30404663085938,106949700,0.0,0.0,0.0
2017-06-30 00:00:00-04:00,211.11444926053903,211.4891433695941,210.5044960206646,210.69619750976562,86820700,0.0,0.0,0.0
2017-07-03 00:00:00-04:00,211.6372036455209,212.07288628590052,211.0533905029297,211.0533905029297,39153800,0.0,0.0,0.0
2017-07-05 00:00:00-04:00,211.41939121180266,211.75050102246536,210.60901447606477,211.5413818359375,54427600,0.0,0.0,0.0
2017-07-06 00:00:00-04:00,210.77457529317726,210.896565916886,209.42395626898553,209.60694885253906,65400800,0.0,0.0,0.0
2017-07-07 00:00:00-04:00,210.18206973458612,211.11442386854364,209.6156742045538,210.96629333496094,57972300,0.0,0.0,0.0
2017-07-10 00:00:00-04:00,210.96625986011753,211.56750406312796,210.66127667726363,211.19281005859375,36663300,0.0,0.0,0.0
2017-07-11 00:00:00-04:00,211.19280433836818,211.34965700689543,209.868338650255,211.0359649658203,50354600,0.0,0.0,0.0
2017-07-12 00:00:00-04:00,212.00320994404407,212.78743350586683,212.00320994404407,212.6218719482422,59610400,0.0,0.0,0.0
2017-07-13 00:00:00-04:00,212.63058514067592,213.09240773141693,212.4040216309671,212.9791259765625,39471600,0.0,0.0,0.0
2017-07-14 00:00:00-04:00,212.97914755361637,214.32976669747507,212.88329681963978,213.97250366210938,60262700,0.0,0.0,0.0
2017-07-17 00:00:00-04:00,213.89407029991375,214.2774732113337,213.77207967318748,213.94635009765625,33531900,0.0,0.0,0.0
2017-07-18 00:00:00-04:00,213.5368524440741,214.11195693282158,213.1970203909022,214.05967712402344,42742500,0.0,0.0,0.0
2017-07-19 00:00:00-04:00,214.3732957100116,215.2272299846473,214.36457354754899,215.21852111816406,51034300,0.0,0.0,0.0
2017-07-20 00:00:00-04:00,215.4712009373658,215.5931915422144,214.76539720245756,215.31436157226562,47135200,0.0,0.0,0.0
2017-07-21 00:00:00-04:00,214.73929301643605,215.14883582138162,214.5127295012009,215.12269592285156,82340800,0.0,0.0,0.0
2017-07-24 00:00:00-04:00,215.04423560275796,215.20979713639554,214.59984408824064,215.0703887939453,46622300,0.0,0.0,0.0
2017-07-25 00:00:00-04:00,215.8197966992518,215.9243695986017,215.3666962206701,215.59324645996094,54915600,0.0,0.0,0.0
2017-07-26 00:00:00-04:00,215.88078729199316,215.91563605928576,215.3405449750784,215.60194396972656,47575400,0.0,0.0,0.0
2017-07-27 00:00:00-04:00,216.06381189225647,216.09866066471164,214.07708616674392,215.4015655517578,70766600,0.0,0.0,0.0
2017-07-28 00:00:00-04:00,214.92227071495785,215.2795337201983,214.46917027980402,215.14883422851562,50088400,0.0,0.0,0.0
2017-07-31 00:00:00-04:00,215.5496514644196,215.6455021888008,214.8177077305891,215.02684020996094,65838700,0.0,0.0,0.0
2017-08-01 00:00:00-04:00,215.6281246782648,215.66297345000396,214.98330938523412,215.50613403320312,55050400,0.0,0.0,0.0
2017-08-02 00:00:00-04:00,215.636811897246,215.75009366199518,214.67830457086475,215.6106719970703,47211200,0.0,0.0,0.0
2017-08-03 00:00:00-04:00,215.49738325424647,215.52352315357572,214.91357000925768,215.19241333007812,40856000,0.0,0.0,0.0
2017-08-04 00:00:00-04:00,215.68033862803355,215.9155976814008,215.20108506306107,215.58448791503906,60191800,0.0,0.0,0.0
2017-08-07 00:00:00-04:00,215.65424173012192,215.9853515625,215.54966883401892,215.9853515625,31995000,0.0,0.0,0.0
2017-08-08 00:00:00-04:00,215.67166827743733,216.89158794461332,215.07914612456673,215.45382690429688,61719400,0.0,0.0,0.0
2017-08-09 00:00:00-04:00,214.76540449556975,215.49734814951708,214.40814153496007,215.445068359375,62632600,0.0,0.0,0.0
2017-08-10 00:00:00-04:00,214.60859100217328,214.73930379736694,212.3517576759011,212.40403747558594,120479500,0.0,0.0,0.0
2017-08-11 00:00:00-04:00,212.63061434697283,213.31027837749468,212.39534193764374,212.71774291992188,74869900,0.0,0.0,0.0
2017-08-14 00:00:00-04:00,213.99860635966488,215.04424208745883,213.96375759699626,214.82640075683594,73291900,0.0,0.0,0.0
2017-08-15 00:00:00-04:00,215.20978993157163,215.22722095978656,214.4952773265048,214.8002471923828,55242700,0.0,0.0,0.0
2017-08-16 00:00:00-04:00,215.3231183249441,215.72395228486332,214.7480139330528,215.17498779296875,56715500,0.0,0.0,0.0
2017-08-17 00:00:00-04:00,214.56501459564012,214.87870666228795,211.82020568847656,211.82020568847656,128490400,0.0,0.0,0.0
2017-08-18 00:00:00-04:00,211.6546687551769,212.77873766471814,211.04471558130828,211.48912048339844,136748000,0.0,0.0,0.0
2017-08-21 00:00:00-04:00,211.42806712748012,211.91602954796898,210.72226339098884,211.6546173095703,65469700,0.0,0.0,0.0
2017-08-22 00:00:00-04:00,212.23845578162837,214.02474403743867,212.2210247524849,213.86790466308594,63140100,0.0,0.0,0.0
2017-08-23 00:00:00-04:00,212.90072492052627,213.52810911682874,212.75259438750788,213.10113525390625,50203800,0.0,0.0,0.0
2017-08-24 00:00:00-04:00,213.48452066897022,213.6413600571869,212.3953139308632,212.6044464111328,50741700,0.0,0.0,0.0
2017-08-25 00:00:00-04:00,213.39739631994303,214.01607164817918,212.95300472088786,213.10113525390625,64445900,0.0,0.0,0.0
2017-08-28 00:00:00-04:00,213.63264400278635,213.65878389994307,212.691567817204,213.10983276367188,40565600,0.0,0.0,0.0
2017-08-29 00:00:00-04:00,211.79409960330165,213.6152503356472,211.68081783182186,213.35385131835938,51135700,0.0,0.0,0.0
2017-08-30 00:00:00-04:00,213.33641910517255,214.63475849977831,213.1534264981007,214.3646240234375,62030800,0.0,0.0,0.0
2017-08-31 00:00:00-04:00,214.98328073343416,215.89821709745064,214.3994674887333,215.65423583984375,103803900,0.0,0.0,0.0
2017-09-01 00:00:00-04:00,216.02889356199628,216.3861565425385,215.81105222693105,215.9591827392578,62007000,0.0,0.0,0.0
2017-09-05 00:00:00-04:00,215.45379311653255,215.68035661849729,213.44094127173,214.4081573486328,91398800,0.0,0.0,0.0
2017-09-06 00:00:00-04:00,215.08782640592375,215.4712292990506,214.55629299426707,215.14010620117188,57916900,0.0,0.0,0.0
2017-09-07 00:00:00-04:00,215.44512156039062,215.46255259340205,214.70445556120356,215.11399841308594,58034700,0.0,0.0,0.0
2017-09-08 00:00:00-04:00,214.82643554312847,215.32312023944576,214.61731634129535,214.86129760742188,63832800,0.0,0.0,0.0
2017-09-11 00:00:00-04:00,216.13350574007288,217.23143484538897,216.11608800213492,217.15301513671875,71364800,0.0,0.0,0.0
2017-09-12 00:00:00-04:00,217.5189463449708,217.91976697822463,217.33595376302054,217.88491821289062,56896000,0.0,0.0,0.0
2017-09-13 00:00:00-04:00,217.5973596810883,218.0243334958429,217.4840779290966,217.98947143554688,59228000,0.0,0.0,0.0
2017-09-14 00:00:00-04:00,217.6670944129095,218.12020817466322,217.4928239802294,217.91978454589844,95446300,0.0,0.0,0.0
2017-09-15 00:00:00-04:00,217.7752898829497,218.3006957249808,217.67021138693656,218.213134765625,95432400,1.235,0.0,0.0
2017-09-18 00:00:00-04:00,218.5808891823477,219.0274860835525,218.2919100008752,218.67721557617188,46235200,0.0,0.0,0.0
2017-09-19 00:00:00-04:00,218.9224793453609,218.98378405332213,218.57220872319542,218.89620971679688,47108100,0.0,0.0,0.0
2017-09-20 00:00:00-04:00,218.98369525684913,219.0887737284966,217.9766442430325,218.9749298095703,59574100,0.0,0.0,0.0
2017-09-21 00:00:00-04:00,218.81735266306487,218.90491361834765,218.21312461516493,218.3882598876953,48211400,0.0,0.0,0.0
2017-09-22 00:00:00-04:00,218.09056461534422,218.59846634295977,218.0642949882233,218.4320831298828,51214000,0.0,0.0,0.0
2017-09-25 00:00:00-04:00,218.17809592924593,218.52837984652382,217.24111484470356,217.98544311523438,57064400,0.0,0.0,0.0
2017-09-26 00:00:00-04:00,218.414537340445,218.65972940317045,217.88036605480062,218.11680603027344,54082000,0.0,0.0,0.0
2017-09-27 00:00:00-04:00,218.8173513921312,219.35152265552344,217.9328962237479,218.96621704101562,81001400,0.0,0.0,0.0
2017-09-28 00:00:00-04:00,218.68597567662562,219.30772121626998,218.59841472755318,219.22891235351562,44778800,0.0,0.0,0.0
2017-09-29 00:00:00-04:00,219.22019406231306,220.07837973679105,219.0363066763297,219.9995574951172,85578000,0.0,0.0,0.0
2017-10-02 00:00:00-04:00,220.22723165186667,220.9540557861328,220.05208300305776,220.9540557861328,59023000,0.0,0.0,0.0
2017-10-03 00:00:00-04:00,220.95402858913346,221.4531647632962,220.87520636208524,221.42689514160156,66810200,0.0,0.0,0.0
2017-10-04 00:00:00-04:00,221.27806094946735,221.93482830911222,221.1642169979664,221.68963623046875,55953600,0.0,0.0,0.0
2017-10-05 00:00:00-04:00,222.02236175556584,223.02064748401895,221.72463046296645,223.00314331054688,63522800,0.0,0.0,0.0
2017-10-06 00:00:00-04:00,222.55656896672323,223.0382010543097,222.29387270255486,222.7492218017578,80646000,0.0,0.0,0.0
2017-10-09 00:00:00-04:00,222.9768693682432,223.038160698137,222.1186838540164,222.3813934326172,35803100,0.0,0.0,0.0
2017-10-10 00:00:00-04:00,222.95062021490847,223.3446779380046,222.4076834727646,222.96812438964844,43057400,0.0,0.0,0.0
2017-10-11 00:00:00-04:00,222.87179482447962,223.3184051513672,222.70542499501343,223.3184051513672,47674300,0.0,0.0,0.0
2017-10-12 00:00:00-04:00,223.00314375617472,223.3534142938193,222.74918625871257,222.98562622070312,47065100,0.0,0.0,0.0
2017-10-13 00:00:00-04:00,223.42346325437066,223.5373071880049,222.9856184166564,223.257080078125,54800400,0.0,0.0,0.0
2017-10-16 00:00:00-04:00,223.48479666338406,223.7474929101981,223.14327818056006,223.55484008789062,38221700,0.0,0.0,0.0
2017-10-17 00:00:00-04:00,223.5022320490192,223.75618949206412,223.28330966941027,223.71240234375,31561000,0.0,0.0,0.0
2017-10-18 00:00:00-04:00,224.0889836954036,224.1327708517824,223.7387131683015,223.93136596679688,40888300,0.0,0.0,0.0
2017-10-19 00:00:00-04:00,223.1520211020439,224.02771085402995,222.73169376244084,223.99267578125,61903800,0.0,0.0,0.0
2017-10-20 00:00:00-04:00,224.78956555498408,225.17487117611148,223.97516715360754,225.14857482910156,89176400,0.0,0.0,0.0
2017-10-23 00:00:00-04:00,225.47265160582884,225.49892123463263,224.1941250735496,224.27293395996094,63915300,0.0,0.0,0.0
2017-10-24 00:00:00-04:00,224.70196622052663,224.90335773374272,224.3078951942681,224.66693115234375,66935900,0.0,0.0,0.0
2017-10-25 00:00:00-04:00,224.3342034646924,224.44804741295565,222.425206140693,223.55484008789062,103715300,0.0,0.0,0.0
2017-10-26 00:00:00-04:00,224.16782533084222,224.43927365517973,223.72121500385936,223.84381103515625,69798000,0.0,0.0,0.0
2017-10-27 00:00:00-04:00,224.58814924304772,225.831640435457,223.85257306649734,225.6739959716797,85562500,0.0,0.0,0.0
2017-10-30 00:00:00-04:00,224.58815144460573,225.5776851387856,224.53561219747496,224.83334350585938,54285700,0.0,0.0,0.0
2017-10-31 00:00:00-04:00,225.20984811062675,225.43753596151453,224.88584722985638,225.18357849121094,60304800,0.0,0.0,0.0
2017-11-01 00:00:00-04:00,225.96298388357675,226.30448897952348,225.11356378226472,225.48133850097656,54202700,0.0,0.0,0.0
2017-11-02 00:00:00-04:00,225.41130620582592,225.7090375198339,224.34296362077094,225.5689239501953,56449500,0.0,0.0,0.0
2017-11-03 00:00:00-04:00,225.72656259486914,226.3658258047985,225.3149872971758,226.32205200195312,59589700,0.0,0.0,0.0
2017-11-06 00:00:00-05:00,226.19065683836942,226.80365036677094,226.1206134153186,226.67230224609375,49652600,0.0,0.0,0.0
2017-11-07 00:00:00-05:00,226.77742101945586,227.11018746689305,226.00680960937726,226.5147247314453,57502200,0.0,0.0,0.0
2017-11-08 00:00:00-05:00,226.3395053805914,226.996272619473,226.05927827825934,226.89993286132812,50469600,0.0,0.0,0.0
2017-11-09 00:00:00-05:00,225.69156808446556,226.26952662671255,224.49185047050648,226.07687377929688,95085500,0.0,0.0,0.0
2017-11-10 00:00:00-05:00,225.69153940514062,226.18192355007767,225.37627718400591,226.00677490234375,59984700,0.0,0.0,0.0
2017-11-13 00:00:00-05:00,225.3237250304575,226.44460682954087,225.28868995813082,226.2169189453125,50228600,0.0,0.0,0.0
2017-11-14 00:00:00-05:00,225.4113011872742,225.79660681421927,224.63192448424843,225.6915283203125,61315200,0.0,0.0,0.0
2017-11-15 00:00:00-05:00,224.71947685632563,225.24489599847416,223.85255264233354,224.56185913085938,80811500,0.0,0.0,0.0
2017-11-16 00:00:00-05:00,225.50763732326016,226.83870297952345,225.46386352096016,226.4709014892578,67777000,0.0,0.0,0.0
2017-11-17 00:00:00-05:00,226.12059055081866,226.44459145703757,225.72651950470316,225.80532836914062,75756800,0.0,0.0,0.0
2017-11-20 00:00:00-05:00,226.05058697150102,226.38332666089917,225.80536816257666,226.190673828125,48075500,0.0,0.0,0.0
2017-11-21 00:00:00-05:00,226.96124099451092,227.85446155625675,226.15562146799138,227.67054748535156,69176800,0.0,0.0,0.0
2017-11-22 00:00:00-05:00,227.67938005238835,227.81072819609298,227.3028397991232,227.46922302246094,45033400,0.0,0.0,0.0
2017-11-24 00:00:00-05:00,227.9595595227246,228.0996730879914,227.8194459574578,227.99456787109375,27856500,0.0,0.0,0.0
2017-11-27 00:00:00-05:00,228.03837030424936,228.33610161146362,227.67933430098003,227.88075256347656,52274900,0.0,0.0,0.0
2017-11-28 00:00:00-05:00,228.34485819160403,230.2188202816215,228.24851842669787,230.1925506591797,98971700,0.0,0.0,0.0
2017-11-29 00:00:00-05:00,230.32398252387298,230.8581673396739,229.6059370080515,230.05252075195312,77512100,0.0,0.0,0.0
2017-11-30 00:00:00-05:00,230.97199216537572,232.97730293049327,230.8931832759286,232.0666046142578,127894400,0.0,0.0,0.0
2017-12-01 00:00:00-05:00,231.84763813337713,232.32925682992754,228.34487896157293,231.5849151611328,164390900,0.0,0.0,0.0
2017-12-04 00:00:00-05:00,233.20501146640314,233.6340910325982,231.25221306452403,231.30477905273438,94040600,0.0,0.0,0.0
2017-12-05 00:00:00-05:00,230.47279357910156,232.18913805211622,230.34144545788914,230.47279357910156,77994500,0.0,0.0,0.0
2017-12-06 00:00:00-05:00,230.56914081877625,230.945707787336,230.0524869827699,230.5166015625,75898600,0.0,0.0,0.0
2017-12-07 00:00:00-05:00,231.24343872070312,231.55867425777868,230.25390485610214,231.24343872070312,77218600,0.0,0.0,0.0
2017-12-08 00:00:00-05:00,232.19789777336138,232.51313325649454,231.20836407808713,232.50439453125,76563900,0.0,0.0,0.0
2017-12-11 00:00:00-05:00,233.20489501953125,233.26619970521597,232.47808441073974,233.20489501953125,83077500,0.0,0.0,0.0
2017-12-12 00:00:00-05:00,233.99305630118846,234.08939607247345,233.23997592537404,233.61651611328125,85195800,0.0,0.0,0.0
2017-12-13 00:00:00-05:00,233.86173271575652,234.29957764733308,233.50269666499167,233.59027099609375,102905400,0.0,0.0,0.0
2017-12-14 00:00:00-05:00,233.88798745715712,234.001831407951,232.58321819575838,232.63575744628906,100666700,0.0,0.0,0.0
2017-12-15 00:00:00-05:00,233.64005483559046,235.03951542888447,233.58724702909123,234.57302856445312,144610300,1.351,0.0,0.0
2017-12-18 00:00:00-05:00,235.97246388492815,236.41254679897668,235.8668482832412,236.06048583984375,83653600,0.0,0.0,0.0
2017-12-19 00:00:00-05:00,236.3069918222023,236.35098938068302,235.08354811421694,235.1539764404297,82382900,0.0,0.0,0.0
2017-12-20 00:00:00-05:00,236.12209781110093,236.17490561659116,234.73144749897182,235.03070068359375,76751500,0.0,0.0,0.0
2017-12-21 00:00:00-05:00,235.65558500166438,236.22771426568343,235.26830989703402,235.51475524902344,67032300,0.0,0.0,0.0
2017-12-22 00:00:00-05:00,235.53232142244946,235.56753556761856,234.9161947543419,235.45310974121094,78720900,0.0,0.0,0.0
2017-12-26 00:00:00-05:00,235.04828793137565,235.39156551824624,234.90748502759038,235.17152404785156,45244400,0.0,0.0,0.0
2017-12-27 00:00:00-05:00,235.33877277325166,235.64683622362304,235.0131156739141,235.2859649658203,57751000,0.0,0.0,0.0
2017-12-28 00:00:00-05:00,235.78759425902078,235.8139981547031,235.40031921533006,235.7699737548828,45116100,0.0,0.0,0.0
2017-12-29 00:00:00-05:00,236.35093124759084,236.36852489454853,234.6874317823452,234.88104248046875,96007400,0.0,0.0,0.0
2018-01-02 00:00:00-05:00,235.74364692993703,236.5974089834825,235.356371759636,236.56219482421875,86655700,0.0,0.0,0.0
2018-01-03 00:00:00-05:00,236.72945809817224,238.2081575062318,236.72945809817224,238.0585174560547,90070400,0.0,0.0,0.0
2018-01-04 00:00:00-05:00,238.70092331658452,239.54587477819527,238.12001079281382,239.061767578125,80636400,0.0,0.0,0.0
2018-01-05 00:00:00-05:00,239.85396845853816,240.77813171842422,239.36107780519546,240.65492248535156,83524000,0.0,0.0,0.0
2018-01-08 00:00:00-05:00,240.5581775231667,241.25351621363447,240.2677345494723,241.0950927734375,57319200,0.0,0.0,0.0
2018-01-09 00:00:00-05:00,241.51752620564912,242.26567261945058,241.23586666107144,241.64076232910156,57254000,0.0,0.0,0.0
2018-01-10 00:00:00-05:00,240.88378200827157,241.53512299871895,240.21487423124526,241.27105712890625,69574300,0.0,0.0,0.0
2018-01-11 00:00:00-05:00,241.8255340603897,243.03135681152344,241.6583004230254,243.03135681152344,62361500,0.0,0.0,0.0
2018-01-12 00:00:00-05:00,243.29542825584758,244.78288366057578,242.99614826380247,244.6156768798828,90816100,0.0,0.0,0.0
2018-01-16 00:00:00-05:00,245.87435546460017,246.5256696509318,243.08421767570212,243.77955627441406,106555100,0.0,0.0,0.0
2018-01-17 00:00:00-05:00,244.71251442448408,246.4904398023778,243.77954075622463,246.10316467285156,113258800,0.0,0.0,0.0
2018-01-18 00:00:00-05:00,245.9887826104511,246.41124506409105,245.19661178881137,245.6895294189453,100728000,0.0,0.0,0.0
2018-01-19 00:00:00-05:00,246.27041209526817,246.8073272705078,245.6895262290551,246.8073272705078,140920100,0.0,0.0,0.0
2018-01-22 00:00:00-05:00,246.59609375901607,248.81410217285156,246.54325909295474,248.81410217285156,91322400,0.0,0.0,0.0
2018-01-23 00:00:00-05:00,248.85804057747723,249.63259068853083,248.53238356726726,249.34214782714844,97084700,0.0,0.0,0.0
2018-01-24 00:00:00-05:00,249.98466681779405,250.5831999422078,248.06591192799587,249.24533081054688,134816100,0.0,0.0,0.0
2018-01-25 00:00:00-05:00,250.1080005095375,250.2048058868254,248.55889958863114,249.35104370117188,84587300,0.0,0.0,0.0
2018-01-26 00:00:00-05:00,250.1871555817258,252.28195470890776,249.93189995130047,252.23793029785156,107743100,0.0,0.0,0.0
2018-01-29 00:00:00-05:00,251.66585077927087,252.10593376676047,250.40721988157878,250.56564331054688,90118300,0.0,0.0,0.0
2018-01-30 00:00:00-05:00,248.73477341209036,250.61831359750633,247.52014073544345,247.9954376220703,131796400,0.0,0.0,0.0
2018-01-31 00:00:00-05:00,248.84931188627255,249.35098602984448,247.04495569446198,248.11875915527344,108364800,0.0,0.0,0.0
2018-02-01 00:00:00-05:00,247.3881851399711,249.1397063257959,247.0449076164335,247.83705139160156,90102500,0.0,0.0,0.0
2018-02-02 00:00:00-05:00,246.51682600867105,246.64887236739563,242.40646675517465,242.44168090820312,173174800,0.0,0.0,0.0
2018-02-05 00:00:00-05:00,240.68131857966466,242.79371086272545,231.75642559353702,232.3021240234375,294681800,0.0,0.0,0.0
2018-02-06 00:00:00-05:00,228.7903023920032,237.38072927764424,227.69890538491987,236.8790283203125,355026800,0.0,0.0,0.0
2018-02-07 00:00:00-05:00,236.32455055637257,239.7219781294161,235.51478608778726,235.59402465820312,167376100,0.0,0.0,0.0
2018-02-08 00:00:00-05:00,235.89325141817721,236.03408117347925,226.72191170053435,226.7571258544922,246449500,0.0,0.0,0.0
2018-02-09 00:00:00-05:00,229.5472489990059,232.0205129539918,222.6115510503879,230.1633758544922,283565300,0.0,0.0,0.0
2018-02-12 00:00:00-05:00,232.2141082919744,235.01305567391455,230.3041637362492,233.5431671142578,143736000,0.0,0.0,0.0
2018-02-13 00:00:00-05:00,232.3373339706034,234.66976763389977,231.75642140267445,234.1240692138672,81223600,0.0,0.0,0.0
2018-02-14 00:00:00-05:00,232.63661551940828,237.64476096412412,232.62780526622583,237.2838897705078,120735700,0.0,0.0,0.0
2018-02-15 00:00:00-05:00,239.02659590009435,240.32044050103426,236.56211592374362,240.31163024902344,111200300,0.0,0.0,0.0
2018-02-16 00:00:00-05:00,239.68679883222927,242.32729669194248,239.64277441824743,240.38211059570312,160420100,0.0,0.0,0.0
2018-02-20 00:00:00-05:00,239.4314923731264,240.87497712315854,238.08483982487812,238.87698364257812,86369700,0.0,0.0,0.0
2018-02-21 00:00:00-05:00,239.31712469165862,241.79919920284223,237.59200689107456,237.68881225585938,98883700,0.0,0.0,0.0
2018-02-22 00:00:00-05:00,238.61296827236853,240.32927557049345,237.32793364711858,237.99684143066406,110511300,0.0,0.0,0.0
2018-02-23 00:00:00-05:00,239.22029018931661,241.7903594970703,238.7449930968572,241.7903594970703,92766400,0.0,0.0,0.0
2018-02-26 00:00:00-05:00,242.86417085379668,244.69493097156393,242.274474741448,244.5980987548828,86491400,0.0,0.0,0.0
2018-02-27 00:00:00-05:00,244.7828878438035,245.49584682465152,241.48226622730925,241.54388427734375,99099200,0.0,0.0,0.0
2018-02-28 00:00:00-05:00,242.64409768643978,243.09299083312848,238.78018384941745,239.09703063964844,121907800,0.0,0.0,0.0
2018-03-01 00:00:00-05:00,238.8857993934386,240.4348997734121,234.12409926408978,235.62039184570312,176855100,0.0,0.0,0.0
2018-03-02 00:00:00-05:00,233.94807897529424,237.398341026059,233.0855336080012,236.83502197265625,139083200,0.0,0.0,0.0
2018-03-05 00:00:00-05:00,235.6467947883253,240.18845345256145,235.54115233150563,239.57232666015625,97307400,0.0,0.0,0.0
2018-03-06 00:00:00-05:00,240.5493727197497,240.62861130218002,238.68342497592946,240.17971801757812,79213200,0.0,0.0,0.0
2018-03-07 00:00:00-05:00,238.01449598620087,240.44373582436765,237.82085839629667,240.0916748046875,87063500,0.0,0.0,0.0
2018-03-08 00:00:00-05:00,240.7693564135305,241.37667299607364,239.7747915704599,241.2534637451172,66901200,0.0,0.0,0.0
2018-03-09 00:00:00-05:00,242.66176276423687,245.45187377929688,242.3448890552754,245.45187377929688,113625300,0.0,0.0,0.0
2018-03-12 00:00:00-04:00,245.7423167630409,246.36722699736953,244.75650844539223,245.14378356933594,71924800,0.0,0.0,0.0
2018-03-13 00:00:00-04:00,246.30560716082977,246.80730813965732,242.95217743587503,243.5594940185547,91968900,0.0,0.0,0.0
2018-03-14 00:00:00-04:00,244.51884067897245,244.70366796236553,241.75513423868796,242.3096160888672,105895100,0.0,0.0,0.0
2018-03-15 00:00:00-04:00,242.82015876545825,243.4626626446098,241.54390753995625,242.0456085205078,83433000,0.0,0.0,0.0
2018-03-16 00:00:00-04:00,242.57323255706797,243.35973066378793,242.25511667218015,242.30813598632812,100343700,1.097,0.0,0.0
2018-03-19 00:00:00-04:00,241.55688015274268,242.48474468467887,237.3770130540277,239.02951049804688,109208400,0.0,0.0,0.0
2018-03-20 00:00:00-04:00,239.4272659095059,240.0723701132613,238.7556520517941,239.4361114501953,59757300,0.0,0.0,0.0
2018-03-21 00:00:00-04:00,239.39185251338063,241.4861955710921,238.76443954354212,238.9765167236328,78709600,0.0,0.0,0.0
2018-03-22 00:00:00-04:00,236.74966416722836,237.5979999945079,232.72885384939002,233.00282287597656,148785900,0.0,0.0,0.0
2018-03-23 00:00:00-04:00,233.44472733817716,233.77168878292085,227.84210113020106,228.03651428222656,183534800,0.0,0.0,0.0
2018-03-26 00:00:00-04:00,231.64196251475806,234.5581324853792,229.23832153864055,234.2753448486328,141956100,0.0,0.0,0.0
2018-03-27 00:00:00-04:00,235.21202078562462,235.74221375579822,228.73455132957181,230.28985595703125,129941400,0.0,0.0,0.0
2018-03-28 00:00:00-04:00,230.42242836273297,232.0926172982425,228.50480702582675,229.6094207763672,146452300,0.0,0.0,0.0
2018-03-29 00:00:00-04:00,230.749306625659,234.4077989947259,229.61818363114494,232.54319763183594,111601600,0.0,0.0,0.0
2018-04-02 00:00:00-04:00,232.0130642531419,232.52562014188928,225.0495882525477,227.52392578125,186286300,0.0,0.0,0.0
2018-04-03 00:00:00-04:00,228.7610258854182,230.91723352704287,226.96713469656925,230.44003295898438,119956900,0.0,0.0,0.0
2018-04-04 00:00:00-04:00,226.88763069202741,233.6125052626878,226.75508245525387,232.9055633544922,123715300,0.0,0.0,0.0
2018-04-05 00:00:00-04:00,234.66418795634513,235.62743509868207,233.5772650372358,234.74374389648438,82652600,0.0,0.0,0.0
2018-04-06 00:00:00-04:00,232.7818432731498,234.2752559200841,227.99222725325936,229.51217651367188,179521200,0.0,0.0,0.0
2018-04-09 00:00:00-04:00,230.970332966311,234.03674208867398,229.70666119589032,230.64337158203125,105442900,0.0,0.0,0.0
2018-04-10 00:00:00-04:00,233.53298611524056,235.0971362790858,232.39304426307268,234.31063842773438,103529000,0.0,0.0,0.0
2018-04-11 00:00:00-04:00,232.82607373811788,234.7436951143563,232.75539032260153,233.0823516845703,91140200,0.0,0.0,0.0
2018-04-12 00:00:00-04:00,234.40785066181715,235.9454641579969,234.23110169917575,234.99990844726562,68890500,0.0,0.0,0.0
2018-04-13 00:00:00-04:00,236.30778850590198,236.42267263862578,233.30324481789924,234.31063842773438,85079200,0.0,0.0,0.0
2018-04-16 00:00:00-04:00,235.94550015531053,237.0059401567355,235.1236739866664,236.2371063232422,63405300,0.0,0.0,0.0
2018-04-17 00:00:00-04:00,238.004537915327,239.3654299080255,237.49200888769818,238.7645263671875,64682000,0.0,0.0,0.0
2018-04-18 00:00:00-04:00,239.20630438235702,239.74534291484298,238.48167133413318,238.9412078857422,57303900,0.0,0.0,0.0
2018-04-19 00:00:00-04:00,238.28724837406062,238.49050699178184,236.5817313909208,237.61566162109375,77655900,0.0,0.0,0.0
2018-04-20 00:00:00-04:00,237.5449917152264,237.76591448025806,234.71716953557635,235.60086059570312,99953100,0.0,0.0,0.0
2018-04-23 00:00:00-04:00,236.17522430550414,236.73195385379043,234.4873715522299,235.5654754638672,65558000,0.0,0.0,0.0
2018-04-24 00:00:00-04:00,236.59055200822522,236.8114747123485,230.89073545460306,232.3930206298828,112885500,0.0,0.0,0.0
2018-04-25 00:00:00-04:00,232.33122486476995,233.40932906010042,230.51082339909723,232.9674835205078,103840900,0.0,0.0,0.0
2018-04-26 00:00:00-04:00,233.9925234034569,236.16639548906852,233.55067794884684,235.33572387695312,67731900,0.0,0.0,0.0
2018-04-27 00:00:00-04:00,235.94542092070674,236.24587252765468,234.6198848481185,235.5565948486328,57053600,0.0,0.0,0.0
2018-04-30 00:00:00-04:00,236.1752674598288,236.73199710984161,233.67440680470918,233.7451171875,82182300,0.0,0.0,0.0
2018-05-01 00:00:00-04:00,233.17953515335418,234.2664847699566,231.62423039491986,234.1604461669922,74203400,0.0,0.0,0.0
2018-05-02 00:00:00-04:00,233.96597302347948,234.77895341628965,232.19859151272493,232.58741760253906,86368900,0.0,0.0,0.0
2018-05-03 00:00:00-04:00,231.7567896085878,232.728828047359,228.920122334684,232.0749053955078,136311500,0.0,0.0,0.0
2018-05-04 00:00:00-04:00,231.10284331231682,235.75991179330262,230.77588198168894,235.07945251464844,91222100,0.0,0.0,0.0
2018-05-07 00:00:00-04:00,235.84830724288375,236.84685543367848,235.15900236383027,235.87481689453125,55304900,0.0,0.0,0.0
2018-05-08 00:00:00-04:00,235.50365480335702,236.23710647767695,234.31066654300142,235.87481689453125,67499200,0.0,0.0,0.0
2018-05-09 00:00:00-04:00,236.54638487556414,238.4816701959383,236.02501045597168,238.1547088623047,59666100,0.0,0.0,0.0
2018-05-10 00:00:00-04:00,238.89701270393888,240.7085953665572,238.7909741028311,240.38160705566406,72063900,0.0,0.0,0.0
2018-05-11 00:00:00-04:00,240.5053937532322,241.38023938788254,239.99283776888683,241.11514282226562,59871500,0.0,0.0,0.0
2018-05-14 00:00:00-04:00,241.54809628614152,242.20201900063026,240.6820693919491,241.22998046875,54790600,0.0,0.0,0.0
2018-05-15 00:00:00-04:00,240.00164927713664,240.01931338963473,238.62309339518507,239.5686492919922,87036100,0.0,0.0,0.0
2018-05-16 00:00:00-04:00,239.6039504074176,241.0355252718733,239.57741379249362,240.57598876953125,53942600,0.0,0.0,0.0
2018-05-17 00:00:00-04:00,240.31093789069186,241.45090685639775,239.59515032267205,240.372802734375,56536400,0.0,0.0,0.0
2018-05-18 00:00:00-04:00,240.028143784387,240.3904603285665,239.4183948402933,239.77186584472656,64368000,0.0,0.0,0.0
2018-05-21 00:00:00-04:00,241.25648440986458,242.11366574391533,240.86765821907193,241.57460021972656,58025900,0.0,0.0,0.0
2018-05-22 00:00:00-04:00,242.09589616155162,242.3521740151333,240.57594708171175,240.9029083251953,52966400,0.0,0.0,0.0
2018-05-23 00:00:00-04:00,239.63049171237495,241.5922867405001,239.47140684233702,241.5657501220703,64694200,0.0,0.0,0.0
2018-05-24 00:00:00-04:00,241.16812763166678,241.44206969964975,239.2858613807374,241.07090759277344,76043800,0.0,0.0,0.0
2018-05-25 00:00:00-04:00,240.49644470214844,241.12385761614667,239.99273447615838,240.49644470214844,56374800,0.0,0.0,0.0
2018-05-29 00:00:00-04:00,238.870483330366,239.6304715224005,236.61708233856234,237.7305145263672,115908600,0.0,0.0,0.0
2018-05-30 00:00:00-04:00,239.03833389642136,241.34475367435692,238.96765050651948,240.9029083251953,69678400,0.0,0.0,0.0
2018-05-31 00:00:00-04:00,240.49644336457965,240.79689499733175,238.82628179308952,239.42718505859375,93519900,0.0,0.0,0.0
2018-06-01 00:00:00-04:00,240.72617694878127,242.07822258559747,240.65546659354575,241.77777099609375,71258400,0.0,0.0,0.0
2018-06-04 00:00:00-04:00,242.59964393045277,243.18288311790948,242.36105711344487,242.92660522460938,45385200,0.0,0.0,0.0
2018-06-05 00:00:00-04:00,243.059238592946,243.48342005097604,242.29043161185885,243.1034393310547,51135000,0.0,0.0,0.0
2018-06-06 00:00:00-04:00,243.7131954532173,245.2419639185261,243.09460084664707,245.13592529296875,62732200,0.0,0.0,0.0
2018-06-07 00:00:00-04:00,245.62197676812804,245.9135829945255,244.19921993042797,245.1094207763672,72969400,0.0,0.0,0.0
2018-06-08 00:00:00-04:00,244.64985693869826,245.8870189359492,244.48195349248826,245.83399963378906,72139700,0.0,0.0,0.0
2018-06-11 00:00:00-04:00,246.05497211643404,246.87679843413778,245.940087949163,246.1610107421875,58892500,0.0,0.0,0.0
2018-06-12 00:00:00-04:00,246.57638010913465,246.8414767094671,245.8340826600857,246.47918701171875,72329000,0.0,0.0,0.0
2018-06-13 00:00:00-04:00,246.7176198951168,246.97389776082363,245.48927682164364,245.69253540039062,79070600,0.0,0.0,0.0
2018-06-14 00:00:00-04:00,246.55860485683905,246.84136544703483,245.71908772066405,246.31117248535156,77097600,0.0,0.0,0.0
2018-06-15 00:00:00-04:00,245.52649004573834,246.3342630036423,244.41691627211264,245.9969482421875,120041600,1.246,0.0,0.0
2018-06-18 00:00:00-04:00,244.54121078049525,245.61529785717133,244.06189434330213,245.4910125732422,52917600,0.0,0.0,0.0
2018-06-19 00:00:00-04:00,243.21849965616494,244.77190248243608,242.8012989563986,244.54998779296875,97531500,0.0,0.0,0.0
2018-06-20 00:00:00-04:00,245.2335873283846,245.63304478761074,244.62998559866284,244.96730041503906,53785500,0.0,0.0,0.0
2018-06-21 00:00:00-04:00,244.95835405367882,244.97612456960783,242.93449274945104,243.43157958984375,71061400,0.0,0.0,0.0
2018-06-22 00:00:00-04:00,244.69214669243587,244.8075467266566,243.65357347365938,243.87548828125,54898500,0.0,0.0,0.0
2018-06-25 00:00:00-04:00,242.72144709225415,242.8812191897584,238.86901079141106,240.55555725097656,137854200,0.0,0.0,0.0
2018-06-26 00:00:00-04:00,241.12375552974973,241.94038681511896,240.36923979992196,241.08824157714844,68547400,0.0,0.0,0.0
2018-06-27 00:00:00-04:00,241.6741102830726,243.1032286385101,238.94010468862106,239.0910186767578,105110700,0.0,0.0,0.0
2018-06-28 00:00:00-04:00,239.03773254071504,241.22136639578738,238.3275889896138,240.45799255371094,76650500,0.0,0.0,0.0
2018-06-29 00:00:00-04:00,241.54978381672169,242.91678638094555,240.68875342804373,240.8041534423828,97592500,0.0,0.0,0.0
2018-07-02 00:00:00-04:00,239.23299268750813,241.47876893898498,238.99330741347623,241.3189697265625,63554800,0.0,0.0,0.0
2018-07-03 00:00:00-04:00,242.2154860372572,242.31314260519264,240.04073792895596,240.466796875,42187100,0.0,0.0,0.0
2018-07-05 00:00:00-04:00,241.594168530159,242.49068572392176,240.52008160667532,242.4285430908203,56925900,0.0,0.0,0.0
2018-07-06 00:00:00-04:00,242.4551731469632,244.85183600448178,242.07345921926444,244.47903442382812,66493700,0.0,0.0,0.0
2018-07-09 00:00:00-04:00,245.48202935231578,246.73363150616552,245.43765724816657,246.6803741455078,50550400,0.0,0.0,0.0
2018-07-10 00:00:00-04:00,247.1331861800095,247.66578708564802,246.84024349176497,247.56813049316406,51966800,0.0,0.0,0.0
2018-07-11 00:00:00-04:00,246.01473770859317,246.8047673860751,245.45550808776144,245.75730895996094,77054700,0.0,0.0,0.0
2018-07-12 00:00:00-04:00,247.0177302686697,248.03853263814824,246.41412868714167,247.9852752685547,60124700,0.0,0.0,0.0
2018-07-13 00:00:00-04:00,247.80783184927517,248.4824344235151,247.3551169867808,248.18063354492188,48216000,0.0,0.0,0.0
2018-07-16 00:00:00-04:00,248.2250084465951,248.3670100667939,247.5148648995688,247.9586944580078,48201000,0.0,0.0,0.0
2018-07-17 00:00:00-04:00,247.18645833464043,249.35234894826192,247.1332009498144,248.96177673339844,52315500,0.0,0.0,0.0
2018-07-18 00:00:00-04:00,249.04162883488385,249.59197312914412,248.59779929574424,249.48545837402344,44593500,0.0,0.0,0.0
2018-07-19 00:00:00-04:00,248.81974310209378,249.2014300488867,248.06522737966486,248.54457092285156,61412100,0.0,0.0,0.0
2018-07-20 00:00:00-04:00,248.34030779907545,248.9705650895561,248.10064966063814,248.2604217529297,82337700,0.0,0.0,0.0
2018-07-23 00:00:00-04:00,248.0563016932374,248.9261901176102,247.71010170371684,248.7220458984375,47047600,0.0,0.0,0.0
2018-07-24 00:00:00-04:00,250.1333556742689,250.81684312940115,249.1036683191489,249.9735565185547,68026900,0.0,0.0,0.0
2018-07-25 00:00:00-04:00,249.72511801013184,252.4236092086071,249.68074589164465,252.10406494140625,78882900,0.0,0.0,0.0
2018-07-26 00:00:00-04:00,251.38497342649512,252.19271906525444,251.2873168758302,251.5092315673828,57919500,0.0,0.0,0.0
2018-07-27 00:00:00-04:00,251.83772754225907,251.93538411873658,248.88183498872385,249.8050079345703,76768700,0.0,0.0,0.0
2018-07-30 00:00:00-04:00,249.88488314313972,250.0446552549437,247.97639470285225,248.50013732910156,63742500,0.0,0.0,0.0
2018-07-31 00:00:00-04:00,249.26358564496655,250.3376457258567,248.88189867834086,249.72515869140625,68570500,0.0,0.0,0.0
2018-08-01 00:00:00-04:00,249.92923338303018,250.43520544866445,248.6598876794489,249.307861328125,53853300,0.0,0.0,0.0
2018-08-02 00:00:00-04:00,248.0030992495822,250.8347069740888,247.7989278959903,250.66607666015625,63426400,0.0,0.0,0.0
2018-08-03 00:00:00-04:00,250.79021941130983,251.79327810851308,250.6126768299803,251.74002075195312,53935400,0.0,0.0,0.0
2018-08-06 00:00:00-04:00,251.7755948438292,252.97391274194152,251.3850227429389,252.6632537841797,39400900,0.0,0.0,0.0
2018-08-07 00:00:00-04:00,253.32908084988236,253.87942523863754,253.19591029391069,253.49771118164062,43196600,0.0,0.0,0.0
2018-08-08 00:00:00-04:00,253.32908927357005,253.7906623367623,252.92963177079216,253.39120483398438,42114600,0.0,0.0,0.0
2018-08-09 00:00:00-04:00,253.45329850596946,253.84387067212316,252.91183946469604,253.04498291015625,35717000,0.0,0.0,0.0
2018-08-10 00:00:00-04:00,251.6069159603499,252.1483748648411,250.63934395961866,251.3494873046875,77076000,0.0,0.0,0.0
2018-08-13 00:00:00-04:00,251.62474963484885,252.23723663812476,250.1157181883877,250.40866088867188,65732900,0.0,0.0,0.0
2018-08-14 00:00:00-04:00,251.13655053785575,252.2461245279351,250.74597832621112,252.00643920898438,43842000,0.0,0.0,0.0
2018-08-15 00:00:00-04:00,250.6571277422336,250.79915641876548,248.6865238753039,250.12452697753906,102925400,0.0,0.0,0.0
2018-08-16 00:00:00-04:00,251.5625335832297,253.0183072210557,251.5270196413021,252.1483917236328,69967900,0.0,0.0,0.0
2018-08-17 00:00:00-04:00,251.9442870366462,253.4799471329589,251.53597140871622,253.03611755371094,65618500,0.0,0.0,0.0
2018-08-20 00:00:00-04:00,253.4887280924832,253.84378619194763,253.03601343937802,253.57749938964844,39807500,0.0,0.0,0.0
2018-08-21 00:00:00-04:00,254.09241617817474,255.03333265260636,253.6130726814549,254.17230224609375,67272000,0.0,0.0,0.0
2018-08-22 00:00:00-04:00,253.76399460900163,254.54513897210413,253.49768061837668,254.02142333984375,44993300,0.0,0.0,0.0
2018-08-23 00:00:00-04:00,253.843808350209,254.70483853839855,253.36446497503155,253.6840362548828,49204900,0.0,0.0,0.0
2018-08-24 00:00:00-04:00,254.261013918595,255.35284410240035,254.20775655247763,255.2108154296875,57487400,0.0,0.0,0.0
2018-08-27 00:00:00-04:00,256.40917185937667,257.33234482639574,256.24939973697053,257.225830078125,57072400,0.0,0.0,0.0
2018-08-28 00:00:00-04:00,257.6873547486161,257.79389656613364,256.8884671970246,257.3500671386719,46943500,0.0,0.0,0.0
2018-08-29 00:00:00-04:00,257.56320762141524,258.9656972975092,257.3235493793894,258.73492431640625,61485500,0.0,0.0,0.0
2018-08-30 00:00:00-04:00,258.2554314810419,258.6282329753944,257.092600719047,257.68731689453125,61229500,0.0,0.0,0.0
2018-08-31 00:00:00-04:00,257.2790273013543,258.1400574341752,256.7908257895186,257.69622802734375,66140800,0.0,0.0,0.0
2018-09-04 00:00:00-04:00,257.27907009152085,257.6074995729283,256.2493824457125,257.25244140625,57594400,0.0,0.0,0.0
2018-09-05 00:00:00-04:00,256.8973733202907,257.1015446256181,255.54814150332868,256.56005859375,72452400,0.0,0.0,0.0
2018-09-06 00:00:00-04:00,256.66669216689905,256.9684930911159,254.75823000802654,255.7879180908203,65909900,0.0,0.0,0.0
2018-09-07 00:00:00-04:00,254.74039670565793,256.26717131198063,254.50071143185613,255.29074096679688,73524800,0.0,0.0,0.0
2018-09-10 00:00:00-04:00,256.3027222309289,256.56903625847275,255.53934828156608,255.73463439941406,50210900,0.0,0.0,0.0
2018-09-11 00:00:00-04:00,255.08655922474992,257.0216493185275,254.7403863055744,256.57781982421875,50530500,0.0,0.0,0.0
2018-09-12 00:00:00-04:00,256.5866962429352,257.2435552033378,255.84995122701346,256.63995361328125,59810800,0.0,0.0,0.0
2018-09-13 00:00:00-04:00,257.70517974058833,258.3442953348075,257.4211223455566,258.1578674316406,51034200,0.0,0.0,0.0
2018-09-14 00:00:00-04:00,258.3620426364613,258.5484434532182,257.4211262043679,258.2022705078125,55079900,0.0,0.0,0.0
2018-09-17 00:00:00-04:00,258.149011258561,258.1844981163113,256.5600939750923,256.83526611328125,68244000,0.0,0.0,0.0
2018-09-18 00:00:00-04:00,257.04831057908905,258.82362878130147,257.02168188962406,258.2289123535156,61930400,0.0,0.0,0.0
2018-09-19 00:00:00-04:00,258.2821745760306,258.9212902243807,258.1578892967261,258.50408935546875,49080600,0.0,0.0,0.0
2018-09-20 00:00:00-04:00,259.76456338411145,260.91850934003577,258.52181901409443,260.59893798828125,100360600,0.0,0.0,0.0
2018-09-21 00:00:00-04:00,261.34172092502115,261.45764333870767,260.2003749632241,260.3608703613281,105479700,1.323,0.0,0.0
2018-09-24 00:00:00-04:00,259.78125390322805,259.9239255325764,258.9163258584371,259.49591064453125,53409600,0.0,0.0,0.0
2018-09-25 00:00:00-04:00,259.9506646292709,260.05766154415363,259.0144144122169,259.2551574707031,44370000,0.0,0.0,0.0
2018-09-26 00:00:00-04:00,259.3978270962072,260.5837458427951,258.06031124681675,258.4794006347656,79739700,0.0,0.0,0.0
2018-09-27 00:00:00-04:00,258.9520221046623,260.2895381277292,258.67560430350846,259.2016906738281,59249500,0.0,0.0,0.0
2018-09-28 00:00:00-04:00,258.57752029215237,259.7277917564604,258.5418727887045,259.22845458984375,70091400,0.0,0.0,0.0
2018-10-01 00:00:00-04:00,260.4678733934338,261.19905539547744,259.4603007849608,260.1290588378906,62078900,0.0,0.0,0.0
2018-10-02 00:00:00-04:00,259.97747802734375,260.69080911051776,259.6029887328202,259.97747802734375,47258200,0.0,0.0,0.0
2018-10-03 00:00:00-04:00,261.0295570381276,261.44864638205115,259.7633907390065,260.12005615234375,64694600,0.0,0.0,0.0
2018-10-04 00:00:00-04:00,259.6386684681304,259.6921669454175,256.4999732159816,258.087158203125,111545900,0.0,0.0,0.0
2018-10-05 00:00:00-04:00,258.3100411101316,258.82720205480575,255.2159192888122,256.6426086425781,105951700,0.0,0.0,0.0
2018-10-08 00:00:00-04:00,255.95599959464238,256.9992741780606,254.57391044020932,256.6426086425781,87742200,0.0,0.0,0.0
2018-10-09 00:00:00-04:00,256.2591376202274,257.5698770527391,255.70627486797824,256.2680358886719,74339000,0.0,0.0,0.0
2018-10-10 00:00:00-04:00,255.75983142489545,255.8311808596394,247.7793345615603,248.15382385253906,214731000,0.0,0.0,0.0
2018-10-11 00:00:00-04:00,247.0659164559745,248.68877555553425,241.07384434453292,242.68780517578125,274840500,0.0,0.0,0.0
2018-10-12 00:00:00-04:00,246.78956549462055,247.07490881808016,242.86619003848062,246.05841064453125,183186500,0.0,0.0,0.0
2018-10-15 00:00:00-04:00,245.70164711563956,247.03026467764224,244.58705059050632,244.6762237548828,102263700,0.0,0.0,0.0
2018-10-16 00:00:00-04:00,246.6378981861361,250.4007767416327,246.16531039841902,250.02626037597656,118255800,0.0,0.0,0.0
2018-10-17 00:00:00-04:00,250.0619973703059,250.69508066736435,247.4939622570456,250.0709228515625,110626000,0.0,0.0,0.0
2018-10-18 00:00:00-04:00,249.13468826393387,249.7321241626372,245.18456346650396,246.45965576171875,134557500,0.0,0.0,0.0
2018-10-19 00:00:00-04:00,247.1106083467535,249.04553342733988,245.63042032101035,246.325927734375,139901600,0.0,0.0,0.0
2018-10-22 00:00:00-04:00,246.99459808591837,247.31558883402667,244.68515727537218,245.2201690673828,82415800,0.0,0.0,0.0
2018-10-23 00:00:00-04:00,241.59993397454068,245.0952931537513,239.51338550320153,243.97177124023438,146352700,0.0,0.0,0.0
2018-10-24 00:00:00-04:00,243.7221665604862,244.1056085152865,236.02701362087163,236.57984924316406,177806700,0.0,0.0,0.0
2018-10-25 00:00:00-04:00,238.41670611178432,242.36683043885208,237.39128255040535,240.82421875,138061500,0.0,0.0,0.0
2018-10-26 00:00:00-04:00,237.1148434203108,241.64455220429213,233.87805041512033,236.58872985839844,201574600,0.0,0.0,0.0
2018-10-29 00:00:00-04:00,239.6828886762731,240.97583186890742,231.70239179254523,235.2779998779297,160749100,0.0,0.0,0.0
2018-10-30 00:00:00-04:00,235.1085493894077,239.0764967726375,234.6181105812581,238.764404296875,157116000,0.0,0.0,0.0
2018-10-31 00:00:00-04:00,241.33239894085352,243.6329410714347,240.85981117167606,241.3145751953125,128296300,0.0,0.0,0.0
2018-11-01 00:00:00-04:00,242.17952274893688,244.07879945873134,241.0916755223415,243.88262939453125,99495000,0.0,0.0,0.0
2018-11-02 00:00:00-04:00,244.98832474567004,245.4163396224673,240.38726686446276,242.43814086914062,122634100,0.0,0.0,0.0
2018-11-05 00:00:00-05:00,242.92859139177023,244.32853143115284,241.95666629775653,243.77569580078125,65622500,0.0,0.0,0.0
2018-11-06 00:00:00-05:00,243.713259479327,245.47876321419287,243.6508355340776,245.31826782226562,60085900,0.0,0.0,0.0
2018-11-07 00:00:00-05:00,247.49395383760404,250.6504991579241,247.0659389293435,250.57025146484375,102752100,0.0,0.0,0.0
2018-11-08 00:00:00-05:00,249.76772655026718,250.75750254744202,248.97414786812354,250.11549377441406,65584900,0.0,0.0,0.0
2018-11-09 00:00:00-05:00,248.80469199431192,248.99193658998522,246.26340649142955,247.67227172851562,98812600,0.0,0.0,0.0
2018-11-12 00:00:00-05:00,247.16400847527626,247.40475152616438,242.52727608994468,243.04446411132812,99673600,0.0,0.0,0.0
2018-11-13 00:00:00-05:00,243.50814820119857,245.5054966258056,241.86746525072402,242.5897216796875,98176600,0.0,0.0,0.0
2018-11-14 00:00:00-05:00,244.4622787743081,244.86351727642744,239.37080844951709,240.93124389648438,125335900,0.0,0.0,0.0
2018-11-15 00:00:00-05:00,239.66505152031465,243.90944467046296,238.08679231174762,243.4457550048828,135101400,0.0,0.0,0.0
2018-11-16 00:00:00-05:00,242.34900113908057,244.98835854724607,241.83181302344755,244.078857421875,126668000,0.0,0.0,0.0
2018-11-19 00:00:00-05:00,243.4724721125767,243.7667408556487,239.03193664286542,239.9503631591797,103061700,0.0,0.0,0.0
2018-11-20 00:00:00-05:00,236.6154825797557,238.0778464586344,234.64488330516025,235.5098114013672,136021300,0.0,0.0,0.0
2018-11-21 00:00:00-05:00,237.0613378956643,238.21160934833,236.30343388346577,236.3123321533203,75563700,0.0,0.0,0.0
2018-11-23 00:00:00-05:00,234.6716458769011,236.13400983891086,234.57357442697398,234.73406982421875,42807900,0.0,0.0,0.0
2018-11-26 00:00:00-05:00,236.98996524978256,238.74657042316187,236.59762510463386,238.52365112304688,79981400,0.0,0.0,0.0
2018-11-27 00:00:00-05:00,237.48936431574663,239.3262176513672,236.8830301919533,239.3262176513672,75502400,0.0,0.0,0.0
2018-11-28 00:00:00-05:00,240.39625553003134,244.8367919921875,239.2638077078852,244.8367919921875,127629600,0.0,0.0,0.0
2018-11-29 00:00:00-05:00,244.0609875245852,245.70167050031392,242.91964166269426,244.3017578125,82346400,0.0,0.0,0.0
2018-11-30 00:00:00-05:00,244.15021024599378,246.3526547247184,243.82921941274031,245.7908935546875,98204200,0.0,0.0,0.0
2018-12-03 00:00:00-05:00,249.91935540908307,250.0263523495367,247.44941866082354,249.04550170898438,103176300,0.0,0.0,0.0
2018-12-04 00:00:00-05:00,248.21621516014721,248.64423007681054,240.6637070512194,240.97579956054688,177986000,0.0,0.0,0.0
2018-12-06 00:00:00-05:00,237.11482416580566,240.7261061111731,234.0117775673874,240.6101837158203,204185400,0.0,0.0,0.0
2018-12-07 00:00:00-05:00,240.27131230035198,241.84067276000542,234.18116946374604,235.01934814453125,161018900,0.0,0.0,0.0
2018-12-10 00:00:00-05:00,234.8410402406926,236.43715018686217,230.6055731722175,235.46522521972656,151445900,0.0,0.0,0.0
2018-12-11 00:00:00-05:00,238.66635768295276,238.85360230315126,234.0474756391725,235.51873779296875,121504400,0.0,0.0,0.0
2018-12-12 00:00:00-05:00,238.49690022951813,239.8611652482189,236.62437267926674,236.70462036132812,97976700,0.0,0.0,0.0
2018-12-13 00:00:00-05:00,237.64987435262964,238.51480260463467,235.5098538233727,236.62445068359375,96662700,0.0,0.0,0.0
2018-12-14 00:00:00-05:00,234.47545576293268,235.42955700710894,231.70235241482038,232.25518798828125,116961100,0.0,0.0,0.0
2018-12-17 00:00:00-05:00,231.3010700046853,232.4156665517509,226.06692897355805,227.69869995117188,165492300,0.0,0.0,0.0
2018-12-18 00:00:00-05:00,229.33943144675922,230.0081894771695,225.84404416794135,227.44906616210938,134515100,0.0,0.0,0.0
2018-12-19 00:00:00-05:00,227.52927740072613,231.30106827818616,222.33972299140083,224.04281616210938,214992800,0.0,0.0,0.0
2018-12-20 00:00:00-05:00,222.7945189589598,224.3638663077274,218.14887365057305,220.39590454101562,252053400,0.0,0.0,0.0
2018-12-21 00:00:00-05:00,221.29723955486546,223.96098705013893,215.23429286121228,215.8800506591797,255345600,1.435,0.0,0.0
2018-12-24 00:00:00-05:00,214.39121089586055,216.00560532658943,210.11308276113894,210.1758575439453,147311600,0.0,0.0,0.0
2018-12-26 00:00:00-05:00,211.63774284852516,220.794921875,209.65562295962675,220.794921875,218485400,0.0,0.0,0.0
2018-12-27 00:00:00-05:00,217.55720350668773,222.68736845864834,214.3194510487106,222.4900665283203,186267300,0.0,0.0,0.0
2018-12-28 00:00:00-05:00,223.84440983280513,225.4767323217771,221.0371572860196,222.20310974121094,153100200,0.0,0.0,0.0
2018-12-31 00:00:00-05:00,223.82644361450068,224.3914851025564,221.95195871285873,224.14932250976562,144299400,0.0,0.0,0.0
2019-01-02 00:00:00-05:00,220.61564101388458,225.30635670743422,220.58873557425875,224.38255310058594,126925200,0.0,0.0,0.0
2019-01-03 00:00:00-05:00,222.633586997628,222.9385380619332,218.5437967601723,219.0281219482422,144140700,0.0,0.0,0.0
2019-01-04 00:00:00-05:00,222.0595916892461,227.01039710544208,221.68290190659857,226.36463928222656,142628800,0.0,0.0,0.0
2019-01-07 00:00:00-05:00,226.63376847357893,229.55760730039881,225.73688388659914,228.14950561523438,103139100,0.0,0.0,0.0
2019-01-08 00:00:00-05:00,230.33782938683666,230.77729392927085,227.80860912598874,230.29296875,102512600,0.0,0.0,0.0
2019-01-09 00:00:00-05:00,231.001552052594,232.21235150960845,229.7728247604112,231.36927795410156,95006600,0.0,0.0,0.0
2019-01-10 00:00:00-05:00,229.83563750113174,232.43659715362483,229.15399650240835,232.1854705810547,96823900,0.0,0.0,0.0
2019-01-11 00:00:00-05:00,231.10918026804572,232.30205192325036,230.52621084525182,232.275146484375,73858100,0.0,0.0,0.0
2019-01-14 00:00:00-05:00,230.37370700114573,231.6652226884312,229.97012545558084,230.8580322265625,70908200,0.0,0.0,0.0
2019-01-15 00:00:00-05:00,231.23475913278858,233.81779076904533,231.2257815295091,233.50387573242188,85208300,0.0,0.0,0.0
2019-01-16 00:00:00-05:00,233.93435413014328,234.95681551959413,233.72808822825598,234.06890869140625,77636700,0.0,0.0,0.0
2019-01-17 00:00:00-05:00,233.1989791286413,236.70580128220018,233.15411847513116,235.8447723388672,96118400,0.0,0.0,0.0
2019-01-18 00:00:00-05:00,237.65640867719944,239.4501772546297,235.8805679320784,238.98377990722656,127900300,0.0,0.0,0.0
2019-01-22 00:00:00-05:00,237.5128871540556,237.72813060952987,234.14059370770855,235.75497436523438,115531200,0.0,0.0,0.0
2019-01-23 00:00:00-05:00,236.78645764380838,237.48602637637333,233.7818894494403,236.24832153320312,86030300,0.0,0.0,0.0
2019-01-24 00:00:00-05:00,236.06893344044875,236.95686760170713,235.05544969694287,236.37387084960938,59204100,0.0,0.0,0.0
2019-01-25 00:00:00-05:00,238.22147999352148,239.1991081892339,236.47257163299076,238.37396240234375,96883400,0.0,0.0,0.0
2019-01-28 00:00:00-05:00,236.23044346055363,236.62504749599833,234.79542265356676,236.56228637695312,85613700,0.0,0.0,0.0
2019-01-29 00:00:00-05:00,236.70574133282852,237.2707555096875,235.41422561567174,236.24832153320312,66136300,0.0,0.0,0.0
2019-01-30 00:00:00-05:00,237.7640560093802,240.8313852793916,237.00169880775235,239.98831176757812,92473700,0.0,0.0,0.0
2019-01-31 00:00:00-05:00,239.92560866767272,242.58037942609383,239.71033775106037,242.09605407714844,104012100,0.0,0.0,0.0
2019-02-01 00:00:00-05:00,242.2933017562561,243.23504674650184,241.42332284164686,242.21258544921875,85782500,0.0,0.0,0.0
2019-02-04 00:00:00-05:00,242.2574453074274,243.97947549210747,241.58478197088286,243.91668701171875,60744800,0.0,0.0,0.0
2019-02-05 00:00:00-05:00,244.34715526397238,245.24403954335247,243.8449022571784,244.93910217285156,79552800,0.0,0.0,0.0
2019-02-06 00:00:00-05:00,244.66102578939382,245.15430110514725,243.88074098740185,244.6161651611328,58347800,0.0,0.0,0.0
2019-02-07 00:00:00-05:00,243.00184405429718,243.54893036100768,240.625106039328,242.2843475341797,95482000,0.0,0.0,0.0
2019-02-08 00:00:00-05:00,241.03764969516837,242.6789358806665,240.21250411634384,242.58029174804688,75788900,0.0,0.0,0.0
2019-02-11 00:00:00-05:00,243.23502142905596,243.49509815663762,242.18565480531848,242.71481323242188,68021400,0.0,0.0,0.0
2019-02-12 00:00:00-05:00,244.32919394491842,246.21262877689057,244.2574278847918,245.83595275878906,72270200,0.0,0.0,0.0
2019-02-13 00:00:00-05:00,246.6700383020238,247.47722853546279,246.24850167101116,246.6341552734375,65277200,0.0,0.0,0.0
2019-02-14 00:00:00-05:00,245.54900683698227,247.21722603270476,244.73283875879804,246.08714294433594,83234400,0.0,0.0,0.0
2019-02-15 00:00:00-05:00,247.8629825182646,248.80472764761052,247.6567166045043,248.7688446044922,97088700,0.0,0.0,0.0
2019-02-19 00:00:00-05:00,247.97064391503818,249.85407952542135,247.9616663111289,249.19937133789062,59120800,0.0,0.0,0.0
2019-02-20 00:00:00-05:00,249.16346298532434,250.15901894210884,248.66120989080383,249.70159912109375,76610800,0.0,0.0,0.0
2019-02-21 00:00:00-05:00,249.06480145649542,249.42354973172925,247.8540020781846,248.8136749267578,64214700,0.0,0.0,0.0
2019-02-22 00:00:00-05:00,249.4325820515377,250.55368788731087,248.79580160062798,250.3563995361328,78114600,0.0,0.0,0.0
2019-02-25 00:00:00-05:00,251.7823475232968,252.30252839097093,250.61638147320215,250.6970977783203,69030700,0.0,0.0,0.0
2019-02-26 00:00:00-05:00,250.34730525682363,251.3966445024455,250.14101202571476,250.51771545410156,56844100,0.0,0.0,0.0
2019-02-27 00:00:00-05:00,249.80020834065053,250.7598811219917,248.8674683645355,250.4101104736328,56921600,0.0,0.0,0.0
2019-02-28 00:00:00-05:00,250.1948826588521,250.6343746587472,249.6208908341152,249.94375610351562,69268300,0.0,0.0,0.0
2019-03-01 00:00:00-05:00,251.52230711011546,251.9169385044712,250.0693585085077,251.50437927246094,78880500,0.0,0.0,0.0
2019-03-04 00:00:00-05:00,252.5626801597077,252.80482912074706,248.29350118976583,250.5895233154297,106494600,0.0,0.0,0.0
2019-03-05 00:00:00-05:00,250.7150393106737,250.91235494711546,249.70155569489256,250.24864196777344,59114600,0.0,0.0,0.0
2019-03-06 00:00:00-05:00,250.36523078757773,250.37420838863676,248.41002970815518,248.73289489746094,75039800,0.0,0.0,0.0
2019-03-07 00:00:00-05:00,248.2844846321337,248.4279894138157,245.80910241765017,246.6521759033203,94885100,0.0,0.0,0.0
2019-03-08 00:00:00-05:00,244.7956201339422,246.32928473028312,244.32925011882517,246.15887451171875,85795800,0.0,0.0,0.0
2019-03-11 00:00:00-04:00,246.8764295610073,249.88994826166174,246.8495241215637,249.728515625,65098900,0.0,0.0,0.0
2019-03-12 00:00:00-04:00,250.28452759896626,251.19038948985488,250.096189562007,250.67018127441406,79667500,0.0,0.0,0.0
2019-03-13 00:00:00-04:00,251.55805379968692,253.26212805849102,251.3965938653371,252.32936096191406,80639200,0.0,0.0,0.0
2019-03-14 00:00:00-04:00,252.35644420269713,252.77798110743413,251.72864133379557,252.16810607910156,67518400,0.0,0.0,0.0
2019-03-15 00:00:00-04:00,252.72029202601735,254.22467127987898,252.53109685725386,253.41392517089844,81309000,1.233,0.0,0.0
2019-03-18 00:00:00-04:00,253.6300829547765,254.63002409907617,253.40487420504172,254.33273315429688,62199800,0.0,0.0,0.0
2019-03-19 00:00:00-04:00,255.39569291563592,256.16138053249057,253.50393426352406,254.395751953125,90268100,0.0,0.0,0.0
2019-03-20 00:00:00-04:00,254.1795436503385,255.3866589510104,252.522010961746,253.63002014160156,84609200,0.0,0.0,0.0
2019-03-21 00:00:00-04:00,252.81027908877184,256.9000490867797,252.7652208562003,256.49468994140625,79550400,0.0,0.0,0.0
2019-03-22 00:00:00-04:00,255.13446697482513,255.65693913191063,251.49508620284652,251.5581512451172,122659300,0.0,0.0,0.0
2019-03-25 00:00:00-04:00,251.21583400194012,252.4049427144172,250.1078246259824,251.36898803710938,85575200,0.0,0.0,0.0
2019-03-26 00:00:00-04:00,253.12554760635328,254.19754315816138,251.83736051175862,253.24266052246094,68125900,0.0,0.0,0.0
2019-03-27 00:00:00-04:00,253.23374488985834,253.81930970512812,250.36909583442437,251.9185333251953,72224700,0.0,0.0,0.0
2019-03-28 00:00:00-04:00,252.54918660282462,253.32389177956452,251.39611849679193,252.87347412109375,56238500,0.0,0.0,0.0
2019-03-29 00:00:00-04:00,254.38685415990557,254.79221348733097,253.26081020932267,254.46792602539062,82186800,0.0,0.0,0.0
2019-04-01 00:00:00-04:00,256.46776667480685,257.78297823712984,256.19749964716954,257.4856872558594,77617900,0.0,0.0,0.0
2019-04-02 00:00:00-04:00,257.67488146159405,257.8460423310676,256.81907711422633,257.61181640625,40070400,0.0,0.0,0.0
2019-04-03 00:00:00-04:00,258.82786619830597,259.224235717059,257.4135489378142,258.0171203613281,68243200,0.0,0.0,0.0
2019-04-04 00:00:00-04:00,258.34151468398676,258.954076015262,257.64788148457,258.70184326171875,48997500,0.0,0.0,0.0
2019-04-05 00:00:00-04:00,259.36832040692826,260.00790530071373,259.0800467255943,259.953857421875,58621700,0.0,0.0,0.0
2019-04-08 00:00:00-04:00,259.5305822634568,260.26025645144784,258.87296278297543,260.15216064453125,53566300,0.0,0.0,0.0
2019-04-09 00:00:00-04:00,259.1881932281539,259.51248056467637,258.26935161671037,258.81884765625,66142300,0.0,0.0,0.0
2019-04-10 00:00:00-04:00,259.2333303376473,259.79187124299295,258.8189538516368,259.7017822265625,52601500,0.0,0.0,0.0
2019-04-11 00:00:00-04:00,260.1880907874931,260.1971079322782,259.0620473411593,259.62957763671875,55093100,0.0,0.0,0.0
2019-04-12 00:00:00-04:00,261.24215460241066,261.66554815952185,259.67471047201315,261.38629150390625,69727800,0.0,0.0,0.0
2019-04-15 00:00:00-04:00,261.4583034082265,261.5574095392261,260.4133316619226,261.215087890625,49596700,0.0,0.0,0.0
2019-04-16 00:00:00-04:00,262.0979588640087,262.15200676565667,260.7917370944754,261.38629150390625,52153200,0.0,0.0,0.0
2019-04-17 00:00:00-04:00,262.50316225679404,262.5301861915717,260.33214785869865,260.7465515136719,58268300,0.0,0.0,0.0
2019-04-18 00:00:00-04:00,261.33227507617437,261.5304599031866,260.03507029778615,261.26019287109375,68708500,0.0,0.0,0.0
2019-04-22 00:00:00-04:00,260.49442470662734,261.63847506502617,260.40433572370114,261.4853210449219,40160100,0.0,0.0,0.0
2019-04-23 00:00:00-04:00,261.85469994027653,264.0707737387057,261.6205015444346,263.8365478515625,52246600,0.0,0.0,0.0
2019-04-24 00:00:00-04:00,263.7554418762262,264.08874637015623,263.1068396883929,263.2509765625,50392900,0.0,0.0,0.0
2019-04-25 00:00:00-04:00,263.151932239352,263.74648667544756,261.8997858066131,263.0888671875,57770900,0.0,0.0,0.0
2019-04-26 00:00:00-04:00,263.1338733529149,264.386019537816,262.35914106238647,264.31396484375,50916400,0.0,0.0,0.0
2019-04-29 00:00:00-04:00,264.4040756501018,265.2508627045785,264.3139866566105,264.7283630371094,57197700,0.0,0.0,0.0
2019-04-30 00:00:00-04:00,264.3860229636108,265.15173811806574,262.9717330802613,264.86346435546875,81111700,0.0,0.0,0.0
2019-05-01 00:00:00-04:00,265.494021561834,265.70122345349637,262.86357196651386,262.8725891113281,71671900,0.0,0.0,0.0
2019-05-02 00:00:00-04:00,262.7555016521478,263.67437079078803,260.8096950831011,262.3050842285156,65030200,0.0,0.0,0.0
2019-05-03 00:00:00-04:00,263.7824949736138,265.1517541920076,262.4132082639191,264.87249755859375,56543700,0.0,0.0,0.0
2019-05-06 00:00:00-04:00,260.56648365013655,264.22387098797896,260.25118595039874,263.782470703125,107198100,0.0,0.0,0.0
2019-05-07 00:00:00-04:00,261.37723490411906,261.97178922380755,257.467614824318,259.37738037109375,144729900,0.0,0.0,0.0
2019-05-08 00:00:00-04:00,259.01708984375,260.728670867913,258.4225354370044,259.01708984375,91568300,0.0,0.0,0.0
2019-05-09 00:00:00-04:00,256.94505898890094,258.836789627406,255.20642734367956,258.2332458496094,103471100,0.0,0.0,0.0
2019-05-10 00:00:00-04:00,257.29640706901097,260.28718492268956,254.30562921533232,259.5304870605469,112429300,0.0,0.0,0.0
2019-05-13 00:00:00-04:00,254.41385769260685,255.3777303435396,252.17075962901603,253.00852966308594,127290500,0.0,0.0,0.0
2019-05-14 00:00:00-04:00,254.02641985782168,256.8280306394036,253.90031726967817,255.29660034179688,77003200,0.0,0.0,0.0
2019-05-15 00:00:00-04:00,253.66612415780725,257.4316078570262,253.4589222110962,256.7920227050781,73956400,0.0,0.0,0.0
2019-05-16 00:00:00-04:00,257.49469006251053,260.53049981387437,257.4226353539373,259.1702575683594,76749600,0.0,0.0,0.0
2019-05-17 00:00:00-04:00,256.8640305664134,259.98091106448203,256.84599627721246,257.4945983886719,100353000,0.0,0.0,0.0
2019-05-20 00:00:00-04:00,255.89119291392836,257.6027739491999,255.04440579803455,255.7921142578125,62877600,0.0,0.0,0.0
2019-05-21 00:00:00-04:00,257.48561696577354,258.47654081398997,257.2333843036183,258.09820556640625,46847100,0.0,0.0,0.0
2019-05-22 00:00:00-04:00,257.1433067720303,258.2603331360052,256.8280090911771,257.3054504394531,49482500,0.0,0.0,0.0
2019-05-23 00:00:00-04:00,255.0803864030303,255.12541714671232,252.74722755959448,254.1615447998047,98733800,0.0,0.0,0.0
2019-05-24 00:00:00-04:00,255.60292259327096,256.01732650077423,254.1165502921579,254.73812866210938,55268100,0.0,0.0,0.0
2019-05-28 00:00:00-04:00,255.01739959626457,255.97228258212718,252.35093545600503,252.3689422607422,70029400,0.0,0.0,0.0
2019-05-29 00:00:00-04:00,251.25190161916805,251.65726088805204,249.27005355583492,250.67535400390625,104972900,0.0,0.0,0.0
2019-05-30 00:00:00-04:00,251.4320095280315,252.26980685770957,250.26093518349904,251.35995483398438,62523800,0.0,0.0,0.0
2019-05-31 00:00:00-04:00,248.81063679481224,249.63938959568011,247.94581540525135,247.97283935546875,86862800,0.0,0.0,0.0
2019-06-03 00:00:00-04:00,248.0089095929266,249.125936321561,246.00905456795837,247.34230041503906,96428000,0.0,0.0,0.0
2019-06-04 00:00:00-04:00,249.6393920119291,252.84636242817595,249.18897450974495,252.71124267578125,77231900,0.0,0.0,0.0
2019-06-05 00:00:00-04:00,254.33276854535228,254.92732302634215,252.52210863961244,254.90029907226562,71169700,0.0,0.0,0.0
2019-06-06 00:00:00-04:00,255.19749740805958,257.2333653557435,254.54889525439398,256.5577392578125,69430400,0.0,0.0,0.0
2019-06-07 00:00:00-04:00,257.57577613581026,260.20622675044206,257.4046152657843,259.1252136230469,74272200,0.0,0.0,0.0
2019-06-10 00:00:00-04:00,260.67456793234,261.98078942020163,260.2241505215321,260.3142395019531,60799100,0.0,0.0,0.0
2019-06-11 00:00:00-04:00,262.1339317774846,262.50327737561093,259.60258797515644,260.2511901855469,58641300,0.0,0.0,0.0
2019-06-12 00:00:00-04:00,260.01704836760047,260.57556171360955,259.2783570106766,259.7918395996094,47096300,0.0,0.0,0.0
2019-06-13 00:00:00-04:00,260.7016563387567,261.22415605961413,259.99900610381013,260.8638000488281,48945200,0.0,0.0,0.0
2019-06-14 00:00:00-04:00,260.57550048828125,261.17904444955684,259.80978535876454,260.57550048828125,52324700,0.0,0.0,0.0
2019-06-17 00:00:00-04:00,260.8097413348233,261.4403368362566,260.5034607313937,260.67462158203125,39205700,0.0,0.0,0.0
2019-06-18 00:00:00-04:00,262.4942284092509,264.45804139734327,262.1338725472256,263.404052734375,85434800,0.0,0.0,0.0
2019-06-19 00:00:00-04:00,263.5392531233006,264.53017706467074,262.5663634753288,263.9986877441406,78674400,0.0,0.0,0.0
2019-06-20 00:00:00-04:00,266.6831672665671,266.9263827888443,264.06173445016157,266.52099609375,116570000,0.0,0.0,0.0
2019-06-21 00:00:00-04:00,266.25119690889755,267.5094328330874,265.9162713958039,266.1335144042969,83309500,1.432,0.0,0.0
2019-06-24 00:00:00-04:00,266.34175242545973,266.65855597161146,265.65377932523637,265.80767822265625,47582700,0.0,0.0,0.0
2019-06-25 00:00:00-04:00,265.8620523837093,265.8892077691413,263.0920925696,263.2007141113281,82028700,0.0,0.0,0.0
2019-06-26 00:00:00-04:00,264.09681645673555,264.6037352997455,262.82951934921067,262.9381408691406,51584900,0.0,0.0,0.0
2019-06-27 00:00:00-04:00,263.69855113116637,264.3774633381139,263.3183757652805,263.87054443359375,40355200,0.0,0.0,0.0
2019-06-28 00:00:00-04:00,264.8480991068814,265.7261597782361,264.33214695464324,265.2283020019531,59350900,0.0,0.0,0.0
2019-07-01 00:00:00-04:00,268.5595410665901,268.7768117440282,266.4322774281771,267.63623046875,78705600,0.0,0.0,0.0
2019-07-02 00:00:00-04:00,267.59096798264414,268.38756271925695,266.74912348259073,268.333251953125,61504500,0.0,0.0,0.0
2019-07-03 00:00:00-04:00,269.01222196219044,270.4967902221676,268.8673840130453,270.4786682128906,40898900,0.0,0.0,0.0
2019-07-05 00:00:00-04:00,269.247496348255,270.3337667882715,267.9530438718223,270.1708068847656,51677300,0.0,0.0,0.0
2019-07-08 00:00:00-04:00,268.8583641963323,269.9898848326591,268.14323541916946,268.6863708496094,45841800,0.0,0.0,0.0
2019-07-09 00:00:00-04:00,267.52760848387834,269.31991891337793,267.47329772086357,269.0212097167969,41101300,0.0,0.0,0.0
2019-07-10 00:00:00-04:00,270.08945852741846,271.25719561591774,269.5553840760935,270.30670166015625,58448500,0.0,0.0,0.0
2019-07-11 00:00:00-04:00,270.9493381022296,271.1846755452837,269.93550030905135,270.9402770996094,50826100,0.0,0.0,0.0
2019-07-12 00:00:00-04:00,271.4290973293695,272.2256920471457,271.12132712023003,272.15325927734375,40326000,0.0,0.0,0.0
2019-07-15 00:00:00-04:00,272.5877609929242,272.5877609929242,271.7368555478473,272.2437744140625,33900000,0.0,0.0,0.0
2019-07-16 00:00:00-04:00,272.15319515082905,272.36140478369055,271.0578914844731,271.36566162109375,36650100,0.0,0.0,0.0
2019-07-17 00:00:00-04:00,271.3386284093714,271.50156073888,269.5191345214844,269.5191345214844,36036300,0.0,0.0,0.0
2019-07-18 00:00:00-04:00,269.0212274934216,270.88597081349883,268.5776803578232,270.5057678222656,51392600,0.0,0.0,0.0
2019-07-19 00:00:00-04:00,271.60114051557616,271.62829590298804,268.83118049951213,269.003173828125,58678600,0.0,0.0,0.0
2019-07-22 00:00:00-04:00,269.4013284941631,270.20698401807,268.8853763538529,269.6638488769531,43638100,0.0,0.0,0.0
2019-07-23 00:00:00-04:00,270.7864433136411,271.5920715332031,269.953632082453,271.5920715332031,44564500,0.0,0.0,0.0
2019-07-24 00:00:00-04:00,270.83167149437855,272.868408203125,270.7411443378768,272.868408203125,47213200,0.0,0.0,0.0
2019-07-25 00:00:00-04:00,272.41581648612396,272.4701272583008,270.7592550596967,271.5649108886719,55394100,0.0,0.0,0.0
2019-07-26 00:00:00-04:00,272.2529093648894,273.5835786563894,272.1261658014066,273.3844299316406,45084100,0.0,0.0,0.0
2019-07-29 00:00:00-04:00,273.2667386978963,273.38442125310485,272.33436688549176,272.88653564453125,38126500,0.0,0.0,0.0
2019-07-30 00:00:00-04:00,271.48342130098905,272.62400266829127,271.10321830355207,272.2166442871094,45849000,0.0,0.0,0.0
2019-07-31 00:00:00-04:00,272.4610628992389,272.6511782245278,267.2198800736409,269.2384948730469,104245200,0.0,0.0,0.0
2019-08-01 00:00:00-04:00,269.3923570646518,272.3524042081393,266.09735670920367,266.8939514160156,142646600,0.0,0.0,0.0
2019-08-02 00:00:00-04:00,265.99779480478156,266.24219324196565,263.32739587533223,264.8843688964844,116749700,0.0,0.0,0.0
2019-08-05 00:00:00-04:00,260.783689110787,260.8923106170289,255.01746727943436,256.9184265136719,178745400,0.0,0.0,0.0
2019-08-06 00:00:00-04:00,258.8104261086006,260.73854147453096,257.3349189459399,260.5212707519531,120711700,0.0,0.0,0.0
2019-08-07 00:00:00-04:00,257.4435115429368,261.4445797648899,255.30721432375586,260.6751403808594,140572300,0.0,0.0,0.0
2019-08-08 00:00:00-04:00,262.1687766333647,265.7896423339844,261.61660787402644,265.7896423339844,87713900,0.0,0.0,0.0
2019-08-09 00:00:00-04:00,264.8481869708878,265.4456330756324,262.1959097009694,263.97918701171875,93730000,0.0,0.0,0.0
2019-08-12 00:00:00-04:00,262.4764077362797,263.9700085208662,259.8150706473808,260.76556396484375,65527600,0.0,0.0,0.0
2019-08-13 00:00:00-04:00,260.4669862940816,266.26942736125375,260.1229996048397,264.8210754394531,94299800,0.0,0.0,0.0
2019-08-14 00:00:00-04:00,260.76570090814516,261.37218043993045,256.86422034542153,256.9909362792969,135622100,0.0,0.0,0.0
2019-08-15 00:00:00-04:00,257.87807057147774,258.5660439238212,255.6240904171086,257.66986083984375,99556600,0.0,0.0,0.0
2019-08-16 00:00:00-04:00,259.3263824546937,261.90622687818694,257.72413188114456,261.47174072265625,83018300,0.0,0.0,0.0
2019-08-19 00:00:00-04:00,264.4951712812332,265.30079947919467,263.81625900906977,264.62188720703125,53571800,0.0,0.0,0.0
2019-08-20 00:00:00-04:00,264.11496460228994,264.6490389340067,262.4674918396257,262.5942077636719,51596400,0.0,0.0,0.0
2019-08-21 00:00:00-04:00,264.7575936082407,265.1015524936121,264.0696205874962,264.7304382324219,49524700,0.0,0.0,0.0
2019-08-22 00:00:00-04:00,265.4366093079304,266.0702441995334,262.87483148005776,264.6490478515625,51666400,0.0,0.0,0.0
2019-08-23 00:00:00-04:00,263.34546766077995,265.0110618919458,256.60159698092207,257.8507995605469,149161500,0.0,0.0,0.0
2019-08-26 00:00:00-04:00,260.0414527243702,260.7022705078125,258.5116351075703,260.7022705078125,72423800,0.0,0.0,0.0
2019-08-27 00:00:00-04:00,262.0963526786402,262.46749470133955,258.9190344141973,259.6794128417969,66668900,0.0,0.0,0.0
2019-08-28 00:00:00-04:00,259.0186201208558,261.67089740118485,258.21296430788306,261.5079650878906,59696700,0.0,0.0,0.0
2019-08-29 00:00:00-04:00,264.0696718566362,265.37318539901827,263.0648675062555,264.84814453125,57899400,0.0,0.0,0.0
2019-08-30 00:00:00-04:00,266.3326606557337,266.35075503127933,263.798066829308,264.7304382324219,62901200,0.0,0.0,0.0
2019-09-03 00:00:00-04:00,263.02868486425206,263.94293446557975,261.85188719792905,263.18255615234375,69101400,0.0,0.0,0.0
2019-09-04 00:00:00-04:00,265.35511068657013,266.1878941850872,264.60376571235577,266.1697998046875,46887300,0.0,0.0,0.0
2019-09-05 00:00:00-04:00,268.6591809547892,270.50580250609715,266.13361948386745,269.591552734375,83258100,0.0,0.0,0.0
2019-09-06 00:00:00-04:00,269.9083317683097,270.4424060217157,269.22941960508075,269.7996826171875,49584300,0.0,0.0,0.0
2019-09-09 00:00:00-04:00,270.7864831316271,270.87698268364073,268.9941444764997,269.9355773925781,51260300,0.0,0.0,0.0
2019-09-10 00:00:00-04:00,269.17512757759675,269.93553364138535,267.91689118337393,269.8721618652344,57947100,0.0,0.0,0.0
2019-09-11 00:00:00-04:00,270.17988445721164,271.87263435713766,269.52812767822877,271.7911682128906,68821100,0.0,0.0,0.0
2019-09-12 00:00:00-04:00,272.69632756930724,273.7916312247099,271.9359494232012,272.7325439453125,72908700,0.0,0.0,0.0
2019-09-13 00:00:00-04:00,273.1761149941704,273.5291625350344,272.18037175391663,272.551513671875,62104800,0.0,0.0,0.0
2019-09-16 00:00:00-04:00,271.42001047769196,272.59680806233507,271.0669905398025,271.7096862792969,58191200,0.0,0.0,0.0
2019-09-17 00:00:00-04:00,271.51064398271427,272.48826566485656,271.338650634696,272.39776611328125,41475500,0.0,0.0,0.0
2019-09-18 00:00:00-04:00,272.0083811981535,272.6691989062345,269.9716449420855,272.5605773925781,73375800,0.0,0.0,0.0
2019-09-19 00:00:00-04:00,272.94980824425716,273.9455514745746,272.20752441574757,272.5424499511719,76560500,0.0,0.0,0.0
2019-09-20 00:00:00-04:00,273.1463545293492,273.42829301296234,270.46365116105824,271.25482177734375,89565000,1.384,0.0,0.0
2019-09-23 00:00:00-04:00,270.5909874514248,271.90962381846845,270.33635747567814,271.1911926269531,43476800,0.0,0.0,0.0
2019-09-24 00:00:00-04:00,272.28244316672976,272.6734770496111,268.09921319736446,269.06317138671875,94869400,0.0,0.0,0.0
2019-09-25 00:00:00-04:00,269.14493972329393,271.10013635250647,267.6626192117398,270.654541015625,71854000,0.0,0.0,0.0
2019-09-26 00:00:00-04:00,270.6636835101628,270.87282694256567,268.6812058097561,270.09075927734375,56179700,0.0,0.0,0.0
2019-09-27 00:00:00-04:00,270.84559996849686,270.95475088185464,267.08071215888543,268.6357727050781,84746600,0.0,0.0,0.0
2019-09-30 00:00:00-04:00,269.1541161265272,270.5909505610847,269.1086573970001,269.8816223144531,51662400,0.0,0.0,0.0
2019-10-01 00:00:00-04:00,270.7637324178549,271.4184990741899,266.4532014526551,266.67144775390625,88242400,0.0,0.0,0.0
2019-10-02 00:00:00-04:00,265.0889879385326,265.0980907812051,260.66933580048186,261.9606628417969,122539500,0.0,0.0,0.0
2019-10-03 00:00:00-04:00,261.7334246319195,264.1342448983291,259.01433776802537,264.1069641113281,85278800,0.0,0.0,0.0
2019-10-04 00:00:00-04:00,264.7616923717053,267.9354770605933,264.70710305303584,267.68084716796875,65091200,0.0,0.0,0.0
2019-10-07 00:00:00-04:00,266.88061793215365,268.5084455962607,266.2440292191831,266.52593994140625,59610500,0.0,0.0,0.0
2019-10-08 00:00:00-04:00,264.6707470157687,265.4073559101464,262.35176944794006,262.3881530761719,95708100,0.0,0.0,0.0
2019-10-09 00:00:00-04:00,264.4070066694013,265.8165600063333,263.77952092519905,264.8798828125,62359400,0.0,0.0,0.0
2019-10-10 00:00:00-04:00,264.7980929946163,267.55356355823847,264.63440826867793,266.67144775390625,55296300,0.0,0.0,0.0
2019-10-11 00:00:00-04:00,269.4269323090313,271.67314311799345,269.30873405810314,269.43603515625,98720400,0.0,0.0,0.0
2019-10-14 00:00:00-04:00,269.11778063099183,269.7907531154155,268.7904111136401,269.135986328125,40394800,0.0,0.0,0.0
2019-10-15 00:00:00-04:00,270.1817208062417,272.54615738895194,270.06349481421915,271.8004455566406,46754500,0.0,0.0,0.0
2019-10-16 00:00:00-04:00,271.3365497895,272.0549805847921,270.92733813590627,271.36383056640625,48928200,0.0,0.0,0.0
2019-10-17 00:00:00-04:00,272.5279681797132,273.0372280587811,271.4730647866204,272.1642150878906,45736600,0.0,0.0,0.0
2019-10-18 00:00:00-04:00,271.62760585650597,272.2732695129562,270.1180045415431,270.97283935546875,64304000,0.0,0.0,0.0
2019-10-21 00:00:00-04:00,272.2915709810018,273.0099743891221,271.85505057590547,272.8099060058594,39048600,0.0,0.0,0.0
2019-10-22 00:00:00-04:00,273.34643282027804,273.6374464088708,271.82775595636684,271.918701171875,48594700,0.0,0.0,0.0
2019-10-23 00:00:00-04:00,271.6640383966591,272.76440043938345,271.45486720152144,272.7098388671875,34352200,0.0,0.0,0.0
2019-10-24 00:00:00-04:00,273.6465996302028,273.79210645128467,272.3279631440528,273.155517578125,35453100,0.0,0.0,0.0
2019-10-25 00:00:00-04:00,272.5824645850226,274.81959968239687,272.52790302192324,274.2739562988281,45205400,0.0,0.0,0.0
2019-10-28 00:00:00-04:00,275.49260735291523,276.32016158660775,275.4653265651048,275.8199768066406,42147000,0.0,0.0,0.0
2019-10-29 00:00:00-04:00,275.54716315144003,276.66573093338,275.419834309273,275.7381286621094,44284900,0.0,0.0,0.0
2019-10-30 00:00:00-04:00,275.93820126006324,276.95672100272753,274.62866794732867,276.5838928222656,49643900,0.0,0.0,0.0
2019-10-31 00:00:00-04:00,276.5747016616146,276.5747016616146,274.3921560881661,275.84716796875,69053800,0.0,0.0,0.0
2019-11-01 00:00:00-04:00,277.2932449130918,278.4481686934179,277.1295324204775,278.4027099609375,71141500,0.0,0.0,0.0
2019-11-04 00:00:00-05:00,279.95769948115407,280.0941033965786,279.1483233286738,279.52117919921875,60606900,0.0,0.0,0.0
2019-11-05 00:00:00-05:00,279.72129600704636,280.02141242557303,278.9210225610841,279.2120361328125,42933200,0.0,0.0,0.0
2019-11-06 00:00:00-05:00,279.2120008688192,279.5484731268798,278.3298851708271,279.2756652832031,46487100,0.0,0.0,0.0
2019-11-07 00:00:00-05:00,280.6125821321642,281.59471848215986,279.7850276994163,280.2579040527344,54272300,0.0,0.0,0.0
2019-11-08 00:00:00-05:00,279.9122492128996,281.0035361826021,279.2120238547651,280.948974609375,49032100,0.0,0.0,0.0
2019-11-11 00:00:00-05:00,279.566712897289,280.5852326412768,279.4302812062415,280.4124450683594,35797300,0.0,0.0,0.0
2019-11-12 00:00:00-05:00,280.7761908966361,281.9038337622453,280.2305474042965,281.0035400390625,46484600,0.0,0.0,0.0
2019-11-13 00:00:00-05:00,280.0122678945048,281.49458856771133,279.78491877904554,281.0944519042969,53917700,0.0,0.0,0.0
2019-11-14 00:00:00-05:00,280.8125701165942,281.585562739211,280.17598142677315,281.5036926269531,51219900,0.0,0.0,0.0
2019-11-15 00:00:00-05:00,282.84045746173746,283.5861691680478,282.14933507162783,283.54071044921875,62023600,0.0,0.0,0.0
2019-11-18 00:00:00-05:00,283.3042825380905,283.9863298938384,282.8495843009252,283.7498779296875,49228000,0.0,0.0,0.0
2019-11-19 00:00:00-05:00,284.3500771269776,284.35917997236,283.02236607228707,283.66802978515625,67804700,0.0,0.0,0.0
2019-11-20 00:00:00-05:00,283.07699087413437,283.5953536303308,281.05812918125986,282.6131896972656,79406200,0.0,0.0,0.0
2019-11-21 00:00:00-05:00,282.72232699674834,282.83145015014986,281.3582320740642,282.1584777832031,54664700,0.0,0.0,0.0
2019-11-22 00:00:00-05:00,282.9041757015737,283.04057963659153,281.7765328353182,282.78594970703125,44850200,0.0,0.0,0.0
2019-11-25 00:00:00-05:00,283.7135229082867,284.9775695800781,283.7135229082867,284.9775695800781,48647200,0.0,0.0,0.0
2019-11-26 00:00:00-05:00,285.0141021517678,285.8052730598571,284.6958076679431,285.6233825683594,37569000,0.0,0.0,0.0
2019-11-27 00:00:00-05:00,286.10522505743006,286.89642333984375,285.88697877404934,286.89642333984375,44444600,0.0,0.0,0.0
2019-11-29 00:00:00-05:00,286.3326155519564,286.57817040881315,285.6051093338683,285.83245849609375,36592700,0.0,0.0,0.0
2019-12-02 00:00:00-05:00,286.08706111657636,286.1507255365374,282.9769404159021,283.40435791015625,75767800,0.0,0.0,0.0
2019-12-03 00:00:00-05:00,280.6852412775978,281.585562739211,279.30296850429954,281.5036926269531,73941700,0.0,0.0,0.0
2019-12-04 00:00:00-05:00,282.5495999524481,283.84092788112747,282.20402472425303,283.24072265625,49080000,0.0,0.0,0.0
2019-12-05 00:00:00-05:00,283.94087117115305,283.9590491097116,282.4403447864453,283.7498779296875,40709000,0.0,0.0,0.0
2019-12-06 00:00:00-05:00,285.6596578667379,286.7418420497151,285.65055501983795,286.3417053222656,48927000,0.0,0.0,0.0
2019-12-09 00:00:00-05:00,285.95060497639406,286.62354942860503,285.36857796172194,285.44134521484375,34838500,0.0,0.0,0.0
2019-12-10 00:00:00-05:00,285.3868406884249,286.05068242852656,284.4683412640769,285.12310791015625,52649800,0.0,0.0,0.0
2019-12-11 00:00:00-05:00,285.5778171170683,286.1871250585876,285.04127644599606,285.9324951171875,53429100,0.0,0.0,0.0
2019-12-12 00:00:00-05:00,285.94156026923116,289.17900987699994,285.7051360299545,288.3969421386719,96389600,0.0,0.0,0.0
2019-12-13 00:00:00-05:00,288.16046262508945,289.79739296590316,287.3874700546423,288.5697021484375,81503900,0.0,0.0,0.0
2019-12-16 00:00:00-05:00,290.2976466182981,291.14337897879915,288.5061338182906,290.5522766113281,82749700,0.0,0.0,0.0
2019-12-17 00:00:00-05:00,290.93413905050215,291.2342276828815,290.5340023722772,290.6158447265625,61097700,0.0,0.0,0.0
2019-12-18 00:00:00-05:00,291.0068585533776,291.2342076616224,290.57944111977423,290.6340026855469,48133000,0.0,0.0,0.0
2019-12-19 00:00:00-05:00,290.82509738187173,291.8982067415374,290.5704673776063,291.825439453125,85310500,0.0,0.0,0.0
2019-12-20 00:00:00-05:00,292.8579742516137,294.2379231152867,291.8801572122193,293.104736328125,147142100,1.57,0.0,0.0
2019-12-23 00:00:00-05:00,293.8906778189208,293.9455076437393,293.40632910700657,293.55255126953125,52990000,0.0,0.0,0.0
2019-12-24 00:00:00-05:00,293.78099530759755,293.8266775283828,293.2600841233324,293.5616760253906,20270000,0.0,0.0,0.0
2019-12-26 00:00:00-05:00,293.94546230106056,295.1335067299267,293.9363425910148,295.1243591308594,30911200,0.0,0.0,0.0
2019-12-27 00:00:00-05:00,295.85550805385674,295.9103378824698,294.52126907589263,295.0513000488281,42528800,0.0,0.0,0.0
2019-12-30 00:00:00-05:00,295.13360826083357,295.27068284889134,292.9403032957844,293.4246520996094,49729100,0.0,0.0,0.0
2019-12-31 00:00:00-05:00,292.9219889831503,294.3841827622408,292.5747148231008,294.1374206542969,57077300,0.0,0.0,0.0
2020-01-02 00:00:00-05:00,295.67284304951437,296.90657035438716,294.74982749958843,296.8882751464844,59151200,0.0,0.0,0.0
2020-01-03 00:00:00-05:00,293.49771070903796,295.76411231173057,293.442880886225,294.6400451660156,77709700,0.0,0.0,0.0
2020-01-06 00:00:00-05:00,292.8854243272233,295.8463743777095,292.76661707449347,295.7641296386719,55653900,0.0,0.0,0.0
2020-01-07 00:00:00-05:00,295.1974966361732,295.6727256283345,294.48468103695666,294.9324951171875,40496400,0.0,0.0,0.0
2020-01-08 00:00:00-05:00,295.12438459091834,297.71976504897265,294.8776503960096,296.50433349609375,68296000,0.0,0.0,0.0
2020-01-09 00:00:00-05:00,298.06710630868724,298.58801761539866,297.4822175666189,298.514892578125,48473300,0.0,0.0,0.0
2020-01-10 00:00:00-05:00,299.09971858480566,299.25506045062673,297.18973874984056,297.6557922363281,53029300,0.0,0.0,0.0
2020-01-13 00:00:00-05:00,298.2772496807154,299.7120005705417,297.8477308070792,299.702880859375,47086800,0.0,0.0,0.0
2020-01-14 00:00:00-05:00,299.2641779536659,300.3151199538499,298.6884369921767,299.24591064453125,62832800,0.0,0.0,0.0
2020-01-15 00:00:00-05:00,299.1546261328861,300.6807697217704,299.07238137860776,299.9222717285156,72056600,0.0,0.0,0.0
2020-01-16 00:00:00-05:00,301.3021641332184,302.4170837402344,301.07369722923175,302.4170837402344,54050300,0.0,0.0,0.0
2020-01-17 00:00:00-05:00,303.12987052009737,303.56850908503526,302.353077542655,303.35833740234375,95846000,0.0,0.0,0.0
2020-01-21 00:00:00-05:00,302.39883225787577,303.5685818598415,302.3257351092037,302.7643737792969,77742400,0.0,0.0,0.0
2020-01-22 00:00:00-05:00,303.62343982713384,304.2723060684874,302.64562244176034,302.80096435546875,48914900,0.0,0.0,0.0
2020-01-23 00:00:00-05:00,302.15208091700214,303.5594449783584,301.03716121185505,303.148193359375,51963000,0.0,0.0,0.0
2020-01-24 00:00:00-05:00,303.80620806071624,303.88845281451574,299.1637441044687,300.4523010253906,87578400,0.0,0.0,0.0
2020-01-27 00:00:00-05:00,295.2067419645424,297.1167224987282,294.868615309122,295.6362609863281,84062500,0.0,0.0,0.0
2020-01-28 00:00:00-05:00,297.0617985757093,299.61149697791484,295.72755969424713,298.73419189453125,63834000,0.0,0.0,0.0
2020-01-29 00:00:00-05:00,300.0958733171972,300.3243402372707,298.28640527016483,298.4874572753906,53888900,0.0,0.0,0.0
2020-01-30 00:00:00-05:00,296.4220989348696,299.66634584075405,295.67274865407313,299.4561462402344,75491800,0.0,0.0,0.0
2020-01-31 00:00:00-05:00,298.8348117216408,298.9901815401948,293.1048698672145,294.01873779296875,113845600,0.0,0.0,0.0
2020-02-03 00:00:00-05:00,295.49915167501734,298.067117900778,295.3803444015998,296.20281982421875,69083000,0.0,0.0,0.0
2020-02-04 00:00:00-05:00,299.8125346860519,301.5854399692841,299.492675464825,300.7172546386719,62573200,0.0,0.0,0.0
2020-02-05 00:00:00-05:00,303.6507628947107,304.4001409842499,302.1885971158361,304.18994140625,65951100,0.0,0.0,0.0
2020-02-06 00:00:00-05:00,305.1494625309535,305.40534428374525,304.135055229123,305.21343994140625,50359700,0.0,0.0,0.0
2020-02-07 00:00:00-05:00,304.15341594950706,305.22262540475447,303.038496381652,303.5868225097656,64139400,0.0,0.0,0.0
2020-02-10 00:00:00-05:00,302.70035366918944,305.91715735245873,302.66379115886144,305.8531799316406,42070000,0.0,0.0,0.0
2020-02-11 00:00:00-05:00,307.2057455520756,307.99165832638704,305.8532114209266,306.3832702636719,54864500,0.0,0.0,0.0
2020-02-12 00:00:00-05:00,307.81803230663076,308.5674104828042,307.4524908196525,308.35723876953125,43992700,0.0,0.0,0.0
2020-02-13 00:00:00-05:00,306.93160682994335,308.9969568539677,306.6574576626084,308.02825927734375,54501900,0.0,0.0,0.0
2020-02-14 00:00:00-05:00,308.4394532632197,308.6405052446944,307.2422889745831,308.5216979980469,64582200,0.0,0.0,0.0
2020-02-18 00:00:00-05:00,307.52566305583684,308.58575305311757,306.3376181795073,307.7267150878906,57226200,0.0,0.0,0.0
2020-02-19 00:00:00-05:00,308.6953514933789,309.8742206443196,308.41205476200304,309.1979675292969,48814700,0.0,0.0,0.0
2020-02-20 00:00:00-05:00,308.64963919276863,309.4721423570291,304.9393389090685,307.9277038574219,74163400,0.0,0.0,0.0
2020-02-21 00:00:00-05:00,306.57508738390476,306.8857989426723,303.93399730085264,304.7565002441406,113788200,0.0,0.0,0.0
2020-02-24 00:00:00-05:00,295.3071862193686,304.82967088286625,293.5708154883239,294.6492004394531,161088400,0.0,0.0,0.0
2020-02-25 00:00:00-05:00,296.0382762665826,296.65055194836293,284.84339802698764,285.720703125,218913200,0.0,0.0,0.0
2020-02-26 00:00:00-05:00,287.11892786401404,290.7104209886197,283.93868633219154,284.6697692871094,194773800,0.0,0.0,0.0
2020-02-27 00:00:00-05:00,279.1500278323521,284.7246265399028,271.8847961425781,271.8847961425781,284353500,0.0,0.0,0.0
2020-02-28 00:00:00-05:00,263.833535145683,272.2319789613865,260.9457107535948,270.74237060546875,384975800,0.0,0.0,0.0
2020-03-02 00:00:00-05:00,272.5244028949452,282.53126257074877,269.0973999770701,282.46728515625,238703600,0.0,0.0,0.0
2020-03-03 00:00:00-05:00,282.8419998690826,286.80818159326185,271.9395669552168,274.37957763671875,300139100,0.0,0.0,0.0
2020-03-04 00:00:00-05:00,279.753168952443,286.1319753809504,277.20347032348707,285.9126281738281,176613400,0.0,0.0,0.0
2020-03-05 00:00:00-05:00,278.71131965746457,281.90070830188273,274.1693970755827,276.4083557128906,186366800,0.0,0.0,0.0
2020-03-06 00:00:00-05:00,267.9002831419246,273.0453622263488,265.23180535005173,271.83905029296875,228667200,0.0,0.0,0.0
2020-03-09 00:00:00-04:00,251.58775678015627,259.71205370103047,249.8971239127328,250.6099395751953,309417300,0.0,0.0,0.0
2020-03-10 00:00:00-04:00,260.123369795359,263.6691537844827,249.94286810623316,263.5777893066406,276444100,0.0,0.0,0.0
2020-03-11 00:00:00-04:00,256.5226437962952,257.6558306839711,247.54845736466214,250.72869873046875,255316300,0.0,0.0,0.0
2020-03-12 00:00:00-04:00,233.95011542645673,243.69194779831977,226.3467299817304,226.7397003173828,392220700,0.0,0.0,0.0
2020-03-13 00:00:00-04:00,240.42947267664428,248.0968367944438,227.11442627444234,246.1228790283203,329566100,0.0,0.0,0.0
2020-03-16 00:00:00-04:00,220.40656312966803,234.77256174758443,216.91559643304075,219.19113159179688,297240000,0.0,0.0,0.0
2020-03-17 00:00:00-04:00,223.93411978479276,234.10548499816915,216.65060754197967,231.02574157714844,262070500,0.0,0.0,0.0
2020-03-18 00:00:00-04:00,215.90122818946838,226.977299433706,208.380101478062,219.32823181152344,327597100,0.0,0.0,0.0
2020-03-19 00:00:00-04:00,218.64281290463057,226.07256060162746,212.2183250976438,219.79428100585938,289322000,0.0,0.0,0.0
2020-03-20 00:00:00-04:00,222.94361386702494,224.72694441324552,210.04665824854578,210.3224334716797,347158800,1.406,0.0,0.0
2020-03-23 00:00:00-04:00,209.761700043424,211.13136077030381,200.63362552870024,204.9448699951172,326025200,0.0,0.0,0.0
2020-03-24 00:00:00-04:00,215.48857598678674,224.3868403910806,214.91865078430803,223.5135498046875,235494500,0.0,0.0,0.0
2020-03-25 00:00:00-04:00,225.09461646269625,235.64751686488069,220.3881054153029,226.85955810546875,299430300,0.0,0.0,0.0
2020-03-26 00:00:00-04:00,229.36917691277907,241.57669068866082,228.93713222179323,240.10592651367188,257632800,0.0,0.0,0.0
2020-03-27 00:00:00-04:00,232.8162972428731,239.74737193984004,230.77558000293203,232.9541778564453,224341200,0.0,0.0,0.0
2020-03-30 00:00:00-04:00,235.050062078814,241.23655379734308,233.05530959383546,240.51954650878906,171369500,0.0,0.0,0.0
2020-03-31 00:00:00-04:00,239.51752951061562,242.06381801054945,235.52802532472109,236.93446350097656,194881100,0.0,0.0,0.0
2020-04-01 00:00:00-04:00,227.9534688676713,236.8517325396181,224.20296243005834,226.27125549316406,189554600,0.0,0.0,0.0
2020-04-02 00:00:00-04:00,225.38883620204277,232.27394638304975,224.83728566556516,231.4925994873047,177660400,0.0,0.0,0.0
2020-04-03 00:00:00-04:00,230.50897330571124,232.86224312191504,225.41638201331432,228.1465301513672,135561200,0.0,0.0,0.0
2020-04-06 00:00:00-04:00,237.01715161077126,245.43740451014017,228.1280907410943,243.47021484375,188061200,0.0,0.0,0.0
2020-04-07 00:00:00-04:00,252.0651432953914,252.8189278770022,243.49783589419317,243.71844482421875,201427200,0.0,0.0,0.0
2020-04-08 00:00:00-04:00,246.31991721822396,253.7106259149399,243.82878088383262,251.89971923828125,153774500,0.0,0.0,0.0
2020-04-09 00:00:00-04:00,255.1630636276637,258.49074168826115,253.22347737304005,255.73301696777344,189999200,0.0,0.0,0.0
2020-04-13 00:00:00-04:00,254.75860459423126,255.09871946317554,249.49134066253833,253.3981170654297,114839100,0.0,0.0,0.0
2020-04-14 00:00:00-04:00,258.2884851590157,261.89189610685975,253.26023306323893,260.8715515136719,134143400,0.0,0.0,0.0
2020-04-15 00:00:00-04:00,255.15381785852156,261.0093805310118,253.21420410146158,255.32847595214844,121775000,0.0,0.0,0.0
2020-04-16 00:00:00-04:00,256.6062535871755,257.4151905782351,253.49003955687044,256.560302734375,131798300,0.0,0.0,0.0
2020-04-17 00:00:00-04:00,262.3330800222529,264.098007563754,259.5937309187142,263.4913330078125,146684800,0.0,0.0,0.0
2020-04-20 00:00:00-04:00,259.7867982566206,263.6292486240073,258.62857317015494,258.84918212890625,100109300,0.0,0.0,0.0
2020-04-21 00:00:00-04:00,254.3817345361201,255.58593877116283,250.0520864620385,250.98973083496094,126385700,0.0,0.0,0.0
2020-04-22 00:00:00-04:00,255.87087162422512,258.30685593614993,254.5471616484955,256.560302734375,92951600,0.0,0.0,0.0
2020-04-23 00:00:00-04:00,257.83803449166567,261.00942882801934,256.2385632888214,256.5419006347656,104709700,0.0,0.0,0.0
2020-04-24 00:00:00-04:00,258.0587359112116,260.78888491799785,256.0088167943418,260.1178283691406,85063200,0.0,0.0,0.0
2020-04-27 00:00:00-04:00,262.09406566675983,264.9896700484018,261.6344450330701,263.8681945800781,77896600,0.0,0.0,0.0
2020-04-28 00:00:00-04:00,267.51761283020494,267.86692903854635,262.3514808302591,262.65484619140625,105270000,0.0,0.0,0.0
2020-04-29 00:00:00-04:00,267.98647324976343,271.06593788395355,266.9569272587203,269.5307922363281,118745600,0.0,0.0,0.0
2020-04-30 00:00:00-04:00,268.1518891527446,269.6318823292637,265.28386059929,267.021240234375,122901700,0.0,0.0,0.0
2020-05-01 00:00:00-04:00,262.26890256981613,267.18685231401565,258.78496793621554,259.9524230957031,125180000,0.0,0.0,0.0
2020-05-04 00:00:00-04:00,258.0679028682671,260.97270997271914,256.5879372139992,260.66937255859375,80873200,0.0,0.0,0.0
2020-05-05 00:00:00-04:00,263.49133703836077,265.8905433416998,260.797938736248,263.0776672363281,79569900,0.0,0.0,0.0
2020-05-06 00:00:00-04:00,264.7783363053678,265.1644020355753,260.86235843797067,261.2944030761719,73632600,0.0,0.0,0.0
2020-05-07 00:00:00-04:00,264.5117718579719,266.37783119413643,263.9418465513149,264.4474182128906,75250400,0.0,0.0,0.0
2020-05-08 00:00:00-04:00,267.5819556045888,269.29175906737254,266.45127866866704,268.82293701171875,76452400,0.0,0.0,0.0
2020-05-11 00:00:00-04:00,266.8926085627232,270.2570362580128,266.4697652724054,268.878173828125,79514200,0.0,0.0,0.0
2020-05-12 00:00:00-04:00,270.0639458677684,270.47758767684087,263.3810427599695,263.5189514160156,95870800,0.0,0.0,0.0
2020-05-13 00:00:00-04:00,262.9581454558485,263.99689253994427,256.4315270763484,258.85833740234375,144721100,0.0,0.0,0.0
2020-05-14 00:00:00-04:00,256.42244422191715,262.08494754129237,250.94374432958452,261.9562683105469,121977900,0.0,0.0,0.0
2020-05-15 00:00:00-04:00,259.5662237134552,263.2064122806066,258.6194060692483,263.16046142578125,111146300,0.0,0.0,0.0
2020-05-18 00:00:00-04:00,269.383615942956,272.78481952214645,269.0619039731258,271.1761474609375,119703800,0.0,0.0,0.0
2020-05-19 00:00:00-04:00,270.5787601052246,272.28853594964113,268.3725859611599,268.3909606933594,95189300,0.0,0.0,0.0
2020-05-20 00:00:00-04:00,271.930064197411,273.8144983071531,271.7002537911972,272.9504089355469,85861700,0.0,0.0,0.0
2020-05-21 00:00:00-04:00,272.8216110398165,273.63054780635014,269.9719576315334,271.06585693359375,78293900,0.0,0.0,0.0
2020-05-22 00:00:00-04:00,270.781013781808,271.7554076657255,269.5400319702441,271.58074951171875,63958200,0.0,0.0,0.0
2020-05-26 00:00:00-04:00,277.5466019109484,277.7856136973342,271.59910780063615,274.9267578125,88951400,0.0,0.0,0.0
2020-05-27 00:00:00-04:00,277.72126102832135,279.05417253749494,272.8952427443175,279.01739501953125,104817400,0.0,0.0,0.0
2020-05-28 00:00:00-04:00,280.0469129571108,282.0600540546706,277.8315376106127,278.5025939941406,90405200,0.0,0.0,0.0
2020-05-29 00:00:00-04:00,278.03378746198035,280.3318913047763,275.2852642429645,279.74359130859375,119090800,0.0,0.0,0.0
2020-06-01 00:00:00-04:00,279.1001076480142,281.4809398340968,278.5853346376734,280.8742370605469,55758300,0.0,0.0,0.0
2020-06-02 00:00:00-04:00,281.7934518574034,283.2458690404746,280.46056860288843,283.19989013671875,74267200,0.0,0.0,0.0
2020-06-03 00:00:00-04:00,285.18538925798526,287.92473821324734,284.9096281111202,286.9687194824219,92567600,0.0,0.0,0.0
2020-06-04 00:00:00-04:00,285.98515548879453,287.7225350605196,284.1190967189892,286.2149658203125,75794400,0.0,0.0,0.0
2020-06-05 00:00:00-04:00,291.61095127500704,295.32466622909004,291.54659764607965,293.550537109375,150524700,0.0,0.0,0.0
2020-06-08 00:00:00-04:00,294.3594363562118,297.29181820946184,293.81708738109575,297.0987854003906,73641200,0.0,0.0,0.0
2020-06-09 00:00:00-04:00,294.43309742484524,297.1724477167715,293.56900800568155,294.883544921875,77479200,0.0,0.0,0.0
2020-06-10 00:00:00-04:00,295.462583123064,296.3542484031599,292.5209994219378,293.2380065917969,95000800,0.0,0.0,0.0
2020-06-11 00:00:00-04:00,286.3069674196292,286.941246338049,275.78166842632197,276.33319091796875,209243600,0.0,0.0,0.0
2020-06-12 00:00:00-04:00,283.3469055073033,284.11906476800726,274.4854347080679,279.6423645019531,194678900,0.0,0.0,0.0
2020-06-15 00:00:00-04:00,273.9522736793171,283.38369810345534,272.7756459737203,282.2530212402344,135782700,0.0,0.0,0.0
2020-06-16 00:00:00-04:00,290.0023281440216,290.149410155266,282.82305403498947,287.6858215332031,137627500,0.0,0.0,0.0
2020-06-17 00:00:00-04:00,288.70622038220927,289.0003844313553,285.7554346036974,286.4908447265625,83398900,0.0,0.0,0.0
2020-06-18 00:00:00-04:00,284.97405743157583,287.0791002022098,284.5144366960276,286.6011047363281,80828700,0.0,0.0,0.0
2020-06-19 00:00:00-04:00,290.06900074453034,290.26288306599963,283.0150766905862,284.9632263183594,135549600,1.366,0.0,0.0
2020-06-22 00:00:00-04:00,284.3630116638021,287.1882662143913,283.21814537378975,286.791259765625,74649400,0.0,0.0,0.0
2020-06-23 00:00:00-04:00,289.4411072237713,290.3736357062622,287.70532390749855,288.111572265625,68471200,0.0,0.0,0.0
2020-06-24 00:00:00-04:00,286.07107366384247,286.6896879902903,278.92484547295174,280.7621765136719,132813500,0.0,0.0,0.0
2020-06-25 00:00:00-04:00,280.1897990735888,284.03991677797876,278.1677990684482,283.77215576171875,89468000,0.0,0.0,0.0
2020-06-26 00:00:00-04:00,282.67336854921115,282.8857345654477,276.45042720889734,277.0320739746094,127961000,0.0,0.0,0.0
2020-06-29 00:00:00-04:00,278.2878382488589,281.24233868339707,275.9980771665016,281.1038513183594,79773300,0.0,0.0,0.0
2020-06-30 00:00:00-04:00,280.6699229107989,286.4035537681701,280.5129799461542,284.7046813964844,113394800,0.0,0.0,0.0
2020-07-01 00:00:00-04:00,285.8218083059018,287.9638397462947,285.3601650563241,286.69891357421875,72396500,0.0,0.0,0.0
2020-07-02 00:00:00-04:00,290.1335885242947,291.4816073233506,287.61303399713563,288.2778015136719,69344200,0.0,0.0,0.0
2020-07-06 00:00:00-04:00,292.10022962286325,293.3097330320879,291.3523695965938,292.7280578613281,61713800,0.0,0.0,0.0
2020-07-07 00:00:00-04:00,291.18606512343126,293.16188333905677,289.33025046983744,289.70880126953125,82910000,0.0,0.0,0.0
2020-07-08 00:00:00-04:00,290.4751465955823,292.0355030043778,288.7116942101427,291.9247131347656,54638600,0.0,0.0,0.0
2020-07-09 00:00:00-04:00,292.53412506328704,292.7741885974815,286.84667618527334,290.2628479003906,83354200,0.0,0.0,0.0
2020-07-10 00:00:00-04:00,290.1983046511143,293.4944456619875,288.7672212199689,293.2266845703125,57550400,0.0,0.0,0.0
2020-07-13 00:00:00-04:00,295.57166213694535,297.95372850943266,290.031944066873,290.6874694824219,102997500,0.0,0.0,0.0
2020-07-14 00:00:00-04:00,289.2657251994357,295.23017784397115,288.06546370459,294.4546203613281,93657000,0.0,0.0,0.0
2020-07-15 00:00:00-04:00,297.67691997939255,298.25859520955737,294.77778571364365,297.1598815917969,87196500,0.0,0.0,0.0
2020-07-16 00:00:00-04:00,295.2578960538468,296.6335843805212,294.6115840180191,296.1811828613281,54622500,0.0,0.0,0.0
2020-07-17 00:00:00-04:00,297.1875852389075,297.8246554397892,295.21173779235187,297.03985595703125,62774900,0.0,0.0,0.0
2020-07-20 00:00:00-04:00,296.7720261466081,300.18819807974637,296.02416620162734,299.4403381347656,56308800,0.0,0.0,0.0
2020-07-21 00:00:00-04:00,301.4069275614781,301.8500871049481,299.0894691350206,300.077392578125,57292200,0.0,0.0,0.0
2020-07-22 00:00:00-04:00,299.7173083426101,302.09940368262994,299.6065184526506,301.78546142578125,57792900,0.0,0.0,0.0
2020-07-23 00:00:00-04:00,301.42543801668506,302.12714499020143,296.81824597309316,298.1846923828125,75738000,0.0,0.0,0.0
2020-07-24 00:00:00-04:00,296.328858018481,297.2890558358542,294.75925946179956,296.26422119140625,73766600,0.0,0.0,0.0
2020-07-27 00:00:00-04:00,296.95669073754914,298.60013985296814,296.16264956413676,298.4247131347656,48293000,0.0,0.0,0.0
2020-07-28 00:00:00-04:00,297.6952737904054,298.81247079634437,296.2364934476947,296.5319519042969,57495000,0.0,0.0,0.0
2020-07-29 00:00:00-04:00,297.40906485580297,300.74214401894255,297.37212550366144,300.1789245605469,48454200,0.0,0.0,0.0
2020-07-30 00:00:00-04:00,297.2059117473767,299.5233698245188,295.1193034662908,299.1078796386719,61861700,0.0,0.0,0.0
2020-07-31 00:00:00-04:00,300.89906346264803,301.5730727483719,296.679637412853,301.47149658203125,84986800,0.0,0.0,0.0
2020-08-03 00:00:00-04:00,303.13349796893095,304.33375941571626,302.5887621937607,303.56744384765625,53077900,0.0,0.0,0.0
2020-08-04 00:00:00-04:00,302.7087786426871,304.7400207519531,302.7087786426871,304.7400207519531,41917900,0.0,0.0,0.0
2020-08-05 00:00:00-04:00,306.0417407568155,306.89117663308355,305.77397981436104,306.63262939453125,42697700,0.0,0.0,0.0
2020-08-06 00:00:00-04:00,306.0510592360944,308.8024353334043,305.7279032834886,308.6824035644531,43679400,0.0,0.0,0.0
2020-08-07 00:00:00-04:00,307.71294414525704,309.19020827921787,306.8081131712944,308.90399169921875,57308300,0.0,0.0,0.0
2020-08-10 00:00:00-04:00,309.356415827872,310.0119414454086,307.4175082706169,309.8273010253906,44282100,0.0,0.0,0.0
2020-08-11 00:00:00-04:00,311.0090413238048,311.6461112181924,306.5403383587364,307.26971435546875,69601100,0.0,0.0,0.0
2020-08-12 00:00:00-04:00,309.7071991317451,312.3293291846631,309.67950166619,311.55377197265625,53774400,0.0,0.0,0.0
2020-08-13 00:00:00-04:00,310.7874764150394,312.30167990291056,310.06731402303166,310.9906005859375,41816100,0.0,0.0,0.0
2020-08-14 00:00:00-04:00,310.60277998885937,311.53530826567635,309.8733758463055,310.9997863769531,47260400,0.0,0.0,0.0
2020-08-17 00:00:00-04:00,312.0154294004109,312.38473835012826,311.00905053743276,311.98773193359375,35481000,0.0,0.0,0.0
2020-08-18 00:00:00-04:00,312.38480129876183,313.0865081681524,310.7875052531915,312.66180419921875,38733900,0.0,0.0,0.0
2020-08-19 00:00:00-04:00,313.04028437426666,313.557322573065,310.79670488557355,311.35992431640625,68054200,0.0,0.0,0.0
2020-08-20 00:00:00-04:00,309.6334275776199,312.80953621709097,309.5041820857971,312.3294372558594,42207800,0.0,0.0,0.0
2020-08-21 00:00:00-04:00,311.9970225596553,313.658927181265,311.6553828469121,313.4373474121094,55106600,0.0,0.0,0.0
2020-08-24 00:00:00-04:00,315.87475725095965,316.68725383901455,313.40959819669,316.6134033203125,48588700,0.0,0.0,0.0
2020-08-25 00:00:00-04:00,317.17663880879144,317.8044669230327,316.0132886974553,317.72137451171875,38463400,0.0,0.0,0.0
2020-08-26 00:00:00-04:00,318.3122748541858,321.1744405717904,317.7675391796588,320.9067077636719,50790200,0.0,0.0,0.0
2020-08-27 00:00:00-04:00,321.7747030342196,323.0580570797185,319.9465849622059,321.6084899902344,58034100,0.0,0.0,0.0
2020-08-28 00:00:00-04:00,322.63331982174736,323.8151257187456,321.4422720409016,323.68585205078125,48588900,0.0,0.0,0.0
2020-08-31 00:00:00-04:00,323.473470596124,324.3505759728523,322.28242297558756,322.51324462890625,66099200,0.0,0.0,0.0
2020-09-01 00:00:00-04:00,323.34426484408283,325.6524818619685,322.44867551408413,325.5509338378906,54908700,0.0,0.0,0.0
2020-09-02 00:00:00-04:00,327.46205589368293,331.2290526523332,326.31716140186785,330.2596130371094,69540000,0.0,0.0,0.0
2020-09-03 00:00:00-04:00,328.5700392045548,329.0409244463154,316.3087927397801,318.8940124511719,148011100,0.0,0.0,0.0
2020-09-04 00:00:00-04:00,319.5771810982591,321.14675134230083,309.18096542994215,316.290283203125,139156300,0.0,0.0,0.0
2020-09-08 00:00:00-04:00,310.8798493187982,316.3549607309717,307.3436737413122,307.6483459472656,114465300,0.0,0.0,0.0
2020-09-09 00:00:00-04:00,311.65539056693245,316.1887312996784,310.78749888094603,313.72357177734375,91462300,0.0,0.0,0.0
2020-09-10 00:00:00-04:00,315.59780899777945,316.25333454581227,307.3159276821659,308.2761535644531,90569500,0.0,0.0,0.0
2020-09-11 00:00:00-04:00,310.05812950649084,311.11990351849477,305.6078810919823,308.4331359863281,84680200,0.0,0.0,0.0
2020-09-14 00:00:00-04:00,311.6000466817608,314.26835900337574,308.58090905163016,312.4956359863281,65605700,0.0,0.0,0.0
2020-09-15 00:00:00-04:00,314.9515377853473,315.78249013570075,312.504833796234,314.0744323730469,52920900,0.0,0.0,0.0
2020-09-16 00:00:00-04:00,315.3116771386732,316.74276037655795,312.55103050748136,312.8280334472656,82096000,0.0,0.0,0.0
2020-09-17 00:00:00-04:00,307.9715369017324,311.79395770580686,307.4452566733784,310.0766296386719,91523300,0.0,0.0,0.0
2020-09-18 00:00:00-04:00,310.8821336756627,310.99336705552685,304.02246845450276,306.50677490234375,105877900,1.339,0.0,0.0
2020-09-21 00:00:00-04:00,301.9182318320632,303.2438101066205,298.2381099284634,303.0954895019531,99450800,0.0,0.0,0.0
2020-09-22 00:00:00-04:00,304.57868073084774,306.7385377490843,302.06653750783966,306.1823425292969,63612100,0.0,0.0,0.0
2020-09-23 00:00:00-04:00,306.7385217044883,307.0166334444668,298.5810865385112,299.0816650390625,93112200,0.0,0.0,0.0
2020-09-24 00:00:00-04:00,297.76532620085055,302.93787621508653,296.4489985751981,299.87884521484375,76681300,0.0,0.0,0.0
2020-09-25 00:00:00-04:00,299.02605426843746,305.5149328939257,298.15471659342495,304.7270202636719,71069400,0.0,0.0,0.0
2020-09-28 00:00:00-04:00,308.8891253586317,310.5020659374077,307.8972472441894,309.7882995605469,64584600,0.0,0.0,0.0
2020-09-29 00:00:00-04:00,309.58440474277614,310.3259795662108,307.4059898011958,308.1012268066406,51304000,0.0,0.0,0.0
2020-09-30 00:00:00-04:00,308.76860928712824,313.58892978637374,308.5739508757094,310.43719482421875,104081100,0.0,0.0,0.0
2020-10-01 00:00:00-04:00,313.03270872151455,314.0060289873834,310.5484025217798,312.43017578125,88698700,0.0,0.0,0.0
2020-10-02 00:00:00-04:00,307.4801391377748,312.4024144710618,307.0073689601297,309.4638671875,89431100,0.0,0.0,0.0
2020-10-05 00:00:00-04:00,311.52166182686176,315.1368870502554,311.47532402870127,314.9515075683594,45713100,0.0,0.0,0.0
2020-10-06 00:00:00-04:00,315.0906571878008,317.1856469045774,309.9644445702148,310.4742736816406,90128900,0.0,0.0,0.0
2020-10-07 00:00:00-04:00,313.43129285943087,316.68501022213155,313.403484518265,315.8785400390625,56999600,0.0,0.0,0.0
2020-10-08 00:00:00-04:00,317.81598305879504,318.7429656383515,316.89825106833507,318.6780700683594,45242500,0.0,0.0,0.0
2020-10-09 00:00:00-04:00,320.32804947834086,321.9873559657683,319.706987085962,321.52386474609375,59528600,0.0,0.0,0.0
2020-10-12 00:00:00-04:00,324.06378442537806,328.17030980233085,323.5724848688719,326.6964111328125,80388500,0.0,0.0,0.0
2020-10-13 00:00:00-04:00,326.55746024664927,326.73358922053734,323.600383208339,324.564453125,73255500,0.0,0.0,0.0
2020-10-14 00:00:00-04:00,325.13912193436175,326.23295452878085,321.7927285846741,322.5250244140625,57727900,0.0,0.0,0.0
2020-10-15 00:00:00-04:00,318.61313237555913,322.60842450210197,318.07549499777156,322.12640380859375,60357700,0.0,0.0,0.0
2020-10-16 00:00:00-04:00,323.47971564664743,325.13902178286656,321.75554225324044,321.9316711425781,89501900,0.0,0.0,0.0
2020-10-19 00:00:00-04:00,323.1924104328647,323.8227516799886,316.1380878968359,317.0372619628906,68425600,0.0,0.0,0.0
2020-10-20 00:00:00-04:00,318.38139712826285,321.55168968171705,317.6212929886074,318.3072509765625,60051900,0.0,0.0,0.0
2020-10-21 00:00:00-04:00,318.26087876428136,320.43004263717467,317.39879185718223,317.7047119140625,63575000,0.0,0.0,0.0
2020-10-22 00:00:00-04:00,317.9179331532719,320.0314522737697,315.7766056873438,319.44744873046875,55399300,0.0,0.0,0.0
2020-10-23 00:00:00-04:00,320.6710851896819,320.7267018827422,318.0755452159894,320.53204345703125,49143900,0.0,0.0,0.0
2020-10-26 00:00:00-04:00,317.1486274128742,317.9365684445732,311.11396037944763,314.60870361328125,91473000,0.0,0.0,0.0
2020-10-27 00:00:00-04:00,314.95160893898276,315.285309087353,313.31083167503937,313.5240478515625,65994100,0.0,0.0,0.0
2020-10-28 00:00:00-04:00,307.85086148317663,313.5517975998681,302.3167754094889,302.8080749511719,127094300,0.0,0.0,0.0
2020-10-29 00:00:00-04:00,303.03992892268667,309.0560378129081,301.35281355762714,305.8857727050781,90597700,0.0,0.0,0.0
2020-10-30 00:00:00-04:00,304.30980936954535,305.61685806950385,299.0445556385391,302.6968688964844,120287300,0.0,0.0,0.0
2020-11-02 00:00:00-05:00,306.089599609375,308.0918566976093,303.34571133877967,306.089599609375,86068300,0.0,0.0,0.0
2020-11-03 00:00:00-05:00,309.3248216610703,313.55185999385526,306.173086523715,311.49395751953125,93294200,0.0,0.0,0.0
2020-11-04 00:00:00-05:00,315.9712016015237,322.5342527174531,314.7939441588328,318.4555358886719,126959700,0.0,0.0,0.0
2020-11-05 00:00:00-05:00,323.7393687910326,326.4739785623512,323.3871109043666,324.6663513183594,82039700,0.0,0.0,0.0
2020-11-06 00:00:00-05:00,324.37891645062587,325.8435643582199,322.2653978925801,324.5921325683594,74973000,0.0,0.0,0.0
2020-11-09 00:00:00-05:00,337.393744117373,337.77381024973823,328.2073462588624,328.67083740234375,172304200,0.0,0.0,0.0
2020-11-10 00:00:00-05:00,327.6790464420353,329.24564918548936,324.9166565996286,328.18890380859375,85552000,0.0,0.0,0.0
2020-11-11 00:00:00-05:00,330.3765581914952,331.4518612889709,329.1344050330131,330.6268615722656,58649000,0.0,0.0,0.0
2020-11-12 00:00:00-05:00,329.6164079973696,330.67318157201504,325.6118653025927,327.4194641113281,67546200,0.0,0.0,0.0
2020-11-13 00:00:00-05:00,329.3290469036784,332.69399774467473,328.8099389915463,331.9524230957031,62892200,0.0,0.0,0.0
2020-11-16 00:00:00-05:00,334.62217047881086,336.2907277500925,333.33365115779196,336.0960693359375,74541100,0.0,0.0,0.0
2020-11-17 00:00:00-05:00,333.68594959425036,335.49357709881195,332.17496333061706,334.2884826660156,66111000,0.0,0.0,0.0
2020-11-18 00:00:00-05:00,334.55725327164475,335.1041695450707,330.2282326036911,330.26531982421875,70591300,0.0,0.0,0.0
2020-11-19 00:00:00-05:00,329.63500754078495,332.02661012404343,328.29087149861675,331.65582275390625,59940900,0.0,0.0,0.0
2020-11-20 00:00:00-05:00,331.39620780880034,331.60014506825297,329.3104974100037,329.3846435546875,70417300,0.0,0.0,0.0
2020-11-23 00:00:00-05:00,331.19234181614615,332.6199029395009,328.95831035799966,331.35919189453125,63230600,0.0,0.0,0.0
2020-11-24 00:00:00-05:00,333.90841208983915,337.2455552842376,333.05560389471066,336.6986389160156,62415900,0.0,0.0,0.0
2020-11-25 00:00:00-05:00,336.615126222549,336.6429345632087,335.0856109077494,336.179443359375,45330900,0.0,0.0,0.0
2020-11-27 00:00:00-05:00,337.2733243638305,337.5884950330975,336.1053173094643,337.1157531738281,28514100,0.0,0.0,0.0
2020-11-30 00:00:00-05:00,336.33708795881,336.6059208367198,332.9443565005629,335.6233215332031,83872700,0.0,0.0,0.0
2020-12-01 00:00:00-05:00,338.8770642217867,340.8329840925718,338.2837817293062,339.294189453125,74231400,0.0,0.0,0.0
2020-12-02 00:00:00-05:00,338.1818385379717,340.16556682393974,337.60711378492744,340.00799560546875,45927000,0.0,0.0,0.0
2020-12-03 00:00:00-05:00,339.9058822567246,341.30563466169116,338.81204987009494,339.9151611328125,62882000,0.0,0.0,0.0
2020-12-04 00:00:00-05:00,340.499126907877,342.8443908691406,340.40642302501317,342.8443908691406,50749900,0.0,0.0,0.0
2020-12-07 00:00:00-05:00,342.07511907507774,342.6313143095269,340.8700529748252,342.1400146484375,48944300,0.0,0.0,0.0
2020-12-08 00:00:00-05:00,340.8700252302088,343.7065895768302,340.8236874183033,343.1411437988281,42458900,0.0,0.0,0.0
2020-12-09 00:00:00-05:00,343.7993068138485,343.95687801184386,339.2292894437654,340.0635681152344,74098300,0.0,0.0,0.0
2020-12-10 00:00:00-05:00,338.6916205245105,340.99979809475724,337.82025463669373,339.95233154296875,57735400,0.0,0.0,0.0
2020-12-11 00:00:00-05:00,338.2559409711253,339.961585539684,336.7357042360189,339.5537109375,57698600,0.0,0.0,0.0
2020-12-14 00:00:00-05:00,341.7227861576118,342.7980607861549,337.8572573213051,338.03338623046875,69216200,0.0,0.0,0.0
2020-12-15 00:00:00-05:00,340.5734516867727,342.6035461425781,339.2015353420675,342.6035461425781,63865300,0.0,0.0,0.0
2020-12-16 00:00:00-05:00,342.8166942477022,344.058847472952,341.93604950739774,343.1411437988281,58420500,0.0,0.0,0.0
2020-12-17 00:00:00-05:00,344.78185310544035,345.26387379305515,343.9568251499501,345.0599365234375,64119500,0.0,0.0,0.0
2020-12-18 00:00:00-05:00,345.3486003375375,345.51616164558806,341.67139953282106,343.6822204589844,136542300,1.58,0.0,0.0
2020-12-21 00:00:00-05:00,339.7629543638441,352.3212438699424,337.0260063626711,342.4533386230469,96386700,0.0,0.0,0.0
2020-12-22 00:00:00-05:00,342.7791360979551,342.8908436114936,340.74970717574905,341.8761291503906,47949000,0.0,0.0,0.0
2020-12-23 00:00:00-05:00,342.84433524058835,344.0917832562604,341.8575475802829,342.1833801269531,46201400,0.0,0.0,0.0
2020-12-24 00:00:00-05:00,342.6581766510882,343.5425753213041,342.0717120912017,343.5146484375,26457900,0.0,0.0,0.0
2020-12-28 00:00:00-05:00,346.06534457269254,346.8566440369137,345.4416347950201,346.4656677246094,39000400,0.0,0.0,0.0
2020-12-29 00:00:00-05:00,347.9924184877755,348.1692982115266,345.2182250819667,345.8047180175781,53680500,0.0,0.0,0.0
2020-12-30 00:00:00-05:00,346.6240504383996,347.33156954976204,345.9072413033697,346.2982177734375,49455300,0.0,0.0,0.0
2020-12-31 00:00:00-05:00,346.1026197103733,348.78371400805713,345.59061740637577,348.0575866699219,78520700,0.0,0.0,0.0
2021-01-04 00:00:00-05:00,349.38880113928235,349.5191455225328,339.6233135802176,343.3191223144531,110210800,0.0,0.0,0.0
2021-01-05 00:00:00-05:00,342.6767263731801,346.77282927866395,342.6301626387799,345.6836242675781,66426200,0.0,0.0,0.0
2021-01-06 00:00:00-05:00,344.17561345030657,350.9435220537929,343.62636577991566,347.7503967285156,107997700,0.0,0.0,0.0
2021-01-07 00:00:00-05:00,350.1242211986964,353.6617584095082,349.9473414971712,352.9170227050781,68766800,0.0,0.0,0.0
2021-01-08 00:00:00-05:00,354.3041791798379,355.14201412513074,351.0552285052697,354.92791748046875,71677200,0.0,0.0,0.0
2021-01-11 00:00:00-05:00,351.7534496860149,354.29488155566315,351.63242370939287,352.5354309082031,51034700,0.0,0.0,0.0
2021-01-12 00:00:00-05:00,352.7215686990142,353.6245473333701,350.3662785938468,352.6098327636719,52547700,0.0,0.0,0.0
2021-01-13 00:00:00-05:00,352.53538468344925,354.5554954734266,351.7534035637951,353.5594177246094,45303600,0.0,0.0,0.0
2021-01-14 00:00:00-05:00,354.30409104661976,354.8068032526865,351.9860749789511,352.3211975097656,49989100,0.0,0.0,0.0
2021-01-15 00:00:00-05:00,350.7014344796534,351.5020240301078,347.8900242126763,349.75189208984375,107160000,0.0,0.0,0.0
2021-01-19 00:00:00-05:00,352.2094901876076,353.03803490563877,350.72930885602966,352.4980773925781,51233300,0.0,0.0,0.0
2021-01-20 00:00:00-05:00,354.7881063544559,358.21396374548715,354.3971301346696,357.3761291503906,61836100,0.0,0.0,0.0
2021-01-21 00:00:00-05:00,357.934790375537,358.36304045364824,356.78044135246313,357.7020568847656,47840100,0.0,0.0,0.0
2021-01-22 00:00:00-05:00,355.8495421566286,357.59970272379945,355.46785578529006,356.43603515625,52860500,0.0,0.0,0.0
2021-01-25 00:00:00-05:00,357.1714012989788,358.19540580199936,352.3212155048195,357.8416748046875,70402000,0.0,0.0,0.0
2021-01-26 00:00:00-05:00,358.79128116207573,359.2008944003585,357.0504391042999,357.2831726074219,42665300,0.0,0.0,0.0
2021-01-27 00:00:00-05:00,353.95968803310404,354.05278710492604,346.31672868098127,348.55096435546875,123351100,0.0,0.0,0.0
2021-01-28 00:00:00-05:00,350.36627971281166,355.55158851320573,349.9287680398475,351.548583984375,94198100,0.0,0.0,0.0
2021-01-29 00:00:00-05:00,349.68676378038657,350.65494315277493,342.83507435942295,344.5107727050781,126765100,0.0,0.0,0.0
2021-02-01 00:00:00-05:00,347.90858629226074,351.27856215518443,344.7992707610039,350.2452392578125,75817600,0.0,0.0,0.0
2021-02-02 00:00:00-05:00,353.4290462295083,356.7524870405597,350.32904887111556,355.19781494140625,64450700,0.0,0.0,0.0
2021-02-03 00:00:00-05:00,356.026389967423,357.19937586145977,354.2017673399159,355.4771423339844,52427100,0.0,0.0,0.0
2021-02-04 00:00:00-05:00,356.5104983071963,359.56396087599126,355.5888826824537,359.5174255371094,47142600,0.0,0.0,0.0
2021-02-05 00:00:00-05:00,361.3885805309923,361.6399224767463,359.47085881489795,360.9324035644531,48669800,0.0,0.0,0.0
2021-02-08 00:00:00-05:00,362.38465454642807,363.5855673167599,361.52821120762786,363.5390319824219,38365200,0.0,0.0,0.0
2021-02-09 00:00:00-05:00,362.7011552001997,363.89277790526904,362.29157040764335,363.2969665527344,35551100,0.0,0.0,0.0
2021-02-10 00:00:00-05:00,365.0378156036463,365.18676844469576,360.73690530404883,363.1387023925781,59154400,0.0,0.0,0.0
2021-02-11 00:00:00-05:00,364.2185830573535,364.637514691375,361.29546527923713,363.7251892089844,42913300,0.0,0.0,0.0
2021-02-12 00:00:00-05:00,362.924537402248,365.7638740484344,362.8500467908304,365.5218505859375,50593300,0.0,0.0,0.0
2021-02-16 00:00:00-05:00,366.7507370926893,366.94625368053585,364.4885743748941,365.20538330078125,50972400,0.0,0.0,0.0
2021-02-17 00:00:00-05:00,363.4552435609881,365.54052650809217,362.44050055956217,365.2891845703125,52290600,0.0,0.0,0.0
2021-02-18 00:00:00-05:00,362.6825067811136,364.47920225148306,360.96027351668073,363.7344665527344,59712800,0.0,0.0,0.0
2021-02-19 00:00:00-05:00,364.9912762762247,365.27986352452217,362.645304567679,363.0921630859375,83241000,0.0,0.0,0.0
2021-02-22 00:00:00-05:00,360.3272738044918,362.71046232061997,360.02936813751376,360.2993469238281,67414200,0.0,0.0,0.0
2021-02-23 00:00:00-05:00,358.0931195208887,362.08683482270567,353.9411613292896,360.7369689941406,107284100,0.0,0.0,0.0
2021-02-24 00:00:00-05:00,359.6476922516517,365.1402251600415,358.66090455980543,364.71197509765625,72433900,0.0,0.0,0.0
2021-02-25 00:00:00-05:00,363.44588095381306,364.8143548239755,354.4809836013045,355.9239196777344,146670500,0.0,0.0,0.0
2021-02-26 00:00:00-05:00,357.8044726689712,358.9495032557424,352.1071613879296,354.09002685546875,152701600,0.0,0.0,0.0
2021-03-01 00:00:00-05:00,358.9587703830817,363.92066358275525,354.2854928063855,362.6731872558594,105348800,0.0,0.0,0.0
2021-03-02 00:00:00-05:00,362.8966935413863,363.12942703807903,359.34051889355743,359.8432312011719,79595300,0.0,0.0,0.0
2021-03-03 00:00:00-05:00,359.1449275166732,360.1130781296402,354.9743342267452,355.0767517089844,119940200,0.0,0.0,0.0
2021-03-04 00:00:00-05:00,354.89067292653556,357.47866839991167,346.1957524741158,350.682861328125,183433000,0.0,0.0,0.0
2021-03-05 00:00:00-05:00,354.18311275175654,358.1861456706564,346.9032310579424,357.1341857910156,152039600,0.0,0.0,0.0
2021-03-08 00:00:00-05:00,358.09302696069,360.9044370293171,355.07681030362994,355.3560791015625,123149200,0.0,0.0,0.0
2021-03-09 00:00:00-05:00,359.20081753054825,362.9804065396195,358.6981053166281,360.4296569824219,113633600,0.0,0.0,0.0
2021-03-10 00:00:00-05:00,362.77560474978924,364.367493636716,361.3605955625039,362.6731872558594,109899400,0.0,0.0,0.0
2021-03-11 00:00:00-05:00,365.14023058798864,368.3240087626398,364.6840536373491,366.3504333496094,86245000,0.0,0.0,0.0
2021-03-12 00:00:00-05:00,364.9912616619042,366.9834454384432,364.181353712992,366.84381103515625,64653600,0.0,0.0,0.0
2021-03-15 00:00:00-04:00,367.0951358060423,369.2921544845288,364.9539992961072,369.031494140625,73427200,0.0,0.0,0.0
2021-03-16 00:00:00-04:00,369.64598797533466,370.3534785306605,367.79340990754196,368.56610107421875,73722500,0.0,0.0,0.0
2021-03-17 00:00:00-04:00,367.28141575002945,370.6234656362169,366.13635662184026,369.8228759765625,97959300,0.0,0.0,0.0
2021-03-18 00:00:00-04:00,367.23481832610025,369.32010118927036,363.76242462104625,364.4420166015625,115349100,0.0,0.0,0.0
2021-03-19 00:00:00-04:00,364.141257136667,365.71969051583625,361.59147356195604,363.7676696777344,113624500,1.278,0.0,0.0
2021-03-22 00:00:00-04:00,364.28136920712717,368.05466830965446,364.2253325103038,366.67236328125,73778600,0.0,0.0,0.0
2021-03-23 00:00:00-04:00,366.0373101003052,367.4849724644324,363.00186510857276,363.7864074707031,90686600,0.0,0.0,0.0
2021-03-24 00:00:00-04:00,365.1873129811931,366.8217830520808,361.89035449260405,361.9370422363281,97588600,0.0,0.0,0.0
2021-03-25 00:00:00-04:00,360.4987572580339,364.76703777153006,358.556056717537,363.9731750488281,116128600,0.0,0.0,0.0
2021-03-26 00:00:00-04:00,365.12196135499164,370.2401983720078,364.5242270663124,369.8385925292969,114409100,0.0,0.0,0.0
2021-03-29 00:00:00-04:00,368.3628933197625,370.5577590931056,366.877863754709,369.65179443359375,108107600,0.0,0.0,0.0
2021-03-30 00:00:00-04:00,368.3816101105084,369.3436115196959,367.0740110275809,368.671142578125,76262200,0.0,0.0,0.0
2021-03-31 00:00:00-04:00,369.2408627097128,371.72526109112226,369.2128443577868,370.1654968261719,112734200,0.0,0.0,0.0
2021-04-01 00:00:00-04:00,372.0988388044274,374.218998554884,371.89336139475535,374.1629333496094,99682900,0.0,0.0,0.0
2021-04-05 00:00:00-04:00,376.8248104457492,380.07508186806007,376.7501043396407,379.5333557128906,91684800,0.0,0.0,0.0
2021-04-06 00:00:00-04:00,378.972983873967,380.35526059128404,378.6367351434698,379.3092041015625,62021000,0.0,0.0,0.0
2021-04-07 00:00:00-04:00,379.1409942505184,380.0936464810016,378.68335178237857,379.7480773925781,55836300,0.0,0.0,0.0
2021-04-08 00:00:00-04:00,380.99961272494903,381.6066958698037,380.06562988582067,381.5506591796875,57863100,0.0,0.0,0.0
2021-04-09 00:00:00-04:00,381.4292307073625,384.4926930013299,381.30780838884164,384.3245544433594,61104600,0.0,0.0,0.0
2021-04-12 00:00:00-04:00,383.72686723274467,384.73555618947427,383.11978406878455,384.4647216796875,56704900,0.0,0.0,0.0
2021-04-13 00:00:00-04:00,384.36200222963515,386.2299681294225,383.979065799831,385.60418701171875,56551000,0.0,0.0,0.0
2021-04-14 00:00:00-04:00,385.57628747635897,386.6316930954194,383.7456883112905,384.28741455078125,61659900,0.0,0.0,0.0
2021-04-15 00:00:00-04:00,386.42610852089956,388.68635987083064,386.3794207731198,388.4154968261719,60229800,0.0,0.0,0.0
2021-04-16 00:00:00-04:00,389.7043961665137,390.3208283501207,388.28475230611167,389.7137451171875,82037300,0.0,0.0,0.0
2021-04-19 00:00:00-04:00,388.77971032486425,389.2280038510843,386.472771544875,387.79901123046875,78498500,0.0,0.0,0.0
2021-04-20 00:00:00-04:00,386.5849297445035,387.68702290879025,383.4840991609738,384.9598083496094,81851800,0.0,0.0,0.0
2021-04-21 00:00:00-04:00,384.34327456113897,388.8077112446587,384.20315433758054,388.60223388671875,66793000,0.0,0.0,0.0
2021-04-22 00:00:00-04:00,388.43417324213044,389.26540322576255,383.98840538810305,385.0531311035156,97582800,0.0,0.0,0.0
2021-04-23 00:00:00-04:00,385.6135180559668,390.6383506535276,385.5388119647193,389.22802734375,73209200,0.0,0.0,0.0
2021-04-26 00:00:00-04:00,389.8817967410728,390.61030221191777,389.29338299483373,390.0405578613281,52182400,0.0,0.0,0.0
2021-04-27 00:00:00-04:00,390.33944884314224,390.535605765326,388.8170522247635,389.9565124511719,51303100,0.0,0.0,0.0
2021-04-28 00:00:00-04:00,390.2274494039852,391.3482404466595,389.3775214221555,389.8445129394531,51238900,0.0,0.0,0.0
2021-04-29 00:00:00-04:00,392.5716715620224,392.9452589949812,388.9478136062445,392.3288269042969,78544300,0.0,0.0,0.0
2021-04-30 00:00:00-04:00,390.0592373625675,390.90916512228176,388.85439158199523,389.7510070800781,85527000,0.0,0.0,0.0
2021-05-03 00:00:00-04:00,391.74051678751226,392.1234532710356,390.09672594707484,390.59173583984375,68128300,0.0,0.0,0.0
2021-05-04 00:00:00-04:00,388.6023411344011,389.0973510192944,384.4928213443372,388.1820373535156,101591200,0.0,0.0,0.0
2021-05-05 00:00:00-04:00,389.82583314555814,390.05932889798106,387.74304077290196,388.3034362792969,60162200,0.0,0.0,0.0
2021-05-06 00:00:00-04:00,388.3781117451592,391.5349786293804,386.3700541332892,391.40423583984375,74321400,0.0,0.0,0.0
2021-05-07 00:00:00-04:00,392.17010496663084,394.9066681025146,391.4882871687611,394.25286865234375,67733800,0.0,0.0,0.0
2021-05-10 00:00:00-04:00,394.60783736731895,394.8319841776763,390.2274545965479,390.348876953125,81852400,0.0,0.0,0.0
2021-05-11 00:00:00-04:00,385.8284352333097,387.8551626560607,382.98911854811655,386.8651428222656,116888000,0.0,0.0,0.0
2021-05-12 00:00:00-04:00,384.0818760668067,385.35207938683834,377.3291680702474,378.6460876464844,134811000,0.0,0.0,0.0
2021-05-13 00:00:00-04:00,380.19647206863493,385.12790123879364,380.14975581622974,383.1945495605469,106394000,0.0,0.0,0.0
2021-05-14 00:00:00-04:00,385.93106496065724,389.9285106204482,385.90304661385784,389.0785827636719,82201600,0.0,0.0,0.0
2021-05-17 00:00:00-04:00,387.96716817788194,388.9011510722619,386.0711555395105,388.08856201171875,65129200,0.0,0.0,0.0
2021-05-18 00:00:00-04:00,388.3501253478743,388.59297005214694,384.5861749461466,384.7449645996094,59810200,0.0,0.0,0.0
2021-05-19 00:00:00-04:00,380.0563698240923,383.9136956201269,378.57131179137997,383.7362365722656,106467100,0.0,0.0,0.0
2021-05-20 00:00:00-04:00,384.6140791837577,389.1252317590852,384.49268537053774,387.8643493652344,78022200,0.0,0.0,0.0
2021-05-21 00:00:00-04:00,389.34942453489305,390.5916376819598,387.0892020087102,387.5468444824219,76578700,0.0,0.0,0.0
2021-05-24 00:00:00-04:00,389.7884757512618,392.5717554519268,389.54563104164197,391.4976806640625,51376700,0.0,0.0,0.0
2021-05-25 00:00:00-04:00,392.5810493076067,392.9359673967326,390.0499634392748,390.6290283203125,57451400,0.0,0.0,0.0
2021-05-26 00:00:00-04:00,391.21742785148024,391.90856610321015,390.1807204738854,391.40423583984375,43088600,0.0,0.0,0.0
2021-05-27 00:00:00-04:00,392.43165081383626,392.9453300641983,391.3295292083679,391.6097412109375,56707700,0.0,0.0,0.0
2021-05-28 00:00:00-04:00,393.1788390804018,393.44035318988387,392.07674594064906,392.31024169921875,58520200,0.0,0.0,0.0
2021-06-01 00:00:00-04:00,394.67317493272026,394.81326667212426,391.5256570082224,391.9646301269531,54216600,0.0,0.0,0.0
2021-06-02 00:00:00-04:00,392.6183914671472,393.4216315915621,391.60970246523397,392.5810241699219,49097100,0.0,0.0,0.0
2021-06-03 00:00:00-04:00,390.26474464836855,392.263453151856,388.79838471410426,391.1239929199219,58138800,0.0,0.0,0.0
2021-06-04 00:00:00-04:00,392.973358609629,395.0001143194918,391.18944760771376,394.70123291015625,55938800,0.0,0.0,0.0
2021-06-07 00:00:00-04:00,394.6919163983461,394.869375468293,393.38434575366006,394.3183288574219,51555000,0.0,0.0,0.0
2021-06-08 00:00:00-04:00,395.1775676834587,395.2709716921303,392.5717754098022,394.4023742675781,47134300,0.0,0.0,0.0
2021-06-09 00:00:00-04:00,395.24286594873485,395.3176005403084,393.58972652208564,393.8138732910156,48436300,0.0,0.0,0.0
2021-06-10 00:00:00-04:00,395.0374479909109,396.5972121670287,393.7205285195885,395.64453125,51020100,0.0,0.0,0.0
2021-06-11 00:00:00-04:00,396.195645900819,396.4104437738481,394.90674465103467,396.2983703613281,45570800,0.0,0.0,0.0
2021-06-14 00:00:00-04:00,396.4103251655172,397.2882713047734,395.16814054455347,397.185546875,42358500,0.0,0.0,0.0
2021-06-15 00:00:00-04:00,397.33503853707737,397.3723773329353,395.5791460332352,396.45709228515625,51508500,0.0,0.0,0.0
2021-06-16 00:00:00-04:00,396.5971548550764,396.82130162532735,392.19810347152844,394.2434997558594,80386100,0.0,0.0,0.0
2021-06-17 00:00:00-04:00,393.832609480347,395.0934636810587,391.6377438115296,394.11279296875,90949700,0.0,0.0,0.0
2021-06-18 00:00:00-04:00,390.82947003654994,391.5228695274807,388.589962401601,388.7961120605469,118676300,1.376,0.0,0.0
2021-06-21 00:00:00-04:00,390.55768603100165,394.54947970964827,389.74246700562156,394.362060546875,72822000,0.0,0.0,0.0
2021-06-22 00:00:00-04:00,394.352679752593,397.3043454678535,393.6311417670724,396.4703674316406,57700300,0.0,0.0,0.0
2021-06-23 00:00:00-04:00,396.5453419827774,397.35118140093033,395.908162638729,395.99249267578125,49445400,0.0,0.0,0.0
2021-06-24 00:00:00-04:00,398.1383434268328,398.75676373658587,397.88532470396706,398.3351135253906,45110300,0.0,0.0,0.0
2021-06-25 00:00:00-04:00,399.0846801731096,400.1997582443463,398.75671098813206,399.7499694824219,58129500,0.0,0.0,0.0
2021-06-28 00:00:00-04:00,400.274777553691,400.72453776466034,399.07536933086004,400.5558776855469,53159600,0.0,0.0,0.0
2021-06-29 00:00:00-04:00,400.9400528954754,401.57723223614346,400.237273994288,400.7713928222656,35970500,0.0,0.0,0.0
2021-06-30 00:00:00-04:00,400.3122760719077,401.78343362434913,400.28416605608436,401.1087646484375,64827900,0.0,0.0,0.0
2021-07-01 00:00:00-04:00,401.86769002620366,403.48877689800884,401.802090469254,403.3294677734375,53441000,0.0,0.0,0.0
2021-07-02 00:00:00-04:00,404.49140558885847,406.76840218909126,403.41378848033645,406.4123229980469,57697700,0.0,0.0,0.0
2021-07-06 00:00:00-04:00,406.4686076794865,406.68413685470637,402.9359824093808,405.672119140625,68710400,0.0,0.0,0.0
2021-07-07 00:00:00-04:00,406.35615449938257,407.38690265779184,404.3415272693066,407.10577392578125,63549500,0.0,0.0,0.0
2021-07-08 00:00:00-04:00,401.78335917623605,404.54763413664995,400.60268153812575,403.78863525390625,97595200,0.0,0.0,0.0
2021-07-09 00:00:00-04:00,405.2972630468599,408.3988582078336,403.591846106271,408.0989990234375,76238600,0.0,0.0,0.0
2021-07-12 00:00:00-04:00,408.0147135517589,409.8138402584851,407.58368379970483,409.5608215332031,52889600,0.0,0.0,0.0
2021-07-13 00:00:00-04:00,408.77374227084334,410.27300986948524,407.9023031665115,408.1646728515625,52911300,0.0,0.0,0.0
2021-07-14 00:00:00-04:00,409.8606803722424,410.34795874869207,407.52746339505444,408.7737121582031,64130400,0.0,0.0,0.0
2021-07-15 00:00:00-04:00,407.4337224657248,408.10839135369446,405.4753153622365,407.37750244140625,55126400,0.0,0.0,0.0
2021-07-16 00:00:00-04:00,408.55826493610124,408.60510543403905,403.78874124223563,404.1822814941406,75874700,0.0,0.0,0.0
2021-07-19 00:00:00-04:00,399.35644496226297,404.24778712950507,395.40214130525,398.2132568359375,147987000,0.0,0.0,0.0
2021-07-20 00:00:00-04:00,398.87849813381996,405.1941563775408,398.0820097768181,403.9197692871094,99608200,0.0,0.0,0.0
2021-07-21 00:00:00-04:00,405.1192467876088,407.33067265477706,403.8729980876093,407.1900939941406,64724400,0.0,0.0,0.0
2021-07-22 00:00:00-04:00,407.36820816808677,408.28651641773797,406.38432894043746,408.0428771972656,47878500,0.0,0.0,0.0
2021-07-23 00:00:00-04:00,409.9731072389194,412.5780733348413,409.28908738037114,412.2407531738281,63766600,0.0,0.0,0.0
2021-07-26 00:00:00-04:00,411.65035780963643,413.26206508210987,411.6035173257502,413.252685546875,43719200,0.0,0.0,0.0
2021-07-27 00:00:00-04:00,412.21268332890685,412.2407933450638,408.5394791728748,411.3693542480469,67397100,0.0,0.0,0.0
2021-07-28 00:00:00-04:00,411.9972027913629,412.5781622579764,409.7764254642707,411.2007141113281,52472400,0.0,0.0,0.0
2021-07-29 00:00:00-04:00,412.12833741336397,413.9836556005954,412.1189578762892,412.90606689453125,47435300,0.0,0.0,0.0
2021-07-30 00:00:00-04:00,410.3385280234811,412.35315505498323,410.2073289089117,410.9007568359375,68951200,0.0,0.0,0.0
2021-08-02 00:00:00-04:00,412.61555230549715,413.16840161930367,409.68261706413523,410.0386962890625,58783300,0.0,0.0,0.0
2021-08-03 00:00:00-04:00,410.8352668145335,413.4964534004576,408.642599597881,413.3746337890625,58053900,0.0,0.0,0.0
2021-08-04 00:00:00-04:00,412.09080591322396,413.346434118997,411.10692688961086,411.3411865234375,46732200,0.0,0.0,0.0
2021-08-05 00:00:00-04:00,412.5031500015922,414.0305275555735,412.1845602964902,413.9461975097656,38969700,0.0,0.0,0.0
2021-08-06 00:00:00-04:00,414.2648492877592,415.05195842938866,413.98372049679244,414.6302795410156,46930000,0.0,0.0,0.0
2021-08-09 00:00:00-04:00,414.6021178906313,414.92070760379596,413.5245291498375,414.29290771484375,41222600,0.0,0.0,0.0
2021-08-10 00:00:00-04:00,414.742597463298,415.5203554334606,414.0585776586694,414.8081970214844,43339300,0.0,0.0,0.0
2021-08-11 00:00:00-04:00,415.87653984943745,415.93275988606405,414.75208192459974,415.83905029296875,44034300,0.0,0.0,0.0
2021-08-12 00:00:00-04:00,415.68905723891174,417.22581426197354,414.78950819398324,417.0852355957031,38909400,0.0,0.0,0.0
2021-08-13 00:00:00-04:00,417.53496905425794,417.8629382384884,417.0477193437249,417.8442077636719,39470300,0.0,0.0,0.0
2021-08-16 00:00:00-04:00,416.5416879310771,418.95923447372246,414.98620072147236,418.82806396484375,73740000,0.0,0.0,0.0
2021-08-17 00:00:00-04:00,416.26997110737653,416.9446399663895,413.0934254851267,416.08258056640625,92673900,0.0,0.0,0.0
2021-08-18 00:00:00-04:00,415.07066120484444,416.63552844125934,411.28504538533383,411.5286560058594,89351900,0.0,0.0,0.0
2021-08-19 00:00:00-04:00,408.8018367196642,413.36523891211175,408.6612866430519,412.1658020019531,92812200,0.0,0.0,0.0
2021-08-20 00:00:00-04:00,412.51249736786883,415.7733732693985,412.0252190130029,415.4454040527344,72008700,0.0,0.0,0.0
2021-08-23 00:00:00-04:00,417.1320365493111,420.0087514312363,415.52032928415485,419.0998229980469,54973000,0.0,0.0,0.0
2021-08-24 00:00:00-04:00,419.7651062011719,420.2992249687994,419.2497465036569,419.7651062011719,38744700,0.0,0.0,0.0
2021-08-25 00:00:00-04:00,419.95253575464955,421.1612947689073,419.5776974968097,420.64593505859375,40529700,0.0,0.0,0.0
2021-08-26 00:00:00-04:00,420.3648902398338,420.599149899653,418.0691627312955,418.1628723144531,57829600,0.0,0.0,0.0
2021-08-27 00:00:00-04:00,418.96867606210947,422.27642103261843,418.9124560362428,421.901611328125,77235100,0.0,0.0,0.0
2021-08-30 00:00:00-04:00,422.57631070476276,424.544097540426,422.33267151100796,423.7569885253906,48357400,0.0,0.0,0.0
2021-08-31 00:00:00-04:00,423.6632387027082,424.0005588501911,422.5294300788062,423.1291198730469,59300200,0.0,0.0,0.0
2021-09-01 00:00:00-04:00,424.06613178350335,424.5814915085135,423.1197137689136,423.3539733886719,48721400,0.0,0.0,0.0
2021-09-02 00:00:00-04:00,424.77834425136786,425.4623641266029,423.45711639620544,424.6565246582031,42501000,0.0,0.0,0.0
2021-09-03 00:00:00-04:00,423.5226862527916,425.068794112329,423.1197379507082,424.55340576171875,47170500,0.0,0.0,0.0
2021-09-07 00:00:00-04:00,424.20675973967593,424.3004693240175,422.3607924531319,423.03546142578125,51671500,0.0,0.0,0.0
2021-09-08 00:00:00-04:00,422.5013195727054,423.2322084875442,420.599103890751,422.5200500488281,56181900,0.0,0.0,0.0
2021-09-09 00:00:00-04:00,422.3233164530745,424.0755740928611,420.4679696953391,420.71160888671875,57970400,0.0,0.0,0.0
2021-09-10 00:00:00-04:00,422.64189201792766,423.06354222411983,417.27265062322766,417.39447021484375,89948200,0.0,0.0,0.0
2021-09-13 00:00:00-04:00,420.39303344599693,420.655403124016,416.1482209113753,418.46270751953125,83738600,0.0,0.0,0.0
2021-09-14 00:00:00-04:00,419.9056916877061,420.11184130334044,415.31420871709963,416.20440673828125,78197100,0.0,0.0,0.0
2021-09-15 00:00:00-04:00,416.6260619263352,420.1774459218341,415.5203633365021,419.6808166503906,78792200,0.0,0.0,0.0
2021-09-16 00:00:00-04:00,419.15605298019295,420.1305523944603,416.0638088883506,419.0155029296875,77786700,0.0,0.0,0.0
2021-09-17 00:00:00-04:00,418.2428908298914,418.6658919018536,414.5767094129711,414.9339294433594,118425000,1.428,0.0,0.0
2021-09-20 00:00:00-04:00,408.8048283528595,410.38408955076596,403.1457660287209,408.01519775390625,166445500,0.0,0.0,0.0
2021-09-21 00:00:00-04:00,410.3559338587685,411.65319451439296,407.103401321114,407.62982177734375,92526100,0.0,0.0,0.0
2021-09-22 00:00:00-04:00,409.9046690416803,413.64604074631075,407.74258725869817,411.60614013671875,102350100,0.0,0.0,0.0
2021-09-23 00:00:00-04:00,413.4768249344985,418.21463714747955,413.2418148065021,416.6071472167969,76396000,0.0,0.0,0.0
2021-09-24 00:00:00-04:00,414.971434039035,418.00777484083244,414.7552144207099,417.2933349609375,62094800,0.0,0.0,0.0
2021-09-27 00:00:00-04:00,416.25933916263614,417.4249802239827,415.40389884937827,416.09954833984375,61371100,0.0,0.0,0.0
2021-09-28 00:00:00-04:00,413.32642918282806,413.65544911085703,406.98115550934745,407.7143859863281,130436300,0.0,0.0,0.0
2021-09-29 00:00:00-04:00,409.0961944642292,410.83527498638745,407.83654373845025,408.40057373046875,82329200,0.0,0.0,0.0
2021-09-30 00:00:00-04:00,409.8765131803405,410.58154366662774,403.07062806613243,403.4090576171875,140506000,0.0,0.0,0.0
2021-10-01 00:00:00-04:00,405.1387643144747,409.8859585278774,401.61361157548265,408.2032775878906,129240100,0.0,0.0,0.0
2021-10-04 00:00:00-04:00,407.03749673565017,407.9399274949172,400.79561465530827,402.9389343261719,128570000,0.0,0.0,0.0
2021-10-05 00:00:00-04:00,404.4430304326626,409.3782432393912,403.64401892844825,407.1315612792969,90682500,0.0,0.0,0.0
2021-10-06 00:00:00-04:00,403.5312059070278,409.0304489893108,401.90495407806975,408.8236389160156,113032200,0.0,0.0,0.0
2021-10-07 00:00:00-04:00,412.10432319982914,415.1970354491902,411.92571322947015,412.3581237792969,72437500,0.0,0.0,0.0
2021-10-08 00:00:00-04:00,413.1290299205683,413.51444998736724,410.9763290353788,411.60614013671875,74557400,0.0,0.0,0.0
2021-10-11 00:00:00-04:00,410.9481526531211,413.8622842543227,408.56044149355773,408.6262512207031,65233300,0.0,0.0,0.0
2021-10-12 00:00:00-04:00,409.54746158614824,409.9516721203581,406.83073074231044,407.620361328125,71181200,0.0,0.0,0.0
2021-10-13 00:00:00-04:00,408.64503280690064,409.90468374251765,405.6651202312037,409.08685302734375,72974000,0.0,0.0,0.0
2021-10-14 00:00:00-04:00,412.7529445741557,416.11830542103553,412.28292435324295,415.9678955078125,70236800,0.0,0.0,0.0
2021-10-15 00:00:00-04:00,418.0830539008593,419.5025243769304,417.4626236667043,419.1358947753906,66260200,0.0,0.0,0.0
2021-10-18 00:00:00-04:00,417.34977745930763,420.71510979062344,416.6917376412568,420.376708984375,62213200,0.0,0.0,0.0
2021-10-19 00:00:00-04:00,422.0030022074686,423.68565408047556,421.39195292020696,423.619873046875,46996800,0.0,0.0,0.0
2021-10-20 00:00:00-04:00,424.0805016742407,425.5845723051379,423.96770139728164,425.28375244140625,49571600,0.0,0.0,0.0
2021-10-21 00:00:00-04:00,424.68209422675085,426.618575397613,424.2496836213109,426.3929748535156,41305400,0.0,0.0,0.0
2021-10-22 00:00:00-04:00,425.96055094238534,427.40822132656245,424.0052506620859,425.9511413574219,58845100,0.0,0.0,0.0
2021-10-25 00:00:00-04:00,427.0416019944035,428.56446303148596,425.26494034706053,428.2354431152344,45214500,0.0,0.0,0.0
2021-10-26 00:00:00-04:00,429.7865805144339,430.99921225220334,428.2449001362051,428.62091064453125,56075100,0.0,0.0,0.0
2021-10-27 00:00:00-04:00,429.08152637361746,429.74894714064544,426.64679607068757,426.7220153808594,72438000,0.0,0.0,0.0
2021-10-28 00:00:00-04:00,428.15085513172806,430.9145766067055,428.1414742340312,430.8393859863281,51437900,0.0,0.0,0.0
2021-10-29 00:00:00-04:00,428.5362813944523,432.0050333226642,428.2448711186631,431.713623046875,70162400,0.0,0.0,0.0
2021-11-01 00:00:00-04:00,432.70065934906575,433.07669852419264,430.7265971184563,432.4562683105469,48433600,0.0,0.0,0.0
2021-11-02 00:00:00-04:00,432.6254811267831,434.51497189123603,432.4938616741639,434.2047424316406,48908400,0.0,0.0,0.0
2021-11-03 00:00:00-04:00,433.64063991942203,437.25980132111596,433.1988197687567,436.8555908203125,52509800,0.0,0.0,0.0
2021-11-04 00:00:00-04:00,437.4572570913363,438.9989373652711,437.10944667746986,438.9143371582031,52847100,0.0,0.0,0.0
2021-11-05 00:00:00-04:00,441.1422252320449,442.43007618696566,438.92374331887703,440.43719482421875,66390600,0.0,0.0,0.0
2021-11-08 00:00:00-05:00,441.5370209098921,442.0352412122443,440.1269602027339,440.81317138671875,50405200,0.0,0.0,0.0
2021-11-09 00:00:00-05:00,441.17985167362065,441.4148618185051,437.9461097849906,439.3561706542969,51149100,0.0,0.0,0.0
2021-11-10 00:00:00-05:00,437.6640350330447,439.35612511347824,434.3363123816006,435.8215637207031,69429700,0.0,0.0,0.0
2021-11-11 00:00:00-05:00,437.3162154925545,437.39143479469317,435.94376444998505,435.9625549316406,34848500,0.0,0.0,0.0
2021-11-12 00:00:00-05:00,437.23160434083906,439.80730596328203,436.28215431749,439.252685546875,53466700,0.0,0.0,0.0
2021-11-15 00:00:00-05:00,440.54060690132917,440.7003977259758,438.2751057858588,439.40313720703125,46980500,0.0,0.0,0.0
2021-11-16 00:00:00-05:00,439.13992102624314,442.27965290510997,439.0647304076264,441.1422119140625,48857500,0.0,0.0,0.0
2021-11-17 00:00:00-05:00,440.87897766963937,441.0575876528418,439.4501264917785,440.070556640625,47858300,0.0,0.0,0.0
2021-11-18 00:00:00-05:00,441.10457673089655,441.8284262460176,438.37846513160173,441.5652160644531,50625600,0.0,0.0,0.0
2021-11-19 00:00:00-05:00,441.4524364328998,442.70270645083684,440.4090051747564,440.775634765625,57315600,0.0,0.0,0.0
2021-11-22 00:00:00-05:00,442.65567024625074,445.1467717517106,439.32791895320247,439.53472900390625,72762000,0.0,0.0,0.0
2021-11-23 00:00:00-05:00,439.20574375407494,440.9730245653836,436.60184177692975,440.1175842285156,73206500,0.0,0.0,0.0
2021-11-24 00:00:00-05:00,438.115291443818,441.4148429167893,437.2974607646824,441.2926330566406,61858800,0.0,0.0,0.0
2021-11-26 00:00:00-05:00,434.61837171536075,436.08483277035555,430.32237924723853,431.450439453125,112669600,0.0,0.0,0.0
2021-11-29 00:00:00-05:00,436.2445775616634,438.5852690969573,434.0448863560093,436.7427978515625,86268800,0.0,0.0,0.0
2021-11-30 00:00:00-05:00,434.29876746658414,436.20704878218436,428.00048382259115,428.2449035644531,148559600,0.0,0.0,0.0
2021-12-01 00:00:00-05:00,433.9603158081163,436.8086374124799,423.290850257439,423.4882507324219,131939200,0.0,0.0,0.0
2021-12-02 00:00:00-05:00,423.7044336964784,431.54436744671597,423.3096040929344,429.9744873046875,127637800,0.0,0.0,0.0
2021-12-03 00:00:00-05:00,431.638417799551,432.7006394884692,422.0030024782896,426.2331848144531,137331600,0.0,0.0,0.0
2021-12-06 00:00:00-05:00,428.78070813331755,433.16130061518345,426.3647969926562,431.2812194824219,98977500,0.0,0.0,0.0
2021-12-07 00:00:00-05:00,436.56416615737265,440.76614789818484,431.1495242664586,440.2021179199219,95484700,0.0,0.0,0.0
2021-12-08 00:00:00-05:00,440.5969864571496,441.8190276116101,438.83908665382853,441.3677978515625,72238800,0.0,0.0,0.0
2021-12-09 00:00:00-05:00,440.0800010576555,441.4712714729504,438.190538959741,438.387939453125,61272600,0.0,0.0,0.0
2021-12-10 00:00:00-05:00,441.0952068137605,442.665058357532,438.53829554873346,442.5146484375,77159800,0.0,0.0,0.0
2021-12-13 00:00:00-05:00,441.99766876550603,442.3454791791736,438.3126971846737,438.5947265625,87724700,0.0,0.0,0.0
2021-12-14 00:00:00-05:00,435.3233173325535,437.8144187233226,432.65360596586527,435.5771179199219,97264100,0.0,0.0,0.0
2021-12-15 00:00:00-05:00,435.6335728638,442.6274476583098,433.1142425689226,442.383056640625,116899300,0.0,0.0,0.0
2021-12-16 00:00:00-05:00,444.23491543308455,444.5169160885959,436.9307828900091,438.48187255859375,116568600,0.0,0.0,0.0
2021-12-17 00:00:00-05:00,435.4000562992087,438.4093235060489,432.10779763878344,433.81524658203125,135511600,1.633,0.0,0.0
2021-12-20 00:00:00-05:00,428.73062942371416,429.5984890492109,425.57986657914137,429.2023010253906,107134800,0.0,0.0,0.0
2021-12-21 00:00:00-05:00,432.62657449075914,436.9659586009306,430.4568968299471,436.824462890625,69806300,0.0,0.0,0.0
2021-12-22 00:00:00-05:00,436.56982361505607,441.3053962890187,436.37170080802724,441.19219970703125,58890200,0.0,0.0,0.0
2021-12-23 00:00:00-05:00,442.19206541682075,445.4371678906433,442.08831149730497,443.937255859375,56439700,0.0,0.0,0.0
2021-12-27 00:00:00-05:00,445.314514331637,450.26706530467493,445.2673586949308,450.21990966796875,56808600,0.0,0.0,0.0
2021-12-28 00:00:00-05:00,450.65386765775884,451.6821081838997,449.0879146544429,449.8520202636719,47274600,0.0,0.0,0.0
2021-12-29 00:00:00-05:00,449.9558186671151,451.44628815269533,448.955877247608,450.427490234375,54503000,0.0,0.0,0.0
2021-12-30 00:00:00-05:00,450.8519578886304,451.8613419081985,448.72002207295793,449.1822509765625,55329000,0.0,0.0,0.0
2021-12-31 00:00:00-05:00,448.69175768390534,449.8426087104167,447.7767136605498,448.0502624511719,65237400,0.0,0.0,0.0
2022-01-03 00:00:00-05:00,449.31429199851436,450.77649102777576,447.0031187538817,450.6444091796875,72668200,0.0,0.0,0.0
2022-01-04 00:00:00-05:00,452.0688648240115,452.7858147658463,448.63508224842974,450.49346923828125,71178700,0.0,0.0,0.0
2022-01-05 00:00:00-05:00,450.12563049513625,450.8991788038624,441.7487385385624,441.84307861328125,104538900,0.0,0.0,0.0
2022-01-06 00:00:00-05:00,441.3808228754029,444.1448112867114,439.0601780901141,441.427978515625,86858900,0.0,0.0,0.0
2022-01-07 00:00:00-05:00,441.43740286255314,442.6165817047028,438.32435344615055,439.6827697753906,85111600,0.0,0.0,0.0
2022-01-10 00:00:00-05:00,436.48488919074714,439.3526316532516,430.7304901894249,439.13568115234375,119362000,0.0,0.0,0.0
2022-01-11 00:00:00-05:00,438.8715061877595,443.2297465587139,435.87165335018614,443.1354064941406,74303100,0.0,0.0,0.0
2022-01-12 00:00:00-05:00,444.8712391723062,446.390036772666,442.371385321116,444.3335266113281,67605400,0.0,0.0,0.0
2022-01-13 00:00:00-05:00,445.4371934481838,446.0881025089078,437.18294108680465,438.211181640625,91173100,0.0,0.0,0.0
2022-01-14 00:00:00-05:00,435.06038106331687,438.7394131797268,433.8434604749311,438.390380859375,95890900,0.0,0.0,0.0
2022-01-18 00:00:00-05:00,433.6925127781855,433.90004939507276,429.5135100897984,430.62664794921875,109709100,0.0,0.0,0.0
2022-01-19 00:00:00-05:00,432.1738074172843,433.5699368723863,425.88169585972383,426.1552734375,109357600,0.0,0.0,0.0
2022-01-20 00:00:00-05:00,428.041877426378,432.7491496870087,419.3159548562535,421.4384765625,122379700,0.0,0.0,0.0
2022-01-21 00:00:00-05:00,420.3159330270776,422.6742906855869,413.1371061330772,413.1654052734375,202271200,0.0,0.0,0.0
2022-01-24 00:00:00-05:00,407.5525363125253,415.4294573025682,396.9210694706066,414.9200439453125,251783900,0.0,0.0,0.0
2022-01-25 00:00:00-05:00,408.52413091783615,414.8067989622443,402.9489701470522,409.854248046875,167997300,0.0,0.0,0.0
2022-01-26 00:00:00-05:00,415.7501538816743,418.8820597450549,404.5620902381432,408.8260192871094,186391100,0.0,0.0,0.0
2022-01-27 00:00:00-05:00,413.4296307091558,416.57095113119124,405.11877880380894,406.8073425292969,149878300,0.0,0.0,0.0
2022-01-28 00:00:00-05:00,408.1657129140467,416.95767810367454,403.5810789597359,416.9105224609375,164457400,0.0,0.0,0.0
2022-01-31 00:00:00-05:00,416.2407272712182,424.7685575099905,414.8917534598383,424.4195251464844,152251400,0.0,0.0,0.0
2022-02-01 00:00:00-05:00,425.14585473478627,427.9287283515847,421.6177608084225,427.2872619628906,123155400,0.0,0.0,0.0
2022-02-02 00:00:00-05:00,429.6927977248774,432.1643521308704,427.38159553014776,431.43798828125,117361000,0.0,0.0,0.0
2022-02-03 00:00:00-05:00,425.4005449511961,427.30608748130015,420.4574079668399,421.2969970703125,118024400,0.0,0.0,0.0
2022-02-04 00:00:00-05:00,421.06118368926354,427.1268727004783,418.68394073588917,423.2780456542969,118454400,0.0,0.0,0.0
2022-02-07 00:00:00-05:00,424.04216920738406,425.43829858096694,420.58952998140325,421.9196472167969,84472900,0.0,0.0,0.0
2022-02-08 00:00:00-05:00,421.4196773714475,426.31563040935833,419.99522006477935,425.3911437988281,81012000,0.0,0.0,0.0
2022-02-09 00:00:00-05:00,429.4286854386847,431.9379817631401,429.2305914308077,431.61724853515625,92589900,0.0,0.0,0.0
2022-02-10 00:00:00-05:00,425.7684883309894,431.7775795121979,421.86306271080866,423.8629455566406,140103700,0.0,0.0,0.0
2022-02-11 00:00:00-05:00,423.947845988049,426.0231836326423,414.0710421144383,415.5049133300781,153214600,0.0,0.0,0.0
2022-02-14 00:00:00-05:00,414.9955162101405,416.5803257355876,410.67498861776903,414.146484375,123006300,0.0,0.0,0.0
2022-02-15 00:00:00-05:00,418.58959908256503,420.9951122132897,418.0707431602709,420.8253173828125,88482700,0.0,0.0,0.0
2022-02-16 00:00:00-05:00,418.77825854843894,422.67426981407993,416.90101515729776,421.2969970703125,84863600,0.0,0.0,0.0
2022-02-17 00:00:00-05:00,418.10854352626,421.2687487717077,411.693821753136,412.29754638671875,102259100,0.0,0.0,0.0
2022-02-18 00:00:00-05:00,412.5522705879942,413.8069331704449,407.3544691120626,409.6279296875,132642900,0.0,0.0,0.0
2022-02-22 00:00:00-05:00,407.42043529880675,410.82588982072514,401.7320491873631,405.23187255859375,124391800,0.0,0.0,0.0
2022-02-23 00:00:00-05:00,408.14686816140767,408.7128798332859,397.47765898241863,398.0436706542969,132578000,0.0,0.0,0.0
2022-02-24 00:00:00-05:00,387.732876144503,404.46780255410187,387.3744299437548,404.0338439941406,213942900,0.0,0.0,0.0
2022-02-25 00:00:00-05:00,405.26959895160047,413.0333227139032,403.61874859349035,412.94842529296875,121804500,0.0,0.0,0.0
2022-02-28 00:00:00-05:00,407.5525226744369,413.37296233027865,406.29788900505855,411.89190673828125,145615000,0.0,0.0,0.0
2022-03-01 00:00:00-05:00,410.3919967190823,412.4013221597528,402.9112639395008,405.6186828613281,137785900,0.0,0.0,0.0
2022-03-02 00:00:00-05:00,407.8732634005898,414.8068411449072,407.1186004140651,413.0805358886719,117726500,0.0,0.0,0.0
2022-03-03 00:00:00-05:00,415.51427803635465,416.11800256549805,409.222167776321,411.0239562988281,105501700,0.0,0.0,0.0
2022-03-04 00:00:00-05:00,407.2884145484183,408.81662588103086,403.63768107861074,407.68463134765625,113978200,0.0,0.0,0.0
2022-03-07 00:00:00-05:00,407.09972677904506,407.8072341448679,395.60037142345385,395.6664123535156,137896600,0.0,0.0,0.0
2022-03-08 00:00:00-05:00,395.8456573433794,403.00562856631194,391.60061306814714,392.6665954589844,164772700,0.0,0.0,0.0
2022-03-09 00:00:00-05:00,401.052866089248,405.175270488169,398.86430336951577,403.1942443847656,116990800,0.0,0.0,0.0
2022-03-10 00:00:00-05:00,398.5812801406087,402.2697547820951,396.61913933731984,401.37359619140625,93972700,0.0,0.0,0.0
2022-03-11 00:00:00-05:00,403.8639798109582,404.47714697175655,395.76066731177804,396.27008056640625,95636300,0.0,0.0,0.0
2022-03-14 00:00:00-04:00,397.0437338622443,400.4963446455009,392.23267777731564,393.3741149902344,95729200,0.0,0.0,0.0
2022-03-15 00:00:00-04:00,395.9871173439881,402.65655987964084,394.7136272071247,402.0245361328125,106219100,0.0,0.0,0.0
2022-03-16 00:00:00-04:00,405.5337798825797,410.99571571466925,400.7321381601262,410.9391174316406,144954800,0.0,0.0,0.0
2022-03-17 00:00:00-04:00,409.02416595069127,416.08038330078125,408.64683443641115,416.08038330078125,102676900,0.0,0.0,0.0
2022-03-18 00:00:00-04:00,414.4679392759771,420.959363915533,413.72984684060503,420.63763427734375,106345500,1.366,0.0,0.0
2022-03-21 00:00:00-04:00,420.4672563901048,422.47335203270006,417.00389114982016,420.51458740234375,88349800,0.0,0.0,0.0
2022-03-22 00:00:00-04:00,421.9055997031732,426.37201295183075,421.9055997031732,425.4352111816406,74650400,0.0,0.0,0.0
2022-03-23 00:00:00-04:00,422.8991946168003,424.39429439850414,419.8711071405114,419.9562683105469,79426100,0.0,0.0,0.0
2022-03-24 00:00:00-04:00,421.9813008840571,426.29630669485863,420.8647048360825,426.2868347167969,64736900,0.0,0.0,0.0
2022-03-25 00:00:00-04:00,426.9208242937579,428.6430492710812,424.33748682777303,428.3686218261719,77101300,0.0,0.0,0.0
2022-03-28 00:00:00-04:00,427.77242934517386,431.41558837890625,425.87988219808983,431.41558837890625,68529800,0.0,0.0,0.0
2022-03-29 00:00:00-04:00,435.3047964568444,437.2446747767382,432.61738274150923,436.7525939941406,86581500,0.0,0.0,0.0
2022-03-30 00:00:00-04:00,435.60762945908306,436.4214398536475,431.9455548784965,434.0557556152344,79666900,0.0,0.0,0.0
2022-03-31 00:00:00-04:00,433.2893334473063,434.11258705050625,426.9209002404847,427.3751220703125,121699900,0.0,0.0,0.0
2022-04-01 00:00:00-04:00,428.9553354432427,429.0972707248986,425.0093902232998,428.5863037109375,89048800,0.0,0.0,0.0
2022-04-04 00:00:00-04:00,428.78503448200854,432.3619481479705,427.96178092937987,432.2578430175781,59601000,0.0,0.0,0.0
2022-04-05 00:00:00-04:00,430.7627409154782,433.2325015603828,425.6528684021026,426.7978515625,74214500,0.0,0.0,0.0
2022-04-06 00:00:00-04:00,422.8802358321869,424.8106132427769,419.6439673154081,422.53009033203125,106898000,0.0,0.0,0.0
2022-04-07 00:00:00-04:00,421.6500972677455,426.47609894481815,419.70077574327007,424.65924072265625,78097200,0.0,0.0,0.0
2022-04-08 00:00:00-04:00,423.90221584948597,426.4193072695884,421.9812814601947,423.5237121582031,79272700,0.0,0.0,0.0
2022-04-11 00:00:00-04:00,420.24961995400275,421.0918174503352,415.7832355906516,416.2847595214844,89770500,0.0,0.0,0.0
2022-04-12 00:00:00-04:00,419.2749706687826,421.8015343492119,413.1904372386116,414.7423400878906,84363600,0.0,0.0,0.0
2022-04-13 00:00:00-04:00,414.49623018176845,420.24956105130474,414.3164358847849,419.4925537109375,74070400,0.0,0.0,0.0
2022-04-14 00:00:00-04:00,419.71974367105213,420.8363687322028,414.1651209368808,414.26922607421875,97869500,0.0,0.0,0.0
2022-04-18 00:00:00-04:00,413.3418635849445,416.12391091643246,412.2063234536488,414.4395446777344,66002500,0.0,0.0,0.0
2022-04-19 00:00:00-04:00,414.33543188109996,421.8488481574368,414.16510952795005,421.12969970703125,77821000,0.0,0.0,0.0
2022-04-20 00:00:00-04:00,422.9086685500845,423.5237406996165,419.65348460531936,420.8173828125,65224400,0.0,0.0,0.0
2022-04-21 00:00:00-04:00,424.4416483063958,425.83267191463915,413.61627398000866,414.5246887207031,85417300,0.0,0.0,0.0
2022-04-22 00:00:00-04:00,413.43647336370464,414.54359749502777,402.5827121441921,403.1504821777344,132471800,0.0,0.0,0.0
2022-04-25 00:00:00-04:00,400.90780109531795,405.65808479066646,396.33728283967,405.4877624511719,119647700,0.0,0.0,0.0
2022-04-26 00:00:00-04:00,402.95173179386785,403.1504700703284,393.71611977901205,393.7445068359375,103996300,0.0,0.0,0.0
2022-04-27 00:00:00-04:00,394.82323647876274,400.19809313911514,392.7130645715548,394.85162353515625,122030000,0.0,0.0,0.0
2022-04-28 00:00:00-04:00,399.601987737978,406.55710623337256,395.16396112082083,404.8254089355469,105449100,0.0,0.0,0.0
2022-04-29 00:00:00-04:00,400.8321484246278,402.9896517108529,389.11727319719967,389.8648376464844,145491100,0.0,0.0,0.0
2022-05-02 00:00:00-04:00,389.93108536644223,393.57424558661836,383.2598371736033,392.21160888671875,158312500,0.0,0.0,0.0
2022-05-03 00:00:00-04:00,392.7131004763314,396.4224776148035,391.1517255979903,394.0094909667969,100028200,0.0,0.0,0.0
2022-05-04 00:00:00-04:00,394.67183940897127,406.5759792490273,391.48290152050896,406.0082092285156,144247900,0.0,0.0,0.0
2022-05-05 00:00:00-04:00,401.7405161814466,402.16635092774,387.44233342518896,391.5775451660156,172929100,0.0,0.0,0.0
2022-05-06 00:00:00-04:00,389.01310741996485,392.51430263534195,383.9316224860018,389.2402038574219,151770800,0.0,0.0,0.0
2022-05-09 00:00:00-04:00,383.3354400955876,384.5750561979862,375.19748138207063,376.77777099609375,155586100,0.0,0.0,0.0
2022-05-10 00:00:00-04:00,382.7582487909865,384.26282054447404,373.60779806565324,377.64837646484375,132497200,0.0,0.0,0.0
2022-05-11 00:00:00-04:00,376.6832315730373,382.3324875102671,370.90148343777554,371.6490478515625,142361000,0.0,0.0,0.0
2022-05-12 00:00:00-04:00,368.4505828254061,374.5351157341159,364.4573066901353,371.2610168457031,125090800,0.0,0.0,0.0
2022-05-13 00:00:00-04:00,375.396274457315,381.51866715299093,374.35536749244255,380.1371154785156,104174400,0.0,0.0,0.0
2022-05-16 00:00:00-04:00,378.4905892750784,382.26621234005705,376.2384531036934,378.59466552734375,78622400,0.0,0.0,0.0
2022-05-17 00:00:00-04:00,384.68866921363724,386.6190757634291,380.9508763229202,386.38250732421875,83029700,0.0,0.0,0.0
2022-05-18 00:00:00-04:00,381.82143279357103,382.1053033485448,369.5671769928699,370.8067932128906,117674500,0.0,0.0,0.0
2022-05-19 00:00:00-04:00,367.7409001168937,372.96434969897865,366.3120175133911,368.5357666015625,98510700,0.0,0.0,0.0
2022-05-20 00:00:00-04:00,372.12210011344524,375.6990132327795,360.09497051983396,368.69659423828125,131432200,0.0,0.0,0.0
2022-05-23 00:00:00-04:00,371.72474625349577,376.36151125162365,369.4063926324182,375.59503173828125,76414900,0.0,0.0,0.0
2022-05-24 00:00:00-04:00,371.4691925228241,373.92003788214953,366.1700541533183,372.7277526855469,91448800,0.0,0.0,0.0
2022-05-25 00:00:00-04:00,371.2326096418207,377.98901729728556,370.83519088442847,376.020751953125,91472900,0.0,0.0,0.0
2022-05-26 00:00:00-04:00,377.2509075043551,385.1712128882923,377.04272615796106,383.5341491699219,82168300,0.0,0.0,0.0
2022-05-27 00:00:00-04:00,385.99452816985354,393.0631942254229,385.7958187685275,392.94964599609375,84768700,0.0,0.0,0.0
2022-05-31 00:00:00-04:00,391.3314359884752,394.08509563165984,388.00056331033727,390.7447509765625,95937000,0.0,0.0,0.0
2022-06-01 00:00:00-04:00,392.8645136255513,393.8770046632853,385.06719773018256,387.58428955078125,86585800,0.0,0.0,0.0
2022-06-02 00:00:00-04:00,387.42343703743313,395.0125426179488,385.17130074310455,394.9652404785156,79609600,0.0,0.0,0.0
2022-06-03 00:00:00-04:00,390.2432399078514,391.7951425251517,387.50852412899536,388.4831848144531,71874300,0.0,0.0,0.0
2022-06-06 00:00:00-04:00,392.49536446108146,394.22703245074865,388.4926167185688,389.666015625,57508900,0.0,0.0,0.0
2022-06-07 00:00:00-04:00,386.1742927298047,393.8580303540427,385.7105989918035,393.40380859375,59272400,0.0,0.0,0.0
2022-06-08 00:00:00-04:00,391.69104143143073,393.479512475004,388.3317815558461,389.12664794921875,64350000,0.0,0.0,0.0
2022-06-09 00:00:00-04:00,387.34768809546443,389.61873928900354,379.87213134765625,379.87213134765625,86289800,0.0,0.0,0.0
2022-06-10 00:00:00-04:00,373.6645386433497,374.5161791416106,368.8101502618891,368.8574523925781,132893900,0.0,0.0,0.0
2022-06-13 00:00:00-04:00,359.4420637467876,361.2967520769685,353.2439538052529,354.8526306152344,170004900,0.0,0.0,0.0
2022-06-14 00:00:00-04:00,356.60326183152415,357.6346967344851,350.6795790257293,353.7833557128906,104011800,0.0,0.0,0.0
2022-06-15 00:00:00-04:00,357.08582684228884,363.27446487884,352.1273619331276,358.8269958496094,125666800,0.0,0.0,0.0
2022-06-16 00:00:00-04:00,350.60386426743156,351.01075501197846,344.51930266450194,346.95123291015625,134473300,0.0,0.0,0.0
2022-06-17 00:00:00-04:00,347.3665849634016,351.0444787331084,344.19238154711957,347.6991882324219,111113900,1.577,0.0,0.0
2022-06-21 00:00:00-04:00,353.4299145965904,357.8395764065463,353.3538694431423,356.4520568847656,76811900,0.0,0.0,0.0
2022-06-22 00:00:00-04:00,352.2229356289405,359.9208687301767,351.80477429485757,355.8058166503906,90059400,0.0,0.0,0.0
2022-06-23 00:00:00-04:00,357.9441431467789,360.02540799730696,354.3802877819863,359.29364013671875,79292100,0.0,0.0,0.0
2022-06-24 00:00:00-04:00,362.46781975387455,370.7264623574381,362.4393100729595,370.7169494628906,98050300,0.0,0.0,0.0
2022-06-27 00:00:00-04:00,371.6387840560035,371.93339374615164,368.20799359853146,369.3009033203125,66009600,0.0,0.0,0.0
2022-06-28 00:00:00-04:00,370.859544492515,373.64409647087297,361.64102718888944,361.75506591796875,86548900,0.0,0.0,0.0
2022-06-29 00:00:00-04:00,362.3063153699562,363.2946704214848,359.6358019467903,361.4604797363281,65676000,0.0,0.0,0.0
2022-06-30 00:00:00-04:00,357.56399038001507,361.7646008408261,354.0666671292307,358.52386474609375,112508300,0.0,0.0,0.0
2022-07-01 00:00:00-04:00,357.8680810567147,362.7529525002182,355.2450743514729,362.3157653808594,74839700,0.0,0.0,0.0
2022-07-05 00:00:00-04:00,357.221845993929,363.0190563072348,354.38975859425415,363.0000305175781,81438000,0.0,0.0,0.0
2022-07-06 00:00:00-04:00,363.1425568197513,366.7159247303021,360.75716958402745,364.2259826660156,70426200,0.0,0.0,0.0
2022-07-07 00:00:00-04:00,366.00319713599873,370.47939144659864,364.24502265222054,369.68109130859375,64525900,0.0,0.0,0.0
2022-07-08 00:00:00-04:00,368.04645446042775,371.2491967887842,366.516386504775,369.3769836425781,72397800,0.0,0.0,0.0
2022-07-11 00:00:00-04:00,366.6969600116307,367.66631821985214,364.4636048722329,365.1573791503906,58366900,0.0,0.0,0.0
2022-07-12 00:00:00-04:00,364.60608154818266,366.99149752590097,360.1773947183314,361.9260559082031,62219200,0.0,0.0,0.0
2022-07-13 00:00:00-04:00,356.4805310045145,362.9620020597862,356.0623697104502,360.0253601074219,84224600,0.0,0.0,0.0
2022-07-14 00:00:00-04:00,355.064490796516,360.234458871572,352.6220841639683,359.15106201171875,89704800,0.0,0.0,0.0
2022-07-15 00:00:00-04:00,363.56074662755304,366.12673404152474,361.650539910931,366.0126953125,79060400,0.0,0.0,0.0
2022-07-18 00:00:00-04:00,369.1013562443131,369.7761047012278,361.7645652536722,362.99053955078125,63203600,0.0,0.0,0.0
2022-07-19 00:00:00-04:00,366.91550902545094,373.3684709198661,366.25978635540963,372.7982482910156,78506000,0.0,0.0,0.0
2022-07-20 00:00:00-04:00,372.98834417392436,376.5902220427515,371.6198214217243,375.1741638183594,71843800,0.0,0.0,0.0
2022-07-21 00:00:00-04:00,374.59442084284586,379.0421048535145,372.1900078667484,378.9945983886719,64903900,0.0,0.0,0.0
2022-07-22 00:00:00-04:00,379.1182025989379,380.3156383047251,373.2544596880856,375.4783020019531,72197300,0.0,0.0,0.0
2022-07-25 00:00:00-04:00,376.10544526254284,376.7897064873113,373.6915196914538,375.93438720703125,53631500,0.0,0.0,0.0
2022-07-26 00:00:00-04:00,374.29030390175836,374.4993845551237,370.59341339787153,371.48675537109375,52946400,0.0,0.0,0.0
2022-07-27 00:00:00-04:00,374.78449853291994,382.8815960228277,374.4898888264092,381.1329345703125,82342100,0.0,0.0,0.0
2022-07-28 00:00:00-04:00,381.9407652653173,386.6070143182949,378.38639383024014,385.91326904296875,73966600,0.0,0.0,0.0
2022-07-29 00:00:00-04:00,387.3482705951752,392.52775161157655,386.5784802133014,391.53936767578125,87003700,0.0,0.0,0.0
2022-08-01 00:00:00-04:00,388.84030221771746,392.88885045045953,388.1275312754867,390.3798828125,69997500,0.0,0.0,0.0
2022-08-02 00:00:00-04:00,388.81179345563703,392.49919977922883,386.62597416207234,387.8044128417969,63435400,0.0,0.0,0.0
2022-08-03 00:00:00-04:00,389.9332658563709,395.04621476373677,389.6481690410905,393.8772888183594,67820600,0.0,0.0,0.0
2022-08-04 00:00:00-04:00,393.80123040665455,394.48549174301655,391.96703995040895,393.6111755371094,45656600,0.0,0.0,0.0
2022-08-05 00:00:00-04:00,389.3250180600784,393.59213106466996,389.2679987016488,392.9458923339844,56814900,0.0,0.0,0.0
2022-08-08 00:00:00-04:00,394.637510773779,396.88986230561017,391.3872625234864,392.48968505859375,53886100,0.0,0.0,0.0
2022-08-09 00:00:00-04:00,391.7579620888554,392.26165245097286,389.8572393634721,390.93115234375,44931800,0.0,0.0,0.0
2022-08-10 00:00:00-04:00,397.9923437821938,399.28485036063125,396.03460162898654,399.14227294921875,68665700,0.0,0.0,0.0
2022-08-11 00:00:00-04:00,401.993357133819,403.85608634972215,398.40099222133176,399.14227294921875,59489700,0.0,0.0,0.0
2022-08-12 00:00:00-04:00,401.0810138483799,406.0038788583054,400.130652464098,405.89935302734375,61694500,0.0,0.0,0.0
2022-08-15 00:00:00-04:00,403.6849557261061,408.0946460440883,403.6279363687809,407.5719299316406,54048300,0.0,0.0,0.0
2022-08-16 00:00:00-04:00,406.4980568196023,410.29950209001703,405.69024389909407,408.3702697753906,59289000,0.0,0.0,0.0
2022-08-17 00:00:00-04:00,404.76839107782297,408.1801847177208,403.4664007169476,405.4716491699219,63563400,0.0,0.0,0.0
2022-08-18 00:00:00-04:00,405.67124641632466,407.3343788381746,404.3787688555106,406.650146484375,49023200,0.0,0.0,0.0
2022-08-19 00:00:00-04:00,403.8845695793236,404.1506695923492,400.3112016877868,401.185546875,68016900,0.0,0.0,0.0
2022-08-22 00:00:00-04:00,396.3481983345936,396.51928542351556,391.92902375820364,392.8318786621094,77695600,0.0,0.0,0.0
2022-08-23 00:00:00-04:00,392.40421793285645,394.7991472328157,391.33030490584025,391.88153076171875,49105200,0.0,0.0,0.0
2022-08-24 00:00:00-04:00,391.6533959625738,394.50447996842576,390.9691636437866,393.135986328125,49177800,0.0,0.0,0.0
2022-08-25 00:00:00-04:00,394.6280951098861,398.7336636998838,393.5351851989176,398.6861572265625,50942300,0.0,0.0,0.0
2022-08-26 00:00:00-04:00,398.57198910381624,399.1136729342151,385.1338681006036,385.1908874511719,103087000,0.0,0.0,0.0
2022-08-29 00:00:00-04:00,382.2353335276929,385.69463364222986,381.28497221012304,382.64398193359375,65370800,0.0,0.0,0.0
2022-08-30 00:00:00-04:00,383.8034109464827,384.0410012678557,376.34306905482566,378.443359375,85652400,0.0,0.0,0.0
2022-08-31 00:00:00-04:00,380.07799803546214,381.3229690519403,375.4307462340977,375.56378173828125,76029700,0.0,0.0,0.0
2022-09-01 00:00:00-04:00,373.38750446992157,377.0843952355188,370.6789686786316,376.7422790527344,78740100,0.0,0.0,0.0
2022-09-02 00:00:00-04:00,380.4106274783638,381.62708880615634,370.95452075647603,372.76971435546875,99632100,0.0,0.0,0.0
2022-09-06 00:00:00-04:00,373.6156334387337,374.5564820738422,369.1394387470958,371.36328125,76637400,0.0,0.0,0.0
2022-09-07 00:00:00-04:00,371.0495973756983,378.8045499413538,370.8310328137159,378.0347595214844,70964200,0.0,0.0,0.0
2022-09-08 00:00:00-04:00,375.7634126219765,380.9618617031352,374.5564350669581,380.5057067871094,80821700,0.0,0.0,0.0
2022-09-09 00:00:00-04:00,382.74858171145684,387.2818246339176,382.4824816512308,386.4169921875,76706900,0.0,0.0,0.0
2022-09-12 00:00:00-04:00,388.4886832810648,391.29226066106133,388.1845607104956,390.5699768066406,69256300,0.0,0.0,0.0
2022-09-13 00:00:00-04:00,381.883702988719,383.09068051072757,372.4656471755256,373.5870666503906,122947100,0.0,0.0,0.0
2022-09-14 00:00:00-04:00,374.88902163325827,376.53315711649486,371.7053054907733,375.0125732421875,85023700,0.0,0.0,0.0
2022-09-15 00:00:00-04:00,373.4539664457312,376.3050503313671,369.48146319239925,370.75494384765625,87633800,0.0,0.0,0.0
2022-09-16 00:00:00-04:00,366.5714428970576,368.58492846304785,364.6342566105422,367.9264831542969,103084800,1.596,0.0,0.0
2022-09-19 00:00:00-04:00,364.77741710532587,370.77972412109375,364.7010595826664,370.77972412109375,73278500,0.0,0.0,0.0
2022-09-20 00:00:00-04:00,367.44947293300737,368.4609920383029,363.7660220631337,366.5238342285156,77274900,0.0,0.0,0.0
2022-09-21 00:00:00-04:00,368.4513532726731,371.5050138173394,360.12063601648464,360.13018798828125,106746600,0.0,0.0,0.0
2022-09-22 00:00:00-04:00,359.3571850053135,360.99852235439477,356.3608073472819,357.1051330566406,89472600,0.0,0.0,0.0
2022-09-23 00:00:00-04:00,353.6315801864885,353.6697589480902,346.675007940967,351.12188720703125,122346900,0.0,0.0,0.0
2022-09-26 00:00:00-04:00,349.6523393463072,353.27853570562985,346.42691809015844,347.64837646484375,92581200,0.0,0.0,0.0
2022-09-27 00:00:00-04:00,351.1886701822386,353.4598260291323,344.3656797923764,346.7608947753906,108294100,0.0,0.0,0.0
2022-09-28 00:00:00-04:00,347.71519752115427,355.27296245080464,346.01660643811806,353.58392333984375,110802200,0.0,0.0,0.0
2022-09-29 00:00:00-04:00,350.0340115514208,350.32027945929735,343.249200037984,346.1978759765625,112952300,0.0,0.0,0.0
2022-09-30 00:00:00-04:00,345.25315265968237,349.17519794486384,340.7108699138818,340.8444519042969,153711200,0.0,0.0,0.0
2022-10-03 00:00:00-04:00,344.5660844856892,351.6944470852205,342.78161312339256,349.8431701660156,89756500,0.0,0.0,0.0
2022-10-04 00:00:00-04:00,355.3683901017397,360.7122815791371,349.8050362444443,360.68365478515625,103602800,0.0,0.0,0.0
2022-10-05 00:00:00-04:00,356.3131384107271,362.1055067151951,353.9847287224127,359.8439025878906,88065700,0.0,0.0,0.0
2022-10-06 00:00:00-04:00,358.441111032702,361.3993391526018,355.6355688484854,356.1318054199219,82333500,0.0,0.0,0.0
2022-10-07 00:00:00-04:00,352.09522785371945,356.21766045831674,344.43247955302377,346.1978759765625,107789500,0.0,0.0,0.0
2022-10-10 00:00:00-04:00,347.3144037026543,347.5529700367685,341.31209570408595,343.5545959472656,76042800,0.0,0.0,0.0
2022-10-11 00:00:00-04:00,341.8559778454328,346.4269166005978,339.44168789952687,341.37884521484375,92482800,0.0,0.0,0.0
2022-10-12 00:00:00-04:00,341.7891897787711,343.36372158176107,340.0046893387279,340.2528076171875,76991800,0.0,0.0,0.0
2022-10-13 00:00:00-04:00,333.23895758959026,350.7020290219594,332.18925999717504,349.2324523925781,147254500,0.0,0.0,0.0
2022-10-14 00:00:00-04:00,351.6944243183575,353.3262387618921,340.6344942548241,341.27386474609375,123737000,0.0,0.0,0.0
2022-10-17 00:00:00-04:00,347.3621566992135,351.1505914925585,340.9399400894957,350.04364013671875,93168200,0.0,0.0,0.0
2022-10-18 00:00:00-04:00,357.97352458781444,358.27889645424324,350.71155095897484,354.1564636230469,97162900,0.0,0.0,0.0
2022-10-19 00:00:00-04:00,352.114400822179,354.8436151660822,348.83172532815485,351.6468200683594,79746900,0.0,0.0,0.0
2022-10-20 00:00:00-04:00,351.1982293100266,355.6260339289677,347.9346294295258,348.69805908203125,88283100,0.0,0.0,0.0
2022-10-21 00:00:00-04:00,348.4213111862988,357.65859149270045,346.9135849578602,357.17193603515625,131038400,0.0,0.0,0.0
2022-10-24 00:00:00-04:00,358.698788584184,362.67805847697105,356.0459031598392,361.54248046875,85436900,0.0,0.0,0.0
2022-10-25 00:00:00-04:00,361.46614520779,367.63069061993605,361.351638036336,367.3157958984375,78846300,0.0,0.0,0.0
2022-10-26 00:00:00-04:00,364.1666701170704,369.8540823855379,363.9090290046154,364.5483703613281,104087300,0.0,0.0,0.0
2022-10-27 00:00:00-04:00,365.55042194011406,367.39214701251325,361.9814498519805,362.60174560546875,81971800,0.0,0.0,0.0
2022-10-28 00:00:00-04:00,362.49677973202483,371.70543468470186,362.3154669828309,371.2283020019531,100302000,0.0,0.0,0.0
2022-10-31 00:00:00-04:00,368.7662749442344,370.6366267278111,367.64024890976526,368.5467834472656,96631300,0.0,0.0,0.0
2022-11-01 00:00:00-04:00,372.2970465066368,372.53561281137877,365.7603239323339,366.9340515136719,85407600,0.0,0.0,0.0
2022-11-02 00:00:00-04:00,366.3424479641309,370.85613338006743,357.62047814363854,357.7254333496094,126990400,0.0,0.0,0.0
2022-11-03 00:00:00-04:00,354.4809766440454,357.08613172387004,351.9235523083306,354.0420227050781,87100100,0.0,0.0,0.0
2022-11-04 00:00:00-04:00,359.75802297669105,361.5424944523819,353.07816578614245,359.13775634765625,103505200,0.0,0.0,0.0
2022-11-07 00:00:00-05:00,360.435515659066,363.16472938893213,358.3552244250396,362.5730895996094,68286900,0.0,0.0,0.0
2022-11-08 00:00:00-05:00,363.68004778364957,367.50666109536877,360.44510344190144,364.52935791015625,84641100,0.0,0.0,0.0
2022-11-09 00:00:00-05:00,362.5539523085774,363.7086341105511,356.5229895570527,357.01922607421875,78495500,0.0,0.0,0.0
2022-11-10 00:00:00-05:00,370.3026114178393,376.9729451885855,368.00285783726986,376.6389465332031,141455800,0.0,0.0,0.0
2022-11-11 00:00:00-05:00,377.49774318306464,381.0857894279382,375.6082877222695,380.2842102050781,93839900,0.0,0.0,0.0
2022-11-14 00:00:00-05:00,378.51889318368023,381.8778966959395,376.7725713035823,377.04931640625,71903500,0.0,0.0,0.0
2022-11-15 00:00:00-05:00,382.80348568869397,383.9104368342091,376.4480758536066,380.26513671875,93194500,0.0,0.0,0.0
2022-11-16 00:00:00-05:00,378.6334179598029,379.58768334395705,376.73443916433405,377.3642578125,68508500,0.0,0.0,0.0
2022-11-17 00:00:00-05:00,372.60241210724644,376.88708300619,372.2970693510568,376.20953369140625,74496300,0.0,0.0,0.0
2022-11-18 00:00:00-05:00,379.54947963736595,379.6162851991159,375.06445009963727,377.9176940917969,92922500,0.0,0.0,0.0
2022-11-21 00:00:00-05:00,376.59124880158924,377.7172747970653,374.7017931399619,376.54351806640625,51243200,0.0,0.0,0.0
2022-11-22 00:00:00-05:00,378.4902502119182,381.77292517031464,377.077927085489,381.6106872558594,60429000,0.0,0.0,0.0
2022-11-23 00:00:00-05:00,381.2766761134872,384.5020973782574,381.0476617682043,384.01544189453125,68261600,0.0,0.0,0.0
2022-11-25 00:00:00-05:00,383.45240227506304,384.4830250793276,383.175686313319,383.9295349121094,30545400,0.0,0.0,0.0
2022-11-28 00:00:00-05:00,380.83771815093434,382.47905555883773,377.03973194191514,377.80316162109375,67881600,0.0,0.0,0.0
2022-11-29 00:00:00-05:00,377.9367417321205,379.1295732981502,375.312512286855,377.1542663574219,52310000,0.0,0.0,0.0
2022-11-30 00:00:00-05:00,377.4023257136843,389.0348205566406,375.4842725098609,389.0348205566406,144566700,0.0,0.0,0.0
2022-12-01 00:00:00-05:00,390.0750097932602,391.24876657686235,386.2388738341099,388.74859619140625,76398200,0.0,0.0,0.0
2022-12-02 00:00:00-05:00,383.8531695839399,389.20658327820155,383.7482143923798,388.300048828125,85342700,0.0,0.0,0.0
2022-12-05 00:00:00-05:00,385.4754306592434,386.4105918965586,379.9597790901639,381.3148193359375,77289800,0.0,0.0,0.0
2022-12-06 00:00:00-05:00,381.1526671084108,381.69657620844976,373.7284840801718,375.81829833984375,77972200,0.0,0.0,0.0
2022-12-07 00:00:00-05:00,374.9689850432598,377.54551283524984,374.0433465972937,375.1789245605469,65927900,0.0,0.0,0.0
2022-12-08 00:00:00-05:00,377.06837354618364,379.1868143806111,375.2838731198775,378.1180419921875,60737900,0.0,0.0,0.0
2022-12-09 00:00:00-05:00,376.87751028175563,379.4349340954439,375.1693673749268,375.2934265136719,81447700,0.0,0.0,0.0
2022-12-12 00:00:00-05:00,376.08549280299235,380.70416259765625,375.41752454941917,380.70416259765625,75405800,0.0,0.0,0.0
2022-12-13 00:00:00-05:00,391.45868674150205,391.7163278716569,380.8186351718438,383.58599853515625,123782500,0.0,0.0,0.0
2022-12-14 00:00:00-05:00,383.2425243978925,386.9546308897341,378.1849292803874,381.13360595703125,108111300,0.0,0.0,0.0
2022-12-15 00:00:00-05:00,376.2667660559643,377.17332966722427,370.1499515992905,371.81036376953125,117705900,0.0,0.0,0.0
2022-12-16 00:00:00-05:00,369.2517657317392,370.59386612148,365.2829810609633,367.4207458496094,119858000,1.781,0.0,0.0
2022-12-19 00:00:00-05:00,367.6125210258833,367.9480534682601,362.6371386607899,364.30517578125,79878100,0.0,0.0,0.0
2022-12-20 00:00:00-05:00,363.54776346105064,366.42370486544144,362.2248257341367,364.8035888671875,74427200,0.0,0.0,0.0
2022-12-21 00:00:00-05:00,367.40158229485894,371.3895586231339,366.864742140629,370.25836181640625,78167400,0.0,0.0,0.0
2022-12-22 00:00:00-05:00,367.209831595386,370.23916053307846,359.2722332289845,364.9761962890625,100120900,0.0,0.0,0.0
2022-12-23 00:00:00-05:00,363.9503323838431,367.2193222065934,362.39732890474556,367.0755310058594,59857300,0.0,0.0,0.0
2022-12-27 00:00:00-05:00,366.96058546509136,367.3056844290648,363.9504190865602,365.6280517578125,51638200,0.0,0.0,0.0
2022-12-28 00:00:00-05:00,365.5609421925815,367.53578243852644,360.8540099500132,361.0840759277344,70911500,0.0,0.0,0.0
2022-12-29 00:00:00-05:00,363.93123576240765,368.45605164881476,363.4039622569558,367.58367919921875,66970900,0.0,0.0,0.0
2022-12-30 00:00:00-05:00,364.8995512939543,366.7593002885038,362.78091952867106,366.6155090332031,84022200,0.0,0.0,0.0
2023-01-03 00:00:00-05:00,368.47526883215227,370.450079987651,362.20570711462034,365.07208251953125,74850700,0.0,0.0,0.0
2023-01-04 00:00:00-05:00,367.3344711039099,369.92283055639075,364.28597966385496,367.8905029296875,85934100,0.0,0.0,0.0
2023-01-05 00:00:00-05:00,365.93482035409846,366.0498533403474,363.09723275612134,363.69158935546875,76970500,0.0,0.0,0.0
2023-01-06 00:00:00-05:00,366.78802795358683,373.153460042991,363.72037415912655,372.0318298339844,104189600,0.0,0.0,0.0
2023-01-09 00:00:00-05:00,374.2271676198182,377.419479732033,371.63883728473166,371.8209533691406,73978100,0.0,0.0,0.0
2023-01-10 00:00:00-05:00,371.2361234986063,374.4955180862106,370.29663872249137,374.42840576171875,65358100,0.0,0.0,0.0
2023-01-11 00:00:00-05:00,376.0102256287862,379.2408622167289,375.19536960600243,379.1641540527344,68881100,0.0,0.0,0.0
2023-01-12 00:00:00-05:00,380.26663005159156,382.0113458697923,376.19237910493234,380.54461669921875,90157700,0.0,0.0,0.0
2023-01-13 00:00:00-05:00,377.3427317250366,382.5961292686462,377.07431166109114,382.02093505859375,63903900,0.0,0.0,0.0
2023-01-17 00:00:00-05:00,382.00179714035386,383.67942996148565,380.64050506445955,381.3211364746094,62677300,0.0,0.0,0.0
2023-01-18 00:00:00-05:00,382.5098579883935,383.57394241937,375.0995040316948,375.3008117675781,99632300,0.0,0.0,0.0
2023-01-19 00:00:00-05:00,373.2588624544161,374.90773682058955,371.24572672429906,372.56866455078125,86958900,0.0,0.0,0.0
2023-01-20 00:00:00-05:00,373.96829741871426,379.66266441415144,372.31942298138915,379.50927734375,91806400,0.0,0.0,0.0
2023-01-23 00:00:00-05:00,380.314551818449,385.99932319331543,379.35590453409674,384.0628662109375,84178800,0.0,0.0,0.0
2023-01-24 00:00:00-05:00,382.3852133953482,384.56133208460926,381.19650018692624,383.650634765625,59524900,0.0,0.0,0.0
2023-01-25 00:00:00-05:00,379.57636134944494,384.12993543916394,377.2851805542504,383.7944030761719,84800300,0.0,0.0,0.0
2023-01-26 00:00:00-05:00,386.45953858718786,388.1755256582537,383.48772573805405,388.0125427246094,72287400,0.0,0.0,0.0
2023-01-27 00:00:00-05:00,386.96753487416305,391.28144730327597,386.7566313185161,388.90399169921875,68346200,0.0,0.0,0.0
2023-01-30 00:00:00-05:00,386.14307720021804,388.37674154050546,383.72729680861056,384.02447509765625,74202000,0.0,0.0,0.0
2023-01-31 00:00:00-05:00,384.5421906397612,389.7188801347345,384.19706240377985,389.67095947265625,86811800,0.0,0.0,0.0
2023-02-01 00:00:00-05:00,388.45345165426824,396.5636286134995,385.7117345077939,393.8122863769531,101459200,0.0,0.0,0.0
2023-02-02 00:00:00-05:00,397.70442814895335,401.01177323006914,395.80632510726565,399.5450439453125,101654500,0.0,0.0,0.0
2023-02-03 00:00:00-05:00,394.56963646776256,399.7271635935274,394.0903128204698,395.2982177734375,94736800,0.0,0.0,0.0
2023-02-06 00:00:00-05:00,392.844029913755,394.28200066117023,391.2239138645533,392.8823547363281,60295300,0.0,0.0,0.0
2023-02-07 00:00:00-05:00,391.9620943439746,399.26698166926644,390.7158646278332,398.020751953125,90990700,0.0,0.0,0.0
2023-02-08 00:00:00-05:00,396.04600466573515,397.3881051733377,392.9783212864178,393.6685485839844,76227500,0.0,0.0,0.0
2023-02-09 00:00:00-05:00,397.27301170174235,397.42639877292254,389.02863947326034,390.2557067871094,78694900,0.0,0.0,0.0
2023-02-10 00:00:00-05:00,389.0765695741987,391.54989593055205,388.26174279369724,391.16644287109375,70769700,0.0,0.0,0.0
2023-02-13 00:00:00-05:00,391.8182749307163,395.8925254285683,391.35811375424055,395.75830078125,64913500,0.0,0.0,0.0
2023-02-14 00:00:00-05:00,394.2340728818384,397.8865164448738,391.61698469819703,395.5762023925781,88389300,0.0,0.0,0.0
2023-02-15 00:00:00-05:00,393.3808847880114,396.93745771221506,392.5372705702228,396.86077880859375,61555700,0.0,0.0,0.0
2023-02-16 00:00:00-05:00,391.8854649285943,395.835087395517,391.2623499918296,391.39654541015625,76431500,0.0,0.0,0.0
2023-02-17 00:00:00-05:00,389.2682823043391,390.6583324559055,387.34139205761664,390.4186706542969,89257800,0.0,0.0,0.0
2023-02-21 00:00:00-05:00,386.39234798566156,387.44686578378213,382.3276931153695,382.5865173339844,82655900,0.0,0.0,0.0
2023-02-22 00:00:00-05:00,382.998812451563,384.54225003382606,380.6021938656125,382.0593566894531,83742300,0.0,0.0,0.0
2023-02-23 00:00:00-05:00,384.95439045031753,385.567938737912,379.86397585252666,384.09161376953125,96242400,0.0,0.0,0.0
2023-02-24 00:00:00-05:00,379.0683237378521,380.8226354035622,377.36193273433554,379.9886169433594,108194400,0.0,0.0,0.0
2023-02-27 00:00:00-05:00,383.33429643374495,384.69558849089844,380.34332149757034,381.2828063964844,80444700,0.0,0.0,0.0
2023-02-28 00:00:00-05:00,380.8034546692743,382.76866981415725,379.7680992642455,379.8735656738281,96438600,0.0,0.0,0.0
2023-03-01 00:00:00-05:00,379.05871889408525,380.285786224129,377.11266611466596,378.4164123535156,99706800,0.0,0.0,0.0
2023-03-02 00:00:00-05:00,376.4416315212209,382.20311141280865,376.10609910014693,381.3594970703125,85127800,0.0,0.0,0.0
2023-03-03 00:00:00-05:00,383.1808966203792,387.7249046275864,382.5290234904316,387.47564697265625,90120000,0.0,0.0,0.0
2023-03-06 00:00:00-05:00,388.3000821585358,390.60085911261217,387.3031100177366,387.74407958984375,72795900,0.0,0.0,0.0
2023-03-07 00:00:00-05:00,387.69621177072855,387.93587363147867,381.1869874411876,381.8005065917969,108310600,0.0,0.0,0.0
2023-03-08 00:00:00-05:00,381.9155020986243,383.18089426793244,380.18991944950625,382.423583984375,74746600,0.0,0.0,0.0
2023-03-09 00:00:00-05:00,383.20967866619384,384.87774493306273,374.38054484861016,375.3679504394531,111945300,0.0,0.0,0.0
2023-03-10 00:00:00-05:00,374.82145290553643,376.9017301661393,368.42729257488133,369.9515380859375,189253000,0.0,0.0,0.0
2023-03-13 00:00:00-04:00,366.02103942039264,374.24624775320325,364.9090052964785,369.4242248535156,157790000,0.0,0.0,0.0
2023-03-14 00:00:00-04:00,374.3517676052174,377.1797888194533,371.0444227448801,375.5309143066406,149752400,0.0,0.0,0.0
2023-03-15 00:00:00-04:00,369.9324213189262,373.38352820078774,367.84254796683757,373.1822204589844,172996900,0.0,0.0,0.0
2023-03-16 00:00:00-04:00,370.82395451887174,380.0748950855989,370.31587262158683,379.7297668457031,143254200,0.0,0.0,0.0
2023-03-17 00:00:00-04:00,378.39793151645165,379.5334454433477,373.9039499902757,375.2896728515625,140553400,1.506,0.0,0.0
2023-03-20 00:00:00-04:00,376.06916402579844,379.31215983644114,375.3666994576997,378.8983459472656,93055800,0.0,0.0,0.0
2023-03-21 00:00:00-04:00,382.2664102459138,384.35462710121084,380.66897882785537,383.87347412109375,91524200,0.0,0.0,0.0
2023-03-22 00:00:00-04:00,383.70026302343734,387.31851343521214,377.29130185553555,377.32977294921875,111746600,0.0,0.0,0.0
2023-03-23 00:00:00-04:00,380.19749521054143,384.2391923827506,375.6361739137841,378.3498840332031,119351300,0.0,0.0,0.0
2023-03-24 00:00:00-04:00,377.06996076940004,380.9191845780308,374.7219318967555,380.83258056640625,107682400,0.0,0.0,0.0
2023-03-27 00:00:00-04:00,383.1132717788515,383.8831342228275,380.64977069262744,381.5447082519531,74010400,0.0,0.0,0.0
2023-03-28 00:00:00-04:00,380.8518079845922,381.54466943004763,378.8502245684134,380.688232421875,62871700,0.0,0.0,0.0
2023-03-29 00:00:00-04:00,384.8550092196648,386.46207306808367,383.6521267894026,386.22149658203125,77497900,0.0,0.0,0.0
2023-03-30 00:00:00-04:00,388.85819419263817,389.10840312839423,386.6160343292529,388.48291015625,69840000,0.0,0.0,0.0
2023-03-31 00:00:00-04:00,389.40668731548556,394.25671700401034,389.30081840141827,393.9584045410156,112062600,0.0,0.0,0.0
2023-04-03 00:00:00-04:00,393.4388376840606,395.86383837799394,393.0442886762133,395.4596862792969,67391100,0.0,0.0,0.0
2023-04-04 00:00:00-04:00,396.10434874148575,396.39305813101834,391.8894442126204,393.26556396484375,66601500,0.0,0.0,0.0
2023-04-05 00:00:00-04:00,392.53421336625786,393.29444326978927,390.58073351331996,392.23590087890625,65200200,0.0,0.0,0.0
2023-04-06 00:00:00-04:00,391.437167451645,394.0450376322365,390.3882575257403,393.7659606933594,63743300,0.0,0.0,0.0
2023-04-10 00:00:00-04:00,391.2832175790923,394.2471364215444,390.6673570273508,394.1701354980469,63681000,0.0,0.0,0.0
2023-04-11 00:00:00-04:00,394.7956544202573,395.6809594619992,393.5061679518089,394.2760009765625,59297900,0.0,0.0,0.0
2023-04-12 00:00:00-04:00,396.3449304189456,396.63363981226826,392.0819222861502,392.6689147949219,86420400,0.0,0.0,0.0
2023-04-13 00:00:00-04:00,393.75634279356007,398.2406920585318,392.6111963601302,397.8846435546875,85814800,0.0,0.0,0.0
2023-04-14 00:00:00-04:00,397.2495632394048,399.443619886818,394.6032215680084,396.9127502441406,78161500,0.0,0.0,0.0
2023-04-17 00:00:00-04:00,396.8261475266993,398.3562106467558,395.59439693756417,398.33697509765625,66436400,0.0,0.0,0.0
2023-04-18 00:00:00-04:00,399.9151564170433,400.04989336742534,397.2207110819184,398.5968017578125,63560000,0.0,0.0,0.0
2023-04-19 00:00:00-04:00,396.68177851295354,399.43395956292494,396.6240425026219,398.5294189453125,55227300,0.0,0.0,0.0
2023-04-20 00:00:00-04:00,395.7098258250606,398.10598763661955,394.80525587274064,396.3545837402344,75840400,0.0,0.0,0.0
2023-04-21 00:00:00-04:00,396.65290416377644,397.1244246963598,394.7090566567866,396.66253662109375,73457400,0.0,0.0,0.0
2023-04-24 00:00:00-04:00,396.4603735939043,397.49968034668166,395.1227837473728,397.0762634277344,64332100,0.0,0.0,0.0
2023-04-25 00:00:00-04:00,395.10363191354855,395.66178590610525,390.71551837699116,390.77325439453125,97766700,0.0,0.0,0.0
2023-04-26 00:00:00-04:00,391.38909943441206,392.46687746099377,388.5599174310108,389.1180419921875,80447000,0.0,0.0,0.0
2023-04-27 00:00:00-04:00,391.65854499949717,397.1340685308111,391.40833604006144,396.8646240234375,92968400,0.0,0.0,0.0
2023-04-28 00:00:00-04:00,395.97928167060974,400.26155506482286,395.92154566069996,400.2519226074219,89433100,0.0,0.0,0.0
2023-05-01 00:00:00-04:00,399.8092778572073,401.8782298985706,399.6168049089298,399.8477783203125,62122300,0.0,0.0,0.0
2023-05-02 00:00:00-04:00,399.13564578414,399.1837787040956,392.4476367591756,395.3537902832031,103998500,0.0,0.0,0.0
2023-05-03 00:00:00-04:00,395.8541433677578,398.2695405891648,392.39946868953274,392.6400451660156,91531800,0.0,0.0,0.0
2023-05-04 00:00:00-04:00,391.59120903435877,391.91838957995185,388.52145026666796,389.85906982421875,94901900,0.0,0.0,0.0
2023-05-05 00:00:00-04:00,393.4964845285171,398.1251732691853,393.2366725239446,397.0762634277344,87891800,0.0,0.0,0.0
2023-05-08 00:00:00-04:00,397.4035003706773,397.6633124121759,395.7772009206819,397.1821594238281,50046800,0.0,0.0,0.0
2023-05-09 00:00:00-04:00,395.6328415851866,396.55664705489033,395.20942462672946,395.44036865234375,49220100,0.0,0.0,0.0
2023-05-10 00:00:00-04:00,398.2791682813285,398.9142936957152,393.45800635276555,397.2879943847656,96142900,0.0,0.0,0.0
2023-05-11 00:00:00-04:00,396.4220067951342,396.8838949247763,394.5166301586064,396.59521484375,70157100,0.0,0.0,0.0
2023-05-12 00:00:00-04:00,397.8365368137777,398.0482452964263,393.65050007841785,396.07550048828125,70481500,0.0,0.0,0.0
2023-05-15 00:00:00-04:00,396.6818170861844,397.846199230762,394.76683736705866,397.4420471191406,54289400,0.0,0.0,0.0
2023-05-16 00:00:00-04:00,396.3353092048242,397.2591440489676,394.7763782852964,394.7860107421875,57705500,0.0,0.0,0.0
2023-05-17 00:00:00-04:00,396.80683197926186,400.1845056184392,395.16129716185526,399.5782775878906,87287000,0.0,0.0,0.0
2023-05-18 00:00:00-04:00,399.26074988190857,403.850968255046,399.03943829896787,403.42755126953125,97177200,0.0,0.0,0.0
2023-05-19 00:00:00-04:00,404.3321069908471,404.86136352045077,401.6183971431854,402.84051513671875,103793300,0.0,0.0,0.0
2023-05-22 00:00:00-04:00,402.8597493463277,404.54378464321184,401.61836653322445,403.00408935546875,60745400,0.0,0.0,0.0
2023-05-23 00:00:00-04:00,401.35854756315524,402.9367433972177,398.08671324851565,398.48126220703125,86383500,0.0,0.0,0.0
2023-05-24 00:00:00-04:00,396.8742131296412,397.2591296170941,394.4299479150844,395.5943298339844,89213700,0.0,0.0,0.0
2023-05-25 00:00:00-04:00,399.10674560980397,400.4732329300767,396.86458575045214,399.0201416015625,90961600,0.0,0.0,0.0
2023-05-26 00:00:00-04:00,399.6744966018046,404.90944304818487,399.5975250513779,404.1877136230469,93830000,0.0,0.0,0.0
2023-05-30 00:00:00-04:00,406.12200784767117,406.65126441099187,402.95601282370507,404.34173583984375,72216000,0.0,0.0,0.0
2023-05-31 00:00:00-04:00,402.51333285149997,403.41790279671176,400.5309849376734,402.09954833984375,110811800,0.0,0.0,0.0
2023-06-01 00:00:00-04:00,402.33044944585635,406.9784031486699,401.07946358730794,405.91986083984375,88865000,0.0,0.0,0.0
2023-06-02 00:00:00-04:00,408.49887873292437,412.5790465929496,407.9696222034908,411.78997802734375,91426200,0.0,0.0,0.0
2023-06-05 00:00:00-04:00,412.13636840253633,413.4258547804784,410.298360615152,411.0008544921875,65460200,0.0,0.0,0.0
2023-06-06 00:00:00-04:00,410.5871214183071,412.4251000685976,409.93273100728186,411.8958435058594,64022200,0.0,0.0,0.0
2023-06-07 00:00:00-04:00,412.2903604628489,413.4258744271593,410.0481711705742,410.4715881347656,85373300,0.0,0.0,0.0
2023-06-08 00:00:00-04:00,410.5389484373123,413.4066306619177,409.76911544531237,412.954345703125,61952800,0.0,0.0,0.0
2023-06-09 00:00:00-04:00,413.75304850629004,415.7065283650919,412.70413856902655,413.6953125,85742800,0.0,0.0,0.0
2023-06-12 00:00:00-04:00,414.6769171108834,417.5253346663892,413.9551876062376,417.4483337402344,76104300,0.0,0.0,0.0
2023-06-13 00:00:00-04:00,418.91098367422893,420.8451984353185,418.24699029785324,420.2004699707031,95899700,0.0,0.0,0.0
2023-06-14 00:00:00-04:00,420.53735216092747,422.5100677032549,417.2462527373111,420.700927734375,100612100,0.0,0.0,0.0
2023-06-15 00:00:00-04:00,419.8829487810575,427.1676119841462,419.7867416783568,425.9166259765625,110303100,0.0,0.0,0.0
2023-06-16 00:00:00-04:00,427.9044446994593,428.47431075878063,423.99263976838114,424.4659118652344,114165800,1.638,0.0,0.0
2023-06-20 00:00:00-04:00,422.52447850076925,423.41307214231983,420.1870344889163,422.263671875,76160400,0.0,0.0,0.0
2023-06-21 00:00:00-04:00,421.2784119248558,422.08007971224396,419.510834231047,420.10003662109375,76982300,0.0,0.0,0.0
2023-06-22 00:00:00-04:00,419.14386433493524,421.7227488220665,418.80580025695025,421.61651611328125,70637200,0.0,0.0,0.0
2023-06-23 00:00:00-04:00,418.1586622892244,420.2159925909701,417.71436548656794,418.4291076660156,92074500,0.0,0.0,0.0
2023-06-26 00:00:00-04:00,417.8592143297431,419.78130707914215,416.47801229853,416.719482421875,72823600,0.0,0.0,0.0
2023-06-27 00:00:00-04:00,417.59847607026,421.90629521825156,417.1445110170716,421.28814697265625,72813700,0.0,0.0,0.0
2023-06-28 00:00:00-04:00,420.20627410375766,422.5147425065915,419.5881259491554,421.5005798339844,75636000,0.0,0.0,0.0
2023-06-29 00:00:00-04:00,421.0852585523664,423.32610840810986,420.679605245235,423.1618957519531,67882300,0.0,0.0,0.0
2023-06-30 00:00:00-04:00,426.3782705598957,429.1406745135059,426.05951350289007,428.1554870605469,104964000,0.0,0.0,0.0
2023-07-03 00:00:00-04:00,427.80776005664865,428.9281553823134,427.5276464870672,428.6480712890625,32793400,0.0,0.0,0.0
2023-07-05 00:00:00-04:00,426.8322751907773,428.7447292814146,426.8226069528998,428.0106506347656,58418400,0.0,0.0,0.0
2023-07-06 00:00:00-04:00,424.42725571135543,425.0840474287703,422.1477622241082,424.6590576171875,80658300,0.0,0.0,0.0
2023-07-07 00:00:00-04:00,423.66417049204466,427.5373607483118,423.3454134187473,423.5868835449219,86134200,0.0,0.0,0.0
2023-07-10 00:00:00-04:00,423.2295437531058,424.83290904656155,422.659677750378,424.6590576171875,62443500,0.0,0.0,0.0
2023-07-11 00:00:00-04:00,425.4220950342892,427.8561033801802,424.4465462578362,427.3634948730469,64463800,0.0,0.0,0.0
2023-07-12 00:00:00-04:00,431.1594635773627,432.2122699147005,429.7299496500487,430.80206298828125,91924500,0.0,0.0,0.0
2023-07-13 00:00:00-04:00,432.61794802044653,435.0133427036208,432.18331940291864,434.2213134765625,72425200,0.0,0.0,0.0
2023-07-14 00:00:00-04:00,435.1098740968055,435.9598242076378,433.18775178790105,433.9508056640625,69815800,0.0,0.0,0.0
2023-07-17 00:00:00-04:00,433.80590268905246,436.51035622999115,433.75759097947645,435.4575500488281,52680200,0.0,0.0,0.0
2023-07-18 00:00:00-04:00,435.12919667930265,439.3404218148386,434.69453863237396,438.69329833984375,80668200,0.0,0.0,0.0
2023-07-19 00:00:00-04:00,439.4853035858035,440.85683741354967,438.61598753921226,439.6688232421875,65891700,0.0,0.0,0.0
2023-07-20 00:00:00-04:00,438.6739532656,439.57221504319733,436.037088927524,436.7518310546875,70591600,0.0,0.0,0.0
2023-07-21 00:00:00-04:00,438.4710971405942,438.6739532656,436.7421922937348,436.7518310546875,71275600,0.0,0.0,0.0
2023-07-24 00:00:00-04:00,437.9012445599851,439.5142779903244,436.867745334165,438.70294189453125,54023400,0.0,0.0,0.0
2023-07-25 00:00:00-04:00,438.43244612728506,441.15620646563485,438.38413442126745,439.90057373046875,55191200,0.0,0.0,0.0
2023-07-26 00:00:00-04:00,438.9637681345287,441.3977766942308,437.91096179208995,439.9682922363281,71052900,0.0,0.0,0.0
2023-07-27 00:00:00-04:00,443.35846818342566,443.7641509737044,436.14333947921443,437.05126953125,92194400,0.0,0.0,0.0
2023-07-28 00:00:00-04:00,440.3255847201604,442.1607516818026,437.0512358426156,441.3301086425781,80011800,0.0,0.0,0.0
2023-07-31 00:00:00-04:00,441.8033403845129,442.52775065677525,440.4897277631192,442.1703796386719,62040400,0.0,0.0,0.0
2023-08-01 00:00:00-04:00,440.7022647310359,441.64883818871544,439.94887915495036,440.9051208496094,55291500,0.0,0.0,0.0
2023-08-02 00:00:00-04:00,437.78533196247287,438.0461090832154,434.01840394785836,434.77178955078125,93933400,0.0,0.0,0.0
2023-08-03 00:00:00-04:00,432.75315569310766,435.4093273640729,432.1060027164115,433.5258483886719,64276100,0.0,0.0,0.0
2023-08-04 00:00:00-04:00,435.34169055011716,437.44730311288595,431.0435102343316,431.5650939941406,100128900,0.0,0.0,0.0
2023-08-07 00:00:00-04:00,433.40017892891956,435.48648409589293,432.70474387326175,435.3319396972656,58357500,0.0,0.0,0.0
2023-08-08 00:00:00-04:00,432.7917508600607,435.32238270202885,430.07762882885913,433.43890380859375,71361300,0.0,0.0,0.0
2023-08-09 00:00:00-04:00,433.7093468244431,433.87355948928627,429.77820586959297,430.541259765625,78789600,0.0,0.0,0.0
2023-08-10 00:00:00-04:00,432.8980072622996,436.28825743462227,429.527093565885,430.69580078125,93005500,0.0,0.0,0.0
2023-08-11 00:00:00-04:00,428.82196893936987,431.4588333292262,428.22312774254544,430.44464111328125,68690900,0.0,0.0,0.0
2023-08-14 00:00:00-04:00,429.5270825673996,432.8207092285156,429.2179937241371,432.8207092285156,47867400,0.0,0.0,0.0
2023-08-15 00:00:00-04:00,431.0434905199487,431.40089107368914,427.2089436634091,427.7788391113281,75707500,0.0,0.0,0.0
2023-08-16 00:00:00-04:00,427.3634700312785,429.0247856402229,424.53344729188865,424.63970947265625,80107200,0.0,0.0,0.0
2023-08-17 00:00:00-04:00,426.1078247958852,426.368601907091,420.8824080004751,421.40399169921875,95711300,0.0,0.0,0.0
2023-08-18 00:00:00-04:00,418.58363133261804,422.6403412596287,418.2359284981317,421.6068420410156,98852000,0.0,0.0,0.0
2023-08-21 00:00:00-04:00,422.6210106803204,425.09366245894176,420.4671159807588,424.3499450683594,68719000,0.0,0.0,0.0
2023-08-22 00:00:00-04:00,426.12723989880345,426.12723989880345,422.64042472251566,423.20062255859375,64994200,0.0,0.0,0.0
2023-08-23 00:00:00-04:00,424.2630351692306,428.5322402058597,424.1181589807745,427.9140625,68441000,0.0,0.0,0.0
2023-08-24 00:00:00-04:00,429.5174072282619,430.0293227205553,421.9545463127507,421.9835510253906,88517300,0.0,0.0,0.0
2023-08-25 00:00:00-04:00,423.712501844876,426.2431043443279,420.15806824986475,424.95849609375,102325100,0.0,0.0,0.0
2023-08-28 00:00:00-04:00,427.1509825528838,428.2714074691659,424.95844443108183,427.65325927734375,61595400,0.0,0.0,0.0
2023-08-29 00:00:00-04:00,427.5470082557006,434.1150135078099,427.3634885979469,433.83489990234375,83081900,0.0,0.0,0.0
2023-08-30 00:00:00-04:00,434.17294441532357,436.2592497912926,433.4678410527647,435.62176513671875,69053900,0.0,0.0,0.0
2023-08-31 00:00:00-04:00,436.23991629050073,437.3796481914474,434.80076379653127,434.9842834472656,66084600,0.0,0.0,0.0
2023-09-01 00:00:00-04:00,437.7081390777522,438.19107939386777,434.3371956273561,435.7956848144531,58944100,0.0,0.0,0.0
2023-09-05 00:00:00-04:00,435.35138309753785,435.6701107330132,433.8446116862524,433.9122009277344,55166200,0.0,0.0,0.0
2023-09-06 00:00:00-04:00,433.1007905422567,433.2070527201014,428.66740278671307,430.99517822265625,70758500,0.0,0.0,0.0
2023-09-07 00:00:00-04:00,427.991344757898,430.34809581436866,427.6436418854697,429.6719970703125,70355400,0.0,0.0,0.0
2023-09-08 00:00:00-04:00,429.7202810475146,431.8548689598933,429.36290993507305,430.3191223144531,61659700,0.0,0.0,0.0
2023-09-11 00:00:00-04:00,432.94628326819304,433.4581987746905,431.23668532604137,433.1491394042969,60180100,0.0,0.0,0.0
2023-09-12 00:00:00-04:00,431.7003378706483,433.2264162204621,430.1935665209915,430.7730712890625,67565400,0.0,0.0,0.0
2023-09-13 00:00:00-04:00,430.9951854819559,432.4343379531001,429.8940675950137,431.2752990722656,60199300,0.0,0.0,0.0
2023-09-14 00:00:00-04:00,433.747962382289,435.6893621396805,432.4440178145085,434.9939270019531,83430800,0.0,0.0,0.0
2023-09-15 00:00:00-04:00,433.4072542770486,433.7368084981918,429.3168595859164,429.7530212402344,111848900,1.583,0.0,0.0
2023-09-18 00:00:00-04:00,429.4428320631367,431.3038771522312,428.96789063501143,430.0050354003906,55752200,0.0,0.0,0.0
2023-09-19 00:00:00-04:00,429.0842343223396,429.6755151492696,426.42839572285595,429.1133117675781,66514600,0.0,0.0,0.0
2023-09-20 00:00:00-04:00,430.3733120632257,430.7900985499461,424.96467175443377,425.1682434082031,82562600,0.0,0.0,0.0
2023-09-21 00:00:00-04:00,422.31855674804774,422.58025371246634,417.98584063306095,418.14093017578125,104095800,0.0,0.0,0.0
2023-09-22 00:00:00-04:00,419.16842775985725,420.7677463582612,416.78395900410345,417.2007751464844,100829700,0.0,0.0,0.0
2023-09-25 00:00:00-04:00,415.9891824335371,418.9939504024325,415.5529911707951,418.9552001953125,70874500,0.0,0.0,0.0
2023-09-26 00:00:00-04:00,415.91160628125357,416.6191968671865,411.9665987111882,412.8002014160156,96168400,0.0,0.0,0.0
2023-09-27 00:00:00-04:00,413.9730331962355,414.5352365633177,409.320464597115,412.9649658203125,104705800,0.0,0.0,0.0
2023-09-28 00:00:00-04:00,412.412517717301,417.03600913362396,411.82123687227,415.359130859375,92258300,0.0,0.0,0.0
2023-09-29 00:00:00-04:00,418.4123916323294,418.5868563011905,412.82928558629357,414.35107421875,115111300,0.0,0.0,0.0
2023-10-02 00:00:00-04:00,413.51743802249865,415.436637965525,411.4237734247356,414.1862487792969,83798600,0.0,0.0,0.0
2023-10-03 00:00:00-04:00,412.0053970277405,414.2444490832808,407.2752686675357,408.6419677734375,103760600,0.0,0.0,0.0
2023-10-04 00:00:00-04:00,409.10716378388844,412.3639554385422,407.6435302591631,411.61761474609375,87453000,0.0,0.0,0.0
2023-10-05 00:00:00-04:00,411.32680997189277,412.3057997665852,408.2348102060782,411.4625244140625,70142700,0.0,0.0,0.0
2023-10-06 00:00:00-04:00,409.0102345616155,417.88891132912596,407.6823154616602,416.3477478027344,113273300,0.0,0.0,0.0
2023-10-09 00:00:00-04:00,414.44797038266114,419.5852123041229,413.8954989431742,419.0133361816406,80374400,0.0,0.0,0.0
2023-10-10 00:00:00-04:00,419.6433174894524,423.79186665669647,419.2459060791411,421.1941833496094,78607300,0.0,0.0,0.0
2023-10-11 00:00:00-04:00,422.2604167519184,423.17151977952034,419.8759482263836,422.9195251464844,62451700,0.0,0.0,0.0
2023-10-12 00:00:00-04:00,423.5302119190894,423.90821868639375,417.9858858829249,420.34124755859375,81154200,0.0,0.0,0.0
2023-10-13 00:00:00-04:00,421.8435761764503,423.04551271009467,416.67728716479496,418.2475280761719,95143100,0.0,0.0,0.0
2023-10-16 00:00:00-04:00,420.4963128780658,423.71435449669224,420.25399100160854,422.64813232421875,75433200,0.0,0.0,0.0
2023-10-17 00:00:00-04:00,419.51737915223515,424.6836988143986,419.16844980200625,422.6287841796875,75324700,0.0,0.0,0.0
2023-10-18 00:00:00-04:00,420.85499831559775,421.8145836033234,415.91162548795126,416.9972229003906,93559800,0.0,0.0,0.0
2023-10-19 00:00:00-04:00,417.714450283055,419.5270131332278,412.65476846702256,413.333251953125,121323000,0.0,0.0,0.0
2023-10-20 00:00:00-04:00,412.8971069121286,413.4399055549237,408.14757441721036,408.25421142578125,123919900,0.0,0.0,0.0
2023-10-23 00:00:00-04:00,406.72273053416484,411.4141082592817,404.9683224528733,407.546630859375,92035100,0.0,0.0,0.0
2023-10-24 00:00:00-04:00,409.66935030950145,411.7727171708306,407.8180076603951,410.6192626953125,78564200,0.0,0.0,0.0
2023-10-25 00:00:00-04:00,408.93271643497314,408.9617938766799,404.21226147565824,404.7259826660156,94223200,0.0,0.0,0.0
2023-10-26 00:00:00-04:00,403.65982284727204,404.512771066671,398.9587721877273,399.87957763671875,115156800,0.0,0.0,0.0
2023-10-27 00:00:00-04:00,401.4692254760225,401.86663693380547,396.6421626745101,398.0670166015625,107367700,0.0,0.0,0.0
2023-10-30 00:00:00-04:00,400.8586106203213,403.88278344941796,399.55976867860994,402.8262634277344,86562700,0.0,0.0,0.0
2023-10-31 00:00:00-04:00,403.3981296223901,405.67596153032116,401.4886317566324,405.3561096191406,79665200,0.0,0.0,0.0
2023-11-01 00:00:00-04:00,406.32532025886866,410.49324455803196,405.79219440086933,409.6790466308594,98068100,0.0,0.0,0.0
2023-11-02 00:00:00-04:00,413.478629395965,417.68536297988317,413.45925429578176,417.5302734375,94938900,0.0,0.0,0.0
2023-11-03 00:00:00-04:00,419.8371853582878,422.8904349465744,419.71117325541815,421.3395690917969,100167800,0.0,0.0,0.0
2023-11-06 00:00:00-05:00,422.0956239774314,422.75473237061436,420.3605910898025,422.3088684082031,67831700,0.0,0.0,0.0
2023-11-07 00:00:00-05:00,422.3088656922616,424.1505059932791,421.1651135619809,423.5107727050781,64256100,0.0,0.0,0.0
2023-11-08 00:00:00-05:00,424.11175832141294,424.6351818841711,421.5140747704494,423.82098388671875,61746000,0.0,0.0,0.0
2023-11-09 00:00:00-05:00,424.9647429571584,425.0035227425126,420.08922765476564,420.5157165527344,83174400,0.0,0.0,0.0
2023-11-10 00:00:00-05:00,422.58995223462995,427.38790735412255,420.5059605571527,427.0777282714844,89462200,0.0,0.0,0.0
2023-11-13 00:00:00-05:00,425.7401770580696,427.7756572288507,424.9550565166978,426.6706848144531,52236100,0.0,0.0,0.0
2023-11-14 00:00:00-05:00,432.612438681597,436.23756475568536,432.3894918898645,434.94842529296875,97176900,0.0,0.0,0.0
2023-11-15 00:00:00-05:00,436.28598819138983,437.51700226405256,435.01622391603615,435.86920166015625,77327600,0.0,0.0,0.0
2023-11-16 00:00:00-05:00,435.4233234108849,436.7221650858265,434.35710126569217,436.4023132324219,66665800,0.0,0.0,0.0
2023-11-17 00:00:00-05:00,436.4119730300388,437.5557547047121,435.4911676985958,436.9450988769531,83133200,0.0,0.0,0.0
2023-11-20 00:00:00-05:00,436.69311009341754,441.1518386514175,436.6834077524104,440.3085632324219,69936200,0.0,0.0,0.0
2023-11-21 00:00:00-05:00,439.2617361737396,440.18257120218567,438.0792041489343,439.3489685058594,49244600,0.0,0.0,0.0
2023-11-22 00:00:00-05:00,441.00647684513626,442.3634735504526,439.9499569252717,441.04522705078125,59394900,0.0,0.0,0.0
2023-11-24 00:00:00-05:00,441.0937026627971,441.51048921964684,440.7641484378246,441.3166198730469,29737400,0.0,0.0,0.0
2023-11-27 00:00:00-05:00,440.68658238826873,441.5007803874619,440.13408138085987,440.5218200683594,50506000,0.0,0.0,0.0
2023-11-28 00:00:00-05:00,440.13413788383525,442.2568802750779,439.57196404328505,440.9580383300781,62115000,0.0,0.0,0.0
2023-11-29 00:00:00-05:00,443.10979527762873,444.2438747206066,440.2504147680835,440.6477966308594,63146000,0.0,0.0,0.0
2023-11-30 00:00:00-05:00,441.4911150141487,442.73180192610516,439.41682540648986,442.3828430175781,79752700,0.0,0.0,0.0
2023-12-01 00:00:00-05:00,441.7722250179134,445.53306586193185,441.1809737453773,444.9999694824219,89183400,0.0,0.0,0.0
2023-12-04 00:00:00-05:00,441.60742053346644,445.01930211338146,440.3861087358581,442.6639404296875,72430900,0.0,0.0,0.0
2023-12-05 00:00:00-05:00,441.2778489374918,443.5362758597069,440.8998126034742,442.5766906738281,69793500,0.0,0.0,0.0
2023-12-06 00:00:00-05:00,444.7187848215884,444.74786226267736,440.35699117640615,440.7931823730469,69124700,0.0,0.0,0.0
2023-12-07 00:00:00-05:00,442.87718005735604,444.80605282503006,442.27622650644105,444.1566467285156,66995400,0.0,0.0,0.0
2023-12-08 00:00:00-05:00,443.4102939900714,446.59925845337557,443.167972091833,446.066162109375,83194400,0.0,0.0,0.0
2023-12-11 00:00:00-05:00,445.5717979195869,447.97564170163525,445.358553474564,447.8011474609375,65002200,0.0,0.0,0.0
2023-12-12 00:00:00-05:00,447.4521722811235,449.9432481380579,446.45380738636266,449.8463134765625,68327600,0.0,0.0,0.0
2023-12-13 00:00:00-05:00,450.2243166322346,456.30176785417245,449.8656850098202,456.04974365234375,93278000,0.0,0.0,0.0
2023-12-14 00:00:00-05:00,457.98836917003774,459.1806035101216,454.83818462019093,457.513427734375,119026000,0.0,0.0,0.0
2023-12-15 00:00:00-05:00,456.9158196636758,458.0934340813363,454.9109942306135,456.7601013183594,141553700,1.906,0.0,0.0
2023-12-18 00:00:00-05:00,458.3659614924249,460.31239637628556,457.3051580447496,459.3294372558594,70375300,0.0,0.0,0.0
2023-12-19 00:00:00-05:00,459.8743983485583,462.2004020971749,459.7965540277921,462.1225280761719,55761800,0.0,0.0,0.0
2023-12-20 00:00:00-05:00,461.26613266046417,463.15417688283,455.2905929826461,455.71881103515625,102921000,0.0,0.0,0.0
2023-12-21 00:00:00-05:00,458.7065536605437,460.31238616429494,456.28325178797456,460.0398864746094,86667500,0.0,0.0,0.0
2023-12-22 00:00:00-05:00,461.1687838422537,462.6480933014032,459.06666039020405,460.96441650390625,67160400,0.0,0.0,0.0
2023-12-26 00:00:00-05:00,461.373187704544,463.8159432234597,461.2953136791012,462.9108581542969,55387000,0.0,0.0,0.0
2023-12-27 00:00:00-05:00,462.7064835048319,463.8938099220547,462.1712258143802,463.7478332519531,68000300,0.0,0.0,0.0
2023-12-28 00:00:00-05:00,464.10794836189996,464.75998742977106,463.5045582870676,463.92303466796875,77158100,0.0,0.0,0.0
2023-12-29 00:00:00-05:00,463.7283454487912,464.25389115635505,460.62377959337147,462.5799560546875,122283100,0.0,0.0,0.0
2024-01-02 00:00:00-05:00,459.5142829304583,460.9838505543304,457.88899697489745,459.99114990234375,123623700,0.0,0.0,0.0
2024-01-03 00:00:00-05:00,457.83068032303305,458.570335093064,455.6312290704376,456.234619140625,103585900,0.0,0.0,0.0
2024-01-04 00:00:00-05:00,455.75765509650716,458.346416709132,454.5411334571291,454.7649841308594,84232200,0.0,0.0,0.0
2024-01-05 00:00:00-05:00,454.96940287212124,457.84040614563645,453.93779478135224,455.3879089355469,86118900,0.0,0.0,0.0
2024-01-08 00:00:00-05:00,455.8842127147601,462.0349537185437,455.7576897026201,461.88897705078125,74879100,0.0,0.0,0.0
2024-01-09 00:00:00-05:00,459.2320864754785,462.21012932199153,458.72602412321226,461.1882629394531,65931400,0.0,0.0,0.0
2024-01-10 00:00:00-05:00,461.4607624691406,464.6626560070687,461.17852110920177,463.7964782714844,67310600,0.0,0.0,0.0
2024-01-11 00:00:00-05:00,464.7989126874992,465.3147167416708,459.6116768106503,463.5921325683594,77940700,0.0,0.0,0.0
2024-01-12 00:00:00-05:00,465.0422353972928,465.78189018349474,462.50215203979474,463.9132995605469,58026400,0.0,0.0,0.0
2024-01-16 00:00:00-05:00,462.53132242501596,463.8451421871986,460.39023221216354,462.21014404296875,85014900,0.0,0.0,0.0
2024-01-17 00:00:00-05:00,459.18345575970955,460.1274778564824,457.28566988777015,459.640869140625,68843900,0.0,0.0,0.0
2024-01-18 00:00:00-05:00,461.314802822399,464.28310409945385,459.7673906749951,463.7283630371094,91856200,0.0,0.0,0.0
2024-01-19 00:00:00-05:00,464.8572992191645,469.79151871434675,463.7770421286305,469.50927734375,110834500,0.0,0.0,0.0
2024-01-22 00:00:00-05:00,471.0469830334159,472.22456782073624,469.8499148891261,470.5019836425781,75844900,0.0,0.0,0.0
2024-01-23 00:00:00-05:00,471.0469345284904,472.1174498429628,469.9569358590548,471.8741455078125,49945300,0.0,0.0,0.0
2024-01-24 00:00:00-05:00,474.7452454966969,475.6795260184098,471.8937252344452,472.39007568359375,81765000,0.0,0.0,0.0
2024-01-25 00:00:00-05:00,474.52132983790426,475.23178923650255,472.3900110425858,474.95928955078125,72525000,0.0,0.0,0.0
2024-01-26 00:00:00-05:00,474.5310374710035,476.02005880762255,473.50917114792156,474.3558654785156,76641600,0.0,0.0,0.0
2024-01-29 00:00:00-05:00,474.66731967923187,478.258494159002,474.12232032676826,478.11248779296875,61322800,0.0,0.0,0.0
2024-01-30 00:00:00-05:00,477.4215584200377,478.4531665594372,476.9835986796224,477.74273681640625,58618400,0.0,0.0,0.0
2024-01-31 00:00:00-05:00,475.5334936248827,475.98116532447904,469.9277517507619,469.9472351074219,126011100,0.0,0.0,0.0
2024-02-01 00:00:00-05:00,471.65038103588824,476.1271872790658,470.8425939142762,476.0979919433594,91891600,0.0,0.0,0.0
2024-02-02 00:00:00-05:00,476.53588232086173,482.7644675885541,476.19525029914104,481.1100158691406,99228200,0.0,0.0,0.0
2024-02-05 00:00:00-05:00,480.47743909484853,481.13921979443177,477.10037355108614,479.35821533203125,75757100,0.0,0.0,0.0
2024-02-06 00:00:00-05:00,480.3022375794468,481.0808293147646,478.871606822303,480.74993896484375,55918600,0.0,0.0,0.0
2024-02-07 00:00:00-05:00,482.9980918458816,485.17808940845316,482.0929770540646,484.7596130371094,70556500,0.0,0.0,0.0
2024-02-08 00:00:00-05:00,484.759615339305,485.3532637246949,483.9421162494583,484.9737243652344,52343600,0.0,0.0,0.0
2024-02-09 00:00:00-05:00,485.47977226451565,488.2145108276318,485.13914022884614,487.7765808105469,63979400,0.0,0.0,0.0
2024-02-12 00:00:00-05:00,487.7474136957695,490.01499733828587,486.84229887428285,487.5625,56502300,0.0,0.0,0.0
2024-02-13 00:00:00-05:00,481.2851887040555,483.7766228154562,477.57723287028176,480.84722900390625,113099200,0.0,0.0,0.0
2024-02-14 00:00:00-05:00,483.48468469887587,485.703619202311,481.1586808363787,485.2170104980469,68387800,0.0,0.0,0.0
2024-02-15 00:00:00-05:00,485.91769748176387,488.74976352545775,485.4408007855907,488.5648498535156,61683000,0.0,0.0,0.0
2024-02-16 00:00:00-05:00,488.26318443249403,489.4018321652925,485.39218120492103,486.1318359375,75532900,0.0,0.0,0.0
2024-02-20 00:00:00-05:00,484.3897552215933,485.06127758934093,481.20734508331265,483.4554748535156,71736700,0.0,0.0,0.0
2024-02-21 00:00:00-05:00,482.15136438471933,484.0491204434422,480.3411646253707,483.8934020996094,59293400,0.0,0.0,0.0
2024-02-22 00:00:00-05:00,490.51131764803023,494.87131264849836,489.54781221335594,493.9078369140625,76402500,0.0,0.0,0.0
2024-02-23 00:00:00-05:00,495.63045683227716,496.46743931170954,493.5185915264853,494.2485046386719,61321800,0.0,0.0,0.0
2024-02-26 00:00:00-05:00,494.6863927584272,495.12435246871587,492.3117399253592,492.4382629394531,50386700,0.0,0.0,0.0
2024-02-27 00:00:00-05:00,493.1292978892794,493.5769696039291,491.2315119659273,493.3531188964844,48854500,0.0,0.0,0.0
2024-02-28 00:00:00-05:00,491.7959045901359,493.28492593001334,491.435818926933,492.7010192871094,56506600,0.0,0.0,0.0
2024-02-29 00:00:00-05:00,494.46257806109645,496.0878345083775,491.815425510208,494.4722900390625,83924800,0.0,0.0,0.0
2024-03-01 00:00:00-05:00,495.3482154895911,499.54275051356746,494.9394511031337,499.1145324707031,76844800,0.0,0.0,0.0
2024-03-04 00:00:00-05:00,498.31652584892447,500.42839094094944,498.28730081516426,498.5792541503906,49799300,0.0,0.0,0.0
2024-03-05 00:00:00-05:00,496.5744479650044,497.0221493633574,491.38721217314117,493.5964050292969,72855600,0.0,0.0,0.0
2024-03-06 00:00:00-05:00,496.8761267293977,498.3554361707815,494.8031986362925,496.0975646972656,68382400,0.0,0.0,0.0
2024-03-07 00:00:00-05:00,499.39680772832526,502.0731556685532,496.15597704493354,501.0220642089844,58652100,0.0,0.0,0.0
2024-03-08 00:00:00-05:00,501.6546849790431,504.3407152276024,497.4406368151398,498.01483154296875,86532500,0.0,0.0,0.0
2024-03-11 00:00:00-04:00,496.8080468189585,498.17054528765857,494.88106560592894,497.58660888671875,62557200,0.0,0.0,0.0
2024-03-12 00:00:00-04:00,499.6985003866654,503.5232377514132,497.17784111143084,502.9393310546875,73114400,0.0,0.0,0.0
2024-03-13 00:00:00-04:00,503.2604525888654,503.43562459877114,500.7106276661075,502.1509704589844,55104100,0.0,0.0,0.0
2024-03-14 00:00:00-04:00,503.1241533654222,503.27990140830235,498.1121195690471,501.1582946777344,110171800,0.0,0.0,0.0
2024-03-15 00:00:00-04:00,498.0880174407595,499.5426370968139,496.0476768950372,497.717041015625,107646300,1.595,0.0,0.0
2024-03-18 00:00:00-04:00,501.78803927024387,503.232857358906,500.26510519204714,500.67510986328125,88893300,0.0,0.0,0.0
2024-03-19 00:00:00-04:00,499.9819809876235,503.7404859733711,498.9764238973626,503.4573974609375,60755300,0.0,0.0,0.0
2024-03-20 00:00:00-04:00,503.515925395574,508.25067121798276,502.8423166074447,508.1139831542969,69594600,0.0,0.0,0.0
2024-03-21 00:00:00-04:00,510.9549118204902,511.6577769054798,509.5100342818405,509.7931823730469,60256100,0.0,0.0,0.0
2024-03-22 00:00:00-04:00,509.7053331319063,510.19345378409866,508.592403744498,508.8267517089844,79070800,0.0,0.0,0.0
2024-03-25 00:00:00-04:00,507.4501546887545,508.57285588251494,507.26466648069925,507.4208984375,48512100,0.0,0.0,0.0
2024-03-26 00:00:00-04:00,508.8462213354942,509.1879415331935,506.0835014250274,506.4837341308594,65463700,0.0,0.0,0.0
2024-03-27 00:00:00-04:00,509.31477736539307,510.77913904884207,507.1474910896733,510.74005126953125,82999800,0.0,0.0,0.0
2024-03-28 00:00:00-04:00,510.77917463931885,512.1458765547503,510.35939807768415,510.6424865722656,96294900,0.0,0.0,0.0
2024-04-01 00:00:00-04:00,511.38445509453464,511.92137584867254,508.5923599199536,509.75408935546875,62477500,0.0,0.0,0.0
2024-04-02 00:00:00-04:00,505.92725051103764,506.6496594947848,504.20905639561914,506.5130310058594,74230300,0.0,0.0,0.0
2024-04-03 00:00:00-04:00,505.41957743973774,508.5728771082824,505.3707772955882,507.0694274902344,59155800,0.0,0.0,0.0
2024-04-04 00:00:00-04:00,511.08182923475704,511.42348983220387,500.57746403679687,500.8800964355469,96858100,0.0,0.0,0.0
2024-04-05 00:00:00-04:00,502.23705258109646,508.0749556966803,501.79773213862893,506.1127014160156,74546500,0.0,0.0,0.0
2024-04-08 00:00:00-04:00,506.8156796872345,507.8211772121714,505.58560615213537,506.3958435058594,48401800,0.0,0.0,0.0
2024-04-09 00:00:00-04:00,508.1335553906493,508.3776156958321,502.12964804913753,506.9815979003906,68049200,0.0,0.0,0.0
2024-04-10 00:00:00-04:00,501.2803426609476,503.89666208515973,499.92341259541246,501.9051513671875,82652800,0.0,0.0,0.0
2024-04-11 00:00:00-04:00,503.42813657981105,507.13784182494555,499.913691523377,505.6930236816406,70099000,0.0,0.0,0.0
2024-04-12 00:00:00-04:00,502.14918793409277,503.56474960986543,496.9848635757255,498.71282958984375,92561100,0.0,0.0,0.0
2024-04-15 00:00:00-04:00,502.8911540643935,503.05709839116423,491.61554988176164,492.46490478515625,92101400,0.0,0.0,0.0
2024-04-16 00:00:00-04:00,492.9432762462562,494.4662102656471,490.2781268160622,491.5667724609375,73484000,0.0,0.0,0.0
2024-04-17 00:00:00-04:00,494.0268584590965,494.1928325755386,487.26151394107353,488.65753173828125,75910300,0.0,0.0,0.0
2024-04-18 00:00:00-04:00,490.0535829309475,492.15249561510325,486.71482481856754,487.6520080566406,74548100,0.0,0.0,0.0
2024-04-19 00:00:00-04:00,487.57394131853926,488.56969668668467,482.1264983587833,483.3956298828125,102212600,0.0,0.0,0.0
2024-04-22 00:00:00-04:00,486.00221013520326,490.4441260798556,483.65923689240304,487.8473205566406,67961000,0.0,0.0,0.0
2024-04-23 00:00:00-04:00,489.85833417865257,494.0659315908711,487.6617913619136,493.6363830566406,64633600,0.0,0.0,0.0
2024-04-24 00:00:00-04:00,494.52477110173174,495.31552414024065,491.1762707245871,493.402099609375,55928100,0.0,0.0,0.0
2024-04-25 00:00:00-04:00,487.32011244956163,492.2891769636512,485.67026231159537,491.5277099609375,69122400,0.0,0.0,0.0
2024-04-26 00:00:00-04:00,494.31979324751813,497.7659238799117,493.68524235456005,496.1844177246094,64306100,0.0,0.0,0.0
2024-04-29 00:00:00-04:00,497.97087540007783,498.61519817399505,495.19835393785416,497.94158935546875,46415400,0.0,0.0,0.0
2024-04-30 00:00:00-04:00,496.47721220645434,497.45345338662946,490.0535583496094,490.0535583496094,77483600,0.0,0.0,0.0
2024-05-01 00:00:00-04:00,489.46786865773555,496.11606953951656,487.9937347584278,488.46234130859375,80242800,0.0,0.0,0.0
2024-05-02 00:00:00-04:00,492.1720003799534,493.8706803453591,487.6812848525579,493.0310974121094,62550200,0.0,0.0,0.0
2024-05-03 00:00:00-04:00,499.01553991038264,500.3724999161701,496.47730640185137,499.1424560546875,72756700,0.0,0.0,0.0
2024-05-06 00:00:00-04:00,501.54395898532556,504.3359947534281,501.1046384911043,504.2969665527344,47264700,0.0,0.0,0.0
2024-05-07 00:00:00-04:00,505.26336763664636,506.2493807325828,504.1797542596401,504.8533630371094,52561300,0.0,0.0,0.0
2024-05-08 00:00:00-04:00,503.01805278679507,505.439111907815,502.90090860900597,504.9021911621094,42047200,0.0,0.0,0.0
2024-05-09 00:00:00-04:00,505.0876793386549,507.8504586322259,504.4336144152066,507.8113708496094,43643700,0.0,0.0,0.0
2024-05-10 00:00:00-04:00,509.4125016902763,510.2227987029079,507.2452744718461,508.465576171875,52233200,0.0,0.0,0.0
2024-05-13 00:00:00-04:00,510.1445741767588,510.2519464031073,507.391566976992,508.53375244140625,36716400,0.0,0.0,0.0
2024-05-14 00:00:00-04:00,508.72900340853613,511.3844102791641,508.1920827014514,510.8669738769531,57535900,0.0,0.0,0.0
2024-05-15 00:00:00-04:00,513.336889820599,517.4859146210695,512.7023092523975,517.1930541992188,59504900,0.0,0.0,0.0
2024-05-16 00:00:00-04:00,517.290757880065,518.891807952925,515.9825682875961,516.1290283203125,50244800,0.0,0.0,0.0
2024-05-17 00:00:00-04:00,516.2461019816988,516.9392546781255,514.7915121402848,516.8709106445312,59187600,0.0,0.0,0.0
2024-05-20 00:00:00-04:00,516.9880819887991,518.930792527948,516.5975616577482,517.4664306640625,37764200,0.0,0.0,0.0
2024-05-21 00:00:00-04:00,516.7049957755823,518.8917666350982,516.4999636631139,518.7355346679688,33437000,0.0,0.0,0.0
2024-05-22 00:00:00-04:00,518.0424683735625,518.7551054535538,515.0648847480338,517.241943359375,48390000,0.0,0.0,0.0
2024-05-23 00:00:00-04:00,520.2976177568495,520.404990006262,512.253338882305,513.4639282226562,57211200,0.0,0.0,0.0
2024-05-24 00:00:00-04:00,515.3088952889863,517.6714419020187,514.3619699226733,516.8611450195312,41291100,0.0,0.0,0.0
2024-05-28 00:00:00-04:00,517.6715045678355,517.9057929513657,514.5865486245773,517.222412109375,36269600,0.0,0.0,0.0
2024-05-29 00:00:00-04:00,513.1904592530791,514.7817371522767,512.8878268689698,513.6004638671875,45190300,0.0,0.0,0.0
2024-05-30 00:00:00-04:00,512.0581051762924,512.7219421093527,508.9438930493387,510.1934509277344,46377600,0.0,0.0,0.0
2024-05-31 00:00:00-04:00,511.15023176853157,514.9673092079909,506.0444490191236,514.8403930664062,90785800,0.0,0.0,0.0
2024-06-03 00:00:00-04:00,516.4511771729021,516.7342656913833,510.18366530067414,515.2601318359375,46835700,0.0,0.0,0.0
2024-06-04 00:00:00-04:00,513.9519213593795,516.5780123549347,512.4875596797398,515.8360595703125,34632700,0.0,0.0,0.0
2024-06-05 00:00:00-04:00,518.1596742180576,521.9865238759579,516.1681035996744,521.9669799804688,47610400,0.0,0.0,0.0
2024-06-06 00:00:00-04:00,522.2695576901561,522.6991062505612,520.0242145910106,521.9571533203125,30808500,0.0,0.0,0.0
2024-06-07 00:00:00-04:00,520.9808506310355,524.1341502130953,519.8874652579173,521.3225708007812,43224500,0.0,0.0,0.0
2024-06-10 00:00:00-04:00,520.5122296802525,523.2554648254413,519.9167369014993,522.9332885742188,35686100,0.0,0.0,0.0
2024-06-11 00:00:00-04:00,521.3811087600108,524.2512600728273,519.4090826052437,524.1926879882812,36383400,0.0,0.0,0.0
2024-06-12 00:00:00-04:00,528.7615289974312,531.1923600659605,527.4631115100716,528.4979248046875,63251300,0.0,0.0,0.0
2024-06-13 00:00:00-04:00,530.2455146530901,530.4212309464041,526.770097820224,529.5621337890625,44760900,0.0,0.0,0.0
2024-06-14 00:00:00-04:00,528.0293950539849,529.9135335983043,527.0238379218912,529.88427734375,40089900,0.0,0.0,0.0
2024-06-17 00:00:00-04:00,529.2008719569648,535.4976399183048,528.7420075865693,534.1015625,55839500,0.0,0.0,0.0
2024-06-18 00:00:00-04:00,534.16013957423,535.585473259027,533.7403629842298,535.4585571289062,41376400,0.0,0.0,0.0
2024-06-20 00:00:00-04:00,536.385998334327,537.0498352385172,532.2272010481894,534.0039672851562,70328200,0.0,0.0,0.0
2024-06-21 00:00:00-04:00,533.1802452520325,534.404483453128,531.8286814958426,533.2879638671875,64338600,1.759,0.0,0.0
2024-06-24 00:00:00-04:00,533.111823139434,535.6778223121559,531.4370433131713,531.5545654296875,45528700,0.0,0.0,0.0
2024-06-25 00:00:00-04:00,532.7787259572508,533.9638101987721,531.260682360104,533.6014404296875,37936200,0.0,0.0,0.0
2024-06-26 00:00:00-04:00,532.4848968900385,534.9823310545671,531.8385253727439,534.2673950195312,38550600,0.0,0.0,0.0
2024-06-27 00:00:00-04:00,534.1302894973802,535.6875469780335,533.3859430174333,535.1096801757812,35041500,0.0,0.0,0.0
2024-06-28 00:00:00-04:00,535.8833782760337,538.9391321933387,531.7601817698417,533.0039672851562,76144500,0.0,0.0,0.0
2024-07-01 00:00:00-04:00,534.3849539324244,534.6298016081159,531.3390631933655,534.1009521484375,40297800,0.0,0.0,0.0
2024-07-02 00:00:00-04:00,532.4946896868087,537.6952514648438,532.4457321114778,537.6952514648438,40434800,0.0,0.0,0.0
2024-07-03 00:00:00-04:00,537.381917105902,540.457218430894,537.3427629954197,540.0948486328125,32789900,0.0,0.0,0.0
2024-07-05 00:00:00-04:00,540.3983822148235,543.6107523683424,539.7617544001083,543.209228515625,41488400,0.0,0.0,0.0
2024-07-08 00:00:00-04:00,543.9927968223914,544.786100933334,542.7685583933277,543.8361206054688,36110500,0.0,0.0,0.0
2024-07-09 00:00:00-04:00,544.7958024014986,545.6968249789537,544.0710629515506,544.3648681640625,27289700,0.0,0.0,0.0
2024-07-10 00:00:00-04:00,545.5891764995068,550.0943497431794,545.2953712492263,549.7515869140625,38701200,0.0,0.0,0.0
2024-07-11 00:00:00-04:00,549.8690290838814,550.7407010140586,544.3746624818856,545.01123046875,53054200,0.0,0.0,0.0
2024-07-12 00:00:00-04:00,546.1376877405125,552.0531865568831,545.667599292853,548.4490356445312,53084400,0.0,0.0,0.0
2024-07-15 00:00:00-04:00,550.4470318184875,553.1991175344059,548.0964700225896,549.9573364257812,40584300,0.0,0.0,0.0
2024-07-16 00:00:00-04:00,551.2696499606263,553.5124331903285,550.51549997726,553.2186279296875,36475300,0.0,0.0,0.0
2024-07-17 00:00:00-04:00,547.2835053633577,548.9582849622979,545.1386373621594,545.4618530273438,57119000,0.0,0.0,0.0
2024-07-18 00:00:00-04:00,546.9996141599916,547.9888085207633,539.0861190510939,541.2701416015625,56270400,0.0,0.0,0.0
2024-07-19 00:00:00-04:00,541.0349619096787,542.6607838512468,536.6179005483158,537.6756591796875,65509100,0.0,0.0,0.0
2024-07-22 00:00:00-04:00,541.6031583779978,543.8263948114603,539.6639835581032,543.2191772460938,43346700,0.0,0.0,0.0
2024-07-23 00:00:00-04:00,543.1113522241114,545.2660239376293,541.8773700301276,542.3670654296875,34439600,0.0,0.0,0.0
2024-07-24 00:00:00-04:00,537.5483785668235,537.8519873002513,529.1549928867055,530.0756225585938,74515300,0.0,0.0,0.0
2024-07-25 00:00:00-04:00,530.1931317534066,536.177254363603,526.3735438881854,527.313720703125,61158300,0.0,0.0,0.0
2024-07-26 00:00:00-04:00,531.1040247828195,535.9128068838628,530.3302678617441,533.219482421875,53763800,0.0,0.0,0.0
2024-07-29 00:00:00-04:00,534.767000996549,535.7757424689108,531.5349634304656,533.532958984375,39515800,0.0,0.0,0.0
2024-07-30 00:00:00-04:00,535.001925487195,536.0596840862061,527.4214517116767,530.8297119140625,46853600,0.0,0.0,0.0
2024-07-31 00:00:00-04:00,537.6658283608423,542.0926929678205,536.2947173976487,539.4581298828125,65663400,0.0,0.0,0.0
2024-08-01 00:00:00-04:00,541.1819427118934,543.4345294348678,528.3127341764186,531.8189697265625,76428700,0.0,0.0,0.0
2024-08-02 00:00:00-04:00,524.7085981454201,525.9230331199286,517.7059303208597,521.9173583984375,82789100,0.0,0.0,0.0
2024-08-05 00:00:00-04:00,501.0954700551791,512.7893973566776,499.75367969518885,506.7171630859375,146267400,0.0,0.0,0.0
2024-08-06 00:00:00-04:00,508.5192484468351,518.8322619792666,507.1970948142372,511.388916015625,84826300,0.0,0.0,0.0
2024-08-07 00:00:00-04:00,517.5785536304185,520.6343074860769,507.3733196862517,507.9707336425781,70698300,0.0,0.0,0.0
2024-08-08 00:00:00-04:00,513.1124804789883,520.3403875727178,511.08519462973396,519.713623046875,63276600,0.0,0.0,0.0
2024-08-09 00:00:00-04:00,518.8910375919244,523.4941863094633,517.66679909137,522.0054931640625,45619600,0.0,0.0,0.0
2024-08-12 00:00:00-04:00,523.2004149594696,524.6890484241525,520.0075911785743,522.27978515625,42542100,0.0,0.0,0.0
2024-08-13 00:00:00-04:00,525.4724436986064,531.1039393955512,525.2275960596088,530.8688354492188,52333100,0.0,0.0,0.0
2024-08-14 00:00:00-04:00,531.6622256176499,533.728785456597,528.9885080949739,532.543701171875,42446900,0.0,0.0,0.0
2024-08-15 00:00:00-04:00,538.1751988274788,541.9556326474029,537.5679813653051,541.671630859375,60846800,0.0,0.0,0.0
2024-08-16 00:00:00-04:00,540.0556546584454,543.5814973816967,539.8989784334714,542.8861083984375,44430700,0.0,0.0,0.0
2024-08-19 00:00:00-04:00,543.2972906137162,548.0767211914062,542.4452256331724,548.0767211914062,39121800,0.0,0.0,0.0
2024-08-20 00:00:00-04:00,547.6263456901657,549.2815184001456,545.8438474042439,547.1856079101562,33732300,0.0,0.0,0.0
2024-08-21 00:00:00-04:00,548.2335208659752,550.5252615016209,543.2973537542563,549.0659790039062,41514600,0.0,0.0,0.0
2024-08-22 00:00:00-04:00,550.9660777475402,551.5732952522009,543.5422788578662,544.7567138671875,56121500,0.0,0.0,0.0
2024-08-23 00:00:00-04:00,547.9985298599797,551.4851585059275,545.8046443878154,550.544921875,50639400,0.0,0.0,0.0
2024-08-26 00:00:00-04:00,551.5733022984582,552.2882384520825,547.5284135216066,549.2325439453125,35788600,0.0,0.0,0.0
2024-08-27 00:00:00-04:00,547.9592265897197,550.4762675561165,546.8133563476018,549.986572265625,32693900,0.0,0.0,0.0
2024-08-28 00:00:00-04:00,549.6438836929623,550.0748179978751,543.6009999526875,546.7938232421875,41066000,0.0,0.0,0.0
2024-08-29 00:00:00-04:00,548.7624619787401,552.0630042239653,545.6969639633883,546.8428344726562,38715200,0.0,0.0,0.0
2024-08-30 00:00:00-04:00,549.212987410433,552.5722906161151,545.6577940930898,552.06298828125,62700100,0.0,0.0,0.0
2024-09-03 00:00:00-04:00,548.919006824782,549.2520259222431,538.1849243812507,540.7019653320312,60600100,0.0,0.0,0.0
2024-09-04 00:00:00-04:00,538.8607329114091,543.0035361193702,538.1359934145067,539.5952758789062,47224900,0.0,0.0,0.0
2024-09-05 00:00:00-04:00,539.5366078915503,542.3866087950116,535.8246785314534,538.282958984375,44264300,0.0,0.0,0.0
2024-09-06 00:00:00-04:00,538.60608979078,540.231851947678,528.3224880929642,529.2235107421875,68493800,0.0,0.0,0.0
2024-09-09 00:00:00-04:00,533.4251872668898,536.4221205223048,531.4957564364314,535.1488647460938,40445800,0.0,0.0,0.0
2024-09-10 00:00:00-04:00,537.0586665381934,537.8324234437913,532.1813200114981,537.4797973632812,36394600,0.0,0.0,0.0
2024-09-11 00:00:00-04:00,537.3917487162622,543.9144652005341,528.8318826121556,542.9938354492188,75248600,0.0,0.0,0.0
2024-09-12 00:00:00-04:00,543.5716351743016,547.8711746400817,541.3483991843773,547.5675659179688,51819600,0.0,0.0,0.0
2024-09-13 00:00:00-04:00,548.1747207597754,551.4263046450518,547.920069645679,550.4273071289062,39310500,0.0,0.0,0.0
2024-09-16 00:00:00-04:00,550.1628688432331,551.5046291897925,548.3608236054457,551.240234375,36656100,0.0,0.0,0.0
2024-09-17 00:00:00-04:00,553.4536471249235,554.9031859740162,549.2324757022386,551.4655151367188,49321000,0.0,0.0,0.0
2024-09-18 00:00:00-04:00,552.1217580784818,556.969754476821,549.2717571625421,549.8300170898438,59044900,0.0,0.0,0.0
2024-09-19 00:00:00-04:00,559.2419348303403,561.0733907935877,556.3723270388496,559.2125244140625,75315500,0.0,0.0,0.0
2024-09-20 00:00:00-04:00,557.843033129673,559.2871245583524,555.219996107625,558.2457885742188,77503100,1.746,0.0,0.0
2024-09-23 00:00:00-04:00,559.3167220049795,560.2892833331648,558.0985019985221,559.640869140625,44116900,0.0,0.0,0.0
2024-09-24 00:00:00-04:00,560.4365555490466,561.3010677532865,557.6072537825559,561.2421264648438,46805700,0.0,0.0,0.0
2024-09-25 00:00:00-04:00,561.0850037974096,561.8217999280521,558.8942225290759,560.0043334960938,38428600,0.0,0.0,0.0
2024-09-26 00:00:00-04:00,564.2678851150425,564.5920921622151,559.866775948692,562.2244873046875,48336000,0.0,0.0,0.0
2024-09-27 00:00:00-04:00,563.295359810012,564.1107043094071,560.3776161208616,561.4091186523438,42100900,0.0,0.0,0.0
2024-09-30 00:00:00-04:00,560.3775279948936,564.2678323150915,558.0787581388843,563.6587524414062,63557400,0.0,0.0,0.0
2024-10-01 00:00:00-04:00,563.3051282373419,563.9534823374194,556.0353836889657,558.6092529296875,72668800,0.0,0.0,0.0
2024-10-02 00:00:00-04:00,557.715374727311,559.866821742494,555.3183290115846,558.8450927734375,38097800,0.0,0.0,0.0
2024-10-03 00:00:00-04:00,557.3715020969081,559.7685478192003,555.5344286086627,557.8234252929688,40846500,0.0,0.0,0.0
2024-10-04 00:00:00-04:00,562.2736036088263,563.2658318866675,558.0984259775333,562.8925170898438,42939100,0.0,0.0,0.0
2024-10-07 00:00:00-04:00,561.242031051746,561.8904450750028,556.6542649927998,557.8036499023438,49964700,0.0,0.0,0.0
2024-10-08 00:00:00-04:00,560.377637870892,563.67853004462,559.5033520489247,563.0792236328125,37398700,0.0,0.0,0.0
2024-10-09 00:00:00-04:00,563.0694585103981,567.5394034644959,562.4702119863967,566.9794311523438,37912200,0.0,0.0,0.0
2024-10-10 00:00:00-04:00,565.6334738441669,567.4116060358193,564.3759797176003,565.9871215820312,44138100,0.0,0.0,0.0
2024-10-11 00:00:00-04:00,565.9084606662699,570.1131388058892,565.7709110163313,569.3763427734375,42268000,0.0,0.0,0.0
2024-10-14 00:00:00-04:00,570.9874990099419,574.966246072679,570.5061351329805,574.032958984375,36217200,0.0,0.0,0.0
2024-10-15 00:00:00-04:00,574.2981924836022,574.6027324678581,568.3546560789198,569.5728759765625,54203600,0.0,0.0,0.0
2024-10-16 00:00:00-04:00,569.5729286407808,572.5692210133667,568.7673576490918,572.0485229492188,30725400,0.0,0.0,0.0
2024-10-17 00:00:00-04:00,575.5948569414992,575.8011814159861,571.9108767867559,572.0975341796875,34393700,0.0,0.0,0.0
2024-10-18 00:00:00-04:00,573.7873532764656,575.0841216421944,572.3235945792737,574.2982177734375,37416800,0.0,0.0,0.0
2024-10-21 00:00:00-04:00,573.5711395635755,574.5535342943244,570.378356688641,573.3550415039062,36439000,0.0,0.0,0.0
2024-10-22 00:00:00-04:00,570.8204817447413,574.2097557683464,570.1622940232531,573.050537109375,34183800,0.0,0.0,0.0
2024-10-23 00:00:00-04:00,571.0267196890029,571.4688092704015,564.3071139493308,567.8142700195312,49314600,0.0,0.0,0.0
2024-10-24 00:00:00-04:00,569.7693209618997,569.8479293354313,566.4193810527883,569.0423583984375,34979900,0.0,0.0,0.0
2024-10-25 00:00:00-04:00,571.2723713678375,574.1704478252901,567.9027646254573,568.8458251953125,47268200,0.0,0.0,0.0
2024-10-28 00:00:00-04:00,572.3234997428319,572.4512158459117,570.2997691348281,570.6043090820312,30174700,0.0,0.0,0.0
2024-10-29 00:00:00-04:00,569.6415908764491,572.6477165136779,568.2466070737139,571.52783203125,42899700,0.0,0.0,0.0
2024-10-30 00:00:00-04:00,571.0562011429839,573.0504911915006,569.0914117169528,569.7987670898438,41435800,0.0,0.0,0.0
2024-10-31 00:00:00-04:00,565.4270604157058,565.4958352362431,558.4324153285519,558.62890625,60182500,0.0,0.0,0.0
2024-11-01 00:00:00-04:00,561.2617936558026,565.4173043933644,560.5741053167588,560.9866943359375,45667500,0.0,0.0,0.0
2024-11-04 00:00:00-05:00,561.1242574334378,562.4210257711015,557.8922001113365,559.7783813476562,38217000,0.0,0.0,0.0
2024-11-05 00:00:00-05:00,560.6919638738422,566.586332309216,560.4758658123077,566.5470581054688,39478300,0.0,0.0,0.0
2024-11-06 00:00:00-05:00,578.8270705681771,581.5089893813079,575.0841485043231,580.6346435546875,68182000,0.0,0.0,0.0
2024-11-07 00:00:00-05:00,582.6387786486675,586.1459356042433,582.5601702684252,585.1242065429688,47233200,0.0,0.0,0.0
2024-11-08 00:00:00-05:00,585.674234913322,589.0831757216504,585.674234913322,587.65869140625,46444900,0.0,0.0,0.0
2024-11-11 00:00:00-05:00,589.2501914582232,589.6038391769904,586.4896646144927,588.2186889648438,37586800,0.0,0.0,0.0
2024-11-12 00:00:00-05:00,588.1400498376755,588.739296212128,583.9059310932324,586.3914184570312,43006100,0.0,0.0,0.0
2024-11-13 00:00:00-05:00,586.8530323212628,588.6802718086151,584.4854878191263,586.6762084960938,47388600,0.0,0.0,0.0
2024-11-14 00:00:00-05:00,586.8040077565071,587.2853715644612,582.2162413093224,582.9038696289062,38904100,0.0,0.0,0.0
2024-11-15 00:00:00-05:00,579.3378226480269,579.8094129170865,573.5810036102117,575.437744140625,75988800,0.0,0.0,0.0
2024-11-18 00:00:00-05:00,575.8994574754852,579.1119076957027,575.0350052053479,577.7955322265625,37001700,0.0,0.0,0.0
2024-11-19 00:00:00-05:00,574.4161003090796,580.6346163861505,573.7480790226593,579.9076538085938,49412000,0.0,0.0,0.0
2024-11-20 00:00:00-05:00,579.9861823753545,580.3889378159292,574.3374129030207,580.1040649414062,50032600,0.0,0.0,0.0
2024-11-21 00:00:00-05:00,582.9531169226577,584.6428072515256,577.1078556838472,583.2183227539062,46750300,0.0,0.0,0.0
2024-11-22 00:00:00-05:00,583.2084735757152,585.654687007179,582.7075025920674,585.0259399414062,38226400,0.0,0.0,0.0
2024-11-25 00:00:00-05:00,588.9653319760873,590.281707390563,584.7213793724078,587.0103759765625,42441400,0.0,0.0,0.0
2024-11-26 00:00:00-05:00,588.2579731618996,590.7434606979054,587.5408441710033,590.075439453125,45621300,0.0,0.0,0.0
2024-11-27 00:00:00-05:00,589.8887838542881,590.2718722436573,586.7647756879834,588.2874755859375,34000200,0.0,0.0,0.0
2024-11-29 00:00:00-05:00,589.1029417806834,592.7279816211972,588.8279023683997,591.9420776367188,30177400,0.0,0.0,0.0
2024-12-02 00:00:00-05:00,592.354515594293,593.6807844427898,591.8633182342458,593.0029296875,31746000,0.0,0.0,0.0
2024-12-03 00:00:00-05:00,592.7672106157903,593.5236138358292,591.73570807165,593.2780151367188,26906600,0.0,0.0,0.0
2024-12-04 00:00:00-05:00,594.9676840777096,597.2075127280552,594.2996629026728,596.9619140625,42787600,0.0,0.0,0.0
2024-12-05 00:00:00-05:00,596.961947940629,597.7675188046404,595.6259055147337,595.9795532226562,28762200,0.0,0.0,0.0
2024-12-06 00:00:00-05:00,596.7458327264936,598.3471408675985,596.3332437457798,597.1093139648438,31241500,0.0,0.0,0.0
2024-12-09 00:00:00-05:00,596.9914414878755,597.1584317989794,593.445010988573,594.034423828125,34742700,0.0,0.0,0.0
2024-12-10 00:00:00-05:00,594.7123228135097,595.134745373381,591.529373321926,592.1875610351562,37234500,0.0,0.0,0.0
2024-12-11 00:00:00-05:00,595.115147903942,597.7184581352288,594.8400485801485,596.7655639648438,28677700,0.0,0.0,0.0
2024-12-12 00:00:00-05:00,595.9010621562538,596.4708079758578,593.690673828125,593.690673828125,31543800,0.0,0.0,0.0
2024-12-13 00:00:00-05:00,595.7241395523251,596.4412684591986,592.1973163772925,593.5726928710938,35904700,0.0,0.0,0.0
2024-12-16 00:00:00-05:00,595.3312295236393,597.0799209921157,594.5551592425911,596.1072998046875,43695200,0.0,0.0,0.0
2024-12-17 00:00:00-05:00,593.553151685944,594.5158794594372,592.2760503625989,593.6513671875,55773500,0.0,0.0,0.0
2024-12-18 00:00:00-05:00,593.3467745348553,595.7339866328443,575.5752867073982,575.9584350585938,108248700,0.0,0.0,0.0
2024-12-19 00:00:00-05:00,580.9490228826561,582.5601648792804,575.5360174904994,575.7816162109375,85919500,0.0,0.0,0.0
2024-12-20 00:00:00-05:00,573.4513839180992,587.231466902458,572.6036351958548,582.697265625,125716700,1.966,0.0,0.0
2024-12-23 00:00:00-05:00,582.4409930028329,586.7879087972127,579.2571372355378,586.1866455078125,57635800,0.0,0.0,0.0
2024-12-24 00:00:00-05:00,587.5370835235541,592.7416149913781,586.9554933157183,592.7021484375,33160100,0.0,0.0,0.0
2024-12-26 00:00:00-05:00,590.9278604962976,593.8652307760627,589.5281816588665,592.7415771484375,41219100,0.0,0.0,0.0
2024-12-27 00:00:00-05:00,588.9958679237085,589.2324867459512,582.3128451341881,586.5020751953125,64969300,0.0,0.0,0.0
2024-12-30 00:00:00-05:00,579.4838439796579,583.2787692142718,576.0535631828352,579.80908203125,56578800,0.0,0.0,0.0
2024-12-31 00:00:00-05:00,581.4749602926895,582.194563069081,576.0634704063194,577.6997680664062,57052700,0.0,0.0,0.0
2025-01-02 00:00:00-05:00,580.9624149327,582.6775253068124,572.1995172748154,576.2803344726562,50204000,0.0,0.0,0.0
2025-01-03 00:00:00-05:00,579.129057366777,584.1265095290074,578.0447499447286,583.48583984375,37888500,0.0,0.0,0.0
2025-01-06 00:00:00-05:00,587.7441288005318,591.1250770135647,585.1122630331895,586.8471069335938,47679400,0.0,0.0,0.0
2025-01-07 00:00:00-05:00,588.8776099950986,589.2029082453815,578.3897946667151,580.2133178710938,60393100,0.0,0.0,0.0
2025-01-08 00:00:00-05:00,580.282291853868,582.1354148697908,576.8323377526707,581.0609741210938,47304700,0.0,0.0,0.0
2025-01-10 00:00:00-05:00,577.5025797313914,577.5715860296085,570.2773736421228,572.1896362304688,73105000,0.0,0.0,0.0
2025-01-13 00:00:00-05:00,567.5372072518853,573.4316812597856,567.1231694250464,573.0768432617188,47910100,0.0,0.0,0.0
2025-01-14 00:00:00-05:00,576.0042498383493,576.635112947905,570.0801769152397,573.8652954101562,48420600,0.0,0.0,0.0
2025-01-15 00:00:00-05:00,581.8889144514343,585.4472807831376,580.7750674581439,584.3038940429688,56900200,0.0,0.0,0.0
2025-01-16 00:00:00-05:00,585.6740907119066,585.8515097161563,582.4804283105531,583.1802978515625,43319700,0.0,0.0,0.0
2025-01-17 00:00:00-05:00,588.4242094250709,590.7898562052613,587.0934767089387,589.0353393554688,58070600,0.0,0.0,0.0
2025-01-21 00:00:00-05:00,592.081028657774,594.4368685895419,590.1096265717592,594.427001953125,42532900,0.0,0.0,0.0
2025-01-22 00:00:00-05:00,597.2560318658977,599.1288881406504,596.7040416210903,597.7686157226562,48196000,0.0,0.0,0.0
2025-01-23 00:00:00-05:00,597.1377792345874,601.0313110351562,596.8618141810588,601.0313110351562,41152100,0.0,0.0,0.0
2025-01-24 00:00:00-05:00,601.0903888692611,602.0465502262632,598.1234189150732,599.2766723632812,34604700,0.0,0.0,0.0
2025-01-27 00:00:00-05:00,586.3049484329972,591.1151752666312,586.1373960687419,590.7997436523438,70361100,0.0,0.0,0.0
2025-01-28 00:00:00-05:00,592.0318399526346,596.7139205737208,588.7100317776161,595.8760986328125,44433300,0.0,0.0,0.0
2025-01-29 00:00:00-05:00,595.0874355672163,595.491606706695,590.651780644399,593.2047729492188,37177400,0.0,0.0,0.0
2025-01-30 00:00:00-05:00,595.3240968992558,597.9263022497843,592.130374590218,596.3886108398438,39281300,0.0,0.0,0.0
2025-01-31 00:00:00-05:00,598.8134974486875,601.2383441338676,592.4557124803268,593.2147216796875,66566900,0.0,0.0,0.0
2025-02-03 00:00:00-05:00,584.1954227420036,591.7064599079472,582.0466016788057,589.2225341796875,65857200,0.0,0.0,0.0
2025-02-04 00:00:00-05:00,589.2817005882882,593.6877555909119,588.7395770202528,593.1752319335938,33457800,0.0,0.0,0.0
2025-02-05 00:00:00-05:00,592.0516161255263,595.7282625539741,590.0210739471236,595.5803833007812,30653100,0.0,0.0,0.0
2025-02-06 00:00:00-05:00,597.3250923662002,597.7785366008171,594.0131505968404,597.650390625,35771500,0.0,0.0,0.0
2025-02-07 00:00:00-05:00,598.2122352633725,599.4344951653416,591.4700123634921,592.1797485351562,50788500,0.0,0.0,0.0
2025-02-10 00:00:00-05:00,595.3931329282537,596.8420848342793,594.1215398587573,596.2013549804688,26048700,0.0,0.0,0.0
2025-02-11 00:00:00-05:00,593.93424024475,597.1969087784863,593.8159609148958,596.65478515625,30056700,0.0,0.0,0.0
2025-02-12 00:00:00-05:00,590.6321754646003,595.9056528588447,589.9520392250456,594.732666015625,45076100,0.0,0.0,0.0
2025-02-13 00:00:00-05:00,595.8366046698266,601.2185545419917,594.5749384975967,601.0115356445312,40921300,0.0,0.0,0.0
2025-02-14 00:00:00-05:00,601.2185532755497,602.2535274358258,600.360998100256,600.9819946289062,26910400,0.0,0.0,0.0
2025-02-18 00:00:00-05:00,602.145135650955,602.7463989257812,599.6808827255115,602.7463989257812,26749000,0.0,0.0,0.0
2025-02-19 00:00:00-05:00,601.3566689008733,604.4615919136522,600.8440849703791,604.1658935546875,31011100,0.0,0.0,0.0
2025-02-20 00:00:00-05:00,602.7956695963146,602.9336821985821,598.3403412349714,601.6522827148438,36554000,0.0,0.0,0.0
2025-02-21 00:00:00-05:00,601.4354715890964,601.5734842084402,590.8983224108222,591.3616333007812,76519800,0.0,0.0,0.0
2025-02-24 00:00:00-05:00,593.4118132885562,594.4073810554311,587.9608571639533,588.6705932617188,50737200,0.0,0.0,0.0
2025-02-25 00:00:00-05:00,588.6115273648803,589.3409366661995,581.1300283822392,585.7431030273438,58266500,0.0,0.0,0.0
2025-02-26 00:00:00-05:00,587.4088352242034,591.006668217937,583.3970246238699,586.0386962890625,43321600,0.0,0.0,0.0
2025-02-27 00:00:00-05:00,588.3156475632774,589.468961108592,576.2901428845248,576.6843872070312,74196700,0.0,0.0,0.0
2025-02-28 00:00:00-05:00,577.1872801710356,586.2162780666828,574.1118967716493,585.6840209960938,88744100,0.0,0.0,0.0
2025-03-03 00:00:00-05:00,587.6553155599406,588.798762606637,571.6081318173137,575.4227905273438,74249200,0.0,0.0,0.0
2025-03-04 00:00:00-05:00,571.4208567458912,577.0196322682823,564.0675042327628,568.611572265625,109648200,0.0,0.0,0.0
2025-03-05 00:00:00-05:00,568.4439889843314,576.5168836727693,564.8856223320056,574.722900390625,71230500,0.0,0.0,0.0
2025-03-06 00:00:00-05:00,567.2512863712917,571.8742272350298,561.9679425734266,564.5209350585938,80094900,0.0,0.0,0.0
2025-03-07 00:00:00-05:00,562.7367581223248,569.1339483632712,557.5420942942741,567.6849365234375,81158800,0.0,0.0,0.0
2025-03-10 00:00:00-04:00,559.4742288830657,561.396298293426,547.6458132504099,552.564453125,99326600,0.0,0.0,0.0
2025-03-11 00:00:00-04:00,551.4011666406667,555.9551004739012,544.1266884057775,547.9708862304688,88102100,0.0,0.0,0.0
2025-03-12 00:00:00-04:00,554.1316472627199,555.0582088315019,545.7729200294035,550.8788452148438,69588200,0.0,0.0,0.0
2025-03-13 00:00:00-04:00,550.5042540653316,551.1153839968962,541.8202288918889,543.5353393554688,74079400,0.0,0.0,0.0
2025-03-14 00:00:00-04:00,548.1583018697701,555.7679467233177,543.604366956188,554.7625122070312,62660300,0.0,0.0,0.0
2025-03-17 00:00:00-04:00,554.742702735982,561.5637976935186,554.3089918436672,559.0404052734375,49008700,0.0,0.0,0.0
2025-03-18 00:00:00-04:00,556.7239657249663,556.9408512500528,551.0660510727529,552.998046875,66041400,0.0,0.0,0.0
2025-03-19 00:00:00-04:00,554.7821880592443,562.7860764826731,553.5993346617712,559.0206909179688,66556000,0.0,0.0,0.0
2025-03-20 00:00:00-04:00,555.2750866351008,562.4115538615378,554.5554838320709,557.4041748046875,62958200,0.0,0.0,0.0
2025-03-21 00:00:00-04:00,552.9413292589383,558.4877328401925,551.7054963570508,557.5880126953125,83763000,1.696,0.0,0.0
2025-03-24 00:00:00-04:00,564.3307537296456,568.6314886589248,563.7375780431137,567.5736083984375,58766800,0.0,0.0,0.0
2025-03-25 00:00:00-04:00,568.7797068467552,569.8771119506348,567.1879685958952,568.9379272460938,38355700,0.0,0.0,0.0
2025-03-26 00:00:00-04:00,568.6710483477373,569.7981425644431,560.7617168790538,562.1458740234375,51848300,0.0,0.0,0.0
2025-03-27 00:00:00-04:00,560.7518576492508,564.4297284040252,558.537254346486,560.6530151367188,42164200,0.0,0.0,0.0
2025-03-28 00:00:00-04:00,559.120558969836,559.8521624781242,548.7790863172526,549.3623657226562,71662700,0.0,0.0,0.0
2025-03-31 00:00:00-04:00,543.5984615291653,554.3551567474991,540.6719872727307,553.0501098632812,95328200,0.0,0.0,0.0
2025-04-01 00:00:00-04:00,551.1321177898429,556.5598868781194,547.4048260096515,554.6121826171875,54609600,0.0,0.0,0.0
2025-04-02 00:00:00-04:00,548.7592465118332,560.9890444564371,548.52197624234,558.1219482421875,76014500,0.0,0.0,0.0
2025-04-03 00:00:00-04:00,538.931968079745,541.759539717793,530.6173095703125,530.6173095703125,125986000,0.0,0.0,0.0
2025-04-04 00:00:00-04:00,517.7349036725598,519.9099817661254,499.3358369172059,499.5533447265625,217965100,0.0,0.0,0.0
2025-04-07 00:00:00-04:00,483.6457288710085,517.2405945444942,476.3394695378794,498.66357421875,256611400,0.0,0.0,0.0
2025-04-08 00:00:00-04:00,515.9454154101668,519.0300496454024,483.61604333672847,490.85308837890625,165816600,0.0,0.0,0.0
2025-04-09 00:00:00-04:00,487.84755542038147,542.4021606445312,487.46196103833506,542.4021606445312,241867300,0.0,0.0,0.0
2025-04-10 00:00:00-04:00,526.1385259148457,527.4534689848499,503.5475251856576,518.6345825195312,162331200,0.0,0.0,0.0
2025-04-11 00:00:00-04:00,517.0823733080597,530.3502582115377,514.1756919605745,527.8884887695312,97866300,0.0,0.0,0.0
2025-04-14 00:00:00-04:00,537.8839447885014,538.111379094838,527.8094317224818,533.0098266601562,68034000,0.0,0.0,0.0
2025-04-15 00:00:00-04:00,533.5535570239268,537.0732068479572,530.7259857198238,531.5169067382812,56892900,0.0,0.0,0.0
2025-04-16 00:00:00-04:00,525.6541223320015,531.7937621429162,514.3931980244283,519.7023315429688,83484800,0.0,0.0,0.0
2025-04-17 00:00:00-04:00,521.6599483491107,525.1499093262158,517.9721816819745,520.44384765625,79868100,0.0,0.0,0.0
2025-04-21 00:00:00-04:00,515.2533684112545,515.7872869014791,502.6973228946177,508.055908203125,69368100,0.0,0.0,0.0
2025-04-22 00:00:00-04:00,514.2449494916972,523.3011070538847,513.305704354498,521.2743530273438,75948100,0.0,0.0,0.0
2025-04-23 00:00:00-04:00,534.3049123051696,539.2482437222484,527.8291602174767,529.3516845703125,90590700,0.0,0.0,0.0
2025-04-24 00:00:00-04:00,530.6370434198044,541.2256831290485,529.3814780255258,540.4940795898438,64150400,0.0,0.0,0.0
2025-04-25 00:00:00-04:00,540.4544620384363,544.8045575926888,537.5279880397045,544.3992309570312,61119600,0.0,0.0,0.0
2025-04-28 00:00:00-04:00,545.1407910444296,547.2762839575454,538.8429907853031,544.6068725585938,47613800,0.0,0.0,0.0
2025-04-29 00:00:00-04:00,542.6888178923871,549.1547344204944,542.3329124899421,548.0375366210938,47775100,0.0,0.0,0.0
2025-04-30 00:00:00-04:00,541.3640295279456,550.2126052496137,535.382610300473,548.2550048828125,93101500,0.0,0.0,0.0
2025-05-01 00:00:00-04:00,554.0189320097116,557.6770094036193,551.5373699314374,552.1404418945312,63186100,0.0,0.0,0.0
2025-05-02 00:00:00-04:00,558.3295262045715,561.9381825044319,556.006184429092,560.3365478515625,60717300,0.0,0.0,0.0
2025-05-05 00:00:00-04:00,556.194064255589,560.2278400664005,555.3339293144951,557.1234130859375,38659200,0.0,0.0,0.0
2025-05-06 00:00:00-04:00,551.6066009560054,556.9651555946843,550.6476235760448,552.4667358398438,48264700,0.0,0.0,0.0
2025-05-07 00:00:00-04:00,553.8014947566288,557.4298834610689,549.738030089525,554.7901611328125,55588000,0.0,0.0,0.0
2025-05-08 00:00:00-04:00,558.8337754612519,563.8463212534109,555.333918196641,558.6558227539062,65130800,0.0,0.0,0.0
2025-05-09 00:00:00-04:00,560.0597310271954,561.0681900796083,556.3819209310694,557.9440307617188,37603400,0.0,0.0,0.0
2025-05-12 00:00:00-04:00,574.8798371188,576.3925257137258,570.5000520977247,576.3826293945312,78993600,0.0,0.0,0.0
2025-05-13 00:00:00-04:00,576.7977862928067,582.403567726764,576.2342995973956,580.18896484375,67947200,0.0,0.0,0.0
2025-05-14 00:00:00-04:00,581.1479585868793,582.3046813078995,578.9036666864055,580.9304809570312,66283500,0.0,0.0,0.0
2025-05-15 00:00:00-04:00,578.9234551699535,584.2721134769878,578.4686469334371,583.7679443359375,71268100,0.0,0.0,0.0
2025-05-16 00:00:00-04:00,584.5489982766968,587.7621640177526,582.6013544692614,587.465576171875,76052100,0.0,0.0,0.0
2025-05-19 00:00:00-04:00,581.4346564328234,588.7903364922698,581.4346564328234,588.108154296875,68168500,0.0,0.0,0.0
2025-05-20 00:00:00-04:00,586.3681900028125,587.3172711404261,582.9176935296509,586.130859375,60614500,0.0,0.0,0.0
2025-05-21 00:00:00-04:00,581.7708648204313,585.8639582409971,575.2258980125081,576.2540893554688,95197700,0.0,0.0,0.0
2025-05-22 00:00:00-04:00,576.0563267018498,579.971467292194,574.8204937262445,576.4815063476562,70860400,0.0,0.0,0.0
2025-05-23 00:00:00-04:00,569.4519785383726,575.215919785119,569.0762805285291,572.5465087890625,76029000,0.0,0.0,0.0
2025-05-27 00:00:00-04:00,579.4277528567243,584.6083553931982,571.8743267058999,584.4501953125,72588500,0.0,0.0,0.0
2025-05-28 00:00:00-04:00,584.8554566278126,586.0517646206928,580.3372442209068,581.06884765625,68445500,0.0,0.0,0.0
2025-05-29 00:00:00-04:00,586.3384441000501,586.4768718669775,579.4276761926377,583.362548828125,69973300,0.0,0.0,0.0
2025-05-30 00:00:00-04:00,582.2552747565533,584.430352826958,576.6297607292682,582.7100830078125,90601200,0.0,0.0,0.0
2025-06-02 00:00:00-04:00,581.0986423772898,586.0716035851324,578.4292307095351,585.9925537109375,61630500,0.0,0.0,0.0
2025-06-03 00:00:00-04:00,585.6266079138771,590.3128764026674,585.1421107506463,589.3341064453125,63606200,0.0,0.0,0.0
2025-06-04 00:00:00-04:00,590.1943197189499,591.1730898063917,588.7409487228937,589.1759643554688,57314200,0.0,0.0,0.0
2025-06-05 00:00:00-04:00,590.8566609128592,592.2111289512687,584.3512195951713,586.3285522460938,92278700,0.0,0.0,0.0
2025-06-06 00:00:00-04:00,591.8749474768216,594.0203968199735,590.0953601848463,592.3495483398438,66588700,0.0,0.0,0.0
2025-06-09 00:00:00-04:00,592.9229477814916,594.4356362447949,591.7069074945726,592.8834228515625,53016400,0.0,0.0,0.0
2025-06-10 00:00:00-04:00,593.4173023897237,596.6304681071312,592.3001649023746,596.2449340820312,66247000,0.0,0.0,0.0
2025-06-11 00:00:00-04:00,597.3423151819753,598.2024500657004,592.4780937113569,594.5443725585938,73658200,0.0,0.0,0.0
2025-06-12 00:00:00-04:00,593.2096852350186,596.9072875976562,592.7252483956809,596.9072875976562,64129000,0.0,0.0,0.0
2025-06-13 00:00:00-04:00,591.7168252456129,595.0288334634262,588.731033484191,590.2338256835938,89506000,0.0,0.0,0.0
2025-06-16 00:00:00-04:00,593.5953591830877,597.599446226556,593.4173461203459,595.8494873046875,79984100,0.0,0.0,0.0
2025-06-17 00:00:00-04:00,593.4074922933922,594.9300168530282,589.9965810836336,590.7578735351562,82209400,0.0,0.0,0.0
2025-06-18 00:00:00-04:00,591.6575507239553,594.4060120669617,589.7098464455568,590.6688842773438,76605000,0.0,0.0,0.0
2025-06-20 00:00:00-04:00,593.3471688844512,594.4181022000307,587.8735769623825,589.2816772460938,94051400,1.761,0.0,0.0
2025-06-23 00:00:00-04:00,590.0351674928282,595.4889076465048,586.9116980815279,595.1022338867188,87426000,0.0,0.0,0.0
2025-06-24 00:00:00-04:00,599.2470472798032,602.737399696003,598.3347417480489,601.6764526367188,67735300,0.0,0.0,0.0
2025-06-25 00:00:00-04:00,602.7969444947229,603.4910690166892,600.4468830082857,602.0136108398438,62114800,0.0,0.0,0.0
2025-06-26 00:00:00-04:00,603.8678512919777,607.1599344481853,603.2530708764845,606.7236328125,78548400,0.0,0.0,0.0
2025-06-27 00:00:00-04:00,607.7251426738447,611.2056301568862,605.6923970890058,609.738037109375,86258400,0.0,0.0,0.0
2025-06-30 00:00:00-04:00,612.1873024714439,614.0117925800773,609.8669572755672,612.6533203125,92502500,0.0,0.0,0.0
2025-07-01 00:00:00-04:00,611.1758893553448,613.625146088841,610.3429883405835,612.455078125,70030100,0.0,0.0,0.0
2025-07-02 00:00:00-04:00,612.0485440759944,615.2712091652924,611.4238380015553,615.2315673828125,66510400,0.0,0.0,0.0
2025-07-03 00:00:00-04:00,617.2147368961759,621.0125406459644,617.1948857443227,620.0804443359375,51065800,0.0,0.0,0.0
2025-07-07 00:00:00-04:00,618.1169239973963,618.7813322240264,612.6731098992973,615.45947265625,74814500,0.0,0.0,0.0
2025-07-08 00:00:00-04:00,616.1238907210633,616.8775081543645,614.3093261623386,615.1224365234375,59024600,0.0,0.0,0.0
2025-07-09 00:00:00-04:00,617.5319680301938,619.4655183729625,615.6875662931247,618.8110961914062,66113300,0.0,0.0,0.0
2025-07-10 00:00:00-04:00,618.9499049744066,621.5974308254256,617.7699115690501,620.5562744140625,57529000,0.0,0.0,0.0
2025-07-11 00:00:00-04:00,617.5022745554412,619.6044389056334,616.3024903072059,618.3748779296875,63670200,0.0,0.0,0.0
2025-07-14 00:00:00-04:00,617.9186632768227,619.9018415613931,616.5701165685465,619.5548095703125,51898500,0.0,0.0,0.0
2025-07-15 00:00:00-04:00,622.2420420602726,622.5791484786782,616.8279435196437,616.9072875976562,74317300,0.0,0.0,0.0
2025-07-16 00:00:00-04:00,618.4937831556223,619.4754466932056,612.8516386863737,618.9697265625,88987500,0.0,0.0,0.0
2025-07-17 00:00:00-04:00,619.1482908768893,623.1146474859103,618.9301097920578,622.7576293945312,68885700,0.0,0.0,0.0
2025-07-18 00:00:00-04:00,624.007017899032,624.175571102461,621.1909387049365,622.301513671875,65621600,0.0,0.0,0.0
2025-07-21 00:00:00-04:00,623.4815063476562,626.2281670376054,623.0551302914085,623.4815063476562,63375000,0.0,0.0,0.0
2025-07-22 00:00:00-04:00,623.8087114591411,624.4334174667899,620.9232136557434,623.5707397460938,60046300,0.0,0.0,0.0
2025-07-23 00:00:00-04:00,626.238071576001,628.875732421875,624.4333721871909,628.875732421875,70511000,0.0,0.0,0.0
2025-07-24 00:00:00-04:00,629.2624631630094,630.7994747941685,628.6576082944551,629.083984375,71307100,0.0,0.0,0.0
2025-07-25 00:00:00-04:00,629.7484116245431,632.2174590489252,629.5005143245561,631.741455078125,56865400,0.0,0.0,0.0
2025-07-28 00:00:00-04:00,632.1182610848412,632.6735486135409,630.1945756243812,631.5828247070312,54917100,0.0,0.0,0.0
2025-07-29 00:00:00-04:00,632.9809077241022,633.2982235137306,629.0046860832861,629.9169311523438,60556300,0.0,0.0,0.0
2025-07-30 00:00:00-04:00,630.5713386132512,632.3165451544952,626.2281734095909,629.1236572265625,80418900,0.0,0.0,0.0
2025-07-31 00:00:00-04:00,634.0816044685715,634.4682782312485,625.4646925404661,626.763671875,103385200,0.0,0.0,0.0
2025-08-01 00:00:00-04:00,621.032217506902,621.0719198033348,614.0811684978922,616.49072265625,140103600,0.0,0.0,0.0
2025-08-04 00:00:00-04:00,620.407587614692,625.9108954798245,620.3183784803682,625.861328125,73218000,0.0,0.0,0.0
2025-08-05 00:00:00-04:00,626.476110377079,627.2892207726588,621.7660617410078,622.688232421875,68051400,0.0,0.0,0.0
2025-08-06 00:00:00-04:00,623.7590952688204,628.1121858315174,622.8468502662965,627.457763671875,64357500,0.0,0.0,0.0
2025-08-07 00:00:00-04:00,630.8886820702932,631.62244837055,623.8186464662513,626.9322509765625,74205800,0.0,0.0,0.0
2025-08-08 00:00:00-04:00,628.7269865749256,632.2868180975779,628.4096707981653,631.8207397460938,64051600,0.0,0.0,0.0
2025-08-11 00:00:00-04:00,632.0984361099556,633.5758942477272,629.3219380955197,630.5713500976562,58742300,0.0,0.0,0.0
2025-08-12 00:00:00-04:00,632.9214074238032,637.4430514601922,631.4340237207567,637.284423828125,64730800,0.0,0.0,0.0
2025-08-13 00:00:00-04:00,639.4857330110176,640.7549961752953,637.2745085703324,639.4659423828125,60092800,0.0,0.0,0.0
2025-08-14 00:00:00-04:00,637.3835243153912,640.1897383639256,636.9373576458678,639.525390625,59327500,0.0,0.0,0.0
2025-08-15 00:00:00-04:00,640.5566162061228,640.6558114265956,637.1158311699311,638.028076171875,68592500,0.0,0.0,0.0
2025-08-18 00:00:00-04:00,637.4530415771111,638.5834678311134,636.778768159409,637.8893432617188,43804900,0.0,0.0,0.0
2025-08-19 00:00:00-04:00,637.7108075589789,638.6924711313014,633.1098193903536,634.4286499023438,69750700,0.0,0.0,0.0
2025-08-20 00:00:00-04:00,634.0221086228163,634.2798709561484,627.6263466835007,632.742919921875,88890300,0.0,0.0,0.0
2025-08-21 00:00:00-04:00,630.928430107967,632.6041578211218,628.4791732160404,630.2045288085938,54805800,0.0,0.0,0.0
2025-08-22 00:00:00-04:00,632.3959596753498,641.0624398986112,631.8902394824283,639.8824462890625,84083200,0.0,0.0,0.0
2025-08-25 00:00:00-04:00,638.6230864860744,639.8625729858918,636.9472983174492,637.0662841796875,51274300,0.0,0.0,0.0
2025-08-26 00:00:00-04:00,636.7985773675441,640.0807351008626,636.1738713484165,639.733642578125,51581600,0.0,0.0,0.0
2025-08-27 00:00:00-04:00,639.148612992103,641.9250504526357,638.9998504138363,641.1912841796875,48341100,0.0,0.0,0.0
2025-08-28 00:00:00-04:00,641.7961126896905,644.0172625669782,639.9121297324674,643.4619750976562,61519500,0.0,0.0,0.0
2025-08-29 00:00:00-04:00,642.0242015644989,642.3911452321481,637.7306640961879,639.6245727539062,74522200,0.0,0.0,0.0
2025-09-02 00:00:00-04:00,632.138105251538,635.1029472303277,629.5797882088864,634.8848266601562,81983500,0.0,0.0,0.0
2025-09-03 00:00:00-04:00,637.2645539172183,638.7916398746721,635.0731807265284,638.3255615234375,70820900,0.0,0.0,0.0
2025-09-04 00:00:00-04:00,638.9998582812316,643.6901160802078,638.0975387911232,643.6603393554688,65219200,0.0,0.0,0.0
2025-09-05 00:00:00-04:00,646.0004708304714,646.7243720544352,637.9190556866993,641.796142578125,85178900,0.0,0.0,0.0
2025-09-08 00:00:00-04:00,643.1645472258064,644.3743174556171,641.7862237872296,643.372802734375,63133100,0.0,0.0,0.0
2025-09-09 00:00:00-04:00,643.5115612591451,645.3856792185645,641.7762803015634,644.8601684570312,66133900,0.0,0.0,0.0
2025-09-10 00:00:00-04:00,648.1224181044277,649.0445886413597,645.157576582919,646.7243041992188,78034500,0.0,0.0,0.0
2025-09-11 00:00:00-04:00,648.6778210448584,652.7929404681626,648.092817304151,652.0988159179688,69934400,0.0,0.0,0.0
2025-09-12 00:00:00-04:00,652.0689585463732,653.5662677492645,651.3748946038203,651.8805541992188,72780100,0.0,0.0,0.0
2025-09-15 00:00:00-04:00,654.0918582328915,655.4800466805781,653.7943936028013,655.3511352539062,63772400,0.0,0.0,0.0
2025-09-16 00:00:00-04:00,655.9064595692537,656.213910313041,653.6655188822047,654.4488525390625,61169000,0.0,0.0,0.0
2025-09-17 00:00:00-04:00,654.4587781451693,656.1543568928759,648.7967821934204,653.6357421875,101952200,0.0,0.0,0.0
2025-09-18 00:00:00-04:00,656.3228752027601,659.2976422819312,654.716505821751,656.6897583007812,90459200,0.0,0.0,0.0
2025-09-19 00:00:00-04:00,658.5800832029405,660.7874850308027,656.6311583459587,659.9423217773438,97945600,1.831,0.0,0.0
2025-09-22 00:00:00-04:00,658.4507703315647,663.5119177999496,658.4209110544651,663.0645141601562,69452200,0.0,0.0,0.0
2025-09-23 00:00:00-04:00,662.9452156846509,663.5617612775759,658.2320617574377,659.4551391601562,81708900,0.0,0.0,0.0
2025-09-24 00:00:00-04:00,660.7477220570149,660.8471316064555,655.9350982101993,657.3569946289062,68082200,0.0,0.0,0.0
2025-09-25 00:00:00-04:00,654.2149171420698,655.6765652531099,650.7048739536411,654.3242797851562,89622100,0.0,0.0,0.0
2025-09-26 00:00:00-04:00,655.7760789419195,658.619871988132,654.1553026157394,658.072998046875,69179200,0.0,0.0,0.0
2025-09-29 00:00:00-04:00,660.5985670660314,661.5134019828115,658.112721358766,659.9224243164062,73499000,0.0,0.0,0.0
2025-09-30 00:00:00-04:00,659.1766647693167,662.8756347075731,657.8641309647478,662.4082641601562,86288000,0.0,0.0,0.0
2025-10-01 00:00:00-04:00,659.4153308150761,665.5802405756418,659.3059681646932,664.6654663085938,72545400,0.0,0.0,0.0
2025-10-02 00:00:00-04:00,666.6540464714482,666.7733621981591,663.004842335434,665.4309692382812,56896000,0.0,0.0,0.0
2025-10-03 00:00:00-04:00,666.1966948783695,668.8714672806448,664.377038831869,665.421142578125,70494400,0.0,0.0,0.0
2025-10-06 00:00:00-04:00,667.8174482099862,668.7024238148077,665.669704301124,667.8074951171875,54623300,0.0,0.0,0.0
2025-10-07 00:00:00-04:00,668.7322238208072,669.1796881705657,663.8898014056139,665.3316040039062,72020100,0.0,0.0,0.0
2025-10-08 00:00:00-04:00,666.4552183740389,669.398481470165,665.6299006256374,669.2990112304688,60702200,0.0,0.0,0.0
2025-10-09 00:00:00-04:00,669.7166839203261,670.1243359074817,665.4211353124821,667.3600463867188,66501900,0.0,0.0,0.0
2025-10-10 00:00:00-04:00,668.324542434099,670.1342452495495,649.14378031214,649.32275390625,159422600,0.0,0.0,0.0
2025-10-13 00:00:00-04:00,656.9095884512618,661.3642043859337,656.0345659370097,659.2860107421875,79560500,0.0,0.0,0.0
2025-10-14 00:00:00-04:00,653.4492417720955,662.0602448848334,649.4718888267987,658.4805908203125,88779600,0.0,0.0,0.0
2025-10-15 00:00:00-04:00,663.0446741742268,666.4353410824248,655.1993304017814,661.4039916992188,81702600,0.0,0.0,0.0
2025-10-16 00:00:00-04:00,663.0446615126489,664.9239754340409,653.3896149312258,656.899658203125,110563300,0.0,0.0,0.0
2025-10-17 00:00:00-04:00,655.7660892614911,661.9906565438909,654.4138037793879,660.62841796875,96500900,0.0,0.0,0.0
2025-10-20 00:00:00-04:00,663.5418206897375,668.4041493887289,663.4921159142255,667.499267578125,60493400,0.0,0.0,0.0
2025-10-21 00:00:00-04:00,667.6384328159621,669.1796448635298,666.1866772188026,667.4892578125,56249000,0.0,0.0,0.0
2025-10-22 00:00:00-04:00,668.1953369980629,668.1953369980629,659.5445816579371,664.0191040039062,80564000,0.0,0.0,0.0
2025-10-23 00:00:00-04:00,664.3372592841532,668.9012985038863,664.019063764971,667.9566650390625,65604500,0.0,0.0,0.0
2025-10-24 00:00:00-04:00,672.6300829996666,674.628651928334,671.8246714345047,673.4155883789062,74356500,0.0,0.0,0.0
2025-10-27 00:00:00-04:00,678.8645527756448,681.658640907831,678.2580209918731,681.3603515625,63339800,0.0,0.0,0.0
2025-10-28 00:00:00-04:00,683.1600908523567,685.0095454543999,680.9526890414517,683.1700439453125,61738100,0.0,0.0,0.0
2025-10-29 00:00:00-04:00,684.8205950917289,685.795087823854,679.0037407351697,683.4981689453125,85657100,0.0,0.0,0.0
2025-10-30 00:00:00-04:00,680.0279207971732,682.0563488815194,675.98095703125,675.98095703125,76335800,0.0,0.0,0.0
2025-10-31 00:00:00-04:00,681.1614729090464,681.2012852815519,675.3943230278239,678.1983642578125,87164100,0.0,0.0,0.0
2025-11-03 00:00:00-05:00,681.7878948104295,681.9171636388411,676.0903560257897,679.4711303710938,57315000,0.0,0.0,0.0
2025-11-04 00:00:00-05:00,672.2820616639051,676.1103005794487,670.7607556049009,671.4169921875,78427000,0.0,0.0,0.0
2025-11-05 00:00:00-05:00,671.1583975728993,677.0051112074705,670.3529860359731,673.7437133789062,74402400,0.0,0.0,0.0
2025-11-06 00:00:00-05:00,672.6399897028363,673.5448715272548,664.9338680034818,666.514892578125,85035300,0.0,0.0,0.0
2025-11-07 00:00:00-05:00,664.1284090392404,667.2805048704689,657.4663915648358,667.1710815429688,100592400,0.0,0.0,0.0
2025-11-10 00:00:00-05:00,673.4056760856186,678.317709828293,671.2082272333661,677.5819091796875,75842900,0.0,0.0,0.0
2025-11-11 00:00:00-05:00,676.1002762110339,679.6997756663966,674.8871520395073,679.1329956054688,58953400,0.0,0.0,0.0
2025-11-12 00:00:00-05:00,680.9128544582501,681.081935653801,677.0946296424269,679.5108642578125,62312500,0.0,0.0,0.0
2025-11-13 00:00:00-05:00,676.6471697129602,677.0051169124795,666.723693536663,668.2350463867188,103457800,0.0,0.0,0.0
2025-11-14 00:00:00-05:00,661.6128286383953,671.8345948923219,659.5147893727298,668.125732421875,96846700,0.0,0.0,0.0
2025-11-17 00:00:00-05:00,665.9083353081996,669.8956413839408,658.4209391867944,661.901123046875,90456100,0.0,0.0,0.0
2025-11-18 00:00:00-05:00,658.351356546523,661.3542775984923,652.1466953365565,656.3428344726562,114467500,0.0,0.0,0.0
2025-11-19 00:00:00-05:00,657.0389163187169,663.561773390439,655.020380360944,658.87841796875,94703000,0.0,0.0,0.0
2025-11-20 00:00:00-05:00,669.1001291109939,671.7351497651099,648.1991802397498,648.8355712890625,165293500,0.0,0.0,0.0
2025-11-21 00:00:00-05:00,651.3412595795126,660.7874729698119,647.1650267848305,655.2987670898438,123956200,0.0,0.0,0.0
2025-11-24 00:00:00-05:00,658.9380055466532,666.2662734630499,657.8442577670318,664.9437866210938,80437900,0.0,0.0,0.0
2025-11-25 00:00:00-05:00,664.8443455838128,672.3814460202411,660.7178178396566,671.1981811523438,81077100,0.0,0.0,0.0
2025-11-26 00:00:00-05:00,673.7934667684052,677.8404309302599,672.8885849296569,675.8318481445312,71879600,0.0,0.0,0.0
2025-11-28 00:00:00-05:00,677.0051081523229,679.7991961322198,676.6471609574353,679.5208129882812,49212000,0.0,0.0,0.0
2025-12-01 00:00:00-05:00,674.9667623359846,679.1230890446475,674.8971513739515,676.4185180664062,61201200,0.0,0.0,0.0
2025-12-02 00:00:00-05:00,678.0591325179204,679.9483994968172,675.4838303983408,677.67138671875,62953800,0.0,0.0,0.0
2025-12-03 00:00:00-05:00,676.7167950740063,681.0321891246488,675.8417725523884,680.0180053710938,57238500,0.0,0.0,0.0
2025-12-04 00:00:00-05:00,681.4199577792665,681.4895687361658,677.4824173401821,680.51513671875,61970300,0.0,0.0,0.0
2025-12-05 00:00:00-05:00,681.5890143183475,684.4925257185774,680.7040993957534,681.8078002929688,79241000,0.0,0.0,0.0
2025-12-08 00:00:00-05:00,682.7027235077143,682.7524282821314,677.7111260885928,679.7594604492188,55231500,0.0,0.0,0.0
2025-12-09 00:00:00-05:00,679.2821528162136,681.5094606319436,678.7253258622812,679.1727294921875,58310100,0.0,0.0,0.0
2025-12-10 00:00:00-05:00,678.6955405173951,685.0692222502689,677.4526176554032,683.6771850585938,85671300,0.0,0.0,0.0
2025-12-11 00:00:00-05:00,681.2609148661827,685.3476304583654,678.3076987410943,685.26806640625,86173700,0.0,0.0,0.0
2025-12-12 00:00:00-05:00,684.2737056052856,684.9797075791527,675.3246617594549,677.9000244140625,113160300,0.0,0.0,0.0
2025-12-15 00:00:00-05:00,681.8574988128718,681.8774049984522,675.4042533093998,676.8758544921875,90811000,0.0,0.0,0.0
2025-12-16 00:00:00-05:00,675.3843754405706,677.2239376857725,671.1584377196804,675.0264282226562,122030600,0.0,0.0,0.0
2025-12-17 00:00:00-05:00,676.0406154817738,676.5874893555698,667.3998140691156,667.5986938476562,110625200,0.0,0.0,0.0
2025-12-18 00:00:00-05:00,673.7635606688432,676.8857972779194,671.0788959983324,672.6399536132812,108650100,0.0,0.0,0.0
2025-12-19 00:00:00-05:00,674.747283458469,679.2350273728672,674.6275542880097,678.7363891601562,103599500,1.993,0.0,0.0
2025-12-22 00:00:00-05:00,682.0772531068674,683.4933686131409,678.7364013691785,682.96484375,69556700,0.0,0.0,0.0
2025-12-23 00:00:00-05:00,682.0572680421344,686.325640311278,682.0074163952171,686.0863037109375,64840000,0.0,0.0,0.0
2025-12-24 00:00:00-05:00,686.0763204450832,688.9484813838191,685.9267046355759,688.4996948242188,39445600,0.0,0.0,0.0
2025-12-26 00:00:00-05:00,688.758988861415,689.7761694005526,687.392725060237,688.4298706054688,41613300,0.0,0.0,0.0
2025-12-29 00:00:00-05:00,685.6674092439482,687.322922191004,684.2014421207446,685.9765625,62559500,0.0,0.0,0.0
2025-12-30 00:00:00-05:00,685.5777200962995,686.6846823672308,684.7100944386586,685.138916015625,47160700,0.0,0.0,0.0
2025-12-31 00:00:00-05:00,685.2685588951464,685.4879304984822,679.8533550408816,680.062744140625,74144800,0.0,0.0,0.0
2026-01-02 00:00:00-05:00,683.842447277036,684.999261161205,677.9684744567207,681.309326171875,89377200,0.0,0.0,0.0
2026-01-05 00:00:00-05:00,684.6701449336617,687.5522884526621,684.5106074856512,685.846923828125,71927200,0.0,0.0,0.0
2026-01-06 00:00:00-05:00,686.0563439630641,690.4344019511112,685.9067890249802,689.92578125,69273800,0.0,0.0,0.0
2026-01-07 00:00:00-05:00,690.3047811958188,692.0699799720542,687.4426026835383,687.701904296875,75588300,0.0,0.0,0.0
2026-01-08 00:00:00-05:00,686.9439569075789,688.7390423054183,685.6175622141362,687.632080078125,64019200,0.0,0.0,0.0
2026-01-09 00:00:00-05:00,688.7489932725086,693.4162394407576,687.3029303433501,692.1796264648438,80125500,0.0,0.0,0.0
2026-01-12 00:00:00-05:00,688.7988836287034,694.1941832506386,688.7490319805348,693.2666625976562,63976000,0.0,0.0,0.0
2026-01-13 00:00:00-05:00,693.595779418591,694.194181802135,689.467040360938,691.8804931640625,78309700,0.0,0.0,0.0
2026-01-14 00:00:00-05:00,689.1180078469732,689.8360176539858,684.1714948792828,688.479736328125,94676700,0.0,0.0,0.0
2026-01-15 00:00:00-05:00,692.678285342935,693.5558934557131,689.3673203481677,690.3546142578125,77862000,0.0,0.0,0.0
2026-01-16 00:00:00-05:00,691.7707369284135,692.359156800422,688.22043529661,689.7761840820312,79289200,0.0,0.0,0.0
2026-01-20 00:00:00-05:00,679.6338820353151,682.9049778344743,674.7272992054969,675.7345581054688,111623300,0.0,0.0,0.0
2026-01-21 00:00:00-05:00,677.7989248999835,686.8641332264262,676.2830453044572,683.5332641601562,127844500,0.0,0.0,0.0
2026-01-22 00:00:00-05:00,687.9711412752974,689.2476843606095,685.0491285530771,687.103515625,77112200,0.0,0.0,0.0
2026-01-23 00:00:00-05:00,686.2757685331861,689.0781127396581,685.2884137823622,687.352783203125,63059600,0.0,0.0,0.0
2026-01-26 00:00:00-05:00,688.609372319757,692.2394730275811,688.0409174669724,690.84326171875,60473800,0.0,0.0,0.0
2026-01-27 00:00:00-05:00,692.2893344912051,694.6329705879123,691.6810104865692,693.5957641601562,55506100,0.0,0.0,0.0
2026-01-28 00:00:00-05:00,695.1515053497095,695.9393926651097,692.0499903412962,693.5259399414062,61172200,0.0,0.0,0.0
2026-01-29 00:00:00-05:00,694.4933553961189,695.1615135683285,682.9648421722587,692.1497192382812,97486200,0.0,0.0,0.0
2026-01-30 00:00:00-05:00,689.9058246991844,692.3192774332931,685.2485609149509,690.0853271484375,101835100,0.0,0.0,0.0
2026-02-02 00:00:00-05:00,687.7019133171445,695.0318708971434,687.5423149981101,693.5159912109375,79286500,0.0,0.0,0.0
2026-02-03 00:00:00-05:00,694.3138377504575,695.0617950648859,682.1670182684101,687.6520385742188,107904600,0.0,0.0,0.0
2026-02-04 00:00:00-05:00,688.4697490630058,689.5667896413613,679.9031787408285,684.3211059570312,105204600,0.0,0.0,0.0
2026-02-05 00:00:00-05:00,679.0854402743204,681.8279505601881,673.9494421186707,675.7744750976562,113610800,0.0,0.0,0.0
2026-02-06 00:00:00-05:00,679.6039887472712,690.4244132010324,678.995603890688,688.739013671875,89127600,0.0,0.0,0.0
2026-02-09 00:00:00-05:00,687.5423060693106,693.9747512796714,686.4652913399738,692.0599975585938,73885200,0.0,0.0,0.0
2026-02-10 00:00:00-05:00,693.0572335194393,694.64286887948,689.7761552680904,690.2349243164062,65185700,0.0,0.0,0.0
2026-02-11 00:00:00-05:00,694.4933668556342,695.2413241987686,687.3029816841566,690.075439453125,76353900,0.0,0.0,0.0
2026-02-12 00:00:00-05:00,692.3491972008484,693.4561594586687,678.5169776231163,679.41455078125,118829000,0.0,0.0,0.0
2026-02-13 00:00:00-05:00,679.833354327075,684.410879804094,675.6747287653898,679.8931884765625,96267500,0.0,0.0,0.0
2026-02-17 00:00:00-05:00,678.287593220413,683.074507822494,673.9394826742099,680.9901733398438,81354700,0.0,0.0,0.0
2026-02-18 00:00:00-05:00,682.157061237011,687.2730943282486,680.9702998190471,684.4208374023438,73570300,0.0,0.0,0.0
2026-02-19 00:00:00-05:00,681.9775120282383,684.311104689823,679.6937101433548,682.61572265625,58649400,0.0,0.0,0.0
2026-02-20 00:00:00-05:00,680.4616860592505,688.1805961724377,679.8732661615737,687.5523071289062,100034000,0.0,0.0,0.0
2026-02-23 00:00:00-05:00,685.9566804858357,688.1207533479937,678.5169762252317,680.531494140625,90558100,0.0,0.0,0.0
2026-02-24 00:00:00-05:00,680.0427976196477,686.4751816677359,678.1479481229125,685.4779052734375,73798700,0.0,0.0,0.0
2026-02-25 00:00:00-05:00,688.3002642742074,691.7907319065998,688.2204651135966,691.26220703125,56369500,0.0,0.0,0.0
2026-02-26 00:00:00-05:00,691.391808867856,691.4117130049051,682.486077089091,687.422607421875,71671000,0.0,0.0,0.0
2026-02-27 00:00:00-05:00,681.2295779636313,684.9892686841309,679.7835149777827,684.1216430664062,83308900,0.0,0.0,0.0
2026-03-02 00:00:00-05:00,676.8515442239554,686.744509644098,676.1734035367807,684.5106201171875,87477200,0.0,0.0,0.0
2026-03-03 00:00:00-05:00,673.221445388408,680.7508704958498,667.8361281509542,678.4771118164062,105003100,0.0,0.0,0.0
2026-03-04 00:00:00-05:00,679.7735096903759,685.2186606854194,677.7689744100875,683.2639770507812,79182200,0.0,0.0,0.0
2026-03-05 00:00:00-05:00,680.2223290726917,683.6629449535216,673.7699188745959,679.4544067382812,106606500,0.0,0.0,0.0
2026-03-06 00:00:00-05:00,671.5758690877306,674.2685275228549,667.9358467743081,670.5487060546875,100687000,0.0,0.0,0.0
2026-03-09 00:00:00-04:00,664.5750801817165,678.0681991431876,660.5859743093405,676.4227294921875,102667700,0.0,0.0,0.0
2026-03-10 00:00:00-04:00,675.87413967305,681.4987932365287,672.9222404542279,675.3356323242188,81505300,0.0,0.0,0.0
2026-03-11 00:00:00-04:00,675.7345715953234,678.2277626375325,671.5061293267642,674.4879760742188,68441700,0.0,0.0,0.0
2026-03-12 00:00:00-04:00,669.3319958917509,669.8207124533001,664.0564256954588,664.2459106445312,108882200,0.0,0.0,0.0
2026-03-13 00:00:00-04:00,667.4472371497842,670.5088831921612,659.5587462493693,660.4862060546875,97200200,0.0,0.0,0.0
2026-03-16 00:00:00-04:00,666.5596317087426,670.239584206393,665.3030536555561,667.2078857421875,82023100,0.0,0.0,0.0
2026-03-17 00:00:00-04:00,670.5586914524959,672.60309589337,667.8760155087483,668.9630126953125,87128000,0.0,0.0,0.0
2026-03-18 00:00:00-04:00,666.5396583763402,667.8959397089973,659.3892034355257,659.6285400390625,82062600,0.0,0.0,0.0
2026-03-19 00:00:00-04:00,655.1806813207687,661.1743225351036,653.3855958813168,658.0029907226562,111272500,0.0,0.0,0.0
2026-03-20 00:00:00-04:00,656.510009765625,656.6900024414062,644.719970703125,648.5700073242188,163617500,1.797,0.0,0.0
2026-03-23 00:00:00-04:00,658.0700073242188,662.6199951171875,653.9400024414062,655.3800048828125,134802700,0.0,0.0,0.0
2026-03-24 00:00:00-04:00,651.3200073242188,657.030029296875,649.8800048828125,653.1799926757812,96457500,0.0,0.0,0.0
2026-03-25 00:00:00-04:00,658.6699829101562,660.8900146484375,654.239990234375,656.8200073242188,90653800,0.0,0.0,0.0
2026-03-26 00:00:00-04:00,652.0599975585938,654.8499755859375,644.8200073242188,645.0900268554688,96494400,0.0,0.0,0.0
2026-03-27 00:00:00-04:00,642.5,642.6599731445312,633.1099853515625,634.0900268554688,103649400,0.0,0.0,0.0
2026-03-30 00:00:00-04:00,640.1099853515625,640.3699951171875,629.280029296875,631.969970703125,99275900,0.0,0.0,0.0
2026-03-31 00:00:00-04:00,638.9400024414062,651.5399780273438,637.97998046875,650.3400268554688,152534100,0.0,0.0,0.0
2026-04-01 00:00:00-04:00,653.9000244140625,658.52001953125,653.0,655.239990234375,97841500,0.0,0.0,0.0
2026-04-02 00:00:00-04:00,646.4199829101562,658.2000122070312,645.1099853515625,655.8300170898438,68358700,0.0,0.0,0.0
2026-04-06 00:00:00-04:00,655.8599853515625,659.719970703125,655.52001953125,658.9299926757812,39105800,0.0,0.0,0.0
2026-04-07 00:00:00-04:00,656.6500244140625,659.6099853515625,651.0599975585938,659.219970703125,69980400,0.0,0.0,0.0
2026-04-08 00:00:00-04:00,676.3900146484375,677.0800170898438,671.4600219726562,676.010009765625,93606100,0.0,0.0,0.0
2026-04-09 00:00:00-04:00,674.8400268554688,681.1599731445312,673.77001953125,679.9099731445312,57134400,0.0,0.0,0.0
2026-04-10 00:00:00-04:00,681.3200073242188,682.030029296875,678.4500122070312,679.4600219726562,42253500,0.0,0.0,0.0
2026-04-13 00:00:00-04:00,677.4099731445312,686.2999877929688,676.5800170898438,686.0999755859375,54185800,0.0,0.0,0.0
2026-04-14 00:00:00-04:00,687.6900024414062,694.5800170898438,687.6599731445312,694.4600219726562,63480500,0.0,0.0,0.0
2026-04-15 00:00:00-04:00,695.260009765625,700.280029296875,694.2000122070312,699.9400024414062,58240400,0.0,0.0,0.0
2026-04-16 00:00:00-04:00,701.0599975585938,702.780029296875,698.530029296875,701.6599731445312,49972400,0.0,0.0,0.0
2026-04-17 00:00:00-04:00,706.1400146484375,712.3900146484375,705.760009765625,710.1400146484375,70661900,0.0,0.0,0.0
2026-04-20 00:00:00-04:00,708.780029296875,709.9099731445312,706.1400146484375,708.719970703125,43546800,0.0,0.0,0.0
2026-04-21 00:00:00-04:00,710.280029296875,711.280029296875,702.6400146484375,704.0800170898438,58941400,0.0,0.0,0.0
2026-04-22 00:00:00-04:00,709.1500244140625,711.4500122070312,708.219970703125,711.2100219726562,42518500,0.0,0.0,0.0
2026-04-23 00:00:00-04:00,709.5,712.3599853515625,702.280029296875,708.4500122070312,56174000,0.0,0.0,0.0
2026-04-24 00:00:00-04:00,710.75,714.469970703125,709.010009765625,713.9400024414062,45182000,0.0,0.0,0.0
2026-04-27 00:00:00-04:00,713.1699829101562,715.6300048828125,712.2999877929688,715.1699829101562,33135900,0.0,0.0,0.0
2026-04-28 00:00:00-04:00,711.8200073242188,712.8800048828125,709.25,711.6900024414062,43117400,0.0,0.0,0.0
2026-04-29 00:00:00-04:00,711.0,712.2000122070312,708.3699951171875,711.5800170898438,41859200,0.0,0.0,0.0
2026-04-30 00:00:00-04:00,714.6300048828125,719.7899780273438,710.4500122070312,718.6599731445312,67240900,0.0,0.0,0.0
2026-05-01 00:00:00-04:00,721.25,724.8699951171875,720.469970703125,720.6500244140625,43049800,0.0,0.0,0.0
2026-05-04 00:00:00-04:00,720.0700073242188,722.1199951171875,714.989990234375,718.010009765625,51950600,0.0,0.0,0.0
2026-05-05 00:00:00-04:00,721.77001953125,725.0399780273438,721.489990234375,723.77001953125,36933200,0.0,0.0,0.0
2026-05-06 00:00:00-04:00,728.1599731445312,734.5900268554688,727.8200073242188,733.8300170898438,53288900,0.0,0.0,0.0
2026-05-07 00:00:00-04:00,735.0499877929688,736.1300048828125,729.75,731.5800170898438,51724600,0.0,0.0,0.0
2026-05-08 00:00:00-04:00,734.9299926757812,738.0800170898438,734.5700073242188,737.6199951171875,47227100,0.0,0.0,0.0
2026-05-11 00:00:00-04:00,736.4500122070312,740.7899780273438,736.4500122070312,739.2999877929688,44024000,0.0,0.0,0.0
2026-05-12 00:00:00-04:00,736.8900146484375,738.8400268554688,731.8300170898438,738.1799926757812,54185300,0.0,0.0,0.0
2026-05-13 00:00:00-04:00,738.469970703125,743.9099731445312,735.469970703125,742.3099975585938,44200200,0.0,0.0,0.0
2026-05-14 00:00:00-04:00,743.6500244140625,749.530029296875,743.5599975585938,748.1699829101562,45307600,0.0,0.0,0.0
2026-05-15 00:00:00-04:00,741.7899780273438,743.4600219726562,737.9600219726562,739.1699829101562,60410800,0.0,0.0,0.0
2026-05-18 00:00:00-04:00,739.8300170898438,741.4199829101562,733.3900146484375,738.6500244140625,47843900,0.0,0.0,0.0
2026-05-19 00:00:00-04:00,734.780029296875,737.6500244140625,731.530029296875,733.72998046875,54255900,0.0,0.0,0.0
2026-05-20 00:00:00-04:00,735.7100219726562,741.8699951171875,733.8900146484375,741.25,45768000,0.0,0.0,0.0
2026-05-21 00:00:00-04:00,738.6400146484375,744.8699951171875,737.030029296875,742.719970703125,43332200,0.0,0.0,0.0
2026-05-22 00:00:00-04:00,746.239990234375,748.9400024414062,744.47998046875,745.6400146484375,41762000,0.0,0.0,0.0
2026-05-26 00:00:00-04:00,750.010009765625,752.1300048828125,748.3699951171875,750.5900268554688,41123600,0.0,0.0,0.0
2026-05-27 00:00:00-04:00,750.8800048828125,751.3800048828125,748.219970703125,750.4600219726562,42106300,0.0,0.0,0.0
2026-05-28 00:00:00-04:00,750.25,755.1500244140625,749.22998046875,754.5999755859375,41483700,0.0,0.0,0.0
2026-05-29 00:00:00-04:00,755.9000244140625,758.0750122070312,754.6900024414062,756.5599975585938,18422073,0.0,0.0,0.0
