Date,Open,High,Low,Close,Volume,Dividends,Stock Splits,Capital Gains,SMA_20,SMA_30,SMA_60,MACD,Bollinger_Upper,Bollinger_Lower,RSI_30,CCI_30,DX_30
2016-05-31 00:00:00-04:00,178.88955273186752,179.0000035088857,177.7171151410786,178.27784729003906,109879400,0.0,0.0,0.0,,,,0.0,,,,,0.0
2016-06-01 00:00:00-04:00,177.66615276960985,178.82159501256743,177.47075081370213,178.6431884765625,69936200,0.0,0.0,0.0,,,,0.029144026275361057,,,100.0,,99.99999843505725
2016-06-02 00:00:00-04:00,178.2439056825398,179.20393314220095,177.768137567361,179.18695068359375,63044700,0.0,0.0,0.0,,,,0.0950225815958845,,,100.0,,23.237420897226016
2016-06-03 00:00:00-04:00,178.62621622955234,179.00003773366728,177.44528718539402,178.65170288085938,101757100,0.0,0.0,0.0,,,,0.102856125499585,,,95.26439003922582,,19.885016515119382
2016-06-06 00:00:00-04:00,179.00850428840553,179.91757127208038,178.84708020990576,179.5607452392578,64887000,0.0,0.0,0.0,,,,0.18033756739893647,,,95.6281335825428,,40.906592142215125
2016-06-07 00:00:00-04:00,179.7136464861615,180.40181183263633,179.688159841011,179.84107971191406,60974800,0.0,0.0,0.0,,,,0.2613501357382404,,,95.73269904984598,,53.71930452759585
2016-06-08 00:00:00-04:00,179.9770105373412,180.55473805490792,179.84957731625556,180.4272918701172,66170900,0.0,0.0,0.0,,,,0.3686065351115815,,,95.94262591584454,,56.780728883127125
2016-06-09 00:00:00-04:00,179.69662084052692,180.29983492293235,179.42475901675084,180.1808929443359,73786900,0.0,0.0,0.0,,,,0.4287829276054538,,,93.93333990950956,,31.738117090697354
2016-06-10 00:00:00-04:00,178.8045906899694,179.1444212642248,177.92950168203606,178.47325134277344,113829200,0.0,0.0,0.0,,,,0.33482113666997293,,,81.67085626868146,,16.705689498629802
2016-06-13 00:00:00-04:00,177.87006868862602,178.72814946710477,177.01198791014727,177.09693908691406,117751200,0.0,0.0,0.0,,,,0.14759743234520784,,,73.65409282327069,,32.469072606434594
2016-06-14 00:00:00-04:00,176.71463357084795,177.34333453029458,175.7970752639697,176.7486114501953,125059300,0.0,0.0,0.0,,,,-0.028556648130063422,,,71.80864030280685,,46.37136844689756
2016-06-15 00:00:00-04:00,176.74858776686733,177.87005209068462,176.31530180377783,176.50221252441406,109124500,0.0,0.0,0.0,,,,-0.18589942721854413,,,70.5157366213347,,33.99929922666984
2016-06-16 00:00:00-04:00,176.50223504979886,177.19890472720832,174.66711844773843,177.0289764404297,149533100,0.0,0.0,0.0,,,,-0.26503411921859765,,,71.64481081746236,,48.17838256537312
2016-06-17 00:00:00-04:00,176.9247897845939,176.95040897544104,175.71210030370543,176.36968994140625,117055700,1.078,0.0,0.0,,,,-0.3766065573832691,,,68.26040463307729,,48.178382564517634
2016-06-20 00:00:00-04:00,178.3338816172478,179.00854191906885,177.4200871876243,177.5054931640625,82789600,0.0,0.0,0.0,,,,-0.36912366288575527,,,70.72500621245017,,15.126906637954914
2016-06-21 00:00:00-04:00,177.8897778414237,178.41925836011498,177.44569026029347,178.00933837890625,72461700,0.0,0.0,0.0,,,,-0.3188616781165763,,,71.73229317662567,,15.126906637789808
2016-06-22 00:00:00-04:00,178.188718513434,178.91463034063102,177.57383186786404,177.71902465820312,95560500,0.0,0.0,0.0,,,,-0.2990078081897707,,,70.29068298001448,,8.871919576631328
2016-06-23 00:00:00-04:00,179.17934803869173,180.08459408836288,178.7181896283184,180.03335571289062,102731400,0.0,0.0,0.0,,,,-0.09542628399069031,,,74.51451978266536,,3.886534123103239
2016-06-24 00:00:00-04:00,173.90157441072645,180.06751041927396,173.12442435540223,173.56851196289062,333444400,0.0,0.0,0.0,,,,-0.45055164213681564,,,52.81579930524496,,34.23287215970786
2016-06-27 00:00:00-04:00,172.1593818753128,172.16793029087916,169.64859754960628,170.4599151611328,230775800,0.0,0.0,0.0,177.71425094604493,,,-0.9716285007432361,182.45075299217697,172.97774889991288,46.1333209997,,46.78454934449859
2016-06-28 00:00:00-04:00,172.06548362968255,173.5599972426327,171.75804030805926,173.5343780517578,159382400,0.0,0.0,0.0,177.47707748413086,,,-1.1235506123566097,182.55732440746084,172.39683056080088,52.30715624577542,,36.02860878403296
2016-06-29 00:00:00-04:00,174.93492708863886,176.71979998221832,174.83245033872933,176.48922729492188,137328600,0.0,0.0,0.0,177.36937942504883,,,-0.9940594426576297,182.43684785811476,172.3019109919829,57.185930000394514,,16.058983447254835
2016-06-30 00:00:00-04:00,176.95896414285914,178.94879087388307,176.40385124737338,178.89755249023438,165021900,0.0,0.0,0.0,177.35490951538085,,,-0.6891608246901058,182.40213767791298,172.30768135284873,60.58544632666346,,4.828683134581515
2016-07-01 00:00:00-04:00,178.8975194598976,179.76007552914442,178.73525592088592,179.27328491210938,106055300,0.0,0.0,0.0,177.38598861694337,,,-0.41245349975469026,182.4743262735453,172.29765096034143,61.08415155277165,,1.1436659044112587
2016-07-05 00:00:00-04:00,178.4448925195293,178.55591768190934,177.38593139327895,177.98373413085938,109803700,0.0,0.0,0.0,177.30713806152343,,,-0.2938298345659405,182.30158741513216,172.3126887079147,58.45803178220514,,6.781691225838115
2016-07-06 00:00:00-04:00,177.48841864598015,179.17081482705453,176.83082908015393,179.05125427246094,96021500,0.0,0.0,0.0,177.26764678955078,,,-0.11238427550605934,182.18969985927907,172.3455937198225,59.933167174804886,,3.985890241296393
2016-07-07 00:00:00-04:00,179.23062137922298,179.89674645255874,178.1716599965484,178.9402618408203,85593800,0.0,0.0,0.0,177.19329528808595,,,0.02220056141004534,181.956754925565,172.4298356506069,59.70513452172515,,0.7638518104628514
2016-07-08 00:00:00-04:00,180.2383317956827,181.85240586419408,180.00774606271716,181.604736328125,133971000,0.0,0.0,0.0,177.26448745727538,,,0.3399421954579793,182.25318642183032,172.27578849272044,63.1837821551088,,7.245749254585688
2016-07-11 00:00:00-04:00,182.0659201807459,182.81745119494929,181.86095362292923,182.24525451660156,73633900,0.0,0.0,0.0,177.4530876159668,,,0.6361065540297375,182.89849780159415,172.00767743033947,63.95756310489154,,10.862706032237083
2016-07-12 00:00:00-04:00,183.21022710675732,183.86781652750716,182.27081364854325,183.56890869140625,101275600,0.0,0.0,0.0,177.7766860961914,178.19578704833984,,0.9664857257837411,183.86431710289077,171.68905508949206,65.50734919239557,206.55951495316566,14.611774800063095
2016-07-13 00:00:00-04:00,183.9874226176217,183.99595800349357,183.0565573437704,183.5433349609375,87324100,0.0,0.0,0.0,178.1164222717285,178.37130330403645,,1.2122756542056266,184.70061917072155,171.53222537273547,65.4510998607071,192.60835874860174,15.062628230907912
2016-07-14 00:00:00-04:00,184.80728215153275,185.037867905554,184.175324721354,184.5681610107422,91230900,0.0,0.0,0.0,178.51971969604492,178.5688023885091,,1.4727835091735244,185.6528391173202,171.38660027476962,66.63864559559238,200.08827691541816,18.674464254822272
2016-07-15 00:00:00-04:00,185.13181569367885,185.32823384517283,183.87642314550487,184.3205108642578,107155400,0.0,0.0,0.0,178.88429641723633,178.73992106119792,,1.640345680050757,186.4300188615535,171.33857397291916,66.07092040504871,172.31877210069402,17.195487349883717
2016-07-18 00:00:00-04:00,184.4400456808458,184.97807470667493,184.18384076230225,184.81581115722656,58725900,0.0,0.0,0.0,179.30660247802734,178.9453913370768,,1.7924443195782942,187.19727555230688,171.4159294037478,66.65861127069937,156.55027663294183,17.195487349824813
2016-07-19 00:00:00-04:00,184.39735919584624,184.66209952396133,184.14970267212968,184.62794494628903,54345700,0.0,0.0,0.0,179.66272506713867,179.11429799397786,,1.8761967260897165,187.8485170246925,171.47693310958482,66.20862961518237,136.75000252775456,17.01724474887202
2016-07-20 00:00:00-04:00,184.62798920894923,185.63571238092996,184.62798920894923,185.39659118652344,58159500,0.0,0.0,0.0,180.03208770751954,179.2994817097982,,1.9817500583200456,188.5631345403124,171.50104087472667,67.14729493008983,140.4857364053559,20.580901844247066
2016-07-21 00:00:00-04:00,185.28549535864153,185.50753264431123,184.25214042488253,184.69622802734375,67777300,0.0,0.0,0.0,180.38094787597657,179.44177958170573,,1.9859950659355263,189.08265957946983,171.67923617248331,65.43401403840957,119.75925018565994,18.547834386909017
2016-07-22 00:00:00-04:00,184.81583016905816,185.57589658587983,184.55108983740817,185.524658203125,62787500,0.0,0.0,0.0,180.65551300048827,179.61990509033203,,2.0327741022670978,189.6525675088633,171.65845849211323,66.48054684720918,116.58012974597732,18.80542940047914
2016-07-25 00:00:00-04:00,185.31965984273972,185.3708982167028,184.44003300671332,185.020751953125,55873100,0.0,0.0,0.0,181.228125,179.8381551106771,,2.0060611779996123,189.7723780891416,172.68387191085841,65.23769433535827,100.72543054031526,18.17735582344763
2016-07-26 00:00:00-04:00,184.9182879161025,185.4648523278161,184.2606983324223,185.10617065429688,70080500,0.0,0.0,0.0,181.9604377746582,180.10512949625652,,1.969085180128559,188.99612865096634,174.92474689835007,65.35128395164783,92.3824345806111,17.142851580827035
2016-07-27 00:00:00-04:00,185.4819278375684,185.55025001486823,184.14112954141405,184.9097442626953,84083900,0.0,0.0,0.0,182.5292060852051,180.37716725667318,,1.9020063222941133,188.4472333613012,176.611178809109,64.84721318967212,84.20206196137148,16.439817546051685
2016-07-28 00:00:00-04:00,184.71335785254297,185.41365056613023,184.2521993329832,185.123291015625,65035700,0.0,0.0,0.0,182.96090927124024,180.66453653971354,,1.8448114444832129,188.25002525578688,177.6717932866936,65.14953007999137,79.53083064775346,16.43981754595255
2016-07-29 00:00:00-04:00,184.85852968617107,185.78084662065095,184.5767055551982,185.4221649169922,79519400,0.0,0.0,0.0,183.28713989257812,180.9443094889323,,1.8028189432363604,188.3196329479443,178.25464683721194,65.57813321977221,80.2661605790712,18.056051137594793
2016-08-01 00:00:00-04:00,185.48190398954972,185.87474016961207,184.81577913542557,185.26840209960935,73311400,0.0,0.0,0.0,183.58689575195314,181.24093322753907,,1.7371079104655678,188.3178850064137,178.85590649749258,65.15169217191522,76.74752710519427,18.473176193268845
2016-08-02 00:00:00-04:00,185.02072982864695,185.17445796327624,183.24440559843143,184.08132934570312,92295500,0.0,0.0,0.0,183.89177551269532,181.4601277669271,,1.5711335436188278,187.82023423963372,179.96331678575692,61.93516998120086,52.01867642715505,8.877928794556096
2016-08-03 00:00:00-04:00,184.02159717039504,184.6791868253784,183.722702258948,184.6194000244141,53993600,0.0,0.0,0.0,184.17018280029296,181.6804631551107,,1.4661150078540857,187.37722511866284,180.9631404819231,62.796423075377525,52.14852979568117,8.877928794510817
2016-08-04 00:00:00-04:00,184.7304051740042,185.13178983912695,182.97115138106105,184.81581115722656,46585500,0.0,0.0,0.0,184.46396026611328,181.91702270507812,,1.3827957894837937,186.52579291007436,182.4021276221522,63.11159448536853,48.69268800762505,4.544201685514234
2016-08-05 00:00:00-04:00,184.81580834088703,186.37009556908544,184.81580834088703,186.327392578125,71892200,0.0,0.0,0.0,184.7000930786133,182.12682393391927,,1.42234083670715,186.4397255350576,182.960460622169,65.44234145619006,74.73599005381385,10.608894017464236
2016-08-08 00:00:00-04:00,186.51532561915505,186.6178154313276,185.9516902922763,186.2164306640625,39906500,0.0,0.0,0.0,184.89865188598634,182.54842122395834,,1.428262748518648,186.33937980540338,183.4579239665693,65.12984081494504,81.09657477947977,11.768963612354058
2016-08-09 00:00:00-04:00,186.28470261828784,186.8227186047949,186.00287851529689,186.327392578125,51251700,0.0,0.0,0.0,185.03657608032228,183.07733713785808,,1.4254775871164895,186.4694371701972,183.60371499044734,65.30124806767614,85.08646529332607,12.737968934660687
2016-08-10 00:00:00-04:00,186.4383944577452,186.51525201319865,185.5160646989387,185.8662109375,57941100,0.0,0.0,0.0,185.1527198791504,183.48839823404947,,1.370261303151949,186.44569027439638,183.8597494839044,63.949689007272546,76.14358595376954,9.774876452883259
2016-08-11 00:00:00-04:00,186.3956973170942,186.97642927134805,186.1309570414828,186.728759765625,72504300,0.0,0.0,0.0,185.26074981689453,183.82971598307293,,1.3801924823104628,186.70075730286274,183.82074233092632,65.33773980728208,96.74047012155155,12.040491082705202
2016-08-12 00:00:00-04:00,186.4213202966638,186.7800149695705,186.1651284319052,186.56651306152344,61313500,0.0,0.0,0.0,185.3730499267578,184.0853480021159,,1.3593018744030587,186.85404848589383,183.89205136762178,64.8518540237713,94.35375223782793,12.040491082663497
2016-08-15 00:00:00-04:00,186.9337390354792,187.45468423729244,186.92520364995283,187.1045379638672,49813500,0.0,0.0,0.0,185.48748626708985,184.3463897705078,,1.3703633347833204,187.13187492228806,183.84309761189164,65.72619760194706,121.67367662404757,15.367583428802387
2016-08-16 00:00:00-04:00,186.6861060844116,186.754415239482,186.13954162597656,186.13954162597656,53213600,0.0,0.0,0.0,185.5630661010742,184.61825002034504,,1.2864332800953093,187.17983255669995,183.94629964544848,62.826395299103375,90.93402193535869,10.339736002258007
2016-08-17 00:00:00-04:00,186.17370633248493,186.6263294384179,185.33678231053105,186.48968505859375,75134300,0.0,0.0,0.0,185.61772079467772,184.86619771321614,,1.2339475762596805,187.2839394257972,183.95150216355825,63.43198001341656,81.73107399280963,5.480763850434328
2016-08-18 00:00:00-04:00,186.46403917575552,186.9422814055592,186.35302703527333,186.9081268310547,52989300,0.0,0.0,0.0,185.7283157348633,185.1317932128906,,1.2121441881373585,187.4302481043745,184.02638336535207,64.1539087656102,116.9130411981733,7.145609138534799
2016-08-19 00:00:00-04:00,186.43845427696948,186.8142198212472,185.95167657179212,186.63487243652344,75443000,0.0,0.0,0.0,185.7838264465332,185.2994644165039,,1.1594500812055628,187.52964643998175,184.03800645308465,63.309568260708886,94.33477615688713,4.7217000669726366
2016-08-22 00:00:00-04:00,186.3957569948988,186.8569285519762,186.0285398578985,186.6263427734375,61368800,0.0,0.0,0.0,185.86410598754884,185.44550069173178,,1.1042719891899822,187.60984488221953,184.11836709287815,63.28267352385833,90.60818815421547,4.958385703255484
2016-08-23 00:00:00-04:00,187.24121159746008,187.5401195422207,186.94230365269945,187.00209045410156,53399200,0.0,0.0,0.0,185.95890197753906,185.5599400838216,181.87786356608072,1.0784311681003658,187.7369516158313,184.18085233924683,63.97998927198761,130.49253119831582,8.711092514552917
2016-08-24 00:00:00-04:00,186.85689801673703,186.95083939033643,185.6271247736624,186.04559326171875,71728900,0.0,0.0,0.0,186.01569442749025,185.64334869384766,182.00732599894206,0.9695939263375237,187.72383057840574,184.30755827657475,60.932661174303774,51.95249936721562,0.7861243118507745
2016-08-25 00:00:00-04:00,185.66122982989052,186.33590306882425,185.5075147310675,185.9174346923828,69224800,0.0,0.0,0.0,186.05540161132814,185.68832448323568,182.1285634358724,0.8630496040254627,187.71234560808676,184.3984576145695,60.533034282728494,25.88297386109587,0.09959032123091105
2016-08-26 00:00:00-04:00,186.10536608503304,187.13017277202832,184.6791747157033,185.5673370361328,122506300,0.0,0.0,0.0,186.06266021728516,185.72988535563152,182.23490320841472,0.7418113663418922,187.70916309890853,184.41615733566178,59.431529777481565,12.290694855830244,4.558038843329042
2016-08-29 00:00:00-04:00,185.69540895608844,186.7458346232844,185.661241355704,186.48109436035156,70502200,0.0,0.0,0.0,186.12329483032227,185.78539479573567,182.36539306640626,0.7112627744609199,187.73560443946909,184.51098522117545,61.331371942633766,52.21889628558229,4.558038843297822
2016-08-30 00:00:00-04:00,186.39571284425205,186.67753694435032,185.6185757536911,186.17367553710935,58114500,0.0,0.0,0.0,186.22791213989257,185.83691914876303,182.47560857137043,0.6546996949284676,187.5225850598392,184.93323921994593,60.347784304643724,36.78514913562843,4.80219926852989
2016-08-31 00:00:00-04:00,185.8406289512786,185.9601895162898,184.8670606272948,185.6442108154297,85269500,0.0,0.0,0.0,186.27915267944337,185.84517313639324,182.57232742309571,0.5606864246772716,187.37101053682753,185.18729482205921,58.67135092519995,-26.207489247318648,9.042135070244811
2016-09-01 00:00:00-04:00,185.63559564560825,185.94303884953052,184.49122878755523,185.65267944335935,97844200,0.0,0.0,0.0,186.32099609375,185.8770548502604,182.65941721598307,0.48131527528764195,187.22465094017195,185.41734124732807,58.69033877923187,-41.245873095529376,11.090741142805209
2016-09-02 00:00:00-04:00,186.5067688638531,186.91668897220035,185.91750137809592,186.48968505859375,79293900,0.0,0.0,0.0,186.32911071777343,185.9092224121094,182.7645637512207,0.48041450618015347,187.23591662125884,185.42230481428803,60.54377963178978,60.07986024907657,4.7669830821256465
2016-09-06 00:00:00-04:00,186.77147485531145,187.1301565130392,186.054111539856,187.0532989501953,56702100,0.0,0.0,0.0,186.37095413208007,185.9769739786784,182.90756454467774,0.5191946185321683,187.33150713852325,185.4104011256369,61.73956590870469,85.4729660299284,3.431609301862233
2016-09-07 00:00:00-04:00,186.8910293709444,187.21555644507737,186.4298709776544,187.0362091064453,76554900,0.0,0.0,0.0,186.4063949584961,186.04130859375,183.07321904500324,0.5422978572719899,187.4114548310025,185.4013350859897,61.6809293258557,95.61453769951994,2.8888644462259436
2016-09-08 00:00:00-04:00,186.7031790491286,186.97646779711627,186.30179434497467,186.60923767089844,74102900,0.0,0.0,0.0,186.44354629516602,186.09795837402345,183.2375628153483,0.5201582533661622,187.41902807658053,185.4680645137515,60.20315432831192,65.36572710184798,3.67306260614015
2016-09-09 00:00:00-04:00,185.2940517287419,185.34529010576696,182.11714204195624,182.14276123046875,221589100,0.0,0.0,0.0,186.2142463684082,185.99860738118488,183.33157196044922,0.14058456556105625,188.36066412701308,184.0678286098033,47.80810139866773,-262.2131577783743,24.327284561769932
2016-09-12 00:00:00-04:00,181.3826843499836,185.15739660107457,181.31436217421583,184.75601196289065,168110900,0.0,0.0,0.0,186.12372131347655,185.97640228271484,183.46035588582356,0.05006011570111468,188.35848157240025,183.88896105455285,53.591296750324055,-188.32252066070106,27.415893832830843
2016-09-13 00:00:00-04:00,183.47492788023376,183.73966806211584,181.47655389655867,182.0999755859375,182828800,0.0,0.0,0.0,185.87349319458008,185.87078806559245,183.55586064656575,-0.23331162996549892,188.6906763666635,183.05631002249666,47.99919672090054,-250.92276094683552,27.415893832357963
2016-09-14 00:00:00-04:00,182.15132937709788,183.3554835782528,181.47666890638828,182.03176879882812,134185500,0.0,0.0,0.0,185.66810455322266,185.8024693806966,183.63129857381185,-0.45810870568493556,188.96220932112726,182.37399978531806,47.86650945209698,-233.76195318444465,27.4158938320777
2016-09-15 00:00:00-04:00,181.8694176593346,184.23500872318223,181.6900703755655,183.8507080078125,134427900,0.0,0.0,0.0,185.5361557006836,185.77684631347657,183.72865473429363,-0.4839105949970133,188.9023209478051,182.1699904535621,51.560602789745495,-157.24999388149158,21.4057552609315
2016-09-16 00:00:00-04:00,183.23450685016985,183.41476016392667,182.4534440824219,183.1400909423828,155236400,1.082,0.0,0.0,185.34775390625,185.72098897298176,183.81900583902996,-0.5552985010165798,188.8109891462925,181.8845186662075,50.125154699873654,-161.0032565660791,21.405755260765567
2016-09-19 00:00:00-04:00,183.79240053228875,184.43614170473515,182.84824157392163,183.1744079589844,80250500,0.0,0.0,0.0,185.17473068237305,185.6158894856771,183.87135670979816,-0.6021634687842834,188.71218471280972,181.6372766519364,50.19442460874075,-116.63308252837035,14.683016344089038
2016-09-20 00:00:00-04:00,184.03278776505144,184.1872794087973,183.1487173228564,183.18304443359375,69665300,0.0,0.0,0.0,185.00256576538087,185.51477661132813,184.03159891764324,-0.6313298248296633,188.57751754601094,181.4276139847508,50.21242716770094,-103.72581375106992,14.683016344003514
2016-09-21 00:00:00-04:00,183.8868766476967,185.4232669864181,183.20021655282915,185.24302673339844,110284400,0.0,0.0,0.0,184.91461257934571,185.47863108317057,184.27798411051432,-0.4826572442559325,188.36688378746226,181.46234137122917,54.289276145784854,-41.8497258036329,7.009376389729678
2016-09-22 00:00:00-04:00,186.2557714731034,186.7106808349363,186.00686399277765,186.41026306152344,76678700,0.0,0.0,0.0,184.93284606933594,185.49676615397135,184.49258219401042,-0.2675626407736047,188.41399960489514,181.45169253377674,56.38280966792517,47.26750307965581,0.18704447719433606
2016-09-23 00:00:00-04:00,186.01544128313063,186.1527758699087,185.29445434796625,185.3888702392578,73630900,0.0,0.0,0.0,184.9064178466797,185.4521031697591,184.64090957641602,-0.17747071058187203,188.36404454943136,181.44879114392802,54.13828899691191,10.1474523826388,3.5269034507464547
2016-09-26 00:00:00-04:00,184.55628473767885,184.73652491071303,183.6893716775511,183.8867950439453,89827300,0.0,0.0,0.0,184.8223907470703,185.36277923583984,184.72406361897785,-0.22468706905394242,188.2940420116782,181.35073948246242,51.046801056956056,-62.51121454857645,11.199307567789306
2016-09-27 00:00:00-04:00,183.72375923728868,185.12281467748383,183.3546741024381,185.0284118652344,78494800,0.0,0.0,0.0,184.74975662231446,185.29357503255207,184.81998240152996,-0.16805025796423934,188.13499872956518,181.36451451506375,53.15020492337561,-38.11186789987885,9.040313753563698
2016-09-28 00:00:00-04:00,185.25161500263687,186.10135838823757,184.2902986773168,185.9468536376953,87411000,0.0,0.0,0.0,184.73841552734376,185.2871520996094,184.95270105997722,-0.048495575028510984,188.1050405239511,181.37179053073643,54.76770654692049,11.853769142288346,3.76104310091868
2016-09-29 00:00:00-04:00,185.74077945591864,186.14419163494296,183.71514006013925,184.26446533203125,128070600,0.0,0.0,0.0,184.66942825317383,185.21297810872395,185.03958791097006,-0.08848233414863671,188.01437753847048,181.32447896787718,51.40462720553443,-24.090643697363465,6.513166746170994
2016-09-30 00:00:00-04:00,185.0970361399101,186.3587698601754,184.84812865424877,185.6549530029297,117202900,0.0,0.0,0.0,184.66954193115234,185.17120564778645,185.15149943033853,-0.007880552485602266,188.01463206593536,181.32445179636932,53.82871676927256,26.04048450696113,5.35044794279598
2016-10-03 00:00:00-04:00,185.24297362107265,185.43179232349547,184.57347072524445,185.20863342285156,83512100,0.0,0.0,0.0,184.60548934936523,185.12366434733073,185.21156438191733,0.019754957272482443,187.85142209225685,181.3595566064736,52.95164475767678,-0.824380088020893,6.699060394799563
2016-10-04 00:00:00-04:00,185.32021027557877,185.54336916520916,183.67223445990277,184.26446533203125,119948100,0.0,0.0,0.0,184.46604766845704,185.04493509928386,185.2452178955078,-0.03413667004542731,187.50204305383,181.43005228308408,51.12854150557482,-29.387606407760433,11.003449760990044
2016-10-05 00:00:00-04:00,184.8910937019112,185.50908641765955,184.8224263893891,185.07992553710935,72816000,0.0,0.0,0.0,184.36823348999025,184.98086293538412,185.27040150960286,-0.010919476569796416,187.17280820604347,181.56365877393702,52.58703871432905,10.890993833299063,11.003449760917519
2016-10-06 00:00:00-04:00,184.85671842430108,185.43179232349547,184.31598472332772,185.20863342285156,62927400,0.0,0.0,0.0,184.2982032775879,184.95296427408854,185.29815648396809,0.017662366486774772,186.9319068756041,181.6644996795717,52.81695087679529,4.5133482214559075,13.405882331357981
2016-10-07 00:00:00-04:00,185.48330296661467,185.6549646671953,183.8439055676314,184.5734710693359,89788300,0.0,0.0,0.0,184.41973876953125,184.90816548665364,185.29824498494466,-0.010813954093919165,186.85121217915514,181.98826535990736,51.54103841495815,-11.111265167842138,15.602804655746784
2016-10-10 00:00:00-04:00,185.53480529785156,185.9982932119312,185.3888921934756,185.53480529785156,51855000,0.0,0.0,0.0,184.45867843627929,184.9070810953776,185.31848322550456,0.04368640503747656,186.9373141697845,181.98004270277406,53.307121435898,48.28267358129481,13.437586631837863
2016-10-11 00:00:00-04:00,185.10568696267433,185.17435427995235,182.46205418375197,183.19161987304688,130367400,0.0,0.0,0.0,184.51326065063478,184.79743194580078,185.29141337076823,-0.10103250879029702,186.81495982281007,182.2115614784595,48.82073353687715,-72.98670887235353,25.708682613954842
2016-10-12 00:00:00-04:00,183.328892534842,183.95547668183588,182.83106447557643,183.4319000244141,73866100,0.0,0.0,0.0,184.58326721191406,184.70603942871094,185.27147928873697,-0.19409725816120726,186.63922959366488,182.52730483016325,49.27361030156887,-80.30023501807085,25.708682613810012
2016-10-13 00:00:00-04:00,182.1015044817873,183.32889802045077,181.28610162289817,182.83106994628903,101357000,0.0,0.0,0.0,184.53228530883788,184.61226806640624,185.22872060139974,-0.31272876594428567,186.71160101159768,182.3529696060781,48.17098355784837,-126.23838592168168,31.216788907055275
2016-10-14 00:00:00-04:00,183.80959217962635,184.2730932454428,182.84827603859992,182.9255218505859,93346200,0.0,0.0,0.0,184.52155685424805,184.5213628133138,185.1992088317871,-0.3945751940247817,186.7316253023631,182.31148840613298,48.35891170549297,-69.18157251173645,25.341539692325316
2016-10-17 00:00:00-04:00,182.8997605452408,183.1572596642625,182.11010618467031,182.2903594970703,58275700,0.0,0.0,0.0,184.47735443115235,184.38138529459636,185.14530385335286,-0.504871526915025,186.83153398460266,182.12317487770204,47.169112008855684,-109.76202654527393,27.950605219607926
2016-10-18 00:00:00-04:00,183.88680938777023,183.9468850844857,183.0542364555266,183.4319000244141,76869700,0.0,0.0,0.0,184.48979721069335,184.26067199707032,185.11882298787435,-0.4944694490561403,186.81765624958365,182.16193817180306,49.48005914389787,-49.086741127720636,23.18675555923824
2016-10-19 00:00:00-04:00,183.69796844745565,184.2301235787568,183.33747499428907,183.9211273193359,66519200,0.0,0.0,0.0,184.42370223999023,184.1568359375,185.099072265625,-0.4416580146822753,186.7365299204167,182.11087455956377,50.44115320524647,-22.860801824567467,21.50804756665634
2016-10-20 00:00:00-04:00,183.5692434846294,184.1357389057571,182.9169237583587,183.5778350830078,73639800,0.0,0.0,0.0,184.28208084106444,184.0557891845703,185.07687377929688,-0.4226335306527744,186.42323160710416,182.14093007502473,49.754071717137926,-37.71340371564073,23.11731991383327
2016-10-21 00:00:00-04:00,183.57781096004103,183.74947264471845,182.6164819513431,183.66363525390625,89089100,0.0,0.0,0.0,184.19581909179686,184.10648498535156,185.05254618326822,-0.39606751351348635,186.2876665124389,182.10397167115482,49.930409229699485,-52.59935834171623,24.264856596622373
2016-10-24 00:00:00-04:00,184.53919436803056,184.8138636415338,184.0928633470637,184.4447784423828,60146600,0.0,0.0,0.0,184.22371826171874,184.09611053466796,185.0362564086914,-0.30842667577931593,186.3130943645615,182.134342158876,51.53240391205447,25.10617064439913,17.81988874553021
2016-10-25 00:00:00-04:00,184.26449104867996,184.52199017077416,183.66366849509308,183.8267517089844,66542300,0.0,0.0,0.0,184.16363525390625,184.15366973876954,185.012228902181,-0.2855486457369807,186.22449560887628,182.10277489893622,50.21735846906525,-11.195556731909177,19.560172756541036
2016-10-26 00:00:00-04:00,183.00280836037953,184.04137047003007,182.76246619192383,183.4577178955078,75705500,0.0,0.0,0.0,184.03917846679687,184.20120137532552,185.00183537801107,-0.2938087424114997,185.94112220043897,182.13723473315477,49.43805980167952,-60.60103179975562,23.097575302062474
2016-10-27 00:00:00-04:00,184.17866626831315,184.21299337259487,182.89118375808377,182.9684295654297,77220200,0.0,0.0,0.0,183.9743766784668,184.17179209391276,184.97431920369465,-0.33596362804692603,185.93151561826392,182.01723773866968,48.40770565824792,-66.06156339900065,22.04028855786875
2016-10-28 00:00:00-04:00,182.9426868580995,183.62075523934593,181.71529311199853,182.4276885986328,140623200,0.0,0.0,0.0,183.81301345825196,184.1480453491211,184.93451716105145,-0.40829834630295636,185.71821472669836,181.90781218980555,47.28112934132625,-123.90938032905436,26.513950270875927
2016-10-31 00:00:00-04:00,182.76241734970543,182.9855893542831,182.27318083380183,182.4362640380859,61272500,0.0,0.0,0.0,183.67439498901368,184.12344055175782,184.86966501871746,-0.45963379311353947,185.55531826052217,181.79347171750518,47.30124975023125,-119.3080482566122,26.51395027078058
2016-11-01 00:00:00-04:00,182.7624476574243,182.8139579649102,179.90424769711947,181.11447143554688,122781800,0.0,0.0,0.0,183.51689529418945,184.0544881184896,184.78463236490884,-0.600058025511089,185.69399119617864,181.33979939220026,44.58782853905744,-194.9851806205495,34.60441929175633
2016-11-02 00:00:00-04:00,180.80546160019983,181.1917168443277,179.58664635288605,180.02439880371094,103330800,0.0,0.0,0.0,183.26411895751954,183.88053385416666,184.67958246866863,-0.7901961038549246,185.81838667043053,180.70985124460856,42.507529168867016,-230.24762955428415,35.58795173947031
2016-11-03 00:00:00-04:00,180.23892259794115,180.4535029563904,178.92569185198732,179.20034790039062,88939300,0.0,0.0,0.0,182.96370468139648,183.64020334879558,184.56848475138347,-0.9958958543452638,185.93438494415022,179.99302441864273,41.011177692151655,-248.75131304888487,37.60808985488923
2016-11-04 00:00:00-04:00,179.31197176920767,180.15312328493232,178.85706236092147,179.0029754638672,109122100,0.0,0.0,0.0,182.68517990112304,183.42734018961588,184.4397216796875,-1.161452196767243,186.04008135415899,179.33027844808709,40.656565095530574,-231.19720026484785,37.81757059953138
2016-11-07 00:00:00-05:00,179.00299150234346,182.98560362970932,179.00299150234346,182.9512634277344,109794900,0.0,0.0,0.0,182.55600280761718,183.39615580240886,184.37946751912435,-0.9629625169686449,185.6366616219735,179.47534399326085,49.663561271544765,-94.4818232011587,20.538478610377645
2016-11-08 00:00:00-05:00,182.55640778089457,184.341718129742,182.29033020287903,183.7752227783203,106772100,0.0,0.0,0.0,182.58518295288087,183.35438283284506,184.32397893269857,-0.7307477767153898,185.70203486112968,179.46833104463207,51.260572412401686,5.131647646789677,13.491050503654817
2016-11-09 00:00:00-05:00,182.28179972740537,186.3416713436501,182.25605112070207,185.7236785888672,258429000,0.0,0.0,0.0,182.69977188110352,183.3469436645508,184.3170478820801,-0.38505316881847307,186.10304430763773,179.2964994545693,54.77092842241187,79.0133196564998,4.1969632823550995
2016-11-10 00:00:00-05:00,186.51325435585727,187.38015430848472,184.7279441619879,186.1870880126953,172113300,0.0,0.0,0.0,182.86757278442383,183.4110310872396,184.31200459798177,-0.07285461122839365,186.61195080178814,179.12319476705952,55.55844114834936,145.63303953462818,0.19346515918169283
2016-11-11 00:00:00-05:00,185.4661693473867,185.99832465294227,184.8138495180944,185.75799560546875,100552700,0.0,0.0,0.0,183.00919647216796,183.41446584065756,184.292835744222,0.1383460565204473,186.9707693286539,179.04762361568203,54.64702719304504,115.0230385149582,0.19346515918057672
2016-11-14 00:00:00-05:00,186.28153322319332,186.4875351192448,185.15713403826015,185.90386962890625,94580000,0.0,0.0,0.0,183.18987197875975,183.43764038085936,184.28065236409506,0.3138767461531984,187.33858936903704,179.04115458848247,54.90717695698676,128.96153526303584,2.269454131645145
2016-11-15 00:00:00-05:00,186.2901532075285,187.35447692871097,186.08416436255516,187.35447692871097,91652600,0.0,0.0,0.0,183.3860008239746,183.54064076741537,184.29278793334962,0.5635418089991333,187.93450762954723,178.83749401840197,57.419762790934946,171.21038594975403,5.859181764118492
2016-11-16 00:00:00-05:00,186.7364705811207,187.23429874841773,186.61630606466625,187.00254821777344,65617700,0.0,0.0,0.0,183.5400718688965,183.60472819010417,184.29279556274415,0.7246521256384142,188.36523920626215,178.71490453153083,56.62786026121417,161.2350714710903,5.859181764099538
2016-11-17 00:00:00-05:00,187.15704272236283,188.02394289397336,187.0454567142632,187.9638671875,69797200,0.0,0.0,0.0,183.7593734741211,183.69656931559246,184.32476679484049,0.919306426850909,188.97468119151944,178.54406575672277,58.25473324510495,178.23611237194459,9.113199924112083
2016-11-18 00:00:00-05:00,188.03250823700608,188.20416992760929,187.36300537884296,187.5432586669922,86265800,0.0,0.0,0.0,183.9533546447754,183.79556223551432,184.35186386108398,1.0277841150327163,189.43544724837574,178.47126204117507,57.28221796188291,161.96072442867788,9.848940336101386
2016-11-21 00:00:00-05:00,188.11833644572863,188.9852365143176,187.97242335083433,188.95948791503903,72402600,0.0,0.0,0.0,184.1790901184082,183.90971832275392,184.40839970906575,1.2140366698338028,190.10057827832733,178.25760195848906,59.629718725926985,182.5761800862104,13.006152157919713
2016-11-22 00:00:00-05:00,189.2685244721837,189.50885351454775,188.59903455460517,189.32861328125,67429000,0.0,0.0,0.0,184.45418319702148,184.11428476969402,184.4558583577474,1.375571758565627,190.80256097646733,178.10580541757562,60.21915203123605,174.18057244720066,15.068911256512077
2016-11-23 00:00:00-05:00,188.813586973485,189.48307679171555,188.61617666732693,189.43157958984375,56620200,0.0,0.0,0.0,184.75287628173828,184.31427408854168,184.5101567586263,1.4946683939149636,191.45607595168656,178.04967661179,60.38605555035551,153.8426402690907,15.068911256450887
2016-11-25 00:00:00-05:00,189.77486730041596,190.1696878112119,189.69760842052528,190.13536071777344,37872300,0.0,0.0,0.0,185.11122283935546,184.55775044759113,184.5850092569987,1.6270865498335922,192.16962359956753,178.0528220791434,61.52737956601017,159.09193351364263,17.803895026062754
2016-11-28 00:00:00-05:00,189.8264176025209,190.1010737177132,189.1397576691168,189.2427520751953,76572500,0.0,0.0,0.0,185.45197601318358,184.76832478841146,184.64484380086262,1.6410854235831493,192.622027388348,178.28192463801918,59.28627679668847,129.7998836106381,14.69947830037421
2016-11-29 00:00:00-05:00,189.27708675809228,190.06674107455785,188.97666895318812,189.61183166503903,69886700,0.0,0.0,0.0,185.81075439453124,185.0123738606771,184.6968795776367,1.6627936204561422,193.0630675096827,178.5584412793798,59.91087698047211,119.43672297687563,13.792569913663774
2016-11-30 00:00:00-05:00,190.2298540943395,190.39293732273808,189.09686309511824,189.15695190429688,113291800,0.0,0.0,0.0,186.21287841796874,185.20320892333984,184.73194046020507,1.6245655474004934,193.25768398115827,179.1680728547792,58.76152204317239,109.09412020447672,15.180211999762351
2016-12-01 00:00:00-05:00,189.45735898916308,189.45735898916308,188.1012090326381,188.4617156982422,79040500,0.0,0.0,0.0,186.6347442626953,185.35456186930338,184.75569890340168,1.5206407723308928,193.1063775734653,180.16311095192532,57.0316133924965,81.27323311612139,9.609218994488188
2016-12-02 00:00:00-05:00,188.54749754901323,189.0453256308212,188.19558256234671,188.5560760498047,74840300,0.0,0.0,0.0,187.102530670166,185.52050323486327,184.78814620971679,1.4294163096821535,192.5890589219189,181.6160024184131,57.208489096424955,74.34453901381428,9.609218994447152
2016-12-05 00:00:00-05:00,189.38866909419724,190.0324103393807,189.19125877948673,189.6890869140625,67837800,0.0,0.0,0.0,187.63683624267577,185.72135162353516,184.91391830444337,1.4320371408276742,191.6985261421803,183.57514634317124,59.290042530316754,92.27903615080957,14.021247857560832
2016-12-06 00:00:00-05:00,189.8779262461013,190.32425719424867,189.3972681928425,190.2899169921875,59877400,0.0,0.0,0.0,188.00376892089844,185.91618957519532,185.00615005493165,1.4657004519080488,191.58011654444462,184.42742129735225,60.34816059661978,93.88143748749478,15.285965054665207
2016-12-07 00:00:00-05:00,190.1353752648461,192.83908265035777,190.01521078319993,192.7790069580078,110738100,0.0,0.0,0.0,188.4539581298828,186.2145980834961,185.18413391113282,1.6739315851913545,192.05578910854487,184.85212715122074,64.3222952110809,125.79967381762394,25.106247215248462
2016-12-08 00:00:00-05:00,192.75326842189756,193.72316282546717,192.4871777514861,193.25108337402344,99714400,0.0,0.0,0.0,188.83032836914063,186.54104359944662,185.37112248738606,1.855658009580452,192.78660329148173,184.87405344679954,65.01033567268829,141.82986530894377,28.135865136679435
2016-12-09 00:00:00-05:00,193.4742805845847,194.43559661331304,193.43994038530235,194.41842651367188,88005800,0.0,0.0,0.0,189.24189529418945,186.922710164388,185.5472511291504,2.0700105525401113,193.7187340074247,184.7650565809542,66.65528876964015,150.3354063326372,30.48023785534334
2016-12-12 00:00:00-05:00,194.3239944590801,194.80466553044005,193.7746691887591,194.19525146484375,102016100,0.0,0.0,0.0,189.66375808715821,187.3149622599284,185.73150380452475,2.196557577430582,194.34381024827087,184.98370592604556,66.04124496376954,143.97972827037657,31.674726580454806
2016-12-13 00:00:00-05:00,194.85616816380937,195.9891458355372,194.83899806511636,195.49131774902344,110477500,0.0,0.0,0.0,190.14313049316405,187.75013071695963,185.93678563435873,2.3740620147302707,195.1539913587407,185.1322696275874,67.82209495206332,157.58101924758088,35.36199979835719
2016-12-14 00:00:00-05:00,195.19096262236184,195.894779684129,193.43997882556815,193.8777313232422,142501800,0.0,0.0,0.0,190.46929321289062,188.17557271321616,186.11503041585286,2.357358459962825,195.56437781380987,185.37420861197137,63.53117196455792,130.03284920287277,26.988492407695595
2016-12-15 00:00:00-05:00,194.117999566894,195.53422484677,193.88624908760528,194.6759033203125,124972600,0.0,0.0,0.0,190.85296096801758,188.66395619710286,186.27224502563476,2.381078985652465,196.0042038939265,185.70171804210867,64.67481751740911,131.62816063811374,26.988492407491087
2016-12-16 00:00:00-05:00,195.13269223208167,195.19313521240463,193.97576510784415,194.2952117919922,156420200,1.329,0.0,0.0,191.16952819824218,189.16711832682293,186.40366083780924,2.3421600848805895,196.35129022584158,185.98776617064277,63.689363131227395,122.62195702285658,26.98849240733563
2016-12-19 00:00:00-05:00,194.47647044038385,195.14127715795195,194.32969732660885,194.7182159423828,90341100,0.0,0.0,0.0,191.5282760620117,189.69095967610676,186.55914993286132,2.3187207064166273,196.64604649602825,186.41050562799518,64.31437645781439,122.62281477695721,26.98849240722386
2016-12-20 00:00:00-05:00,195.25348472013317,195.6161161046466,195.02038148255485,195.4693298339844,89838800,0.0,0.0,0.0,191.853768157959,190.1082285563151,186.75219217936197,2.3338502706946542,197.1098284740776,186.5977078418404,65.40811633216828,126.2422179069585,28.702838720645335
2016-12-21 00:00:00-05:00,195.3399104376617,195.51258396675533,194.9254913330078,194.9254913330078,67909000,0.0,0.0,0.0,192.13361206054688,190.4799041748047,186.91714350382486,2.2757242053565676,197.4194846248384,186.84773949625537,63.940263251863314,109.13143697671575,28.081125030840166
2016-12-22 00:00:00-05:00,194.77873574493577,194.8996085436194,194.19162988408144,194.5887908935547,56219100,0.0,0.0,0.0,192.39147262573243,190.77540791829426,187.06117579142253,2.177390367481678,197.62525386617668,187.1576913852882,63.034270615045266,88.14965668781474,23.315327744419104
2016-12-23 00:00:00-05:00,194.63185279867156,194.88224051219453,194.4419212157051,194.8736114501953,36697800,0.0,0.0,0.0,192.6283851623535,191.06495869954426,187.2379948933919,2.098255349534128,197.86112893389603,187.395641390811,63.487010282390926,84.9684752696543,23.315327744365263
2016-12-27 00:00:00-05:00,195.14124108232025,195.75423378687208,195.1239697856156,195.35708618164065,42672500,0.0,0.0,0.0,192.9341018676758,191.38492838541666,187.39969711303712,2.0509110223169387,198.04707152330266,187.82113221204892,64.25575319438903,93.36245312015583,26.779722538073823
2016-12-28 00:00:00-05:00,195.61614696434052,195.63340509079023,193.6303689688124,193.7425994873047,64095000,0.0,0.0,0.0,193.14064025878906,191.6462193806966,187.54192988077799,1.8616547217032462,198.01678424404514,188.26449627353298,59.899240428198205,64.08289450330471,17.383154720093135
2016-12-29 00:00:00-05:00,193.8116934218026,194.1656826661672,193.25913030768336,193.699462890625,48696100,0.0,0.0,0.0,193.36776580810547,191.85771891276042,187.69917984008788,1.6887204588468308,197.8715769499952,188.86395466621576,59.78720126390725,45.62555774434504,15.187982790875882
2016-12-30 00:00:00-05:00,194.02753979431756,194.11388313342871,192.30077840524552,192.99148559570312,108998300,0.0,0.0,0.0,193.59425430297853,192.0573501586914,187.83103917439777,1.4775091529245685,197.47122581937893,189.71728278657812,57.94695529043685,28.002022922621084,9.708998175157493
2017-01-03 00:00:00-05:00,194.29517831857413,194.9772564188593,193.29366676331895,194.4678649902344,91366500,0.0,0.0,0.0,193.88984375,192.2741500854492,187.98535970052083,1.4129663532281143,196.96878091311595,190.81090658688407,60.56542027728343,52.99700684235781,13.541627500370122
2017-01-04 00:00:00-05:00,194.79596555681337,195.77159004486924,194.78733649178588,195.62481689453125,78744400,0.0,0.0,0.0,194.18663024902344,192.5435353597005,188.16954879760743,1.4385889116067005,196.64176176253352,191.73149873551336,62.46029610498204,80.03109889777976,16.898900920524127
2017-01-05 00:00:00-05:00,195.3570993331971,195.62474516651017,194.6750213959088,195.4693298339844,78379000,0.0,0.0,0.0,194.4456008911133,192.76053009033203,188.33512420654296,1.4298658637787014,196.14705934945593,192.74414243277064,62.045802200750124,72.99772118746631,16.238680778202664
2017-01-06 00:00:00-05:00,195.58161075861804,196.6349361687553,195.03767675239263,196.1687164306641,71559900,0.0,0.0,0.0,194.6150863647461,192.98853352864583,188.55140914916993,1.4625283227508135,196.29268800589233,192.93748472359988,63.182676963460175,89.93747940110254,20.420526658354458
2017-01-09 00:00:00-05:00,195.90971312891796,196.0478571994196,195.48665185331055,195.5211944580078,46939700,0.0,0.0,0.0,194.7285919189453,193.19152069091797,188.7528973897298,1.4197974044942612,196.322726365932,193.13445747195863,61.420590328118024,79.70994167918545,20.420526658283233
2017-01-10 00:00:00-05:00,195.53845258621277,196.37593289918135,195.132662612954,195.5211944580078,63771900,0.0,0.0,0.0,194.78373031616212,193.3710484822591,188.96439946492512,1.3701387374329386,196.40868170755994,193.1587789247643,61.42059032811802,76.5573387445967,18.20742006283696
2017-01-11 00:00:00-05:00,195.43486973878856,196.0737762451172,194.77006286354137,196.0737762451172,74650000,0.0,0.0,0.0,194.87765655517578,193.59874928792317,189.18353703816732,1.3596988560866805,196.57494149163574,193.1803716187158,62.37877826714712,73.47896495078122,15.94938360744915
2017-01-12 00:00:00-05:00,195.5556731266002,195.77151824042647,194.22607302205208,195.58157348632812,72113200,0.0,0.0,0.0,194.882169342041,193.79774068196613,189.40505727132162,1.296760280472256,196.5867883560583,193.17755032802373,60.98313130011365,55.75650586341337,12.610870594325036
2017-01-13 00:00:00-05:00,195.75432095711008,196.33278449998423,195.71979152246405,196.03060913085935,62717900,0.0,0.0,0.0,194.98981323242188,194.02686258951823,189.61503575642902,1.2684920429537954,196.699258971541,193.28036749330275,61.789950713404274,88.58375412633332,15.216411093854974
2017-01-17 00:00:00-05:00,195.39165973646453,195.7974496687788,194.95134037708073,195.33985900878903,61240800,0.0,0.0,0.0,195.02301101684571,194.25613403320312,189.80534795125325,1.176786239798929,196.73257687407892,193.3134451596125,59.821411836003854,59.49970232854503,10.548074297168533
2017-01-18 00:00:00-05:00,195.59026018207095,195.8147475980489,195.03769705481952,195.7715759277344,54793300,0.0,0.0,0.0,195.09682922363282,194.49665069580078,190.00857696533203,1.1259652509205296,196.80156556114628,193.39209288611937,60.63231204531346,69.1589879379279,10.632394001090073
2017-01-19 00:00:00-05:00,195.84920207759552,195.9873461000762,194.61457445878975,195.0462646484375,66608800,0.0,0.0,0.0,195.11323165893555,194.67522328694662,190.1982874552409,1.0154571347793535,196.80891822188735,193.41754509598374,58.577591010031306,44.8210593751893,8.055007005045507
2017-01-20 00:00:00-05:00,195.72835108023335,196.2550136970366,195.09808702213783,195.7628936767578,129168600,0.0,0.0,0.0,195.1279098510742,194.85765584309897,190.38692270914714,0.9744715288392456,196.84156228832606,193.41425741382236,59.96431251352776,81.29827742509102,9.435731546652079
2017-01-23 00:00:00-05:00,195.76291406722495,195.82334385622627,194.4937435826371,195.2535095214844,75061600,0.0,0.0,0.0,195.14431076049806,194.9401392618815,190.5773686726888,0.8906205769972644,196.8560838906777,193.43253763031842,58.52365861583645,28.102199439538598,5.727406387455565
2017-01-24 00:00:00-05:00,195.46941039248264,196.91989700590233,195.357179845442,196.50547790527344,95555300,0.0,0.0,0.0,195.240145111084,195.04861907958986,190.79483133951823,0.9146479863464378,197.0336294383159,193.44666078385208,60.91140422646183,137.95583365568342,11.36499116830815
2017-01-25 00:00:00-05:00,197.45514871677423,198.206298828125,197.2911042881558,198.206298828125,84437700,0.0,0.0,0.0,195.40677947998046,195.1748814900716,191.0487958272298,1.0587275631711464,197.6257011878911,193.1878577720698,63.837163483922616,291.0740790182771,17.362295559995104
2017-01-26 00:00:00-05:00,198.0594837402296,198.3271427646296,197.72276586826823,197.99905395507812,59970700,0.0,0.0,0.0,195.53887786865235,195.30167490641276,191.30831858317057,1.1430127965865324,198.0417428454455,193.0360128918592,63.240496166333145,268.77092864594306,17.902122066495277
2017-01-27 00:00:00-05:00,198.07678158622687,198.22355471171284,197.50694721141585,197.68826293945312,59711100,0.0,0.0,0.0,195.73616104125978,195.37490641276042,191.56251856486003,1.171230003325519,198.2647516344425,193.20757044807706,62.33661815162639,215.36392088823777,16.496155694846497
2017-01-30 00:00:00-05:00,196.99755678958624,197.0234571545579,195.47801162329733,196.46226501464844,79737300,0.0,0.0,0.0,195.87430114746093,195.4610575358073,191.8183151245117,1.082189746759667,198.23038367604957,193.51821861887228,58.901172886952025,78.43464826107989,4.389788047764718
2017-01-31 00:00:00-05:00,195.97008442231504,196.5053892421666,195.40026335635784,196.4449462890625,75880800,0.0,0.0,0.0,196.0469741821289,195.52002563476563,192.09199091593425,0.9987146645401594,197.98205389061206,194.11189447364575,58.85377449918819,56.08047500090278,3.961515162988167
2017-02-01 00:00:00-05:00,196.4450497374177,197.36023135846395,195.93565818217823,196.5227508544922,79117700,0.0,0.0,0.0,196.14971847534179,195.59427693684896,192.38069763183594,0.9281392273991287,197.94492752797711,194.35450942270646,59.00708110806669,91.20622545661713,8.243243101577047
2017-02-02 00:00:00-05:00,196.52269142412752,196.9371236048232,195.83199747125343,196.65220642089844,69657600,0.0,0.0,0.0,196.20108795166016,195.65874328613282,192.6748514811198,0.8725949360486993,197.9918466754007,194.41032922791962,59.268298645462714,74.14500584590196,7.641232747477415
2017-02-03 00:00:00-05:00,197.55878770560432,198.1890519584961,197.24797011152236,198.0077362060547,80563200,0.0,0.0,0.0,196.32800827026367,195.74335683186848,192.9257926940918,0.9272666571849015,198.2550301043756,194.40098643615173,61.89826295853756,166.24345735800708,13.641838606579793
2017-02-06 00:00:00-05:00,197.60188580261516,197.99904661915417,197.31696866395163,197.6536865234375,57790100,0.0,0.0,0.0,196.40225677490236,195.83429667154948,193.15710042317707,0.931290205818641,198.41592086597132,194.3885926838334,60.836902749420794,137.36134997905316,13.641838606529193
2017-02-07 00:00:00-05:00,198.0422277933067,198.2839732848533,197.47239348860057,197.6623382568359,57931200,0.0,0.0,0.0,196.50931396484376,195.9367482503255,193.3560780843099,0.9245197317051179,198.5531913062497,194.46543662343782,60.85387093242258,134.1861549519855,14.987085547906231
2017-02-08 00:00:00-05:00,197.662385125425,198.0509038165239,197.11845105339995,197.92140197753903,51566200,0.0,0.0,0.0,196.62932434082032,196.03834126790363,193.55164998372396,0.9293454435901651,198.71043623370488,194.54821244793575,61.37229357037193,115.99538262845897,12.730443698816089
2017-02-09 00:00:00-05:00,197.92135251854037,199.3977258106109,197.92135251854037,199.09555053710935,65955200,0.0,0.0,0.0,196.78041305541993,196.16295674641927,193.77394256591796,1.0161997132824752,199.11502488371565,194.4458012271242,63.630541774151084,168.11271216547297,18.988788950040835
2017-02-10 00:00:00-05:00,199.44095192542116,200.1057587872664,199.11286302687384,199.8812713623047,66015900,0.0,0.0,0.0,196.99539794921876,196.3675791422526,194.00689926147462,1.1353458911107168,199.63689651443184,194.35389938400567,65.04518908956184,197.02341484432594,22.029624393698203
2017-02-13 00:00:00-05:00,200.3734118857749,201.22816359590007,200.347511516451,200.9691467285156,55182100,0.0,0.0,0.0,197.24232482910156,196.60990193684896,194.2338104248047,1.3025377019147868,200.3806649501936,194.10398470800953,66.88981011667931,227.0964494253065,26.55082724624521
2017-02-14 00:00:00-05:00,200.78784112005812,201.78073696620413,200.44249406218304,201.7720947265625,71109000,0.0,0.0,0.0,197.56393661499024,196.9025889078776,194.4799695332845,1.4827375341335198,201.16552559792248,193.962347632058,68.172251855564,218.45008136035332,28.65768518438007
2017-02-15 00:00:00-05:00,201.55619265961616,203.01530793966828,201.50439193296327,202.8253631591797,86785800,0.0,0.0,0.0,197.9166259765625,197.1811721801758,194.7276611328125,1.6910438584551741,202.11177635817808,193.72147559494692,69.76156748037127,232.23265800320524,33.09342926985774
2017-02-16 00:00:00-05:00,202.85128382436127,203.0325995599349,201.90157300101112,202.6527099609375,84722400,0.0,0.0,0.0,198.2969482421875,197.41543528238932,194.97948532104493,1.8212027593208688,202.76661745823537,193.82727902613965,69.17581071388581,204.46402138154883,33.153649148059934
2017-02-17 00:00:00-05:00,201.9878689318468,202.9721221923828,201.97059763278023,202.9721221923828,77204100,0.0,0.0,0.0,198.65740966796875,197.6655283610026,195.21302922566733,1.9279048367603195,203.41981505122428,193.89500428471322,69.66330499049933,185.3447217860482,33.15364914788114
2017-02-21 00:00:00-05:00,203.3433974707437,204.3535511663621,203.33475523351055,204.18087768554688,88946100,0.0,0.0,0.0,199.10377807617186,197.93260040283204,195.46056696573893,2.0859578446161606,204.18562743972623,194.0219287126175,71.43205722032488,203.79055913237048,37.929959278980526
2017-02-22 00:00:00-05:00,203.77515950238688,204.22410807573812,203.611115026908,203.9996337890625,62115200,0.0,0.0,0.0,199.47848587036134,198.21521504720053,195.70336786905924,2.1715587468393096,204.85053413784152,194.10643760288116,70.79183595252765,175.07170855664512,37.92995927885611
2017-02-23 00:00:00-05:00,204.51756956766448,204.53482769165117,203.37790102580385,204.13768005371097,74615900,0.0,0.0,0.0,199.77505493164062,198.50243123372397,195.93673985799154,2.2248901101845036,205.49501727415952,194.05509258912173,70.99665463095954,154.36588839456954,38.97944751283713
2017-02-24 00:00:00-05:00,203.29158722240828,204.43987174441176,203.24841556069097,204.3967132568359,82381600,0.0,0.0,0.0,200.0949378967285,198.7798624674479,196.18930587768554,2.2619826861580066,206.10491902776533,194.0849567656917,71.3861440994777,137.32928477663083,37.97374944243811
2017-02-27 00:00:00-05:00,204.31038133531447,204.8888447470126,204.0600067620078,204.71617126464844,56515400,0.0,0.0,0.0,200.4463333129883,199.0843490600586,196.44104487101237,2.290750070393983,206.6814382823097,194.21122834366687,71.8681228998143,134.83865863128554,39.54297816324395
2017-02-28 00:00:00-05:00,204.33629348744313,204.5780390115281,203.77510134384804,204.1636199951172,96961900,0.0,0.0,0.0,200.8314010620117,199.3554494222005,196.69115600585937,2.2431050414379854,206.98117064335554,194.68163148066787,69.76543922752836,113.7311094761234,37.26332398949684
2017-03-01 00:00:00-05:00,205.82130952261863,207.4876410025438,205.80403822111904,207.0214080810547,149158200,0.0,0.0,0.0,201.36022415161133,199.74483439127604,197.00048421223957,2.408185563596362,207.73658736620482,194.98386093701785,73.85769047703178,155.32602808848173,46.49737383834266
2017-03-02 00:00:00-05:00,206.83148299232383,206.8401252309685,205.66592692584172,205.7177276611328,70246000,0.0,0.0,0.0,201.81997299194336,200.0763727823893,197.28651173909506,2.4060811464492247,208.05206052379967,195.58788546008705,69.42335446228742,127.6469958799539,45.446158148525235
2017-03-03 00:00:00-05:00,205.63138382461676,206.01127344802936,205.25149420120417,205.84722900390625,81974300,0.0,0.0,0.0,202.27972412109375,200.4364049275716,197.55581410725912,2.3873432498577927,208.25811334105475,196.30133490113275,69.61084436968522,110.64347261296942,42.276993707851354
2017-03-06 00:00:00-05:00,205.05290667695087,205.5881984702343,204.62984541100997,205.23422241210935,55391500,0.0,0.0,0.0,202.64104843139648,200.75211588541666,197.8048858642578,2.296555560021943,208.40186851503864,196.88022834775433,67.58161675868635,92.64337805951374,37.62380785856231
2017-03-07 00:00:00-05:00,204.9320333839673,205.28602261532427,204.41399971982815,204.6212158203125,65103700,0.0,0.0,0.0,202.98942489624022,201.06437276204426,198.00225601196288,2.1503532195226285,208.3059025396958,197.67294725278464,65.60326916129836,79.84101155255793,36.02587402861743
2017-03-08 00:00:00-05:00,204.91476888907812,205.1737857297519,204.103188936234,204.2413330078125,78168800,0.0,0.0,0.0,203.31837463378906,201.32223459879557,198.1854268391927,1.980997734435988,208.02634552966353,198.6104037379146,64.39480817748444,69.76192493645942,33.713194597805625
2017-03-09 00:00:00-05:00,204.3621916313429,204.82842454711275,203.5333536075299,204.50033569335935,90683900,0.0,0.0,0.0,203.64732131958007,201.53203582763672,198.35345865885418,1.8463975232073437,207.631217903132,199.66342473602813,64.85146739647756,61.22180370282001,29.536221416588024
2017-03-10 00:00:00-05:00,205.45869499173256,205.50186665919932,204.267225475195,205.21694946289065,81991700,0.0,0.0,0.0,203.95339126586913,201.7726323445638,198.5371536254883,1.7770657208317573,207.36423591991826,200.54254661182,66.09607656703238,71.94612527318498,32.12831231113046
2017-03-13 00:00:00-04:00,205.1564969575733,205.363713047296,204.82842128319064,205.3205413818359,57256800,0.0,0.0,0.0,204.2253547668457,202.02704162597655,198.7009740193685,1.7107582142615456,207.09327155966625,201.35743797402515,66.27466202618857,71.83076668995116,32.12831231103328
2017-03-14 00:00:00-04:00,204.7766576863683,204.8284716021348,203.9219191013369,204.534912109375,59880800,0.0,0.0,0.0,204.40364303588868,202.29612986246744,198.87859369913738,1.5766407875015602,206.82832740132397,201.97895867045338,63.64456078920202,52.618485075517896,25.47909142284886
2017-03-15 00:00:00-04:00,205.1047261295561,206.72788613365728,204.87160964140136,206.30482482910156,96081800,0.0,0.0,0.0,204.63027954101562,202.62479248046876,199.0724090576172,1.5947852337788788,206.85870175317606,202.4018573288552,66.72232516184448,86.25926567925579,32.80841534262368
2017-03-16 00:00:00-04:00,206.4428748732539,206.5205759425307,205.5708654672685,205.89894104003903,78344000,0.0,0.0,0.0,204.7839584350586,202.9373321533203,199.26580454508465,1.5584485833441022,206.90985372353975,202.65806314657743,65.4086906779453,84.01647968513625,32.80841534245678
2017-03-17 00:00:00-04:00,206.16178465453643,206.35255581872713,205.53744506835935,205.53744506835935,89002100,1.033,0.0,0.0,204.92819519042968,203.23350677490234,199.44612503051758,1.483382314369834,206.82427055033855,203.0321198305208,64.24334036984197,76.76158669278097,32.56291832633786
2017-03-20 00:00:00-04:00,205.53740145185947,205.823558137421,204.9217418329027,205.31195068359375,52537000,0.0,0.0,0.0,205.04518661499023,203.47698059082032,199.61016871134441,1.389676912663731,206.707400753205,203.38297247677545,63.51314315570933,61.4529919293386,28.051748276047928
2017-03-21 00:00:00-04:00,205.91900007984685,206.04039871622197,202.5458380782888,202.6759033203125,131809300,0.0,0.0,0.0,204.9699378967285,203.6443878173828,199.73934224446614,1.0901412451659667,206.9099469178149,203.02992887564213,55.83805963717774,6.348706368358795,12.736862844098354
2017-03-22 00:00:00-04:00,202.7105512985133,203.4389429554005,202.086211812194,203.1527862548828,97569200,0.0,0.0,0.0,204.92759552001954,203.82740275065103,199.88207550048827,0.8810809848395422,206.98988646635289,202.8653045736862,56.81470572908401,-34.307432651594105,10.101616689653508
2017-03-23 00:00:00-04:00,203.15278881772713,204.07195161988832,202.56314220179587,202.93600463867188,100410300,0.0,0.0,0.0,204.86751174926758,203.9945561726888,200.0164487202962,0.6899534042611037,207.09046499377004,202.64455850476512,56.2299284025123,-34.847005931271305,12.999010364775701
2017-03-24 00:00:00-04:00,203.23951955970136,203.81181976966536,202.0081869390864,202.78860473632812,112504900,0.0,0.0,0.0,204.7871063232422,204.11765797932944,200.14030736287435,0.5205884596977342,207.19074951647139,202.383463130013,55.825759950990005,-63.7030601836291,9.789864541759254
2017-03-27 00:00:00-04:00,201.115011690091,202.8406185139592,200.83753482201905,202.5804748535156,87454500,0.0,0.0,0.0,204.68032150268556,204.20763142903647,200.28760528564453,0.36535954142860305,207.27907661171352,202.0815663936576,55.24572513953113,-117.80172884320498,3.382839720659048
2017-03-28 00:00:00-04:00,202.27699348014863,204.47951500442747,202.16426146852515,204.05462646484375,93483900,0.0,0.0,0.0,204.67487182617188,204.31048075358072,200.46019134521484,0.3571739415068578,207.27864149855054,202.07110215379322,58.41179544991719,-41.48053785443315,10.91221982388293
2017-03-29 00:00:00-04:00,203.76844675436723,204.47949192913052,203.54298275656367,204.245361328125,61950400,0.0,0.0,0.0,204.53606948852538,204.3929229736328,200.64775594075522,0.3619056806161609,206.8978753765796,202.17426360047116,58.80189411807274,-15.961657779140483,10.91221982383267
2017-03-30 00:00:00-04:00,204.18464582267345,205.0951418524201,204.01122115782977,204.89569091796875,56737900,0.0,0.0,0.0,204.49496765136718,204.4619338989258,200.8215530395508,0.41336674628058745,206.7980698072154,202.19186549551895,60.12128106739441,19.29625293252689,13.618389770984328
2017-03-31 00:00:00-04:00,204.55758560527133,205.0865396336721,204.3668144323098,204.4188537597656,73733100,0.0,0.0,0.0,204.42354888916014,204.52080535888672,200.968120320638,0.4109362210467111,206.6369291372882,202.21016864103208,58.69547842726346,11.915428132533973,13.618389770934302
2017-04-03 00:00:00-04:00,204.470833499766,204.6702712330258,202.83194569012235,204.0632781982422,85546500,0.0,0.0,0.0,204.36500167846677,204.5571772257487,201.11135279337566,0.37598392746792797,206.54985602628668,202.18014733064686,57.640975997632765,-52.30109665151154,5.100615726636705
2017-04-04 00:00:00-04:00,203.77713743738263,204.280078343088,203.39559514812635,204.193359375,56466200,0.0,0.0,0.0,204.34360885620114,204.5575932820638,201.2450968424479,0.3546917807590546,206.52627780728443,202.16093990511786,57.927032544347526,-44.20189631886726,5.100615726613919
2017-04-05 00:00:00-04:00,204.86972342901407,205.8495921888457,203.37824716313773,203.58636474609375,108800600,0.0,0.0,0.0,204.31086044311522,204.54381764729817,201.37951634724934,0.28554660390048525,206.51949026054288,202.10223062568755,56.098303664278376,-20.099045109431373,12.295744553401674
2017-04-06 00:00:00-04:00,203.72507732476717,204.6789196571488,203.28282918541828,204.1586456298828,69135800,0.0,0.0,0.0,204.29377593994138,204.54451649983724,201.5234738667806,0.2737709762491818,206.50152057660873,202.08603130327404,57.4096778053862,-38.937107340686204,11.762825966402435
2017-04-07 00:00:00-04:00,203.9071867839799,204.6442582609768,203.4649518366553,203.95054626464844,74412300,0.0,0.0,0.0,204.23045578002927,204.52964426676434,201.6547533671061,0.24482464081992816,206.39901174933163,202.0618998107269,56.77176331005532,-40.54080641916625,11.762825966331059
2017-04-10 00:00:00-04:00,204.08930688910144,204.86972467488317,203.54300650018013,204.07196044921875,67615300,0.0,0.0,0.0,204.16802673339842,204.50817057291667,201.79625981648763,0.22904132561092183,206.27547730822465,202.0605761585722,57.05974436319584,-27.688924564068003,12.809151052667037
2017-04-11 00:00:00-04:00,203.69040229352737,203.9331995071442,202.33767118010337,203.8291473388672,88045300,0.0,0.0,0.0,204.13273849487302,204.497021484375,201.92623545328777,0.19469561599620988,206.23795666407528,202.02752032567076,56.284019940918604,-86.67658104992294,5.866536791029309
2017-04-12 00:00:00-04:00,203.55167752902952,203.7424486651146,202.7105538557787,202.93600463867188,81864400,0.0,0.0,0.0,203.96429748535155,204.3608413696289,202.05283788045247,0.0943199800603054,205.86712071857085,202.06147425213226,53.515611813671605,-100.7233655054145,5.866536790994646
2017-04-13 00:00:00-04:00,202.5977884839016,203.3348598638877,201.617919921875,201.617919921875,92880400,0.0,0.0,0.0,203.75024642944334,204.22418111165365,202.1502769470215,-0.09054313068878628,205.69932351825722,201.80116934062946,49.777727936760186,-166.1852522808301,0.0978636751562359
2017-04-17 00:00:00-04:00,202.13822576308056,203.4042510986328,201.9387880376458,203.4042510986328,68405400,0.0,0.0,0.0,203.643586730957,204.1427485148112,202.2895767211914,-0.09184771753783139,205.40533765931968,201.8818358025943,54.25704155149061,-100.68928987288858,0.27126822088463864
2017-04-18 00:00:00-04:00,202.66717600787345,203.3348749236641,202.11220908904167,202.7972412109375,83225800,0.0,0.0,0.0,203.5178512573242,204.06151580810547,202.40681584676108,-0.14024557328943388,205.1309270612495,201.90477545339888,52.60765996254596,-106.68296608977336,0.2712682208827108
2017-04-19 00:00:00-04:00,203.3609172502775,203.73377970706045,202.19894393259753,202.4244079589844,68699900,0.0,0.0,0.0,203.50527648925782,203.98828887939453,202.5263308207194,-0.20630756500801795,205.14960606186736,201.8609469166483,51.61076937261752,-95.9379993787554,2.483576635824803
2017-04-20 00:00:00-04:00,203.0400655952371,204.51420866175764,202.71922923042013,204.07196044921875,92572200,0.0,0.0,0.0,203.5512351989746,203.9826431274414,202.65243886311848,-0.12428576368611743,205.20543438930474,201.89703600864448,55.468351348238535,-15.86455353506159,6.673607666983142
2017-04-21 00:00:00-04:00,203.99391375359457,204.0459398398568,203.0227248594819,203.42160034179688,110389800,0.0,0.0,0.0,203.57551498413085,203.94668528238932,202.739360555013,-0.11048788502387197,205.20577408272723,201.94525588553446,53.719564724045895,-35.46194081953194,6.673607666943259
2017-04-24 00:00:00-04:00,205.66752585869995,205.86697687454975,203.39563138971576,205.6588592529297,119209900,0.0,0.0,0.0,203.71902770996093,203.96141560872397,202.86702397664388,0.08005233629788222,205.55053356238074,201.88752185754112,58.388236048421696,83.1374039654418,15.7166240201895
2017-04-25 00:00:00-04:00,206.30050177430596,207.20231814801264,206.2137828090746,206.85546875,76698300,0.0,0.0,0.0,203.93277740478516,204.01257985432943,203.019810740153,0.3238797364011816,206.1599136904243,201.705641119146,60.58803700998493,208.21619002543085,21.48753286247766
2017-04-26 00:00:00-04:00,206.82075787532537,207.70524096418976,206.68202606706552,206.72537231445312,84702500,0.0,0.0,0.0,204.06631469726562,204.0855951944987,203.19086252848308,0.5008435993285048,206.62047502408663,201.51215437044462,60.229927535622735,200.34083522044668,23.527576548404905
2017-04-27 00:00:00-04:00,207.0462916974978,207.202369996222,206.36124610253788,206.8988800048828,57410300,0.0,0.0,0.0,204.19899063110353,204.10539703369142,203.36509475708007,0.6476239504388559,207.0506587150319,201.34732254717517,60.551615446499355,177.39640567658404,21.445430567213087
2017-04-28 00:00:00-04:00,207.15895170561492,207.18496474801913,206.31782805066376,206.44790649414065,63532800,0.0,0.0,0.0,204.2766014099121,204.12369588216146,203.5305140177409,0.7192673762303343,207.28811665009516,201.26508616972905,59.2627263607172,160.48307541143348,21.159479968921882
2017-05-01 00:00:00-04:00,206.96812438964844,207.39302601933196,206.55190259271404,206.96812438964844,66882500,0.0,0.0,0.0,204.40406494140626,204.1713851928711,203.70244598388672,0.8087003496262071,207.64777741425686,201.16035246855566,60.271852913496765,170.39409316910235,22.06910761487912
2017-05-02 00:00:00-04:00,207.10692681966847,207.22832542874272,206.6386788222267,207.04623413085935,57375700,0.0,0.0,0.0,204.5532127380371,204.22919464111328,203.85308761596679,0.8757839366326721,207.9989715803665,201.10745389570772,60.424127468814135,156.8348602236578,22.06910761480448
2017-05-03 00:00:00-04:00,207.04620052322667,207.1415860742632,206.11835805119355,206.7947235107422,73137700,0.0,0.0,0.0,204.68328094482422,204.36648864746093,204.00543823242188,0.8982983335471317,208.26553186408273,201.1010300255657,59.66239217537416,124.72518546727109,18.412828390191798
2017-05-04 00:00:00-04:00,207.09822727291336,207.176266388164,206.18773123396085,207.0375213623047,61462700,0.0,0.0,0.0,204.85583877563477,204.49597981770833,204.16169128417968,0.9250692898463626,208.54645779452406,201.16521975674547,60.16390519936393,117.45861125460416,18.580977503767382
2017-05-05 00:00:00-04:00,207.41047186494,207.87005335153967,206.96822358924155,207.8527069091797,62001300,0.0,0.0,0.0,205.0405418395996,204.6598698933919,204.32721303304035,1.0005306321124579,208.9476477120461,201.1334359671531,61.81291585920399,138.82683246327474,21.911601398548882
2017-05-08 00:00:00-04:00,207.89604755921135,208.04345922726577,207.39310662801896,207.81800842285156,48385700,0.0,0.0,0.0,205.23391494750976,204.8275166829427,204.47258733113605,1.0454827374615832,209.2937147742659,201.1741151207536,61.70045215906324,132.1851677418634,22.728894375025366
2017-05-09 00:00:00-04:00,208.0781120190344,208.27754973957025,207.28033467398123,207.627197265625,51363200,0.0,0.0,0.0,205.41167678833008,204.99574076334636,204.6016860961914,1.0535658873727698,209.5674604832579,201.25589309340228,61.06838091067482,119.10454771473661,23.84203451442123
2017-05-10 00:00:00-04:00,207.58386961040983,208.0000915527344,207.3757520235191,208.0000915527344,54293800,0.0,0.0,0.0,205.62022399902344,205.12725626627605,204.7188685099284,1.0776389435412739,209.85940735676905,201.38104064127782,61.8583006181529,110.46653343561745,23.842034514326457
2017-05-11 00:00:00-04:00,207.54916701215808,207.7399381378494,206.49125921749004,207.57518005371097,62358300,0.0,0.0,0.0,205.8521827697754,205.23825022379557,204.8155865987142,1.0503227404059885,209.97915262778804,201.72521291176275,60.413361671360285,82.08220368622297,17.025402242215232
2017-05-12 00:00:00-04:00,207.323702823502,207.61852611513945,206.9595070106342,207.2283172607422,53912700,0.0,0.0,0.0,206.13270263671876,205.31600443522134,204.88896916707355,0.9892817004431436,209.78300521536988,202.48240005806764,59.244713971009375,76.06092557448827,17.025402242142995
2017-05-15 00:00:00-04:00,207.6532150547437,208.4943386654643,207.6358686169011,208.37294006347656,61918900,0.0,0.0,0.0,206.38113708496093,205.44780731201172,204.98430633544922,1.0214925998306228,209.9243200067122,202.83795416320964,61.76930335550265,101.57159232351076,21.59829153757362
2017-05-16 00:00:00-04:00,208.66775380957856,208.69376684942557,207.79195059466824,208.18215942382812,51241800,0.0,0.0,0.0,206.65038299560547,205.5851033528646,205.07114028930664,1.0198691497510879,209.84846447318847,203.45230151802247,61.11653261856948,96.49224901019439,22.60306446392304
2017-05-17 00:00:00-04:00,208.1821718634837,208.1821718634837,204.42746852090303,204.48817443847656,172174100,0.0,0.0,0.0,206.7535713195801,205.59493052164714,205.07626190185547,0.7122979105467664,209.47522014770522,204.03192249145496,50.4396570562097,3.6546320229816205,0.19335364050925524
2017-05-18 00:00:00-04:00,204.4101211476201,206.16174090554728,204.14997750334095,205.31195068359375,107047700,0.0,0.0,0.0,206.81557083129883,205.65245005289714,205.09813385009767,0.528920282170418,209.32850047160062,204.30264119099704,52.3596422660485,-16.058625624844776,1.345180719823517
2017-05-19 00:00:00-04:00,205.79753343459836,207.3150225035401,205.74550735498167,206.64732360839844,115011400,0.0,0.0,0.0,206.97685699462892,205.73540598551432,205.13996124267578,0.48574624502612096,208.92266922963532,205.03104475962252,55.26580397251031,32.99835277791326,4.9312909483876775
2017-05-22 00:00:00-04:00,207.15894524650497,207.86133706388557,207.0895859565603,207.6965789794922,61010600,0.0,0.0,0.0,207.07874298095703,205.8602737426758,205.19495900472006,0.5300861458689496,208.94577815161205,205.21170781030202,57.379141414549665,67.09496375929571,7.731538463645451
2017-05-23 00:00:00-04:00,208.0695157506077,208.32099288448092,207.68797336228988,208.15623474121097,48341700,0.0,0.0,0.0,207.14378128051757,205.9964162190755,205.2522933959961,0.5954522127533721,209.0678222070551,205.21974035398006,58.2725010581929,82.59879054926346,10.037922095428083
2017-05-24 00:00:00-04:00,208.3903055789895,208.7458215828506,208.0521095516462,208.6417694091797,46927700,0.0,0.0,0.0,207.2396011352539,206.1568369547526,205.3269292195638,0.6786112732813763,209.26415865898227,205.21504361152554,59.206835431242894,96.0321166730629,12.137755787030395
2017-05-25 00:00:00-04:00,209.15335213829823,209.91643660540873,208.94524781559892,209.63894653320312,64071700,0.0,0.0,0.0,207.37660446166993,206.380268351237,205.37055486043295,0.8155778146623618,209.658562382021,205.09464654131887,61.059337193998054,135.15956926497822,17.618962510449187
2017-05-26 00:00:00-04:00,209.44809520547105,209.76026480142536,209.37005611434492,209.59552001953125,46629900,0.0,0.0,0.0,207.53398513793945,206.64618835449218,205.43518473307293,0.9101292255977285,209.97488917911014,205.09308109676877,60.93467302896524,140.89070680087087,17.618962510411276
2017-05-30 00:00:00-04:00,209.2747833846353,209.66499228202537,209.11870511826208,209.4135284423828,35201900,0.0,0.0,0.0,207.65625534057617,206.84649759928385,205.49462305704753,0.9593182767222004,210.21972519931845,205.0927854818339,60.40005150909111,132.40036358469916,15.95676355030378
2017-05-31 00:00:00-04:00,209.70837594215524,209.74306882632007,208.66781435200448,209.3615264892578,91796000,0.0,0.0,0.0,207.7720199584961,207.0653071085612,205.56341145833332,0.9827760011234545,210.42697913285596,205.1170607841362,60.24381373897341,122.59005013124379,12.993481171003832
2017-06-01 00:00:00-04:00,209.8210478217263,211.04371362460992,209.53489115095857,211.0263671875,68962000,0.0,0.0,0.0,207.98360214233398,207.35203908284504,205.6701639811198,1.1227626386067016,210.9650241330869,205.00218015158106,63.380941343383206,184.71476778146084,19.158335563273674
2017-06-02 00:00:00-04:00,211.0784072611607,211.88485124705335,210.78358396801957,211.728759765625,88666100,0.0,0.0,0.0,208.2181640625,207.60726572672527,205.79495442708333,1.275675080033949,211.59775971119132,204.83856841380867,64.60009935642296,218.8795718005359,22.81701378438239
2017-06-05 00:00:00-04:00,211.5553616894408,211.8415184151761,211.373257143443,211.5727081298828,44698800,0.0,0.0,0.0,208.40416412353517,207.87896931966145,205.9128273010254,1.3684921035997206,212.09427619061393,204.7140520564564,64.1095449468167,206.42635820432716,22.817013784322924
2017-06-06 00:00:00-04:00,211.00905056561416,211.5640175484556,210.81827942481337,210.89633178710935,50375400,0.0,0.0,0.0,208.55808029174804,208.05355173746744,206.0074836730957,1.371660694678127,212.39896618167322,204.71719440182287,61.9985891216551,160.56588794203512,19.013880152797235
2017-06-07 00:00:00-04:00,211.23450345653035,211.5119803176038,210.56680449890564,211.2865295410156,54144300,0.0,0.0,0.0,208.74104690551758,208.20125376383464,206.10691680908204,1.3896386344993061,212.74058049555407,204.7415133154811,62.73094875874762,144.5266674042377,17.31107689682612
2017-06-08 00:00:00-04:00,211.38194313646613,211.86753763132825,210.8616557597095,211.39060974121097,65950700,0.0,0.0,0.0,208.91057281494142,208.35676167805988,206.2211784362793,1.396190271303567,213.0623933455126,204.75875228437025,62.928089442748835,139.19597475580576,19.006030161121714
2017-06-09 00:00:00-04:00,211.65939453138827,212.45715870988985,209.80372251735164,211.0697479248047,132256400,0.0,0.0,0.0,209.0853012084961,208.49579060872395,206.30059382120768,1.3598165054249023,213.2942347716102,204.876367645382,61.88413765786402,115.08831632686204,11.94318087089804
2017-06-12 00:00:00-04:00,210.8269294708272,211.0783932673751,210.17657700947908,211.0263671875,86108100,0.0,0.0,0.0,209.27520370483398,208.64840596516927,206.38605092366535,1.3123614846759892,213.474073649278,205.07633376038996,61.7408822998397,91.53003326238563,11.943180870835539
2017-06-13 00:00:00-04:00,211.5640295134911,212.1103299231765,211.21718009139528,212.0583038330078,60067000,0.0,0.0,0.0,209.45947189331054,208.81807861328124,206.49473190307617,1.3425456710849915,213.8122662332701,205.10667755335098,63.80286533241663,122.52376641933371,17.08019246382886
2017-06-14 00:00:00-04:00,212.32712560765611,212.33579221266737,210.96571442778435,211.7895050048828,78602300,0.0,0.0,0.0,209.63983917236328,208.97618764241537,206.60269114176432,1.3294519428532112,214.06808031631516,205.2115980284114,62.88953866497637,108.98063828537357,15.383357383333202
2017-06-15 00:00:00-04:00,210.43676876582583,211.5033566400688,210.15929184843657,211.3819580078125,66464900,0.0,0.0,0.0,209.9845283508301,209.12909545898438,206.74779205322267,1.2715320028158033,213.74760056013503,206.22145614152515,61.5085347175474,76.90378177393696,10.09023135809288
2017-06-16 00:00:00-04:00,211.5413823428988,211.59366213965603,210.54802631656844,211.4281005859375,84553100,1.183,0.0,0.0,210.29033584594725,209.27544809977215,206.88571395874024,1.2153436286447175,213.39021490672314,207.19045678517136,61.60727919531012,78.63713293326506,10.565510627049537
2017-06-19 00:00:00-04:00,212.2558651909659,213.24922107751615,212.16001447840495,213.188232421875,65123800,0.0,0.0,0.0,210.61738128662108,209.45329895019532,207.05658442179362,1.297880705552501,213.46919623617444,207.76556633706772,65.13655258393572,133.5832009324103,18.714585693911346
2017-06-20 00:00:00-04:00,212.83097076190907,212.83967962820253,211.733055289874,211.75047302246097,56906400,0.0,0.0,0.0,210.82007598876953,209.58438110351562,207.20594889322916,1.2330627857343757,213.3566355453664,208.28351643217266,60.441545561749564,97.56884240910284,15.897232296598157
2017-06-21 00:00:00-04:00,212.14263180401596,212.25590026777624,211.22769545036692,211.69822692871097,55977600,0.0,0.0,0.0,210.99717559814454,209.72008209228517,207.35791142781576,1.1640597381049531,213.22664104141887,208.7677101548702,60.27821677369952,77.7845367877765,12.624520084073426
2017-06-22 00:00:00-04:00,211.7069746380786,212.2036460753738,211.4281312869086,211.60240173339844,44148100,0.0,0.0,0.0,211.14520721435548,209.84015909830728,207.48370768229168,1.089087708135537,213.0913258857467,209.19908854296426,59.970737594435796,73.540389290814,12.624520084016837
2017-06-23 00:00:00-04:00,211.66337057155704,212.18618182919283,211.27996767170237,211.8550720214844,66986800,0.0,0.0,0.0,211.25601348876953,209.98282216389973,207.61053619384765,1.0380937166605406,213.09016731005963,209.42185966747942,60.52006275343584,70.48121759280762,11.635456394229477
2017-06-26 00:00:00-04:00,212.52604032325613,212.9443053367406,211.78538762517763,211.9945068359375,56700500,0.0,0.0,0.0,211.37596282958984,210.14169514973958,207.72884979248047,0.9974340365534715,213.06056480450013,209.69136085467954,60.826950527964534,84.19388609919474,15.560621997201748
2017-06-27 00:00:00-04:00,211.77666390216672,212.07293827520004,210.26920531977655,210.28663635253903,82247700,0.0,0.0,0.0,211.41961822509765,210.20548502604166,207.8266461690267,0.817971011736347,212.92590789418963,209.91332855600567,55.37303475556697,28.09515484733968,5.8344546146745415
2017-06-28 00:00:00-04:00,211.30610569003233,212.3691725225431,211.0708333133998,212.16876220703125,70042600,0.0,0.0,0.0,211.55998001098632,210.33837178548177,207.96173756917318,0.818185564597087,212.7484121659518,210.37154785602084,59.51168797553318,65.62143171845436,7.409543946784836
2017-06-29 00:00:00-04:00,212.31689859685977,212.3691783940056,209.09284924505067,210.30404663085935,106949700,0.0,0.0,0.0,211.52386398315429,210.53223419189453,208.06358235677084,0.6602773698549527,212.81963043779692,210.22809752851165,54.346127160544064,5.682247353579242,3.7150083441810753
2017-06-30 00:00:00-04:00,211.11444926053903,211.4891433695941,210.5044960206646,210.6961975097656,86820700,0.0,0.0,0.0,211.47223587036132,210.71170908610026,208.1820795694987,0.560318286025506,212.81505624221245,210.12941549851018,55.19224766652046,13.778905194347702,3.7150083441572272
2017-07-03 00:00:00-04:00,211.6372036455209,212.07288628590052,211.0533905029297,211.0533905029297,39153800,0.0,0.0,0.0,211.44626998901367,210.85857798258465,208.29699198404947,0.5041113988784787,212.80094169867388,210.09159827935346,55.96131076769096,39.36218234460048,0.42991208617577453
2017-07-05 00:00:00-04:00,211.41939121180263,211.75050102246536,210.60901447606477,211.5413818359375,54427600,0.0,0.0,0.0,211.47852249145507,210.9867380777995,208.42350591023762,0.49325788823253447,212.80855637339522,210.1484886095149,57.00426822838816,28.298763204171614,2.8531032681115693
2017-07-06 00:00:00-04:00,210.7745752931773,210.896565916886,209.4239562689855,209.60694885253903,65400800,0.0,0.0,0.0,211.39454345703126,211.03509521484375,208.51575571695963,0.3248195106948799,212.96583726735238,209.82324964671014,51.95822089945669,-91.80168399217946,8.965046100514702
2017-07-07 00:00:00-04:00,210.18206973458612,211.11442386854364,209.6156742045538,210.96629333496097,57972300,0.0,0.0,0.0,211.37332763671876,211.11257934570312,208.63470815022785,0.2975882105301366,212.956260331666,209.79039494177152,54.86276511603133,-51.39143697356991,7.676710166909337
2017-07-10 00:00:00-04:00,210.96625986011753,211.56750406312796,210.66127667726363,211.19281005859375,36663300,0.0,0.0,0.0,211.3794807434082,211.16437479654948,208.77232157389324,0.2909315378073245,212.95839638360457,209.80056510321185,55.328335180157154,0.6019098739649656,5.005675015964068
2017-07-11 00:00:00-04:00,211.19280433836815,211.34965700689543,209.868338650255,211.0359649658203,50354600,0.0,0.0,0.0,211.3799606323242,211.21238962809244,208.9292889912923,0.26988887755757673,212.9584301538803,209.80149111076813,54.922551364373106,-49.59666771686086,9.088529774501916
2017-07-12 00:00:00-04:00,212.00320994404407,212.78743350586683,212.00320994404407,212.6218719482422,59610400,0.0,0.0,0.0,211.40813903808595,211.3193344116211,209.08291600545246,0.3768379044205403,213.0561842860885,209.7600937900834,58.13425851860891,144.36283970616267,0.9499648319499282
2017-07-13 00:00:00-04:00,212.63058514067592,213.09240773141693,212.4040216309671,212.9791259765625,39471600,0.0,0.0,0.0,211.4676200866699,211.4399210611979,209.25261408487955,0.484834324826835,213.25370975671643,209.6815304166234,58.81802291703225,177.86086750839192,0.6760250903371041
2017-07-14 00:00:00-04:00,212.97914755361637,214.3297666974751,212.88329681963975,213.97250366210935,60262700,0.0,0.0,0.0,211.59714736938477,211.53812561035156,209.4450823465983,0.6431655314015643,213.70400883488142,209.49028590388812,60.66591771006714,249.69804535384804,6.9654612834940695
2017-07-17 00:00:00-04:00,213.89407029991375,214.2774732113337,213.77207967318748,213.94635009765625,33531900,0.0,0.0,0.0,211.7230598449707,211.61204528808594,209.6096555074056,0.7577983515661231,214.07421667014307,209.3719030197983,60.59186786852579,235.76330659248362,6.965461283475423
2017-07-18 00:00:00-04:00,213.5368524440741,214.1119569328216,213.1970203909022,214.05967712402344,42742500,0.0,0.0,0.0,211.76663208007812,211.6949442545573,209.78695678710938,0.8480148440939388,214.26010931030333,209.27315484985292,60.80631553113737,186.81791478944507,3.699597135470334
2017-07-19 00:00:00-04:00,214.3732957100116,215.2272299846473,214.364573547549,215.2185211181641,51034300,0.0,0.0,0.0,211.94003448486328,211.83901723225912,209.94628448486327,1.0014766899763288,214.87249152004918,209.00757744967737,62.93965357769386,242.89655738801028,9.258056931669275
2017-07-20 00:00:00-04:00,215.4712009373658,215.5931915422144,214.76539720245756,215.3143615722656,47135200,0.0,0.0,0.0,212.120841217041,211.97327829996746,210.08726603190104,1.117942882490837,215.4142312849067,208.82745114917532,63.111437479935205,220.81087567892092,11.001810275272486
2017-07-21 00:00:00-04:00,214.73929301643605,215.1488358213816,214.5127295012009,215.12269592285156,82340800,0.0,0.0,0.0,212.29685592651367,212.0976811726888,210.22722142537435,1.1811616666160205,215.84036637085183,208.75334548217552,62.51198473086664,173.33897448003447,9.498930039985451
2017-07-24 00:00:00-04:00,215.04423560275796,215.2097971363955,214.59984408824064,215.0703887939453,46622300,0.0,0.0,0.0,212.4576217651367,212.2310358683268,210.3634132385254,1.2130588727658278,216.2027551189286,208.71248841134482,62.34480369941631,154.20015809645344,9.803727088849161
2017-07-25 00:00:00-04:00,215.8197966992518,215.9243695986017,215.3666962206701,215.59324645996097,54915600,0.0,0.0,0.0,212.6375587463379,212.38326517740884,210.51583557128907,1.2659349720495072,216.6268532011472,208.6482642915286,63.35812518990239,167.3471358179495,13.342701290567573
2017-07-26 00:00:00-04:00,215.88078729199316,215.91563605928576,215.3405449750784,215.60194396972656,47575400,0.0,0.0,0.0,212.90332412719727,212.5013865152995,210.65973256429035,1.2936293244376884,216.94108933952063,208.8655589148739,63.37508549493439,147.2897882268592,13.174586052455382
2017-07-27 00:00:00-04:00,216.06381189225647,216.09866066471164,214.07708616674392,215.4015655517578,70766600,0.0,0.0,0.0,213.0649642944336,212.62178853352864,210.798988087972,1.284600361206543,217.2355613916401,208.8943671972271,62.683590387877885,114.85746192190258,5.363763678589344
2017-07-28 00:00:00-04:00,214.92227071495785,215.2795337201983,214.469170279804,215.1488342285156,50088400,0.0,0.0,0.0,213.3072036743164,212.74735107421876,210.93822326660157,1.2427261635308469,217.36383385252674,209.25057349610609,61.80372428986891,96.26074420417781,5.363763678561092
2017-07-31 00:00:00-04:00,215.5496514644196,215.6455021888008,214.8177077305891,215.02684020996097,65838700,0.0,0.0,0.0,213.52373580932618,212.8673090616862,211.07137858072917,1.1860249055978898,217.45389592998833,209.59357568866403,61.37354779908218,96.4987540728807,7.345936033283572
2017-08-01 00:00:00-04:00,215.6281246782648,215.66297345000396,214.98330938523412,215.50613403320312,55050400,0.0,0.0,0.0,213.74637298583986,212.94457244873047,211.19893569946288,1.1663191548765894,217.59085512233187,209.90189084934784,62.436192744997186,96.46488837409571,7.441678204257234
2017-08-02 00:00:00-04:00,215.636811897246,215.7500936619952,214.67830457086475,215.6106719970703,47211200,0.0,0.0,0.0,213.9498374938965,213.0732457478841,211.32881342569988,1.145928000803707,217.73320476256995,210.16647022522304,62.66792206426849,87.62023244208874,5.47339574888234
2017-08-03 00:00:00-04:00,215.49738325424647,215.52352315357572,214.91357000925768,215.19241333007812,40856000,0.0,0.0,0.0,214.22911071777344,213.1897186279297,211.45490036010742,1.0835276530856675,217.44467532439242,211.01354611115445,61.10764719378324,76.7848606782563,5.473395748858638
2017-08-04 00:00:00-04:00,215.68033862803355,215.9155976814008,215.20108506306107,215.58448791503903,60191800,0.0,0.0,0.0,214.46002044677735,213.32245483398438,211.58130696614583,1.0535672033537367,217.33418847380995,211.58585241974475,62.02451381232158,84.16167876531979,7.7970311812339474
2017-08-07 00:00:00-04:00,215.65424173012192,215.9853515625,215.54966883401892,215.9853515625,31995000,0.0,0.0,0.0,214.69964752197265,213.4601308186849,211.72147649129232,1.0500651795338456,217.20196423232352,212.19733081162178,62.948361968287095,88.37525436432334,8.212292483970984
2017-08-08 00:00:00-04:00,215.67166827743733,216.89158794461332,215.07914612456673,215.45382690429688,61719400,0.0,0.0,0.0,214.9205406188965,213.5754414876302,211.8585683186849,0.9929540464902686,216.75086350257035,213.09021773522264,60.915648677654765,82.12031621538277,13.451123218969956
2017-08-09 00:00:00-04:00,214.76540449556975,215.49734814951708,214.40814153496007,215.445068359375,62632600,0.0,0.0,0.0,215.06170043945312,213.7473892211914,211.97643712361653,0.9361944538100317,216.5488820637392,213.57451881516704,60.88213567248106,54.23806455888774,8.699052908024017
2017-08-10 00:00:00-04:00,214.60859100217328,214.73930379736697,212.3517576759011,212.4040374755859,120479500,0.0,0.0,0.0,215.0329460144043,213.75523173014324,212.0468017578125,0.6384664465496428,216.7009191505629,213.3649728782457,50.83659956169182,-21.35341850677459,4.043343648788224
2017-08-11 00:00:00-04:00,212.63061434697283,213.31027837749468,212.39534193764376,212.71774291992188,74869900,0.0,0.0,0.0,214.97020797729493,213.83568827311197,212.18396123250326,0.4229527276282852,216.88260765359863,213.05780830099124,51.68728532292602,-40.15595826353296,4.0433436487664
2017-08-14 00:00:00-04:00,213.99860635966488,215.04424208745883,213.96375759699623,214.8264007568359,73291900,0.0,0.0,0.0,215.01421051025392,213.97336171468098,212.34253540039063,0.4174949949209008,216.86698740652682,213.16143361398102,56.87593401673534,30.263836589328417,5.909630204099657
2017-08-15 00:00:00-04:00,215.20978993157163,215.22722095978656,214.4952773265048,214.8002471923828,55242700,0.0,0.0,0.0,215.05123901367188,214.09825693766277,212.4784174601237,0.40637489156222273,216.85258001675706,213.2498980105867,56.79766833674307,37.21149271356116,6.882055267623329
2017-08-16 00:00:00-04:00,215.3231183249441,215.72395228486332,214.7480139330528,215.17498779296875,56715500,0.0,0.0,0.0,215.0490623474121,214.21937713623046,212.60305760701496,0.42292534405942206,216.84965730142648,213.24846739339773,57.661251089571145,51.44860713713282,9.508466782034716
2017-08-17 00:00:00-04:00,214.56501459564012,214.87870666228795,211.82020568847656,211.82020568847656,128490400,0.0,0.0,0.0,214.87435455322264,214.29315236409505,212.66412378946941,0.16345461509848747,217.17514850192083,212.57356060452446,48.654352082845776,-75.59094716404633,6.561014058587504
2017-08-18 00:00:00-04:00,211.6546687551769,212.77873766471816,211.04471558130828,211.48912048339844,136748000,0.0,0.0,0.0,214.69267578125,214.31057993570963,212.7115796407064,-0.0681085036104605,217.44118134729126,211.94417021520871,47.89062109046525,-140.56884294445862,10.172775186304081
2017-08-21 00:00:00-04:00,211.42806712748012,211.91602954796895,210.72226339098884,211.6546173095703,65469700,0.0,0.0,0.0,214.52188720703126,214.3259735107422,212.74517415364582,-0.2355544081623293,217.57877247894731,211.4650019351152,48.31018378056152,-161.69350585000248,11.641869732173353
2017-08-22 00:00:00-04:00,212.23845578162835,214.0247440374387,212.2210247524849,213.8679046630859,63140100,0.0,0.0,0.0,214.4356201171875,214.42037150065104,212.81638056437174,-0.18750130337792825,217.46243512692325,211.40880510745177,53.49090521602065,-63.34658581960312,0.5201810592757707
2017-08-23 00:00:00-04:00,212.90072492052627,213.52810911682872,212.75259438750788,213.10113525390625,50203800,0.0,0.0,0.0,214.3105796813965,214.43634694417318,212.87784067789713,-0.20888288294435142,217.34114258028916,211.28001678250382,51.63613871181811,-81.95931015049513,0.5201810592729373
2017-08-24 00:00:00-04:00,213.48452066897025,213.6413600571869,212.3953139308632,212.6044464111328,50741700,0.0,0.0,0.0,214.17072372436525,214.42385762532552,212.93188934326173,-0.2628763030202492,217.24711690784343,211.09433054088706,50.46359150585996,-98.0243733982248,2.285170467453654
2017-08-25 00:00:00-04:00,213.39739631994303,214.0160716481792,212.95300472088783,213.10113525390625,64445900,0.0,0.0,0.0,214.06833877563477,214.39481201171876,212.96646881103516,-0.26256119678419054,217.1439676672582,210.99270988401133,51.60053887342909,-65.82810716276437,0.3534226517091245
2017-08-28 00:00:00-04:00,213.63264400278635,213.65878389994307,212.691567817204,213.10983276367188,40565600,0.0,0.0,0.0,213.9724884033203,214.36692810058594,212.98948669433594,-0.258628349845452,217.0418224652646,210.90315434137602,51.62065339098439,-74.34334520432229,1.6934486928201908
2017-08-29 00:00:00-04:00,211.79409960330165,213.6152503356472,211.68081783182183,213.35385131835935,51135700,0.0,0.0,0.0,213.86487426757813,214.34340057373046,213.01917241414387,-0.23313386027626848,216.8577740022556,210.87197453290065,52.19725140889669,-85.93938763942111,6.710885725834257
2017-08-30 00:00:00-04:00,213.33641910517255,214.63475849977831,213.1534264981007,214.3646240234375,62030800,0.0,0.0,0.0,213.80257186889648,214.31493733723957,213.07697728474935,-0.1298713080973073,216.69256149671455,210.9125822410784,54.51992524782576,-15.60151309732903,1.3152277069336071
2017-08-31 00:00:00-04:00,214.98328073343416,215.89821709745064,214.3994674887333,215.65423583984375,103803900,0.0,0.0,0.0,213.82566299438477,214.32626647949218,213.1497723897298,0.055387432475271225,216.76929220461648,210.88203378415307,57.260807787001106,58.81500070289907,4.852519268412414
2017-09-01 00:00:00-04:00,216.02889356199628,216.3861565425385,215.81105222693105,215.9591827392578,62007000,0.0,0.0,0.0,213.8443977355957,214.3541493733724,213.2259152730306,0.22422822196574543,216.83947959879455,210.84931587239683,57.8817173998357,97.29992706396196,7.111649384747478
2017-09-05 00:00:00-04:00,215.45379311653255,215.68035661849729,213.44094127173,214.4081573486328,91398800,0.0,0.0,0.0,213.76553802490236,214.332074991862,213.28155543009441,0.2302270632321779,216.6021302178224,210.9289458319823,53.77143516283981,9.791508200996095,4.305482434127476
2017-09-06 00:00:00-04:00,215.08782640592375,215.4712292990506,214.55629299426707,215.14010620117188,57916900,0.0,0.0,0.0,213.7498519897461,214.316970316569,213.35011774698893,0.29069242211090796,216.55037486665353,210.94932911283868,55.320341526881926,43.11910477967391,4.30548243410617
2017-09-07 00:00:00-04:00,215.44512156039065,215.46255259340205,214.70445556120356,215.1139984130859,58034700,0.0,0.0,0.0,213.73329849243163,214.300705464681,213.40104598999022,0.3326701598226123,216.49527971815291,210.97131726671034,55.252032890419585,46.94829589532202,4.305482434090476
2017-09-08 00:00:00-04:00,214.82643554312847,215.32312023944576,214.61731634129535,214.86129760742188,63832800,0.0,0.0,0.0,213.85616149902344,214.28269653320314,213.45224253336588,0.34160911900445967,216.58761983972187,211.12470315832502,54.57725283186643,38.194185251204665,4.718855365461022
2017-09-11 00:00:00-04:00,216.13350574007288,217.23143484538895,216.11608800213492,217.15301513671875,71364800,0.0,0.0,0.0,214.0779251098633,214.34950256347656,213.54842681884764,0.5275346692019127,217.1224636967482,211.03338652297836,59.246593989761685,141.80650827812377,4.615656961708929
2017-09-12 00:00:00-04:00,217.5189463449708,217.91976697822463,217.33595376302057,217.88491821289065,56896000,0.0,0.0,0.0,214.23085098266603,214.44477183024088,213.65604044596355,0.7255764747868056,217.70993212192454,210.75176984340752,60.58521344002155,177.0044833957374,7.686128242255745
2017-09-13 00:00:00-04:00,217.5973596810883,218.0243334958429,217.4840779290966,217.98947143554688,59228000,0.0,0.0,0.0,214.39031219482422,214.52754974365234,213.7360610961914,0.8808091838212135,218.25073171322813,210.5298926764203,60.77560887820204,169.89161591124807,8.150773285959458
2017-09-14 00:00:00-04:00,217.6670944129095,218.1202081746632,217.4928239802294,217.91978454589844,95446300,0.0,0.0,0.0,214.5275520324707,214.60452016194662,213.83888295491536,0.9868334725363752,218.6888587199069,210.3662453450345,60.5738561132766,157.46029538406512,8.587184560358681
2017-09-15 00:00:00-04:00,217.7752898829497,218.3006957249808,217.67021138693656,218.213134765625,95432400,1.235,0.0,0.0,214.84719848632812,214.70521087646483,213.94746475219728,1.0820561268351412,219.1136790313526,210.58071794130365,61.13567954588018,153.48733102821225,9.425281080977516
2017-09-18 00:00:00-04:00,218.5808891823477,219.0274860835525,218.2919100008752,218.67721557617188,46235200,0.0,0.0,0.0,215.20660324096679,214.8083017985026,214.06537831624348,1.1813503380036252,219.49299479482508,210.9202116871085,62.021376629917604,165.44640818378136,12.757253853129239
2017-09-19 00:00:00-04:00,218.9224793453609,218.98378405332213,218.57220872319544,218.89620971679688,47108100,0.0,0.0,0.0,215.5686828613281,214.90533040364582,214.18273061116537,1.2631518840344427,219.81496999460785,211.32239572804838,62.43923652289084,157.8633323054362,12.75725385310175
2017-09-20 00:00:00-04:00,218.98369525684913,219.0887737284966,217.9766442430325,218.9749298095703,59574100,0.0,0.0,0.0,215.82403411865235,215.02270050048827,214.29907099405924,1.3191261866555237,220.25010092403616,211.39796731326854,62.59228499903189,139.9700007592832,9.233414488937504
2017-09-21 00:00:00-04:00,218.81735266306487,218.90491361834765,218.21312461516493,218.3882598876953,48211400,0.0,0.0,0.0,216.0883903503418,215.1208068847656,214.43409805297853,1.3011480403924907,220.46094136318257,211.71583933750102,60.68588610009094,120.28316355311222,9.233414488899326
2017-09-22 00:00:00-04:00,218.09056461534425,218.59846634295977,218.0642949882233,218.4320831298828,51214000,0.0,0.0,0.0,216.3797721862793,215.32174173990884,214.53848673502605,1.2757305714390554,220.5466383366446,212.212906035914,60.778197313934534,105.26456070380377,8.328057855514041
2017-09-25 00:00:00-04:00,218.17809592924593,218.52837984652385,217.24111484470356,217.9854431152344,57064400,0.0,0.0,0.0,216.6239875793457,215.49733174641926,214.66651000976563,1.2056489570284725,220.54717291325878,212.70080224543264,59.3099147188835,82.58906065931279,3.4233674123959825
2017-09-26 00:00:00-04:00,218.414537340445,218.65972940317045,217.88036605480065,218.11680603027344,54082000,0.0,0.0,0.0,216.87433624267578,215.6070119222005,214.79018681844076,1.1474812129546024,220.47944384233662,213.26922864301494,59.60681345996216,85.21735328947598,4.139784651388803
2017-09-27 00:00:00-04:00,218.8173513921312,219.35152265552344,217.9328962237479,218.9662170410156,81001400,0.0,0.0,0.0,217.1549545288086,215.74587758382162,214.92206726074218,1.156590768021971,220.4681505544726,213.84175850314458,61.486564701288785,94.06279706780631,7.863666244882712
2017-09-28 00:00:00-04:00,218.6859756766256,219.30772121627,218.5984147275532,219.2289123535156,44778800,0.0,0.0,0.0,217.3981689453125,215.88100840250652,215.0501927693685,1.1715031136671143,220.55959148414107,214.23674640648395,62.051558785162406,95.05173662659267,7.863666244850311
2017-09-29 00:00:00-04:00,219.22019406231303,220.07837973679105,219.0363066763297,219.9995574951172,85578000,0.0,0.0,0.0,217.61543502807618,216.15365346272787,215.22340291341146,1.2313120782328895,220.86816320848197,214.36270684767038,63.66902091831737,107.1161039315849,11.941781850000357
2017-10-02 00:00:00-04:00,220.22723165186667,220.9540557861328,220.05208300305776,220.9540557861328,59023000,0.0,0.0,0.0,217.86517868041992,216.46915130615236,215.38986562093098,1.3402812209425576,221.3417747775822,214.38858258325763,65.55036722292078,126.87407316727001,16.296661236530618
2017-10-03 00:00:00-04:00,220.95402858913343,221.4531647632962,220.87520636208524,221.42689514160156,66810200,0.0,0.0,0.0,218.21611557006835,216.79489390055338,215.5604337056478,1.4481014241177945,221.63998274836462,214.7922483917721,66.44092748167465,137.62588040903037,18.66826134239096
2017-10-04 00:00:00-04:00,221.27806094946737,221.93482830911225,221.1642169979664,221.68963623046875,55953600,0.0,0.0,0.0,218.5435920715332,217.0556182861328,215.7379948933919,1.5370327650437332,221.98153241637786,215.10565172668854,66.93231056349856,139.31803594995142,20.905521559534435
2017-10-05 00:00:00-04:00,222.02236175556584,223.02064748401895,221.72463046296645,223.00314331054688,63522800,0.0,0.0,0.0,218.93804931640625,217.38568522135418,215.91101608276367,1.6939734657179315,222.52621304119702,215.34988559161548,69.2600834925156,159.75698422289503,25.673529179792308
2017-10-06 00:00:00-04:00,222.55656896672323,223.0382010543097,222.2938727025549,222.7492218017578,80646000,0.0,0.0,0.0,219.33244552612305,217.72384440104167,216.0738510131836,1.7773723163630564,222.764493515671,215.9003975365751,68.298606416439,157.02536453342893,25.74838539898329
2017-10-09 00:00:00-04:00,222.9768693682432,223.038160698137,222.1186838540164,222.3813934326172,35803100,0.0,0.0,0.0,219.59386444091797,218.03318634033204,216.2139991760254,1.7931159070354852,223.1220784873,216.06565039453594,66.90674871152028,145.88027831440442,24.454312980665037
2017-10-10 00:00:00-04:00,222.95062021490847,223.3446779380046,222.4076834727646,222.96812438964844,43057400,0.0,0.0,0.0,219.84802474975587,218.3617960611979,216.36436208089194,1.8318210084703992,223.5841240929553,216.11192540655642,67.98340043059615,149.72179502321822,25.83572310550916
2017-10-11 00:00:00-04:00,222.8717948244796,223.3184051513672,222.70542499501343,223.3184051513672,47674300,0.0,0.0,0.0,220.11447143554688,218.6939478556315,216.518674214681,1.86921268992009,224.04738317110318,216.18155969999057,68.61402653420524,146.8104749877769,25.835723105411425
2017-10-12 00:00:00-04:00,223.00314375617472,223.3534142938193,222.74918625871257,222.98562622070312,47065100,0.0,0.0,0.0,220.3677635192871,218.98131459554037,216.64812596638998,1.8506601303200796,224.3576393010624,216.37788773751183,67.3110226176587,132.03249328094898,26.00111385764311
2017-10-13 00:00:00-04:00,223.42346325437063,223.5373071880049,222.9856184166564,223.257080078125,54800400,0.0,0.0,0.0,220.6199607849121,219.2347427368164,216.7805046081543,1.8366889439853935,224.67353419161543,216.5663873782088,67.8265992622461,125.74069957070745,26.88708038637181
2017-10-16 00:00:00-04:00,223.4847966633841,223.7474929101981,223.1432781805601,223.55484008789065,38221700,0.0,0.0,0.0,220.86384201049805,219.48793131510416,216.9210403442383,1.8285648649411144,225.0111079205159,216.71657610048018,68.39228932768417,119.93878183873848,27.90765046642268
2017-10-17 00:00:00-04:00,223.5022320490192,223.75618949206412,223.28330966941027,223.71240234375,31561000,0.0,0.0,0.0,221.1046516418457,219.7980728149414,217.0650739034017,1.813930568551143,225.32944195287632,216.87986133081506,68.69360637413085,113.19280562928674,27.95069788545529
2017-10-18 00:00:00-04:00,224.0889836954036,224.1327708517824,223.7387131683015,223.93136596679688,40888300,0.0,0.0,0.0,221.35247344970702,220.09111480712892,217.20404256184895,1.799260561895494,225.63237355653018,217.07257334288386,69.11685467444414,113.51204823105998,29.827667904007193
2017-10-19 00:00:00-04:00,223.1520211020439,224.02771085402995,222.73169376244084,223.99267578125,61903800,0.0,0.0,0.0,221.63269424438477,220.38707071940104,217.34388809204103,1.772153384478969,225.82848087349143,217.4369076152781,69.23732154139529,96.31398738496459,21.100454279623374
2017-10-20 00:00:00-04:00,224.78956555498408,225.17487117611148,223.97516715360752,225.14857482910156,89176400,0.0,0.0,0.0,221.9685188293457,220.7299799601237,217.5063382466634,1.8229285583034311,226.16084044638086,217.77619721231054,71.41222324513507,122.63184286680251,26.891855417718673
2017-10-23 00:00:00-04:00,225.47265160582884,225.49892123463263,224.1941250735496,224.27293395996097,63915300,0.0,0.0,0.0,222.28289337158202,220.9673105875651,217.65840657552084,1.7720838695073553,226.1477886166219,218.41799812654213,67.6633696225348,111.4038376204705,28.427070338138588
2017-10-24 00:00:00-04:00,224.70196622052663,224.90335773374272,224.3078951942681,224.66693115234375,66935900,0.0,0.0,0.0,222.61039962768555,221.19337768554686,217.81907475789387,1.7434835746064152,226.07859703331064,219.14220222206046,68.43467533954203,103.53774614487486,28.42707033801845
2017-10-25 00:00:00-04:00,224.3342034646924,224.44804741295565,222.425206140693,223.55484008789065,103715300,0.0,0.0,0.0,222.8398307800293,221.37888997395834,217.95321985880534,1.6124933603589113,225.8727725826325,219.8068889774261,63.97874890504603,65.89368843842044,13.595789402685702
2017-10-26 00:00:00-04:00,224.16782533084225,224.43927365517973,223.72121500385936,223.84381103515625,69798000,0.0,0.0,0.0,223.07057571411133,221.57635752360025,218.09043884277344,1.5145415203701305,225.6086386254072,220.53251280281546,64.59836432394282,77.25025061382817,13.595789402609403
2017-10-27 00:00:00-04:00,224.58814924304772,225.831640435457,223.85257306649737,225.6739959716797,85562500,0.0,0.0,0.0,223.35429763793945,221.8250528971354,218.26513188680013,1.5665365521201409,225.70891493427507,220.99968034160383,68.18405114773675,105.85364785700219,20.83172720485523
2017-10-30 00:00:00-04:00,224.58815144460573,225.5776851387856,224.53561219747496,224.83334350585935,54285700,0.0,0.0,0.0,223.5482620239258,222.03025716145834,218.41927947998047,1.5223605363931085,225.70081397229774,221.39571007555384,65.05319970506903,96.61205153859454,20.831727204707672
2017-10-31 00:00:00-04:00,225.20984811062675,225.43753596151453,224.8858472298564,225.18357849121097,60304800,0.0,0.0,0.0,223.73609619140626,222.23983612060547,218.57258326212565,1.498339833029405,225.7610696669378,221.71112271587472,65.73137601929861,98.24911256576347,20.831727204626656
2017-11-01 00:00:00-04:00,225.96298388357675,226.30448897952348,225.11356378226472,225.48133850097656,54202700,0.0,0.0,0.0,223.92568130493163,222.45671641031902,218.73970845540364,1.4861980310815284,225.85148834182294,221.99987426804032,66.30643483682647,109.84772957887434,25.152382121888966
2017-11-02 00:00:00-04:00,225.41130620582592,225.7090375198339,224.34296362077097,225.5689239501953,56449500,0.0,0.0,0.0,224.05397033691406,222.69607187906902,218.9084393819173,1.4667353670306227,226.06114111644456,222.04679955738357,66.47760947971483,93.53054939397622,19.171993516198814
2017-11-03 00:00:00-04:00,225.7265625948691,226.3658258047985,225.3149872971758,226.32205200195312,59589700,0.0,0.0,0.0,224.23261184692382,222.95907084147134,219.1404062906901,1.4948504991306208,226.38178838317052,222.08343531067712,67.9270215553592,119.3740045581078,22.439745372878814
2017-11-06 00:00:00-05:00,226.19065683836945,226.80365036677097,226.1206134153186,226.67230224609375,49652600,0.0,0.0,0.0,224.44715728759766,223.2486328125,219.37298227945965,1.5277828813725307,226.6735323767142,222.22078219848112,68.580585169769,137.47901895948385,24.543437586406906
2017-11-07 00:00:00-05:00,226.77742101945583,227.11018746689305,226.00680960937729,226.5147247314453,57502200,0.0,0.0,0.0,224.6244873046875,223.5285634358724,219.56778767903646,1.5236036881556458,226.9187787008663,222.3301959085087,67.93628326781665,134.52712395573914,25.997212701212813
2017-11-08 00:00:00-05:00,226.3395053805914,226.996272619473,226.05927827825937,226.89993286132812,50469600,0.0,0.0,0.0,224.80356369018554,223.79302062988282,219.76944910685222,1.533695240148404,227.22423591754233,222.38289146282875,68.68037961275768,133.1188813112102,25.997212701054426
2017-11-09 00:00:00-05:00,225.69156808446556,226.26952662671255,224.49185047050648,226.07687377929688,95085500,0.0,0.0,0.0,224.95812606811523,224.0212860107422,219.95114720662434,1.4584665835687645,227.2829118769278,222.63334025930266,65.3293191475731,81.7623970318211,13.98059735571278
2017-11-10 00:00:00-05:00,225.69153940514065,226.18192355007767,225.37627718400591,226.00677490234375,59984700,0.0,0.0,0.0,225.09561080932616,224.22152659098307,220.18759002685547,1.377314117903893,227.31988142217972,222.8713401964726,65.04967995022523,87.95459785307234,13.980597355641889
2017-11-13 00:00:00-05:00,225.3237250304575,226.44460682954087,225.2886899581308,226.2169189453125,50228600,0.0,0.0,0.0,225.22871475219728,224.39695536295574,220.43305333455405,1.314800866261919,227.38224689040325,223.0751826139913,65.50755104243945,88.97434979158929,15.427180587138642
2017-11-14 00:00:00-05:00,225.4113011872742,225.79660681421927,224.63192448424843,225.6915283203125,61315200,0.0,0.0,0.0,225.3276710510254,224.5391098022461,220.66700185139973,1.2089282589496975,227.36667102681972,223.28867107523106,63.36070662288777,53.02530351351532,10.6158467306498
2017-11-15 00:00:00-05:00,224.71947685632563,225.24489599847416,223.8525526423335,224.56185913085935,80811500,0.0,0.0,0.0,225.35919570922852,224.63485056559244,220.84523442586263,1.0220866140740839,227.3254985829622,223.39289283549482,59.05579767375906,2.3543334647159826,5.231172085144012
2017-11-16 00:00:00-05:00,225.50763732326016,226.83870297952345,225.46386352096016,226.4709014892578,67777000,0.0,0.0,0.0,225.4831069946289,224.7504425048828,221.06806386311848,1.0163412785699677,227.39850614793187,223.56770784132596,63.40270590638475,100.3403846509001,14.079351792190815
2017-11-17 00:00:00-05:00,226.12059055081863,226.44459145703755,225.72651950470316,225.80532836914065,75756800,0.0,0.0,0.0,225.51594467163085,224.85231272379556,221.28807856241863,0.9471635585096294,227.4297136004892,223.6021757427725,61.064512570584576,79.16020653009797,14.079351792127309
2017-11-20 00:00:00-05:00,226.05058697150105,226.38332666089917,225.80536816257663,226.190673828125,48075500,0.0,0.0,0.0,225.61183166503906,224.97928873697916,221.5062375386556,0.9129104120735292,227.45421154370587,223.76945178637226,61.90592284421855,83.03321997331018,14.07935179207629
2017-11-21 00:00:00-05:00,226.96124099451092,227.85446155625675,226.15562146799135,227.67054748535156,69176800,0.0,0.0,0.0,225.76201248168945,225.13603617350262,221.74891611735026,0.9937229633103186,227.76293939733682,223.76108556604208,64.91786010609303,146.66714326309324,21.562725953914615
2017-11-22 00:00:00-05:00,227.67938005238835,227.81072819609295,227.3028397991232,227.46922302246097,45033400,0.0,0.0,0.0,225.95773162841797,225.27439676920574,221.98417231241862,1.0296530908771047,227.8098685816935,224.10559467514244,64.20345909926591,156.27262368619216,21.562725953847533
2017-11-24 00:00:00-05:00,227.9595595227246,228.0996730879914,227.8194459574578,227.99456787109375,27856500,0.0,0.0,0.0,226.16526947021484,225.4413614908854,222.2113380432129,1.0879773885382917,227.94900039955365,224.38153854087602,65.23616516035929,171.47201347561105,22.972835536349272
2017-11-27 00:00:00-05:00,228.03837030424936,228.3361016114636,227.67933430098003,227.88075256347656,52274900,0.0,0.0,0.0,226.27560729980468,225.5954839070638,222.4151133219401,1.1121951768271572,228.19893227135847,224.35228232825088,64.81707779600217,158.48272352503204,24.127413768561645
2017-11-28 00:00:00-05:00,228.34485819160403,230.2188202816215,228.24851842669787,230.1925506591797,98971700,0.0,0.0,0.0,226.5435676574707,225.81674092610677,222.65233612060547,1.302911580678483,229.03132146819098,224.05581384675043,69.00144742234357,232.67284964869535,32.466313094056
2017-11-29 00:00:00-05:00,230.32398252387296,230.8581673396739,229.6059370080515,230.05252075195312,77512100,0.0,0.0,0.0,226.78701477050782,226.0280782063802,222.9130755106608,1.426314792456452,229.64046021170935,223.9335693293063,68.49102942066195,238.833840837643,34.97684853080367
2017-11-30 00:00:00-05:00,230.97199216537572,232.97730293049327,230.8931832759286,232.0666046142578,127894400,0.0,0.0,0.0,227.11627807617188,226.29925282796225,223.19518381754557,1.6674115793899205,230.74876913433786,223.4837870180059,71.61519279192918,283.20437945373976,42.32801303393121
2017-12-01 00:00:00-05:00,231.84763813337713,232.32925682992752,228.34487896157293,231.5849151611328,164390900,0.0,0.0,0.0,227.41707763671874,226.55232747395834,223.46969909667968,1.7988778625854707,231.48080715812026,223.35334811531723,69.90047562124413,194.11914538625967,24.779257473429976
2017-12-04 00:00:00-05:00,233.2050114664031,233.6340910325982,231.25221306452403,231.3047790527344,94040600,0.0,0.0,0.0,227.6662139892578,226.75753428141277,223.74375712076824,1.8590314392045002,232.04594665175387,223.28648132676176,68.90785955116542,213.53253367585503,29.390783160284595
2017-12-05 00:00:00-05:00,230.47279357910156,232.18913805211625,230.3414454578891,230.47279357910156,77994500,0.0,0.0,0.0,227.8562385559082,226.96419626871744,223.96575342814128,1.8186055547363935,232.38175959362204,223.33071751819435,66.02718711996278,150.03439755652113,23.905813861608372
2017-12-06 00:00:00-05:00,230.56914081877625,230.945707787336,230.0524869827699,230.5166015625,75898600,0.0,0.0,0.0,228.05633239746095,227.15918528238933,224.1762814839681,1.7697026575497432,232.68481945788247,223.42784533703943,66.10437152881065,118.5483419971598,22.20556319281426
2017-12-07 00:00:00-05:00,231.24343872070312,231.55867425777868,230.25390485610217,231.24343872070312,77218600,0.0,0.0,0.0,228.27350769042968,227.41547190348308,224.3971809387207,1.7692021819746913,233.07780015482325,223.4692152260361,67.37651345244429,123.22354545198958,24.47966405030807
2017-12-08 00:00:00-05:00,232.19789777336135,232.51313325649457,231.20836407808713,232.50439453125,76563900,0.0,0.0,0.0,228.59488372802736,227.70415802001952,224.6402577718099,1.8492372907617778,233.63462840965005,223.55513904640466,69.4352408965246,141.90995558094224,27.875807001476137
2017-12-11 00:00:00-05:00,233.20489501953125,233.26619970521597,232.47808441073977,233.20489501953125,83077500,0.0,0.0,0.0,228.9547897338867,227.95518798828124,224.89012044270834,1.9467493119164487,234.23850106547482,223.6710784022986,70.5049113942332,151.49626997734086,30.42937389901834
2017-12-12 00:00:00-05:00,233.9930563011885,234.08939607247345,233.23997592537404,233.61651611328125,85195800,0.0,0.0,0.0,229.32476959228515,228.24796040852866,225.13910878499348,2.0337983124716175,234.83278633896077,223.81675284560953,71.11930836652253,151.95446757742738,33.10753605741444
2017-12-13 00:00:00-05:00,233.86173271575652,234.29957764733308,233.50269666499167,233.59027099609375,102905400,0.0,0.0,0.0,229.7197067260742,228.52818349202474,225.3840098063151,2.07672828005434,235.26343212332333,224.1759813288251,71.02172748344142,139.61701111670914,33.78083680879879
2017-12-14 00:00:00-05:00,233.88798745715712,234.001831407951,232.5832181957584,232.63575744628903,100666700,0.0,0.0,0.0,230.1234016418457,228.76666412353515,225.61169026692707,2.010552919856309,235.2455270614554,225.00127622223602,67.53542019203792,110.29264460976283,27.952420162050842
2017-12-15 00:00:00-05:00,233.6400548355905,235.03951542888447,233.58724702909123,234.57302856445312,144610300,1.351,0.0,0.0,230.52850799560548,229.06680094401042,225.8814364115397,2.090333989869748,235.71549578583824,225.34152020537272,70.56871878644169,131.08429722647574,31.439619111834908
2017-12-18 00:00:00-05:00,235.97246388492815,236.41254679897668,235.8668482832412,236.06048583984375,83653600,0.0,0.0,0.0,231.04126586914063,229.39141540527345,226.17524312337238,2.2476766166650464,236.28950249418074,225.79302924410052,72.60201806228085,156.45390274744335,35.69961784364963
2017-12-19 00:00:00-05:00,236.3069918222023,236.35098938068305,235.08354811421697,235.1539764404297,82382900,0.0,0.0,0.0,231.48943099975585,229.67413787841798,226.46138534545898,2.2730220660053817,236.51992845036546,226.45893354914625,69.57178286350491,131.65683795447427,30.899570861155652
2017-12-20 00:00:00-05:00,236.12209781110093,236.17490561659116,234.73144749897185,235.03070068359375,76751500,0.0,0.0,0.0,231.85743865966796,229.95800374348957,226.743283589681,2.2571422629089852,236.78750055262424,226.9273767667117,69.16566989668392,117.6423270736489,28.781300015070627
2017-12-21 00:00:00-05:00,235.6555850016644,236.22771426568343,235.268309897034,235.51475524902344,67032300,0.0,0.0,0.0,232.25971527099608,230.2451644897461,227.01909255981445,2.257592442193584,236.99111480780874,227.52831573418342,69.87985483028672,117.13519143493205,28.959665080229495
2017-12-22 00:00:00-05:00,235.53232142244943,235.56753556761856,234.9161947543419,235.45310974121097,78720900,0.0,0.0,0.0,232.63264236450195,230.55770568847657,227.28949584960938,2.22730000719568,237.11791571880988,228.147369010194,69.66726850715781,103.34793185141939,26.769715221426537
2017-12-26 00:00:00-05:00,235.04828793137565,235.39156551824624,234.9074850275904,235.17152404785156,45244400,0.0,0.0,0.0,232.9971809387207,230.86319732666016,227.5423619588216,2.1557216052946444,237.01730563245843,228.97705624498298,68.67997593712944,94.43212984137867,26.714653447340908
2017-12-27 00:00:00-05:00,235.3387727732517,235.64683622362304,235.0131156739141,235.2859649658203,57751000,0.0,0.0,0.0,233.25185165405273,231.16549886067708,227.7812271118164,2.0842042228420894,237.16786735157874,229.33583595652672,68.86547993128755,92.17195708006089,27.667207484394098
2017-12-28 00:00:00-05:00,235.7875942590208,235.8139981547031,235.4003192153301,235.7699737548828,45116100,0.0,0.0,0.0,233.53772430419923,231.50144704182944,228.02027842203776,2.0430308582492955,237.3021801531006,229.77326845529785,69.65190576950434,94.27135835593732,28.298542846709722
2017-12-29 00:00:00-05:00,236.35093124759084,236.36852489454853,234.6874317823452,234.88104248046875,96007400,0.0,0.0,0.0,233.67844619750977,231.84541982014974,228.2401351928711,1.9165782246891752,237.42171003616525,229.9351823588543,66.46235500413084,82.5181967167448,23.54142061054205
2018-01-02 00:00:00-05:00,235.74364692993703,236.5974089834825,235.356371759636,236.56219482421875,86655700,0.0,0.0,0.0,233.92731018066405,232.18179626464843,228.46611938476562,1.9297733201227913,237.745592602107,230.1090277592211,69.21993540272393,97.93883512838116,24.47156627650258
2018-01-03 00:00:00-05:00,236.72945809817224,238.2081575062318,236.72945809817224,238.0585174560547,90070400,0.0,0.0,0.0,234.26499710083007,232.5902359008789,228.72127431233724,2.037484407459459,238.29541141938563,230.23458278227452,71.38620503676533,127.34021456599567,30.616488797114506
2018-01-04 00:00:00-05:00,238.70092331658452,239.54587477819527,238.12001079281384,239.061767578125,80636400,0.0,0.0,0.0,234.69444580078124,233.01927235921224,228.9992805480957,2.178685589242093,238.85186943985914,230.53702216170333,72.71796799873607,151.13759632896324,35.149425065706524
2018-01-05 00:00:00-05:00,239.85396845853816,240.77813171842425,239.36107780519544,240.65492248535156,83524000,0.0,0.0,0.0,235.20136184692382,233.45208485921225,229.29406051635743,2.391574250312175,239.67428473485054,230.7284389589971,74.65574187153197,173.61636619686513,38.950163969049655
2018-01-08 00:00:00-05:00,240.5581775231667,241.25351621363447,240.2677345494723,241.0950927734375,57319200,0.0,0.0,0.0,235.69394454956054,233.90628051757812,229.59033864339193,2.566226252760714,240.48981098022534,230.89807811889574,75.16001256473787,176.923028506596,40.34545480378993
2018-01-09 00:00:00-05:00,241.51752620564912,242.26567261945056,241.23586666107144,241.64076232910156,57254000,0.0,0.0,0.0,236.15076293945313,234.36115366617838,229.9012575785319,2.717346318917123,241.38766322704942,230.91386265185685,75.77806488212804,184.25150772338105,43.20449384482456
2018-01-10 00:00:00-05:00,240.88378200827157,241.53512299871895,240.2148742312453,241.27105712890625,69574300,0.0,0.0,0.0,236.55407104492187,234.8074971516927,230.20149052937825,2.775286168808492,242.07065786500624,231.0374842248375,74.47921767272648,157.11813436286837,36.38366645581414
2018-01-11 00:00:00-05:00,241.8255340603897,243.03135681152344,241.6583004230254,243.03135681152344,62361500,0.0,0.0,0.0,237.024813079834,235.23545735677084,230.5260991414388,2.929476211994171,243.06763411568718,230.9819920439808,76.4660604281014,183.4542273548426,40.66787419349554
2018-01-12 00:00:00-05:00,243.2954282558476,244.78288366057575,242.99614826380247,244.6156768798828,90816100,0.0,0.0,0.0,237.57608337402343,235.72089589436848,230.87448705037434,3.1432805394646834,244.27559889460136,230.8765678534455,78.05662910999945,197.95571395022907,45.141754780812335
2018-01-16 00:00:00-05:00,245.87435546460017,246.5256696509318,243.08421767570212,243.7795562744141,106555100,0.0,0.0,0.0,238.13327331542968,236.1113276163737,231.20529022216797,3.2082711119530245,244.9552765269776,231.31127010388175,75.27895904851609,178.3931420038532,49.09290306237879
2018-01-17 00:00:00-05:00,244.71251442448408,246.4904398023778,243.77954075622463,246.10316467285156,113258800,0.0,0.0,0.0,238.70978012084962,236.59526926676432,231.57379837036132,3.407987232017774,246.18268318198852,231.2368770597107,77.57327867437635,173.0902705862767,49.09290306180981
2018-01-18 00:00:00-05:00,245.9887826104511,246.41124506409105,245.19661178881137,245.6895294189453,100728000,0.0,0.0,0.0,239.19123229980468,237.07476094563802,231.9161476135254,3.4926259698535773,247.16913001563364,231.21333458397572,76.26975954487686,157.40994073986118,49.0929030615461
2018-01-19 00:00:00-05:00,246.27041209526817,246.8073272705078,245.6895262290551,246.8073272705078,140920100,0.0,0.0,0.0,239.7738998413086,237.61924540201824,232.29172083536784,3.6083054253213334,248.1998995200018,231.34790016261542,77.33449014391863,151.37838986183112,49.99899280118116
2018-01-22 00:00:00-05:00,246.59609375901607,248.81410217285156,246.5432590929547,248.81410217285156,91322400,0.0,0.0,0.0,240.46306991577148,238.22916208902996,232.69417368570964,3.8179017951731,249.48895313419732,231.43718669734565,79.07790748631017,159.86541558165683,54.26550825849247
2018-01-23 00:00:00-05:00,248.85804057747723,249.63259068853085,248.5323835672673,249.34214782714844,97084700,0.0,0.0,0.0,241.15443954467773,238.83245239257812,233.12396214803059,3.9807299229476314,250.68840723515783,231.62047185419763,79.50698697430346,159.85489099209772,55.854841041878956
2018-01-24 00:00:00-05:00,249.98466681779405,250.5831999422078,248.06591192799587,249.24533081054688,134816100,0.0,0.0,0.0,241.84405059814452,239.390483601888,233.54732081095378,4.0552140795896605,251.63346116565663,232.0546400306324,79.19891277025306,146.47336958519526,57.624143880388246
2018-01-25 00:00:00-05:00,250.1080005095375,250.2048058868254,248.5588995886311,249.35104370117188,84587300,0.0,0.0,0.0,242.55302658081055,239.9286885579427,233.941938273112,4.075790283850921,252.3615519003729,232.74450126124822,79.28955674536525,134.76754267733133,57.62414387997458
2018-01-26 00:00:00-05:00,250.1871555817258,252.28195470890776,249.9318999513005,252.23793029785156,107743100,0.0,0.0,0.0,243.4006248474121,240.54940236409504,234.39868138631184,4.2757564369662475,253.49077399395705,233.31047570086716,81.55966583238977,150.10491247031644,61.25528899117837
2018-01-29 00:00:00-05:00,251.66585077927087,252.10593376676047,250.4072198815788,250.56564331054688,90118300,0.0,0.0,0.0,244.14040832519532,241.11524810791016,234.82171579996745,4.250296695411578,254.04275077161043,234.23806587878022,76.53266982772232,132.2360409028426,61.255288990699796
2018-01-30 00:00:00-05:00,248.73477341209036,250.61831359750633,247.52014073544345,247.9954376220703,131796400,0.0,0.0,0.0,244.7961280822754,241.62723744710286,235.19695078531902,3.9768825216608263,253.81416684893495,235.77808931561586,69.70206624262033,94.25597526284317,43.02570318927344
2018-01-31 00:00:00-05:00,248.84931188627257,249.35098602984448,247.044955694462,248.11875915527344,108364800,0.0,0.0,0.0,245.37395629882812,242.0787618001302,235.57278137207032,3.727186154314893,253.61835946037206,237.12955313728418,69.83569497035501,81.08763261847606,40.32470496622659
2018-02-01 00:00:00-05:00,247.3881851399711,249.1397063257959,247.0449076164335,247.83705139160156,90102500,0.0,0.0,0.0,245.86288299560547,242.4713139851888,235.9313646952311,3.46660762719182,253.41102431098017,238.31474168023078,69.11534349509998,73.6600770630179,40.32442760153368
2018-02-02 00:00:00-05:00,246.51682600867105,246.64887236739563,242.40646675517465,242.44168090820312,173174800,0.0,0.0,0.0,246.03187866210936,242.71423746744793,236.19418767293294,2.7925452368705237,253.07321285611025,238.99054446810848,57.38723436192379,15.780914785630122,17.20347987379126
2018-02-05 00:00:00-05:00,240.68131857966463,242.79371086272545,231.75642559353705,232.3021240234375,294681800,0.0,0.0,0.0,245.61423873901367,242.62328491210937,236.29064432779947,1.4237562594937003,254.6941515829522,236.53432589507514,43.15173389597943,-96.73724771537248,15.76328299888066
2018-02-06 00:00:00-05:00,228.7903023920032,237.38072927764424,227.69890538491987,236.8790283203125,355026800,0.0,0.0,0.0,245.40343551635743,242.66876068115235,236.45696258544922,0.7002272751515193,255.09993887724264,235.70693215547223,49.053084924871804,-116.94281113872212,24.169705306636168
2018-02-07 00:00:00-05:00,236.32455055637257,239.7219781294161,235.5147860877873,235.59402465820312,167376100,0.0,0.0,0.0,245.1010986328125,242.67345784505207,236.61558176676434,0.0228726246279507,255.6326954311025,234.5695018345225,47.6174110570305,-78.53763827449376,17.188886866732926
2018-02-08 00:00:00-05:00,235.8932514181772,236.03408117347925,226.72191170053435,226.7571258544922,246449500,0.0,0.0,0.0,244.3754020690918,242.39297790527343,236.6280876159668,-1.213016793880314,257.65889742509466,231.09190671308892,39.41143115160008,-167.08422496187367,32.034152625557496
2018-02-09 00:00:00-05:00,229.5472489990059,232.0205129539918,222.6115510503879,230.1633758544922,283565300,0.0,0.0,0.0,243.73200302124025,242.22222493489582,236.69386189778646,-1.895759024405237,258.4578443745324,229.00616166794813,43.30719404897121,-175.99612400926836,37.45611530403495
2018-02-12 00:00:00-05:00,232.2141082919744,235.01305567391455,230.3041637362492,233.5431671142578,143736000,0.0,0.0,0.0,243.178377532959,242.147998046875,236.82472254435223,-2.139453958944557,258.58132250732933,227.77543255858868,46.81721352900614,-113.88996844569678,29.665463554038688
2018-02-13 00:00:00-05:00,232.3373339706034,234.66976763389977,231.75642140267445,234.1240692138672,81223600,0.0,0.0,0.0,242.69560317993165,242.12276560465494,236.98409271240234,-2.259662028384639,258.61578932460975,226.77541703525353,47.396287829910214,-104.95977173333908,29.66546355386936
2018-02-14 00:00:00-05:00,232.63661551940828,237.64476096412412,232.62780526622583,237.2838897705078,120735700,0.0,0.0,0.0,242.25463943481446,242.14682210286458,237.1643091837565,-2.076025548032902,258.26571940689206,226.24355946273687,50.433230206063776,-76.18815458717009,22.29154545004657
2018-02-15 00:00:00-05:00,239.02659590009435,240.32044050103423,236.5621159237436,240.31163024902344,111200300,0.0,0.0,0.0,241.98574447631836,242.2219258626302,237.40608088175455,-1.6669632469294982,257.93444819801806,226.03704075461866,53.11623894017451,-38.00104183693015,16.14614550442223
2018-02-16 00:00:00-05:00,239.68679883222927,242.32729669194248,239.64277441824743,240.38211059570312,160420100,0.0,0.0,0.0,241.66448364257812,242.26593729654948,237.64260482788086,-1.3218537440856721,257.46238673413177,225.86658055102447,53.1772713937109,-17.87044545933719,11.787492020133369
2018-02-20 00:00:00-05:00,239.4314923731264,240.87497712315857,238.08483982487812,238.87698364257812,86369700,0.0,0.0,0.0,241.16762771606446,242.20667266845703,237.82937876383463,-1.1564720530005275,256.6404634702799,225.69479196184903,51.69072200802354,-35.94340795199883,14.368199858625683
2018-02-21 00:00:00-05:00,239.31712469165865,241.79919920284223,237.59200689107456,237.68881225585935,98883700,0.0,0.0,0.0,240.5849609375,242.09312998453777,237.99970525105795,-1.1085032369540784,255.6335169883795,225.5364048866205,50.53702392989493,-37.83984704835575,12.3510590418969
2018-02-22 00:00:00-05:00,238.61296827236853,240.32927557049345,237.32793364711856,237.9968414306641,110511300,0.0,0.0,0.0,240.02253646850585,241.97166595458984,238.16640981038412,-1.033716187794198,254.53967963283992,225.50539330417178,50.83133325484353,-41.50036626547632,12.805618554512424
2018-02-23 00:00:00-05:00,239.2202901893166,241.7903594970703,238.7449930968572,241.7903594970703,92766400,0.0,0.0,0.0,239.64450225830078,241.98897603352864,238.3982365926107,-0.6607252785932758,253.5183422431456,225.77066227345594,54.29592646727014,-14.788915629700949,9.553660098497463
2018-02-26 00:00:00-05:00,242.86417085379668,244.6949309715639,242.274474741448,244.5980987548828,86491400,0.0,0.0,0.0,239.26251068115235,242.04120076497395,238.6383290608724,-0.13698710091983912,252.05495629571627,226.47006506658843,56.63549660704586,21.337084992863055,3.4222761740872873
2018-02-27 00:00:00-05:00,244.7828878438035,245.49584682465152,241.48226622730925,241.54388427734375,99099200,0.0,0.0,0.0,238.8114227294922,241.93880767822264,238.82985178629556,0.03126914378893275,250.51563617911017,227.1072092798742,53.55079542424528,9.880633118960816,1.7971196777341414
2018-02-28 00:00:00-05:00,242.64409768643975,243.09299083312848,238.78018384941743,239.09703063964844,121907800,0.0,0.0,0.0,238.3665023803711,241.78272349039713,238.94702555338543,-0.03245311015899688,249.24837788863607,227.4846268721061,51.23794367237379,-18.61878581017005,6.902789395524871
2018-03-01 00:00:00-05:00,238.8857993934386,240.4348997734121,234.12409926408975,235.62039184570312,176855100,0.0,0.0,0.0,237.74158401489257,241.43329772949218,239.01428349812826,-0.359346824191789,247.65803946012713,227.825128569658,48.17937743076096,-57.93795022795497,14.798999886741473
2018-03-02 00:00:00-05:00,233.94807897529424,237.398341026059,233.0855336080012,236.83502197265625,139083200,0.0,0.0,0.0,237.1914825439453,241.13814748128254,239.1064542134603,-0.5144714410224651,245.89656371534036,228.48640137255026,49.273753679303,-65.22163383731659,16.434480934013017
2018-03-05 00:00:00-05:00,235.6467947883253,240.18845345256145,235.54115233150563,239.57232666015625,97307400,0.0,0.0,0.0,237.04801483154296,240.89698079427083,239.25811309814452,-0.41178441143367195,245.47903222166218,228.61699744142373,51.6540262582672,-31.099908463876467,10.537606467342433
2018-03-06 00:00:00-05:00,240.5493727197497,240.62861130218,238.68342497592943,240.17971801757812,79213200,0.0,0.0,0.0,237.44189453125,240.60916798909506,239.4191650390625,-0.27818603881127046,245.67304228686936,229.21074677563064,52.169219501619644,-11.264793081858219,9.631486752383655
2018-03-07 00:00:00-05:00,238.01449598620087,240.44373582436765,237.82085839629667,240.0916748046875,87063500,0.0,0.0,0.0,237.60252685546874,240.30081888834636,239.56663564046224,-0.1773681280834296,245.9124382589471,229.29261545199037,52.08598923324335,-12.707896116622758,11.108696721168428
2018-03-08 00:00:00-05:00,240.7693564135305,241.37667299607364,239.7747915704599,241.2534637451172,66901200,0.0,0.0,0.0,237.88549880981446,240.0344233194987,239.71245346069335,-0.0036801272443653943,246.29230403993654,229.4786935796924,53.10722841794765,10.175245053024732,9.113044800874016
2018-03-09 00:00:00-05:00,242.66176276423687,245.45187377929688,242.3448890552754,245.45187377929688,113625300,0.0,0.0,0.0,238.8202362060547,239.90445098876953,239.91656977335612,0.4673580542278728,246.09872568047905,231.54174673163033,56.567872369520835,68.02106247234248,0.9219448989639963
2018-03-12 00:00:00-04:00,245.7423167630409,246.36722699736953,244.75650844539223,245.1437835693359,71924800,0.0,0.0,0.0,239.5692565917969,239.66797943115233,240.1086908976237,0.8065020479858447,246.1461432690096,232.99236991458417,56.252727020897034,90.99139373938876,0.8082853640102389
2018-03-13 00:00:00-04:00,246.30560716082977,246.80730813965732,242.95217743587503,243.5594940185547,91968900,0.0,0.0,0.0,240.07007293701173,239.43444112141927,240.27484461466472,0.9366401752497211,246.22688743001862,233.91325844400484,54.63360046448927,83.46964073578191,2.596908112073009
2018-03-14 00:00:00-04:00,244.51884067897245,244.70366796236553,241.75513423868796,242.3096160888672,105895100,0.0,0.0,0.0,240.4793502807617,239.24491373697916,240.43607559204102,0.9282209224443534,246.03037041844163,234.92833014308178,53.37968144152802,64.24659151571775,4.803804896138101
2018-03-15 00:00:00-04:00,242.82015876545825,243.4626626446098,241.54390753995625,242.0456085205078,83433000,0.0,0.0,0.0,240.71743621826172,239.04247538248697,240.56061859130858,0.8899861927426116,246.09720661897165,235.3376658175518,53.11331158091782,60.479018820440224,5.195906495853213
2018-03-16 00:00:00-04:00,242.57323255706797,243.35973066378793,242.25511667218015,242.30813598632812,100343700,1.097,0.0,0.0,240.81726150512696,238.8581782023112,240.66474609375,0.8708302770845364,246.23925397129634,235.3952690389576,53.35276258391631,72.43377084317567,5.195906495839439
2018-03-19 00:00:00-04:00,241.55688015274268,242.48474468467887,237.3770130540277,239.02951049804688,109208400,0.0,0.0,0.0,240.74963150024413,238.74443918863932,240.7293383280436,0.5843553153005416,246.227928045672,235.27133495481627,50.05046976582487,16.642320944470725,13.954894260104815
2018-03-20 00:00:00-04:00,239.4272659095059,240.0723701132613,238.7556520517941,239.4361114501953,59757300,0.0,0.0,0.0,240.777587890625,238.98223876953125,240.80276184082032,0.3856852039283467,246.22124427921878,235.33393150203122,50.443979005094114,10.197950614344423,13.954894260068812
2018-03-21 00:00:00-04:00,239.39185251338063,241.4861955710921,238.76443954354212,238.9765167236328,78709600,0.0,0.0,0.0,240.84197311401368,239.05215504964193,240.86045786539714,0.18897388259836134,246.16083802958497,235.5231081984424,49.98353124674367,13.748139143199111,10.78035379363185
2018-03-22 00:00:00-04:00,236.74966416722836,237.5979999945079,232.72885384939,233.00282287597656,148785900,0.0,0.0,0.0,240.5922721862793,238.96578165690104,240.81961975097656,-0.4438322046680412,246.85812836830414,234.32641600425447,44.51950771297276,-99.78712655641584,20.554204137008778
2018-03-23 00:00:00-04:00,233.44472733817716,233.77168878292085,227.84210113020103,228.03651428222656,183534800,0.0,0.0,0.0,239.90457992553712,239.00842793782553,240.7007029215495,-1.3307352981284168,248.2805199102018,231.52863994087244,40.69367049236606,-198.8044479911819,27.231108378650525
2018-03-26 00:00:00-04:00,231.6419625147581,234.5581324853792,229.23832153864055,234.2753448486328,141956100,0.0,0.0,0.0,239.3884422302246,239.14549357096354,240.6838592529297,-1.5127528298939978,247.81863816496477,230.95824629548443,46.65153729881485,-149.7902645985429,25.4754758783487
2018-03-27 00:00:00-04:00,235.21202078562465,235.74221375579825,228.7345513295718,230.28985595703125,129941400,0.0,0.0,0.0,238.82574081420898,239.03704986572265,240.59252395629883,-1.9560505475031107,248.1093386954362,229.54214293298176,43.74723372839869,-170.8927790616401,22.835491848172424
2018-03-28 00:00:00-04:00,230.42242836273297,232.0926172982425,228.50480702582675,229.6094207763672,146452300,0.0,0.0,0.0,238.35136032104492,238.88656158447264,240.5046635945638,-2.3353521293011,248.50539369670088,228.19732694538897,43.27145398111226,-193.4714611443272,23.15999307341862
2018-03-29 00:00:00-04:00,230.749306625659,234.4077989947259,229.61818363114497,232.5431976318359,111601600,0.0,0.0,0.0,238.19750061035157,238.7285385131836,240.43768030802408,-2.3718785524467023,248.615591953079,227.77940926762415,45.89596606474652,-137.83229109052573,17.98751808522759
2018-04-02 00:00:00-04:00,232.0130642531419,232.52562014188928,225.0495882525477,227.52392578125,186286300,0.0,0.0,0.0,237.73194580078126,238.30228169759116,240.26210378011066,-2.773863919887333,249.18696543411855,226.27692616744397,42.42237418041937,-183.93283494689751,24.46351162781433
2018-04-03 00:00:00-04:00,228.7610258854182,230.91723352704287,226.96713469656925,230.4400329589844,119956900,0.0,0.0,0.0,237.27533111572265,237.97087910970052,240.118408203125,-2.8245748013405034,249.1421185324741,225.40854369897122,44.927475417983636,-144.15091199711412,24.46351162764154
2018-04-04 00:00:00-04:00,226.8876306920274,233.6125052626878,226.75508245525387,232.9055633544922,123715300,0.0,0.0,0.0,236.91162338256837,237.77183176676434,239.98925221761067,-2.6354361749018835,248.84928424646372,224.973962518673,46.94638399958768,-105.32998925748382,18.553255383278863
2018-04-05 00:00:00-04:00,234.66418795634513,235.62743509868207,233.5772650372358,234.7437438964844,82652600,0.0,0.0,0.0,236.64422683715821,237.6736628214518,239.8833964029948,-2.310581695853415,248.52139426440428,224.76705940991215,48.405161271716274,-46.97364454570384,14.353776520726537
2018-04-06 00:00:00-04:00,232.7818432731498,234.2752559200841,227.99222725325936,229.51217651367188,179521200,0.0,0.0,0.0,236.05716247558593,237.39084065755208,239.68125330607097,-2.4470676736226835,248.13408208633146,223.9802428648404,44.78001797777678,-98.70262183448226,22.25086372050082
2018-04-09 00:00:00-04:00,230.970332966311,234.036742088674,229.70666119589032,230.64337158203125,105442900,0.0,0.0,0.0,235.31673736572264,237.01927439371744,239.50412521362304,-2.4358765376625513,246.76806120639424,223.86541352505105,45.6898133808277,-79.90524000397136,22.25086372032888
2018-04-10 00:00:00-04:00,233.53298611524056,235.0971362790858,232.39304426307268,234.3106384277344,103529000,0.0,0.0,0.0,234.77508010864258,236.67635904947917,239.35877990722656,-2.1068037735047938,245.2526695300375,224.29749068724766,48.533615685497814,-41.76593412462334,20.002651543198027
2018-04-11 00:00:00-04:00,232.82607373811788,234.7436951143563,232.75539032260153,233.0823516845703,91140200,0.0,0.0,0.0,234.25122299194337,236.3943079630534,239.16655782063802,-1.9229570600324166,243.89394925634625,224.60849672754048,47.668781855205815,-44.058635473274265,20.00265154312667
2018-04-12 00:00:00-04:00,234.40785066181715,235.9454641579969,234.23110169917575,234.9999084472656,68890500,0.0,0.0,0.0,233.88573760986327,236.2577372233073,239.0202303568522,-1.6040360805437786,242.76642684241665,225.0050483773099,49.13264638542085,-19.486976824261472,17.38449103573832
2018-04-13 00:00:00-04:00,236.307788505902,236.42267263862576,233.30324481789924,234.3106384277344,85079200,0.0,0.0,0.0,233.4989891052246,236.21407877604167,238.8236882527669,-1.3908741058011174,241.51505330846166,225.48292490198756,48.62684437894286,-23.944296487608963,18.799462131178164
2018-04-16 00:00:00-04:00,235.94550015531053,237.0059401567355,235.1236739866664,236.2371063232422,63405300,0.0,0.0,0.0,233.1954376220703,236.19414825439452,238.66614786783853,-1.0543380928334614,240.2033347057404,226.1875405384002,50.11176810748916,-2.779937964732584,17.490882348327595
2018-04-17 00:00:00-04:00,238.004537915327,239.3654299080255,237.49200888769815,238.7645263671875,64682000,0.0,0.0,0.0,233.18218841552735,236.16722157796224,238.53210118611653,-0.5770374741214823,240.14449723693414,226.21987959412056,51.99495612075019,32.978043879003536,12.313716347894086
2018-04-18 00:00:00-04:00,239.20630438235705,239.74534291484295,238.4816713341332,238.9412078857422,57303900,0.0,0.0,0.0,233.15744323730468,236.12593790690104,238.36755294799804,-0.1824138200992138,240.02909040136555,226.2857960732438,52.12564404746657,41.259952431941436,11.495375736019886
2018-04-19 00:00:00-04:00,238.28724837406065,238.49050699178184,236.5817313909208,237.61566162109375,77655900,0.0,0.0,0.0,233.08940048217772,236.04340413411458,238.17211151123047,0.02310146402149371,239.74189172329864,226.4369092410568,51.047078574864656,20.26475749866372,14.710343619980488
2018-04-20 00:00:00-04:00,237.5449917152264,237.7659144802581,234.71716953557635,235.60086059570312,99953100,0.0,0.0,0.0,233.21930236816405,235.8549840291341,237.9447036743164,0.023129579594638017,239.96547843680017,226.47312629952793,49.43857671082379,-0.5909600259294598,17.743811743417943
2018-04-23 00:00:00-04:00,236.17522430550417,236.73195385379043,234.4873715522299,235.5654754638672,65558000,0.0,0.0,0.0,233.5957504272461,235.5254374186198,237.71494420369467,0.020065276953118882,239.95326910715272,227.23823174733946,49.410290160140654,-2.9987508473700397,18.115124132884553
2018-04-24 00:00:00-04:00,236.5905520082252,236.8114747123485,230.89073545460303,232.3930206298828,112885500,0.0,0.0,0.0,233.5016342163086,235.10041198730468,237.38419570922852,-0.23563751417449907,239.87250974153443,227.13075869108275,46.92043573500493,-36.9483598169463,23.692281171521405
2018-04-25 00:00:00-04:00,232.33122486476995,233.4093290601004,230.51082339909723,232.9674835205078,103840900,0.0,0.0,0.0,233.63551559448243,234.74734497070312,237.0908930460612,-0.3874630314562353,239.8323666447422,227.43866454422266,47.416791898047784,-53.23730669945126,24.25600606434369
2018-04-26 00:00:00-04:00,233.9925234034569,236.16639548906852,233.55067794884684,235.33572387695312,67731900,0.0,0.0,0.0,233.9218307495117,234.51488189697267,236.8798978169759,-0.3130796558043585,239.85915808231573,227.9845034167077,49.43337932828165,6.930741153098584,17.72678407380589
2018-04-27 00:00:00-04:00,235.9454209207067,236.24587252765468,234.6198848481185,235.5565948486328,57053600,0.0,0.0,0.0,234.07250061035157,234.2985814412435,236.67052841186523,-0.2336148861903382,240.0154594971335,228.12954172356964,49.61978799010134,23.781749655186378,17.542597897128328
2018-04-30 00:00:00-04:00,236.1752674598288,236.7319971098416,233.6744068047092,233.7451171875,82182300,0.0,0.0,0.0,234.38356018066406,234.01314748128254,236.43566284179687,-0.31319922614218854,239.47332903189294,229.29379132943518,48.11491623978734,13.25926840905185,19.100220069336775
2018-05-01 00:00:00-04:00,233.17953515335415,234.2664847699566,231.62423039491983,234.1604461669922,74203400,0.0,0.0,0.0,234.56958084106446,233.85084533691406,236.2976422627767,-0.33885075080434035,239.3126333169555,229.82652836517343,48.48547475376218,-17.939040149009074,22.38888361574659
2018-05-02 00:00:00-04:00,233.96597302347948,234.77895341628965,232.19859151272493,232.58741760253903,86368900,0.0,0.0,0.0,234.5536735534668,233.6225555419922,236.30239715576172,-0.48057031229598124,239.32228922637574,229.78505788055787,47.16567524864436,-17.845301503304796,21.115755610092943
2018-05-03 00:00:00-04:00,231.7567896085878,232.728828047359,228.920122334684,232.0749053955078,136311500,0.0,0.0,0.0,234.42023162841798,233.3925018310547,236.22232844034832,-0.6270117366774457,239.31417166674436,229.5262915900916,46.73688301041685,-71.27474593878638,26.19657412375596
2018-05-04 00:00:00-04:00,231.1028433123168,235.75991179330265,230.77588198168897,235.07945251464844,91222100,0.0,0.0,0.0,234.6985954284668,233.46172281901042,236.21375223795573,-0.4949206410143461,239.01652432485835,230.38066653207525,49.520041330142284,12.168825866012243,18.873736350104085
2018-05-07 00:00:00-04:00,235.84830724288375,236.84685543367848,235.15900236383027,235.87481689453125,55304900,0.0,0.0,0.0,234.9601676940918,233.7229995727539,236.3657137552897,-0.32234247432450047,238.85704033419267,231.06329505399094,50.2321893074117,73.4346205010693,16.368777099879463
2018-05-08 00:00:00-04:00,235.50365480335705,236.23710647767695,234.31066654300145,235.87481689453125,67499200,0.0,0.0,0.0,235.03837661743165,233.77631530761718,236.46090443929037,-0.18345824145555412,238.9431386211166,231.13361461374672,50.232189307411716,54.180691072805374,17.76785028225844
2018-05-09 00:00:00-04:00,236.54638487556417,238.4816701959383,236.02501045597168,238.1547088623047,59666100,0.0,0.0,0.0,235.29199447631837,234.0384770711263,236.5377634684245,0.10931660783916186,239.31882796408092,231.2651609885558,52.29659605130275,112.47743394971286,12.611503339184573
2018-05-10 00:00:00-04:00,238.89701270393888,240.7085953665572,238.7909741028311,240.3816070556641,72063900,0.0,0.0,0.0,235.5610794067383,234.39754994710287,236.64205576578777,0.5150971392885708,240.18125941394408,230.9408993995325,54.21559042739589,174.0383153174414,7.768613170082245
2018-05-11 00:00:00-04:00,240.5053937532322,241.38023938788257,239.99283776888683,241.1151428222656,59871500,0.0,0.0,0.0,235.90130462646485,234.68328145345052,236.70590998331707,0.8856619799047678,241.0997407161717,230.702868536758,54.834708298072826,182.8085614467384,6.341749596796204
2018-05-14 00:00:00-04:00,241.54809628614152,242.20201900063023,240.6820693919491,241.22998046875,54790600,0.0,0.0,0.0,236.15094833374025,235.14014994303386,236.7212158203125,1.1750583826153047,241.870689555161,230.4312071123195,54.93340365610808,185.7737248831914,4.589016838177907
2018-05-15 00:00:00-04:00,240.00164927713664,240.01931338963473,238.62309339518507,239.5686492919922,87036100,0.0,0.0,0.0,236.19115447998047,235.4444371541341,236.70765813191733,1.255874634084563,241.99887887008646,230.38343008987448,53.19380853187404,119.42672237087625,8.497981589548656
2018-05-16 00:00:00-04:00,239.6039504074176,241.0355252718733,239.5774137924936,240.57598876953125,53942600,0.0,0.0,0.0,236.27289352416992,235.7001180013021,236.7359748840332,1.3852378135398453,242.28597137507,230.25981567326983,54.10543273785873,136.1381630521122,6.274925431158613
2018-05-17 00:00:00-04:00,240.31093789069183,241.45090685639775,239.59515032267203,240.372802734375,56536400,0.0,0.0,0.0,236.41075057983397,235.88775329589845,236.78070805867512,1.4545959734021494,242.6746385251341,230.14686263453385,53.886438201258315,124.58151409971148,5.362075642371966
2018-05-18 00:00:00-04:00,240.028143784387,240.3904603285665,239.4183948402933,239.77186584472656,64368000,0.0,0.0,0.0,236.61930084228516,236.22974294026693,236.8102917989095,1.4444218342522106,243.04529571028138,230.19330597428893,53.22728706888861,99.38950232237185,5.718562576559039
2018-05-21 00:00:00-04:00,241.25648440986456,242.11366574391533,240.86765821907193,241.57460021972656,58025900,0.0,0.0,0.0,236.9197570800781,236.5941172281901,236.80669581095378,1.5637978652971185,243.69094468767406,230.14856947248217,54.937867108780985,130.47423751169242,1.8493371614009706
2018-05-22 00:00:00-04:00,242.0958961615516,242.3521740151333,240.57594708171175,240.9029083251953,52966400,0.0,0.0,0.0,237.34525146484376,236.81385955810546,236.7451093037923,1.5859227770614268,243.98699987454813,230.70350305513938,54.17419846625078,113.13048218415543,2.4744099390087495
2018-05-23 00:00:00-04:00,239.63049171237495,241.5922867405001,239.47140684233705,241.5657501220703,64694200,0.0,0.0,0.0,237.77516479492186,237.09663950602214,236.74547373453777,1.6380601842963358,244.33640908510148,231.21392050474225,54.815388482576594,95.3253998109492,4.848007163968425
2018-05-24 00:00:00-04:00,241.1681276316668,241.44206969964975,239.2858613807374,241.07090759277344,76043800,0.0,0.0,0.0,238.0619239807129,237.29900614420572,236.77837168375652,1.6207666100287952,244.67536457747593,231.44848338394985,54.22939627604215,82.29197526990578,5.248749697083753
2018-05-25 00:00:00-04:00,240.49644470214844,241.1238576161467,239.9927344761584,240.49644470214844,56374800,0.0,0.0,0.0,238.30891647338868,237.5051996866862,236.85963923136393,1.5429211390852515,244.89732247431783,231.72051047245952,53.542007850393084,75.67660262030032,5.248749697069816
2018-05-29 00:00:00-04:00,238.870483330366,239.6304715224005,236.6170823385623,237.7305145263672,115908600,0.0,0.0,0.0,238.50818634033203,237.5549799601237,236.87456410725912,1.243703948237112,244.74721139996797,232.2691612806961,50.362380765191524,13.254924175720626,12.429338301762941
2018-05-30 00:00:00-04:00,239.03833389642136,241.34475367435692,238.96765050651948,240.9029083251953,69678400,0.0,0.0,0.0,238.84530944824218,237.62625935872396,236.8967404683431,1.2481697120291528,244.81813596809653,232.87248292838783,53.629693022914786,68.91797825419219,8.124593043544273
2018-05-31 00:00:00-04:00,240.49644336457965,240.79689499733175,238.82628179308952,239.42718505859375,93519900,0.0,0.0,0.0,239.18729782104492,237.642458597819,236.88419825236002,1.1197228594076307,244.3843185658273,233.99027707626254,51.983112156963195,50.92145326269561,8.423712795706482
2018-06-01 00:00:00-04:00,240.72617694878127,242.07822258559747,240.65546659354575,241.77777099609375,71258400,0.0,0.0,0.0,239.6724411010742,237.78119557698568,236.91229985555012,1.1938386153661895,243.7689097257294,235.57597247641903,54.29535051711453,87.11090975161399,5.211967569411299
2018-06-04 00:00:00-04:00,242.59964393045277,243.18288311790948,242.36105711344487,242.92660522460935,45385200,0.0,0.0,0.0,240.06479873657227,238.0253870646159,236.940185546875,1.3299464125900329,243.79589598934757,236.33370148379697,55.38166713293036,108.65840409477572,2.503963040353297
2018-06-05 00:00:00-04:00,243.059238592946,243.48342005097604,242.29043161185885,243.1034393310547,51135000,0.0,0.0,0.0,240.42622985839844,238.27665252685546,236.90104497273762,1.4355339156289801,243.83488452680797,237.01757518998892,55.549896086259444,104.4159477795233,1.766767847377644
2018-06-06 00:00:00-04:00,243.7131954532173,245.2419639185261,243.09460084664707,245.13592529296875,62732200,0.0,0.0,0.0,240.8892852783203,238.701416015625,236.90091400146486,1.66403543872525,244.20963295385724,237.56893760278336,57.45710901403874,130.4261630035433,2.4786473255280344
2018-06-07 00:00:00-04:00,245.62197676812804,245.9135829945255,244.19921993042797,245.1094207763672,72969400,0.0,0.0,0.0,241.23702087402344,239.10614725748698,236.92674611409504,1.8219831613227484,244.79941512559,237.67462662245688,57.42387104668031,138.44406713850964,4.059922041127003
2018-06-08 00:00:00-04:00,244.64985693869824,245.8870189359492,244.48195349248823,245.83399963378903,72139700,0.0,0.0,0.0,241.5096405029297,239.45608978271486,236.98548583984376,1.9827691985786942,245.59284493322113,237.42643607263827,58.109198893579475,139.42763790071982,4.0599220411127614
2018-06-11 00:00:00-04:00,246.05497211643404,246.87679843413775,245.940087949163,246.1610107421875,58892500,0.0,0.0,0.0,241.76193389892578,239.8095703125,237.05407587687174,2.11223186093261,246.33649122630925,237.1873765715423,58.42166249310447,153.33841999420966,6.452154315126063
2018-06-12 00:00:00-04:00,246.57638010913465,246.8414767094671,245.8340826600857,246.47918701171875,72329000,0.0,0.0,0.0,242.0243942260742,240.23403930664062,237.12359339396158,2.2149732861476252,247.05049502791908,236.99829342422933,58.731495749065864,148.65376044131102,6.158881404334779
2018-06-13 00:00:00-04:00,246.7176198951168,246.97389776082363,245.48927682164364,245.69253540039065,79070600,0.0,0.0,0.0,242.33058853149413,240.61844228108723,237.23464380900066,2.207474008860885,247.47160013528466,237.1895769277036,57.63307032842143,137.12817399080035,5.183809320250916
2018-06-14 00:00:00-04:00,246.55860485683905,246.84136544703483,245.71908772066405,246.31117248535156,77097600,0.0,0.0,0.0,242.61734771728516,241.07590077718098,237.3492281595866,2.225792074643266,247.98124875546887,237.25344667910144,58.26802860100721,135.2744114150917,5.1838093202344995
2018-06-15 00:00:00-04:00,245.5264900457383,246.3342630036423,244.41691627211264,245.9969482421875,120041600,1.246,0.0,0.0,242.89855499267577,241.53996887207032,237.4662353515625,2.1897123623440677,248.35588188880448,237.44122809654706,57.8127587589373,110.88854477313505,1.41902674919265
2018-06-18 00:00:00-04:00,244.54121078049525,245.61529785717133,244.06189434330213,245.4910125732422,52917600,0.0,0.0,0.0,243.18451232910155,241.88702087402345,237.67437184651692,2.0961312539049857,248.5505988057821,237.818425852421,57.07003795976825,88.90280089130177,0.40544556663938286
2018-06-19 00:00:00-04:00,243.21849965616497,244.77190248243608,242.8012989563986,244.54998779296875,97531500,0.0,0.0,0.0,243.33328170776366,242.1761932373047,237.9495964050293,1.9238576821556421,248.67636890996835,237.99019450555897,55.693353904059215,55.88789190763905,3.1499090512709076
2018-06-20 00:00:00-04:00,245.2335873283846,245.63304478761071,244.62998559866284,244.96730041503903,53785500,0.0,0.0,0.0,243.53650131225587,242.47927602132162,238.1277956644694,1.8002511022646672,248.79894215564397,238.27406046886776,56.178306176574566,77.88081904235877,0.6317500385336279
2018-06-21 00:00:00-04:00,244.9583540536788,244.97612456960783,242.93449274945104,243.43157958984375,71061400,0.0,0.0,0.0,243.62979278564453,242.6551717122396,238.34682439168293,1.5603850139895883,248.8106518807801,238.44893369050894,53.93109756164148,36.812922783687384,5.338612017212956
2018-06-22 00:00:00-04:00,244.69214669243587,244.8075467266566,243.65357347365935,243.87548828125,54898500,0.0,0.0,0.0,243.77002182006837,242.77163441975912,238.584592183431,1.390085096689802,248.8091397207726,238.73090391936412,54.475629467356185,43.14983024400799,5.338612017191741
2018-06-25 00:00:00-04:00,242.72144709225415,242.8812191897584,238.86901079141103,240.55555725097656,137854200,0.0,0.0,0.0,243.77297744750976,242.75298156738282,238.71813151041667,0.9759800069694222,248.80407378896973,238.7418811060498,49.911338207583285,-56.96110450661376,17.184992269138124
2018-06-26 00:00:00-04:00,241.12375552974973,241.94038681511896,240.36923979992196,241.08824157714844,68547400,0.0,0.0,0.0,243.94086380004882,242.74825693766277,238.9442034403483,0.6829097546384446,248.3025245503604,239.57920304973723,50.59836945465715,-45.65791220243167,17.184992269065074
2018-06-27 00:00:00-04:00,241.6741102830726,243.1032286385101,238.94010468862103,239.0910186767578,105110700,0.0,0.0,0.0,243.85026931762695,242.73233591715496,239.08838653564453,0.28619123720110906,248.54050729670092,239.16003133855298,48.04247838792543,-70.16224359893889,20.370399007621007
2018-06-28 00:00:00-04:00,239.03773254071504,241.22136639578736,238.3275889896138,240.45799255371097,76650500,0.0,0.0,0.0,243.9018096923828,242.72840270996093,239.21426035563152,0.08115679649060326,248.4063762058468,239.3972431789188,49.83659138525166,-80.66301898227007,21.705621442713767
2018-06-29 00:00:00-04:00,241.54978381672169,242.91678638094555,240.68875342804373,240.8041534423828,97592500,0.0,0.0,0.0,243.85312881469727,242.74278106689454,239.31526718139648,-0.05279361233715463,248.4738909939176,239.23236663547695,50.286286951229705,-38.05809025764712,16.12983390249726
2018-07-02 00:00:00-04:00,239.23299268750813,241.47876893898496,238.99330741347623,241.3189697265625,63554800,0.0,0.0,0.0,243.77274703979492,242.79435119628906,239.512047068278,-0.11607091154297677,248.51568964254346,239.02980443704638,50.96261347196956,-66.22947669342098,19.924930440480306
2018-07-03 00:00:00-04:00,242.2154860372572,242.31314260519264,240.04073792895596,240.466796875,42187100,0.0,0.0,0.0,243.6409149169922,242.7574244181315,239.6757708231608,-0.23230399837825644,248.60366852536364,238.67816130862073,49.802422816666706,-54.53812827986518,17.224496361493397
2018-07-05 00:00:00-04:00,241.594168530159,242.49068572392176,240.52008160667532,242.4285430908203,56925900,0.0,0.0,0.0,243.50554580688475,242.80827891031902,239.81106923421223,-0.16422989251847753,248.44423686602732,238.56685474774218,52.38390895624577,-28.580424816219004,16.646318241185796
2018-07-06 00:00:00-04:00,242.4551731469632,244.85183600448175,242.07345921926444,244.47903442382812,66493700,0.0,0.0,0.0,243.47402648925782,242.90538838704427,240.0010139465332,0.05454804481976794,248.3775392014989,238.57051377701674,54.89219524769558,30.276482864411307,9.234158239874612
2018-07-09 00:00:00-04:00,245.48202935231575,246.73363150616552,245.43765724816657,246.6803741455078,50550400,0.0,0.0,0.0,243.51634521484374,243.09237060546874,240.19568837483723,0.40093907842597787,248.51921702011506,238.5134734095724,57.385271054019725,100.65382051614445,3.7963024484646657
2018-07-10 00:00:00-04:00,247.1331861800095,247.665787085648,246.84024349176497,247.5681304931641,51966800,0.0,0.0,0.0,243.5867012023926,243.32809346516927,240.41664657592773,0.7385771287461296,248.78204646350576,238.39135594127941,58.34571808239901,124.14596393130863,1.214336638494814
2018-07-11 00:00:00-04:00,246.01473770859317,246.8047673860751,245.45550808776144,245.75730895996097,77054700,0.0,0.0,0.0,243.55060729980468,243.59565327962238,240.57531661987304,0.850238531576224,248.6708286621924,238.43038593741696,55.6969133985993,79.4743983529097,4.851575763352551
2018-07-12 00:00:00-04:00,247.0177302686697,248.03853263814824,246.41412868714167,247.9852752685547,60124700,0.0,0.0,0.0,243.66524429321288,243.83173217773438,240.72899576822917,1.1057627147460494,249.08149194554503,238.24899664088073,58.11702131867261,120.13457647601665,1.4100737549634959
2018-07-13 00:00:00-04:00,247.80783184927515,248.4824344235151,247.3551169867808,248.18063354492188,48216000,0.0,0.0,0.0,243.75871734619142,244.1235137939453,240.88298619588215,1.3089425758599873,249.42594201483055,238.09149267755228,58.32352991220905,130.4367347474937,0.1861388539696431
2018-07-16 00:00:00-04:00,248.2250084465951,248.3670100667939,247.5148648995688,247.9586944580078,48201000,0.0,0.0,0.0,243.85680465698243,244.3295445760091,241.05537007649738,1.43550780967567,249.75052167103408,237.9630876429308,57.98751365285199,119.9053009228372,0.18613885396919072
2018-07-17 00:00:00-04:00,247.18645833464043,249.35234894826192,247.1332009498144,248.96177673339844,52315500,0.0,0.0,0.0,244.03034286499025,244.5307169596354,241.27805201212564,1.5983275013324771,250.31789649088404,237.74278923909645,59.08950267757136,126.92295273454508,2.6061103354252526
2018-07-18 00:00:00-04:00,249.04162883488385,249.59197312914412,248.59779929574424,249.48545837402344,44593500,0.0,0.0,0.0,244.27711639404296,244.7434509277344,241.51005172729492,1.7494534020099763,251.0213713560669,237.53286143201902,59.66095311102795,138.52429527010634,3.2842389424359606
2018-07-19 00:00:00-04:00,248.81974310209375,249.2014300488867,248.0652273796649,248.54457092285156,61412100,0.0,0.0,0.0,244.4559799194336,244.85707244873046,241.77924423217775,1.7728635457292228,251.46197137297997,237.4499884658872,58.151233408709054,110.59728151297763,1.6568628385035271
2018-07-20 00:00:00-04:00,248.34030779907545,248.9705650895561,248.10064966063817,248.2604217529297,82337700,0.0,0.0,0.0,244.6974220275879,244.96210581461588,242.03412653605145,1.74833408300006,251.88523478283622,237.50960927233956,57.69511546818451,98.86269293035421,1.6568628384991115
2018-07-23 00:00:00-04:00,248.0563016932374,248.9261901176102,247.71010170371684,248.7220458984375,47047600,0.0,0.0,0.0,244.93974990844725,245.0583740234375,242.25723190307616,1.746016525996339,252.334693617041,237.5448061998535,58.245525859462184,93.11088307567043,0.41522180840000233
2018-07-24 00:00:00-04:00,250.1333556742689,250.81684312940115,249.1036683191489,249.9735565185547,68026900,0.0,0.0,0.0,245.41064987182617,245.18545888264973,242.49751459757488,1.824138757002828,252.82951334519018,237.99178639846215,59.7154793376637,125.31318093382357,6.155449609486253
2018-07-25 00:00:00-04:00,249.72511801013184,252.4236092086071,249.68074589164465,252.10406494140625,78882900,0.0,0.0,0.0,245.96144104003906,245.37295481363932,242.80349706013996,2.0345128149475897,253.65954697224052,238.2633351078376,62.06720872429295,149.14073356984343,10.681721041067709
2018-07-26 00:00:00-04:00,251.38497342649512,252.19271906525444,251.2873168758302,251.5092315673828,57919500,0.0,0.0,0.0,246.5823516845703,245.56684468587238,243.0926434834798,2.1286993682306843,253.9430387477057,239.2216646214349,61.038043556588605,141.8698998556476,10.681721041037667
2018-07-27 00:00:00-04:00,251.83772754225907,251.93538411873655,248.88183498872385,249.8050079345703,76768700,0.0,0.0,0.0,247.0497024536133,245.683305867513,243.379603322347,2.0422841060118344,253.94536158263085,240.15404332459573,58.17885656876654,101.23395263828553,2.742504721387869
2018-07-30 00:00:00-04:00,249.88488314313972,250.0446552549437,247.97639470285225,248.50013732910156,63742500,0.0,0.0,0.0,247.43450164794922,245.7667455037435,243.6533571879069,1.8472137057629254,253.6921036081629,241.17689968773553,56.09748570016776,66.59687506191716,0.04919690250130063
2018-07-31 00:00:00-04:00,249.26358564496655,250.3376457258567,248.8818986783409,249.72515869140625,68570500,0.0,0.0,0.0,247.8548110961914,245.9078837076823,243.89745229085287,1.7710524044895237,253.4801802162972,242.2294419760856,57.57163036502696,78.3074345169363,0.8526172435547112
2018-08-01 00:00:00-04:00,249.92923338303015,250.43520544866445,248.6598876794489,249.307861328125,53853300,0.0,0.0,0.0,248.29686431884767,246.0664794921875,244.1213363647461,1.6579102573669502,252.74381653507328,243.84991210262206,56.89838114731325,70.2646194386417,0.14503470044162678
2018-08-02 00:00:00-04:00,248.0030992495822,250.8347069740888,247.7989278959903,250.66607666015625,63426400,0.0,0.0,0.0,248.70874099731446,246.25643870035807,244.36785736083985,1.6587202226339173,252.31330533134303,245.1041766632859,58.53118927833462,71.85334692080976,2.5965146344066437
2018-08-03 00:00:00-04:00,250.79021941130983,251.79327810851308,250.6126768299803,251.74002075195312,53935400,0.0,0.0,0.0,249.0717903137207,246.53338673909505,244.59427922566732,1.7261227700076631,252.32847064841877,245.81510997902262,59.777557348908886,98.24118721668259,0.5395275800248737
2018-08-06 00:00:00-04:00,251.7755948438292,252.97391274194152,251.3850227429389,252.6632537841797,39400900,0.0,0.0,0.0,249.3709342956543,246.82631225585936,244.79897333780926,1.8329083379566384,252.7974051958803,245.94446339542833,60.82466274237584,110.403743411798,4.267916697322341
2018-08-07 00:00:00-04:00,253.32908084988236,253.8794252386375,253.19591029391069,253.49771118164065,43196600,0.0,0.0,0.0,249.66741333007812,247.25771738688152,245.00534947713217,1.9622508022388274,253.44520238000592,245.88962428015031,61.755569629529134,129.68482948214054,7.032959793341691
2018-08-08 00:00:00-04:00,253.32908927357005,253.7906623367623,252.92963177079216,253.3912048339844,42114600,0.0,0.0,0.0,250.0491081237793,247.66781616210938,245.20803654988606,2.0327294254134074,253.7040807040182,246.3941355435404,61.562415618215546,123.4323288616975,6.100719922257633
2018-08-09 00:00:00-04:00,253.45329850596943,253.84387067212316,252.91183946469604,253.04498291015625,35717000,0.0,0.0,0.0,250.30209350585938,248.13294830322266,245.4326421101888,2.037163869299917,254.0547134827299,246.54947352898884,60.92164651556569,119.30847609154586,6.269475437430908
2018-08-10 00:00:00-04:00,251.6069159603499,252.1483748648411,250.63934395961863,251.3494873046875,77076000,0.0,0.0,0.0,250.46053619384764,248.4959981282552,245.61220041910806,1.8821693953354384,254.10195303717893,246.81911935051636,57.87019672433287,74.48931004556101,1.5480058008738231
2018-08-13 00:00:00-04:00,251.62474963484885,252.23723663812476,250.1157181883877,250.40866088867188,65732900,0.0,0.0,0.0,250.58303451538086,248.81614837646484,245.7794647216797,1.6642340746231525,254.02970998995167,247.13635904081005,56.25280625400396,59.756427111674505,3.2445876480710436
2018-08-14 00:00:00-04:00,251.13655053785575,252.2461245279351,250.74597832621112,252.0064392089844,43842000,0.0,0.0,0.0,250.73526763916016,249.17239735921223,245.98337427775064,1.6019794976270987,254.14923498167684,247.32130029664347,58.300302453477556,76.0935107218997,3.213356560646902
2018-08-15 00:00:00-04:00,250.6571277422336,250.79915641876548,248.6865238753039,250.12452697753903,102925400,0.0,0.0,0.0,250.76722106933593,249.49432169596355,246.12587305704753,1.3848243148781307,254.14369173830517,247.3907504003667,55.154989875512314,17.130661901986056,9.756866476110053
2018-08-16 00:00:00-04:00,251.5625335832297,253.0183072210557,251.5270196413021,252.1483917236328,69967900,0.0,0.0,0.0,250.947412109375,249.8183166503906,246.31329778035482,1.3603549142374902,254.20707676219024,247.68774745655975,57.694198080810445,92.1929877159511,2.0650276574592326
2018-08-17 00:00:00-04:00,251.9442870366462,253.4799471329589,251.53597140871625,253.03611755371097,65618500,0.0,0.0,0.0,251.18619689941406,250.10355275472006,246.50447057088215,1.3964968470268389,254.31410605714566,248.05828774168245,58.753909477663385,103.02713027869879,0.5486254634287933
2018-08-20 00:00:00-04:00,253.4887280924832,253.84378619194763,253.036013439378,253.57749938964844,39807500,0.0,0.0,0.0,251.4289695739746,250.33345692952474,246.71291376749676,1.4520858371556642,254.50487391114532,248.35306523680387,59.3955756025685,123.80937944340083,0.6547845738833915
2018-08-21 00:00:00-04:00,254.09241617817472,255.03333265260636,253.6130726814549,254.17230224609375,67272000,0.0,0.0,0.0,251.63890686035157,250.55359598795573,246.9408447265625,1.5265391389142735,254.86599008919936,248.41182363150378,60.10104864817982,140.67739380655644,4.51975660165934
2018-08-22 00:00:00-04:00,253.76399460900163,254.54513897210413,253.49768061837668,254.02142333984375,44993300,0.0,0.0,0.0,251.73477478027343,250.82906646728514,247.21235987345378,1.5554391162731633,255.12960099430012,248.33994856624673,59.82828133090501,123.57652096997147,4.113291408639241
2018-08-23 00:00:00-04:00,253.843808350209,254.70483853839855,253.36446497503155,253.6840362548828,49204900,0.0,0.0,0.0,251.84351501464843,251.01902516682944,247.4253786722819,1.5334416773264081,255.3455527867081,248.34147724258875,59.206690992061695,112.55286429081762,4.644204118616367
2018-08-24 00:00:00-04:00,254.261013918595,255.35284410240035,254.20775655247763,255.2108154296875,57487400,0.0,0.0,0.0,252.1138053894043,251.25336456298828,247.6884391784668,1.6205264479100663,255.7838072216514,248.4438035571572,61.09874019071778,140.42484084473222,6.810071909061991
2018-08-27 00:00:00-04:00,256.40917185937667,257.33234482639574,256.24939973697053,257.225830078125,57072400,0.0,0.0,0.0,252.55009002685546,251.56226908365886,247.94590682983397,1.8310296281810565,256.47691150167736,248.62326855203358,63.41542394708815,197.7054658174764,13.051005996874528
2018-08-28 00:00:00-04:00,257.6873547486161,257.79389656613364,256.8884671970246,257.3500671386719,46943500,0.0,0.0,0.0,252.93133544921875,251.84187876383464,248.18629786173503,1.9849979864634406,257.17142567999474,248.69124521844273,63.553860519193634,190.39010955755134,14.433215314998304
2018-08-29 00:00:00-04:00,257.56320762141524,258.9656972975092,257.3235493793894,258.73492431640625,61485500,0.0,0.0,0.0,253.4026885986328,252.1501942952474,248.4468226114909,2.1934803441795623,258.02542048033916,248.77995671692645,65.07767815803267,198.404303910605,17.86252898771903
2018-08-30 00:00:00-04:00,258.2554314810419,258.6282329753944,257.092600719047,257.68731689453125,61229500,0.0,0.0,0.0,253.75375061035157,252.4549524943034,248.65601247151693,2.248254472905245,258.56404531078744,248.9434559099157,63.01587007618421,164.72677321454583,16.90725402053837
2018-08-31 00:00:00-04:00,257.2790273013543,258.1400574341752,256.7908257895186,257.69622802734375,66140800,0.0,0.0,0.0,254.0515609741211,252.76947937011718,248.86579259236655,2.266258402326031,259.0699302151031,249.03319173313906,63.026177927406295,143.59312057206074,15.64032318908129
2018-09-04 00:00:00-04:00,257.27907009152085,257.6074995729283,256.2493824457125,257.25244140625,57594400,0.0,0.0,0.0,254.2810203552246,253.05382588704427,249.05609995524088,2.2191359567157463,259.4495353261062,249.11250538434302,62.13400988372515,118.958233719877,13.360164713462103
2018-09-05 00:00:00-04:00,256.8973733202907,257.1015446256181,255.54814150332868,256.56005859375,72452400,0.0,0.0,0.0,254.43413772583008,253.27337595621745,249.2294174194336,2.1016945461182956,259.6857217819471,249.18255366971306,60.74616825270248,93.55689035208226,10.44253872218288
2018-09-06 00:00:00-04:00,256.66669216689905,256.9684930911159,254.75823000802657,255.7879180908203,65909900,0.0,0.0,0.0,254.55397338867186,253.39617106119792,249.38456293741862,1.9241358561444883,259.81472563137316,249.2932211459706,59.22017186851294,72.06766520361396,7.2266118808028255
2018-09-07 00:00:00-04:00,254.74039670565793,256.26717131198063,254.50071143185613,255.29074096679688,73524800,0.0,0.0,0.0,254.6662612915039,253.52222137451173,249.54453303019207,1.7234345950618035,259.88711613163434,249.44540645137346,58.24555160005499,54.328090247550676,6.183858355673002
2018-09-10 00:00:00-04:00,256.3027222309289,256.56903625847275,255.53934828156608,255.7346343994141,50210900,0.0,0.0,0.0,254.88551864624023,253.71987559000652,249.70159072875975,1.581960039321899,259.8834392803714,249.88759801210904,58.87073517675702,66.44185750296344,7.277292338345898
2018-09-11 00:00:00-04:00,255.08655922474992,257.0216493185275,254.7403863055744,256.57781982421875,50530500,0.0,0.0,0.0,255.19397659301757,253.98913167317707,249.8779385884603,1.520352771255716,259.7724146731812,250.61553851285393,60.04625493199039,66.47733722983837,3.959746778224179
2018-09-12 00:00:00-04:00,256.5866962429352,257.2435552033378,255.84995122701343,256.63995361328125,59810800,0.0,0.0,0.0,255.42565231323243,254.2196248372396,250.06375427246093,1.459715552710236,259.78882196354687,251.06248266291797,60.13311482607141,75.04822920306063,4.805583496023952
2018-09-13 00:00:00-04:00,257.70517974058833,258.3442953348075,257.4211223455566,258.1578674316406,51034200,0.0,0.0,0.0,255.8273193359375,254.5146250406901,250.2905522664388,1.5166599675341956,259.5707564372269,252.08388223464806,62.2094050683586,109.9961692037332,8.921697573182499
2018-09-14 00:00:00-04:00,258.3620426364613,258.5484434532182,257.4211262043679,258.2022705078125,55079900,0.0,0.0,0.0,256.1300132751465,254.76583150227864,250.51113510131836,1.5475327890135588,259.58914881057666,252.67087773971636,62.26887052581727,105.6440216659172,9.671051040410717
2018-09-17 00:00:00-04:00,258.149011258561,258.1844981163113,256.5600939750923,256.83526611328125,68244000,0.0,0.0,0.0,256.319970703125,254.93567301432293,250.734529876709,1.445036412101615,259.4669058183043,253.17303558794575,59.29723470306336,73.88313082389566,5.8705213584756875
2018-09-18 00:00:00-04:00,257.04831057908905,258.82362878130147,257.02168188962406,258.2289123535156,61930400,0.0,0.0,0.0,256.5525413513184,255.1211949666341,250.97375361124674,1.4594393905271659,259.528986781067,253.5760959215698,61.24765615676073,94.15981393542172,8.3103862100923
2018-09-19 00:00:00-04:00,258.2821745760306,258.9212902243807,258.1578892967261,258.50408935546875,49080600,0.0,0.0,0.0,256.7691307067871,255.28807423909504,251.27289581298828,1.4760434291585511,259.6450237056276,253.8932377079466,61.62328179466197,102.81861599362432,8.684532294227484
2018-09-20 00:00:00-04:00,259.76456338411145,260.91850934003577,258.52181901409443,260.59893798828125,100360600,0.0,0.0,0.0,257.098006439209,255.52833201090496,251.59807408650715,1.6393417158415104,260.1498550820798,254.04615779633815,64.34499012665054,138.40308428570964,15.941089928926012
2018-09-21 00:00:00-04:00,261.34172092502115,261.45764333870767,260.2003749632241,260.3608703613281,105479700,1.323,0.0,0.0,257.4318481445313,255.772194925944,251.95257161458332,1.7296088623365904,260.3698939874169,254.49380230164564,63.812938900744115,147.47969424714867,17.76596099522677
2018-09-24 00:00:00-04:00,259.78125390322805,259.9239255325764,258.9163258584371,259.49591064453125,53409600,0.0,0.0,0.0,257.64610290527344,256.04374237060546,252.26987024943034,1.7116207078251477,260.52659278189435,254.7656130286525,61.889516819906646,106.91411497046602,11.78671012780266
2018-09-25 00:00:00-04:00,259.9506646292709,260.05766154415363,259.0144144122169,259.2551574707031,44370000,0.0,0.0,0.0,257.74756927490233,256.33862559000653,252.57738698323567,1.6588163938960179,260.7075949869609,254.78754356284378,61.357004820847045,102.82710016694443,12.266644358903463
2018-09-26 00:00:00-04:00,259.3978270962072,260.5837458427951,258.06031124681675,258.4794006347656,79739700,0.0,0.0,0.0,257.80403594970704,256.5543909708659,252.86339416503907,1.53665786594064,260.77519990769525,254.83287199171883,59.64630925783056,86.23771111915268,7.932818540269674
2018-09-27 00:00:00-04:00,258.9520221046623,260.2895381277292,258.67560430350846,259.2016906738281,59249500,0.0,0.0,0.0,257.82737426757814,256.8569630940755,253.17564239501954,1.4810564256051748,260.8364172889043,254.818331246252,60.70164872355409,95.66226828761846,7.932818540209577
2018-09-28 00:00:00-04:00,258.57752029215237,259.7277917564604,258.5418727887045,259.22845458984375,70091400,0.0,0.0,0.0,257.90443115234376,257.0929651896159,253.45564092000325,1.422750920915007,260.9766417151936,254.83222058949391,60.74100458201889,84.03793727929437,7.311446509734739
2018-10-01 00:00:00-04:00,260.4678733934338,261.19905539547744,259.4603007849608,260.1290588378906,62078900,0.0,0.0,0.0,258.0260726928711,257.3293965657552,253.71647466023762,1.4326993581568104,261.252361282019,254.79978410372317,62.06351687246554,122.27891706308436,13.011020711269248
2018-10-02 00:00:00-04:00,259.97747802734375,260.69080911051776,259.6029887328202,259.97747802734375,47258200,0.0,0.0,0.0,258.1623245239258,257.54272918701173,253.93809305826824,1.4120747430956726,261.47992168768496,254.84472736016664,61.70161522662976,109.57911941909133,13.011020711208051
2018-10-03 00:00:00-04:00,261.0295570381276,261.44864638205115,259.7633907390065,260.12005615234375,64694600,0.0,0.0,0.0,258.34032440185547,257.7409876505534,254.14729181925455,1.3911975903487246,261.6779068820258,255.0027419216851,61.91769263460545,117.84945455258257,15.86292972173407
2018-10-04 00:00:00-04:00,259.6386684681304,259.6921669454175,256.4999732159816,258.087158203125,111545900,0.0,0.0,0.0,258.4552864074707,257.8765121459961,254.35278930664063,1.1968182457762282,261.5739031639184,255.33666965102302,57.160903259947844,10.831923641406581,1.0979244231008958
2018-10-05 00:00:00-04:00,258.3100411101316,258.82720205480575,255.2159192888122,256.6426086425781,105951700,0.0,0.0,0.0,258.52287979125975,257.9751312255859,254.4970781962077,0.9156530593493244,261.40211526259725,255.6436443199223,54.10541901897756,-54.548075908707425,3.8875078282088915
2018-10-08 00:00:00-04:00,255.9559995946424,256.9992741780606,254.57391044020932,256.6426086425781,87742200,0.0,0.0,0.0,258.56827850341796,258.0228576660156,254.63811111450195,0.6849321519282512,261.28653536120447,255.85002164563144,54.10541901897756,-101.59750097275816,6.2779775027476035
2018-10-09 00:00:00-04:00,256.2591376202274,257.5698770527391,255.70627486797824,256.2680358886719,74339000,0.0,0.0,0.0,258.55278930664065,257.9909311930339,254.77660013834637,0.46648196600835945,261.32185769138283,255.78372092189844,53.31459952248885,-76.69177699284633,3.9019936805361044
2018-10-10 00:00:00-04:00,255.75983142489545,255.8311808596394,247.7793345615603,248.15382385253903,214731000,0.0,0.0,0.0,258.1284828186035,257.6843897501628,254.7631342569987,-0.3572720681902979,263.5048558060767,252.75210983113035,40.16031711529652,-314.2025711726034,27.269471163168074
2018-10-11 00:00:00-04:00,247.0659164559745,248.68877555553425,241.07384434453292,242.68780517578125,274840500,0.0,0.0,0.0,257.35497970581054,257.1494857788086,254.64984003702799,-1.4346276068828558,266.10589673662696,248.60406267499414,34.268327939775205,-436.8706012433018,40.03026729792591
2018-10-12 00:00:00-04:00,246.78956549462055,247.07490881808016,242.86619003848065,246.05841064453125,183186500,0.0,0.0,0.0,256.7477867126465,256.76185557047523,254.60840403238933,-1.9934803407515744,266.834453382487,246.6611200428059,39.89362438966818,-314.30650231278395,40.03026729745054
2018-10-15 00:00:00-04:00,245.70164711563956,247.03026467764224,244.58705059050632,244.6762237548828,102263700,0.0,0.0,0.0,256.13983459472655,256.3278554280599,254.54866739908854,-2.5188701224069803,267.5793034401369,244.70036574931618,38.49606839668185,-253.9496808318737,40.0302672971767
2018-10-16 00:00:00-04:00,246.6378981861361,250.4007767416327,246.16531039841905,250.02626037597656,118255800,0.0,0.0,0.0,255.7297019958496,256.0869827270508,254.57040430704754,-2.4750116724781606,267.43880097086594,244.0206030208333,46.06217406398735,-151.88120255631503,27.574773384760224
2018-10-17 00:00:00-04:00,250.0619973703059,250.69508066736435,247.4939622570456,250.0709228515625,110626000,0.0,0.0,0.0,255.30804367065429,255.8706782023112,254.57202707926433,-2.4088815592680533,267.2023845244998,243.41370281680875,46.11941557839866,-124.05464029888385,26.557935208918327
2018-10-18 00:00:00-04:00,249.13468826393387,249.7321241626372,245.18456346650396,246.45965576171875,134557500,0.0,0.0,0.0,254.60107955932617,255.5597361246745,254.4779535929362,-2.617696861677672,266.8469151691033,242.35524394954905,42.35925759106794,-144.5792637679085,31.02096983960775
2018-10-19 00:00:00-04:00,247.1106083467535,249.04553342733988,245.63042032101035,246.325927734375,139901600,0.0,0.0,0.0,253.89933242797852,255.2609090169271,254.3915651957194,-2.7621350539328375,266.36204560203305,241.436619253924,42.22737046014973,-128.65456230116217,31.02096983931937
2018-10-22 00:00:00-04:00,246.99459808591837,247.31558883402667,244.68515727537215,245.2201690673828,82415800,0.0,0.0,0.0,253.1855453491211,254.9104268391927,254.3151512145996,-2.9320302258138042,265.930679755351,240.44041094289122,41.13191633474887,-129.65436507315366,32.809488938231766
2018-10-23 00:00:00-04:00,241.59993397454068,245.0952931537513,239.51338550320153,243.9717712402344,146352700,0.0,0.0,0.0,252.42137603759767,254.49022521972657,254.23967844645182,-3.1313128198997333,265.46346974823325,239.37928232696206,39.92234331568066,-147.6136390159466,41.4080258116727
2018-10-24 00:00:00-04:00,243.7221665604862,244.1056085152865,236.02701362087163,236.5798492431641,177806700,0.0,0.0,0.0,251.32639846801763,253.821555074056,254.02058995564778,-3.8414304210735395,265.82308978777775,236.82970714825748,33.8288301397035,-170.17358028077368,46.20853800716195
2018-10-25 00:00:00-04:00,238.41670611178432,242.36683043885208,237.39128255040535,240.82421875,138061500,0.0,0.0,0.0,250.40752487182618,253.24376678466797,253.87919591267902,-4.0154311972760866,265.13037327389566,235.68467646975668,39.32941627788201,-138.51223363509536,46.20853800651185
2018-10-26 00:00:00-04:00,237.1148434203108,241.64455220429213,233.87805041512033,236.58872985839844,201574600,0.0,0.0,0.0,249.2755386352539,252.5233154296875,253.6445734659831,-4.443870449787312,264.6113803609641,233.9396969095437,36.221164543775444,-149.72369489331982,50.57542579479689
2018-10-29 00:00:00-04:00,239.6828886762731,240.97583186890745,231.70239179254523,235.2779998779297,160749100,0.0,0.0,0.0,248.03298568725586,251.80473988850912,253.370206451416,-4.833459487093734,263.68980952812024,232.37616184639148,35.327359492687435,-146.5374422807881,53.018799825674265
2018-10-30 00:00:00-04:00,235.1085493894077,239.0764967726375,234.6181105812581,238.764404296875,157116000,0.0,0.0,0.0,246.97233200073242,251.15592295328776,253.13855895996093,-4.805493172508079,262.08686045653707,231.8578035449278,39.43940857802205,-121.82301656616877,53.01879982511863
2018-10-31 00:00:00-04:00,241.33239894085352,243.6329410714347,240.85981117167609,241.3145751953125,128296300,0.0,0.0,0.0,246.03205795288085,250.58293914794922,252.93550669352214,-4.5253863509772145,259.9989199792138,232.06519592654791,42.21934544666141,-77.4821150996053,37.75583675615034
2018-11-01 00:00:00-04:00,242.17952274893688,244.07879945873137,241.0916755223415,243.88262939453125,99495000,0.0,0.0,0.0,245.32183151245118,250.02572886149088,252.77703043619792,-4.049499060655194,258.101783202894,232.54187982200838,44.856278212789256,-63.904051401331486,36.3788328770722
2018-11-02 00:00:00-04:00,244.98832474567004,245.4163396224673,240.38726686446276,242.43814086914065,122634100,0.0,0.0,0.0,244.6116081237793,249.42830454508464,252.60024973551432,-3.7457346094579123,256.2723507778186,232.95086546974,43.69592371049151,-62.48674957189516,32.27549116248782
2018-11-05 00:00:00-05:00,242.92859139177023,244.32853143115284,241.95666629775653,243.77569580078125,65622500,0.0,0.0,0.0,243.96826248168946,248.9042973836263,252.4740198771159,-3.3583565450618664,254.16162740343302,233.7748975599459,45.057361356026156,-53.601923012691756,32.27549116230967
2018-11-06 00:00:00-05:00,243.713259479327,245.47876321419287,243.6508355340776,245.3182678222656,60085900,0.0,0.0,0.0,243.42077407836913,248.43973439534506,252.3891799926758,-2.893529164746411,251.85741705695105,234.98413109978722,46.597902537388634,-36.86373932292255,28.71152799255176
2018-11-07 00:00:00-05:00,247.49395383760404,250.6504991579241,247.0659389293435,250.57025146484375,102752100,0.0,0.0,0.0,243.54159545898443,248.17609608968098,252.36524353027343,-2.0774118193392326,252.32569350953406,234.7574974084348,51.39768874509961,11.691736595261814,14.377487921993616
2018-11-08 00:00:00-05:00,249.7677265502672,250.757502547442,248.9741478681235,250.1154937744141,65584900,0.0,0.0,0.0,243.91297988891606,247.87322285970052,252.365092976888,-1.4506064007286739,253.16091509500325,234.66504468282886,50.987196782398726,21.433156323803974,14.105504638008037
2018-11-09 00:00:00-05:00,248.80469199431192,248.9919365899852,246.26340649142955,247.6722717285156,98812600,0.0,0.0,0.0,243.99367294311529,247.4880167643229,252.2904909769694,-1.1378893111683794,253.34798099779943,234.63936488843115,48.82015939428636,0.6073271133016126,19.144293298646705
2018-11-12 00:00:00-05:00,247.16400847527623,247.4047515261644,242.52727608994468,243.04446411132812,99673600,0.0,0.0,0.0,243.91208496093753,246.9185302734375,252.12396341959635,-1.2490854832695106,253.2697906619053,234.55437925996978,45.06697986688302,-34.44982118594734,25.385137643940364
2018-11-13 00:00:00-05:00,243.50814820119857,245.5054966258056,241.867465250724,242.5897216796875,98176600,0.0,0.0,0.0,243.5402580261231,246.33893839518228,251.940833791097,-1.358246148456601,252.45555551427643,234.62496053796977,44.71752479973322,-43.237919365384265,26.42265992843943
2018-11-14 00:00:00-05:00,244.4622787743081,244.86351727642744,239.37080844951709,240.9312438964844,125335900,0.0,0.0,0.0,243.0832740783692,245.69931131998698,251.72014948527018,-1.5605925195742998,251.51282984217926,234.65371831455911,43.446496889818626,-61.933262135605816,30.22071505584443
2018-11-15 00:00:00-05:00,239.66505152031465,243.90944467046296,238.0867923117476,243.4457550048828,135101400,0.0,0.0,0.0,242.9325790405274,245.21126454671224,251.54388834635418,-1.500753690354685,251.2144547312523,234.6507033498025,45.86007914604662,-57.38353450197707,32.085858707764
2018-11-16 00:00:00-05:00,242.34900113908057,244.9883585472461,241.83181302344755,244.078857421875,126668000,0.0,0.0,0.0,242.82022552490238,244.79247283935547,251.3838020324707,-1.3862649140794758,250.96815559544933,234.67229545435544,46.45527914432615,-22.66818593240957,29.086650219168604
2018-11-19 00:00:00-05:00,243.4724721125767,243.7667408556487,239.03193664286545,239.9503631591797,103061700,0.0,0.0,0.0,242.55673522949223,244.2360646565755,251.12946116129558,-1.6101064132916463,250.71870698997128,234.39476346901318,43.247893133804176,-68.26513108650084,33.160976132218245
2018-11-20 00:00:00-05:00,236.6154825797557,238.0778464586344,234.64488330516025,235.5098114013672,136021300,0.0,0.0,0.0,242.13363723754884,243.54412384033202,250.76752751668295,-2.121364065282904,250.84552916635923,233.42174530873845,40.162533684919765,-159.09626583896156,38.855320797971295
2018-11-21 00:00:00-05:00,237.0613378956643,238.21160934833,236.30343388346577,236.3123321533203,75563700,0.0,0.0,0.0,242.12026138305663,243.14940745035807,250.41689860026042,-2.433728216228161,250.86880102875827,233.371721737355,40.950127627192174,-132.7115378392659,38.48318907585646
2018-11-23 00:00:00-05:00,234.6716458769011,236.13400983891088,234.573574426974,234.73406982421875,42807900,0.0,0.0,0.0,241.81575393676758,242.88428293863933,250.01688435872396,-2.776624438051158,251.15804145917934,232.4734664143558,39.8821697466433,-152.40337084430098,40.61244586267951
2018-11-26 00:00:00-05:00,236.98996524978256,238.74657042316187,236.59762510463383,238.52365112304688,79981400,0.0,0.0,0.0,241.9125,242.63312428792318,249.6974899291992,-2.711330098683419,251.0650212048454,232.75997879515458,43.539616273462926,-90.09427002744005,33.398640225903065
2018-11-27 00:00:00-05:00,237.48936431574663,239.3262176513672,236.8830301919533,239.3262176513672,75502400,0.0,0.0,0.0,242.1149108886719,242.4547907511393,249.3913230895996,-2.565252815168236,250.81764998663746,233.4121717907063,44.28226123975356,-73.821477685298,31.846150345570397
2018-11-28 00:00:00-05:00,240.39625553003137,244.8367919921875,239.2638077078852,244.8367919921875,127629600,0.0,0.0,0.0,242.4185302734375,242.28180847167968,249.18439559936525,-1.981981174796971,251.0525263573201,233.78453418955493,49.043060118415355,13.779840345639183,18.30552389284362
2018-11-29 00:00:00-05:00,244.0609875245852,245.70167050031392,242.91964166269423,244.3017578125,82346400,0.0,0.0,0.0,242.56788940429686,242.0895029703776,248.9800905863444,-1.5450960785860275,251.22479581586177,233.91098299273196,48.62574841064947,45.34138873414952,16.36519257910397
2018-11-30 00:00:00-05:00,244.15021024599375,246.3526547247184,243.82921941274031,245.7908935546875,98204200,0.0,0.0,0.0,242.66330261230468,242.06721089680988,248.8134735107422,-1.0664077978065336,251.42267986539852,233.90392535921083,49.85429813837229,68.71337979608664,14.897883802637864
2018-12-03 00:00:00-05:00,249.91935540908307,250.0263523495367,247.4494186608235,249.0455017089844,103176300,0.0,0.0,0.0,242.99367065429686,242.1578633626302,248.70938618977866,-0.41958746525412494,252.2040844798506,233.78325682874313,52.42647170750169,138.6541618611872,7.01983106522066
2018-12-04 00:00:00-05:00,248.2162151601472,248.64423007681057,240.6637070512194,240.97579956054688,177986000,0.0,0.0,0.0,242.85367584228516,242.01638437906902,248.46340560913086,-0.5517746984259588,252.0990895326533,233.60826215191702,46.33083918584627,29.419573239120055,17.79053138805591
2018-12-06 00:00:00-05:00,237.1148241658057,240.7261061111731,234.0117775673874,240.6101837158203,204185400,0.0,0.0,0.0,242.6182716369629,241.90433146158855,248.19727834065756,-0.6782181000809544,251.83918258008592,233.3973606938399,46.079726415857394,-70.23959687423323,26.432543094742215
2018-12-07 00:00:00-05:00,240.271312300352,241.84067276000545,234.18116946374604,235.01934814453125,161018900,0.0,0.0,0.0,241.84072647094726,241.8523147583008,247.8369349161784,-1.2155470432458912,250.85869471926821,232.8227582226263,42.440924337655936,-96.32225406852662,24.17002817033431
2018-12-10 00:00:00-05:00,234.8410402406926,236.43715018686217,230.6055731722175,235.46522521972656,151445900,0.0,0.0,0.0,241.10821304321288,241.673681640625,247.45872421264647,-1.587110328407988,249.66430096688032,232.55212511954545,42.813490844221185,-139.4843017739675,28.420959995550135
2018-12-11 00:00:00-05:00,238.66635768295276,238.8536023031513,234.0474756391725,235.51873779296875,121504400,0.0,0.0,0.0,240.50053634643555,241.638015238444,247.08066533406574,-1.8558656277104717,248.8166777902736,232.18439490259752,42.85941050419314,-100.43814097492074,23.577715643737584
2018-12-12 00:00:00-05:00,238.49690022951813,239.8611652482189,236.6243726792667,236.70462036132812,97976700,0.0,0.0,0.0,240.18354415893555,241.6855692545573,246.7451545715332,-1.9506791117084106,248.57438150746987,231.79270681040123,43.89225980778992,-73.57281152380655,21.599608122744396
2018-12-13 00:00:00-05:00,237.64987435262964,238.51480260463467,235.5098538233727,236.62445068359375,96662700,0.0,0.0,0.0,239.88528060913086,241.6142374674479,246.38508021036785,-2.009128520908291,248.3398334454796,231.43072777278212,43.83684532974054,-88.53901637761598,23.009817411266173
2018-12-14 00:00:00-05:00,234.47545576293268,235.42955700710897,231.7023524148204,232.25518798828125,116961100,0.0,0.0,0.0,239.45147781372071,241.3122578938802,245.9475985209147,-2.380571338330185,248.546161388501,230.35679423894044,40.92389209504141,-140.93937703442765,27.611441869416435
2018-12-17 00:00:00-05:00,231.3010700046853,232.4156665517509,226.06692897355805,227.69869995117188,165492300,0.0,0.0,0.0,238.66412506103515,240.77279357910157,245.3992612202962,-3.0079392998024446,248.95119491502268,228.37705520704762,38.186427070579114,-188.9651315969578,33.68057051136472
2018-12-18 00:00:00-05:00,229.3394314467592,230.0081894771695,225.84404416794135,227.44906616210935,134515100,0.0,0.0,0.0,237.83263549804687,240.27315775553384,244.85073115030926,-3.485102200940389,248.93307457005105,226.7321964260427,38.04220434016064,-179.13931212565853,33.907289109448996
2018-12-19 00:00:00-05:00,227.52927740072613,231.30106827818616,222.33972299140083,224.04281616210935,214992800,0.0,0.0,0.0,237.03725814819336,239.61539510091146,244.25984624226888,-4.090955161080473,249.67234417965378,224.40217211673294,36.11676458691468,-182.6307075891969,37.38862786354835
2018-12-20 00:00:00-05:00,222.7945189589598,224.3638663077274,218.14887365057305,220.3959045410156,252053400,0.0,0.0,0.0,236.28156280517578,238.78464965820314,243.6121920267741,-4.809927436820715,250.94620479762605,221.6169208127255,34.19960892697834,-219.44478393145005,41.21908381288486
2018-12-21 00:00:00-05:00,221.29723955486543,223.96098705013893,215.23429286121228,215.8800506591797,255345600,1.435,0.0,0.0,235.25994873046875,237.62830963134766,242.90220286051434,-5.678649872070537,252.530809723724,217.9890877372135,32.02221125090486,-227.24600409441436,43.69721577322791
2018-12-24 00:00:00-05:00,214.39121089586055,216.00560532658943,210.11308276113897,210.1758575439453,147311600,0.0,0.0,0.0,234.03203811645508,236.29698842366537,242.08510564168293,-6.749594252218628,254.63159012941358,213.4324861034966,29.562754929653224,-258.86838991200426,47.70468857620018
2018-12-26 00:00:00-05:00,211.63774284852516,220.794921875,209.65562295962675,220.794921875,218485400,0.0,0.0,0.0,233.14560165405274,235.4010767618815,241.4445467631022,-6.66462993957569,254.44523642651103,211.84596688159445,38.63880518370893,-179.95736860751813,38.18903747392123
2018-12-27 00:00:00-05:00,217.55720350668773,222.6873684586483,214.3194510487106,222.4900665283203,186267300,0.0,0.0,0.0,232.30379409790038,234.71593017578124,240.81723022460938,-6.3868870449088035,253.9036050732823,210.70398312251845,39.91726762641587,-135.97698377764172,34.643333865050714
2018-12-28 00:00:00-05:00,223.84440983280513,225.4767323217771,221.0371572860196,222.20310974121097,153100200,0.0,0.0,0.0,231.17210998535157,234.0363764444987,240.1876574198405,-6.11938831506842,252.375162506213,209.96905746449013,39.77215464001024,-98.00299900124895,29.573993195507306
2018-12-31 00:00:00-05:00,223.82644361450068,224.3914851025564,221.95195871285873,224.1493225097656,144299400,0.0,0.0,0.0,230.16448822021485,233.47697906494142,239.5881451924642,-5.684819478926244,250.64338971929146,209.68558672113824,41.27011963088024,-84.62478926117488,29.573993195406565
2019-01-02 00:00:00-05:00,220.61564101388456,225.30635670743425,220.58873557425875,224.3825531005859,126925200,0.0,0.0,0.0,229.09407119750972,232.84153900146484,239.02640177408855,-5.260955762693271,248.33444026822644,209.853702126793,41.45064776076057,-78.12182809496102,30.93399427676746
2019-01-03 00:00:00-05:00,222.633586997628,222.9385380619332,218.5437967601723,219.0281219482422,144140700,0.0,0.0,0.0,227.59320220947262,232.0065144856771,238.39949366251628,-5.296049002723976,244.86272303202193,210.3236813869233,38.6305283474873,-95.77694683320982,32.943475065837596
2019-01-04 00:00:00-05:00,222.0595916892461,227.01039710544208,221.68290190659857,226.36463928222656,142628800,0.0,0.0,0.0,226.86264419555658,231.55365702311198,237.89486083984374,-4.677940625647011,242.9437793650551,210.78150902605807,44.028187007048516,-52.68865501194794,25.426477359383004
2019-01-07 00:00:00-05:00,226.63376847357893,229.5576073003988,225.73688388659912,228.1495056152344,103139100,0.0,0.0,0.0,226.23961029052734,231.30831349690754,237.42621866861978,-3.997975316464732,240.98846615430205,211.49075442675263,45.24032728613046,-28.208661870884573,20.999018404992594
2019-01-08 00:00:00-05:00,230.33782938683663,230.77729392927083,227.8086091259887,230.29296875,102512600,0.0,0.0,0.0,226.00329132080077,231.1076680501302,237.12853775024413,-3.248689478674379,240.30449144737318,211.70209119422836,46.67498427489396,-11.994889258590884,18.919677126029686
2019-01-09 00:00:00-05:00,231.001552052594,232.21235150960845,229.7728247604112,231.36927795410156,95006600,0.0,0.0,0.0,225.79849395751953,230.9955083211263,236.9398956298828,-2.5387606438542036,239.63906988314895,211.9579180318901,47.3909496004229,1.2016255656320958,16.48325932794158
2019-01-10 00:00:00-05:00,229.83563750113177,232.43659715362483,229.15399650240835,232.1854705810547,96823900,0.0,0.0,0.0,225.63183059692383,230.78423563639322,236.70867996215821,-1.8885074652056062,239.05351078769593,212.21015040615174,47.93928963766311,4.317355500706812,17.239647001965267
2019-01-11 00:00:00-05:00,231.10918026804572,232.30205192325036,230.52621084525185,232.275146484375,73858100,0.0,0.0,0.0,225.41035690307618,230.54919993082683,236.5019953409831,-1.3503747606980312,238.19371847236792,212.62699533378444,48.000891202495694,10.285285645551667,17.239647001918915
2019-01-14 00:00:00-05:00,230.37370700114573,231.6652226884312,229.97012545558084,230.8580322265625,70908200,0.0,0.0,0.0,225.1220359802246,230.08324127197267,236.18252487182616,-1.0264180838786103,237.07348838986226,213.17058357058696,47.090007815024116,6.576967450986083,17.954217413245697
2019-01-15 00:00:00-05:00,231.23475913278855,233.81779076904533,231.2257815295091,233.50387573242188,85208300,0.0,0.0,0.0,225.18447036743163,229.7233118693034,235.9064074198405,-0.5498443613004724,237.30467697355292,213.06426376131034,48.96069335563804,30.2807206107727,14.012251320411876
2019-01-16 00:00:00-05:00,233.93435413014328,234.95681551959413,233.728088228256,234.06890869140625,77636700,0.0,0.0,0.0,225.50298080444335,229.33257904052735,235.69989496866862,-0.12512050373422312,238.221430766229,212.78453084265772,49.35626188370029,50.07312465926156,11.964027349746818
2019-01-17 00:00:00-05:00,233.1989791286413,236.70580128220016,233.15411847513116,235.8447723388672,96118400,0.0,0.0,0.0,225.92276611328126,228.8925547281901,235.52520904541015,0.3507305645693748,239.44075502168306,212.40477720487945,50.60104536509654,69.31460272520913,8.85760106618654
2019-01-18 00:00:00-05:00,237.65640867719944,239.4501772546297,235.8805679320784,238.98377990722656,127900300,0.0,0.0,0.0,226.6698143005371,228.82615407307944,235.42126922607423,0.9699565857638675,241.35163524189198,211.9879933591822,52.72575068761913,105.60005886005457,4.1663303397285
2019-01-22 00:00:00-05:00,237.5128871540556,237.72813060952987,234.14059370770855,235.7549743652344,115531200,0.0,0.0,0.0,227.43776779174806,228.66431376139323,235.2843226114909,1.1864830082984668,242.34289585785743,212.5326397256387,50.41825173004041,82.47600507682792,6.800641802923913
2019-01-23 00:00:00-05:00,236.7864576438084,237.48602637637333,233.7818894494403,236.24832153320312,86030300,0.0,0.0,0.0,228.45618133544923,228.7052795410156,235.2787971496582,1.3819603725917773,242.80943302398424,214.10292964691422,50.758879985817934,82.99657119325492,7.343817562425714
2019-01-24 00:00:00-05:00,236.06893344044877,236.95686760170713,235.05544969694287,236.37387084960935,59204100,0.0,0.0,0.0,229.7660820007324,228.73556772867838,235.2046246846517,1.5293786476620426,241.66723617674495,217.86492782471987,50.84777695797348,84.7499307307655,7.343817562402243
2019-01-25 00:00:00-05:00,238.22147999352148,239.1991081892339,236.47257163299076,238.37396240234375,96883400,0.0,0.0,0.0,230.6450340270996,228.83074188232422,235.2343785603841,1.7869999426200138,242.35144921517957,218.93861883901963,52.26790760293901,104.51135266772349,3.3158443031593365
2019-01-28 00:00:00-05:00,236.23044346055363,236.62504749599833,234.79542265356676,236.56228637695312,85613700,0.0,0.0,0.0,231.34864501953126,228.82599741617838,235.25578333536785,1.823954152397846,242.67676332410892,220.0205267149536,50.890150100541995,83.11084327224391,6.0438632547987154
2019-01-29 00:00:00-05:00,236.70574133282852,237.2707555096875,235.41422561567177,236.24832153320312,66136300,0.0,0.0,0.0,232.05090560913087,228.81345977783204,235.21384862263997,1.8070754499885027,242.71370243024234,221.3881087880194,50.65079226278427,87.17329864192841,4.865410633654241
2019-01-30 00:00:00-05:00,237.7640560093802,240.8313852793916,237.00169880775235,239.98831176757812,92473700,0.0,0.0,0.0,232.84285507202148,229.07123057047525,235.19174423217774,2.0716047422961026,243.38675920506122,222.29895093898173,53.35436250993345,114.93045767293232,1.386013978730969
2019-01-31 00:00:00-05:00,239.92560866767272,242.58037942609383,239.71033775106037,242.09605407714844,104012100,0.0,0.0,0.0,233.7285301208496,229.55114237467447,235.161967976888,2.4233879932459104,244.25601464850644,223.20104559319276,54.7980878605197,126.87184682649772,4.285423837695126
2019-02-01 00:00:00-05:00,242.2933017562561,243.23504674650184,241.4233228416469,242.21258544921875,85782500,0.0,0.0,0.0,234.88775329589845,230.0432596842448,235.15820871988933,2.680680644118212,243.53808212156108,226.23742447023582,54.87796285693542,124.69375634422796,5.362851955057367
2019-02-04 00:00:00-05:00,242.2574453074274,243.97947549210747,241.5847819708829,243.91668701171875,60744800,0.0,0.0,0.0,235.76535568237304,230.70572204589843,235.16055857340496,2.9876538639569787,244.33590930131666,227.19480206342942,56.05275641719126,123.89195405303849,6.599609716765987
2019-02-05 00:00:00-05:00,244.3471552639724,245.24403954335247,243.8449022571784,244.93910217285156,79552800,0.0,0.0,0.0,236.6048355102539,231.5238286336263,235.15423914591472,3.275672794189319,245.32227446468616,227.88739655582165,56.75162848111082,131.36179512930389,8.696385182644521
2019-02-06 00:00:00-05:00,244.66102578939385,245.15430110514723,243.88074098740185,244.6161651611328,58347800,0.0,0.0,0.0,237.32099533081055,232.48169911702473,235.0550043741862,3.4382376896565745,246.2068719678881,228.435118693733,56.45826411600077,123.14984100145364,8.696385182624182
2019-02-07 00:00:00-05:00,243.0018440542972,243.54893036100768,240.625106039328,242.2843475341797,95482000,0.0,0.0,0.0,237.86674880981445,233.5519821166992,234.9244852701823,3.340407210853698,246.5519971056324,229.1815005139965,54.359309827056286,96.10713915602076,2.3650360467338847
2019-02-08 00:00:00-05:00,241.03764969516837,242.6789358806665,240.21250411634384,242.58029174804688,75788900,0.0,0.0,0.0,238.38648986816406,234.27816111246744,234.8396189371745,3.249300166620287,246.88227525886887,229.89070447745925,54.58100259812932,88.84371128340669,1.5892397990247566
2019-02-11 00:00:00-05:00,243.23502142905596,243.4950981566376,242.18565480531848,242.71481323242188,68021400,0.0,0.0,0.0,238.9084732055664,234.9523193359375,234.83412475585936,3.151622000614111,247.10068758102295,230.71625883010984,54.68450516249702,95.93890340162038,3.0921175708896014
2019-02-12 00:00:00-05:00,244.3291939449184,246.21262877689057,244.2574278847918,245.83595275878903,72270200,0.0,0.0,0.0,239.65736923217773,235.74008076985677,234.88822860717772,3.2881573940161672,247.48104794159957,231.8336905227559,57.03455806866738,121.6776856538796,7.934924699224619
2019-02-13 00:00:00-05:00,246.6700383020238,247.4772285354628,246.24850167101116,246.6341552734375,65277200,0.0,0.0,0.0,240.31388320922852,236.4895751953125,234.98327713012696,3.4213319638727455,248.1669698270323,232.46079659142475,57.616065603351984,131.55565216283682,10.097696964105246
2019-02-14 00:00:00-05:00,245.54900683698227,247.21722603270476,244.73283875879804,246.0871429443359,83234400,0.0,0.0,0.0,240.914794921875,237.2130615234375,235.02730026245118,3.4430451651269607,248.59314491307293,233.23644493067707,57.06849545191281,113.87879788016235,6.981692095504554
2019-02-15 00:00:00-05:00,247.8629825182646,248.80472764761052,247.6567166045043,248.7688446044922,97088700,0.0,0.0,0.0,241.56099853515624,238.2044189453125,235.1054667154948,3.634744869311504,249.609213943991,233.5127831263215,59.042578321632504,136.46953658949735,9.749304443931914
2019-02-19 00:00:00-05:00,247.97064391503815,249.85407952542135,247.9616663111289,249.19937133789065,59120800,0.0,0.0,0.0,242.07177810668946,238.9655766805013,235.25961685180664,3.777859364207984,250.70659357507117,233.43696263830776,59.35298485273562,134.66766719570498,11.548881221459919
2019-02-20 00:00:00-05:00,249.16346298532432,250.15901894210884,248.66120989080383,249.70159912109375,76610800,0.0,0.0,0.0,242.7691093444824,239.6839797973633,235.49614664713542,3.8869973316421067,251.5079750232704,234.03024366569437,59.721365533922366,131.61375267414147,12.075920919578655
2019-02-21 00:00:00-05:00,249.06480145649545,249.42354973172925,247.8540020781846,248.8136749267578,64214700,0.0,0.0,0.0,243.3973770141601,240.30133666992188,235.70450236002605,3.857376460634754,251.96744263480159,234.8273113935186,58.7475948604001,113.15477853671014,10.276560110654257
2019-02-22 00:00:00-05:00,249.4325820515377,250.55368788731087,248.795801600628,250.3563995361328,78114600,0.0,0.0,0.0,244.09650344848632,240.93424072265626,235.9648745218913,3.9132768700163467,252.53440562877225,235.65860126820039,59.92213355691561,120.83082260342427,12.315471491266662
2019-02-25 00:00:00-05:00,251.7823475232968,252.3025283909709,250.61638147320215,250.6970977783203,69030700,0.0,0.0,0.0,244.71266021728516,241.5512949625651,236.16776529947916,3.939655946600709,253.19072856638297,236.23459186818735,60.181140623362396,130.33654835796114,15.39326372155271
2019-02-26 00:00:00-05:00,250.34730525682363,251.3966445024455,250.14101202571476,250.51771545410156,56844100,0.0,0.0,0.0,245.4104316711426,242.1593805948893,236.3542902628581,3.901117249153941,253.34372164316403,237.47714169912115,59.97004733672787,117.43616371486054,14.265454609362026
2019-02-27 00:00:00-05:00,249.80020834065053,250.7598811219917,248.8674683645355,250.4101104736328,56921600,0.0,0.0,0.0,246.11852111816407,242.81111653645834,236.4471789042155,3.8178820632633403,253.076680117036,239.16036211929213,59.83979662685853,102.7850703107293,11.251971998235835
2019-02-28 00:00:00-05:00,250.1948826588521,250.6343746587472,249.6208908341152,249.9437561035156,69268300,0.0,0.0,0.0,246.61629333496094,243.35911254882814,236.54121220906575,3.6719586252683314,253.13869685577197,240.09388981414992,59.262719029025746,97.4224202834039,11.251971998211408
2019-03-01 00:00:00-05:00,251.52230711011543,251.9169385044712,250.0693585085077,251.50437927246097,78880500,0.0,0.0,0.0,247.08670959472656,243.94029490152994,236.63643697102864,3.6402796189457263,253.59352049691287,240.57989869254024,60.57879000941185,105.57765621512296,13.704717353355502
2019-03-04 00:00:00-05:00,252.5626801597077,252.80482912074703,248.29350118976583,250.5895233154297,106494600,0.0,0.0,0.0,247.50555648803712,244.4317866007487,236.66217066446941,3.500995254240962,253.76507146723412,241.2460415088401,59.414772166357565,91.55711533250937,9.3749558585653
2019-03-05 00:00:00-05:00,250.7150393106737,250.91235494711543,249.70155569489256,250.24864196777344,59114600,0.0,0.0,0.0,247.82215423583983,244.80728200276693,236.81671803792318,3.3247791316051973,253.9566487345196,241.68765973716006,58.97795217425709,82.66363462360003,9.374955858540128
2019-03-06 00:00:00-05:00,250.36523078757773,250.37420838863676,248.4100297081552,248.73289489746097,75039800,0.0,0.0,0.0,248.0118438720703,245.23987935384113,236.95209655761718,3.0279145497818263,254.00394260423496,242.01974513990564,57.04865023761578,62.35536193239357,6.226765095864649
2019-03-07 00:00:00-05:00,248.2844846321337,248.4279894138157,245.80910241765017,246.6521759033203,94885100,0.0,0.0,0.0,248.1136444091797,245.58667449951173,237.14597702026367,2.594838908652207,253.92942548748653,242.29786333087287,54.51617147958124,25.023003833291884,0.2173215414057526
2019-03-08 00:00:00-05:00,244.7956201339422,246.32928473028312,244.32925011882517,246.15887451171875,85795800,0.0,0.0,0.0,248.30737075805663,245.9128412882487,237.32420450846354,2.186612139677578,253.53383269297396,243.0809088231393,53.92902672418847,-2.242271203150031,3.0121470574008775
2019-03-11 00:00:00-04:00,246.8764295610073,249.88994826166177,246.8495241215637,249.728515625,65098900,0.0,0.0,0.0,248.6647819519043,246.29132639567058,237.5610341389974,2.126615390803323,253.17012168937396,244.15944221443465,57.36625804435768,50.77310533532906,4.636853111091202
2019-03-12 00:00:00-04:00,250.28452759896624,251.19038948985488,250.096189562007,250.6701812744141,79667500,0.0,0.0,0.0,249.06255035400395,246.76158955891927,237.79379348754884,2.130493085048215,252.67163286923628,245.45346783877162,58.21695886161864,81.39152573697604,7.239191722358444
2019-03-13 00:00:00-04:00,251.55805379968692,253.26212805849104,251.3965938653371,252.3293609619141,80639200,0.0,0.0,0.0,249.3872207641602,247.29762420654296,238.0555419921875,2.2416082554959758,252.94202228679288,245.8324192415275,59.6832781939972,111.81037660125176,11.231372639396472
2019-03-14 00:00:00-04:00,252.35644420269713,252.77798110743413,251.72864133379557,252.16810607910156,67518400,0.0,0.0,0.0,249.6639183044434,247.70361735026043,238.38742396036784,2.2902552701181946,253.17769985781612,246.15013675107068,59.473435309453244,105.34991210683664,11.231372639371132
2019-03-15 00:00:00-04:00,252.72029202601735,254.22467127987895,252.53109685725383,253.41392517089844,81309000,1.233,0.0,0.0,250.03025741577153,248.08087972005208,238.81601104736328,2.4016508328274426,253.5013949952653,246.55911983627777,60.58110777027688,126.37450773889606,13.997325294071759
2019-03-18 00:00:00-04:00,253.6300829547765,254.63002409907617,253.40487420504172,254.33273315429688,62199800,0.0,0.0,0.0,250.30845184326176,248.4848846435547,239.26407216389973,2.534852542083513,254.2180641235494,246.39883956297413,61.38631170442385,138.45478537705515,14.767117196988893
2019-03-19 00:00:00-04:00,255.39569291563592,256.16138053249057,253.5039342635241,254.395751953125,90268100,0.0,0.0,0.0,250.56827087402348,248.83418680826824,239.76995442708332,2.615352787793711,254.84131780643017,246.2952239416168,61.44219504928833,146.26050509595157,17.647848018781712
2019-03-20 00:00:00-04:00,254.1795436503385,255.3866589510104,252.522010961746,253.63002014160156,84609200,0.0,0.0,0.0,250.76469192504888,249.12388407389324,240.32385635375977,2.5875341715443483,255.22696611454336,246.3024177355544,60.3444331737196,119.4726613644572,15.068113409961462
2019-03-21 00:00:00-04:00,252.81027908877184,256.9000490867797,252.7652208562003,256.49468994140625,79550400,0.0,0.0,0.0,251.1487426757813,249.51983489990235,241.00076700846355,2.7647720582673685,256.1887508698571,246.10873448170557,62.90909433961518,148.44915887127107,17.937138131164126
2019-03-22 00:00:00-04:00,255.13446697482513,255.65693913191063,251.49508620284652,251.5581512451172,122659300,0.0,0.0,0.0,251.2088302612305,249.82896169026694,241.6904719034831,2.478328317867579,256.2377066597464,246.17995386271465,56.40596891258147,83.68277644498932,14.576804878984056
2019-03-25 00:00:00-04:00,251.21583400194012,252.4049427144172,250.1078246259824,251.36898803710935,85575200,0.0,0.0,0.0,251.24242477416996,250.12191823323568,242.20003967285157,2.210573583663461,256.2658812954986,246.21896825284128,56.17577430470317,36.39959550796374,11.003259147781314
2019-03-26 00:00:00-04:00,253.12554760635328,254.19754315816135,251.83736051175865,253.24266052246097,68125900,0.0,0.0,0.0,251.37867202758792,250.47284647623698,242.71258290608725,2.1250692627206433,256.4667648648295,246.29057919034634,57.93480436515587,85.42281766571459,14.565193222720438
2019-03-27 00:00:00-04:00,253.23374488985831,253.81930970512812,250.36909583442437,251.9185333251953,72224700,0.0,0.0,0.0,251.45409317016606,250.67559916178385,243.2078399658203,1.9282330039354463,256.5264297683227,246.3817565720094,56.28323305613469,47.560904198142325,10.807468887233219
2019-03-28 00:00:00-04:00,252.54918660282465,253.32389177956452,251.39611849679193,252.87347412109375,56238500,0.0,0.0,0.0,251.60057907104496,250.88357645670573,243.68657582600912,1.8282200099282875,256.65845890624075,246.54269923584917,57.193641069509106,59.56020428987008,10.807468887185072
2019-03-29 00:00:00-04:00,254.38685415990557,254.79221348733097,253.26081020932267,254.46792602539065,82186800,0.0,0.0,0.0,251.74875640869146,251.16293589274088,244.1879987080892,1.8562205795255409,256.9659042222828,246.5316085951001,58.67994345778421,110.01872814484102,13.832158545306692
2019-04-01 00:00:00-04:00,256.46776667480685,257.78297823712984,256.19749964716954,257.4856872558594,77617900,0.0,0.0,0.0,252.09356460571294,251.45349731445313,244.8289581298828,2.0977379264607805,257.8697261255989,246.31740308582698,61.31016580625357,193.04839805144033,19.578714431779975
2019-04-02 00:00:00-04:00,257.67488146159405,257.8460423310676,256.81907711422633,257.61181640625,40070400,0.0,0.0,0.0,252.46172332763678,251.7339121500651,245.3497444152832,2.2731166584046036,258.6655548355236,246.25789181974994,61.41635703325693,179.98005032712834,19.695536601799205
2019-04-03 00:00:00-04:00,258.82786619830597,259.224235717059,257.4135489378142,258.0171203613281,68243200,0.0,0.0,0.0,252.9259346008301,252.01109619140624,245.84753799438477,2.416949123912076,259.34078871434133,246.51108048731885,61.765207362998176,183.09128746692127,22.24889675131125
2019-04-04 00:00:00-04:00,258.34151468398676,258.954076015262,257.64788148457,258.70184326171875,48997500,0.0,0.0,0.0,253.52841796875,252.3407018025716,246.32101923624674,2.5567165675868466,259.7218869678898,247.3349489696102,62.35996926964568,171.96677999819104,22.2488967512419
2019-04-05 00:00:00-04:00,259.36832040692826,260.00790530071373,259.0800467255943,259.953857421875,58621700,0.0,0.0,0.0,254.21816711425782,252.66061706542968,246.79742889404298,2.7369603773435074,260.0159262164198,248.4204080120958,63.43583412494942,183.03871583917717,24.220549633944657
2019-04-08 00:00:00-04:00,259.5305822634568,260.26025645144784,258.87296278297543,260.15216064453125,53566300,0.0,0.0,0.0,254.73934936523438,252.9757858276367,247.2635403951009,2.86280566625544,260.7092605931649,248.76943813730384,63.606276677196156,164.31185069479054,24.69360723592864
2019-04-09 00:00:00-04:00,259.1881932281539,259.51248056467637,258.26935161671037,258.81884765625,66142300,0.0,0.0,0.0,255.14678268432618,253.252490234375,247.70593541463217,2.8224166865228995,261.0593630186097,249.23420235004266,61.60875996981185,129.53400071442766,22.796792862450737
2019-04-10 00:00:00-04:00,259.2333303376473,259.79187124299295,258.8189538516368,259.7017822265625,52601500,0.0,0.0,0.0,255.5154037475586,253.5622126261393,248.18666458129883,2.8290421332357596,261.6050136287134,249.4257938664038,62.417293741341574,129.58053371004146,23.355059963684905
2019-04-11 00:00:00-04:00,260.1880907874931,260.1971079322782,259.0620473411593,259.62957763671875,55093100,0.0,0.0,0.0,255.88847732543945,253.88507334391275,248.62209294637043,2.796233303598882,262.0286685210887,249.7482861297902,62.30628493770994,122.33087300243928,24.17772606439706
2019-04-12 00:00:00-04:00,261.24215460241066,261.66554815952185,259.67471047201315,261.38629150390625,69727800,0.0,0.0,0.0,256.28709564208987,254.21447041829427,249.0773826599121,2.878799192250483,262.7760964368581,249.79809484732164,63.92125113694418,135.2130921032519,27.110482263275685
2019-04-15 00:00:00-04:00,261.4583034082265,261.5574095392261,260.4133316619226,261.215087890625,49596700,0.0,0.0,0.0,256.63121337890624,254.56865590413412,249.5002212524414,2.8970234698525417,263.40742732376685,249.85499943404562,63.64633322565865,125.45444539439575,27.110482263191162
2019-04-16 00:00:00-04:00,262.0979588640087,262.15200676565667,260.7917370944754,261.38629150390625,52153200,0.0,0.0,0.0,256.9807403564453,254.93991088867188,249.87359644571941,2.8919445058440374,263.9886487658464,249.97283194704423,63.807361179502166,121.2022895891049,28.312023275449263
2019-04-17 00:00:00-04:00,262.50316225679404,262.5301861915717,260.33214785869865,260.7465515136719,58268300,0.0,0.0,0.0,257.3365669250488,255.34036610921223,250.29012273152668,2.8039752384586905,264.35080752361733,250.32232632648032,62.73321247260599,107.94610684826283,26.642762744393835
2019-04-18 00:00:00-04:00,261.33227507617437,261.5304599031866,260.03507029778615,261.26019287109375,68708500,0.0,0.0,0.0,257.5748420715332,255.82730000813802,250.70698725382488,2.7440735533390352,264.789571827272,250.36011231579442,63.24709638719509,96.47030730358382,25.550571417826692
2019-04-22 00:00:00-04:00,260.49442470662734,261.63847506502617,260.40433572370114,261.4853210449219,40160100,0.0,0.0,0.0,258.0712005615234,256.3381815592448,251.12551142374676,2.6838294828146445,264.8985817835789,251.24381933946793,63.47545688382474,95.29064713760813,25.79129096144708
2019-04-23 00:00:00-04:00,261.85469994027653,264.0707737387057,261.6205015444346,263.8365478515625,52246600,0.0,0.0,0.0,258.69457855224607,256.80844930013023,251.54988784790038,2.7936070134712168,265.21515267024586,252.17400443424626,65.7731111534202,126.3105170177594,30.98913108779649
2019-04-24 00:00:00-04:00,263.7554418762262,264.08874637015623,263.1068396883929,263.2509765625,50392900,0.0,0.0,0.0,259.194994354248,257.2278091430664,251.99469935099285,2.801066833365553,265.48599035205564,252.90399835644038,64.72411352453767,125.14812406968036,31.026060389435315
2019-04-25 00:00:00-04:00,263.151932239352,263.74648667544756,261.8997858066131,263.0888671875,57770900,0.0,0.0,0.0,259.7535110473633,257.5864593505859,252.44204177856446,2.7620586300535592,265.25882978024623,254.24819231448038,64.42983082864467,107.32696073541236,26.329325749664697
2019-04-26 00:00:00-04:00,263.1338733529149,264.386019537816,262.35914106238647,264.31396484375,50916400,0.0,0.0,0.0,260.3255355834961,257.99132130940757,252.84746932983398,2.7977487837401327,265.1571012551771,255.4939699118151,65.65079016579003,115.77055295340264,27.74884921068449
2019-04-29 00:00:00-04:00,264.4040756501018,265.2508627045785,264.3139866566105,264.7283630371094,57197700,0.0,0.0,0.0,260.838557434082,258.36846923828125,253.22467447916668,2.826885383577462,265.2081557284312,256.4689591397328,66.05846801178902,129.4193966856674,29.645288168092474
2019-04-30 00:00:00-04:00,264.3860229636108,265.15173811806574,262.9717330802613,264.86346435546875,81111700,0.0,0.0,0.0,261.2074462890625,258.71949361165366,253.60218912760416,2.828275299061829,265.6305948819147,256.7842976962103,66.19378797221356,113.76466351593282,24.402715858101573
2019-05-01 00:00:00-04:00,265.494021561834,265.70122345349637,262.86357196651386,262.8725891113281,71671900,0.0,0.0,0.0,261.4704849243164,259.00205485026044,253.91812082926432,2.638316947853923,265.6099106763866,257.33105917224617,62.401237741530025,97.93869689599462,25.675528024548896
2019-05-02 00:00:00-04:00,262.7555016521478,263.67437079078803,260.8096950831011,262.3050842285156,65030200,0.0,0.0,0.0,261.6848831176758,259.29122365315754,254.2075538635254,2.4141518450267085,265.5029017243035,257.86686451104805,61.36447368153186,63.63906541053035,17.99380095026291
2019-05-03 00:00:00-04:00,263.7824949736138,265.1517541920076,262.4132082639191,264.87249755859375,56543700,0.0,0.0,0.0,261.99341583251953,259.5704839070638,254.54515940348307,2.4158201144985583,265.79370735047286,258.1931243145662,64.15189357891748,97.4991440821252,21.56143153633911
2019-05-06 00:00:00-04:00,260.56648365013655,264.22387098797896,260.25118595039874,263.782470703125,107198100,0.0,0.0,0.0,262.18484649658205,259.97796122233075,254.90346145629883,2.302642740406327,265.93797933640707,258.43171365675704,62.18155085046628,65.2300076607776,14.05006514475008
2019-05-07 00:00:00-04:00,261.37723490411906,261.97178922380755,257.467614824318,259.37738037109375,144729900,0.0,0.0,0.0,262.14610748291017,260.2449076334635,255.18341293334962,1.836326848287058,266.00216407475176,258.2900508910686,55.10582956566242,-11.351098126448159,5.377705373601466
2019-05-08 00:00:00-04:00,259.01708984375,260.728670867913,258.4225354370044,259.01708984375,91568300,0.0,0.0,0.0,262.15601959228513,260.43738861083983,255.45511754353842,1.4213117129834814,265.97692324735715,258.3351159372131,54.58033689595445,-23.70415352634987,5.377705373566424
2019-05-09 00:00:00-04:00,256.94505898890094,258.836789627406,255.20642734367956,258.2332458496094,103471100,0.0,0.0,0.0,262.0825927734375,260.6478790283203,255.66173909505207,1.017431254589269,266.1505352342367,258.0146503126383,53.43354877847915,-87.44025793323257,3.6783770712370307
2019-05-10 00:00:00-04:00,257.29640706901097,260.28718492268956,254.30562921533232,259.5304870605469,112429300,0.0,0.0,0.0,262.07763824462893,260.8697794596354,255.87667795817057,0.7928896672088968,266.1583814617004,257.99689502755746,55.050461464606535,-81.93091127065951,0.31818506088453896
2019-05-13 00:00:00-04:00,254.41385769260685,255.3777303435396,252.17075962901603,253.0085296630859,127290500,0.0,0.0,0.0,261.6587501525879,260.82113291422525,255.99203440348307,0.08766088564954089,267.4144911802336,255.90300912494223,46.629615254207394,-221.1826054469718,5.243611549237587
2019-05-14 00:00:00-04:00,254.02641985782168,256.8280306394036,253.90031726967817,255.29660034179688,77003200,0.0,0.0,0.0,261.36282577514646,260.74816335042317,256.10083033243814,-0.2833436142579444,267.78465244528627,254.94099910500668,49.43663504891041,-157.78804630551775,1.2968471067620149
2019-05-15 00:00:00-04:00,253.66612415780725,257.4316078570262,253.4589222110962,256.7920227050781,73956400,0.0,0.0,0.0,261.13311233520506,260.72083689371743,256.22737452189125,-0.45149471638228533,267.8722462673234,254.3939784030867,51.17292998216311,-136.1791045511961,0.31262620193274093
2019-05-16 00:00:00-04:00,257.49469006251053,260.53049981387437,257.4226353539373,259.1702575683594,76749600,0.0,0.0,0.0,261.05429763793944,260.75927480061847,256.38518549601235,-0.38837505269793837,267.84910654928797,254.25948872659092,53.783860543954,-44.72670528723863,8.070448790035597
2019-05-17 00:00:00-04:00,256.8640305664134,259.98091106448203,256.84599627721246,257.4945983886719,100353000,0.0,0.0,0.0,260.8660179138184,260.71903330485026,256.5298675537109,-0.4681672159665027,267.8430458511382,253.88898997649858,51.76625791554537,-71.9399835824251,6.475414877111161
2019-05-20 00:00:00-04:00,255.89119291392836,257.6027739491999,255.04440579803455,255.7921142578125,62877600,0.0,0.0,0.0,260.5813575744629,260.58030853271487,256.62046279907224,-0.6611579045677445,267.9078085174842,253.25490663144163,49.80264138661773,-120.01096530057649,1.627558725232987
2019-05-21 00:00:00-04:00,257.48561696577354,258.47654081398997,257.2333843036183,258.09820556640625,46847100,0.0,0.0,0.0,260.29444046020507,260.51184336344403,256.74381459554036,-0.6208651726773269,267.53305835377495,253.05582256663516,52.336113024449546,-66.09770524408758,3.82454519594602
2019-05-22 00:00:00-04:00,257.1433067720303,258.2603331360052,256.8280090911771,257.3054504394531,49482500,0.0,0.0,0.0,259.9971641540527,260.4613967895508,256.85694351196287,-0.6454611316348746,267.2128493988111,252.78147890929432,51.413335978332,-76.17514252931959,2.7234912959227358
2019-05-23 00:00:00-04:00,255.0803864030303,255.12541714671232,252.74722755959448,254.1615447998047,98733800,0.0,0.0,0.0,259.550798034668,260.27672220865884,256.91946741739906,-0.9081716789196435,267.0597402226858,252.0418558466502,47.945214624491825,-152.22038580982644,7.492804730976192
2019-05-24 00:00:00-04:00,255.60292259327096,256.01732650077423,254.1165502921579,254.73812866210935,55268100,0.0,0.0,0.0,259.07200622558594,260.1136739095052,256.999373626709,-1.0576542021193518,266.52309879441185,251.62091365676005,48.60298249599556,-117.4751523243875,5.1288122797121325
2019-05-28 00:00:00-04:00,255.01739959626457,255.9722825821272,252.35093545600503,252.3689422607422,70029400,0.0,0.0,0.0,258.45403518676756,259.81309560139977,257.01378300984703,-1.3517120263635434,265.979614545754,250.92845582778114,46.125486499589066,-135.73128246647843,9.217350408072955
2019-05-29 00:00:00-04:00,251.25190161916805,251.65726088805204,249.27005355583492,250.67535400390625,104972900,0.0,0.0,0.0,257.74462966918946,259.4617711385091,257.01521352132164,-1.7017961424692771,265.4000386572464,250.08922068113253,44.44995266125675,-179.637219061011,15.769802742899685
2019-05-30 00:00:00-04:00,251.4320095280315,252.26980685770957,250.26093518349904,251.3599548339844,62523800,0.0,0.0,0.0,257.16899795532225,259.12755991617837,257.0337354024251,-1.902072849355335,264.9314742217749,249.4065216888696,45.28114605069661,-148.18548610691974,14.076309869295107
2019-05-31 00:00:00-04:00,248.81063679481224,249.63938959568011,247.94581540525135,247.97283935546875,86862800,0.0,0.0,0.0,256.45238571166993,258.70176951090497,257.0210678100586,-2.3075060014769804,264.8395371397999,248.06523428353995,42.060052787257,-179.0038562495433,18.724721526131137
2019-06-03 00:00:00-04:00,248.0089095929266,249.125936321561,246.00905456795837,247.34230041503903,96428000,0.0,0.0,0.0,255.57587585449218,258.2378397623698,257.0325698852539,-2.6491560959486833,263.92188590815067,247.2298658008337,41.49165572964258,-176.89607890300275,22.35972246138924
2019-06-04 00:00:00-04:00,249.6393920119291,252.84636242817595,249.18897450974495,252.71124267578125,77231900,0.0,0.0,0.0,255.022314453125,257.94537048339845,257.1417760213216,-2.458349168014621,262.49992690436824,247.54470200188177,47.71545296282323,-100.91636721118611,12.372472012446291
2019-06-05 00:00:00-04:00,254.33276854535228,254.92732302634215,252.52210863961244,254.9002990722656,71169700,0.0,0.0,0.0,254.7984603881836,257.6474955240885,257.22797241210935,-2.1062156040388516,261.9896954569496,247.60722531941758,49.96058221691177,-55.90123379201562,7.304660284221157
2019-06-06 00:00:00-04:00,255.1974974080596,257.2333653557435,254.548895254394,256.5577392578125,69430400,0.0,0.0,0.0,254.6754928588867,257.4243876139323,257.32609837849935,-1.6741075763898436,261.64364070628505,247.70734501148837,51.58882003574175,-19.979766159160985,2.0297620452806946
2019-06-07 00:00:00-04:00,257.57577613581026,260.20622675044206,257.4046152657843,259.1252136230469,74272200,0.0,0.0,0.0,254.7200912475586,257.2922658284505,257.4393625895182,-1.1116704819864367,261.7947201829017,247.6454623122155,53.98802826706216,30.684977484292943,4.247581499615942
2019-06-10 00:00:00-04:00,260.67456793234,261.98078942020163,260.2241505215321,260.3142395019531,60799100,0.0,0.0,0.0,254.7592788696289,257.1589416503906,257.5751314798991,-0.5634949620483667,261.95376729576867,247.56479044348913,55.05514206241983,67.65858129411134,7.7522328748335285
2019-06-11 00:00:00-04:00,262.1339317774846,262.50327737561093,259.60258797515644,260.2511901855469,58641300,0.0,0.0,0.0,255.12141189575195,257.00970255533855,257.6890858968099,-0.1326206971714896,262.6654763201343,247.57734747136962,54.985190413636055,71.44372458982393,6.341917275080597
2019-06-12 00:00:00-04:00,260.01704836760047,260.57556171360955,259.2783570106766,259.7918395996094,47096300,0.0,0.0,0.0,255.34617385864257,256.8406483968099,257.7800710042318,0.16982685047400992,263.17470680358093,247.51764091370418,54.463642871095345,59.737267289860704,5.596102764054119
2019-06-13 00:00:00-04:00,260.7016563387567,261.22415605961413,259.99900610381013,260.8638000488281,48945200,0.0,0.0,0.0,255.54976272583008,256.7736887613932,257.8878718058268,0.49036434557012853,263.7400382135618,247.35948723809835,55.48301248106201,79.66035073326704,6.9466208935459
2019-06-14 00:00:00-04:00,260.57550048828125,261.17904444955684,259.80978535876454,260.57550048828125,52324700,0.0,0.0,0.0,255.62002487182616,256.7160359700521,258.0036298116048,0.7129112574614282,263.96374903657113,247.2763007070812,55.139592606098695,78.62394123234829,6.4868670259062
2019-06-17 00:00:00-04:00,260.8097413348233,261.4403368362566,260.5034607313937,260.67462158203125,39205700,0.0,0.0,0.0,255.77902603149414,256.57610677083335,258.0732953389486,0.887054124598933,264.3900780010902,247.16797406189806,55.238134053442835,90.69879868902646,7.057626785624612
2019-06-18 00:00:00-04:00,262.4942284092509,264.45804139734327,262.1338725472256,263.404052734375,85434800,0.0,0.0,0.0,256.1596229553223,256.56349283854166,258.2707270304362,1.2311143645705442,265.4213984661214,246.89784744452317,57.87406821711838,140.65410487420124,13.37446683230326
2019-06-19 00:00:00-04:00,263.5392531233006,264.53017706467074,262.5663634753288,263.9986877441406,78674400,0.0,0.0,0.0,256.454647064209,256.7175364176432,258.4812220255534,1.5340827087510434,266.33188678501625,246.57740734340172,58.425829919585965,139.88504044584292,13.519811579420628
2019-06-20 00:00:00-04:00,266.6831672665671,266.9263827888443,264.06173445016157,266.52099609375,116570000,0.0,0.0,0.0,256.9154243469238,256.96766662597656,258.7025276184082,1.9551784284196856,267.77113406167314,246.05971463217452,60.68540510670077,168.08572010739405,18.234169756883947
2019-06-21 00:00:00-04:00,266.25119690889755,267.5094328330874,265.9162713958039,266.1335144042969,83309500,1.432,0.0,0.0,257.51402282714844,257.2310089111328,258.93944396972654,2.231905271412586,269.03054174232363,245.9975039119732,60.165733856768775,162.29348023197315,19.340956639043718
2019-06-24 00:00:00-04:00,266.34175242545973,266.65855597161146,265.65377932523637,265.80767822265625,47582700,0.0,0.0,0.0,258.06750030517577,257.44024861653645,259.15501403808594,2.3972866037529457,270.07579456738705,246.0592060429645,59.720854932916005,140.21543664027539,18.59332784201568
2019-06-25 00:00:00-04:00,265.8620523837093,265.8892077691413,263.0920925696,263.2007141113281,82028700,0.0,0.0,0.0,258.6090888977051,257.77998809814454,259.3005605061849,2.2915764181728946,270.5118159517975,246.7063618436127,56.27671824810898,100.56095163978262,11.53898923452579
2019-06-26 00:00:00-04:00,264.09681645673555,264.6037352997455,262.82951934921067,262.9381408691406,51584900,0.0,0.0,0.0,259.2222282409668,258.03470611572266,259.3914347330729,2.1616942031060375,270.65839960353173,247.78605687840187,55.94057841043168,84.8855718328393,10.839888448160567
2019-06-27 00:00:00-04:00,263.69855113116637,264.3774633381139,263.3183757652805,263.87054443359375,40355200,0.0,0.0,0.0,259.84775772094724,258.2706568400065,259.49574686686196,2.1096797126469937,270.83290876085243,248.86260668104205,56.88655558661928,84.96924665040912,10.83988844812203
2019-06-28 00:00:00-04:00,264.8480991068814,265.7261597782361,264.33214695464324,265.2283020019531,59350900,0.0,0.0,0.0,260.7105308532715,258.4725916544596,259.6159332275391,2.153196829989554,270.40315802438136,251.01790368216166,58.237296442688894,96.7524429153686,13.80938853204918
2019-07-01 00:00:00-04:00,268.5595410665901,268.7768117440282,266.4322774281771,267.63623046875,78705600,0.0,0.0,0.0,261.72522735595703,258.8106460571289,259.7648396809896,2.354839043720517,269.6047397945746,253.84571491733945,60.507271378429174,122.59808715391416,20.040752870403
2019-07-02 00:00:00-04:00,267.59096798264414,268.38756271925695,266.74912348259073,268.333251953125,61504500,0.0,0.0,0.0,262.5063278198242,259.228683980306,259.9044962565104,2.5415879159815518,269.68998782897114,255.3226678106773,61.13977584713467,116.3268898739545,20.040752870322507
2019-07-03 00:00:00-04:00,269.01222196219044,270.4967902221676,268.8673840130453,270.4786682128906,40898900,0.0,0.0,0.0,263.28524627685545,259.64136606852213,260.0766047159831,2.830081487153336,270.37409402872277,256.1963985249881,63.025331710239605,133.3913012472137,24.100858403748074
2019-07-05 00:00:00-04:00,269.247496348255,270.3337667882715,267.9530438718223,270.1708068847656,51677300,0.0,0.0,0.0,263.9658996582031,260.0702112833659,260.26580403645835,2.999298834549734,270.94830891389876,256.98349040250747,62.57461968156106,118.55015239780677,21.337910130588583
2019-07-08 00:00:00-04:00,268.8583641963323,269.9898848326591,268.14323541916946,268.6863708496094,45841800,0.0,0.0,0.0,264.44395751953124,260.5543721516927,260.4155471801758,2.9792799348671792,271.3395931479407,257.54832189112176,60.41940728774565,106.15790527170269,21.337910130479607
2019-07-09 00:00:00-04:00,267.52760848387834,269.31991891337793,267.47329772086357,269.0212097167969,41101300,0.0,0.0,0.0,264.8793060302734,261.0304748535156,260.5720743815104,2.9563544964884727,271.77656110862944,257.9820509519174,60.73497702295168,95.89228940368578,19.256050070054858
2019-07-10 00:00:00-04:00,270.08945852741846,271.25719561591774,269.5553840760935,270.30670166015625,58448500,0.0,0.0,0.0,265.38208160400393,261.6284001668294,260.7207478841146,3.007248687012577,272.3246900577682,258.4394731502397,61.94011635364074,110.55955223125255,23.197973621378573
2019-07-11 00:00:00-04:00,270.9493381022296,271.1846755452837,269.93550030905135,270.9402770996094,50826100,0.0,0.0,0.0,265.9395034790039,262.3038976033529,260.882834370931,3.063394042997686,272.7817477436467,259.09725921436115,62.52653462317333,109.21160750931011,23.197973621303035
2019-07-12 00:00:00-04:00,271.4290973293695,272.2256920471457,271.12132712023003,272.15325927734375,40326000,0.0,0.0,0.0,266.5039764404297,262.9970077514648,261.0622838338216,3.1692342073865234,273.44512540595434,259.5628274749051,63.63619157945236,119.37894197707658,25.295265169927244
2019-07-15 00:00:00-04:00,272.5877609929242,272.5877609929242,271.7368555478473,272.2437744140625,33900000,0.0,0.0,0.0,267.08739013671874,263.80603892008463,261.2539042154948,3.2232613646672235,273.8905454481619,260.2842348252756,63.719125591915585,121.882298821856,26.022115440892666
2019-07-16 00:00:00-04:00,272.15319515082905,272.36140478369055,271.0578914844731,271.36566162109375,36650100,0.0,0.0,0.0,267.6219421386719,264.6068176269531,261.4223286946615,3.1588091270330096,273.9682459931316,261.2756382842122,62.29333017398617,109.11083594503789,23.68757357998067
2019-07-17 00:00:00-04:00,271.3386284093714,271.50156073888,269.5191345214844,269.5191345214844,36036300,0.0,0.0,0.0,267.92769622802734,265.1670806884766,261.5562255859375,2.9250132277549596,274.0017654711683,261.8536269848864,59.40187668101467,83.16836261528329,18.53927567766629
2019-07-18 00:00:00-04:00,269.0212274934216,270.88597081349883,268.5776803578232,270.5057678222656,51392600,0.0,0.0,0.0,268.25305023193357,265.6872629801432,261.6673792521159,2.787212108693325,274.1350521732913,262.37104829057586,60.41742831754701,75.82597773896137,15.49657582112981
2019-07-19 00:00:00-04:00,271.60114051557616,271.62829590298804,268.83118049951213,269.003173828125,58678600,0.0,0.0,0.0,268.37715911865234,266.10211079915365,261.763249206543,2.5276201200533137,274.20982323934476,262.54449499795993,58.12666310293133,68.78146816479595,17.229543296714766
2019-07-22 00:00:00-04:00,269.4013284941631,270.20698401807,268.8853763538529,269.6638488769531,43638100,0.0,0.0,0.0,268.55367584228514,266.4533986409505,261.8728322347005,2.3481347183751495,274.3136708512976,262.7936808332727,58.836566815298305,60.2926746417599,17.229543296649688
2019-07-23 00:00:00-04:00,270.7864433136411,271.5920715332031,269.953632082453,271.5920715332031,44564500,0.0,0.0,0.0,268.8428955078125,266.82932637532554,261.99413401285807,2.334571214215657,274.603226493228,263.082564522397,60.840975488630185,83.47138449693438,20.48559654490293
2019-07-24 00:00:00-04:00,270.83167149437855,272.868408203125,270.7411443378768,272.868408203125,47213200,0.0,0.0,0.0,269.32628021240237,267.24990030924477,262.1298014322917,2.3991557676546336,274.70281868283047,263.94974174197426,62.10452808931695,100.11600633414015,23.359586688170307
2019-07-25 00:00:00-04:00,272.41581648612396,272.4701272583008,270.7592550596967,271.5649108886719,55394100,0.0,0.0,0.0,269.7576187133789,267.6423360188802,262.24149220784506,2.3184327030404575,274.29497530821374,265.2202621185441,60.05716695995229,85.45264015404133,23.35958668802598
2019-07-26 00:00:00-04:00,272.2529093648894,273.5835786563894,272.1261658014066,273.3844299316406,45084100,0.0,0.0,0.0,270.2333129882812,268.0596903483073,262.4166895548503,2.3739140694850676,274.1201744822995,266.34645149426296,61.872192502567216,111.50723795304982,25.861296811995683
2019-07-29 00:00:00-04:00,273.2667386978963,273.38442125310485,272.33436688549176,272.88653564453125,38126500,0.0,0.0,0.0,270.61622467041013,268.470058186849,262.5930470784505,2.3506111619501553,273.8871030866012,267.34534625421907,61.08642800667131,104.65898942301851,25.86129681191333
2019-07-30 00:00:00-04:00,271.48342130098905,272.62400266829127,271.10321830355207,272.2166442871094,45849000,0.0,0.0,0.0,270.8452453613281,268.85479227701825,262.71544952392577,2.252127679819978,273.8697256432371,267.8207650794192,60.02541056433855,81.45731683943248,21.180730193525612
2019-07-31 00:00:00-04:00,272.4610628992389,272.6511782245278,267.2198800736409,269.2384948730469,104245200,0.0,0.0,0.0,270.89050750732423,269.0492736816406,262.80638326009114,1.9117298111623313,273.7808215549449,268.00019345970355,55.58521170096768,19.718012560064665,8.067240035778363
2019-08-01 00:00:00-04:00,269.3923570646518,272.3524042081393,266.09735670920367,266.8939514160156,142646600,0.0,0.0,0.0,270.71127166748045,269.1457824707031,262.9316594441732,1.4362211219248024,274.1091483080573,267.3133950269036,52.426889487346806,-20.859169311531286,4.679879893462764
2019-08-02 00:00:00-04:00,265.99779480478156,266.24219324196565,263.32739587533223,264.8843688964844,116749700,0.0,0.0,0.0,270.4469497680664,269.0912282307943,263.0294474283854,0.8869958097455992,274.7292218973241,266.1646776388087,49.912253296746776,-126.0517550606795,3.0754884567599117
2019-08-05 00:00:00-04:00,260.783689110787,260.8923106170289,255.01746727943436,256.9184265136719,178745400,0.0,0.0,0.0,269.85855255126955,268.7840586344401,263.0075337727865,-0.18887692759631136,277.2584371438223,262.45866795871683,41.70869537268913,-283.42979580700245,21.19477686750311
2019-08-06 00:00:00-04:00,258.8104261086006,260.73854147453096,257.3349189459399,260.5212707519531,120711700,0.0,0.0,0.0,269.43355560302734,268.60784505208335,263.0240468343099,-0.7422383418036134,277.93090041651647,260.9362107895382,45.871202891077836,-207.63678485535607,21.19477686731469
2019-08-07 00:00:00-04:00,257.4435115429368,261.4445797648899,255.30721432375583,260.6751403808594,140572300,0.0,0.0,0.0,268.9519775390625,268.52365926106773,263.15182367960614,-1.1550505524315895,278.2909984694869,259.6129566086381,46.04143532974557,-197.8741729675582,24.862674140975233
2019-08-08 00:00:00-04:00,262.1687766333647,265.7896423339844,261.61660787402644,265.7896423339844,87713900,0.0,0.0,0.0,268.69444580078124,268.61870930989585,263.32670771280925,-1.0573214955240928,278.08652318538304,259.30236841617943,51.3071009380591,-87.80292529674604,13.184773705755802
2019-08-09 00:00:00-04:00,264.8481869708878,265.4456330756324,262.1959097009694,263.97918701171875,93730000,0.0,0.0,0.0,268.2857421875,268.62233072916666,263.4464937845866,-1.1131276846744527,277.75516456197124,258.8163198130287,49.53687297930039,-99.1784047135881,13.18477370565029
2019-08-12 00:00:00-04:00,262.4764077362797,263.9700085208662,259.8150706473808,260.76556396484375,65527600,0.0,0.0,0.0,267.7118316650391,268.47357279459635,263.473082224528,-1.4005226607147847,277.5551505976406,257.8685127324376,46.585444001173215,-139.98047804233582,17.69835401294666
2019-08-13 00:00:00-04:00,260.4669862940816,266.26942736125375,260.1229996048397,264.8210754394531,94299800,0.0,0.0,0.0,267.38460235595704,268.3797342936198,263.59519017537434,-1.2862127076639922,277.15131622378254,257.61788848813154,50.44028531043854,-86.9728475584852,11.88650548696675
2019-08-14 00:00:00-04:00,260.76570090814516,261.37218043993045,256.86422034542153,256.9909362792969,135622100,0.0,0.0,0.0,266.75819244384763,268.0016571044922,263.6151705423991,-1.8066224186746922,277.50622142666504,256.01016346103023,44.085642310969035,-163.43098548497116,17.8347931768382
2019-08-15 00:00:00-04:00,257.87807057147774,258.5660439238212,255.6240904171086,257.66986083984375,99556600,0.0,0.0,0.0,266.11639709472655,267.57469685872394,263.60803146362304,-2.139603310862526,277.43974073377484,254.79305345567826,44.71042952717125,-158.0817963940629,19.961864271381547
2019-08-16 00:00:00-04:00,259.3263824546937,261.90622687818694,257.72413188114456,261.47174072265625,83018300,0.0,0.0,0.0,265.7398254394531,267.28472798665365,263.67746963500974,-2.0728189672427675,277.15946924183334,254.3201816370729,48.0717695494355,-99.76584904700208,11.891078203854955
2019-08-19 00:00:00-04:00,264.4951712812332,265.30079947919467,263.81625900906977,264.62188720703125,53571800,0.0,0.0,0.0,265.487727355957,267.1492451985677,263.8518086751302,-1.7455794460834682,276.7643451187841,254.21110959312995,50.64374626884277,-35.48464366737667,4.499694421238308
2019-08-20 00:00:00-04:00,264.11496460228994,264.6490389340067,262.4674918396257,262.5942077636719,51596400,0.0,0.0,0.0,265.03783416748047,266.9350118001302,263.9827433268229,-1.6310547689065515,276.002671497766,254.07299683719492,49.02682424008088,-51.23423109895012,7.024194479430289
2019-08-21 00:00:00-04:00,264.7575936082407,265.1015524936121,264.0696205874962,264.7304382324219,49524700,0.0,0.0,0.0,264.6309356689453,266.74913635253904,264.18876825968425,-1.3523283916294417,274.9576679563957,254.30420338149491,50.74086863555171,-28.920578411465666,6.051213980011776
2019-08-22 00:00:00-04:00,265.4366093079304,266.0702441995334,262.87483148005776,264.6490478515625,51666400,0.0,0.0,0.0,264.28514251708987,266.5394287109375,264.4216631571452,-1.1250345550093357,274.0839126480288,254.48637238615095,50.673708541451,-27.832184721420013,8.327588614939524
2019-08-23 00:00:00-04:00,263.34546766077995,265.0110618919458,256.60159698092207,257.8507995605469,149161500,0.0,0.0,0.0,263.50846099853516,266.06268005371095,264.5298439025879,-1.4764448366556735,272.7150325711694,254.3018894259009,45.47308932210608,-89.83492602902393,18.989116736515165
2019-08-26 00:00:00-04:00,260.0414527243702,260.7022705078125,258.5116351075703,260.7022705078125,72423800,0.0,0.0,0.0,262.89924774169924,265.67796325683594,264.7420010884603,-1.5074729323328597,271.0442257325316,254.7542697508669,47.797735681249236,-82.79392787361078,18.989116736411322
2019-08-27 00:00:00-04:00,262.0963526786402,262.46749470133955,258.9190344141973,259.6794128417969,66668900,0.0,0.0,0.0,262.2723861694336,265.2884216308594,264.94761962890624,-1.5961989985161154,269.24319017834284,255.3015821605244,47.05333641662316,-73.29043374497314,14.96293381448491
2019-08-28 00:00:00-04:00,259.0186201208558,261.67089740118485,258.21296430788306,261.5079650878906,59696700,0.0,0.0,0.0,261.88585968017577,265.02138264973956,265.09423166910807,-1.5016560051136025,268.0397139298885,255.7320054304631,48.5355851152524,-68.21150244218246,16.13709407866422
2019-08-29 00:00:00-04:00,264.0696718566362,265.37318539901827,263.0648675062555,264.84814453125,57899400,0.0,0.0,0.0,261.7835693359375,264.8327952067057,265.26002909342446,-1.1440179093295342,267.6481285918799,255.91901007999505,51.12134055916877,-5.371329316567409,8.044852787153383
2019-08-30 00:00:00-04:00,266.3326606557337,266.35075503127933,263.798066829308,264.7304382324219,62901200,0.0,0.0,0.0,261.7758728027344,264.69037068684895,265.39624074300133,-0.8601695571621235,267.6236777199499,255.92806788551886,51.02787726749943,5.983513596240148,6.02688316957505
2019-09-03 00:00:00-04:00,263.02868486425206,263.94293446557975,261.85188719792905,263.18255615234375,69101400,0.0,0.0,0.0,262.08907928466795,264.4743275960287,265.4638631184896,-0.7514565177533541,267.49583750690164,256.68232106243426,49.789541573113745,-24.21793073118441,9.507695950782114
2019-09-04 00:00:00-04:00,265.35511068657013,266.1878941850872,264.60376571235577,266.1697998046875,46887300,0.0,0.0,0.0,262.3715057373047,264.2935852050781,265.5614557902018,-0.41942023805512463,268.0182258117198,256.7247856628896,52.10978579625808,26.492405403958006,4.872301265551656
2019-09-05 00:00:00-04:00,268.6591809547892,270.50580250609715,266.13361948386745,269.591552734375,83258100,0.0,0.0,0.0,262.8173263549805,264.1843566894531,265.717128499349,0.11846221180371685,269.25295381547477,256.3816988944862,54.595980151026254,87.7577463319278,3.274224202233699
2019-09-06 00:00:00-04:00,269.9083317683097,270.4424060217157,269.22941960508075,269.7996826171875,49584300,0.0,0.0,0.0,263.0178283691406,264.1255157470703,265.88392588297523,0.5551330425237211,270.06424282710157,255.9714139111796,54.74381447893912,111.10050285590833,3.274224202226298
2019-09-09 00:00:00-04:00,270.7864831316271,270.87698268364073,268.9941444764997,269.9355773925781,51260300,0.0,0.0,0.0,263.3156478881836,264.01055399576825,266.03512217203775,0.9017683701272858,271.0071182996763,255.62417747669093,54.843125269892774,118.7474175204957,4.076779322370368
2019-09-10 00:00:00-04:00,269.17512757759675,269.93553364138535,267.91689118337393,269.8721618652344,57947100,0.0,0.0,0.0,263.77097778320314,263.9100748697917,266.1900665283203,1.1580134038732695,271.89297322677726,255.648982339629,54.78508933646798,111.2599759448643,1.9084876970924063
2019-09-11 00:00:00-04:00,270.17988445721164,271.87263435713766,269.52812767822877,271.7911682128906,68821100,0.0,0.0,0.0,264.119482421875,263.89589233398436,266.3753423055013,1.4986615759502797,272.9944500239876,255.24451481976232,56.2348853745011,150.51261018762304,5.5681415750803716
2019-09-12 00:00:00-04:00,272.69632756930724,273.7916312247099,271.9359494232012,272.7325439453125,72908700,0.0,0.0,0.0,264.9065628051758,264.0123606363932,266.5308171590169,1.8235679050819158,273.9108043239762,255.90232128637533,56.935619518450906,179.2262962239775,9.045720856471025
2019-09-13 00:00:00-04:00,273.1761149941704,273.5291625350344,272.18037175391663,272.551513671875,62104800,0.0,0.0,0.0,265.65064544677733,264.20094604492186,266.6733642578125,2.042901583812977,274.59627036014643,256.70502053340823,56.75484400272929,167.77742884016862,9.045720856446804
2019-09-16 00:00:00-04:00,271.42001047769196,272.59680806233507,271.0669905398025,271.7096862792969,58191200,0.0,0.0,0.0,266.16254272460935,264.42845662434894,266.75984242757164,2.1243089579543266,275.2715079883551,257.0535774608636,55.90101606103627,135.7189387050174,6.60810720847868
2019-09-17 00:00:00-04:00,271.51064398271427,272.48826566485656,271.338650634696,272.39776611328125,41475500,0.0,0.0,0.0,266.55133666992185,264.9444346110026,266.86424662272134,2.2187705745030826,276.03932470445284,257.06334863539087,56.45493398111823,129.2986603009262,6.608107208462896
2019-09-18 00:00:00-04:00,272.0083811981535,272.6691989062345,269.9716449420855,272.5605773925781,73375800,0.0,0.0,0.0,267.0496551513672,265.3457448323568,266.97679494222007,2.2804816231447376,276.7079189616116,257.39139134112276,56.58840638330832,111.59636673279,3.5661913442017035
2019-09-19 00:00:00-04:00,272.94980824425716,273.9455514745746,272.20752441574757,272.5424499511719,76560500,0.0,0.0,0.0,267.4402557373047,265.74132181803384,267.13249053955076,2.3013962770606895,277.33262850812656,257.54788296648286,56.56843528416758,119.01840968476056,6.152632778598855
2019-09-20 00:00:00-04:00,273.1463545293492,273.42829301296234,270.46365116105824,271.25482177734375,89565000,1.384,0.0,0.0,267.7705444335937,265.9234944661458,267.27110188802084,2.1888388863240493,277.7115143701715,257.8295744970159,55.13853117505825,91.0818614048452,2.27548465808907
2019-09-23 00:00:00-04:00,270.5909874514248,271.90962381846845,270.33635747567814,271.1911926269531,43476800,0.0,0.0,0.0,268.43756408691405,266.1638946533203,267.3931126912435,2.070633033877357,277.3086868063165,259.56644136751163,55.0673744373691,75.94380655232149,1.994183042360409
2019-09-24 00:00:00-04:00,272.28244316672976,272.6734770496111,268.09921319736446,269.06317138671875,94869400,0.0,0.0,0.0,268.85560913085936,266.4404815673828,267.4570271809896,1.7846679732365374,276.9455154018817,260.765702859837,52.71379837649107,53.75570194582638,2.8631202243403076
2019-09-25 00:00:00-04:00,269.14493972329393,271.10013635250647,267.6626192117398,270.654541015625,71854000,0.0,0.0,0.0,269.4043655395508,266.6349304199219,267.50733235677086,1.667230041727123,276.269719858926,262.53901122017555,54.227218606076896,48.32443393404006,3.7881493268751125
2019-09-26 00:00:00-04:00,270.6636835101628,270.87282694256567,268.6812058097561,270.09075927734375,56179700,0.0,0.0,0.0,269.83350524902346,267.07159118652345,267.5366241455078,1.5112464519725108,275.6067093331487,264.06030116489825,53.59852200135413,45.659493259503286,3.788149326856378
2019-09-27 00:00:00-04:00,270.84559996849686,270.95475088185464,267.08071215888543,268.6357727050781,84746600,0.0,0.0,0.0,270.0228866577148,267.43712158203124,267.5059092203776,1.2557476000812358,275.3378187716925,264.7079545437371,51.98932504458434,26.04471006699306,7.25307165191567
2019-09-30 00:00:00-04:00,269.1541161265272,270.5909505610847,269.1086573970001,269.8816223144531,51662400,0.0,0.0,0.0,270.2804458618164,267.7174509684245,267.50108947753904,1.1406439373805597,274.9790145452136,265.58187717841923,53.23305273183302,39.12954136863257,7.253071651882645
2019-10-01 00:00:00-04:00,270.7637324178549,271.4184990741899,266.4532014526551,266.67144775390625,88242400,0.0,0.0,0.0,270.4548904418945,267.7857696533203,267.467507425944,0.7813819126297972,274.20777879564196,266.7020020881471,49.79465209478964,7.383728421145498,12.827207535650809
2019-10-02 00:00:00-04:00,265.0889879385326,265.0980907812051,260.66933580048186,261.9606628417969,122539500,0.0,0.0,0.0,270.24443359375,267.7646514892578,267.349831644694,0.11521506933627279,275.26657134960243,265.22229583789755,45.348112114603374,-94.30526062010556,23.224136542322928
2019-10-03 00:00:00-04:00,261.7334246319195,264.1342448983291,259.01433776802537,264.1069641113281,85278800,0.0,0.0,0.0,269.97020416259767,267.7438690185547,267.2465026855469,-0.23680859629394035,275.69259074416016,264.2478175810352,47.55540956266292,-93.44175136546566,25.842219393420518
2019-10-04 00:00:00-04:00,264.7616923717053,267.9354770605933,264.70710305303584,267.68084716796875,65091200,0.0,0.0,0.0,269.86426239013673,267.8449289957682,267.19217885335286,-0.2248158557731017,275.6776719081641,264.0508528721094,50.966707566611895,-17.899331119818537,16.4102964901644
2019-10-07 00:00:00-04:00,266.88061793215365,268.5084455962607,266.2440292191831,266.52593994140625,59610500,0.0,0.0,0.0,269.69378051757815,268.13410034179685,267.09839019775393,-0.30498718134981573,275.69531976101763,263.69224127413867,49.882048476751336,-18.028380122219303,15.065524270442424
2019-10-08 00:00:00-04:00,264.6707470157687,265.4073559101464,262.35176944794006,262.3881530761719,95708100,0.0,0.0,0.0,269.319580078125,268.19029642740884,266.9341298421224,-0.6944036999673813,276.15027860385624,262.48888155239376,46.23515347876154,-98.25653579649703,21.442833075207275
2019-10-09 00:00:00-04:00,264.4070066694013,265.8165600063333,263.77952092519905,264.8798828125,62359400,0.0,0.0,0.0,268.9740158081055,268.3636454264323,266.82603352864584,-0.7928182162145845,275.9753911882941,261.9726404279169,48.57717553888575,-75.70765103938376,20.459151250146817
2019-10-10 00:00:00-04:00,264.7980929946163,267.55356355823847,264.63440826867793,266.67144775390625,55296300,0.0,0.0,0.0,268.6709609985352,268.5357615152995,266.77857208251953,-0.717971779587117,275.5101655275636,261.8317564695068,50.19099631727394,-51.78372456808251,16.321749687359315
2019-10-11 00:00:00-04:00,269.4269323090313,271.67314311799345,269.30873405810314,269.43603515625,98720400,0.0,0.0,0.0,268.5151870727539,268.6886912027995,266.7607432047526,-0.4306125076311673,275.1201493603727,261.91022478513514,52.56728075984431,37.33448004820159,7.281351563168763
2019-10-14 00:00:00-04:00,269.11778063099183,269.7907531154155,268.7904111136401,269.135986328125,40394800,0.0,0.0,0.0,268.3865020751953,268.8355428059896,266.76295674641926,-0.22450173090493308,274.8276628460673,261.94534130432334,52.287207988250564,11.904083915223762,8.209876095702295
2019-10-15 00:00:00-04:00,270.1817208062417,272.54615738895194,270.06349481421915,271.8004455566406,46754500,0.0,0.0,0.0,268.3566360473633,269.1228057861328,266.79856669108074,0.15208894978388798,274.7246077756947,261.98866431903184,54.51348128759627,68.5719033354861,2.5615591889724367
2019-10-16 00:00:00-04:00,271.3365497895,272.0549805847921,270.92733813590627,271.36383056640625,48928200,0.0,0.0,0.0,268.2967987060547,269.2959401448568,266.79476267496744,0.41057573515064405,274.51927138386566,262.0743260282437,54.08568325093463,65.11354439034783,2.561559188966771
2019-10-17 00:00:00-04:00,272.5279681797132,273.0372280587811,271.4730647866204,272.1642150878906,45736600,0.0,0.0,0.0,268.27788696289065,269.38169555664064,266.78302612304685,0.672263283973507,274.44810817309786,262.10766575268343,54.75895561399008,82.93186419801383,0.5591363183267068
2019-10-18 00:00:00-04:00,271.62760585650597,272.2732695129562,270.1180045415431,270.97283935546875,64304000,0.0,0.0,0.0,268.2637878417969,269.42080078125,266.77315826416014,0.7745895013027848,274.4065952451226,262.1209804384712,53.54982275267605,48.8098377870355,3.254774890433998
2019-10-21 00:00:00-04:00,272.2915709810018,273.0099743891221,271.85505057590547,272.8099060058594,39048600,0.0,0.0,0.0,268.3447235107422,269.51661173502606,266.76358286539715,0.9924790111924722,274.68927564057003,262.00017138091437,55.13024096453952,85.27170671878791,1.7041960867574693
2019-10-22 00:00:00-04:00,273.34643282027804,273.6374464088708,271.82775595636684,271.918701171875,48594700,0.0,0.0,0.0,268.4875,269.58482971191404,266.7474522908529,1.0807866004327593,275.0256925663158,261.9493074336842,54.20469617198217,77.80363628566712,0.37607405535759264
2019-10-23 00:00:00-04:00,271.6640383966591,272.76440043938345,271.45486720152144,272.7098388671875,34352200,0.0,0.0,0.0,268.59026489257815,269.6154520670573,266.75567220052085,1.2007675010255525,275.3332719672891,261.8472578178672,54.90001146824301,71.70140502911873,1.1694852900377541
2019-10-24 00:00:00-04:00,273.6465996302028,273.79210645128467,272.3279631440528,273.155517578125,35453100,0.0,0.0,0.0,268.7435028076172,269.629551188151,266.82095591227215,1.316638388675642,275.76368570308557,261.7233199121488,55.29556432383945,92.40198612838111,1.0767029214410446
2019-10-25 00:00:00-04:00,272.5824645850226,274.81959968239687,272.52790302192324,274.2739562988281,45205400,0.0,0.0,0.0,269.02541198730466,269.6869659423828,266.94395599365237,1.4816361799256583,276.46752475734223,261.5832992172671,56.29077440437109,111.38591422826306,3.2972938436751402
2019-10-28 00:00:00-04:00,275.49260735291523,276.32016158660775,275.4653265651048,275.8199768066406,42147000,0.0,0.0,0.0,269.32232971191405,269.8239756266276,267.12621612548827,1.717352482184367,277.35841626990054,261.28624315392756,57.63928313832212,155.27969017985123,6.46921766202573
2019-10-29 00:00:00-04:00,275.54716315144003,276.66573093338,275.419834309273,275.7381286621094,44284900,0.0,0.0,0.0,269.7756637573242,269.93532104492186,267.4398778279622,1.8759303316018077,278.1958629039237,261.3554646107247,57.54205703514665,147.57090034318426,7.194425909315092
2019-10-30 00:00:00-04:00,275.93820126006324,276.95672100272753,274.62866794732867,276.5838928222656,49643900,0.0,0.0,0.0,270.50682525634767,270.0694315592448,267.7075881958008,2.046262479031327,278.60308340262236,262.410567110073,58.29407082774321,139.88075235805186,5.261419698561232
2019-10-31 00:00:00-04:00,276.5747016616146,276.5747016616146,274.3921560881661,275.84716796875,69053800,0.0,0.0,0.0,271.0938354492188,270.1795888264974,267.9604553222656,2.0976242873747992,278.9347409976536,263.25292990078395,57.378285411065676,123.25866389757745,4.677674291593591
2019-11-01 00:00:00-04:00,277.2932449130918,278.4481686934179,277.1295324204775,278.4027099609375,71141500,0.0,0.0,0.0,271.6299285888672,270.4178517659505,268.1706731160482,2.3178213697856336,279.94038224264506,263.3194749350893,59.65277506609044,161.45213889465654,8.82114960159252
2019-11-04 00:00:00-05:00,279.95769948115407,280.0941033965786,279.1483233286738,279.52117919921875,60606900,0.0,0.0,0.0,272.2796905517578,270.695517985026,268.4297063191732,2.5531491500013317,280.9348333927286,263.62454771078706,60.60461233833222,173.79643927874378,12.286340460563366
2019-11-05 00:00:00-05:00,279.72129600704636,280.02141242557303,278.9210225610841,279.2120361328125,42933200,0.0,0.0,0.0,273.12088470458986,271.0338134765625,268.73714752197264,2.683766064815984,280.9599550463253,265.2818143628544,60.198548996917545,152.7667086674287,11.679995194065139
2019-11-06 00:00:00-05:00,279.2120008688192,279.5484731268798,278.3298851708271,279.2756652832031,46487100,0.0,0.0,0.0,273.840673828125,271.32118428548176,268.9780573527018,2.7605928554875163,281.11713403312456,266.5642136231254,60.255249609511054,133.7417141961631,10.080749369878506
2019-11-07 00:00:00-05:00,280.6125821321642,281.59471848215986,279.7850276994163,280.2579040527344,54272300,0.0,0.0,0.0,274.5199966430664,271.66008911132815,269.36584014892577,2.867680267338187,281.50947894917783,267.530514336955,61.139313234684906,144.41522816364264,14.466737096088629
2019-11-08 00:00:00-05:00,279.9122492128996,281.0035361826021,279.2120238547651,280.948974609375,49032100,0.0,0.0,0.0,275.0956436157227,272.0705291748047,269.75382537841796,2.9740286798040643,282.21727564865995,267.9740115827854,61.758423648146916,130.1403788456051,12.871873471385182
2019-11-11 00:00:00-05:00,279.566712897289,280.5852326412768,279.4302812062415,280.4124450683594,35797300,0.0,0.0,0.0,275.6594665527344,272.4215565999349,270.0695037841797,2.9806579435090725,282.5770526844301,268.7418804210387,60.97818645798871,116.3579098179823,12.871873471336011
2019-11-12 00:00:00-05:00,280.7761908966361,281.9038337622453,280.2305474042965,281.0035400390625,46484600,0.0,0.0,0.0,276.11962127685547,272.8992930094401,270.3425313313802,2.999037074348223,283.179276419039,269.0599661346719,61.53206708720129,119.14859133974991,15.762243592649861
2019-11-13 00:00:00-05:00,280.0122678945048,281.49458856771133,279.78491877904554,281.0944519042969,53917700,0.0,0.0,0.0,276.60615234375,273.5370859781901,270.65086873372394,2.986511846171368,283.62689028457436,269.58541440292566,61.61874619773702,107.90346757877795,14.435041640241206
2019-11-14 00:00:00-05:00,280.8125701165942,281.585562739211,280.17598142677315,281.5036926269531,51219900,0.0,0.0,0.0,277.0731262207031,274.1169769287109,270.9304229736328,2.9753102937527274,284.09227173873484,270.05398070267137,62.017296371137924,105.44911589428864,14.641714783230238
2019-11-15 00:00:00-05:00,282.84045746173746,283.5861691680478,282.14933507162783,283.54071044921875,62023600,0.0,0.0,0.0,277.70151977539064,274.64563903808596,271.2452840169271,3.0951246268960517,284.6712814535489,270.7317580972324,63.945119337555006,125.70153335918941,19.087713981366324
2019-11-18 00:00:00-05:00,283.3042825380905,283.9863298938384,282.8495843009252,283.7498779296875,49228000,0.0,0.0,0.0,278.248518371582,275.219770304362,271.6769353230794,3.1704099048446324,285.31830727033935,271.17872947282467,64.13846425150741,123.76100863951154,19.950451418913914
2019-11-19 00:00:00-05:00,284.3500771269776,284.35917997236,283.02236607228707,283.66802978515625,67804700,0.0,0.0,0.0,278.8359848022461,275.92909952799477,272.05969797770183,3.186734872849229,285.6387130263714,272.0332565781208,63.99953827414876,120.9594242910205,20.764790758462933
2019-11-20 00:00:00-05:00,283.07699087413437,283.5953536303308,281.05812918125986,282.6131896972656,79406200,0.0,0.0,0.0,279.33115234375,276.52020975748695,272.44192759195965,3.079062235381798,285.6831114042019,272.97919328329806,62.20323798062524,95.44822091282514,14.421189619568777
2019-11-21 00:00:00-05:00,282.72232699674834,282.83145015014986,281.3582320740642,282.1584777832031,54664700,0.0,0.0,0.0,279.7813003540039,277.03644409179685,272.7861028035482,2.923340987977724,285.5387250946752,274.0238756133326,61.43430932823028,85.19646429201534,14.421189619510002
2019-11-22 00:00:00-05:00,282.9041757015737,283.04057963659153,281.7765328353182,282.78594970703125,44850200,0.0,0.0,0.0,280.20690002441404,277.4814412434896,273.0850662231445,2.818077474812924,285.4889867515135,274.9248132973146,62.103051202801424,86.736014326051,14.930330771045435
2019-11-25 00:00:00-05:00,283.7135229082867,284.9775695800781,283.7135229082867,284.9775695800781,48647200,0.0,0.0,0.0,280.66477966308594,278.0094940185547,273.42251841227215,2.8783212936896803,285.9333200249208,275.39623930125106,64.3374659670595,114.89362579909526,19.51813961236528
2019-11-26 00:00:00-05:00,285.0141021517678,285.8052730598571,284.6958076679431,285.6233825683594,37569000,0.0,0.0,0.0,281.15904235839844,278.470258585612,273.7965321858724,2.9442373298384723,286.3354696730332,275.9826150437637,64.96711743864557,122.0358922658639,21.39212962659441
2019-11-27 00:00:00-05:00,286.10522505743006,286.89642333984375,285.88697877404934,286.89642333984375,44444600,0.0,0.0,0.0,281.67466888427737,278.9880116780599,274.14197591145836,3.0638814957163163,286.98496239875493,276.3643753697998,66.18459620631162,135.80676880727623,23.8114426319523
2019-11-29 00:00:00-05:00,286.3326155519564,286.57817040881315,285.6051093338683,285.83245849609375,36592700,0.0,0.0,0.0,282.1739334106445,279.44361979166666,274.41265767415365,3.0378290854842476,287.03599768822784,277.3118691330612,64.2539893613316,120.77353186187447,22.801454613031346
2019-12-02 00:00:00-05:00,286.08706111657636,286.1507255365374,282.9769404159021,283.40435791015625,75767800,0.0,0.0,0.0,282.4240158081055,279.8580037434896,274.6394022623698,2.7891038844529135,286.9738433807297,277.87418823548126,60.11421428240692,84.46426207295323,13.84381821667165
2019-12-03 00:00:00-05:00,280.6852412775978,281.585562739211,279.30296850429954,281.5036926269531,73941700,0.0,0.0,0.0,282.5231414794922,280.1477966308594,274.8322041829427,2.410829030461116,286.8893620147817,278.15692094420274,57.13343897529819,16.287511520745177,2.9807663812538783
2019-12-04 00:00:00-05:00,282.5495999524481,283.84092788112747,282.20402472425303,283.24072265625,49080000,0.0,0.0,0.0,282.7245758056641,280.5251973470052,275.05501352945964,2.225552505819337,286.8103257979239,278.63882581340425,59.05298805636716,60.34453714770742,8.523887734172693
2019-12-05 00:00:00-05:00,283.94087117115305,283.9590491097116,282.4403447864453,283.7498779296875,40709000,0.0,0.0,0.0,282.94828643798826,280.89319864908856,275.2543253580729,2.0956467888861994,286.7165404929985,279.180032382978,59.60153228116531,63.40082322054351,8.806178265771935
2019-12-06 00:00:00-05:00,285.6596578667379,286.7418420497151,285.65055501983795,286.3417053222656,48927000,0.0,0.0,0.0,283.25247650146486,281.3327382405599,275.4811447143555,2.1767422523620326,287.0879140572529,279.41703894567684,62.26365660340246,125.52982722924307,15.184959130672148
2019-12-09 00:00:00-05:00,285.95060497639406,286.62354942860503,285.36857796172194,285.44134521484375,34838500,0.0,0.0,0.0,283.47709503173826,281.7049845377604,275.6959752400716,2.143648806318197,287.27047476366636,279.68371529981016,60.823310311482274,108.53019181087475,14.346558677622431
2019-12-10 00:00:00-05:00,285.3868406884249,286.05068242852656,284.4683412640769,285.12310791015625,52649800,0.0,0.0,0.0,283.71262817382814,282.0150889078776,275.9195322672526,2.0679053948692854,287.28323856784345,280.1420177798128,60.31315496367165,88.32682954479421,11.662275075887898
2019-12-11 00:00:00-05:00,285.5778171170683,286.1871250585876,285.04127644599606,285.9324951171875,53429100,0.0,0.0,0.0,283.9590759277344,282.3549011230469,276.1451110839844,2.0495628936411663,287.42113795700544,280.4970138984633,61.17005019281485,97.23750967676685,11.986221055145549
2019-12-12 00:00:00-05:00,285.94156026923116,289.17900987699994,285.7051360299545,288.3969421386719,96389600,0.0,0.0,0.0,284.32420043945314,282.74866943359376,276.4090504964193,2.2084292104196948,288.0448446006688,280.6035562782375,63.642681702635116,146.23698789418634,18.74537759873363
2019-12-13 00:00:00-05:00,288.16046262508945,289.79739296590316,287.3874700546423,288.5697021484375,81503900,0.0,0.0,0.0,284.67750091552733,283.17275390625,276.6761713663737,2.321511263256923,288.60654961627637,280.7484522147783,63.809802505562374,161.5594092523071,20.05803873287677
2019-12-16 00:00:00-05:00,290.2976466182981,291.14337897879915,288.5061338182906,290.5522766113281,82749700,0.0,0.0,0.0,285.0280792236328,283.57773946126304,276.9977956136068,2.5418064325963883,289.709292661699,280.3468657855666,65.6824845801678,187.97110498880153,22.863913919065293
2019-12-17 00:00:00-05:00,290.93413905050215,291.2342276828815,290.5340023722772,290.6158447265625,61097700,0.0,0.0,0.0,285.3713775634766,283.9475616455078,277.32153981526693,2.6905068686776303,290.62940613571135,280.1133489912418,65.74128457106463,186.62121313203488,23.052491282568102
2019-12-18 00:00:00-05:00,291.0068585533776,291.2342076616224,290.57944111977423,290.6340026855469,48133000,0.0,0.0,0.0,285.7196762084961,284.3282938639323,277.6810536702474,2.777797510555672,291.4078948143823,280.03145760260986,65.75862115867318,169.40726023231727,23.05249128252607
2019-12-19 00:00:00-05:00,290.82509738187173,291.8982067415374,290.5704673776063,291.825439453125,85310500,0.0,0.0,0.0,286.18028869628904,284.7466196695963,278.0339019775391,2.9095751913716867,292.2859720864886,280.0746053060895,66.89573442351659,168.10290888936706,24.49625364656237
2019-12-20 00:00:00-05:00,292.8579742516137,294.2379231152867,291.8801572122193,293.104736328125,147142100,1.57,0.0,0.0,286.7276016235352,285.1748474121094,278.41746826171874,3.0817144334199043,293.2626728238925,280.19253042317786,68.07341770290066,186.162066662163,29.329701862008125
2019-12-23 00:00:00-05:00,293.8906778189208,293.9455076437393,293.40632910700657,293.55255126953125,52990000,0.0,0.0,0.0,287.2659317016602,285.5949666341146,278.8327479044596,3.217185237377066,294.195750130959,280.33611327236133,68.47947608200795,179.3220334888036,29.329701861938332
2019-12-24 00:00:00-05:00,293.78099530759755,293.8266775283828,293.2600841233324,293.5616760253906,20270000,0.0,0.0,0.0,287.6951370239258,286.0332743326823,279.22741546630857,3.2873881527695517,295.07678956557197,280.3134844822796,68.4879241809098,160.26038135780325,28.778265477577225
2019-12-26 00:00:00-05:00,293.94546230106056,295.1335067299267,293.9363425910148,295.1243591308594,30911200,0.0,0.0,0.0,288.1701858520508,286.50396830240885,279.7016306559245,3.4295858054048267,296.18608478347704,280.15428692062454,69.9163855392856,163.918771961819,31.479000280467073
2019-12-27 00:00:00-05:00,295.85550805385674,295.9103378824698,294.52126907589263,295.0513000488281,42528800,0.0,0.0,0.0,288.5779296875,286.9691965738932,280.2531412760417,3.496082548869822,297.1325428525724,280.0233165224276,69.76343679972844,152.97684405091678,33.040397218077935
2019-12-30 00:00:00-05:00,295.13360826083357,295.27068284889134,292.9403032957844,293.4246520996094,49729100,0.0,0.0,0.0,288.9575393676758,287.36656188964844,280.7417694091797,3.3785786505201827,297.6715053667963,280.2435733685553,66.4169546855207,117.42525414838491,26.95005603383372
2019-12-31 00:00:00-05:00,292.9219889831503,294.3841827622408,292.5747148231008,294.1374206542969,57077300,0.0,0.0,0.0,289.4941925048828,287.71978556315105,281.1827123006185,3.3048739008991106,298.08937022706544,280.89901478270014,67.13164327939324,104.54540447395738,25.574893006655184
2020-01-02 00:00:00-05:00,295.67284304951437,296.90657035438716,294.74982749958843,296.8882751464844,59151200,0.0,0.0,0.0,290.2634216308594,288.15773213704426,281.6887512207031,3.4289070177990197,298.59732488275984,281.92951837895896,69.70560128207205,133.2288189740151,30.916114987938542
2020-01-03 00:00:00-05:00,293.49771070903796,295.76411231173057,293.442880886225,294.6400451660156,77709700,0.0,0.0,0.0,290.83338775634763,288.5234659830729,282.2262827555339,3.30766211644044,298.69060751645696,282.9761679962383,65.37702578210109,99.25936736968339,26.066684114396917
2020-01-06 00:00:00-05:00,292.8854243272233,295.8463743777095,292.76661707449347,295.7641296386719,55653900,0.0,0.0,0.0,291.43410034179686,288.9618306477865,282.7410202026367,3.264646073406311,298.83487594898793,284.0333247346058,66.45446676206745,94.83803944265463,23.615631615044016
2020-01-07 00:00:00-05:00,295.1974966361732,295.6727256283345,294.48468103695666,294.9324951171875,40496400,0.0,0.0,0.0,291.86363983154297,289.38763122558595,283.21203765869143,3.1273988861425437,299.0128867340603,284.7143929290256,64.90854396613813,92.12869856121813,23.615631614954143
2020-01-08 00:00:00-05:00,295.12438459091834,297.71976504897265,294.8776503960096,296.50433349609375,68296000,0.0,0.0,0.0,292.41678924560546,289.84491068522135,283.66317596435545,3.1096179817757843,299.17504201897265,285.65853647223827,66.43521723379163,106.50514482249326,28.141353753940553
2020-01-09 00:00:00-05:00,298.06710630868724,298.58801761539866,297.4822175666189,298.514892578125,48473300,0.0,0.0,0.0,293.0863784790039,290.29615478515626,284.15282440185547,3.2206363113168663,299.44369485436044,286.7290621036473,68.26227672881141,126.723371882081,29.96214173544154
2020-01-10 00:00:00-05:00,299.09971858480566,299.25506045062673,297.18973874984056,297.6557922363281,53029300,0.0,0.0,0.0,293.67254333496095,290.6972351074219,284.58374684651693,3.2023818549300245,299.381321428421,287.9637652415009,66.65838897639868,116.23663994938656,31.34470586129392
2020-01-13 00:00:00-05:00,298.2772496807154,299.7120005705417,297.8477308070792,299.702880859375,47086800,0.0,0.0,0.0,294.2378402709961,291.1241170247396,285.05606435139975,3.3148860672354203,299.9859747954815,288.4897057465107,68.48373003815834,123.51174618953084,32.29186316899342
2020-01-14 00:00:00-05:00,299.2641779536659,300.3151199538499,298.6884369921767,299.24591064453125,62832800,0.0,0.0,0.0,294.77165069580076,291.57123209635415,285.50742594401044,3.3288004492850973,300.2814295169855,289.261871874616,67.62873574146096,120.1813202049101,33.54371065735709
2020-01-15 00:00:00-05:00,299.1546261328861,300.6807697217704,299.07238137860776,299.9222717285156,72056600,0.0,0.0,0.0,295.24015045166016,292.1218292236328,285.9899164835612,3.355721713154253,300.8321529469613,289.648147956359,68.23592763170655,120.28051416608938,34.30548257498003
2020-01-16 00:00:00-05:00,301.3021641332184,302.4170837402344,301.07369722923175,302.4170837402344,54050300,0.0,0.0,0.0,295.83021240234376,292.8189422607422,286.4833694458008,3.537588371386505,301.842402517995,289.8180222866925,70.35752621848093,147.14162705134342,37.80746037121294
2020-01-17 00:00:00-05:00,303.12987052009737,303.56850908503526,302.353077542655,303.35833740234375,95846000,0.0,0.0,0.0,296.46642913818357,293.4895294189453,287.00736338297526,3.7148478587579916,302.84521269376313,290.087645582604,71.11063404395497,159.37779284330725,40.001553400846596
2020-01-21 00:00:00-05:00,302.39883225787577,303.5685818598415,302.3257351092037,302.7643737792969,77742400,0.0,0.0,0.0,297.0133758544922,294.12334594726565,287.5082722981771,3.7640102124526607,303.5894806937212,290.4372710152632,69.95049528748203,149.28233498991543,39.88032677406962
2020-01-22 00:00:00-05:00,303.62343982713384,304.2723060684874,302.64562244176034,302.80096435546875,48914900,0.0,0.0,0.0,297.49818725585936,294.67198791503904,288.0023630777995,3.7625519291165688,304.28722426035836,290.70915025136037,69.9817053083112,145.25610239865296,41.23511569217101
2020-01-23 00:00:00-05:00,302.15208091700214,303.5594449783584,301.03716121185505,303.148193359375,51963000,0.0,0.0,0.0,297.97796936035155,295.26221618652346,288.48360036214194,3.7462304945737515,304.94681838798886,291.00912033271425,70.28468055436288,125.2760773273164,34.09041372057986
2020-01-24 00:00:00-05:00,303.80620806071624,303.88845281451574,299.1637441044687,300.4523010253906,87578400,0.0,0.0,0.0,298.32250061035154,295.7731892903646,288.8941390991211,3.475694022126106,305.0491593473812,291.5958418733219,65.0143241126172,94.06200762556449,26.386870402853372
2020-01-27 00:00:00-05:00,295.2067419645424,297.1167224987282,294.868615309122,295.6362609863281,84062500,0.0,0.0,0.0,298.348095703125,296.0966481526693,289.2257746378581,2.839940668549559,305.02724435042586,291.66894705582416,57.101402074476994,-2.0817159938856724,11.230916360188505
2020-01-28 00:00:00-05:00,297.0617985757093,299.61149697791484,295.72755969424713,298.73419189453125,63834000,0.0,0.0,0.0,298.53224029541013,296.44122314453125,289.5949462890625,2.556607707073624,305.0292744473742,292.0352061434461,60.315462611743115,32.80774087733219,17.197210311822623
2020-01-29 00:00:00-05:00,300.0958733171972,300.3243402372707,298.28640527016483,298.4874572753906,53888900,0.0,0.0,0.0,298.7853805541992,296.7718149820964,289.97228444417317,2.2858055288111814,304.8227614641214,292.747999644277,59.9454226737384,47.28402517969177,18.810195637201495
2020-01-30 00:00:00-05:00,296.4220989348696,299.66634584075405,295.67274865407313,299.4561462402344,75491800,0.0,0.0,0.0,299.0513168334961,297.0686106363932,290.32317504882815,2.12486384755249,304.6814856161607,293.4211480508315,60.91920272040837,27.62976480382639,10.635743680761504
2020-01-31 00:00:00-05:00,298.8348117216408,298.9901815401948,293.1048698672145,294.01873779296875,113845600,0.0,0.0,0.0,298.9078399658203,297.1820404052734,290.56480102539064,1.540801584704127,304.9044300969632,292.9112498346774,53.383152297159214,-38.11060826291474,3.4048015249900936
2020-02-03 00:00:00-05:00,295.49915167501734,298.067117900778,295.3803444015998,296.20281982421875,69083000,0.0,0.0,0.0,298.9859786987305,297.36766764322914,290.8479807535807,1.2398727193277068,304.78591773626835,293.18603966119264,55.66225267914918,-17.399955885786696,3.4048015249538004
2020-02-04 00:00:00-05:00,299.8125346860519,301.5854399692841,299.492675464825,300.7172546386719,62573200,0.0,0.0,0.0,299.23363494873047,297.6640614827474,291.20534057617186,1.3500984912618037,304.8751534758672,293.59211642159374,59.85859420449617,72.28059093562113,11.85212032186837
2020-02-05 00:00:00-05:00,303.6507628947107,304.4001409842499,302.1885971158361,304.18994140625,65951100,0.0,0.0,0.0,299.6965072631836,298.0335683186849,291.60420786539714,1.6980954223416234,305.37114386917466,294.02187065719255,62.67010318249126,134.76301393569415,17.80118685910754
2020-02-06 00:00:00-05:00,305.1494625309535,305.40534428374525,304.135055229123,305.21343994140625,50359700,0.0,0.0,0.0,300.13196258544923,298.4222646077474,292.008615620931,2.0330376825751273,306.1040251571367,294.1599000137618,63.45060155231197,152.4685801255869,19.800826516631954
2020-02-07 00:00:00-05:00,304.15341594950706,305.22262540475447,303.038496381652,303.5868225097656,64139400,0.0,0.0,0.0,300.38555908203125,298.7564361572266,292.39485524495444,2.142529656216027,306.4976039976006,294.2735141664619,61.34199965240139,119.90965175114042,16.59982853107496
2020-02-10 00:00:00-05:00,302.70035366918944,305.91715735245873,302.66379115886144,305.8531799316406,42070000,0.0,0.0,0.0,300.79542846679686,299.1140635172526,292.80901590983075,2.384689718719983,307.2277413758363,294.36311555775745,63.10903447738452,128.65428001448672,18.03478494658241
2020-02-11 00:00:00-05:00,307.2057455520756,307.99165832638704,305.8532114209266,306.3832702636719,54864500,0.0,0.0,0.0,301.1294479370117,299.4917958577474,293.2304962158203,2.58952672045956,308.00164240766543,294.257253466358,63.512580995852254,155.25259795712236,22.17239994516726
2020-02-12 00:00:00-05:00,307.81803230663076,308.5674104828042,307.4524908196525,308.35723876953125,43992700,0.0,0.0,0.0,301.5850143432617,299.9895487467448,293.67805531819664,2.877968847982629,309.10860464770406,294.0614240388194,64.98796323639132,167.1625111355438,23.284260082064435
2020-02-13 00:00:00-05:00,306.93160682994335,308.9969568539677,306.6574576626084,308.02825927734375,54501900,0.0,0.0,0.0,301.9903137207031,300.45257670084635,294.08618113199867,3.044915525748081,309.9947374074932,293.98589003391305,64.53804965037929,148.74411018060846,20.81865540812565
2020-02-14 00:00:00-05:00,308.4394532632197,308.6405052446944,307.2422889745831,308.5216979980469,64582200,0.0,0.0,0.0,302.29554443359376,300.8403574625651,294.49904479980466,3.1803769458683178,310.8173409493495,293.773747917838,64.91493231116718,140.22586264222068,20.818655408049906
2020-02-18 00:00:00-05:00,307.52566305583684,308.58575305311757,306.3376181795073,307.7267150878906,57226200,0.0,0.0,0.0,302.5139633178711,301.2765797932943,294.90002288818357,3.186846636082578,311.36791010259867,293.66001653314356,63.78510865677846,120.16795004135415,17.946210897404782
2020-02-19 00:00:00-05:00,308.6953514933789,309.8742206443196,308.41205476200304,309.1979675292969,48814700,0.0,0.0,0.0,302.8356430053711,301.72437438964846,295.34310251871744,3.272963008230647,312.18170804157364,293.4895779691685,64.95291444598982,139.39493421057287,20.72317387562832
2020-02-20 00:00:00-05:00,308.64963919276863,309.4721423570291,304.9393389090685,307.9277038574219,74163400,0.0,0.0,0.0,303.09197998046875,302.1575480143229,295.77258961995443,3.2018028016645417,312.71127127294966,293.47268868798784,63.134551897499286,101.25157664636473,10.313894311027148
2020-02-21 00:00:00-05:00,306.57508738390476,306.8857989426723,303.93399730085264,304.7565002441406,113788200,0.0,0.0,0.0,303.17239532470705,302.4326202392578,296.1387654622396,2.856589214245105,312.8205123356282,293.5242783137859,58.877721595235876,54.9287123504962,7.537023323309451
2020-02-24 00:00:00-05:00,295.3071862193686,304.82967088286625,293.5708154883239,294.6492004394531,161088400,0.0,0.0,0.0,302.88224029541016,302.3037638346354,296.2999593098958,1.747288678836071,313.2005572537675,292.5639233370528,48.16933255396756,-89.89514201601402,15.220254539924806
2020-02-25 00:00:00-05:00,296.0382762665826,296.65055194836293,284.84339802698764,285.720703125,218913200,0.0,0.0,0.0,302.38646240234374,301.9059275309245,296.3015813191732,0.14602165103690368,314.8917845162615,289.88114028842597,41.30440447975663,-229.14173679347638,28.417545117488753
2020-02-26 00:00:00-05:00,287.11892786401404,290.7104209886197,283.93868633219154,284.6697692871094,194773800,0.0,0.0,0.0,301.68324127197263,301.404823811849,296.26447041829425,-1.194031530472671,316.43359449867364,286.9328880452716,40.599857221598846,-238.3274097653189,29.592867584389772
2020-02-27 00:00:00-05:00,279.1500278323521,284.7246265399028,271.8847961425781,271.8847961425781,284353500,0.0,0.0,0.0,300.35310821533204,300.49278666178384,296.032009379069,-3.2502074473961216,320.2254406840181,280.480775746646,33.42473316481046,-319.71306575431464,42.585870056029
2020-02-28 00:00:00-05:00,263.833535145683,272.2319789613865,260.9457107535948,270.74237060546875,384975800,0.0,0.0,0.0,298.91741943359375,299.52012329101564,295.8209762573242,-4.915265744841747,322.80570233436106,275.02913653282644,32.88747043064531,-327.370295179661,51.06397174416682
2020-03-02 00:00:00-05:00,272.5244028949452,282.53126257074877,269.0973999770701,282.46728515625,238703600,0.0,0.0,0.0,298.3398468017578,298.8551300048828,295.8370361328125,-5.228463355657482,323.26299527978375,273.41669832373185,42.67105030380728,-191.54536676488317,32.069331410876515
2020-03-03 00:00:00-05:00,282.8419998690826,286.80818159326185,271.9395669552168,274.37957763671875,300139100,0.0,0.0,0.0,297.2486846923828,297.88917134602866,295.68935038248696,-6.059435720610622,324.37893868057785,270.1184307041878,38.65047643187787,-169.34849647783895,25.301142477454302
2020-03-04 00:00:00-05:00,279.753168952443,286.1319753809504,277.20347032348707,285.9126281738281,176613400,0.0,0.0,0.0,296.5084533691406,297.32744649251305,295.7253962198893,-5.7214136193018135,324.0450590103412,268.97184772794003,46.137107010601724,-112.01426492228198,25.30114247708571
2020-03-05 00:00:00-05:00,278.71131965746457,281.90070830188273,274.1693970755827,276.4083557128906,186366800,0.0,0.0,0.0,295.11937408447267,296.44769287109375,295.5598403930664,-6.1495557747693965,323.80340569855844,266.4353424703869,41.789590278748705,-137.54317302556302,28.098512499829543
2020-03-06 00:00:00-05:00,267.9002831419246,273.0453622263488,265.23180535005173,271.83905029296875,228667200,0.0,0.0,0.0,293.4506546020508,295.4040547688802,295.33313547770183,-6.779417374234697,323.5122256184366,263.389083585665,39.91880887523155,-165.58215407513924,35.46330302415146
2020-03-09 00:00:00-04:00,251.58775678015627,259.71205370103047,249.8971239127328,250.6099395751953,309417300,0.0,0.0,0.0,290.80181045532225,293.74264272054035,294.7579160054525,-8.8891306803705,325.9999659236162,255.60365498702834,32.85068393604746,-225.1706416526128,45.39130442161522
2020-03-10 00:00:00-04:00,260.123369795359,263.6691537844827,249.94286810623316,263.5777893066406,276444100,0.0,0.0,0.0,288.68804092407225,292.67402699788414,294.3853375752767,-9.406266988021173,325.1357435490224,252.24033829912213,39.60787751855079,-167.08720553428108,39.65620609216413
2020-03-11 00:00:00-04:00,256.5226437962952,257.6558306839711,247.54845736466217,250.72869873046875,255316300,0.0,0.0,0.0,285.9053123474121,291.07384389241537,293.7575335184733,-10.72923551447326,325.0621772514513,246.7484474433729,35.9044741607954,-175.2270226042932,41.11028103714172
2020-03-12 00:00:00-04:00,233.95011542645673,243.69194779831977,226.3467299817304,226.7397003173828,392220700,0.0,0.0,0.0,281.8244354248047,288.6822519938151,292.72703348795574,-13.557131122116687,327.5844382909296,236.06443255867975,30.412435042215094,-223.3582379322654,51.75837668882608
2020-03-13 00:00:00-04:00,240.42947267664428,248.0968367944438,227.1144262744423,246.1228790283203,329566100,0.0,0.0,0.0,278.7291664123535,286.9044764200846,291.98654352823894,-14.071985149772559,325.39199233668114,232.06634048802587,38.30102112116597,-167.99579347656382,46.08143456440799
2020-03-16 00:00:00-04:00,220.40656312966803,234.77256174758443,216.91559643304075,219.19113159179688,297240000,0.0,0.0,0.0,274.262638092041,284.4102228800456,290.79613164265953,-16.463397814242484,325.76823703693987,222.75703914714214,32.9346216542141,-197.43511138094155,50.51519563604763
2020-03-17 00:00:00-04:00,223.93411978479276,234.10548499816915,216.65060754197967,231.02574157714844,262070500,0.0,0.0,0.0,270.4275894165039,282.23765360514324,289.8026606241862,-17.20532320422086,322.85570508955254,217.99947374345524,36.95038192921231,-164.4707945572221,50.624326492997255
2020-03-18 00:00:00-04:00,215.9012281894684,226.977299433706,208.380101478062,219.32823181152344,327597100,0.0,0.0,0.0,265.93410263061526,279.5246861775716,288.5943738301595,-18.52366640326551,319.75746557902033,212.11073968221018,34.81859698519703,-170.20219281973476,53.90636973007416
2020-03-19 00:00:00-04:00,218.64281290463057,226.07256060162743,212.2183250976438,219.79428100585935,289322000,0.0,0.0,0.0,261.5274314880371,276.7114974975586,287.37253290812174,-19.308282747091198,315.3058834044562,207.748979571618,34.97322148225955,-150.4962513151135,53.90636972945324
2020-03-20 00:00:00-04:00,222.94361386702496,224.72694441324552,210.04665824854575,210.3224334716797,347158800,1.406,0.0,0.0,256.80572814941405,273.5484639485677,285.98536427815753,-20.458562218660177,311.1823654856379,202.42909081319021,33.31180339429173,-144.45760416032743,54.75153710972329
2020-03-23 00:00:00-04:00,209.761700043424,211.1313607703038,200.63362552870024,204.9448699951172,326025200,0.0,0.0,0.0,252.32051162719728,270.2603988647461,284.5084175109863,-21.555611743305718,308.3279653350688,196.31305791932573,32.40760377448963,-150.21328168480284,58.18910219604549
2020-03-24 00:00:00-04:00,215.4885759867867,224.3868403910806,214.91865078430803,223.5135498046875,235494500,0.0,0.0,0.0,249.21015396118165,267.51574452718097,283.3149040222168,-20.688213275033178,304.30958064198876,194.11072728037453,38.38198106677145,-105.0231294578955,42.42652872981125
2020-03-25 00:00:00-04:00,225.09461646269625,235.64751686488069,220.3881054153029,226.85955810546875,299430300,0.0,0.0,0.0,246.31964340209962,264.86495412190754,282.1783749898275,-19.505946425184305,299.622770964786,193.0165158394132,39.38077167405457,-82.99246122548747,30.95879684686815
2020-03-26 00:00:00-04:00,229.36917691277907,241.5766906886608,228.93713222179323,240.10592651367188,257632800,0.0,0.0,0.0,244.7306999206543,262.5899103800456,281.28972956339516,-17.30068863362058,296.7030601923665,192.75833964894213,43.15437980981521,-57.887688332992454,25.456636543136685
2020-03-27 00:00:00-04:00,232.8162972428731,239.74737193984004,230.77558000293203,232.9541778564453,224341200,0.0,0.0,0.0,242.84129028320314,260.087440999349,280.27000885009767,-15.946273577175646,293.5645470430839,192.11803352332237,41.704383903191946,-58.86208261704684,25.456636542962574
2020-03-30 00:00:00-04:00,235.050062078814,241.23655379734308,233.05530959383543,240.51954650878903,171369500,0.0,0.0,0.0,240.74390335083007,257.8207026163737,279.3305300394694,-14.099893072626713,287.91263088832426,193.57517581333587,43.771842672348534,-46.403195948054936,24.05570991919045
2020-03-31 00:00:00-04:00,239.5175295106156,242.06381801054945,235.52802532472109,236.93446350097656,194881100,0.0,0.0,0.0,238.87164764404298,255.4609608968099,278.3687703450521,-12.778605645781369,283.3126635304526,194.43063175763336,43.02384108684858,-42.91501520473755,23.264703076474113
2020-04-01 00:00:00-04:00,227.9534688676713,236.8517325396181,224.2029624300583,226.2712554931641,189554600,0.0,0.0,0.0,235.88957901000975,252.69673716227214,277.2105557759603,-12.448410088098058,274.68548182737084,197.09367619264864,40.87465645393211,-61.45447584511186,29.619953568131262
2020-04-02 00:00:00-04:00,225.38883620204277,232.27394638304975,224.83728566556516,231.4925994873047,177660400,0.0,0.0,0.0,233.64379119873047,250.1489003499349,276.1532241821289,-11.631330171997632,267.44201838293407,199.84556401452687,42.33381816508063,-56.43915429538034,29.61995356796463
2020-04-03 00:00:00-04:00,230.50897330571124,232.86224312191504,225.41638201331432,228.1465301513672,135561200,0.0,0.0,0.0,231.45916519165038,247.5952346801758,275.0139274597168,-11.12553998336702,260.1202005779028,202.798129805398,41.65235066259726,-54.73207338982954,29.025912096836958
2020-04-06 00:00:00-04:00,237.0171516107713,245.43740451014017,228.1280907410943,243.47021484375,188061200,0.0,0.0,0.0,231.10217895507813,245.88926849365234,274.0965161641439,-9.380076640935073,258.92445469725726,203.27990321289903,45.78676998230901,-21.297596428515348,17.15346049207458
2020-04-07 00:00:00-04:00,252.0651432953914,252.8189278770022,243.49783589419317,243.71844482421875,201427200,0.0,0.0,0.0,230.10921173095704,244.48919321695965,273.19756037394205,-7.885851099095618,254.22149555874694,205.99692790316715,45.851067667488735,7.64601322806199,10.95388879789202
2020-04-08 00:00:00-04:00,246.31991721822396,253.7106259149399,243.82878088383265,251.89971923828125,153774500,0.0,0.0,0.0,230.16776275634766,243.39685821533203,272.4008410135905,-5.97265704782501,254.49558961308347,205.83993589961185,47.955592743625864,24.21536152954223,10.224965875957325
2020-04-09 00:00:00-04:00,255.1630636276637,258.49074168826115,253.22347737304003,255.73301696777344,189999200,0.0,0.0,0.0,231.6174285888672,242.85846557617188,271.67562611897785,-4.099861239515889,258.41513076158367,204.81972641615073,48.91788703387909,50.966562311011444,6.350408448421465
2020-04-13 00:00:00-04:00,254.7586045942313,255.0987194631755,249.4913406625383,253.3981170654297,114839100,0.0,0.0,0.0,231.98119049072267,242.28032379150392,270.9002235412598,-2.7721088321727336,259.7865244806738,204.17585650077157,48.35452197386014,42.32440263243729,8.935833956763021
2020-04-14 00:00:00-04:00,258.2884851590157,261.89189610685975,253.26023306323893,260.8715515136719,134143400,0.0,0.0,0.0,234.0652114868164,241.56046600341796,270.2077980041504,-1.1040845817486797,264.00059215583553,204.12983081779726,50.25156365403495,72.11083078198514,3.55280601463163
2020-04-15 00:00:00-04:00,255.15381785852156,261.0093805310118,253.2142041014616,255.32847595214844,121775000,0.0,0.0,0.0,235.2803482055664,240.92542928059896,269.4073003133138,-0.22682848069186434,266.6355633968361,203.92513301429668,48.87410918577159,69.76167123936906,3.5862006416268355
2020-04-16 00:00:00-04:00,256.6062535871755,257.4151905782351,253.49003955687044,256.560302734375,131798300,0.0,0.0,0.0,237.14195175170897,239.9470184326172,268.6372324625651,0.561330754680597,268.9274675215002,205.35643598191774,49.1942658188057,75.93316271188567,3.5862006416158767
2020-04-17 00:00:00-04:00,262.3330800222529,264.098007563754,259.5937309187142,263.4913330078125,146684800,0.0,0.0,0.0,239.32680435180663,239.51645100911458,267.98207194010416,1.725340197315802,272.08393906732476,206.5696696362885,50.9809901863187,113.97812919734378,1.7019845132100502
2020-04-20 00:00:00-04:00,259.7867982566206,263.6292486240073,258.62857317015494,258.84918212890625,100109300,0.0,0.0,0.0,241.75314178466797,239.08345540364584,267.24375508626304,2.2473373805808876,272.59746854210607,210.90881502722988,49.76832048562828,108.4733519166114,0.9321519594936903
2020-04-21 00:00:00-04:00,254.3817345361201,255.58593877116283,250.0520864620385,250.98973083496097,126385700,0.0,0.0,0.0,244.05538482666014,239.0961151123047,266.41937891642254,2.0037340747264807,269.7805663747105,218.33020327860984,47.77784404908777,67.61319079957102,5.6340824934288785
2020-04-22 00:00:00-04:00,255.87087162422512,258.30685593614993,254.5471616484955,256.560302734375,92951600,0.0,0.0,0.0,245.70772247314454,238.86219889322916,265.76811294555665,2.2344183134009086,270.08752506648926,221.32791987979982,49.265618977674734,90.31774721780904,3.42584843822925
2020-04-23 00:00:00-04:00,257.83803449166567,261.00942882801934,256.2385632888214,256.5419006347656,104709700,0.0,0.0,0.0,247.19183959960938,239.05597229003905,265.0649080912272,2.3882223977108765,270.3223809150272,224.06129828419154,49.26082302430369,95.21360512889366,1.251016101847735
2020-04-24 00:00:00-04:00,258.0587359112116,260.78888491799785,256.0088167943418,260.1178283691406,85063200,0.0,0.0,0.0,248.19243469238282,240.168576558431,264.42541427612304,2.766767155992653,271.759590396657,224.6252789881086,50.23469593027336,92.48921854476228,1.4332888281161598
2020-04-27 00:00:00-04:00,262.09406566675983,264.9896700484018,261.6344450330701,263.8681945800781,77896600,0.0,0.0,0.0,249.73813552856444,240.7600870768229,263.8322817484538,3.330992209581723,273.15177342620814,226.32449763092075,51.249875329787706,104.47424055205249,1.988634884624134
2020-04-28 00:00:00-04:00,267.51761283020494,267.86692903854635,262.3514808302591,262.65484619140625,105270000,0.0,0.0,0.0,250.84490051269532,242.20887756347656,263.30955022176107,3.6382975258662498,274.5150151115751,227.1747859138155,50.90234793335013,100.38861060999157,4.276755794074754
2020-04-29 00:00:00-04:00,267.98647324976343,271.06593788395355,266.9569272587203,269.5307922363281,118745600,0.0,0.0,0.0,252.4747169494629,243.49237925211588,262.86501642862953,4.386110235645674,276.59651012553496,228.3529237733908,52.779489849297285,113.67815167221623,6.779821240876555
2020-04-30 00:00:00-04:00,268.1518891527446,269.6318823292637,265.28386059929,267.021240234375,122901700,0.0,0.0,0.0,254.51221618652343,245.08214619954427,262.30341618855795,4.721827039611696,276.06162667158515,232.96280570146172,52.02844780656482,99.92857874395979,5.290240751020686
2020-05-01 00:00:00-04:00,262.26890256981613,267.18685231401565,258.78496793621554,259.9524230957031,125180000,0.0,0.0,0.0,255.93520736694336,246.4207509358724,261.5661242167155,4.367148786191166,274.65747785706293,237.2129368768238,49.957021886937625,72.40529276355056,0.2986448903733476
2020-05-04 00:00:00-04:00,258.0679028682671,260.97270997271914,256.5879372139992,260.66937255859375,80873200,0.0,0.0,0.0,257.5613494873047,248.09898223876954,260.8237230936686,4.096691436121432,271.03491958589575,244.0877793887137,50.16519581938071,57.236282092440035,2.1157084917490154
2020-05-05 00:00:00-04:00,263.49133703836077,265.8905433416998,260.797938736248,263.0776672363281,79569900,0.0,0.0,0.0,258.5417221069336,250.0367421468099,260.14857050577797,4.030223384733688,270.4620564338141,246.62138778005314,50.87530867099553,74.73551082485722,2.0192464301194826
2020-05-06 00:00:00-04:00,264.7783363053678,265.1644020355753,260.86235843797067,261.2944030761719,73632600,0.0,0.0,0.0,259.42052001953124,251.29610392252604,259.4059242248535,3.7899641136369837,269.12510653585997,249.7159335032025,50.32600014088547,67.64030455336676,2.019246430112084
2020-05-07 00:00:00-04:00,264.5117718579719,266.37783119413643,263.9418465513149,264.4474182128906,75250400,0.0,0.0,0.0,260.0479049682617,252.54903259277344,258.7069933573405,3.8100588937566613,269.3179503434826,250.77785959304083,51.288008405986055,80.43459746521155,3.0557892195041623
2020-05-08 00:00:00-04:00,267.5819556045888,269.29175906737254,266.45127866866704,268.82293701171875,76452400,0.0,0.0,0.0,260.702400970459,253.50626627604166,258.0480883280436,4.131427427446283,270.5218328282624,250.8829691126556,52.60566683317851,97.54025961900734,5.538292766981031
2020-05-11 00:00:00-04:00,266.8926085627232,270.2570362580128,266.4697652724054,268.878173828125,79514200,0.0,0.0,0.0,261.4764038085938,254.703732808431,257.39558690389,4.340536452842969,271.311999636571,251.64080798061653,52.62240324399822,97.27828845479326,6.360016499040053
2020-05-12 00:00:00-04:00,270.0639458677684,270.47758767684087,263.3810427599695,263.5189514160156,95870800,0.0,0.0,0.0,261.60877380371096,255.4703796386719,256.6455411275228,4.027387189690955,271.48128437068755,251.7362632367344,50.821141906017075,75.93339682676036,3.3830797229138088
2020-05-13 00:00:00-04:00,262.9581454558485,263.99689253994427,256.4315270763484,258.85833740234375,144721100,0.0,0.0,0.0,261.7852668762207,256.20117543538413,255.831068166097,3.364359302202729,271.3049470063213,252.2655867461201,49.302892699931654,27.902215562633955,2.940023884421839
2020-05-14 00:00:00-04:00,256.42244422191715,262.08494754129237,250.94374432958452,261.9562683105469,121977900,0.0,0.0,0.0,262.0550651550293,257.3906758626302,255.04370651245117,3.053681123175977,271.2516164586924,252.85851385136618,50.32336831713697,9.759614686204488,7.558649314508518
2020-05-15 00:00:00-04:00,259.5662237134552,263.2064122806066,258.6194060692483,263.16046142578125,111146300,0.0,0.0,0.0,262.03852157592775,258.4462712605794,254.29758580525717,2.871533497824146,271.2253794913882,252.8516636604673,50.72222621959101,36.63710632849601,6.487419050931159
2020-05-18 00:00:00-04:00,269.383615942956,272.78481952214645,269.0619039731258,271.1761474609375,119703800,0.0,0.0,0.0,262.6548698425293,259.8805918375651,253.73791325887044,3.3355291617025387,272.56625425053846,252.74348543452015,53.30397391512017,143.4662066034889,2.1252742691248483
2020-05-19 00:00:00-04:00,270.5787601052246,272.28853594964113,268.3725859611599,268.3909606933594,95189300,0.0,0.0,0.0,263.5249313354492,260.71128336588544,253.30027592976887,3.4388666586471572,272.08808310825685,254.9617795626415,52.318700980657354,122.98085324372907,1.5140278501253992
2020-05-20 00:00:00-04:00,271.930064197411,273.8144983071531,271.7002537911972,272.9504089355469,85861700,0.0,0.0,0.0,264.3444366455078,261.68568216959636,253.087437693278,3.84435639028942,273.2321306419033,255.45674264911233,53.76593986417264,158.48053653303916,2.8456856392327228
2020-05-21 00:00:00-04:00,272.8216110398165,273.63054780635014,269.9719576315334,271.06585693359375,78293900,0.0,0.0,0.0,265.07063446044924,262.3245534261068,252.8607058207194,3.967902813610692,273.6418028250256,256.4994660958729,53.077099765393,132.66526970664557,1.2417915734738685
2020-05-22 00:00:00-04:00,270.781013781808,271.7554076657255,269.5400319702441,271.58074951171875,63958200,0.0,0.0,0.0,265.64378051757814,262.8528111775716,252.85563837687175,4.060554230552043,274.35239434929935,256.9351666858569,53.24640017019768,114.34672189794055,0.8352396349769411
2020-05-26 00:00:00-04:00,277.5466019109484,277.7856136973342,271.59910780063615,274.9267578125,88951400,0.0,0.0,0.0,266.1967086791992,263.5704325358073,252.9253781636556,4.353788290832767,275.78997557932564,256.6034417790728,54.35356841330084,154.9970813322325,6.271192788154622
2020-05-27 00:00:00-04:00,277.72126102832135,279.05417253749494,272.8952427443175,279.01739501953125,104817400,0.0,0.0,0.0,267.0148361206055,264.1752939860026,252.86787999471028,4.86023289257281,278.02282092378266,256.0068513174283,55.68089191410118,166.21941637990332,7.376143535506594
2020-05-28 00:00:00-04:00,280.0469129571108,282.0600540546706,277.8315376106127,278.5025939941406,90405200,0.0,0.0,0.0,267.4634262084961,264.94776458740233,252.93659693400065,5.160565955812899,279.57865020428636,255.3482022127059,55.470897934688914,177.98133192995405,9.97753219488786
2020-05-29 00:00:00-04:00,278.03378746198035,280.3318913047763,275.2852642429645,279.74359130859375,119090800,0.0,0.0,0.0,268.099543762207,265.72054087320964,252.83377965291342,5.436056706161821,281.3954680671327,254.80361945728134,55.88578880048061,150.887797607408,7.335831948588025
2020-06-01 00:00:00-04:00,279.1001076480142,281.4809398340968,278.5853346376734,280.8742370605469,55758300,0.0,0.0,0.0,269.14563446044923,266.29997100830076,252.9082110087077,5.68014163657773,283.0221099235001,255.26915899739836,56.26980567941323,154.57820249062516,8.363387227041098
2020-06-02 00:00:00-04:00,281.7934518574034,283.2458690404746,280.46056860288843,283.19989013671875,74267200,0.0,0.0,0.0,270.2721603393555,267.11166127522785,253.09755833943686,5.992167492563112,284.88965230676666,255.65466837194433,57.06509281198195,159.68764307101654,9.950065735430492
2020-06-03 00:00:00-04:00,285.18538925798526,287.92473821324734,284.9096281111202,286.9687194824219,92567600,0.0,0.0,0.0,271.46671295166016,268.3109608968099,253.7035380045573,6.468992740726719,287.44968301073743,255.48374289258288,58.3353597204887,188.54500134559757,14.032247633705444
2020-06-04 00:00:00-04:00,285.98515548879453,287.7225350605196,284.1190967189892,286.2149658203125,75794400,0.0,0.0,0.0,272.7127410888672,269.29944966634116,254.08082427978516,6.708724563356441,289.23319844630583,256.1922837314285,57.98045457880997,166.11503380261874,13.135829581991269
2020-06-05 00:00:00-04:00,291.61095127500704,295.32466622909004,291.54659764607965,293.550537109375,150524700,0.0,0.0,0.0,274.1678970336914,270.53307088216144,254.79452158610027,7.405269717383476,292.6351926379583,255.70060142942452,60.40562186372563,210.63107143121258,19.4361497188281
2020-06-08 00:00:00-04:00,294.3594363562118,297.29181820946184,293.81708738109575,297.0987854003906,73641200,0.0,0.0,0.0,275.581689453125,271.76576944986977,255.9671730041504,8.149656585293258,296.4936635928004,254.6697153134497,61.51700184116965,204.8222392352826,20.970543220796475
2020-06-09 00:00:00-04:00,294.43309742484524,297.1724477167715,293.56900800568155,294.883544921875,77479200,0.0,0.0,0.0,276.8819580078125,272.79961446126305,256.779850769043,8.463277750351835,299.22397027643404,254.53994573919096,60.421654673808156,172.9577822504268,20.670713679352463
2020-06-10 00:00:00-04:00,295.462583123064,296.3542484031599,292.5209994219378,293.2380065917969,95000800,0.0,0.0,0.0,278.36791076660154,273.819053141276,258.0139653523763,8.481276713735099,300.91995794213517,255.81586359106794,59.60609141212001,145.90707564663822,19.3776637297398
2020-06-11 00:00:00-04:00,286.3069674196292,286.941246338049,275.78166842632197,276.33319091796875,209243600,0.0,0.0,0.0,279.2416534423828,274.0457997639974,258.76908950805665,7.050193435126232,299.8843458301354,258.59896105463025,52.12843629649369,40.09826955530545,1.4205723909354548
2020-06-12 00:00:00-04:00,283.3469055073033,284.11906476800726,274.4854347080679,279.6423645019531,194678900,0.0,0.0,0.0,280.12595825195314,274.46650390625,259.77432505289715,6.11260991658952,299.0985683606326,261.15334814327366,53.314449799733914,35.38909166562019,0.21302121287066322
2020-06-15 00:00:00-04:00,273.9522736793171,283.38369810345534,272.7756459737203,282.2530212402344,135782700,0.0,0.0,0.0,281.0805862426758,275.20985717773436,260.81530405680337,5.516634080144854,298.2991790727638,263.86199341258776,54.23968992545564,32.43459516729236,1.3890689060106562
2020-06-16 00:00:00-04:00,290.0023281440216,290.149410155266,282.82305403498947,287.6858215332031,137627500,0.0,0.0,0.0,281.90606994628905,276.11040547688805,262.10469385782875,5.420219598265248,298.7032029675934,265.1089369249847,56.112153897105216,80.90191062339807,4.838497844668077
2020-06-17 00:00:00-04:00,288.70622038220927,289.0003844313553,285.7554346036974,286.4908447265625,83398900,0.0,0.0,0.0,282.8110641479492,276.8908447265625,263.4637934366862,5.187586517080376,298.4528715600677,267.1692567358307,55.59452852572222,77.37557330498251,4.838497844653331
2020-06-18 00:00:00-04:00,284.97405743157583,287.0791002022098,284.5144366960276,286.6011047363281,80828700,0.0,0.0,0.0,283.4935989379883,277.7344014485677,264.5152526855469,4.955002006764914,298.5022208282359,268.48497704774064,55.63359414115594,65.61381834167138,3.589541609761954
2020-06-19 00:00:00-04:00,290.06900074453034,290.26288306599963,283.0150766905862,284.9632263183594,135549600,1.366,0.0,0.0,284.18846740722654,278.41826171875,265.48364715576173,4.585653448169694,298.0147060933702,270.3622287210829,54.891514884324806,61.94847902281926,6.544338907335455
2020-06-22 00:00:00-04:00,284.3630116638021,287.1882662143913,283.21814537378975,286.791259765625,74649400,0.0,0.0,0.0,284.94899291992186,279.0172058105469,266.26173604329426,4.389845667876443,297.46664494793544,272.4313408919083,55.575678092604136,55.7662693167643,6.544338907309584
2020-06-23 00:00:00-04:00,289.4411072237713,290.3736357062622,287.70532390749855,288.111572265625,68471200,0.0,0.0,0.0,285.6082336425781,279.6583190917969,267.1810259501139,4.291732356616706,297.2624617288256,273.9540055563306,56.073465911703494,75.76833000555158,9.513608982737322
2020-06-24 00:00:00-04:00,286.07107366384247,286.6896879902903,278.92484547295174,280.7621765136719,132813500,0.0,0.0,0.0,285.69547271728516,280.23309326171875,267.8517364501953,3.579677738162104,297.1666522205198,274.22429321405053,52.67468213103063,18.05215754452035,0.4159738894503868
2020-06-25 00:00:00-04:00,280.1897990735888,284.03991677797876,278.1677990684482,283.77215576171875,89468000,0.0,0.0,0.0,285.9589508056641,281.0635538736979,268.632364654541,3.221118444480169,296.96723511103954,274.9506665002886,53.85958501574545,11.476879152417338,0.32258438603806655
2020-06-26 00:00:00-04:00,282.67336854921115,282.8857345654477,276.45042720889734,277.0320739746094,127961000,0.0,0.0,0.0,285.82337493896483,281.5660807291667,269.47837829589844,2.3658176764473637,297.21410853087843,274.43264134705123,50.907069192993404,-27.50148612450427,2.0138497590510527
2020-06-29 00:00:00-04:00,278.2878382488589,281.24233868339707,275.9980771665016,281.1038513183594,79773300,0.0,0.0,0.0,285.8348556518555,282.16419372558596,270.30523249308266,1.9935634989835194,297.2050304614152,274.46468084229576,52.533221068756106,-29.521634310499916,2.46478066562058
2020-06-30 00:00:00-04:00,280.6699229107989,286.4035537681701,280.5129799461542,284.7046813964844,113394800,0.0,0.0,0.0,285.91009521484375,282.6151448567708,271.247868347168,1.9664383975277246,297.2266428374,274.5935475922875,53.929296397712456,16.76080862015085,2.8141841998811175
2020-07-01 00:00:00-04:00,285.8218083059018,287.9638397462947,285.3601650563241,286.69891357421875,72396500,0.0,0.0,0.0,285.89660491943357,283.22540995279945,271.96834665934244,2.08186103139127,297.2084812796536,274.58472855921354,54.692750853111534,45.46030054953049,4.355213734573713
2020-07-02 00:00:00-04:00,290.1335885242947,291.4816073233506,287.61303399713563,288.2778015136719,69344200,0.0,0.0,0.0,285.99974670410154,283.736323038737,272.71100260416665,2.2745181325069552,297.3613540426654,274.63813936553765,55.29944533614107,71.11724611833088,7.766233338809298
2020-07-06 00:00:00-04:00,292.10022962286325,293.3097330320879,291.3523695965938,292.7280578613281,61713800,0.0,0.0,0.0,285.95862274169923,284.45839640299477,273.39147491455077,2.7545460755586646,297.21057918377284,274.7066662996256,56.97917005506735,107.58259509343696,9.50134414471562
2020-07-07 00:00:00-04:00,291.18606512343126,293.16188333905677,289.33025046983744,289.70880126953125,82910000,0.0,0.0,0.0,285.58912353515626,285.0626647949219,273.95773798624674,2.8583931281702917,295.7313853983629,275.44686167194965,55.51505821574534,80.51679655320505,7.193899571237368
2020-07-08 00:00:00-04:00,290.4751465955823,292.0355030043778,288.7116942101427,291.9247131347656,54638600,0.0,0.0,0.0,285.4411819458008,285.62926330566404,274.59984792073567,3.083948396495316,295.08676126558163,275.79560262601996,56.366305686924086,78.71075803096292,6.483845730235985
2020-07-09 00:00:00-04:00,292.53412506328704,292.7741885974815,286.84667618527334,290.2628479003906,83354200,0.0,0.0,0.0,285.2924240112305,286.004111735026,275.0897028605143,3.092950329945154,294.5141616203303,276.07068640213066,55.5417332508646,61.72489275974326,4.3283331416765645
2020-07-10 00:00:00-04:00,290.1983046511143,293.4944456619875,288.7672212199689,293.2266845703125,57550400,0.0,0.0,0.0,286.13709869384763,286.4949147542318,275.72133967081703,3.30118724486465,294.99096776345834,277.2832296242369,56.71009569468206,84.796382682582,5.095835741054258
2020-07-13 00:00:00-04:00,295.57166213694535,297.95372850943266,290.031944066873,290.6874694824219,102997500,0.0,0.0,0.0,286.6893539428711,286.8597106933594,276.2901257832845,3.2241569889172297,295.20907500356657,278.1696328821756,55.41930851408961,94.89879850671431,9.733749488491673
2020-07-14 00:00:00-04:00,289.2657251994357,295.23017784397115,288.06546370459,294.4546203613281,93657000,0.0,0.0,0.0,287.29943389892577,287.31239013671876,276.8061805725098,3.4275765794247945,296.2196201923288,278.3792476055227,56.92406343948996,83.60899382728503,7.340710821159375
2020-07-15 00:00:00-04:00,297.67691997939255,298.25859520955737,294.77778571364365,297.1598815917969,87196500,0.0,0.0,0.0,287.7731369018555,287.77772318522136,277.44469223022463,3.7636945153935244,297.72615738249425,277.8201164212167,57.977764876502526,134.80580611014202,10.451822627393524
2020-07-16 00:00:00-04:00,295.2578960538468,296.6335843805212,294.6115840180191,296.1811828613281,54622500,0.0,0.0,0.0,288.2576538085938,288.0848052978516,278.1978830973307,3.906070839828601,298.86949684752227,277.6458107696653,57.45180862443462,110.66646180164169,10.241679372655309
2020-07-17 00:00:00-04:00,297.1875852389075,297.8246554397892,295.21173779235187,297.03985595703125,62774900,0.0,0.0,0.0,288.7795913696289,288.4456349690755,278.87254231770834,4.04160375304798,300.0545081380311,277.5046746012267,57.79927291198786,113.31736000649646,11.490097053853798
2020-07-20 00:00:00-04:00,296.7720261466081,300.18819807974637,296.02416620162734,299.4403381347656,56308800,0.0,0.0,0.0,289.5034469604492,288.6419616699219,279.58751627604164,4.293223801765123,301.57730165994883,277.42959226094956,58.77292868238836,132.02328048432568,13.947067285278736
2020-07-21 00:00:00-04:00,301.4069275614781,301.8500871049481,299.0894691350206,300.077392578125,57292200,0.0,0.0,0.0,290.1677536010742,288.7412485758463,280.25350901285805,4.492255547076297,303.04835218954486,277.28715501260353,59.03242255769633,149.75840415339542,15.650220876994164
2020-07-22 00:00:00-04:00,299.7173083426101,302.09940368262994,299.6065184526506,301.78546142578125,57792900,0.0,0.0,0.0,290.85144805908203,288.9713124593099,280.8854634602865,4.7332545086336495,304.68859209179755,277.0143040263665,59.735366125495574,152.11235540961394,15.908513831814444
2020-07-23 00:00:00-04:00,301.42543801668506,302.12714499020143,296.81824597309316,298.1846923828125,75738000,0.0,0.0,0.0,291.7225738525391,289.1362019856771,281.4776275634766,4.580890301199474,305.0703274991391,278.37482020593905,57.58074645866198,120.11327515951105,11.94270548790452
2020-07-24 00:00:00-04:00,296.328858018481,297.2890558358542,294.75925946179956,296.26422119140625,73766600,0.0,0.0,0.0,292.34717712402346,289.8005696614583,281.92318471272785,4.2561127752491075,305.29148563147083,279.4028686165761,56.457191940041284,79.46934248165755,9.091369953449139
2020-07-27 00:00:00-04:00,296.95669073754914,298.60013985296814,296.16264956413676,298.4247131347656,48293000,0.0,0.0,0.0,293.41680908203125,290.42664794921876,282.4465759277344,4.1255016746130195,304.42291879167834,282.41069937238416,57.42402082303539,93.3985324472108,10.591509189350296
2020-07-28 00:00:00-04:00,297.6952737904054,298.81247079634437,296.2364934476947,296.5319519042969,57495000,0.0,0.0,0.0,294.18821411132814,290.9026123046875,283.0562347412109,3.825167276246873,303.60915957173063,284.76726865092564,56.291253940887984,81.88719793844201,10.838006536482759
2020-07-29 00:00:00-04:00,297.40906485580297,300.74214401894255,297.37212550366144,300.1789245605469,48454200,0.0,0.0,0.0,294.96192626953126,291.3190490722656,283.71472727457683,3.8371974919714376,303.61380312530235,286.31004941376017,57.94483767203707,102.14808768650214,13.090656400023425
2020-07-30 00:00:00-04:00,297.2059117473767,299.5233698245188,295.1193034662908,299.1078796386719,61861700,0.0,0.0,0.0,295.5823745727539,291.7396169026693,284.31523081461586,3.7174546473671057,303.48671782856553,287.6780313169423,57.286410282387116,77.97579286336602,9.742130346611724
2020-07-31 00:00:00-04:00,300.89906346264803,301.5730727483719,296.679637412853,301.47149658203125,84986800,0.0,0.0,0.0,296.2420593261719,292.23529663085935,284.98484903971354,3.769825512205898,303.7729758418482,288.7111428104956,58.366424597067414,95.91239415442121,12.189286897563125
2020-08-03 00:00:00-04:00,303.13349796893095,304.33375941571626,302.5887621937607,303.56744384765625,53077900,0.0,0.0,0.0,296.7840286254883,292.8554372151693,285.63684946695963,3.9350939145401185,304.7949853277157,288.7730719232609,59.31021455836845,129.7036957740418,15.385749590166869
2020-08-04 00:00:00-04:00,302.7087786426871,304.7400207519531,302.7087786426871,304.7400207519531,41917900,0.0,0.0,0.0,297.53558959960935,293.4537292480469,286.2354675292969,4.113272228796745,305.5720246592879,289.4991545399308,59.83712964003727,126.15839000482381,15.852062290885579
2020-08-05 00:00:00-04:00,306.0417407568155,306.89117663308355,305.77397981436104,306.63262939453125,42697700,0.0,0.0,0.0,298.27098541259767,294.0710978190104,286.8647084554037,4.356973053576155,306.8209429811781,289.7210278440172,60.687156074352416,140.66045548554413,18.31782165172922
2020-08-06 00:00:00-04:00,306.0510592360944,308.8024353334043,305.7279032834886,308.6824035644531,43679400,0.0,0.0,0.0,299.1919631958008,295.00177205403645,287.6174326578776,4.661769382231,308.0717070101686,290.31221938143295,61.597766516308255,146.62428748867308,20.460038545740368
2020-08-07 00:00:00-04:00,307.71294414525704,309.19020827921787,306.8081131712944,308.90399169921875,57308300,0.0,0.0,0.0,299.97582855224607,295.83949991861977,288.45152689615884,4.865120893982009,309.39011600464215,290.56154109985,61.696985519835,146.61981795631792,20.89546897544648
2020-08-10 00:00:00-04:00,309.356415827872,310.0119414454086,307.4175082706169,309.8273010253906,44282100,0.0,0.0,0.0,300.93282012939454,296.93267415364585,289.24937744140624,5.042653211042989,310.2624342944535,291.6032059643356,62.11886205570487,151.8185779589908,21.83352866528194
2020-08-11 00:00:00-04:00,311.0090413238048,311.6461112181924,306.5403383587364,307.26971435546875,69601100,0.0,0.0,0.0,301.5735748291016,297.80486958821615,289.984531656901,4.920255340928406,310.7894181862394,292.35773147196375,60.21827773890061,138.84208503446493,23.695064317708248
2020-08-12 00:00:00-04:00,309.7071991317451,312.3293291846631,309.67950166619,311.55377197265625,53774400,0.0,0.0,0.0,302.2932693481445,298.69983927408856,290.65749206542966,5.110036473794537,312.27420216750807,292.312336528781,62.22118211143434,160.88661754120102,24.4729907018146
2020-08-13 00:00:00-04:00,310.7874764150394,312.30167990291056,310.06731402303166,310.9906005859375,41816100,0.0,0.0,0.0,303.033740234375,299.5095621744792,291.3674860636393,5.1555660088797595,313.29875872086143,292.76872174788855,61.798065526063276,147.26047959217095,24.472990701730183
2020-08-14 00:00:00-04:00,310.60277998885937,311.53530826567635,309.8733758463055,310.9997863769531,47260400,0.0,0.0,0.0,303.7317367553711,300.2669616699219,292.0016423543294,5.133217177715494,314.17756323051236,293.28591028022987,61.802448375523944,131.09072563859525,24.08869226124964
2020-08-17 00:00:00-04:00,312.0154294004109,312.38473835012826,311.00905053743276,311.98773193359375,35481000,0.0,0.0,0.0,304.3591064453125,300.90895080566406,292.68367360432944,5.136019680008701,315.2186996407696,293.49951324985534,62.283883613240114,129.45609851763277,25.135951959709107
2020-08-18 00:00:00-04:00,312.38480129876183,313.0865081681524,310.7875052531915,312.66180419921875,38733900,0.0,0.0,0.0,304.9883270263672,301.67405090332034,293.3683578491211,5.1334573804305705,316.2540596637546,293.72259438897976,62.616450940735234,122.19505565072558,26.008362414419786
2020-08-19 00:00:00-04:00,313.04028437426666,313.557322573065,310.79670488557355,311.35992431640625,68054200,0.0,0.0,0.0,305.46705017089846,302.32189127604164,293.97557729085287,4.969095276087387,316.9709155470052,293.96318479479174,61.532413511877984,109.40889298872155,26.601984683065847
2020-08-20 00:00:00-04:00,309.6334275776199,312.80953621709097,309.5041820857971,312.3294372558594,42207800,0.0,0.0,0.0,306.1742874145508,303.0574442545573,294.53077799479166,4.8610337447653365,317.5313236706764,294.8172511584252,62.038707499644296,98.08680527323138,23.781682431886438
2020-08-21 00:00:00-04:00,311.9970225596553,313.658927181265,311.6553828469121,313.4373474121094,55106600,0.0,0.0,0.0,307.03294372558594,303.73113301595055,295.11302388509114,4.809354053262155,317.8175585883425,296.2483288628294,62.62029872862423,105.93253553183354,24.91873205618119
2020-08-24 00:00:00-04:00,315.87475725095965,316.68725383901455,313.40959819669,316.6134033203125,48588700,0.0,0.0,0.0,307.94237823486327,304.5953308105469,295.72752075195314,4.967417398143255,318.7381352850697,297.14662118465685,64.24481025280569,125.9137819184704,28.834422735466486
2020-08-25 00:00:00-04:00,317.17663880879144,317.8044669230327,316.0132886974553,317.72137451171875,38463400,0.0,0.0,0.0,309.00184936523436,305.3708892822266,296.34163970947264,5.123032622100823,319.22654718837794,298.7771515420908,64.79692726569586,133.6379562600157,30.223236935264694
2020-08-26 00:00:00-04:00,318.3122748541858,321.1744405717904,317.7675391796588,320.9067077636719,50790200,0.0,0.0,0.0,310.0382385253906,306.1624501546224,296.9700866699219,5.440671901743542,320.69050013878814,299.3859769119931,66.34261607604964,151.3190978146213,34.228453241789744
2020-08-27 00:00:00-04:00,321.7747030342196,323.0580570797185,319.9465849622059,321.6084899902344,58034100,0.0,0.0,0.0,311.16326904296875,307.01002705891926,297.5474161783854,5.683515253990095,321.7071105309642,300.6194275549733,66.6760947968815,156.8074642748612,36.34127251416209
2020-08-28 00:00:00-04:00,322.63331982174736,323.8151257187456,321.4422720409016,323.68585205078125,48588900,0.0,0.0,0.0,312.27398681640625,307.8982269287109,298.17193094889325,5.97472322705886,323.1926388500139,301.3553347827986,67.65738176713191,160.34958438046448,37.180319044570226
2020-08-31 00:00:00-04:00,323.473470596124,324.3505759728523,322.28242297558756,322.51324462890625,66099200,0.0,0.0,0.0,313.2212768554688,308.667323811849,298.65464274088544,6.04124827513067,324.24633837642665,302.1962153345109,66.51367475424732,150.29511516238213,37.78033512553447
2020-09-01 00:00:00-04:00,323.34426484408283,325.6524818619685,322.44867551408413,325.5509338378906,54908700,0.0,0.0,0.0,314.26182250976564,309.5164418538412,299.12884521484375,6.2668456910018335,325.8313463898529,302.69229862967836,67.96491538460626,152.39341193188147,39.24005084448898
2020-09-02 00:00:00-04:00,327.46205589368293,331.2290526523332,326.31716140186785,330.2596130371094,69540000,0.0,0.0,0.0,315.4431716918945,310.4655802408854,299.7184463500977,6.74779989094111,328.4663812544328,302.41996212935624,70.04652001395901,180.62360246805642,44.96164378347906
2020-09-03 00:00:00-04:00,328.5700392045548,329.0409244463154,316.3087927397801,318.8940124511719,148011100,0.0,0.0,0.0,315.9537521362305,311.1558909098307,300.1460464477539,6.141060258500318,328.65771263092915,303.24979164153183,60.267950332521494,100.91803786181464,23.389339980241363
2020-09-04 00:00:00-04:00,319.5771810982591,321.14675134230083,309.18096542994215,316.290283203125,139156300,0.0,0.0,0.0,316.3230667114258,311.82342631022135,300.81199798583987,5.388005959638406,328.58590465910385,304.0602287637477,58.33791025391663,40.94457350266203,11.19784598492822
2020-09-08 00:00:00-04:00,310.8798493187982,316.3549607309717,307.3436737413122,307.6483459472656,114465300,0.0,0.0,0.0,316.21411895751953,312.13088073730466,301.27876434326174,4.047219067360231,328.75550384074734,303.6727340742917,52.55876510215294,-15.542071445847874,8.343373634487731
2020-09-09 00:00:00-04:00,311.65539056693245,316.1887312996784,310.78749888094603,313.72357177734375,91462300,0.0,0.0,0.0,316.5368118286133,312.7039347330729,301.8032735188802,3.435256251395117,328.424248168932,304.64937548829454,55.74686109714247,12.713923417825272,8.34337363438475
2020-09-10 00:00:00-04:00,315.59780899777945,316.25333454581227,307.3159276821659,308.2761535644531,90569500,0.0,0.0,0.0,316.3729309082031,312.9738423665365,302.146445719401,2.4820981050791033,328.6341112211734,304.1117505952328,52.4758186767759,-26.32103855567095,2.997126219580407
2020-09-11 00:00:00-04:00,310.05812950649084,311.11990351849477,305.6078810919823,308.4331359863281,84680200,0.0,0.0,0.0,316.2450576782227,313.28468424479166,302.5121505737305,1.7195585756069818,328.792587610139,303.6975277463064,52.558804698124625,-59.92952015992207,0.47366952918680827
2020-09-14 00:00:00-04:00,311.6000466817608,314.26835900337574,308.58090905163016,312.4956359863281,65605700,0.0,0.0,0.0,316.3198501586914,313.65215555826825,302.94372609456383,1.426605285272899,328.7530470106733,303.8866533067095,54.67750586840794,-23.62303484479897,4.915886932841404
2020-09-15 00:00:00-04:00,314.9515377853473,315.78249013570075,312.504833796234,314.0744323730469,52920900,0.0,0.0,0.0,316.42418518066404,314.0023885091146,303.42891286214194,1.306769737823231,328.7387701200575,304.1096002412706,55.476890108894416,2.82147653873551,6.981366770161127
2020-09-16 00:00:00-04:00,315.3116771386732,316.74276037655795,312.55103050748136,312.8280334472656,82096000,0.0,0.0,0.0,316.43249664306643,314.27198893229166,303.86285909016925,1.0985616910373892,328.7366095679318,304.12838371820106,54.68912461874763,-3.0524334755741847,8.28841150972764
2020-09-17 00:00:00-04:00,307.9715369017324,311.79395770580686,307.4452566733784,310.0766296386719,91523300,0.0,0.0,0.0,316.3683319091797,314.3867889404297,304.2289433797201,0.7034313028012207,328.7965840090832,303.9400798092762,52.97142574396974,-68.05988719813958,0.5194667125887323
2020-09-18 00:00:00-04:00,310.8821336756627,310.99336705552685,304.02246845450276,306.50677490234375,105877900,1.339,0.0,0.0,316.0771987915039,314.31426798502605,304.65802001953125,0.10106516435871526,329.15940330123385,302.994994281774,50.82866240510426,-106.01191937210552,4.244675289479718
2020-09-21 00:00:00-04:00,301.9182318320632,303.2438101066205,298.2381099284634,303.0954895019531,99450800,0.0,0.0,0.0,315.5601058959961,314.1206512451172,304.9800755818685,-0.6441511887468891,329.8440137719006,301.2761980200916,48.87430534977946,-180.1792157022894,11.571646615316345
2020-09-22 00:00:00-04:00,304.57868073084774,306.7385377490843,302.06653750783966,306.1823425292969,63612100,0.0,0.0,0.0,315.03855285644534,313.9991526285807,305.4659133911133,-0.9744247146256271,329.9101809046609,300.1669248082298,50.65053388180963,-125.76338050752403,6.479409913121214
2020-09-23 00:00:00-04:00,306.7385217044883,307.0166334444668,298.5810865385112,299.0816650390625,93112200,0.0,0.0,0.0,314.1065673828125,313.72621765136716,305.7655436197917,-1.7885172801091471,330.52599151620115,297.68714324942385,46.7828301167968,-164.25950160238085,10.685195159194771
2020-09-24 00:00:00-04:00,297.76532620085055,302.93787621508653,296.4489985751981,299.87884521484375,76681300,0.0,0.0,0.0,313.05517425537107,313.33705342610676,306.01844635009763,-2.342364406791887,330.31276261444475,295.7975858962974,47.25063672989302,-172.35969186430225,13.15661204714115
2020-09-25 00:00:00-04:00,299.02605426843746,305.5149328939257,298.15471659342495,304.7270202636719,71069400,0.0,0.0,0.0,312.21110076904296,313.1282674153646,306.31891479492185,-2.3628476000779415,329.3582375790248,295.06396395906114,50.015025473968784,-124.62161654019584,9.372425742730286
2020-09-28 00:00:00-04:00,308.8891253586317,310.5020659374077,307.8972472441894,309.7882995605469,64584600,0.0,0.0,0.0,311.51622314453124,313.0878845214844,306.67742309570315,-1.948219871989238,327.81060951506606,295.2218367739964,52.69245223080189,-43.85001251896441,2.5095351078781047
2020-09-29 00:00:00-04:00,309.58440474277614,310.3259795662108,307.4059898011958,308.1012268066406,51304000,0.0,0.0,0.0,310.79562225341795,312.9583343505859,306.933642578125,-1.7357484543169335,326.29774967779565,295.29349482904024,51.73685493203499,-51.15991407500563,3.128940142653911
2020-09-30 00:00:00-04:00,308.76860928712824,313.58892978637374,308.5739508757094,310.43719482421875,104081100,0.0,0.0,0.0,310.03993530273436,312.8841807047526,307.27911580403645,-1.3631566076806507,323.9000543852049,296.17981622026383,52.9588261890515,-23.806218707590222,1.1848659126634769
2020-10-01 00:00:00-04:00,313.03270872151455,314.0060289873834,310.5484025217798,312.43017578125,88698700,0.0,0.0,0.0,309.1484634399414,312.91985575358075,307.6208735148112,-0.8967211345963619,319.34105331666177,298.955873563221,53.987043760749934,-6.827217466888636,1.7284416588021896
2020-10-02 00:00:00-04:00,307.4801391377748,312.4024144710618,307.0073689601297,309.4638671875,89431100,0.0,0.0,0.0,308.6769561767578,312.8243367513021,307.9408905029297,-0.7576897983810795,317.7862295533528,299.5676828001628,52.22929236712744,-37.49603072021836,2.9597201078554574
2020-10-05 00:00:00-04:00,311.52166182686176,315.1368870502554,311.47532402870127,314.9515075683594,45713100,0.0,0.0,0.0,308.61001739501955,312.8748087565104,308.30297088623047,-0.20236698551275367,317.5007840143926,299.7192507756465,55.03130906660365,11.336946551577428,0.6961687789974151
2020-10-06 00:00:00-04:00,315.0906571878008,317.1856469045774,309.9644445702148,310.4742736816406,90128900,0.0,0.0,0.0,308.7513137817383,312.670171101888,308.6327509562174,-0.12213709191524913,317.66751510625267,299.83511245722394,52.435448122368776,-2.742086248980121,3.3559236556776693
2020-10-07 00:00:00-04:00,313.43129285943087,316.68501022213155,313.403484518265,315.8785400390625,56999600,0.0,0.0,0.0,308.8590621948242,312.60874328613284,308.9898162841797,0.3732225294943987,318.075299341345,299.64282504830345,55.08120479587457,31.094014385849132,3.3559236556494816
2020-10-08 00:00:00-04:00,317.81598305879504,318.7429656383515,316.89825106833507,318.6780700683594,45242500,0.0,0.0,0.0,309.37915802001953,312.5344553629557,309.34845275878905,0.9803958816026466,319.57847191563144,299.1798441244076,56.381403763608695,65.8159171598977,6.060597027900385
2020-10-09 00:00:00-04:00,320.32804947834086,321.9873559657683,319.706987085962,321.52386474609375,59528600,0.0,0.0,0.0,310.0336944580078,312.53163452148436,309.77083079020184,1.6719438567591283,321.56994490716386,298.49744400885174,57.6698699038724,102.11483589276453,10.160985083345087
2020-10-12 00:00:00-04:00,324.06378442537806,328.17030980233085,323.5724848688719,326.6964111328125,80388500,0.0,0.0,0.0,310.74373321533204,312.6319864908854,310.2651067097982,2.6073262401469037,324.46007747034605,297.02738896031804,59.897275431058816,158.79746487657178,17.279304984349647
2020-10-13 00:00:00-04:00,326.55746024664927,326.73358922053734,323.600383208339,324.564453125,73255500,0.0,0.0,0.0,311.2682342529297,312.7003601074219,310.6838419596354,3.140391842005272,326.26348043895916,296.2729880669002,58.58290404646343,142.22849226130435,17.27930498427788
2020-10-14 00:00:00-04:00,325.13912193436175,326.23295452878085,321.7927285846741,322.5250244140625,57727900,0.0,0.0,0.0,311.75308380126955,312.59949645996096,311.05796915690104,3.3595584210274865,327.5654937069359,295.9406738956032,57.3378012687149,126.54913442316298,14.442268350992707
2020-10-15 00:00:00-04:00,318.61313237555913,322.60842450210197,318.07549499777156,322.12640380859375,60357700,0.0,0.0,0.0,312.35557250976564,312.32838948567706,311.39698486328126,3.4611857674487396,328.8044654490337,295.90667957049754,57.092450478182535,105.22621171158367,8.841277740871327
2020-10-16 00:00:00-04:00,323.47971564664743,325.13902178286656,321.75554225324044,321.9316711425781,89501900,0.0,0.0,0.0,313.12681732177737,312.4296447753906,311.79276784261066,3.4858303900915644,329.8649599294003,296.38867471415443,56.96925655081606,128.2753849394236,11.878568521795904
2020-10-19 00:00:00-04:00,323.1924104328647,323.8227516799886,316.1380878968359,317.0372619628906,68425600,0.0,0.0,0.0,313.8239059448242,312.4545440673828,312.1389851888021,3.07497709275583,329.9531936164524,297.69461827319606,53.94283708170964,76.36737295083027,3.9269404719689964
2020-10-20 00:00:00-04:00,318.38139712826285,321.55168968171705,317.6212929886074,318.3072509765625,60051900,0.0,0.0,0.0,314.4301513671875,312.8098409016927,312.4703608194987,2.819350674648888,330.25875535370517,298.6015473806698,54.59036651422818,72.6735083089157,3.926940471945794
2020-10-21 00:00:00-04:00,318.26087876428136,320.43004263717467,317.39879185718223,317.7047119140625,63575000,0.0,0.0,0.0,315.3613037109375,312.9425455729167,312.8232401529948,2.53887841986824,329.48774897642693,301.234858445448,54.216255623049875,61.261348284325166,3.614785631344187
2020-10-22 00:00:00-04:00,317.9179331532719,320.0314522737697,315.7766056873438,319.44744873046875,55399300,0.0,0.0,0.0,316.33973388671876,313.31492207845054,313.1443822224935,2.4292238532449346,328.52891557070166,304.15055220273587,55.13617651117277,56.35945163234257,1.3195518902239856
2020-10-23 00:00:00-04:00,320.6710851896819,320.7267018827422,318.0755452159894,320.53204345703125,49143900,0.0,0.0,0.0,317.1299850463867,313.7182189941406,313.50145161946614,2.402149070080725,328.1416259397395,306.1183441530339,55.70912082357813,67.0620821248634,2.2792951992894888
2020-10-26 00:00:00-04:00,317.1486274128742,317.9365684445732,311.11396037944763,314.60870361328125,91473000,0.0,0.0,0.0,317.3710052490234,313.7886545817057,313.72040506998695,1.8810445764183896,327.9067770620833,306.8352334359636,51.96017509113275,7.934006207645809,7.0815793111933125
2020-10-27 00:00:00-04:00,314.95160893898276,315.285309087353,313.31083167503937,313.5240478515625,65994100,0.0,0.0,0.0,317.6421463012695,313.7703084309896,313.8863484700521,1.364810173595231,327.4257174499686,307.85857515257044,51.30614048359697,2.204370228070339,7.081579311174294
2020-10-28 00:00:00-04:00,307.85086148317663,313.5517975998681,302.3167754094889,302.8080749511719,127094300,0.0,0.0,0.0,317.2606903076172,313.4363098144531,313.8541493733724,0.08996418304911913,328.6844875335757,305.83689308165873,45.458171960326816,-79.12311398442557,19.528629564485943
2020-10-29 00:00:00-04:00,303.03992892268667,309.0560378129081,301.35281355762714,305.8857727050781,90597700,0.0,0.0,0.0,316.93347015380857,313.29661458333334,313.8417017618815,-0.6643576603212864,329.2776854948035,304.58925481281364,47.24473803190526,-84.0143591531099,20.494649587313322
2020-10-30 00:00:00-04:00,304.30980936954535,305.61685806950385,299.0445556385391,302.6968688964844,120287300,0.0,0.0,0.0,316.5951202392578,313.16961771647135,313.74194285074867,-1.5021650190853961,330.1162505440829,303.07398993443275,45.642248747019636,-110.69318027925421,22.7906007594754
2020-11-02 00:00:00-05:00,306.089599609375,308.0918566976093,303.34571133877967,306.089599609375,86068300,0.0,0.0,0.0,316.1520248413086,313.26942138671876,313.69503631591795,-1.8708029211447865,330.45798541635014,301.8460642662671,47.59846527387652,-79.38210403301298,18.979483968213998
2020-11-03 00:00:00-05:00,309.3248216610703,313.55185999385526,306.173086523715,311.49395751953125,93294200,0.0,0.0,0.0,316.2030090332031,313.44647521972655,313.7228139241536,-1.707185228544688,330.43082580596194,301.97519226044426,50.532041637808284,-34.534904963538814,11.109403905083012
2020-11-04 00:00:00-05:00,315.9712016015237,322.5342527174531,314.7939441588328,318.4555358886719,126959700,0.0,0.0,0.0,316.3318588256836,314.09227091471354,313.9092442830404,-1.0042000413220649,330.593937435481,302.06978021588617,53.96617623023765,50.000125747168426,0.1328203859448202
2020-11-05 00:00:00-05:00,323.7393687910326,326.4739785623512,323.3871109043666,324.6663513183594,82039700,0.0,0.0,0.0,316.6312728881836,314.91852111816405,314.12778727213544,0.05346536803051549,331.3450243658138,301.91752141055343,56.73799080796916,114.10987193369746,4.516385845155421
2020-11-06 00:00:00-05:00,324.37891645062587,325.8435643582199,322.2653978925801,324.5921325683594,74973000,0.0,0.0,0.0,316.78468627929686,315.5806915283203,314.35447947184247,0.8755907272893069,331.77461911492367,301.79475344367006,56.69578947196437,100.86748560689641,3.182405676119518
2020-11-09 00:00:00-05:00,337.393744117373,337.77381024973823,328.2073462588624,328.67083740234375,172304200,0.0,0.0,0.0,316.88340759277344,316.2101094563802,314.6489969889323,1.8350945627268516,332.17123757525013,301.59557761029674,58.45261192291861,170.72782666583242,15.104211169852423
2020-11-10 00:00:00-05:00,327.6790464420353,329.24564918548936,324.9166565996286,328.18890380859375,85552000,0.0,0.0,0.0,317.06463012695315,316.87969868977865,314.9190165201823,2.5274849783091895,332.8147729403554,301.3144873135509,58.1641811820464,116.81326493212156,11.197219712206218
2020-11-11 00:00:00-05:00,330.3765581914952,331.4518612889709,329.1344050330131,330.6268615722656,58649000,0.0,0.0,0.0,317.46972198486327,317.5526875813802,315.2184341430664,3.235633815217227,334.1976027220028,300.74184124772376,59.217296356722635,140.26110290769614,13.23969087106389
2020-11-12 00:00:00-05:00,329.6164079973696,330.67318157201504,325.6118653025927,327.4194641113281,67546200,0.0,0.0,0.0,317.734375,318.0523305257162,315.48609313964846,3.4977171940849985,334.9333121134143,300.5354378865857,57.25575878015317,106.25623945153902,9.095239356687067
2020-11-13 00:00:00-05:00,329.3290469036784,332.69399774467473,328.8099389915463,331.9524230957031,62892200,0.0,0.0,0.0,318.23541259765625,318.8019490559896,315.8131429036458,4.0247967153807735,336.50002406905827,299.97080112625423,59.23017699190311,133.1935848175201,11.027729237352512
2020-11-16 00:00:00-05:00,334.62217047881086,336.2907277500925,333.33365115779196,336.0960693359375,74541100,0.0,0.0,0.0,319.18835296630857,319.50676778157555,316.19078826904297,4.722431405470161,339.10389432005667,299.2728116125605,60.93648336110832,160.68722024043657,14.379042067410879
2020-11-17 00:00:00-05:00,333.68594959425036,335.49357709881195,332.17496333061706,334.2884826660156,66111000,0.0,0.0,0.0,319.98741455078124,320.3005747477213,316.48537292480466,5.070999460726227,341.0059744099408,298.9688546916217,59.806923211404836,135.45675183470064,12.96105942570485
2020-11-18 00:00:00-05:00,334.55725327164475,335.1041695450707,330.2282326036911,330.26531982421875,70591300,0.0,0.0,0.0,320.6154449462891,320.78013407389324,316.69443868001304,4.965368856117095,342.0924362579503,299.13845363462787,57.35885136763645,106.0013476911078,10.578424231668873
2020-11-19 00:00:00-05:00,329.63500754078495,332.02661012404343,328.29087149861675,331.65582275390625,59940900,0.0,0.0,0.0,321.2258636474609,321.2127258300781,316.8735905965169,4.936947745972589,343.25007997124766,299.2016473236742,57.973913796580106,87.38548742823095,8.22826418825762
2020-11-20 00:00:00-05:00,331.39620780880034,331.60014506825297,329.3104974100037,329.3846435546875,70417300,0.0,0.0,0.0,321.6684936523437,321.47475179036456,317.00319315592446,4.677242293403481,343.9878497735461,299.34913753114137,56.59458459317141,76.4728000135598,8.228264188235709
2020-11-23 00:00:00-05:00,331.19234181614615,332.6199029395009,328.95831035799966,331.35919189453125,63230600,0.0,0.0,0.0,322.5060180664062,321.6301778157552,317.13108215332034,4.577981281681275,344.96660308972633,300.0454330430861,57.503919396073236,81.3415028715763,9.313941028508125
2020-11-24 00:00:00-05:00,333.90841208983915,337.2455552842376,333.05560389471066,336.6986389160156,62415900,0.0,0.0,0.0,323.6647476196289,322.03465067545574,317.3675053914388,4.8739807496335175,346.5611805394287,300.7683146998291,59.8565122146203,114.77814794605902,14.083387222143058
2020-11-25 00:00:00-05:00,336.615126222549,336.6429345632087,335.0856109077494,336.179443359375,45330900,0.0,0.0,0.0,325.33331604003905,322.4897979736328,317.5446472167969,5.008927915167419,346.6386449772309,304.0279871028472,59.52503362571496,108.45156973269278,14.08338722211633
2020-11-27 00:00:00-05:00,337.2733243638305,337.5884950330975,336.1053173094643,337.1157531738281,28514100,0.0,0.0,0.0,326.8948150634766,322.98944295247395,317.65891621907554,5.132265333018779,346.72546250027244,307.0641676266807,59.93891760762631,107.2201864269746,15.06062293328788
2020-11-30 00:00:00-05:00,336.33708795881,336.6059208367198,332.9443565005629,335.6233215332031,83872700,0.0,0.0,0.0,328.5411376953125,323.4458312988281,317.9377380371094,5.051355482988981,345.1125011160257,311.9697742745993,58.9450296207908,86.09839177541849,10.706040071898965
2020-12-01 00:00:00-05:00,338.8770642217867,340.8329840925718,338.2837817293062,339.294189453125,74231400,0.0,0.0,0.0,330.2013671875,324.18772888183594,318.3211364746094,5.223232038737308,343.66341698096943,316.7393173940306,60.6070803787503,110.97603377410492,15.148487708696026
2020-12-02 00:00:00-05:00,338.1818385379717,340.16556682393974,337.60711378492744,340.00799560546875,45927000,0.0,0.0,0.0,331.6270690917969,324.9110870361328,318.86046396891277,5.355310947402529,342.5466554835535,320.7074827000403,60.92528693408386,102.31543700158485,14.207562271865712
2020-12-03 00:00:00-05:00,339.9058822567246,341.30563466169116,338.81204987009494,339.9151611328125,62882000,0.0,0.0,0.0,332.7000503540039,325.65143534342445,319.29699045817057,5.390356790305475,342.30876241044217,323.09133829756564,60.85914619366944,100.96704957826597,15.412272714172481
2020-12-04 00:00:00-05:00,340.499126907877,342.8443908691406,340.40642302501317,342.8443908691406,50749900,0.0,0.0,0.0,333.608952331543,326.43133341471355,319.87312774658204,5.590056540317676,343.45407047275063,323.76383419033533,62.19865668282032,108.50831151583674,17.03883570186176
2020-12-07 00:00:00-05:00,342.07511907507774,342.6313143095269,340.8700529748252,342.1400146484375,48944300,0.0,0.0,0.0,334.48634643554686,327.15159912109374,320.4349090576172,5.626622554313087,344.0722982797417,324.90039459135204,61.673619849543954,101.81798926930725,17.038835701818282
2020-12-08 00:00:00-05:00,340.8700252302088,343.7065895768302,340.8236874183033,343.1411437988281,42458900,0.0,0.0,0.0,335.2098617553711,328.10268046061196,320.94566752115884,5.671012240473829,345.12630879875485,325.29341471198734,62.14346880045124,102.44371403513516,18.214908020475697
2020-12-09 00:00:00-05:00,343.7993068138485,343.95687801184386,339.2292894437654,340.0635681152344,74098300,0.0,0.0,0.0,335.8035949707031,328.9873311360677,321.3788197835286,5.395658951561245,345.36568967237446,326.24150026903175,59.81168444852055,88.79513737318278,15.699031923172761
2020-12-10 00:00:00-05:00,338.6916205245105,340.99979809475724,337.82025463669373,339.95233154296875,57735400,0.0,0.0,0.0,336.2698684692383,330.22547302246096,321.83089141845704,5.109563754180499,345.67731332180136,326.86242361667524,59.72788673792426,76.8767876317883,13.490893674287955
2020-12-11 00:00:00-05:00,338.2559409711253,339.961585539684,336.7357042360189,339.5537109375,57698600,0.0,0.0,0.0,336.8765808105469,331.3477376302083,322.3221761067708,4.795387653754403,345.40476387566156,328.34839774543224,59.41927752232017,68.32020881434154,11.792029529492309
2020-12-14 00:00:00-05:00,341.7227861576118,342.7980607861549,337.8572573213051,338.03338623046875,69216200,0.0,0.0,0.0,337.18062896728514,332.52562154134114,322.8476196289063,4.3733105311644636,345.39754373352207,328.9637142010482,58.23215787933535,72.66292497665762,15.22536377260343
2020-12-15 00:00:00-05:00,340.5734516867727,342.6035461425781,339.2015353420675,342.6035461425781,63865300,0.0,0.0,0.0,337.50600280761716,333.7427530924479,323.50608723958334,4.357356191284623,346.0509110198163,328.96109459541805,60.67531118234044,90.25396529767619,15.22536377250465
2020-12-16 00:00:00-05:00,342.8166942477022,344.058847472952,341.93604950739774,343.1411437988281,58420500,0.0,0.0,0.0,337.9486358642578,334.7976593017578,324.1220672607422,4.3380851546547206,346.7062769232167,329.19099480529894,60.95324592895546,107.53425813908787,16.99918982430055
2020-12-17 00:00:00-05:00,344.78185310544035,345.26387379305515,343.9568251499501,345.0599365234375,64119500,0.0,0.0,0.0,338.68836669921876,335.68447265625,324.88837178548175,4.426615982567,347.2095543220147,330.1671790764228,61.94628996524588,126.1920609329978,18.46062427070004
2020-12-18 00:00:00-05:00,345.3486003375375,345.51616164558806,341.67139953282106,343.6822204589844,136542300,1.58,0.0,0.0,339.28968658447263,336.3183349609375,325.6184280395508,4.335628700347456,347.4091981309933,331.170175037952,60.79780221648436,104.5702084304995,14.504997876689051
2020-12-21 00:00:00-05:00,339.7629543638441,352.3212438699424,337.0260063626711,342.4533386230469,96386700,0.0,0.0,0.0,339.9431213378906,336.91370849609376,326.24720001220703,4.116903034199254,346.6944954528659,333.1917472229153,59.77520223797019,103.75477400441109,22.478564012219294
2020-12-22 00:00:00-05:00,342.7791360979551,342.8908436114936,340.74970717574905,341.8761291503906,47949000,0.0,0.0,0.0,340.4689682006836,337.3538848876953,326.78199717203773,3.8525752975555747,345.9179154702153,335.0200209311519,59.29063883527252,68.56403887297391,22.478564012151065
2020-12-23 00:00:00-05:00,342.84433524058835,344.0917832562604,341.8575475802829,342.1833801269531,46201400,0.0,0.0,0.0,340.74320526123046,337.82036743164065,327.3500330607096,3.6260869744117485,345.93939984400413,335.5470106784568,59.47155301088546,77.5537329088957,23.820355806259904
2020-12-24 00:00:00-05:00,342.6581766510882,343.5425753213041,342.0717120912017,343.5146484375,26457900,0.0,0.0,0.0,341.1099655151367,338.2499603271484,327.90132395426434,3.513513971372163,345.97476483658414,336.2451661936893,60.263084223681865,78.9344760419062,23.820355806207665
2020-12-28 00:00:00-05:00,346.06534457269254,346.8566440369137,345.4416347950201,346.4656677246094,39000400,0.0,0.0,0.0,341.5774612426758,338.88483378092445,328.4685821533203,3.6206846503399674,346.6198826097332,336.53503987561834,61.96643776206252,127.9951360086536,27.524934139144566
2020-12-29 00:00:00-05:00,347.9924184877755,348.1692982115266,345.2182250819667,345.8047180175781,53680500,0.0,0.0,0.0,342.0865310668945,339.34657694498696,329.07426300048826,3.610663585718612,346.62892647823287,337.54413565555615,61.35704860085759,126.08153298620759,28.940832341502865
2020-12-30 00:00:00-05:00,346.6240504383996,347.33156954976204,345.9072413033697,346.2982177734375,49455300,0.0,0.0,0.0,342.43673248291014,339.6866485595703,329.5967081705729,3.6010326627850304,347.14946448612307,337.7240004796972,61.64836428736238,120.64599070556925,28.94083234143483
2020-12-31 00:00:00-05:00,346.1026197103733,348.78371400805713,345.59061740637577,348.0575866699219,78520700,0.0,0.0,0.0,342.83921203613284,340.14561869303384,330.2230967203776,3.6927981745903935,348.0293280898719,337.64909598239376,62.68579941316319,129.0695850711193,30.547179141783875
2021-01-04 00:00:00-05:00,349.38880113928235,349.5191455225328,339.6233135802176,343.3191223144531,110210800,0.0,0.0,0.0,343.00941009521483,340.58074544270835,330.6804397583008,3.3446139042058007,348.01578686462886,338.0030333258008,58.29247271217076,67.3048186230861,19.10182588611375
2021-01-05 00:00:00-05:00,342.6767263731801,346.77282927866395,342.6301626387799,345.6836242675781,66426200,0.0,0.0,0.0,343.15137176513673,341.0483388264974,331.13053232828776,3.2223259404306077,348.29712560950543,338.00561792076803,59.74870127362869,80.64292624554231,19.10182588599348
2021-01-06 00:00:00-05:00,344.17561345030657,350.9435220537929,343.62636577991566,347.7503967285156,107997700,0.0,0.0,0.0,343.4318908691406,341.66053059895836,331.56764119466146,3.254665356688008,348.94414679321875,337.91963494506246,60.98059155479363,127.10610101746569,24.080262370603897
2021-01-07 00:00:00-05:00,350.1242211986964,353.6617584095082,349.9473414971712,352.9170227050781,68766800,0.0,0.0,0.0,343.9206848144531,342.3791249593099,332.00465138753253,3.655064802237291,350.8706319885999,336.97073764030637,63.842331489882426,219.12183439261148,27.10477636049468
2021-01-08 00:00:00-05:00,354.3041791798379,355.14201412513074,351.0552285052697,354.92791748046875,71677200,0.0,0.0,0.0,344.66390228271484,342.986767578125,332.51070912679035,4.087528169838492,352.9313751966315,336.3964293687982,64.87942213211932,228.221158937409,28.704827307405427
2021-01-11 00:00:00-05:00,351.7534496860149,354.29488155566315,351.63242370939287,352.5354309082031,51034700,0.0,0.0,0.0,345.2930572509766,343.53196716308594,333.01088256835936,4.188917598293017,353.9565087255777,336.62960577637546,62.66714452697336,188.66077413892353,28.70482730726031
2021-01-12 00:00:00-05:00,352.7215686990142,353.6245473333701,350.3662785938468,352.6098327636719,52547700,0.0,0.0,0.0,345.9458633422852,344.0484364827474,333.5189397176107,4.226551998250159,354.7547715288981,337.13695515567224,62.708052242881585,159.70488017165633,26.16979563878687
2021-01-13 00:00:00-05:00,352.53538468344925,354.5554954734266,351.7534035637951,353.5594177246094,45303600,0.0,0.0,0.0,346.7221649169922,344.64630635579425,334.0460688273112,4.283622171758566,355.329275012484,338.1150548215004,63.23987186501743,163.21024608128974,27.259552922018447
2021-01-14 00:00:00-05:00,354.30409104661976,354.8068032526865,351.9860749789511,352.3211975097656,49989100,0.0,0.0,0.0,347.2080474853516,345.0805399576823,334.6341344197591,4.18074366182168,355.9325519097258,338.48354306097735,62.04628941861906,142.51494141605724,27.558152320819143
2021-01-15 00:00:00-05:00,350.7014344796534,351.5020240301078,347.8900242126763,349.75189208984375,107160000,0.0,0.0,0.0,347.53858489990233,345.40533650716145,335.15821177164713,3.8475382013153308,356.1139717473359,338.9631980524688,59.630436285676396,76.82157767443269,19.300832739606882
2021-01-19 00:00:00-05:00,352.2094901876076,353.03803490563877,350.72930885602966,352.4980773925781,51233300,0.0,0.0,0.0,347.9104919433594,345.82476704915365,335.73810119628905,3.7617021159365436,356.67631738023226,339.1446665064865,61.29668652271783,108.52157874605103,21.277714900067807
2021-01-20 00:00:00-05:00,354.7881063544559,358.21396374548715,354.3971301346696,357.3761291503906,61836100,0.0,0.0,0.0,348.5951873779297,346.3091583251953,336.37024586995443,4.0407155554688075,358.0801605935327,339.11021416232666,64.02518992953591,166.69669588607482,27.471257642068135
2021-01-21 00:00:00-05:00,357.934790375537,358.36304045364824,356.78044135246313,357.7020568847656,47840100,0.0,0.0,0.0,349.3576232910156,346.82789306640626,336.98974609375,4.239267721315002,359.20828718457926,339.50695939745196,64.19963630965881,161.63270133816263,27.640878590042835
2021-01-22 00:00:00-05:00,355.8495421566286,357.59970272379945,355.46785578529006,356.43603515625,52860500,0.0,0.0,0.0,350.0856185913086,347.27105611165365,337.68686828613284,4.245524605428955,359.7587024379697,340.41253474464753,62.972597890317736,130.92173803489354,24.97864452287268
2021-01-25 00:00:00-05:00,357.1714012989788,358.19540580199936,352.3212155048195,357.8416748046875,70402000,0.0,0.0,0.0,350.8685333251953,347.86365966796876,338.4254954020182,4.314175473992691,360.3819868834424,341.3550797669482,63.767977165461744,114.58719071053339,18.83207413642343
2021-01-26 00:00:00-05:00,358.79128116207573,359.2008944003585,357.0504391042999,357.2831726074219,42665300,0.0,0.0,0.0,351.5569595336914,348.4413543701172,339.3334136962891,4.274244492327853,360.81912825395096,342.2947908134318,63.20987959058512,126.00991856483958,20.130541676807095
2021-01-27 00:00:00-05:00,353.95968803310404,354.05278710492604,346.31672868098127,348.55096435546875,123351100,0.0,0.0,0.0,351.6612243652344,348.7412628173828,340.0445002237956,3.497663782977895,360.7269404229575,342.59550830751124,55.371658935415006,13.252093596699595,2.094367764536424
2021-01-28 00:00:00-05:00,350.36627971281166,355.55158851320573,349.9287680398475,351.548583984375,94198100,0.0,0.0,0.0,351.9484176635742,349.1917694091797,340.8586954752604,3.0884985391209625,360.58681003020706,343.3100252969414,57.25402234752199,46.75734584016774,4.172619117878329
2021-01-29 00:00:00-05:00,349.68676378038657,350.65494315277493,342.83507435942295,344.5107727050781,126765100,0.0,0.0,0.0,351.8590454101562,349.2553436279297,341.4990483601888,2.171310071777782,360.7760630077029,342.9420278126096,51.93382892224241,-48.91039664277055,5.634782007286218
2021-02-01 00:00:00-05:00,347.90858629226074,351.27856215518443,344.7992707610039,350.2452392578125,75817600,0.0,0.0,0.0,351.96842803955076,349.4921468098958,342.14490305582683,1.885421167703953,360.74161331020025,343.19524276890127,55.42515136335994,-10.682235392610375,4.738024748994265
2021-02-02 00:00:00-05:00,353.4290462295083,356.7524870405597,350.32904887111556,355.19781494140625,64450700,0.0,0.0,0.0,352.56236267089844,349.8300760904948,342.7572743733724,2.0350251159931645,360.43189067556136,344.6928346662355,58.1415583678085,67.84702926722349,2.7578971376005703
2021-02-03 00:00:00-05:00,356.026389967423,357.19937586145977,354.2017673399159,355.4771423339844,52427100,0.0,0.0,0.0,353.0520385742187,350.2232401529948,343.2707875569661,2.1513275442203508,360.31475136278937,345.7893257856481,58.289862158830964,85.81186467689643,3.342124418135387
2021-02-04 00:00:00-05:00,356.5104983071963,359.56396087599126,355.5888826824537,359.5174255371094,47142600,0.0,0.0,0.0,353.64039001464846,350.7920430501302,343.852875773112,2.5402329210667745,361.00058037195123,346.2801996573457,60.38976018943908,118.3519057620386,6.419575790081818
2021-02-05 00:00:00-05:00,361.3885805309923,361.6399224767463,359.47085881489795,360.9324035644531,48669800,0.0,0.0,0.0,354.04115905761716,351.4272521972656,344.3905685424805,2.9288580826454336,362.07735080803025,346.0049673072041,61.099297391955126,148.4072959063143,9.049520313111962
2021-02-08 00:00:00-05:00,362.38465454642807,363.5855673167599,361.52821120762786,363.5390319824219,38365200,0.0,0.0,0.0,354.47171478271486,352.1391072591146,344.9797373453776,3.407895355598896,363.56158745545696,345.38184210997275,62.383400563820025,173.90391463589484,11.461973650875603
2021-02-09 00:00:00-05:00,362.7011552001997,363.89277790526904,362.29157040764335,363.2969665527344,35551100,0.0,0.0,0.0,355.0097915649414,352.79851786295575,345.5242390950521,3.7250629812643297,364.85937419913176,345.160208930751,62.18619762729702,167.28850257763904,11.843919742206669
2021-02-10 00:00:00-05:00,365.0378156036463,365.18676844469576,360.7369053040488,363.1387023925781,59154400,0.0,0.0,0.0,355.5362350463867,353.3542856852213,346.1195597330729,3.9184802138813666,365.9547848498515,345.11768524292194,62.053524230551986,151.51175964209807,9.373847528610664
2021-02-11 00:00:00-05:00,364.2185830573535,364.637514691375,361.29546527923713,363.7251892089844,42913300,0.0,0.0,0.0,356.04452362060545,353.9516347249349,346.64910583496095,4.072148159674896,367.03330616027216,345.05574108093873,62.361362544872186,141.3572289944356,9.373847528564621
2021-02-12 00:00:00-05:00,362.924537402248,365.7638740484344,362.8500467908304,365.5218505859375,50593300,0.0,0.0,0.0,356.7045562744141,354.59242248535156,347.13953552246096,4.2894604417523965,368.3196288785118,345.0894836703163,63.30475468715222,148.5128667170943,10.899529115009646
2021-02-16 00:00:00-05:00,366.7507370926893,366.94625368053585,364.4885743748941,365.2053833007813,50972400,0.0,0.0,0.0,357.47723083496095,355.1640157063802,347.65481719970705,4.385591358618285,369.2004069936935,345.7540546762284,63.016947542773906,146.04388319968643,12.49918180899156
2021-02-17 00:00:00-05:00,363.4552435609881,365.54052650809217,362.44050055956217,365.2891845703125,52290600,0.0,0.0,0.0,358.11678619384764,355.89635111490884,348.2385482788086,4.417614356483057,370.08921163910003,346.14436074859526,63.06294909555359,122.36889151649406,8.99282949139207
2021-02-18 00:00:00-05:00,362.6825067811136,364.47920225148306,360.96027351668073,363.7344665527344,59712800,0.0,0.0,0.0,358.43470306396483,356.4980458577474,348.7731923421224,4.2683373265534215,370.65934125241216,346.2100648755175,61.59259303269239,97.03398083885456,6.51080623827188
2021-02-19 00:00:00-05:00,364.9912762762247,365.27986352452217,362.645304567679,363.0921630859375,83241000,0.0,0.0,0.0,358.70420837402344,357.0094380696615,349.3349843343099,4.051502484367688,371.0973384800816,346.3110782679653,60.98490250698288,98.50092649093145,7.687095359129622
2021-02-22 00:00:00-05:00,360.3272738044918,362.71046232062,360.02936813751376,360.2993469238281,67414200,0.0,0.0,0.0,358.89737396240236,357.25551554361977,349.8173202514648,3.6126579143460162,371.2620481682415,346.5326997565632,58.39344886832432,56.293925044651004,3.2944002130664467
2021-02-23 00:00:00-05:00,358.0931195208887,362.08683482270567,353.9411613292896,360.7369689941406,107284100,0.0,0.0,0.0,359.042138671875,357.44915059407555,350.2179590861003,3.262573952965397,371.4225563314875,346.66172101226255,58.67807956190916,24.32152032008278,5.942888270084019
2021-02-24 00:00:00-05:00,359.6476922516517,365.1402251600415,358.66090455980543,364.71197509765625,72433900,0.0,0.0,0.0,359.41357879638673,357.85503540039065,350.6935012817383,3.268205821076265,372.0155732077396,346.8115843850339,61.17385834561755,75.54383131817826,1.245467061659312
2021-02-25 00:00:00-05:00,363.44588095381306,364.8143548239755,354.4809836013045,355.9239196777344,146670500,0.0,0.0,0.0,359.7822265625,357.9655049641927,351.00697072347003,2.5343322845758394,371.44243378911443,348.12201933588557,53.749209521730386,9.442512989228927,7.079997472251813
2021-02-26 00:00:00-05:00,357.8044726689712,358.9495032557424,352.1071613879296,354.09002685546875,152701600,0.0,0.0,0.0,359.9092987060547,357.9831919352213,351.3147491455078,1.7841854164865367,371.2425044633637,348.5760929487457,52.37689329306766,-41.910714044263294,10.197041174919368
2021-03-01 00:00:00-05:00,358.9587703830817,363.92066358275525,354.2854928063855,362.6731872558594,105348800,0.0,0.0,0.0,360.8174194335937,358.32825826009116,351.7043991088867,1.8608274701060168,369.57290718399685,352.0619316831906,57.61625069240015,34.21543169057912,2.731358172940551
2021-03-02 00:00:00-05:00,362.8966935413863,363.12942703807903,359.34051889355743,359.8432312011719,79595300,0.0,0.0,0.0,361.29731903076174,358.6646362304688,352.0349863688151,1.6739171719113415,368.53319694827104,354.06144111325244,55.53241911997812,37.8321052257926,2.7313581729259693
2021-03-03 00:00:00-05:00,359.1449275166732,360.1130781296402,354.9743342267452,355.0767517089844,119940200,0.0,0.0,0.0,361.2912658691406,358.75059204101564,352.28767954508464,1.1281695181437499,368.5487982717313,354.0337334665499,52.24037818768408,-31.588516195333945,8.554442350684585
2021-03-04 00:00:00-05:00,354.89067292653556,357.47866839991167,346.1957524741158,350.682861328125,183433000,0.0,0.0,0.0,361.05155181884766,358.52748311360676,352.41832071940104,0.33722304087103794,369.3585038424966,352.7445997951987,49.44515115022352,-112.57090940024428,18.680086051828596
2021-03-05 00:00:00-05:00,354.18311275175654,358.1861456706564,346.9032310579424,357.1341857910156,152039600,0.0,0.0,0.0,360.932389831543,358.50855407714846,352.66822357177733,0.2283282019749322,369.3988452285298,352.4659344345562,53.2449630985814,-66.29881910172988,17.594514427783437
2021-03-08 00:00:00-05:00,358.09302696069,360.9044370293171,355.07681030362994,355.3560791015625,123149200,0.0,0.0,0.0,360.65357360839846,358.47255554199216,352.87180582682294,-0.0014335667117961748,369.4796663820097,351.8274808347872,52.12783956320611,-19.08185824898719,13.469123586208651
2021-03-09 00:00:00-05:00,359.20081753054825,362.9804065396195,358.6981053166281,360.4296569824219,113633600,0.0,0.0,0.0,360.49810485839845,358.55882161458334,353.21124064127605,0.2232998479379944,369.2191073093785,351.7771024074184,54.91967298040148,35.176535020790745,10.409056424815232
2021-03-10 00:00:00-05:00,362.7756047497893,364.367493636716,361.3605955625039,362.6731872558594,109899400,0.0,0.0,0.0,360.4669158935547,358.7384887695313,353.58992156982424,0.5757993843858458,369.1501526104,351.78367917670937,56.09105968313864,64.16791063210313,8.388630169729709
2021-03-11 00:00:00-05:00,365.14023058798864,368.3240087626398,364.6840536373491,366.3504333496094,86245000,0.0,0.0,0.0,360.62750244140625,359.33180440266926,354.036533610026,1.1387539872650905,369.6316526331203,351.6233522496922,57.9439745942178,115.42441830452574,2.835792716731172
2021-03-12 00:00:00-05:00,364.9912616619042,366.9834454384432,364.181353712992,366.84381103515625,64653600,0.0,0.0,0.0,360.78343353271487,359.841645304362,354.51670735677084,1.606195796490283,370.1155000644329,351.4513670009968,58.18886655352609,103.3075147226882,3.4856862362793604
2021-03-15 00:00:00-04:00,367.0951358060423,369.2921544845288,364.9539992961072,369.031494140625,73427200,0.0,0.0,0.0,360.9589157104492,360.65900268554685,354.9571731567383,2.1286369398067677,370.78506224916396,351.1327691717345,59.27659027473426,132.11304732527032,0.29845353268263664
2021-03-16 00:00:00-04:00,369.64598797533466,370.3534785306605,367.7934099075419,368.5661010742187,73722500,0.0,0.0,0.0,361.12695159912107,361.2696980794271,355.38092244466145,2.476573580243894,371.3651622879473,350.8887409102948,58.93915589936437,149.10026960268928,1.14936788250725
2021-03-17 00:00:00-04:00,367.28141575002945,370.6234656362169,366.13635662184026,369.8228759765625,97959300,0.0,0.0,0.0,361.35363616943357,361.7572001139323,355.79363810221355,2.82120599923212,372.1646125662565,350.54265977261065,59.58190692201024,139.10786127480745,1.155183448917674
2021-03-18 00:00:00-04:00,367.23481832610025,369.3201011892704,363.76242462104625,364.4420166015625,115349100,0.0,0.0,0.0,361.389013671875,362.0560292561849,356.13963470458987,2.6298243146874825,372.23736023156664,350.5406671121833,55.71882221878689,77.41450948406305,4.383751685044911
2021-03-19 00:00:00-04:00,364.141257136667,365.71969051583625,361.591473561956,363.7676696777344,113624500,1.278,0.0,0.0,361.4227890014648,362.1977040608724,356.49487355550133,2.3961178349845795,372.2976361813797,350.54794182154995,55.254369557830785,32.7412917248034,7.249751556679143
2021-03-22 00:00:00-04:00,364.2813692071272,368.05466830965446,364.2253325103038,366.67236328125,73778600,0.0,0.0,0.0,361.74143981933594,362.3890360514323,356.90814412434895,2.417421731395393,372.8486785379988,350.63420110067307,56.85684589181952,80.74076613260695,3.7883726080147766
2021-03-23 00:00:00-04:00,366.0373101003052,367.4849724644324,363.0018651085728,363.7864074707031,90686600,0.0,0.0,0.0,361.89391174316404,362.39728190104165,357.2681945800781,2.176345155589388,373.0267843481435,350.7610391381846,54.8383046896002,47.837981923395766,5.44254786114181
2021-03-24 00:00:00-04:00,365.1873129811931,366.8217830520808,361.8903544926041,361.9370422363281,97588600,0.0,0.0,0.0,361.75516510009766,362.35195109049477,357.57523447672526,1.8151381312831063,372.80904668206836,350.70128351812696,53.57737022016332,23.82412380317609,6.94614945328677
2021-03-25 00:00:00-04:00,360.4987572580339,364.76703777153006,358.556056717537,363.9731750488281,116128600,0.0,0.0,0.0,362.15762786865236,362.3797668457031,357.86702626546224,1.673882389233654,372.89929327897215,351.41596245833256,54.762095475619084,2.359111799700349,11.322042717875098
2021-03-26 00:00:00-04:00,365.1219613549917,370.2401983720078,364.5242270663124,369.8385925292969,114409100,0.0,0.0,0.0,362.94505615234374,362.5835469563802,358.26759084065753,2.012032904426178,373.50397556436616,352.3861367403213,57.95932401882237,108.41720667800058,3.0900287555720727
2021-03-29 00:00:00-04:00,368.3628933197625,370.5577590931056,366.877863754709,369.65179443359375,108107600,0.0,0.0,0.0,363.29398651123046,362.72121175130206,358.65681711832684,2.2391352217496774,374.2681435101917,352.3198295122692,57.82468181061774,117.53425132997079,2.6344850152576424
2021-03-30 00:00:00-04:00,368.3816101105084,369.3436115196959,367.0740110275809,368.671142578125,76262200,0.0,0.0,0.0,363.7353820800781,362.83673706054685,359.00037638346356,2.31331853919653,374.83457193124985,352.6361922289064,57.10425142220212,101.4938068575087,2.6344850152478725
2021-03-31 00:00:00-04:00,369.2408627097128,371.72526109112226,369.2128443577868,370.1654968261719,112734200,0.0,0.0,0.0,364.4898193359375,362.99928080240886,359.44781595865885,2.464284513801715,375.153610082965,353.82602858891005,57.930495078223764,128.05744286830512,0.8808645933506606
2021-04-01 00:00:00-04:00,372.0988388044274,374.218998554884,371.89336139475535,374.1629333496094,99682900,0.0,0.0,0.0,365.66382293701173,363.3468963623047,359.92247111002604,2.873363509862827,375.01683442381363,356.3108114502098,60.05941617703276,161.24171404728077,4.426616162224357
2021-04-05 00:00:00-04:00,376.8248104457492,380.07508186806007,376.7501043396407,379.5333557128906,91684800,0.0,0.0,0.0,366.78378143310545,363.8949361165365,360.452187093099,3.5895318746754583,377.1461374171225,356.4214254490884,62.683869716281855,213.4457371195832,12.068089166099098
2021-04-06 00:00:00-04:00,378.972983873967,380.355260591284,378.6367351434698,379.3092041015625,62021000,0.0,0.0,0.0,367.98143768310547,364.5285980224609,360.89205678304035,4.091845059027548,378.3194485362069,357.64342683000405,62.506529780064035,195.93794337322598,12.414684396202286
2021-04-07 00:00:00-04:00,379.1409942505184,380.0936464810016,378.68335178237857,379.7480773925781,55836300,0.0,0.0,0.0,368.9473587036133,365.1623016357422,361.30572611490885,4.473774396945373,379.9058264685662,357.9888909386604,62.720151511250066,177.6729234106767,12.414684396176803
2021-04-08 00:00:00-04:00,380.99961272494903,381.6066958698037,380.0656298858206,381.5506591796875,57863100,0.0,0.0,0.0,369.8912322998047,365.7235911051432,361.78931325276693,4.865819298309191,381.7861943741353,357.9962702254741,63.60131118874572,175.86308412564262,14.365381785943935
2021-04-09 00:00:00-04:00,381.4292307073625,384.4926930013299,381.3078083888416,384.3245544433594,61104600,0.0,0.0,0.0,370.78993835449216,366.67027893066404,362.3178919474284,5.338805446641459,384.18049404046326,357.39938266852107,64.92121814413841,182.31443056476837,17.970302847531617
2021-04-12 00:00:00-04:00,383.72686723274467,384.73555618947427,383.11978406878455,384.4647216796875,56704900,0.0,0.0,0.0,371.6709838867188,367.682768758138,362.8329803466797,5.6597189840260285,386.2356210609029,357.1063467125347,64.98758623706833,172.23019606042925,18.269817391667413
2021-04-13 00:00:00-04:00,384.3620022296351,386.2299681294225,383.979065799831,385.6041870117187,56551000,0.0,0.0,0.0,372.4996185302734,368.44713541666664,363.38769683837893,5.937546266480524,388.26797893515777,356.731258125389,65.53593789614739,165.45633544482197,20.126264989885
2021-04-14 00:00:00-04:00,385.57628747635897,386.6316930954194,383.7456883112905,384.2874145507813,61659900,0.0,0.0,0.0,373.2856842041016,369.26194152832034,363.96328887939455,5.982511191559752,389.77917409939806,356.7921943088051,64.33147481413539,144.56879885470212,20.627626905952344
2021-04-15 00:00:00-04:00,386.4261085208995,388.68635987083064,386.3794207731198,388.4154968261719,60229800,0.0,0.0,0.0,374.215315246582,370.37323303222655,364.5619125366211,6.278869064327523,391.9371611410235,356.4934693521405,66.33786980756408,151.82241688017854,23.17893839804737
2021-04-16 00:00:00-04:00,389.7043961665137,390.3208283501207,388.28475230611167,389.7137451171875,82037300,0.0,0.0,0.0,375.4789016723633,371.67426249186195,365.1008728027344,6.543068183707192,393.8582613943082,357.09954195041837,66.94283386826504,148.25003092831875,25.15861541757328
2021-04-19 00:00:00-04:00,388.77971032486425,389.2280038510843,386.472771544875,387.7990112304687,78498500,0.0,0.0,0.0,376.68046875,372.69642333984376,365.6024887084961,6.522754611816765,394.97807272801117,358.3828647719888,65.15627172856532,122.8378938195241,21.56587365507559
2021-04-20 00:00:00-04:00,386.5849297445035,387.68702290879025,383.4840991609738,384.9598083496094,81851800,0.0,0.0,0.0,377.59484100341797,373.68321431477864,366.0778849283854,6.2060169155740255,395.6122287200379,359.57745328679806,62.59381400761219,95.05288286561773,15.889670067142387
2021-04-21 00:00:00-04:00,384.34327456113897,388.8077112446587,384.20315433758054,388.6022338867187,66793000,0.0,0.0,0.0,378.83563232421875,374.62230021158854,366.59056091308594,6.177700621870315,396.25717576328634,361.41408888515116,64.44933439701518,100.79026245259963,17.386008030152475
2021-04-22 00:00:00-04:00,388.4341732421304,389.26540322576255,383.98840538810305,385.0531311035156,97582800,0.0,0.0,0.0,379.99143676757814,375.36829833984376,367.0533935546875,5.8019950344467475,395.67280755173186,364.3100659834244,61.380295259677936,85.46374852653403,18.002310180675476
2021-04-23 00:00:00-04:00,385.6135180559668,390.6383506535276,385.5388119647193,389.22802734375,73209200,0.0,0.0,0.0,381.2541793823242,376.1308848063151,367.73134460449216,5.7745593593677995,395.5067146669866,367.00164409766177,63.49563051698358,96.44314953599402,19.857577114048137
2021-04-26 00:00:00-04:00,389.8817967410728,390.61030221191777,389.29338299483373,390.0405578613281,52182400,0.0,0.0,0.0,382.26427764892577,376.90410970052085,368.3728775024414,5.752074477339306,395.9630595625513,368.56549573530026,63.89380119983505,100.88901180119407,19.857577114001337
2021-04-27 00:00:00-04:00,390.33944884314224,390.535605765326,388.8170522247635,389.9565124511719,51303100,0.0,0.0,0.0,383.2795135498047,377.6016103108724,369.1303064982096,5.662202933317758,396.018600832762,370.54042626684736,63.8193152869004,93.28089401018102,18.859099195565896
2021-04-28 00:00:00-04:00,390.2274494039852,391.3482404466595,389.3775214221555,389.8445129394531,51238900,0.0,0.0,0.0,384.3381820678711,378.31089070638023,369.79029439290366,5.518329791815404,395.37047697376426,373.305887161978,63.716916325119854,91.09076380869286,20.034765732902258
2021-04-29 00:00:00-04:00,392.5716715620224,392.9452589949812,388.9478136062445,392.3288269042969,78544300,0.0,0.0,0.0,385.4463485717773,379.06108907063805,370.40914459228514,5.540900612143673,394.8109460668721,376.08175107668256,65.00534029502575,95.25541290000919,22.322867729086514
2021-04-30 00:00:00-04:00,390.0592373625675,390.90916512228176,388.8543915819952,389.7510070800781,85527000,0.0,0.0,0.0,386.22575225830076,379.90472208658855,370.9803756713867,5.289802088108274,394.1147150122185,378.33678950438303,62.61848284745147,79.57803552009543,22.11142486389412
2021-05-03 00:00:00-04:00,391.74051678751226,392.1234532710356,390.0967259470749,390.59173583984375,68128300,0.0,0.0,0.0,386.77867126464844,380.7988576253255,371.49828084309894,5.0998565120719945,394.23067891913536,379.3266636101615,63.07590158135209,84.4255762789538,23.880622493082484
2021-05-04 00:00:00-04:00,388.6023411344011,389.0973510192944,384.4928213443372,388.1820373535156,101591200,0.0,0.0,0.0,387.2223129272461,381.51584676106773,371.95244140625,4.700694070261591,393.808089052633,380.63653680185917,60.86752700543465,51.42951020891011,11.761100448176524
2021-05-05 00:00:00-04:00,389.82583314555814,390.05932889798106,387.7430407729019,388.3034362792969,60162200,0.0,0.0,0.0,387.650080871582,382.3330810546875,372.3651814778646,4.344075045027864,393.2256676316563,382.07449411150776,60.93880085878991,61.043664438028735,13.267913989185503
2021-05-06 00:00:00-04:00,388.3781117451592,391.5349786293804,386.3700541332892,391.40423583984375,74321400,0.0,0.0,0.0,388.1427597045898,383.31532084147136,372.8336359659831,4.262524776013436,393.162722643562,383.12279676561764,62.73232549057566,69.046284979697,15.556191528445138
2021-05-07 00:00:00-04:00,392.1701049666309,394.9066681025146,391.4882871687611,394.25286865234375,67733800,0.0,0.0,0.0,388.63917541503906,384.32464396158855,373.3522054036458,4.377297698141547,394.01996583537584,383.2583849947023,64.29055323002822,108.38415782421244,20.513111921664546
2021-05-10 00:00:00-04:00,394.60783736731895,394.8319841776763,390.2274545965479,390.348876953125,81852400,0.0,0.0,0.0,388.9333831787109,385.00832010904946,373.79593353271486,4.105906231516315,393.98661877682446,383.8801475805974,60.69279914414756,87.66780544699866,17.83727326587331
2021-05-11 00:00:00-04:00,385.8284352333097,387.8551626560607,382.98911854811655,386.8651428222656,116888000,0.0,0.0,0.0,388.9964309692383,385.58209838867185,374.151655069987,3.5685819183765375,393.90414183284463,384.088720105632,57.71149677718718,8.153040342970836,4.108928483196481
2021-05-12 00:00:00-04:00,384.0818760668067,385.35207938683834,377.3291680702474,378.6460876464844,134811000,0.0,0.0,0.0,388.71436462402346,385.9145965576172,374.375666809082,2.451282605815777,395.1669490255779,382.26178022246904,51.53336066829729,-84.32480175630313,4.857268110313096
2021-05-13 00:00:00-04:00,380.19647206863493,385.1279012387936,380.14975581622974,383.1945495605469,106394000,0.0,0.0,0.0,388.4533172607422,386.34889831542966,374.67408955891926,1.9108110736684125,395.3630569586039,381.5435775628805,54.332158582089896,-59.83752797209413,4.857268110263547
2021-05-14 00:00:00-04:00,385.9310649606573,389.9285106204482,385.90304661385784,389.0785827636719,82201600,0.0,0.0,0.0,388.4215591430664,386.84608662923176,375.09649149576825,1.9349706578630048,395.31272045066777,381.53039783546507,57.60816441108698,33.620369810926974,2.7453131698972926
2021-05-17 00:00:00-04:00,387.96716817788194,388.9011510722619,386.0711555395105,388.0885620117187,65129200,0.0,0.0,0.0,388.43603668212893,387.131260172526,375.5130981445312,1.852872144949572,395.32290632466834,381.5491670395895,56.89773392184282,16.54232638882257,2.7453131698844015
2021-05-18 00:00:00-04:00,388.3501253478743,388.59297005214694,384.5861749461466,384.7449645996094,59810200,0.0,0.0,0.0,388.42529449462893,387.3124521891276,375.9205251057943,1.5007088766587913,395.33562491258056,381.5149640766773,54.54752980988753,-28.866929958494715,0.3370996047604256
2021-05-19 00:00:00-04:00,380.0563698240923,383.9136956201269,378.57131179138,383.7362365722656,106467100,0.0,0.0,0.0,388.18199462890624,387.4453908284505,376.30384623209636,1.1272270559971957,395.40180984687413,380.96217941093835,53.853295204193486,-130.6748870154213,8.63588381748274
2021-05-20 00:00:00-04:00,384.6140791837577,389.1252317590852,384.49268537053774,387.8643493652344,78022200,0.0,0.0,0.0,388.3225555419922,387.6558471679688,376.689719136556,1.1510753445931527,395.3938197051554,381.25129137882897,56.21258454635633,-7.933181443285226,0.5742101791963613
2021-05-21 00:00:00-04:00,389.34942453489305,390.5916376819598,387.0892020087102,387.5468444824219,76578700,0.0,0.0,0.0,388.2384963989258,387.7632568359375,377.2167678833008,1.1313142086010544,395.30440744434395,381.17258535350766,55.98484779392734,23.016756590488033,1.552308283257437
2021-05-24 00:00:00-04:00,389.7884757512618,392.5717554519268,389.545631041642,391.4976806640625,51376700,0.0,0.0,0.0,388.3113525390625,387.99768880208336,377.8402287801107,1.4181057865318394,395.48473045583665,381.13797462228837,58.16650059147234,98.65586426179307,4.3765824907349
2021-05-25 00:00:00-04:00,392.5810493076067,392.9359673967326,390.0499634392748,390.6290283203125,57451400,0.0,0.0,0.0,388.34497833251953,388.16518351236977,378.3061594645182,1.557345088981549,395.5570277822576,381.13292888278147,57.51806340500533,92.32480697598658,4.895726414626262
2021-05-26 00:00:00-04:00,391.21742785148024,391.90856610321015,390.1807204738854,391.40423583984375,43088600,0.0,0.0,0.0,388.42296447753904,388.40241088867185,378.8321762084961,1.7105281042653928,395.7363075491323,381.1096214059458,57.95082399450367,86.13296030683641,4.895726414613222
2021-05-27 00:00:00-04:00,392.43165081383626,392.9453300641983,391.3295292083679,391.6097412109375,56707700,0.0,0.0,0.0,388.3870101928711,388.5088857014974,379.44105936686196,1.8274436802671516,395.6261962205875,381.14782416515476,58.067967379536675,101.71620062472847,6.443017212481846
2021-05-28 00:00:00-04:00,393.1788390804018,393.44035318988387,392.07674594064906,392.3102416992187,58520200,0.0,0.0,0.0,388.5149719238281,388.5954355875651,380.1348490397135,1.9540990146012405,395.943670074078,381.0862737735782,58.475881950415975,112.36379839320557,7.188849054596089
2021-06-01 00:00:00-04:00,394.67317493272026,394.81326667212426,391.5256570082224,391.9646301269531,54216600,0.0,0.0,0.0,388.58361663818357,388.7342895507812,380.7153564453125,2.0034913133478653,396.11774032075147,381.0494929556157,58.18697884999008,107.40792669213559,9.264166258921156
2021-06-02 00:00:00-04:00,392.6183914671472,393.4216315915621,391.609702465234,392.5810241699219,49097100,0.0,0.0,0.0,388.8035659790039,388.988330078125,381.33577219645184,2.0685282082339995,396.5423920861964,381.0647398718114,58.56467243830941,95.07673053558584,9.264166258892873
2021-06-03 00:00:00-04:00,390.26474464836855,392.263453151856,388.79838471410426,391.1239929199219,58138800,0.0,0.0,0.0,388.94459381103513,389.0723887125651,381.8473444620768,1.9796796562703207,396.7475792679099,381.1416083541604,57.299035714249946,44.83543116258022,4.160293916692046
2021-06-04 00:00:00-04:00,392.973358609629,395.0001143194918,391.18944760771376,394.70123291015625,55938800,0.0,0.0,0.0,389.1094436645508,389.3939921061198,382.3811452229818,2.1728723893514825,397.2626711173938,380.9562162117078,59.520847315150625,114.3063936258114,8.465947537801707
2021-06-07 00:00:00-04:00,394.6919163983461,394.869375468293,393.38434575366006,394.3183288574219,51555000,0.0,0.0,0.0,389.1127166748047,389.5636688232422,382.84727681477864,2.2689270861131945,397.27468573689606,380.9507476127133,59.179883106330315,119.94454119515196,8.465947537780355
2021-06-08 00:00:00-04:00,395.1775676834587,395.2709716921303,392.5717754098022,394.4023742675781,47134300,0.0,0.0,0.0,389.31539154052734,389.7090627034505,383.3065862019857,2.3250313731484766,397.80148050766377,380.8293025733909,59.23291006199093,109.52754694077876,6.93937408546907
2021-06-09 00:00:00-04:00,395.2428659487349,395.3176005403084,393.5897265220856,393.8138732910156,48436300,0.0,0.0,0.0,389.66282806396487,389.837641398112,383.71962585449216,2.2955456925170097,398.2942697295209,381.0313863984088,58.68073795941126,105.53358039642723,7.017060403689312
2021-06-10 00:00:00-04:00,395.0374479909109,396.5972121670287,393.7205285195885,395.64453125,51020100,0.0,0.0,0.0,390.51275024414065,390.0309753417969,384.1709330240885,2.3923197036504007,397.8231369306604,383.2023635576209,59.884140085481825,120.89062776808179,9.169626119039568
2021-06-11 00:00:00-04:00,396.195645900819,396.4104437738481,394.9067446510346,396.2983703613281,45570800,0.0,0.0,0.0,391.1679412841797,390.1632934570313,384.61219126383463,2.4930350009845483,398.0531682165211,384.28271435183825,60.31122366255634,124.5054011915556,9.16962611901377
2021-06-14 00:00:00-04:00,396.4103251655172,397.2882713047734,395.16814054455347,397.185546875,42358500,0.0,0.0,0.0,391.5732894897461,390.41111145019534,385.15791676839194,2.6143042578100903,398.88211871035446,384.26446026913777,60.895589615772884,127.49846881082996,10.687524876486622
2021-06-15 00:00:00-04:00,397.33503853707737,397.3723773329353,395.5791460332352,396.45709228515625,51508500,0.0,0.0,0.0,391.991716003418,390.60662333170575,385.70274047851564,2.6214128050469867,399.41779757890606,384.5656344279299,60.143411045918306,116.87719043629357,10.83521323467207
2021-06-16 00:00:00-04:00,396.5971548550764,396.82130162532735,392.1981034715285,394.2434997558594,80386100,0.0,0.0,0.0,392.46664276123045,390.8086720784505,386.1622594197591,2.42052564963285,399.1155964832913,385.8176890391696,57.89540405004341,73.09451209668603,3.703800373167574
2021-06-17 00:00:00-04:00,393.832609480347,395.0934636810587,391.6377438115296,394.11279296875,90949700,0.0,0.0,0.0,392.9854705810547,391.0023173014323,386.6676991780599,2.2251243380189862,398.2389797589372,387.7319614031722,57.76352160771114,54.18459892604417,2.572267289658528
2021-06-18 00:00:00-04:00,390.82947003654994,391.5228695274807,388.589962401601,388.7961120605469,118676300,1.376,0.0,0.0,393.0320587158203,390.9153798421224,387.1153503417969,1.6225519064645937,398.10787105858697,387.95624637305366,52.710982150003815,-24.577820834596213,3.3606306935441284
2021-06-21 00:00:00-04:00,390.5576860310017,394.54947970964827,389.7424670056216,394.362060546875,72822000,0.0,0.0,0.0,393.372819519043,390.9190195719401,387.62183176676433,1.575967665193616,397.7674899310726,388.9781491070134,56.80294802823752,40.363466994153846,2.4365899064332996
2021-06-22 00:00:00-04:00,394.352679752593,397.3043454678535,393.6311417670724,396.4703674316406,57700300,0.0,0.0,0.0,393.6214538574219,391.12306925455727,388.0656946818034,1.689694319789453,398.13061727160806,389.11229044323574,58.21959695145021,93.03152070869972,7.33063613017311
2021-06-23 00:00:00-04:00,396.5453419827774,397.35118140093033,395.908162638729,395.9924926757813,49445400,0.0,0.0,0.0,393.88962707519534,391.42731424967445,388.5047063191732,1.7214195607314196,398.2860014616673,389.4932526887234,57.77531977428474,100.35723077286731,7.412319997220525
2021-06-24 00:00:00-04:00,398.1383434268328,398.75676373658587,397.88532470396706,398.3351135253906,45110300,0.0,0.0,0.0,394.23617095947264,392.0836151123047,388.9991058349609,1.9135339390937816,398.89261728247243,389.57972463647286,59.34847934615907,136.3849881923333,9.878522763905567
2021-06-25 00:00:00-04:00,399.0846801731096,400.1997582443463,398.75671098813206,399.7499694824219,58129500,0.0,0.0,0.0,394.6431823730469,392.6354624430339,389.4921803792318,2.1551102498919477,399.73564354654957,389.5507211995442,60.273226872490106,159.29731814902556,12.357774466698684
2021-06-28 00:00:00-04:00,400.274777553691,400.72453776466034,399.07536933086,400.5558776855469,53159600,0.0,0.0,0.0,395.05546417236326,393.0180389404297,389.93206278483075,2.384108751764984,400.6618579254985,389.449070419228,60.79869157798377,159.5995323899665,13.255553493320331
2021-06-29 00:00:00-04:00,400.9400528954754,401.57723223614346,400.237273994288,400.7713928222656,35970500,0.0,0.0,0.0,395.4958023071289,393.4407999674479,390.28603006998696,2.5535462926087007,401.45250527407677,389.539099340181,60.94161060468338,162.9060102478489,14.723882250858988
2021-06-30 00:00:00-04:00,400.3122760719077,401.78343362434913,400.2841660560843,401.1087646484375,64827900,0.0,0.0,0.0,395.9221893310547,393.98625996907555,390.64935607910155,2.6841091122508374,402.2119348768324,389.632443785277,61.17085651067124,157.65941215788078,15.083462060604655
2021-07-01 00:00:00-04:00,401.86769002620366,403.4887768980088,401.802090469254,403.3294677734375,53441000,0.0,0.0,0.0,396.53246307373047,394.6393676757813,391.0423792521159,2.9329638884689757,403.2180433886393,389.84688275882166,62.66306950509729,185.72561368879408,18.040196177907887
2021-07-02 00:00:00-04:00,404.49140558885847,406.76840218909126,403.4137884803365,406.4123229980469,57697700,0.0,0.0,0.0,397.118017578125,395.25763346354165,391.4567403157552,3.34043726224445,405.06138848339157,389.1746466728584,64.61591063402103,216.54421463496138,23.34987819857782
2021-07-06 00:00:00-04:00,406.4686076794865,406.6841368547064,402.9359824093808,405.672119140625,68710400,0.0,0.0,0.0,397.68570709228516,395.8618092854818,391.81253306070965,3.562567520738696,406.37448255294674,388.99693163162357,63.787236920408205,186.05296264963465,22.157161690750986
2021-07-07 00:00:00-04:00,406.35615449938257,407.38690265779184,404.3415272693066,407.1057739257813,63549500,0.0,0.0,0.0,398.3208770751953,396.3820790608724,392.1898839314779,3.810367762867827,407.8186768962451,388.8230772541455,64.6944383374097,183.94476549978933,23.285804332717916
2021-07-08 00:00:00-04:00,401.7833591762361,404.54763413664995,400.60268153812575,403.78863525390625,97595200,0.0,0.0,0.0,398.81961517333986,396.82073262532555,392.49295806884766,3.696475206518926,408.3683539649338,389.2708763817459,61.03461150566788,112.49780865576132,14.174955801113738
2021-07-09 00:00:00-04:00,405.2972630468599,408.3988582078336,403.591846106271,408.0989990234375,76238600,0.0,0.0,0.0,399.44233856201174,397.3772247314453,392.8898178100586,3.908964755592592,409.716143553493,389.1685335705305,63.788307346957396,156.62355540682165,20.440011861347156
2021-07-12 00:00:00-04:00,408.0147135517589,409.8138402584851,407.5836837997048,409.5608215332031,52889600,0.0,0.0,0.0,400.10546112060547,397.97559407552086,393.2422398885091,4.14751118649383,411.2037977318779,389.00712450933304,64.66440662991894,170.61143951496922,22.58782067342641
2021-07-13 00:00:00-04:00,408.77374227084334,410.2730098694853,407.9023031665115,408.1646728515625,52911300,0.0,0.0,0.0,400.65441741943357,398.5040751139323,393.5497553507487,4.175767769587594,412.2208847686155,389.0879500702516,63.15477504349561,150.09368061537262,23.283065259854013
2021-07-14 00:00:00-04:00,409.8606803722424,410.34795874869207,407.5274633950544,408.7737121582031,64130400,0.0,0.0,0.0,401.27024841308594,399.0643778483073,393.8993336995443,4.198903353229696,413.2015473275147,389.3389494986572,63.538899850044906,136.9765753500306,22.355069326543337
2021-07-15 00:00:00-04:00,407.4337224657248,408.10839135369446,405.4753153622365,407.37750244140625,55126400,0.0,0.0,0.0,401.9269485473633,399.5575937906901,394.27296193440753,4.057800219378862,413.67418785779216,390.1797092369344,62.00586336220308,102.76531104680045,17.352188913805715
2021-07-16 00:00:00-04:00,408.5582649361013,408.60510543403905,403.7887412422356,404.1822814941406,75874700,0.0,0.0,0.0,402.4304229736328,399.9928700764974,394.5326293945312,3.6461171731967283,413.61729985838366,391.24354608888194,58.65547718372087,77.84666302554706,13.409718613727454
2021-07-19 00:00:00-04:00,399.35644496226297,404.247787129505,395.40214130525,398.2132568359375,147987000,0.0,0.0,0.0,402.90128021240236,400.1099375406901,394.75196482340493,2.8058607719927977,412.32577733913973,393.476783085665,53.109708369633616,-8.672305320829397,3.3012573364353095
2021-07-20 00:00:00-04:00,398.87849813382,405.1941563775408,398.0820097768181,403.9197692871094,99608200,0.0,0.0,0.0,403.37916564941406,400.42998555501305,394.9968271891276,2.5707849748810077,411.90716290449245,394.8511683943357,57.11934698990152,31.468297849118926,1.5544363882134464
2021-07-21 00:00:00-04:00,405.1192467876088,407.33067265477706,403.8729980876093,407.1900939941406,64724400,0.0,0.0,0.0,403.91515197753904,400.8562428792318,395.28265279134115,2.618192689102159,411.94795389773805,395.88235005734003,59.18829873089079,78.90489723543182,2.3038039821512997
2021-07-22 00:00:00-04:00,407.3682081680868,408.286516417738,406.38432894043746,408.0428771972656,47878500,0.0,0.0,0.0,404.5176712036133,401.3305430094401,395.58409220377604,2.6935268211303196,411.82314216714906,397.21220024007755,59.71265758906496,93.0151738889132,3.991919374167011
2021-07-23 00:00:00-04:00,409.9731072389194,412.5780733348413,409.28908738037114,412.2407531738281,63766600,0.0,0.0,0.0,405.2129531860352,401.883750406901,395.957362874349,3.056727124170152,412.6858612857621,397.74004508630827,62.18667632822945,135.03176049120586,11.124668242855524
2021-07-26 00:00:00-04:00,411.6503578096364,413.2620650821098,411.6035173257502,413.252685546875,43719200,0.0,0.0,0.0,405.8880889892578,402.4488942464193,396.3060938517253,3.3871752189980384,413.7143286173192,398.06184936119644,62.75700357953759,141.5015794869445,12.200147831942163
2021-07-27 00:00:00-04:00,412.2126833289069,412.2407933450638,408.5394791728748,411.3693542480469,67397100,0.0,0.0,0.0,406.4287628173828,402.92168782552085,396.6663996378581,3.457235756988041,414.1978358445463,398.65968979021926,60.98604567966803,107.47893555040947,6.242357691898482
2021-07-28 00:00:00-04:00,411.9972027913629,412.5781622579764,409.7764254642707,411.2007141113281,52472400,0.0,0.0,0.0,406.9502288818359,403.41314188639325,397.0098826090495,3.4592750193560278,414.5178886236066,399.38256914006524,60.827044542039495,106.38035116081296,6.806013274476864
2021-07-29 00:00:00-04:00,412.128337413364,413.9836556005954,412.1189578762892,412.9060668945313,47435300,0.0,0.0,0.0,407.54009399414065,404.0352274576823,397.4219497680664,3.557490332756231,415.02932115367014,400.05086683461116,61.86707584769954,122.1240669093739,9.159615609008162
2021-07-30 00:00:00-04:00,410.3385280234811,412.3531550549832,410.2073289089117,410.9007568359375,68951200,0.0,0.0,0.0,407.9186584472656,404.59482625325523,397.79857177734374,3.4339306980365905,415.2759884411638,400.5613284533674,59.931519076936716,93.19752212664181,5.413847171526901
2021-08-02 00:00:00-04:00,412.61555230549715,413.16840161930367,409.6826170641352,410.0386962890625,58783300,0.0,0.0,0.0,408.09997711181643,405.30291239420575,398.10914611816406,3.229223240337035,415.47970655827044,400.7202476653624,59.10912429918002,88.30109180998676,6.824401283937926
2021-08-03 00:00:00-04:00,410.8352668145335,413.4964534004576,408.642599597881,413.3746337890625,58053900,0.0,0.0,0.0,408.48510284423827,405.93666483561196,398.42784220377604,3.2981543120500305,416.1305074354761,400.83969825300045,61.238391858419206,98.33471050999687,4.762615992504127
2021-08-04 00:00:00-04:00,412.090805913224,413.346434118997,411.10692688961086,411.3411865234375,46732200,0.0,0.0,0.0,408.6968734741211,406.43235880533854,398.7777140299479,3.1523620158545214,416.4156916779295,400.9780552703127,59.29153168332698,95.53890072553762,4.762615992483402
2021-08-05 00:00:00-04:00,412.5031500015922,414.0305275555735,412.1845602964902,413.9461975097656,38969700,0.0,0.0,0.0,409.2047515869141,407.03081563313805,399.22906494140625,3.2100200731194946,416.9004309017821,401.50907227204607,60.93731616986581,113.89415037164946,6.039175582703744
2021-08-06 00:00:00-04:00,414.2648492877592,415.05195842938866,413.9837204967925,414.6302795410156,46930000,0.0,0.0,0.0,409.531315612793,407.57398783365886,399.82880147298175,3.2731829857416983,417.5758274935235,401.48680373206247,61.36167029358023,125.81944440220441,7.94506425169091
2021-08-09 00:00:00-04:00,414.6021178906313,414.920707603796,413.5245291498375,414.29290771484375,41222600,0.0,0.0,0.0,409.767919921875,408.0587524414062,400.3471074422201,3.25845551535798,418.08966785202733,401.4461719917226,61.02345981333718,113.30936957240431,6.936313458570819
2021-08-10 00:00:00-04:00,414.742597463298,415.5203554334606,414.0585776586694,414.8081970214844,43339300,0.0,0.0,0.0,410.10009613037107,408.53382975260416,400.7759343465169,3.250889202449116,418.6787936430205,401.5213986177216,61.35996593081282,115.99455109338201,8.096529429512119
2021-08-11 00:00:00-04:00,415.87653984943745,415.9327598860641,414.75208192459974,415.8390502929687,44034300,0.0,0.0,0.0,410.4533630371094,409.0360850016276,401.23844248453776,3.2901473185227132,419.3770405019119,401.5296855723069,62.038239668018086,122.25003333179531,8.904519003296434
2021-08-12 00:00:00-04:00,415.68905723891174,417.22581426197354,414.7895081939832,417.0852355957031,38909400,0.0,0.0,0.0,410.9387496948242,409.5686340332031,401.7774470011393,3.3828213388152903,420.20738274778597,401.6701166418624,62.853680251235446,129.5884360388022,11.43018706084923
2021-08-13 00:00:00-04:00,417.53496905425794,417.8629382384884,417.0477193437249,417.8442077636719,39470300,0.0,0.0,0.0,411.6218460083008,410.0524586995443,402.34591318766275,3.4774233072720904,420.80723464356225,402.43645737303933,63.3496898884885,141.61185173131608,12.664431018485734
2021-08-16 00:00:00-04:00,416.5416879310771,418.95923447372246,414.9862007214723,418.82806396484375,73740000,0.0,0.0,0.0,412.65258636474607,410.46631673177086,402.8619750976562,3.5903971583528573,419.9313193488318,405.37385338066036,63.99441301850752,132.05192834159118,7.643440263154631
2021-08-17 00:00:00-04:00,416.26997110737653,416.9446399663895,413.0934254851267,416.08258056640625,92673900,0.0,0.0,0.0,413.26072692871094,410.81333211263023,403.337570699056,3.418980307234733,419.41250626918384,407.10894758823804,60.90172817833728,88.09136303847338,3.2720417785137053
2021-08-18 00:00:00-04:00,415.0706612048445,416.63552844125934,411.28504538533383,411.5286560058594,89351900,0.0,0.0,0.0,413.4776550292969,410.96076151529945,403.6714202880859,2.8824405836400615,419.0020921750952,407.9532178834986,56.238193266595175,45.20010625139715,0.7130552996625259
2021-08-19 00:00:00-04:00,408.8018367196642,413.36523891211175,408.6612866430519,412.1658020019531,92812200,0.0,0.0,0.0,413.6838012695313,411.24000040690106,404.0303665161133,2.48005283881821,418.6319832914455,408.735619247617,56.717894000859594,8.047424282187292,6.148733238123089
2021-08-20 00:00:00-04:00,412.5124973678688,415.7733732693985,412.0252190130029,415.4454040527344,72008700,0.0,0.0,0.0,413.8440338134766,411.48488057454426,404.43105265299477,2.398149751184576,418.80299736129854,408.88507026565463,59.10489143783122,65.99857707401937,0.9036943821064558
2021-08-23 00:00:00-04:00,417.1320365493111,420.0087514312363,415.52032928415485,419.0998229980469,54973000,0.0,0.0,0.0,414.13639068603516,411.80284729003904,404.8892206827799,2.5981719231639318,419.6111739086137,408.6616074634566,61.54927070311289,133.95416465053847,7.419466847426104
2021-08-24 00:00:00-04:00,419.7651062011719,420.2992249687994,419.2497465036569,419.7651062011719,38744700,0.0,0.0,0.0,414.5561782836914,412.1895284016927,405.3468017578125,2.7783466789735485,420.4118900071801,408.7004665602027,61.97727871974397,151.71616513001098,7.9581140228308636
2021-08-25 00:00:00-04:00,419.95253575464955,421.1612947689073,419.5776974968097,420.64593505859375,40529700,0.0,0.0,0.0,415.0284393310547,412.58526916503905,405.82482350667317,2.958112716408152,421.2563873216465,408.8004913404629,62.548267361084285,150.7413283748677,9.573365661554035
2021-08-26 00:00:00-04:00,420.3648902398338,420.599149899653,418.0691627312955,418.1628723144531,57829600,0.0,0.0,0.0,415.2912796020508,412.9447814941406,406.25118764241535,2.8671652878980467,421.5854431814676,408.997116022634,59.92402080894282,115.55886615435409,6.199609052831998
2021-08-27 00:00:00-04:00,418.96867606210947,422.2764210326184,418.9124560362428,421.901611328125,77235100,0.0,0.0,0.0,415.84132232666013,413.5354258219401,406.76414794921874,3.0614829186415022,422.4355336225782,409.2471110307421,62.38235896625463,145.11550943279485,9.40787527028
2021-08-30 00:00:00-04:00,422.5763107047627,424.544097540426,422.332671511008,423.7569885253906,48357400,0.0,0.0,0.0,416.52723693847656,414.3868835449219,407.24841054280597,3.3268446801894243,423.4268926547652,409.6275812221879,63.53081368132568,183.60748234203402,13.543712312947878
2021-08-31 00:00:00-04:00,423.6632387027082,424.0005588501911,422.5294300788062,423.1291198730469,59300200,0.0,0.0,0.0,417.0149612426758,415.0271952311198,407.7285903930664,3.4467500461133227,424.3421045000472,409.6878179853044,62.85899880060443,166.92437180072426,13.543712312906386
2021-09-01 00:00:00-04:00,424.06613178350335,424.5814915085135,423.1197137689136,423.3539733886719,48721400,0.0,0.0,0.0,417.6156005859375,415.5659912109375,408.2111170450846,3.5193508264042634,424.95388358460707,410.27731758726793,63.00393433684468,160.5156381091503,14.612419877507955
2021-09-02 00:00:00-04:00,424.77834425136786,425.4623641266029,423.45711639620544,424.6565246582031,42501000,0.0,0.0,0.0,418.1511169433594,416.1197794596354,408.7251612345378,3.6400324412796294,425.9128845794663,410.3893493072525,63.8493224128881,159.12419924042348,16.23657425014514
2021-09-03 00:00:00-04:00,423.5226862527916,425.068794112329,423.1197379507082,424.5534057617187,47170500,0.0,0.0,0.0,418.6472732543945,416.5302012125651,409.2069758097331,3.68487570402624,426.7236652233986,410.57088128539044,63.73005780741072,138.9789238987785,15.367129148686907
2021-09-07 00:00:00-04:00,424.20675973967593,424.3004693240175,422.3607924531319,423.0354614257813,51671500,0.0,0.0,0.0,419.0844009399414,416.856293741862,409.6525939941406,3.5569268522683046,427.1147066073462,411.05409527253664,61.96743395962338,110.57628553499063,13.39332808838324
2021-09-08 00:00:00-04:00,422.5013195727054,423.2322084875442,420.599103890751,422.5200500488281,56181900,0.0,0.0,0.0,419.4699935913086,417.227983601888,410.07483571370443,3.375031808971414,427.3753778227668,411.5646093598504,61.37122087382777,85.20597467563817,8.918614890944989
2021-09-09 00:00:00-04:00,422.3233164530745,424.0755740928611,420.4679696953391,420.7116088867187,57970400,0.0,0.0,0.0,419.71362152099607,417.5450134277344,410.4790776570638,3.0497964338102292,427.44629304432743,411.9809499976647,59.30027689010088,73.86339476519233,10.664484708709299
2021-09-10 00:00:00-04:00,422.64189201792766,423.06354222411983,417.27265062322766,417.39447021484375,89948200,0.0,0.0,0.0,419.7290832519531,417.6946268717448,410.86492716471355,2.4956118277787027,427.4408345190004,412.0173319849058,55.73175157186771,28.458676167861498,2.931417456858883
2021-09-13 00:00:00-04:00,420.39303344599693,420.655403124016,416.1482209113753,418.4627075195313,83738600,0.0,0.0,0.0,419.76000823974607,417.9466918945312,411.2707590738932,2.1181971000335693,427.4448475308065,412.07516894868564,56.601775884408106,10.463285414074655,0.3779909747664043
2021-09-14 00:00:00-04:00,419.9056916877061,420.1118413033405,415.3142087170996,416.2044067382813,78197100,0.0,0.0,0.0,419.62882537841796,418.1522155761719,411.7275639851888,1.618213452155942,427.46865874074933,411.7889920160866,54.26923094830757,-16.464170892893623,1.4969535041831916
2021-09-15 00:00:00-04:00,416.6260619263352,420.1774459218341,415.5203633365021,419.6808166503906,78792200,0.0,0.0,0.0,419.80873718261716,418.3624216715495,412.1495432535807,1.485367641797211,427.46900617113573,412.1484681940986,57.08551416357379,3.720267414152145,1.3429152540553837
2021-09-16 00:00:00-04:00,419.15605298019295,420.1305523944603,416.0638088883506,419.0155029296875,77786700,0.0,0.0,0.0,420.1830795288086,418.61823221842445,412.5252955118815,1.3112854406704173,426.8003695939808,413.5657894636364,56.3978926504737,-2.021890765427787,1.3429152540423097
2021-09-17 00:00:00-04:00,418.2428908298914,418.6658919018536,414.5767094129711,414.9339294433594,118425000,1.428,0.0,0.0,420.3214859008789,418.6511566162109,412.8409861246745,0.8343572221810973,426.31954204708313,414.32342975467463,52.392740223941615,-57.1547980313471,4.846031857802678
2021-09-20 00:00:00-04:00,408.8048283528595,410.3840895507659,403.1457660287209,408.01519775390625,166445500,0.0,0.0,0.0,419.9499755859375,418.43065388997394,413.00232086181643,-0.10073444812650223,427.84130825660833,412.0586429152667,46.590738038369985,-234.1509903165143,25.797338309697302
2021-09-21 00:00:00-04:00,410.3559338587685,411.65319451439296,407.103401321114,407.62982177734375,92526100,0.0,0.0,0.0,419.37647552490233,418.20855102539065,413.13365173339844,-0.8629503993682306,429.00409760449816,409.7488534453065,46.29532793423533,-184.97631340077635,22.69457747845997
2021-09-22 00:00:00-04:00,409.9046690416803,413.64604074631075,407.74258725869817,411.6061401367187,102350100,0.0,0.0,0.0,418.96852722167966,418.10181579589846,413.3178227742513,-1.1330947609964142,429.19935164378745,408.7377027995719,49.69954640651702,-133.28035836364762,17.96806500884005
2021-09-23 00:00:00-04:00,413.4768249344985,418.2146371474795,413.2418148065021,416.6071472167969,76396000,0.0,0.0,0.0,418.76658782958987,418.12741902669273,413.58175201416014,-0.9328928298328378,429.01742325439454,408.5157524047852,53.53185333398863,-38.611587102729644,8.09288945099137
2021-09-24 00:00:00-04:00,414.971434039035,418.0077748408325,414.7552144207099,417.2933349609375,62094800,0.0,0.0,0.0,418.7231109619141,418.1343556722005,413.8514948527018,-0.7106695841768556,428.99208748691007,408.4541344369181,54.028996089472976,-26.24433320119042,8.092889450941469
2021-09-27 00:00:00-04:00,416.25933916263614,417.4249802239827,415.40389884937827,416.09954833984375,61371100,0.0,0.0,0.0,418.4330078125,418.0762003580729,414.06432952880857,-0.623695095568678,428.6516022584858,408.21441336651424,53.00834566269826,-32.176799451118804,8.0928894509094
2021-09-28 00:00:00-04:00,413.32642918282806,413.65544911085703,406.98115550934745,407.7143859863281,130436300,0.0,0.0,0.0,417.63087768554686,417.70574442545575,414.0860305786133,-1.2173468937137386,428.58215035904965,406.6796050120441,46.6103944118958,-143.92584162163894,21.504097515698746
2021-09-29 00:00:00-04:00,409.0961944642292,410.83527498638745,407.83654373845025,408.4005737304687,82329200,0.0,0.0,0.0,416.89445037841796,417.4496775309245,414.13150482177736,-1.6138471788393645,428.2619072798833,405.5269934769526,47.150393679279965,-138.97178889334313,21.504097515578465
2021-09-30 00:00:00-04:00,409.8765131803405,410.58154366662774,403.0706280661324,403.4090576171875,140506000,0.0,0.0,0.0,415.89720458984374,417.1790242513021,414.0698928833008,-2.3042877511073243,428.3283286028729,403.4660805768146,43.8155355733317,-177.17810149904966,27.876927167767153
2021-10-01 00:00:00-04:00,405.1387643144747,409.8859585278774,401.61361157548265,408.2032775878906,129240100,0.0,0.0,0.0,415.0745422363281,417.04694010416665,414.1434702555338,-2.4365266319892953,427.23977628796956,402.90930818468667,47.50464589140341,-154.59292754584442,29.682399086806807
2021-10-04 00:00:00-04:00,407.03749673565017,407.9399274949172,400.7956146553082,402.9389343261719,128570000,0.0,0.0,0.0,413.99381866455076,416.6300577799479,414.0574691772461,-2.9323135181508633,426.45032171879944,401.5373156103021,44.20741035480375,-172.68235128891365,30.690078489444176
2021-10-05 00:00:00-04:00,404.4430304326626,409.3782432393912,403.64401892844825,407.1315612792969,90682500,0.0,0.0,0.0,413.19862365722656,416.2311157226562,414.01698150634763,-2.9528792871945484,425.24872778626934,401.1485195281838,47.225310412447485,-120.94426934219787,27.369977966686648
2021-10-06 00:00:00-04:00,403.5312059070278,409.0304489893108,401.90495407806975,408.8236389160156,113032200,0.0,0.0,0.0,412.51380310058596,415.86640014648435,414.02796427408856,-2.8003604709840033,423.8701897835289,401.15741641764305,48.390811503093495,-110.683082358886,29.60676350988556
2021-10-07 00:00:00-04:00,412.10432319982914,415.1970354491902,411.92571322947015,412.3581237792969,72437500,0.0,0.0,0.0,412.0961288452148,415.5901397705078,414.08770446777345,-2.3669995236515433,422.77741492499894,401.4148427654307,50.74151133766592,-30.051380623360707,16.451336398858825
2021-10-08 00:00:00-04:00,413.1290299205683,413.5144499873672,410.9763290353788,411.6061401367187,74557400,0.0,0.0,0.0,411.8067123413086,415.37158203125,414.15818176269534,-2.0604846614895678,422.1931338710809,401.4202908115363,50.23788662517982,-40.2170407952843,17.7804822529035
2021-10-11 00:00:00-04:00,410.9481526531211,413.8622842543227,408.56044149355773,408.6262512207031,65233300,0.0,0.0,0.0,411.3148895263672,414.9290700276693,414.2322479248047,-2.0345683193469313,421.2979761751185,401.3318028776159,48.273759062001254,-55.3912207406893,21.085310978320475
2021-10-12 00:00:00-04:00,409.54746158614824,409.9516721203581,406.8307307423104,407.620361328125,71181200,0.0,0.0,0.0,410.88568725585935,414.3911824544271,414.3890329996745,-2.071319457881316,420.72066734772443,401.0507071639943,47.62357850104827,-75.33442780509269,23.36676243693161
2021-10-13 00:00:00-04:00,408.64503280690064,409.9046837425177,405.6651202312037,409.08685302734375,72974000,0.0,0.0,0.0,410.35598907470705,413.92310689290366,414.4751510620117,-1.9595232119762045,419.2969928913977,401.41498525801643,48.666322412214036,-69.42841360041446,24.880700609039742
2021-10-14 00:00:00-04:00,412.7529445741557,416.11830542103553,412.28292435324295,415.9678955078125,70236800,0.0,0.0,0.0,410.20360870361327,413.676904296875,414.62144775390624,-1.3006877421046283,418.61117768697324,401.7960397202533,53.189873895821805,12.20572068107017,12.612212003589029
2021-10-15 00:00:00-04:00,418.0830539008593,419.5025243769304,417.4626236667043,419.1358947753906,66260200,0.0,0.0,0.0,410.41370697021483,413.4928833007813,414.80633138020835,-0.5169655635424988,419.50148072958274,401.3259332108469,55.075328828890626,65.67922069089141,6.705839579118965
2021-10-18 00:00:00-04:00,417.3497774593076,420.71510979062344,416.6917376412568,420.376708984375,62213200,0.0,0.0,0.0,411.03178253173826,413.35366007486977,414.94193064371746,0.20193545984869843,421.06498495076295,400.99858011271357,55.79672810826765,77.56663611111935,4.67096011365967
2021-10-19 00:00:00-04:00,422.0030022074686,423.6856540804755,421.39195292020696,423.619873046875,46996800,0.0,0.0,0.0,411.83128509521487,413.3731404622396,415.1147171020508,1.021589685897652,423.1845787520129,400.47799143841684,57.6361105680808,126.54438316870579,0.15436451675627344
2021-10-20 00:00:00-04:00,424.0805016742407,425.5845723051379,423.9677013972816,425.28375244140625,49571600,0.0,0.0,0.0,412.5151657104492,413.46526387532555,415.34662373860675,1.7848579949197187,425.36102433945774,399.66930708144065,58.55149325549553,149.81687287752823,3.1081639426186496
2021-10-21 00:00:00-04:00,424.6820942267509,426.618575397613,424.2496836213109,426.3929748535156,41305400,0.0,0.0,0.0,413.0044570922852,413.65464274088544,415.5998280843099,2.451004948026423,427.1829252111549,398.82598897341546,59.160065242346974,154.61603431103313,4.696346053824014
2021-10-22 00:00:00-04:00,425.96055094238534,427.40822132656245,424.0052506620859,425.9511413574219,58845100,0.0,0.0,0.0,413.4373474121094,413.9398651123047,415.81724599202477,2.909737296805929,428.6575682483837,398.21712657583504,58.8042903141344,146.1495114129855,5.9146868003350175
2021-10-25 00:00:00-04:00,427.0416019944035,428.5644630314859,425.2649403470606,428.2354431152344,45214500,0.0,0.0,0.0,414.0441421508789,414.2656229654948,416.106157430013,3.418207085825543,430.6186575062311,397.46962679552666,60.088004186056764,153.3213080701674,7.701960964816388
2021-10-26 00:00:00-04:00,429.7865805144339,430.99921225220334,428.2449001362051,428.6209106445313,56075100,0.0,0.0,0.0,415.08946838378904,414.67950642903645,416.4158610026042,3.8083764717440545,432.5940926417479,397.58484412583016,60.3039382957348,159.8986685991568,11.369554002289417
2021-10-27 00:00:00-04:00,429.08152637361746,429.74894714064544,426.6467960706876,426.7220153808594,72438000,0.0,0.0,0.0,416.0055404663086,414.9142130533854,416.63831736246743,3.919185610940076,433.9484174356886,398.0626634969286,58.68590273428118,132.52956867886311,8.443605411583027
2021-10-28 00:00:00-04:00,428.15085513172806,430.9145766067055,428.1414742340312,430.8393859863281,51437900,0.0,0.0,0.0,417.37705688476564,415.3083424886068,416.9632873535156,4.28979002059333,435.4587307024226,399.2953830671087,61.03121898464536,142.802550298866,10.223288292770942
2021-10-29 00:00:00-04:00,428.5362813944523,432.0050333226642,428.2448711186631,431.713623046875,70162400,0.0,0.0,0.0,418.55257415771484,415.86766560872394,417.25941111246743,4.601002813378443,437.17197543579,399.9331728796397,61.511141021046804,134.5884935900049,11.880946302114406
2021-11-01 00:00:00-04:00,432.70065934906575,433.07669852419264,430.7265971184563,432.4562683105469,48433600,0.0,0.0,0.0,420.02844085693357,416.682367960612,417.55651092529297,4.851639776755121,438.1083995539671,401.94848215990004,61.923228527318884,134.28994048186553,13.504617620499644
2021-11-02 00:00:00-04:00,432.6254811267831,434.514971891236,432.4938616741639,434.2047424316406,48908400,0.0,0.0,0.0,421.3820999145508,417.5681986490885,417.8883748372396,5.132197842886683,439.4503533904083,403.3138464386933,62.89091725247742,134.13708544380958,15.662145467572854
2021-11-03 00:00:00-04:00,433.640639919422,437.259801321116,433.1988197687567,436.8555908203125,52509800,0.0,0.0,0.0,422.7836975097656,418.40984700520835,418.2558314005534,5.504985397580299,441.09744232905075,404.46995269048045,64.313345403078,136.4552746476957,19.620424231826554
2021-11-04 00:00:00-04:00,437.4572570913363,438.9989373652711,437.10944667746986,438.9143371582031,52847100,0.0,0.0,0.0,424.11150817871095,419.15342000325523,418.640419514974,5.898551019834883,443.08163016378074,405.14138619364115,65.3795106642153,140.57355399297361,22.01932492249933
2021-11-05 00:00:00-04:00,441.1422252320449,442.43007618696566,438.92374331887703,440.4371948242187,66390600,0.0,0.0,0.0,425.5530609130859,419.9248819986979,419.02961883544924,6.261161722652844,444.89999641078185,406.20612541539,66.15328608830356,140.76581808312693,26.496485345637257
2021-11-08 00:00:00-05:00,441.5370209098921,442.0352412122443,440.1269602027339,440.8131713867187,50405200,0.0,0.0,0.0,427.1624069213867,420.74866943359376,419.4124348958333,6.503898589132405,445.92686257724813,408.3979512655253,66.34539650939155,130.07412378537467,26.496485345549733
2021-11-09 00:00:00-05:00,441.17985167362065,441.4148618185051,437.9461097849906,439.3561706542969,51149100,0.0,0.0,0.0,428.7491973876953,421.8033955891927,419.7545700073242,6.50373056468095,445.8491267788352,411.64926799655535,64.86936272214037,112.52642274934396,21.742140262474408
2021-11-10 00:00:00-05:00,437.6640350330447,439.35612511347824,434.3363123816006,435.8215637207031,69429700,0.0,0.0,0.0,430.08593292236327,422.71742858886716,420.08355305989585,6.14751938769092,444.71545873850675,415.4564071062198,61.439043308655016,87.93590769278917,14.380980187616483
2021-11-11 00:00:00-05:00,437.3162154925545,437.3914347946932,435.94376444998505,435.9625549316406,34848500,0.0,0.0,0.0,431.0856658935547,423.80254516601565,420.49078470865885,5.80962651784256,444.31908258370765,417.8522492034017,61.52300289163151,83.06436915947168,14.380980187577368
2021-11-12 00:00:00-05:00,437.23160434083906,439.807305963282,436.28215431749,439.252685546875,53466700,0.0,0.0,0.0,432.0915054321289,424.8375254313151,420.9422327677409,5.741149628802361,444.5351017463305,419.64790911792727,63.44441518232624,91.71803990134782,17.934850305723646
2021-11-15 00:00:00-05:00,440.5406069013292,440.7003977259758,438.2751057858588,439.4031372070313,46980500,0.0,0.0,0.0,433.0428268432617,426.05299886067706,421.3415283203125,5.634075279751414,444.5925174629527,421.49313622357073,63.53056523113153,94.81465230852614,19.217168897940002
2021-11-16 00:00:00-05:00,439.13992102624314,442.27965290511,439.0647304076264,441.1422119140625,48857500,0.0,0.0,0.0,433.91894378662107,427.1866872151693,421.70890146891276,5.624708740403435,445.1118390050195,422.72604856822267,64.53011871651978,99.40289290427121,21.462064438742722
2021-11-17 00:00:00-05:00,440.87897766963937,441.0575876528418,439.4501264917785,440.070556640625,47858300,0.0,0.0,0.0,434.65828399658204,428.22825113932294,422.0473256429037,5.467782868783615,445.3936424292863,423.9229255638778,63.42202314123773,90.6212379044651,21.462064438676624
2021-11-18 00:00:00-05:00,441.10457673089655,441.8284262460176,438.3784651316018,441.5652160644531,50625600,0.0,0.0,0.0,435.4168960571289,429.2018208821615,422.3959803263346,5.401756423474808,445.83255383927417,425.0012382749836,64.3063565530432,88.76471687593929,19.05940318351829
2021-11-19 00:00:00-05:00,441.4524364328998,442.7027064508368,440.4090051747564,440.775634765625,57315600,0.0,0.0,0.0,436.1581207275391,430.17413736979165,422.7728597005208,5.225481282389296,445.8201510436031,426.49609041147505,63.46780894513631,89.84011086052384,20.38846209051829
2021-11-22 00:00:00-05:00,442.65567024625074,445.1467717517106,439.32791895320247,439.53472900390625,72762000,0.0,0.0,0.0,436.7230850219727,431.2044199625651,423.0667449951172,4.928834700462801,445.7340071841327,427.7121628598127,62.150214793554426,85.96669159610431,23.997497452057797
2021-11-23 00:00:00-05:00,439.20574375407494,440.9730245653836,436.60184177692975,440.1175842285156,73206500,0.0,0.0,0.0,437.29791870117185,432.28766072591145,423.33942159016925,4.686745804330144,445.5690241648084,429.0268132375353,62.52820263225119,64.92146631932334,17.833903950768715
2021-11-24 00:00:00-05:00,438.115291443818,441.4148429167893,437.2974607646824,441.2926330566406,61858800,0.0,0.0,0.0,438.0264495849609,433.36118672688804,423.64214680989585,4.537400897018699,444.80794139916213,431.2449577707597,63.292716091373954,68.55662511134975,18.513010939937168
2021-11-26 00:00:00-05:00,434.6183717153607,436.08483277035555,430.3223792472386,431.450439453125,112669600,0.0,0.0,0.0,438.05700225830077,433.8772715250651,423.77708791097007,3.5835522531521633,444.70637666639163,431.4076278502099,53.784538144574306,-11.666427276821466,4.41844910158001
2021-11-29 00:00:00-05:00,436.2445775616634,438.5852690969573,434.0448863560093,436.7427978515625,86268800,0.0,0.0,0.0,438.30846099853517,434.46416829427085,423.97852579752606,3.2175791736090105,444.29513740767936,432.321784589391,57.34869260007244,26.208470307056054,8.455885950520313
2021-11-30 00:00:00-05:00,434.29876746658414,436.2070487821843,428.0004838225911,428.2449035644531,148559600,0.0,0.0,0.0,438.09789276123047,434.7264414469401,424.04005076090493,2.216285858486856,445.1522926253325,431.04349289712843,50.83646066953516,-49.9065050407903,1.9059167401624415
2021-12-01 00:00:00-05:00,433.9603158081163,436.8086374124799,423.290850257439,423.4882507324219,131939200,0.0,0.0,0.0,437.5620681762695,434.72205403645836,424.04759724934894,1.027091885867435,447.06469395030757,428.05944240223147,47.7000117993193,-93.91422587460714,8.919869431155002
2021-12-02 00:00:00-05:00,423.7044336964784,431.544367446716,423.3096040929344,429.9744873046875,127637800,0.0,0.0,0.0,437.21801300048827,434.8784118652344,424.17183787027994,0.6011030368920274,447.3084389244742,427.1275870765023,51.88733874194238,-92.17910708789834,8.91986943103963
2021-12-03 00:00:00-05:00,431.638417799551,432.7006394884692,422.0030024782896,426.2331848144531,137331600,0.0,0.0,0.0,436.5839553833008,434.873085530599,424.2638641357422,-0.037950568071948965,447.7607890955238,425.4071216710778,49.52151441489931,-111.78478023284025,10.81318608539295
2021-12-06 00:00:00-05:00,428.78070813331755,433.16130061518345,426.3647969926562,431.2812194824219,98977500,0.0,0.0,0.0,436.12615661621095,435.0507548014323,424.4953099568685,-0.13550888257248062,447.38818051413944,424.86413271828246,52.54184649768362,-70.36350292004732,9.979365805909637
2021-12-07 00:00:00-05:00,436.56416615737265,440.7661478981848,431.1495242664586,440.2021179199219,95484700,0.0,0.0,0.0,436.0956039428711,435.44964396158855,424.8576334635417,0.5012394231045505,447.3072923888082,424.883915496934,57.22120625931603,29.386390822455315,2.544018290236482
2021-12-08 00:00:00-05:00,440.5969864571496,441.8190276116101,438.8390866538286,441.3677978515625,72238800,0.0,0.0,0.0,436.19618530273436,435.8745402018229,425.2770233154297,1.0873928830894783,447.56601334127805,424.8263572641907,57.78386881140846,76.47217503832476,4.107903318072408
2021-12-09 00:00:00-05:00,440.0800010576555,441.4712714729504,438.190538959741,438.387939453125,61272600,0.0,0.0,0.0,436.32450408935546,436.2634043375651,425.5888086954753,1.2965284808309434,447.73438744527743,424.9146207334335,55.841567332246555,52.604690101399164,3.054127734938115
2021-12-10 00:00:00-05:00,441.0952068137605,442.665058357532,438.53829554873346,442.5146484375,77159800,0.0,0.0,0.0,436.65210876464846,436.65257975260414,425.98046112060547,1.7748020620790044,448.3897783515399,424.914439177757,57.87032247249647,80.93113889049988,4.887332319053102
2021-12-13 00:00:00-05:00,441.997668765506,442.3454791791736,438.3126971846737,438.5947265625,87724700,0.0,0.0,0.0,436.6192108154297,436.88194986979164,426.3748077392578,1.816591845825144,448.3298477582351,424.90857387262434,55.370598663509114,51.76231232169162,4.50102355946809
2021-12-14 00:00:00-05:00,435.3233173325535,437.8144187233226,432.65360596586527,435.5771179199219,97264100,0.0,0.0,0.0,436.4279098510742,436.98597819010416,426.8341730753581,1.587910310653342,448.0718748467653,424.78394485538314,53.52924995032102,-31.344990719542864,4.615386382539735
2021-12-15 00:00:00-05:00,435.6335728638,442.6274476583098,433.1142425689226,442.383056640625,116899300,0.0,0.0,0.0,436.48995208740234,437.258588663737,427.4133936564128,1.9335719082739615,448.25230298437253,424.72760119043215,56.875291806686164,41.948699242185945,2.8418446391658367
2021-12-16 00:00:00-05:00,444.23491543308455,444.5169160885959,436.9307828900091,438.48187255859375,116568600,0.0,0.0,0.0,436.41051788330077,437.31279805501305,427.86132253011067,1.8711488239882215,448.09223631134734,424.7287994552542,54.54639931613621,50.87290307416751,5.575300526762619
2021-12-17 00:00:00-05:00,435.4000562992087,438.4093235060489,432.10779763878344,433.8152465820313,135511600,1.633,0.0,0.0,436.0230194091797,437.1428283691406,428.1481241861979,1.4286517561298524,447.4970955374948,424.54894328086465,51.91579735980334,-46.02890134049343,1.7255425589789317
2021-12-20 00:00:00-05:00,428.73062942371416,429.5984890492109,425.57986657914137,429.2023010253906,107134800,0.0,0.0,0.0,435.444352722168,436.76833190917966,428.3466069539388,0.6977008265813538,447.0754928943069,423.8132125500291,49.47584758960246,-151.7405261919544,10.401079211667755
2021-12-21 00:00:00-05:00,432.62657449075914,436.9659586009306,430.4568968299471,436.824462890625,69806300,0.0,0.0,0.0,435.30883941650393,436.6353749593099,428.69202219645183,0.7251031721494314,446.80165183328137,423.8160269997265,53.23288109666073,-32.68456441027425,0.08551537020762925
2021-12-22 00:00:00-05:00,436.56982361505607,441.3053962890187,436.3717008080272,441.1921997070313,58890200,0.0,0.0,0.0,435.36257019042966,436.6965759277344,429.24998575846354,1.086732412041215,446.95961757912335,423.765522801736,55.20736759765361,53.4638354575887,5.305643301254943
2021-12-23 00:00:00-05:00,442.1920654168207,445.4371678906433,442.08831149730497,443.937255859375,56439700,0.0,0.0,0.0,435.4948013305664,436.96709899902345,429.84226379394534,1.57665458750472,447.4318692142171,423.55773344691573,56.4040468413847,117.48170929924602,10.076644181645364
2021-12-27 00:00:00-05:00,445.314514331637,450.267065304675,445.2673586949308,450.2199096679687,56808600,0.0,0.0,0.0,436.4332748413086,437.442344156901,430.62244466145836,2.443709534920856,449.8865221724412,422.98002751017606,58.99760252776032,178.69394183835584,15.240774970864159
2021-12-28 00:00:00-05:00,450.6538676577589,451.6821081838997,449.0879146544429,449.8520202636719,47274600,0.0,0.0,0.0,437.08873596191404,437.7956553141276,431.31659037272135,3.0658302445489767,451.8219865156699,422.3554854081582,58.78575718376864,184.75501954039424,16.690790623945876
2021-12-29 00:00:00-05:00,449.9558186671151,451.4462881526954,448.955877247608,450.427490234375,54503000,0.0,0.0,0.0,438.19786529541017,438.1631337483724,432.10806630452475,3.5642149549455553,453.4582841896202,422.93744640120013,59.023848943562214,169.67871122117572,16.49841219993135
2021-12-30 00:00:00-05:00,450.8519578886304,451.8613419081985,448.72002207295793,449.1822509765625,55329000,0.0,0.0,0.0,439.48256530761716,438.43113505045574,432.8089111328125,3.814734146741955,453.82761186658837,425.13751874864596,58.270323599201674,152.89231938296808,16.943681828771474
2021-12-31 00:00:00-05:00,448.69175768390534,449.8426087104167,447.7767136605498,448.0502624511719,65237400,0.0,0.0,0.0,440.38635406494143,438.69712524414064,433.4626881917318,3.877236034052771,454.48466989102576,426.2880382388571,57.57905418453312,125.72828277879626,15.495687948246358
2022-01-03 00:00:00-05:00,449.3142919985144,450.77649102777576,447.0031187538817,450.6444091796875,72668200,0.0,0.0,0.0,441.60691528320314,438.99976501464846,434.10079294840494,4.088960202920873,454.73977499126966,428.4740555751366,58.73946179799738,127.84235674509408,16.553863922835227
2022-01-04 00:00:00-05:00,452.0688648240115,452.7858147658463,448.63508224842974,450.4934692382813,71178700,0.0,0.0,0.0,442.5675277709961,439.3236928304037,434.74891510009763,4.196202331888628,455.3254960956657,429.8095594463265,58.642905945576494,132.16340341207936,18.81656644623378
2022-01-05 00:00:00-05:00,450.12563049513625,450.8991788038624,441.7487385385624,441.8430786132813,104538900,0.0,0.0,0.0,442.6495758056641,439.4006378173828,435.302528889974,3.5423443223119193,455.3645265176719,429.9346250936563,53.43537018714705,62.70534563635615,8.395886266330864
2022-01-06 00:00:00-05:00,441.3808228754029,444.1448112867114,439.0601780901141,441.427978515625,86858900,0.0,0.0,0.0,442.6525848388672,439.44431762695314,435.86598917643227,2.956580411607547,455.36628676587276,429.93888291186164,53.20085242467725,24.283502226692047,4.6876377117698045
2022-01-07 00:00:00-05:00,441.43740286255314,442.6165817047028,438.32435344615055,439.6827697753906,85111600,0.0,0.0,0.0,442.71732635498046,439.3906555175781,436.3759211222331,2.3247364178278076,455.3525344843015,430.0821182256594,52.20436564130273,9.178193079570903,3.68338506839127
2022-01-10 00:00:00-05:00,436.48488919074714,439.3526316532516,430.7304901894249,439.13568115234375,119362000,0.0,0.0,0.0,442.54837799072266,439.64683024088544,436.76205088297525,1.7595668297764178,455.2849522162571,429.8118037651882,51.88918223893226,-35.72376072639485,5.948775991322755
2022-01-11 00:00:00-05:00,438.8715061877595,443.2297465587139,435.87165335018614,443.1354064941406,74303100,0.0,0.0,0.0,442.77541198730466,439.85991719563805,437.1620427449544,1.6157845093691776,455.3764051678606,430.17441880674875,53.99007453830508,12.644561081777505,0.9933988507277208
2022-01-12 00:00:00-05:00,444.8712391723062,446.390036772666,442.371385321116,444.3335266113281,67605400,0.0,0.0,0.0,443.213232421875,440.3962046305339,437.561323038737,1.5802975781207351,455.3615044448984,431.06496039885155,54.60435777281636,50.99291482122938,2.838521174096911
2022-01-13 00:00:00-05:00,445.4371934481838,446.0881025089078,437.18294108680465,438.211181640625,91173100,0.0,0.0,0.0,443.004638671875,440.8869689941406,437.80451151529945,1.046093146253213,455.35452493242235,430.65475241132765,51.004647275478405,-0.4907755094410941,3.3872255123790276
2022-01-14 00:00:00-05:00,435.06038106331687,438.7394131797268,433.8434604749311,438.390380859375,95890900,0.0,0.0,0.0,443.00006408691405,441.16749877929686,438.0229553222656,0.6299307154167764,455.35706997437796,430.64305819945014,51.1022519688148,-52.06662360488068,7.130682994679912
2022-01-18 00:00:00-05:00,433.6925127781855,433.9000493950728,429.5135100897984,430.6266479492187,109709100,0.0,0.0,0.0,442.84063415527345,441.31394755045574,438.09351654052733,-0.3226302897856499,455.76581374392623,429.91545456662067,46.91361746286723,-133.92658925669136,11.718793414527012
2022-01-19 00:00:00-05:00,432.1738074172843,433.5699368723863,425.88169585972383,426.1552734375,109357600,0.0,0.0,0.0,442.6882827758789,441.14308268229166,438.096918741862,-1.4219529154256634,456.3416546980116,429.0349108537462,44.72928806726018,-170.60508021480706,15.347608227198014
2022-01-20 00:00:00-05:00,428.041877426378,432.7491496870087,419.3159548562535,421.4384765625,122379700,0.0,0.0,0.0,441.91898345947266,440.5176279703776,437.98363596598307,-2.6433096757940575,458.40376198681884,425.4342049321265,42.56648782282583,-204.46994727266218,21.390631036871916
2022-01-21 00:00:00-05:00,420.3159330270776,422.6742906855869,413.1371061330772,413.1654052734375,202271200,0.0,0.0,0.0,440.517643737793,439.5775482177734,437.7260442097982,-4.230050036169814,461.43234578542484,419.6029416901611,39.13318239089959,-258.6613800907778,26.49870374824313
2022-01-24 00:00:00-05:00,407.5525363125253,415.4294573025682,396.9210694706066,414.9200439453125,251783900,0.0,0.0,0.0,439.06678314208983,438.7952850341797,437.5293446858724,-5.285045808665927,462.8164027821748,415.31716350200486,40.191585481931256,-271.11116662605957,37.521111381927874
2022-01-25 00:00:00-05:00,408.52413091783615,414.8067989622443,402.9489701470522,409.854248046875,167997300,0.0,0.0,0.0,437.04850006103516,437.70660502115885,437.1795923868815,-6.455490080341235,463.5128621968456,410.5841379252247,38.2073176100014,-225.825000310692,37.52111138149817
2022-01-26 00:00:00-05:00,415.7501538816743,418.8820597450549,404.5620902381432,408.8260192871094,186391100,0.0,0.0,0.0,434.99720001220703,436.7143147786458,436.7981323242187,-7.3809619312323775,463.5597568567398,406.43464316767427,37.815306743882644,-184.3210994380583,32.18976969778642
2022-01-27 00:00:00-05:00,413.4296307091558,416.5709511311912,405.11877880380894,406.8073425292969,149878300,0.0,0.0,0.0,432.8161926269531,435.755322265625,436.3706502278646,-8.182967231770476,463.031496168065,402.60088908584123,37.04340373405238,-167.8301749769511,32.18976969742363
2022-01-28 00:00:00-05:00,408.1657129140467,416.95767810367454,403.5810789597359,416.9105224609375,164457400,0.0,0.0,0.0,431.2026062011719,434.90623779296874,436.0824132283529,-7.91211409967633,461.1838317399904,401.22138066235334,43.06095560470583,-132.43635771918326,33.23492105526279
2022-01-31 00:00:00-05:00,416.2407272712182,424.7685575099905,414.8917534598383,424.4195251464844,152251400,0.0,0.0,0.0,430.0210693359375,434.4374928792318,435.8751454671224,-7.010731926115341,459.05425192357336,400.98788674830166,46.95892436440999,-73.43646095149886,23.252596919425763
2022-02-01 00:00:00-05:00,425.1458547347862,427.9287283515847,421.6177608084225,427.2872619628906,123155400,0.0,0.0,0.0,428.8532119750977,434.2198933919271,435.6813608805339,-5.995861110465455,456.22500219088073,401.4814217593146,48.3557131944685,-46.16420646863466,19.50516158060418
2022-02-02 00:00:00-05:00,429.6927977248774,432.1643521308704,427.38159553014776,431.43798828125,117361000,0.0,0.0,0.0,427.9004379272461,434.29441630045574,435.5313741048177,-4.801293430523515,453.36039840015883,402.4404774543334,50.31479937971179,-20.585735861274042,14.670993808126022
2022-02-03 00:00:00-05:00,425.4005449511961,427.30608748130015,420.4574079668399,421.2969970703125,118024400,0.0,0.0,0.0,426.87313385009764,433.77683410644534,435.2061045328776,-4.619630946763152,451.61217892422417,402.1340887759711,45.912849720539434,-57.30351225773028,20.134470954460383
2022-02-04 00:00:00-05:00,421.06118368926354,427.1268727004783,418.6839407358892,423.2780456542969,118454400,0.0,0.0,0.0,425.96563720703125,433.17969563802086,434.9381357828776,-4.266625057382157,449.77057619415297,402.16069821990953,46.85250828433606,-53.44015054371898,21.46677539321463
2022-02-07 00:00:00-05:00,424.04216920738406,425.43829858096694,420.5895299814033,421.9196472167969,84472900,0.0,0.0,0.0,425.0774810791016,432.4457753499349,434.70643717447916,-4.049793252369966,448.03804545786704,402.1169167003361,46.28215382534629,-51.75418880851828,21.466775393113355
2022-02-08 00:00:00-05:00,421.4196773714475,426.31563040935833,419.99522006477935,425.3911437988281,81012000,0.0,0.0,0.0,424.39025421142577,431.61814982096354,434.5302469889323,-3.5568307917297375,446.38145093556307,402.3990574872885,47.95704565073389,-41.75107914028056,20.403440101352686
2022-02-09 00:00:00-05:00,429.4286854386847,431.9379817631401,429.2305914308077,431.61724853515625,92589900,0.0,0.0,0.0,423.81434631347656,431.0103240966797,434.4029897054036,-2.6334036337235602,444.2896243370282,403.3390682899249,50.80301114917273,0.16119385124599905,13.799107515558422
2022-02-10 00:00:00-05:00,425.7684883309894,431.7775795121979,421.86306271080866,423.8629455566406,140103700,0.0,0.0,0.0,422.7908172607422,430.1248392740885,434.1439865112305,-2.4984873955806393,440.85147042564057,404.7301640958438,47.4592290531066,-25.690038221733964,19.765071434766952
2022-02-11 00:00:00-05:00,423.947845988049,426.0231836326423,414.0710421144383,415.5049133300781,153214600,0.0,0.0,0.0,421.65550384521487,429.00226135253905,433.7166982014974,-3.03104861288017,438.4446431477961,404.8663645426336,44.21436547328148,-65.5428702168613,25.412931280987006
2022-02-14 00:00:00-05:00,414.9955162101405,416.5803257355876,410.67498861776903,414.146484375,123006300,0.0,0.0,0.0,420.4433090209961,427.87213541666665,433.2846303304037,-3.522120268287665,435.5628198169301,405.3237982250621,43.71187098182203,-89.97142338533237,27.707296726964287
2022-02-15 00:00:00-05:00,418.58959908256503,420.9951122132897,418.0707431602709,420.8253173828125,88482700,0.0,0.0,0.0,419.95324249267577,426.87816569010414,432.93896535237633,-3.333940496051639,434.2985359917742,405.60794899357734,46.787731207732676,-46.94631506798192,22.63424542120348
2022-02-16 00:00:00-05:00,418.77825854843894,422.67426981407993,416.90101515729776,421.2969970703125,84863600,0.0,0.0,0.0,419.71032867431643,425.9049499511719,432.6143213907878,-3.110885708019964,433.77522123134736,405.6454361172855,46.999324081642015,-41.11238951144161,20.746972084103557
2022-02-17 00:00:00-05:00,418.10854352626,421.2687487717077,411.693821753136,412.2975463867187,102259100,0.0,0.0,0.0,419.25328216552737,424.92009887695315,432.16036834716795,-3.618580892065154,433.6713682377957,404.835196093259,43.57906318452013,-75.61171126016312,24.475573685468415
2022-02-18 00:00:00-05:00,412.5522705879942,413.8069331704449,407.3544691120626,409.6279296875,132642900,0.0,0.0,0.0,419.07640838623047,423.86009724934894,431.65220743815104,-4.188071261359369,433.8903080258955,404.26250874656546,42.62712267689761,-107.61324195490538,27.419289145029037
2022-02-22 00:00:00-05:00,407.4204352988067,410.82588982072514,401.7320491873631,405.23187255859375,124391800,0.0,0.0,0.0,418.59199981689454,422.71173400878905,431.0511947631836,-4.937208486772022,434.56630801021987,402.6176916235692,41.09783721688488,-133.8033875667218,31.02287657476084
2022-02-23 00:00:00-05:00,408.14686816140767,408.7128798332859,397.47765898241863,398.0436706542969,132578000,0.0,0.0,0.0,418.0014709472656,421.3420003255208,430.4944152832031,-6.0412926929307105,436.07156266156716,399.93137923296405,38.74649848147042,-155.8842733922199,33.603338108972395
2022-02-24 00:00:00-05:00,387.732876144503,404.46780255410187,387.3744299437548,404.0338439941406,213942900,0.0,0.0,0.0,417.76186218261716,420.0386149088542,429.9492660522461,-6.3596207054843035,436.4603927272314,399.0633316380029,41.625625659194064,-164.26257778445378,39.19189781688002
2022-02-25 00:00:00-05:00,405.26959895160047,413.0333227139032,403.6187485934903,412.9484252929687,121804500,0.0,0.0,0.0,418.0689163208008,418.99244486490886,429.69432474772134,-5.825413993983204,436.20320190879266,399.9346307328089,45.564710061797186,-72.99431389533109,29.62319284708714
2022-02-28 00:00:00-05:00,407.5525226744369,413.37296233027865,406.29788900505855,411.8919067382813,145615000,0.0,0.0,0.0,417.81798553466797,418.1151357014974,429.501052347819,-5.424770170315128,436.1574898403546,399.47848122898137,45.19083811535181,-62.766436080286354,29.258701808715415
2022-03-01 00:00:00-05:00,410.3919967190823,412.4013221597528,402.9112639395008,405.6186828613281,137785900,0.0,0.0,0.0,416.87794342041013,417.0227457682292,429.095122273763,-5.549482809530787,435.71336253767674,398.0425243031435,43.022500845032226,-87.06355889656608,31.25273150032206
2022-03-02 00:00:00-05:00,407.8732634005898,414.8068411449072,407.1186004140651,413.0805358886719,117726500,0.0,0.0,0.0,416.16760711669923,416.43787536621096,428.87591145833335,-4.988702637965446,434.41241402854786,397.9228002048506,46.1989806855833,-42.47329886397514,28.589379170238942
2022-03-03 00:00:00-05:00,415.51427803635465,416.1180025654981,409.222167776321,411.0239562988281,105501700,0.0,0.0,0.0,415.14690551757815,415.9334981282552,428.5382904052734,-4.656551272675699,432.0278048399487,398.2660061952076,45.47613047566893,-34.81121218892234,27.13474045253982
2022-03-04 00:00:00-05:00,407.2884145484183,408.81662588103086,403.63768107861074,407.68463134765625,113978200,0.0,0.0,0.0,414.46628723144534,415.47503662109375,427.99633229573567,-4.609637506542981,431.40070999959005,397.5318644633006,44.311550593872504,-81.33217338988389,30.594108241876732
2022-03-07 00:00:00-05:00,407.09972677904506,407.8072341448679,395.60037142345385,395.6664123535156,137896600,0.0,0.0,0.0,413.08570556640626,414.89173685709636,427.2346425374349,-5.479068549629233,431.4380913173821,394.73331981543043,40.454484031481314,-135.59540969836618,35.17617656768883
2022-03-08 00:00:00-05:00,395.8456573433794,403.00562856631194,391.60061306814714,392.6665954589844,164772700,0.0,0.0,0.0,411.6230529785156,414.1499552408854,426.47262013753254,-6.337108822270466,431.6017905115407,391.6443154454905,39.56521812836663,-158.9198740698507,37.30691990788317
2022-03-09 00:00:00-05:00,401.052866089248,405.175270488169,398.86430336951577,403.1942443847656,116990800,0.0,0.0,0.0,410.5132080078125,413.9279551188151,425.81728006998696,-6.097332382855598,429.72291855116947,391.3034974644556,44.03171350670202,-97.15028507050086,34.82018786185752
2022-03-10 00:00:00-05:00,398.5812801406087,402.2697547820951,396.61913933731984,401.37359619140625,93972700,0.0,0.0,0.0,409.001025390625,413.679541015625,425.1969278971354,-5.985224972723245,425.8297583587126,392.1722924225374,43.45712253972071,-109.27525571335485,36.05982241531212
2022-03-11 00:00:00-05:00,403.8639798109582,404.47714697175655,395.7606673117781,396.27008056640625,95636300,0.0,0.0,0.0,407.62138214111326,413.3282989501953,424.5418106079102,-6.236301895295071,423.8328899342696,391.40987434795693,41.87263028236786,-112.01197083522322,33.4778916683262
2022-03-14 00:00:00-04:00,397.0437338622443,400.4963446455009,392.2326777773157,393.3741149902344,95729200,0.0,0.0,0.0,406.5148422241211,412.5437520345052,423.72499491373696,-6.592962813411589,423.46497107883454,389.5647133694076,40.99520643151836,-126.66186258281004,35.50154015762373
2022-03-15 00:00:00-04:00,395.9871173439881,402.6565598796408,394.7136272071247,402.0245361328125,106219100,0.0,0.0,0.0,405.9087448120117,411.79725240071616,423.11737263997395,-6.107202440865137,422.5743818776964,389.24310774632704,44.58348007713649,-88.46900075338962,32.9399041082125
2022-03-16 00:00:00-04:00,405.5337798825797,410.9957157146693,400.7321381601262,410.9391174316406,144954800,0.0,0.0,0.0,405.4144348144531,411.2523142496745,422.7361038208008,-4.945888513284217,420.75063274637006,390.07823688253615,47.95746880024158,-28.855257864965438,23.608043378799668
2022-03-17 00:00:00-04:00,409.02416595069127,416.0803833007813,408.6468344364111,416.0803833007813,102676900,0.0,0.0,0.0,405.1536041259766,410.7403940836588,422.5174051920573,-3.5695343011080354,419.4978023928987,390.8094058590545,49.7816143776517,22.69741511401435,18.367121259912093
2022-03-18 00:00:00-04:00,414.4679392759771,420.959363915533,413.72984684060503,420.63763427734375,106345500,1.366,0.0,0.0,405.5706085205078,410.7184153238932,422.24762471516925,-2.0869742643655513,421.21523119867885,389.92598584233673,51.34541365610389,64.52673606117696,13.586572497364262
2022-03-21 00:00:00-04:00,420.4672563901048,422.47335203270006,417.00389114982016,420.51458740234375,88349800,0.0,0.0,0.0,406.11494140625,410.6263000488281,421.9029978434245,-0.9114569006571287,423.0576760577306,389.17220675476943,51.30079327856967,79.31306035217636,12.13280159959053
2022-03-22 00:00:00-04:00,421.9055997031732,426.3720129518307,421.9055997031732,425.4352111816406,74650400,0.0,0.0,0.0,407.12510833740237,410.7434855143229,421.5946304321289,0.4124478527410247,426.1298251591929,388.12039151561186,52.99079564818447,116.19019981701028,8.435731836544141
2022-03-23 00:00:00-04:00,422.8991946168003,424.39429439850414,419.8711071405114,419.9562683105469,79426100,0.0,0.0,0.0,408.22073822021486,410.56232299804685,421.0902364095052,1.0079282384473345,427.544895727963,388.8965807124667,50.95401750247849,91.55007786245544,10.036959180733254
2022-03-24 00:00:00-04:00,421.9813008840571,426.29630669485863,420.8647048360825,426.2868347167969,64736900,0.0,0.0,0.0,409.33338775634763,410.3846425374349,420.6974833170573,1.967988786853141,430.147621401588,388.51915411110724,53.10832686354259,122.5991096232826,8.206911350427724
2022-03-25 00:00:00-04:00,426.9208242937579,428.6430492710812,424.33748682777303,428.3686218261719,77101300,0.0,0.0,0.0,410.1043975830078,410.5348317464193,420.32983551025393,2.863814241914895,432.5601367264843,387.64865843953135,53.7986873835202,144.22910287561643,5.957692364536559
2022-03-28 00:00:00-04:00,427.77242934517386,431.41558837890625,425.87988219808983,431.41558837890625,68529800,0.0,0.0,0.0,411.08058166503906,411.0651875813802,420.03372446695965,3.7760985913476475,435.47708272649703,386.6840806035811,54.8061165227735,154.564923686563,3.332570566284876
2022-03-29 00:00:00-04:00,435.3047964568444,437.2446747767382,432.6173827415092,436.7525939941406,86581500,0.0,0.0,0.0,412.6372772216797,411.8187245686849,419.8454299926758,4.873562861875257,439.42259472983585,385.85195971352357,56.52388318801113,180.4217987836979,1.9507540291002285
2022-03-30 00:00:00-04:00,435.60762945908306,436.4214398536475,431.9455548784965,434.0557556152344,79666900,0.0,0.0,0.0,413.6860382080078,412.2597391764323,419.56895243326824,5.462727956855929,442.1352898229207,385.2367865930949,55.422717072012176,157.2022080604449,1.3330195811429733
2022-03-31 00:00:00-04:00,433.2893334473063,434.11258705050625,426.9209002404847,427.3751220703125,121699900,0.0,0.0,0.0,414.503596496582,412.46234334309895,419.1836466471354,5.329143199119244,443.56395442415896,385.4432385690051,52.78737554119241,117.5555819311169,3.2046945715535866
2022-04-01 00:00:00-04:00,428.9553354432427,429.0972707248986,425.0093902232998,428.5863037109375,89048800,0.0,0.0,0.0,415.5486801147461,413.0053019205729,418.96270039876305,5.260370278217351,445.07610278402495,386.02125744546726,53.20469273885054,96.7819567866348,4.8809768376873635
2022-04-04 00:00:00-04:00,428.78503448200854,432.3619481479705,427.9617809293798,432.2578430175781,59601000,0.0,0.0,0.0,417.37825164794924,413.75963236490884,418.8098648071289,5.439427446949708,446.2457208231506,388.5107824727479,54.46680624088914,107.25427581056124,1.7671989407744293
2022-04-05 00:00:00-04:00,430.7627409154782,433.2325015603828,425.6528684021026,426.7978515625,74214500,0.0,0.0,0.0,419.084814453125,414.47849833170574,418.5951161702474,5.0821717514266425,445.75289893646107,392.4167299697889,52.296908997336104,85.85620136497434,3.855559795544855
2022-04-06 00:00:00-04:00,422.8802358321869,424.8106132427769,419.6439673154081,422.5300903320313,106898000,0.0,0.0,0.0,420.0516067504883,415.2947123209635,418.3183563232422,4.403905888954625,445.6756206905765,394.4275928104001,50.66481514901973,45.14539999677381,9.060462198903215
2022-04-07 00:00:00-04:00,421.6500972677455,426.47609894481815,419.70077574327007,424.65924072265625,78097200,0.0,0.0,0.0,421.2158889770508,415.9822255452474,418.01042022705076,3.992160804059722,445.33861937903896,397.0931585750626,51.44683208736052,48.92023939616756,7.393463069870913
2022-04-08 00:00:00-04:00,423.902215849486,426.4193072695884,421.9812814601947,423.5237121582031,79272700,0.0,0.0,0.0,422.5785705566406,416.33473510742186,417.6635899861654,3.5334903158345696,443.65461706771765,401.5025240455636,51.00081499914858,48.01811069491112,7.393463069839755
2022-04-11 00:00:00-04:00,420.2496199540027,421.0918174503352,415.7832355906516,416.2847595214844,89770500,0.0,0.0,0.0,423.72410278320314,416.4811635335287,417.29814961751305,2.5563990926055453,440.07818290713794,407.37002265926833,48.24262175384795,8.585456830747459,12.70727847618228
2022-04-12 00:00:00-04:00,419.2749706687826,421.8015343492119,413.1904372386116,414.7423400878906,84363600,0.0,0.0,0.0,424.35999298095703,416.7852854410807,416.90401560465494,1.6386970216681789,437.9101294398044,410.80985652210967,47.674315997196686,-0.4697667211760427,14.822362490566864
2022-04-13 00:00:00-04:00,414.49623018176845,420.24956105130474,414.3164358847849,419.4925537109375,74070400,0.0,0.0,0.0,424.78766479492185,416.9990193684896,416.7184473673503,1.2799594827817486,437.0311888978613,412.5441406919824,49.567091379560345,7.5163487282604855,14.822362490481856
2022-04-14 00:00:00-04:00,419.7197436710522,420.8363687322028,414.1651209368808,414.2692260742187,97869500,0.0,0.0,0.0,424.6971069335938,417.10719502766926,416.52034657796224,0.5676351666762685,437.2350512732835,412.15916259390406,47.6081438729238,-3.85469380638252,14.152464855965693
2022-04-18 00:00:00-04:00,413.3418635849445,416.12391091643246,412.2063234536488,414.4395446777344,66002500,0.0,0.0,0.0,424.38720245361327,417.3323588053385,416.40369771321616,0.016664207424753386,437.63399097175875,411.1404139354678,47.67789522746468,-20.455705060186567,15.847833978328767
2022-04-19 00:00:00-04:00,414.3354318811,421.8488481574368,414.1651095279501,421.1296997070313,77821000,0.0,0.0,0.0,424.41795806884767,418.18113505045574,416.53643595377605,0.1184894786397308,437.62969875947294,411.2062173782224,50.36317890525891,8.388684658852984,9.320405491857365
2022-04-20 00:00:00-04:00,422.9086685500845,423.5237406996165,419.65348460531936,420.8173828125,65224400,0.0,0.0,0.0,424.18706665039065,419.11949462890624,416.6347249348958,0.1720026371089034,437.4850764635075,410.8890568372738,50.238662782238585,20.65150397886773,7.487451990874895
2022-04-21 00:00:00-04:00,424.4416483063958,425.8326719146391,413.61627398000866,414.5246887207031,85417300,0.0,0.0,0.0,423.9154876708984,419.49717610677084,416.71256561279296,-0.2900125382179226,437.7867973159172,410.0441780258796,47.776637895205965,-11.056036698376769,12.93105129969517
2022-04-22 00:00:00-04:00,413.43647336370464,414.54359749502777,402.5827121441921,403.1504821777344,132471800,0.0,0.0,0.0,422.7586700439453,419.55640563964846,416.6179733276367,-1.556029365184088,439.38306856508774,406.13427152280286,43.76612251195135,-113.16463198520023,21.647526182116916
2022-04-25 00:00:00-04:00,400.9078010953179,405.65808479066646,396.33728283967,405.4877624511719,119647700,0.0,0.0,0.0,421.6146270751953,419.86366170247396,416.59598032633465,-2.34374065378438,439.6986210343417,403.5306331160489,44.75198026951319,-154.81622297410524,25.986229290259462
2022-04-26 00:00:00-04:00,402.95173179386785,403.1504700703284,393.7161197790121,393.7445068359375,103996300,0.0,0.0,0.0,419.7310729980469,419.8760080973307,416.20988006591796,-3.8709680012958643,441.07105631889345,398.39108967720034,41.01469151058217,-207.6162178996659,27.723858773160654
2022-04-27 00:00:00-04:00,394.82323647876274,400.19809313911514,392.7130645715548,394.85162353515625,122030000,0.0,0.0,0.0,417.63602447509766,419.6369110107422,415.7170817057292,-4.935083046829618,440.135596311596,395.13645263859934,41.491225130007116,-211.10977137533374,28.38940159546929
2022-04-28 00:00:00-04:00,399.601987737978,406.55710623337256,395.1639611208208,404.8254089355469,105449100,0.0,0.0,0.0,416.1745071411133,419.43312072753906,415.34271748860675,-4.916921548606069,437.9696279005345,394.3793863816921,45.587931186302136,-149.7110274006282,21.077463598773175
2022-04-29 00:00:00-04:00,400.8321484246278,402.9896517108529,389.11727319719967,389.8648376464844,145491100,0.0,0.0,0.0,414.2989929199219,418.55926920572915,414.649831644694,-6.040095046862007,438.37244842421165,390.2255374156321,41.12026125715231,-196.87181875919006,25.264268348374056
2022-05-02 00:00:00-04:00,389.93108536644223,393.5742455866184,383.2598371736033,392.2116088867187,158312500,0.0,0.0,0.0,412.4802581787109,417.6117350260417,414.16507517496746,-6.664034468817476,437.4869640044822,387.47355235293963,42.041963608342286,-197.15585981709432,29.036760648563064
2022-05-03 00:00:00-04:00,392.7131004763314,396.4224776148035,391.1517255979903,394.0094909667969,100028200,0.0,0.0,0.0,410.5678405761719,416.7282318115234,413.6772659301758,-6.933511690812622,435.05075580002455,386.0849253523192,42.752190961704734,-146.94309328682934,25.841437318949254
2022-05-04 00:00:00-04:00,394.67183940897127,406.5759792490273,391.48290152050896,406.0082092285156,144247900,0.0,0.0,0.0,409.52835845947266,416.0806650797526,413.41207529703775,-6.108463479864724,432.8475573480262,386.2091595709191,47.217680834322486,-90.1113329323508,15.31123498853087
2022-05-05 00:00:00-04:00,401.7405161814466,402.16635092774,387.44233342518896,391.5775451660156,172929100,0.0,0.0,0.0,407.98073120117186,415.13470764160155,412.84851531982423,-6.543610151716223,431.77043524754447,384.19102715479926,43.040684223488896,-121.96425703655203,18.131435991824887
2022-05-06 00:00:00-04:00,389.01310741996485,392.5143026353419,383.9316224860018,389.2402038574219,151770800,0.0,0.0,0.0,406.2097793579102,413.8998199462891,412.14223124186196,-6.996420552835673,430.045055581264,382.37450313455633,42.4120360369526,-134.9245857783298,20.510679784974762
2022-05-09 00:00:00-04:00,383.3354400955876,384.5750561979862,375.19748138207063,376.77777099609375,155586100,0.0,0.0,0.0,403.8724822998047,412.1801249186198,411.3574783325195,-8.265609436635316,429.6479645771746,378.09700002243477,39.24996428721394,-164.142987012482,26.04231424365121
2022-05-10 00:00:00-04:00,382.7582487909865,384.2628205444741,373.6077980656533,377.64837646484375,132497200,0.0,0.0,0.0,401.94066314697267,410.38788452148435,410.7265360514323,-9.096343203511026,429.5270219335281,374.35430436041725,39.575528958868446,-148.9309309668499,26.998821416995167
2022-05-11 00:00:00-04:00,376.6832315730373,382.3324875102671,370.90148343777554,371.6490478515625,142361000,0.0,0.0,0.0,399.78599853515624,408.2177663167318,410.01824544270835,-10.122119882282107,429.78821456083574,369.78378250947674,38.11926607214335,-150.8004253513673,28.624537781968705
2022-05-12 00:00:00-04:00,368.4505828254061,374.5351157341159,364.4573066901353,371.2610168457031,125090800,0.0,0.0,0.0,397.37442169189455,406.1246083577474,409.19217376708986,-10.841393316176607,428.4418993450463,366.3069440387428,38.025644340333,-158.26621442670998,32.33632363171406
2022-05-13 00:00:00-04:00,375.396274457315,381.518667152991,374.35536749244255,380.1371154785156,104174400,0.0,0.0,0.0,395.6678161621094,404.5500081380208,408.5061757405599,-10.573313143349083,426.57713704689655,364.7584952773222,41.4296398712165,-112.41833017858315,25.04617253307028
2022-05-16 00:00:00-04:00,378.4905892750784,382.26621234005705,376.2384531036934,378.59466552734375,78622400,0.0,0.0,0.0,393.87557220458984,402.8836201985677,407.9444610595703,-10.36582966338284,424.35578484189114,363.39535956728855,41.02456697501093,-103.9468390521319,24.287994814643977
2022-05-17 00:00:00-04:00,384.6886692136373,386.6190757634291,380.9508763229202,386.3825073242187,83029700,0.0,0.0,0.0,392.1382125854492,401.3544423421224,407.5570373535156,-9.463889931312337,419.9191077926136,364.3573173782848,43.89000834891307,-75.20061507838926,19.908622430788675
2022-05-18 00:00:00-04:00,381.82143279357103,382.1053033485448,369.5671769928699,370.8067932128906,117674500,0.0,0.0,0.0,389.63768310546874,399.4880737304687,406.98328603108723,-9.89189850416858,415.48512154868416,363.7902446622533,39.88097004475449,-113.55296703126747,26.87900212638809
2022-05-19 00:00:00-04:00,367.7409001168937,372.96434969897865,366.3120175133911,368.5357666015625,98510700,0.0,0.0,0.0,387.3382369995117,397.6882629394531,406.4914876302083,-10.295669184043163,412.01981604829405,362.65665795072937,39.33897527201624,-126.07036909033981,28.71421200411123
2022-05-20 00:00:00-04:00,372.1221001134453,375.6990132327795,360.09497051983396,368.6965942382813,131432200,0.0,0.0,0.0,385.61554260253905,395.822841389974,405.9025334676107,-10.481854615385714,410.4592090120773,360.7718761930008,39.39931018161059,-123.29485832894996,32.082139705744055
2022-05-23 00:00:00-04:00,371.72474625349577,376.36151125162365,369.4063926324182,375.5950317382813,76414900,0.0,0.0,0.0,384.1209060668945,394.2252187093099,405.2799769083659,-9.957972350877583,407.48333029208584,360.7584818417032,41.960805750532764,-93.14227066622823,31.39780023316527
2022-05-24 00:00:00-04:00,371.4691925228241,373.92003788214953,366.1700541533183,372.7277526855469,91448800,0.0,0.0,0.0,383.070068359375,392.7733184814453,404.627241007487,-9.662770930174815,406.5004519913743,359.6396847273757,41.21180854128911,-99.06196297385655,33.148184144426544
2022-05-25 00:00:00-04:00,371.2326096418207,377.9890172972856,370.83519088442847,376.020751953125,91472900,0.0,0.0,0.0,382.12852478027344,391.48259887695315,404.13394215901695,-9.058681317906519,405.0738896356085,359.18315992493837,42.432645260695814,-75.77184226982838,28.871501993972473
2022-05-26 00:00:00-04:00,377.2509075043551,385.1712128882923,377.04272615796106,383.5341491699219,82168300,0.0,0.0,0.0,381.0639617919922,390.2839853922526,403.6415023803711,-7.882799577975675,401.40312671860914,360.72479686537525,45.12250558957754,-40.38103172397926,21.73194477726877
2022-05-27 00:00:00-04:00,385.99452816985354,393.0631942254229,385.7958187685275,392.94964599609375,84768700,0.0,0.0,0.0,381.2182022094727,389.5733327229818,403.34026387532555,-6.120598472774304,401.88256773972967,360.5538366792157,48.25678026636508,5.3371099866570795,14.520071654662546
2022-05-31 00:00:00-04:00,391.3314359884752,394.08509563165984,388.00056331033727,390.7447509765625,95937000,0.0,0.0,0.0,381.14485931396484,388.78350626627605,403.0579325358073,-4.8460952326757365,401.6547725554983,360.6349460724314,47.59821117650368,11.710498056503406,13.618420653026595
2022-06-01 00:00:00-04:00,392.8645136255513,393.8770046632853,385.06719773018256,387.5842895507813,86585800,0.0,0.0,0.0,380.82359924316404,387.6653259277344,402.92323048909503,-4.044443232573315,400.6758000975956,360.9713983887325,46.654109561894884,6.288201860425452,15.591850486430548
2022-06-02 00:00:00-04:00,387.42343703743313,395.0125426179488,385.17130074310455,394.9652404785156,79609600,0.0,0.0,0.0,380.2714508056641,386.8035878499349,402.96154123942057,-2.781483976348227,397.6323021242682,362.9105994870599,49.09352739680263,31.43227047212172,14.54392278335445
2022-06-03 00:00:00-04:00,390.2432399078514,391.7951425251517,387.50852412899536,388.4831848144531,71874300,0.0,0.0,0.0,380.1167327880859,385.93553771972654,402.7163569132487,-2.2773752220076062,397.1044810379486,363.1289845382233,47.13533431106534,23.9455469714086,14.543922783264879
2022-06-06 00:00:00-04:00,392.49536446108146,394.22703245074865,388.4926167185688,389.666015625,57508900,0.0,0.0,0.0,380.13802337646484,385.4860555013021,402.52123057047527,-1.7621083529847965,397.17491256568064,363.10113418724904,47.53040256829862,40.42416661287011,12.212431212909527
2022-06-07 00:00:00-04:00,386.1742927298047,393.8580303540427,385.7105989918035,393.40380859375,59272400,0.0,0.0,0.0,380.96932525634764,385.083257039388,402.473459370931,-1.0401567133317826,398.9141680749646,363.0244824377307,48.78166378630538,46.511379311948325,14.277320499755163
2022-06-08 00:00:00-04:00,391.69104143143073,393.479512475004,388.3317815558461,389.1266479492187,64350000,0.0,0.0,0.0,381.5432388305664,384.9293284098307,402.4026682535807,-0.8038694491978049,399.77281716564147,363.3136604954913,47.442386943774075,44.02742048009581,14.277320499690887
2022-06-09 00:00:00-04:00,387.3476880954644,389.61873928900354,379.87213134765625,379.87213134765625,86289800,0.0,0.0,0.0,381.9543930053711,384.4300120035807,402.03346150716146,-1.3478352309929846,399.6061403754776,364.30264563526464,44.69574906830121,-9.264511965612611,20.37223088698812
2022-06-10 00:00:00-04:00,373.6645386433497,374.5161791416106,368.8101502618891,368.8574523925781,132893900,0.0,0.0,0.0,381.83421478271487,383.2310801188151,401.3321004231771,-2.637323150685006,399.82203278563674,363.846396779793,41.72176327787229,-103.12811003954884,27.358717810756556
2022-06-13 00:00:00-04:00,359.4420637467876,361.2967520769685,353.2439538052529,354.8526306152344,170004900,0.0,0.0,0.0,380.56999053955076,382.0640065511068,400.31163787841797,-4.734744504184107,402.2377111968985,358.90226988220303,38.364174343177375,-197.71087447568524,35.58584931868549
2022-06-14 00:00:00-04:00,356.60326183152415,357.6346967344851,350.6795790257293,353.7833557128906,104011800,0.0,0.0,0.0,379.3294250488281,380.78306477864584,399.19739990234376,-6.40936442287682,404.0932352500942,354.565614847562,38.1218628418214,-192.35131688078008,36.805585424082274
2022-06-15 00:00:00-04:00,357.08582684228884,363.27446487884,352.1273619331276,358.8269958496094,125666800,0.0,0.0,0.0,377.95164947509767,379.6103149414063,398.16927337646484,-7.246005722366476,404.0911868903849,351.81211205981043,39.97190121570644,-150.7678064050472,31.155261793210517
2022-06-16 00:00:00-04:00,350.60386426743156,351.01075501197846,344.51930266450194,346.95123291015625,134473300,0.0,0.0,0.0,376.7588714599609,377.6417490641276,396.8612070719401,-8.766272664745031,406.2352873517748,347.28245556814704,37.25852596397035,-204.51460817051773,34.907058401226074
2022-06-17 00:00:00-04:00,347.3665849634016,351.0444787331084,344.19238154711957,347.6991882324219,111113900,1.577,0.0,0.0,375.71704254150393,376.17913716634115,395.65692240397135,-9.79779850369573,407.7769150879397,343.65716999506816,37.53479399002248,-182.48129582718386,35.064363926193074
2022-06-21 00:00:00-04:00,353.4299145965904,357.8395764065463,353.3538694431423,356.4520568847656,76811900,0.0,0.0,0.0,375.1048156738281,375.08619893391926,394.4930094401042,-9.796083658769874,408.18072461951533,342.0289067281409,40.69603528881085,-119.9081120571255,28.39281338973964
2022-06-22 00:00:00-04:00,352.2229356289405,359.9208687301767,351.80477429485757,355.8058166503906,90059400,0.0,0.0,0.0,374.11535491943357,374.3871337890625,393.28362935384115,-9.73465576581492,408.29508182727096,339.9356280115962,40.539337468326536,-109.79771038045018,26.41428273767202
2022-06-23 00:00:00-04:00,357.9441431467789,360.02540799730696,354.3802877819863,359.29364013671875,79292100,0.0,0.0,0.0,373.4436492919922,373.7753092447917,392.08159688313805,-9.29736131782903,408.2602794525167,338.62701913146765,41.79071084707206,-89.98296345252676,26.313143369450867
2022-06-24 00:00:00-04:00,362.46781975387455,370.7264623574381,362.4393100729595,370.7169494628906,98050300,0.0,0.0,0.0,373.17845916748047,373.7442392985026,390.9810028076172,-7.937537729224289,407.99323571129355,338.3636826236674,45.665045837190156,-30.94804901240856,16.447516253059995
2022-06-27 00:00:00-04:00,371.6387840560035,371.9333937461517,368.20799359853146,369.3009033203125,66009600,0.0,0.0,0.0,372.466796875,373.6789021809896,389.9017552693685,-6.894653553181513,406.97077688060676,337.96281686939324,45.27858415819143,-20.479049425132686,15.395927566853176
2022-06-28 00:00:00-04:00,370.859544492515,373.64409647087297,361.64102718888944,361.7550659179687,86548900,0.0,0.0,0.0,370.9070678710938,373.066167195638,388.8080876668294,-6.600954649025198,404.3153271800084,337.49880856217914,43.26037526657211,-40.93957983562856,19.48834475594243
2022-06-29 00:00:00-04:00,362.3063153699562,363.2946704214848,359.6358019467903,361.4604797363281,65676000,0.0,0.0,0.0,369.442854309082,372.4950276692708,387.6893239339193,-6.319123867962105,401.73871336264705,337.14699525551697,43.18264132933568,-60.41643582924368,20.700012029727457
2022-06-30 00:00:00-04:00,357.56399038001507,361.7646008408261,354.0666671292307,358.52386474609375,112508300,0.0,0.0,0.0,367.98983306884764,371.56640625,386.4604242960612,-6.260563353609882,399.4532426541962,336.5264234834991,42.39701938555625,-74.24155354114616,23.986725824270263
2022-07-01 00:00:00-04:00,357.8680810567147,362.7529525002182,355.2450743514729,362.3157653808594,74839700,0.0,0.0,0.0,366.3573593139648,371.2833719889323,385.38572285970054,-5.840849357499508,395.2071233593222,337.5075952686074,43.76366098639559,-59.68898312992505,23.050417511886543
2022-07-05 00:00:00-04:00,357.221845993929,363.0190563072348,354.38975859425415,363.0000305175781,81438000,0.0,0.0,0.0,365.0832015991211,371.0988474527995,384.39355519612633,-5.39086596664913,392.0049875370594,338.1614156611828,44.01163046143522,-56.6919151545778,23.56714551797053
2022-07-06 00:00:00-04:00,363.1425568197513,366.7159247303021,360.75716958402745,364.2259826660156,70426200,0.0,0.0,0.0,363.8111999511719,370.9498270670573,383.38633422851564,-4.879083754379337,388.1196453795644,339.50275452277936,44.46548483983796,-35.54365018758738,19.965162532082445
2022-07-07 00:00:00-04:00,366.00319713599873,370.47939144659864,364.24502265222054,369.68109130859375,64525900,0.0,0.0,0.0,362.62506408691405,370.75269571940106,382.4889572143555,-3.9873473287842103,382.820802243085,342.4293259307431,46.463158737016066,-12.285462064369424,16.39210899911854
2022-07-08 00:00:00-04:00,368.04645446042775,371.2491967887842,366.516386504775,369.3769836425781,72397800,0.0,0.0,0.0,361.63758087158203,370.64100341796876,381.70716094970703,-3.26751287948116,377.931746743284,345.34341499988005,46.366971475345856,-7.11829985912314,15.663162696076032
2022-07-11 00:00:00-04:00,366.6969600116307,367.66631821985214,364.4636048722329,365.1573791503906,58366900,0.0,0.0,0.0,360.90184326171874,370.2788909912109,380.88074493408203,-3.0029100324868523,374.89573816482925,346.9079483586082,45.028934439863676,-22.987680763247578,17.095467226172435
2022-07-12 00:00:00-04:00,364.60608154818266,366.99149752590097,360.1773947183314,361.9260559082031,62219200,0.0,0.0,0.0,360.5552734375,369.5586212158203,379.9213033040365,-3.0191482881217553,374.0541488775833,347.05639799741664,44.02254410645826,-35.11619750126257,20.02908862444249
2022-07-13 00:00:00-04:00,356.4805310045145,362.9620020597862,356.0623697104502,360.0253601074219,84224600,0.0,0.0,0.0,360.81390991210935,368.4611450195313,379.0172388712565,-3.1490867769222746,374.04836333495354,347.57945648926517,43.431882277575546,-50.60127719035453,22.744148714943098
2022-07-14 00:00:00-04:00,355.064490796516,360.234458871572,352.6220841639683,359.15106201171875,89704800,0.0,0.0,0.0,361.0822952270508,367.40802205403645,378.09576416015625,-3.2847479848771286,373.92844439326495,348.23614606083663,43.15634611220717,-61.181512984615175,24.94786519429919
2022-07-15 00:00:00-04:00,363.56074662755304,366.12673404152474,361.650539910931,366.0126953125,79060400,0.0,0.0,0.0,361.4415802001953,366.6889689127604,377.1771474202474,-2.806235471561422,374.4233699623371,348.45979043805346,45.94074373424184,-12.665216060724319,18.936787687180164
2022-07-18 00:00:00-04:00,369.1013562443131,369.7761047012278,361.7645652536722,362.9905395507813,63203600,0.0,0.0,0.0,362.24354553222656,365.6231455485026,376.21336669921874,-2.640436264382174,373.29432548463274,351.1927655798204,44.93780654775494,-5.669354235036419,15.38036312068184
2022-07-19 00:00:00-04:00,366.91550902545094,373.3684709198661,366.2597863554096,372.7982482910156,78506000,0.0,0.0,0.0,363.4984985351563,365.1003143310547,375.51792602539064,-1.6980648348711043,373.21483349140044,353.7821635789121,48.69778859502278,47.20048178338939,11.970881309588764
2022-07-20 00:00:00-04:00,372.9883441739243,376.5902220427515,371.6198214217243,375.1741638183594,71843800,0.0,0.0,0.0,364.4346038818359,364.61725260416665,375.05165405273436,-0.7508567516213702,374.87316588338217,353.9960418802897,49.56093796472953,87.83922750199183,8.983090163002974
2022-07-21 00:00:00-04:00,374.59442084284586,379.0421048535145,372.1900078667484,378.9945983886719,64903900,0.0,0.0,0.0,365.59404296875,364.13694559733074,374.6101013183594,0.30457862692253457,377.0944180671075,354.0936678703925,50.934139618380584,120.00625566739492,6.7407253673474266
2022-07-22 00:00:00-04:00,379.1182025989379,380.3156383047251,373.2544596880856,375.4783020019531,72197300,0.0,0.0,0.0,366.40327606201174,363.6820007324219,374.30566457112633,0.8475134296683109,378.30758591374536,354.4989662102781,49.64720037475795,129.2549788324586,5.573549826785519
2022-07-25 00:00:00-04:00,376.1054452625429,376.7897064873113,373.6915196914538,375.9343872070313,53631500,0.0,0.0,0.0,366.6641479492188,363.550742594401,373.9903772989909,1.299614292285412,379.17946938536227,354.1488265130753,49.81733259858304,127.91236381173549,5.573549826770181
2022-07-26 00:00:00-04:00,374.2903039017584,374.4993845551237,370.59341339787153,371.48675537109375,52946400,0.0,0.0,0.0,366.7734405517578,363.6383860270182,373.4347330729167,1.2842171089358771,379.42316866688554,354.12371243663006,48.17525717670856,92.37730419658911,8.187166485547413
2022-07-27 00:00:00-04:00,374.78449853291994,382.8815960228277,374.4898888264092,381.1329345703125,82342100,0.0,0.0,0.0,367.742333984375,364.51439615885414,373.2892013549805,2.0270146124152575,381.6768431832563,353.8078247854937,51.74398814399959,153.78737826345758,0.4085147922874034
2022-07-28 00:00:00-04:00,381.9407652653173,386.6070143182949,378.38639383024014,385.9132690429687,73966600,0.0,0.0,0.0,368.96497344970703,365.58539326985675,373.1842290242513,2.9672158096846033,384.7472709229176,353.18267597649645,53.38944735756712,177.29047693653834,2.804512167632988
2022-07-29 00:00:00-04:00,387.3482705951752,392.52775161157655,386.5784802133014,391.5393676757813,87003700,0.0,0.0,0.0,370.6157485961914,366.6758056640625,373.1430603027344,4.118831843100793,388.5584626507649,352.6730345416179,55.247365664191335,210.0099474037913,7.662388644130366
2022-08-01 00:00:00-04:00,388.84030221771746,392.88885045045953,388.1275312754867,390.3798828125,69997500,0.0,0.0,0.0,372.0189544677734,368.12342732747396,372.8825881958008,4.881662343514392,391.5479948510998,352.48991408444704,54.78182262465385,192.5099157621524,7.952647329104205
2022-08-02 00:00:00-04:00,388.81179345563703,392.4991997792288,386.62597416207234,387.8044128417969,63435400,0.0,0.0,0.0,373.25917358398436,369.46026814778645,372.81970265706383,5.218239491833458,393.5135977901147,353.004749377854,53.7412540087624,164.91643683113486,6.512371531960168
2022-08-03 00:00:00-04:00,389.9332658563709,395.0462147637368,389.6481690410905,393.8772888183594,67820600,0.0,0.0,0.0,374.7417388916016,370.70777587890626,372.89698740641273,5.9069183669449785,396.4973006219268,352.9861771612764,55.789674611637246,174.98577100602088,8.650969785803412
2022-08-04 00:00:00-04:00,393.80123040665455,394.48549174301655,391.96703995040895,393.6111755371094,45656600,0.0,0.0,0.0,375.93824310302733,371.96795450846355,373.17754414876305,6.3579378692609225,399.1081385131892,352.76834769286546,55.67791018336126,159.8795416965706,8.65096978578318
2022-08-05 00:00:00-04:00,389.3250180600784,393.5921310646699,389.2679987016488,392.9458923339844,56814900,0.0,0.0,0.0,377.11668853759767,373.0896962483724,373.43250274658203,6.585774570036847,401.258569975946,352.97480709924935,55.39093014063192,135.22737945569682,5.9036418923375775
2022-08-08 00:00:00-04:00,394.637510773779,396.88986230561017,391.3872625234864,392.48968505859375,53886100,0.0,0.0,0.0,378.4833038330078,373.8154541015625,373.7798467000326,6.652834942465063,402.8679227157691,354.09868495024654,55.18913937106612,131.6807152551528,8.817818451816626
2022-08-09 00:00:00-04:00,391.7579620888554,392.26165245097286,389.8572393634721,390.93115234375,44931800,0.0,0.0,0.0,379.93355865478514,374.5364624023438,374.10768229166666,6.505231941417378,403.61182972215573,356.25528758741456,54.48762353695901,105.00061495607424,7.223992033732645
2022-08-10 00:00:00-04:00,397.9923437821938,399.28485036063125,396.03460162898654,399.1422729492187,68665700,0.0,0.0,0.0,381.889404296875,375.78270263671874,374.42443491617837,6.970473035147734,405.1013302944025,358.6774782993475,57.43633728425508,135.4297570284157,13.25702213377026
2022-08-11 00:00:00-04:00,401.993357133819,403.85608634972215,398.40099222133176,399.1422729492187,59489700,0.0,0.0,0.0,383.88896484375,377.03876241048175,374.7668950398763,7.255542575419099,405.7012433013941,362.0766863861059,57.43633728425509,135.84090235159522,16.895713562818212
2022-08-12 00:00:00-04:00,401.0810138483799,406.0038788583054,400.130652464098,405.89935302734375,61694500,0.0,0.0,0.0,385.8832977294922,378.6179453531901,375.09217580159503,7.935229741973103,408.10364159506855,363.66295386391585,59.73379211206628,141.3472565510684,18.556258208717036
2022-08-15 00:00:00-04:00,403.6849557261061,408.0946460440883,403.6279363687809,407.5719299316406,54048300,0.0,0.0,0.0,388.1123672485352,380.12648417154946,375.7049280802409,8.510743146972402,409.59541250215375,366.6293219949166,60.28274802431629,140.85976644439052,20.162716637023124
2022-08-16 00:00:00-04:00,406.4980568196023,410.29950209001703,405.69024389909407,408.3702697753906,59289000,0.0,0.0,0.0,389.8909683227539,381.6388254801432,376.36883646647135,8.928340666664496,411.9187870896113,367.8631495558965,60.548323012004005,136.90618085974518,21.84449654398977
2022-08-17 00:00:00-04:00,404.76839107782297,408.1801847177208,403.4664007169476,405.4716491699219,63563400,0.0,0.0,0.0,391.40584259033204,383.01368103027346,376.9817540486654,8.922541744429566,413.33920673640716,369.4724784442569,59.06490244465354,115.43390193422186,19.224055014580905
2022-08-18 00:00:00-04:00,405.67124641632466,407.3343788381746,404.3787688555106,406.650146484375,49023200,0.0,0.0,0.0,392.7886199951172,384.24598286946616,377.4993392944336,8.91032822366708,414.91363584256976,370.6636041476646,59.482411829168804,109.28450334755229,19.22405501452407
2022-08-19 00:00:00-04:00,403.8845695793236,404.1506695923492,400.3112016877868,401.185546875,68016900,0.0,0.0,0.0,394.07398223876953,385.3062683105469,377.9736358642578,8.363294547978057,414.9143312596936,373.23363321784547,56.70801935768325,82.91894649247023,14.407887221546268
2022-08-22 00:00:00-04:00,396.3481983345936,396.5192854235155,391.9290237582037,392.8318786621094,77695600,0.0,0.0,0.0,394.9188568115234,386.22875162760414,378.25382130940756,7.173009223284794,413.95479154033046,375.8829220827164,52.812559982230155,40.01633821697592,5.33672504944816
2022-08-23 00:00:00-04:00,392.40421793285645,394.7991472328157,391.33030490584025,391.8815307617187,49105200,0.0,0.0,0.0,395.9385955810547,387.2272674560547,378.3929443359375,6.082894572587577,411.5699202762653,380.3072708858441,52.38903091682932,31.230612165625367,4.723190329178761
2022-08-24 00:00:00-04:00,391.6533959625738,394.50447996842576,390.9691636437866,393.135986328125,49177800,0.0,0.0,0.0,396.5387481689453,388.33095499674477,378.39605000813805,5.259565936198101,410.62158833395915,382.4559080039314,52.904756842543414,28.67464070803523,4.343959113004065
2022-08-25 00:00:00-04:00,394.6280951098861,398.7336636998838,393.5351851989176,398.6861572265625,50942300,0.0,0.0,0.0,397.177392578125,389.64879150390624,378.5284067789714,4.997318490056614,410.36114305613046,383.9936421001196,55.129340416765494,49.94026349572731,8.363996153181454
2022-08-26 00:00:00-04:00,398.57198910381624,399.1136729342151,385.1338681006036,385.1908874511719,103087000,0.0,0.0,0.0,396.8599685668945,390.28806457519534,378.48851674397787,3.6583587311960173,410.8935927337294,382.8263444000596,49.274773300410715,-2.1726489352921354,0.2507296923077713
2022-08-29 00:00:00-04:00,382.2353335276929,385.69463364222986,381.28497221012304,382.64398193359375,65370800,0.0,0.0,0.0,396.4731735229492,390.94317932128905,378.2831624348958,2.364453537168572,411.6395347832434,381.306812262655,48.27390046191268,-58.92090327669983,3.872461716822187
2022-08-30 00:00:00-04:00,383.8034109464827,384.0410012678557,376.34306905482566,378.443359375,85652400,0.0,0.0,0.0,396.0051208496094,391.1313496907552,378.11583201090497,0.9886724142430694,412.7894071178105,379.22083458140827,46.656957261334334,-93.0600352271819,8.295090575577827
2022-08-31 00:00:00-04:00,380.07799803546214,381.3229690519403,375.4307462340977,375.5637817382813,76029700,0.0,0.0,0.0,395.08944549560545,391.1443369547526,377.8807947794596,-0.3301955979780473,414.19956797015783,375.97932302105306,45.57442229141011,-113.0321095904998,9.093827227522455
2022-09-01 00:00:00-04:00,373.3875044699216,377.0843952355188,370.6789686786316,376.7422790527344,78740100,0.0,0.0,0.0,394.2460006713867,391.0692596435547,377.6031026204427,-1.265722652576926,415.04524134930836,373.44675999346504,46.10384958901468,-132.90650463984431,13.168736719685768
2022-09-02 00:00:00-04:00,380.4106274783638,381.62708880615634,370.954520756476,372.7697143554687,99632100,0.0,0.0,0.0,393.23719177246096,390.9789733886719,377.3304870605469,-2.301161002798665,416.151570825289,370.3228127196329,44.591268225185466,-129.5590853297692,8.364840819595893
2022-09-06 00:00:00-04:00,373.6156334387337,374.5564820738422,369.1394387470958,371.36328125,76637400,0.0,0.0,0.0,392.1808715820313,390.82660319010415,377.1886728922526,-3.1983719123510923,417.1004035257745,367.26133963828806,44.061829818565045,-153.80243172268518,9.944929125125034
2022-09-07 00:00:00-04:00,371.0495973756983,378.8045499413538,370.8310328137159,378.0347595214844,70964200,0.0,0.0,0.0,391.53605194091796,391.0448699951172,377.3416280110677,-3.332668553023325,417.24660449190503,365.8254993899309,47.14151673389813,-123.18457383615994,5.538872039998822
2022-09-08 00:00:00-04:00,375.7634126219765,380.9618617031352,374.5564350669581,380.5057067871094,80821700,0.0,0.0,0.0,390.6042236328125,391.0239624023437,377.76917928059896,-3.2027949875967465,416.50424302128454,364.7042042443404,48.233489631702916,-99.89361302108759,3.362747814349368
2022-09-09 00:00:00-04:00,382.7485817114568,387.2818246339176,382.4824816512308,386.4169921875,76706900,0.0,0.0,0.0,389.96795959472655,391.04075317382814,378.31307322184244,-2.592987575478105,415.60875871627184,364.32716047318127,50.75135859474521,-46.202554162872524,2.716308332279856
2022-09-12 00:00:00-04:00,388.4886832810648,391.29226066106133,388.1845607104956,390.5699768066406,69256300,0.0,0.0,0.0,389.2014907836914,391.00844014485676,378.84212290445964,-1.7543762992089569,413.7294292784477,364.67355228893507,52.43284388899764,-8.33298817702185,6.332579491153877
2022-09-13 00:00:00-04:00,381.883702988719,383.0906805107276,372.4656471755256,373.5870666503906,122947100,0.0,0.0,0.0,387.5022476196289,390.4486796061198,379.2860534667969,-2.4321138439501055,411.3715520754661,363.6329431637917,45.81546549945177,-108.8487314030679,7.594859525516954
2022-09-14 00:00:00-04:00,374.88902163325827,376.53315711649486,371.7053054907733,375.0125732421875,85023700,0.0,0.0,0.0,385.83436279296876,390.02228495279945,379.741276550293,-2.821672775168622,408.17697430544075,363.49175128049677,46.40282611194861,-113.0399681883935,8.196550433465253
2022-09-15 00:00:00-04:00,373.4539664457312,376.3050503313671,369.4814631923993,370.75494384765625,87633800,0.0,0.0,0.0,384.0985275268555,389.2515401204427,379.9796579996745,-3.434366900613952,405.3868576719595,362.8101973817515,44.89903215497811,-116.39705439599386,9.970256985742106
2022-09-16 00:00:00-04:00,366.5714428970576,368.58492846304785,364.6342566105422,367.9264831542969,103084800,1.596,0.0,0.0,382.16234436035154,388.3953837076823,380.1816691080729,-4.100892018303568,401.79395232324055,362.53073639746253,43.920849000896204,-135.17036888598292,13.728633177721882
2022-09-19 00:00:00-04:00,364.77741710532587,370.77972412109375,364.7010595826664,370.77972412109375,73278500,0.0,0.0,0.0,380.6420532226563,387.65651143391926,380.37310384114585,-4.348755528905031,398.71853550137746,362.5655709439351,45.167466089047004,-113.19420322129105,11.547412734345931
2022-09-20 00:00:00-04:00,367.44947293300737,368.4609920383029,363.7660220631337,366.5238342285156,77274900,0.0,0.0,0.0,379.32665100097654,386.7909830729167,380.3032185872396,-4.8328933075146665,397.49679920995703,361.15650279199605,43.669556448935666,-117.21844743456259,12.288796398657228
2022-09-21 00:00:00-04:00,368.4513532726731,371.5050138173394,360.12063601648464,360.13018798828125,106746600,0.0,0.0,0.0,377.7390838623047,385.7642842610677,380.15037333170574,-5.667162283623384,396.81623832402573,358.6619294005837,41.52915864009475,-119.59204915725947,15.15684832933527
2022-09-22 00:00:00-04:00,359.3571850053135,360.9985223543948,356.3608073472819,357.1051330566406,89472600,0.0,0.0,0.0,375.93754119873046,384.36304626464846,380.07287445068357,-6.497523700664203,395.68589946295435,356.18918293450656,40.55622950694279,-139.19965161397374,18.017092069416538
2022-09-23 00:00:00-04:00,353.6315801864885,353.6697589480902,346.675007940967,351.12188720703125,122346900,0.0,0.0,0.0,373.55932769775393,382.7623667399088,379.9005645751953,-7.551341873520755,393.22863598226036,353.8900194132475,38.70108373178273,-165.50524423861688,24.775383357489833
2022-09-26 00:00:00-04:00,349.6523393463072,353.27853570562985,346.42691809015844,347.64837646484375,92581200,0.0,0.0,0.0,371.6822021484375,380.82066752115884,379.71930643717445,-8.568016890109618,393.70276777430996,349.66163652256506,37.666348944920344,-160.94418440755328,24.93933763960071
2022-09-27 00:00:00-04:00,351.1886701822386,353.4598260291323,344.3656797923764,346.7608947753906,108294100,0.0,0.0,0.0,369.88804779052737,378.79363301595055,379.46005859375,-9.337712187278271,393.904846177969,345.87124940308576,37.40203796669558,-157.07160373736852,26.319586188858757
2022-09-28 00:00:00-04:00,347.71519752115427,355.27296245080464,346.01660643811806,353.58392333984375,110802200,0.0,0.0,0.0,368.6450759887695,376.96742146809896,379.3031234741211,-9.290049959835471,393.36056404794726,343.9295879295918,40.71089220760515,-133.36849224480605,24.240682964634537
2022-09-29 00:00:00-04:00,350.0340115514208,350.32027945929735,343.249200037984,346.1978759765625,112952300,0.0,0.0,0.0,367.1767807006836,374.9916290283203,379.0026550292969,-9.736038603099757,393.5923000250874,340.7612613762798,38.435738079425576,-150.2028353630802,26.15945847682147
2022-09-30 00:00:00-04:00,345.25315265968237,349.17519794486384,340.7108699138818,340.8444519042969,153711200,0.0,0.0,0.0,365.3818893432617,372.79810587565106,378.5220443725586,-10.401561670076148,393.85870714306134,336.9050715434621,36.88994613539345,-152.59281486223335,27.892336365749024
2022-10-03 00:00:00-04:00,344.5660844856892,351.6944470852205,342.78161312339256,349.8431701660156,89756500,0.0,0.0,0.0,364.2355621337891,371.0866933186849,378.1964808146159,-10.08660009004791,393.2999334710699,335.17119079650826,41.01500034136689,-119.41253964043239,24.883325105549233
2022-10-04 00:00:00-04:00,355.3683901017397,360.7122815791371,349.8050362444443,360.68365478515625,103602800,0.0,0.0,0.0,363.7015808105469,370.0150858561198,378.121918741862,-8.860120305991188,392.60655372376584,334.79660789732793,45.45778420561419,-67.7995281843914,14.875046426336544
2022-10-05 00:00:00-04:00,356.3131384107271,362.1055067151951,353.9847287224127,359.8439025878906,88065700,0.0,0.0,0.0,362.7920379638672,368.94716491699216,378.08721618652345,-7.865221843552092,390.93269682834205,334.65137909939233,45.18505345163127,-55.02921787542052,13.422280619794682
2022-10-06 00:00:00-04:00,358.441111032702,361.3993391526018,355.6355688484854,356.1318054199219,82333500,0.0,0.0,0.0,361.57334289550784,367.7136922200521,378.02232360839844,-7.292232544857427,388.5719374681657,334.57474832285,43.97846987598211,-55.2815786625361,13.422280619722025
2022-10-07 00:00:00-04:00,352.09522785371945,356.21766045831674,344.43247955302377,346.1978759765625,107789500,0.0,0.0,0.0,359.56238708496096,365.9640828450521,377.8064371744792,-7.552657151961739,384.6965899281056,334.4281842418163,40.951179916461854,-96.5116381091471,21.91947660565025
2022-10-10 00:00:00-04:00,347.3144037026543,347.5529700367685,341.31209570408595,343.5545959472656,76042800,0.0,0.0,0.0,357.2116180419922,364.5762064615885,377.43213551839193,-7.881483303432219,378.65905773487356,335.76417834911086,40.18967319558237,-114.29361980875149,24.066786638171074
2022-10-11 00:00:00-04:00,341.8559778454328,346.4269166005978,339.44168789952687,341.37884521484375,92482800,0.0,0.0,0.0,355.60120697021483,363.20070190429686,377.07194061279296,-8.22285731753044,376.70554965837476,334.4968642820549,39.56322064791685,-114.74406641338369,25.339972260752408
2022-10-12 00:00:00-04:00,341.7891897787711,343.36372158176107,340.0046893387279,340.2528076171875,76991800,0.0,0.0,0.0,353.8632186889648,361.9276835123698,376.5295166015625,-8.486434176052569,373.9366535470665,333.78978383086314,39.23578716697963,-112.50659572006144,25.339972260673473
2022-10-13 00:00:00-04:00,333.23895758959026,350.7020290219594,332.18925999717504,349.2324523925781,147254500,0.0,0.0,0.0,352.78709411621094,361.0499725341797,376.09715474446614,-7.8799038218600685,371.29416800699454,334.28002022542734,43.1193096830129,-91.14673019410986,30.547268959708283
2022-10-14 00:00:00-04:00,351.6944243183575,353.3262387618921,340.6344942548241,341.27386474609375,123737000,0.0,0.0,0.0,351.45446319580077,359.86769205729166,375.4684758504232,-7.949775592262313,369.19390020506336,333.7150261865382,40.73249309606099,-80.6538553154526,27.459357353321856
2022-10-17 00:00:00-04:00,347.3621566992135,351.1505914925585,340.9399400894957,350.04364013671875,93168200,0.0,0.0,0.0,350.417658996582,359.11015625,375.04456481933596,-7.214339477031729,365.6477654246552,335.18755256850886,44.25025054739868,-64.65083428278369,27.45935735306042
2022-10-18 00:00:00-04:00,357.97352458781444,358.27889645424324,350.71155095897484,354.1564636230469,97162900,0.0,0.0,0.0,349.7992904663086,358.5365956624349,374.68159942626954,-6.227839912320235,363.1662872179158,336.4322937147014,45.81065783116076,-23.64937431614143,19.259182042527907
2022-10-19 00:00:00-04:00,352.114400822179,354.8436151660822,348.83172532815485,351.6468200683594,79746900,0.0,0.0,0.0,349.3751220703125,357.65699768066406,374.35093383789064,-5.584168344190061,361.8718703269862,336.8783738136388,45.01532183761719,-35.58823720287081,20.651834832827888
2022-10-20 00:00:00-04:00,351.1982293100266,355.6260339289677,347.9346294295258,348.69805908203125,88283100,0.0,0.0,0.0,348.954768371582,356.59674275716145,373.8103525797526,-5.251458808590712,360.9105888480064,336.99894789515764,44.085015682124634,-38.30836894963417,21.32179458838754
2022-10-21 00:00:00-04:00,348.4213111862988,357.65859149270045,346.9135849578602,357.17193603515625,131038400,0.0,0.0,0.0,349.2572708129883,355.6219075520833,373.3313303629557,-4.254964471805295,361.738567062552,336.77597456342454,47.321438682706365,-12.90733605585908,18.967464928378554
2022-10-24 00:00:00-04:00,358.698788584184,362.67805847697105,356.0459031598392,361.54248046875,85436900,0.0,0.0,0.0,349.9519760131836,354.6543243408203,372.8313822428385,-3.077098247748779,363.55270060911687,336.3512514172503,48.899552837802815,43.20298888512905,13.348180612123587
2022-10-25 00:00:00-04:00,361.46614520779,367.6306906199361,361.351638036336,367.3157958984375,78846300,0.0,0.0,0.0,350.97972106933594,354.4452819824219,372.4469807942708,-1.6586525593220358,366.5316555492512,335.4277865894207,50.90919025661025,94.37070407505249,8.134793418645527
2022-10-26 00:00:00-04:00,364.1666701170704,369.8540823855379,363.9090290046154,364.5483703613281,104087300,0.0,0.0,0.0,351.52794342041017,354.0964752197266,372.05938008626305,-0.7491959795056005,368.19914823930947,334.85673860151087,49.93537793786879,106.76146934757338,5.873301392865613
2022-10-27 00:00:00-04:00,365.55042194011406,367.3921470125133,361.9814498519805,362.6017456054687,81971800,0.0,0.0,0.0,352.34813690185547,353.824701944987,371.53812103271486,-0.1834072324871272,369.5217286972028,335.17454510650816,49.24986808535645,94.21900506385359,7.606273505876874
2022-10-28 00:00:00-04:00,362.4967797320248,371.70543468470186,362.3154669828309,371.2283020019531,100302000,0.0,0.0,0.0,353.8673294067383,353.9347625732422,371.16507314046225,0.950123005295211,372.09914174454013,335.63551706893645,52.25466279122049,133.91632550859353,3.207715020495317
2022-10-31 00:00:00-04:00,368.7662749442344,370.6366267278111,367.64024890976526,368.5467834472656,96631300,0.0,0.0,0.0,354.8025100708008,353.86033121744794,370.75842132568357,1.6134785717844125,374.05537816154714,335.54964198005445,51.2783736257327,138.56445487875718,3.207715020484035
2022-11-01 00:00:00-04:00,372.2970465066368,372.5356128113788,365.7603239323339,366.9340515136719,85407600,0.0,0.0,0.0,355.1150299072266,353.87400512695314,370.3324940999349,1.9861633933136318,374.9635588350004,335.26650097945276,50.68915950520092,131.57178702136338,1.2575997665008707
2022-11-02 00:00:00-04:00,366.3424479641309,370.85613338006743,357.62047814363854,357.7254333496094,126990400,0.0,0.0,0.0,355.0091064453125,353.7938466389974,369.77906545003253,1.5209279624120313,374.7738121045937,335.24440078603135,47.46742246567837,75.10686010830909,8.891146193129197
2022-11-03 00:00:00-04:00,354.4809766440454,357.08613172387004,351.9235523083306,354.0420227050781,87100100,0.0,0.0,0.0,354.9046173095703,353.691742960612,369.0273946126302,0.8452614285246227,374.6664278484214,335.14280677071923,46.25102558514601,5.476066570904711,13.72038324562145
2022-11-04 00:00:00-04:00,359.75802297669105,361.5424944523819,353.07816578614245,359.13775634765625,103505200,0.0,0.0,0.0,355.551611328125,353.9589385986328,368.36065266927085,0.7127577232797648,374.95727293389484,336.1459497223551,48.15248656622317,36.386375400116435,9.043247831974345
2022-11-07 00:00:00-05:00,360.435515659066,363.1647293889322,358.3552244250396,362.5730895996094,68286900,0.0,0.0,0.0,356.5025360107422,354.45642903645836,367.63854827880857,0.8748653620810387,375.28685875872605,337.7182132627583,49.40086354691066,63.877241538627956,7.380133739826064
2022-11-08 00:00:00-05:00,363.6800477836496,367.5066610953688,360.44510344190144,364.52935791015625,84641100,0.0,0.0,0.0,357.6600616455078,355.0487111409505,366.9211720784505,1.1479583874865398,375.3411413031784,339.97898198783724,50.10852729197138,82.95914270553907,3.0292613451176287
2022-11-09 00:00:00-05:00,362.5539523085774,363.7086341105511,356.5229895570527,357.01922607421875,78495500,0.0,0.0,0.0,358.4983825683594,355.16322123209636,366.06532135009763,0.7497391767466866,374.1813621648815,342.8154029718373,47.47181884274893,34.84752617319233,6.566901271337302
2022-11-10 00:00:00-05:00,370.3026114178393,376.9729451885855,368.00285783726986,376.6389465332031,141455800,0.0,0.0,0.0,359.86870727539065,356.17792358398435,365.5847763061523,1.994305937974957,376.8761798482557,342.8612347025256,54.01165362796891,153.76835194167376,5.4949924986489
2022-11-11 00:00:00-05:00,377.49774318306464,381.0857894279382,375.6082877222695,380.2842102050781,93839900,0.0,0.0,0.0,361.81922454833983,357.4925821940104,365.1453440348307,3.2374569875429415,378.79531500580964,344.84313409087,55.08641373248111,183.07298600833025,8.805853478074413
2022-11-14 00:00:00-05:00,378.51889318368023,381.8778966959395,376.7725713035823,377.04931640625,71903500,0.0,0.0,0.0,363.1695083618164,358.3994537353516,364.7430735270182,3.9164874271834833,380.49437522709,345.84464149654275,53.92938655521727,164.01148342130003,9.437970179600855
2022-11-15 00:00:00-05:00,382.803485688694,383.9104368342091,376.4480758536066,380.26513671875,93194500,0.0,0.0,0.0,364.4749420166016,359.0521697998047,364.5336278279622,4.660391672033768,382.84344881456184,346.1064352186413,54.90347225627659,158.25183029157876,11.07417102914929
2022-11-16 00:00:00-05:00,378.6334179598029,379.58768334395705,376.7344391643341,377.3642578125,68508500,0.0,0.0,0.0,365.7608139038086,359.636181640625,364.2916732788086,4.958703612975853,383.94793553712043,347.57369227049674,53.84116846269216,127.36279540704905,11.074171029113343
2022-11-17 00:00:00-05:00,372.6024121072464,376.88708300619,372.2970693510568,376.20953369140625,74496300,0.0,0.0,0.0,367.13638763427736,360.30543924967446,364.00956573486326,5.043799607040114,384.0034105802245,350.2693646883302,53.41558105194685,99.50596736004712,6.5755336323433236
2022-11-18 00:00:00-05:00,379.54947963736595,379.6162851991159,375.06445009963727,377.9176940917969,92922500,0.0,0.0,0.0,368.1736755371094,361.3627665201823,363.6634246826172,5.18925456758268,385.01213495484706,351.3352161193717,53.972339563640176,107.78963805969676,8.922528908575558
2022-11-21 00:00:00-05:00,376.5912488015893,377.7172747970653,374.7017931399619,376.54351806640625,51243200,0.0,0.0,0.0,368.92372741699216,362.462397257487,363.51930185953773,5.134457323046888,385.8546403367226,351.99281449726175,53.440799379228245,93.8726670901417,8.547680476312959
2022-11-22 00:00:00-05:00,378.4902502119182,381.77292517031464,377.077927085489,381.6106872558594,60429000,0.0,0.0,0.0,369.63847198486326,363.80345865885414,363.5020802815755,5.4372312995858465,387.4667252490225,351.81021872070403,55.1265772570258,112.88709456661569,12.049269581877997
2022-11-23 00:00:00-05:00,381.2766761134872,384.5020973782574,381.0476617682043,384.0154418945313,68261600,0.0,0.0,0.0,370.61182556152346,365.2622131347656,363.59494832356773,5.804316907086331,389.37130711750603,351.8523440055409,55.91029672278657,126.06301815157019,14.33265617699976
2022-11-25 00:00:00-05:00,383.45240227506304,384.4830250793276,383.175686313319,383.9295349121094,30545400,0.0,0.0,0.0,371.67821502685547,366.4187825520833,363.73437754313153,6.0189205507514885,390.93857779215995,352.417852261551,55.87423354726593,122.62215667079973,14.332656176981326
2022-11-28 00:00:00-05:00,380.83771815093434,382.4790555588378,377.03973194191514,377.80316162109375,67881600,0.0,0.0,0.0,372.0069580078125,367.63642578125,363.75205891927084,5.629752082536356,391.45848256391747,352.55543345170753,53.33622717246183,83.94825811961763,7.610736838479962
2022-11-29 00:00:00-05:00,377.9367417321205,379.1295732981502,375.312512286855,377.1542663574219,52310000,0.0,0.0,0.0,372.4373321533203,368.5401133219401,363.8251347859701,5.208927568370768,391.94730867303247,352.92735563360816,53.07208261576543,65.94928181825374,5.799417651009171
2022-11-30 00:00:00-05:00,377.4023257136843,389.0348205566406,375.4842725098609,389.0348205566406,144566700,0.0,0.0,0.0,373.54237060546876,369.7027252197266,364.1196604410807,5.767597271815532,394.2091731077978,352.8755681031397,57.09645283246292,112.2141443773045,14.352006274902415
2022-12-01 00:00:00-05:00,390.0750097932602,391.2487665768623,386.2388738341099,388.74859619140625,76398200,0.0,0.0,0.0,375.0935287475586,370.9394510904948,364.29822438557943,6.116741138292639,395.4158597768944,354.77119771822277,56.97468243707496,133.69823304204738,16.113023090001082
2022-12-02 00:00:00-05:00,383.8531695839399,389.2065832782015,383.7482143923798,388.300048828125,85342700,0.0,0.0,0.0,376.8064300537109,372.2595174153646,364.428130086263,6.284798894862888,395.35538125687543,358.2574788505464,56.77837330726876,114.97635454787809,13.399533533423416
2022-12-05 00:00:00-05:00,385.4754306592434,386.4105918965586,379.9597790901639,381.3148193359375,77289800,0.0,0.0,0.0,377.915283203125,373.0642801920573,364.3430938720703,5.787620153256398,394.5719050458343,361.2586613604157,53.79247026755492,76.76001578005996,9.377515091230723
2022-12-06 00:00:00-05:00,381.1526671084108,381.69657620844976,373.7284840801718,375.81829833984375,77972200,0.0,0.0,0.0,378.5775436401367,373.54014078776044,364.0972325642904,4.893667952557166,393.64299492495826,363.51209235531513,51.584259980414885,30.434606015772285,3.152312998341111
2022-12-07 00:00:00-05:00,374.9689850432598,377.54551283524984,374.0433465972937,375.1789245605469,65927900,0.0,0.0,0.0,379.1100219726562,373.8022450764974,364.1237635294596,4.086505579842537,392.77230645701536,365.4477374882971,51.33069674364789,15.822640202523148,3.152312998330683
2022-12-08 00:00:00-05:00,377.0683735461837,379.1868143806111,375.2838731198775,378.1180419921875,60737900,0.0,0.0,0.0,380.1649627685547,374.2545674641927,364.1755213419596,3.642003053546375,389.0779732650221,371.2519522720873,52.44236375098262,30.14532260022229,4.681495089945145
2022-12-09 00:00:00-05:00,376.8775102817556,379.4349340954439,375.1693673749268,375.2934265136719,81447700,0.0,0.0,0.0,380.0976867675781,374.67762349446616,364.25116271972655,3.0269163289194125,389.14210226244137,371.0532712727149,51.2779275334887,19.48392077216711,4.916281124809493
2022-12-12 00:00:00-05:00,376.0854928029923,380.70416259765625,375.4175245494192,380.70416259765625,75405800,0.0,0.0,0.0,380.11868438720705,374.9934855143229,364.46412404378253,2.9421416729748557,389.16687233312155,371.07049644129256,53.33135293635323,38.88543262300847,6.139710012877152
2022-12-13 00:00:00-05:00,391.4586867415021,391.7163278716569,380.8186351718438,383.58599853515625,123782500,0.0,0.0,0.0,380.44551849365234,375.4947926839193,364.6775619506836,3.072084149252248,389.499112559659,371.3919244276457,54.39047230550783,96.66949391547344,15.857031329366599
2022-12-14 00:00:00-05:00,383.2425243978925,386.9546308897341,378.1849292803874,381.1336059570313,108111300,0.0,0.0,0.0,380.4889419555664,375.9681111653646,364.9210581461588,2.9432489703114015,389.5472228545566,371.43066105657624,53.325114496893576,62.11740703790186,12.963549149896398
2022-12-15 00:00:00-05:00,376.2667660559643,377.17332966722427,370.1499515992905,371.8103637695313,117705900,0.0,0.0,0.0,380.211247253418,376.43760884602864,365.115727742513,2.065034009228839,389.98512147744754,370.4373730293884,49.511156027232154,-35.09229028063348,4.710237990607219
2022-12-16 00:00:00-05:00,369.2517657317392,370.59386612148,365.2829810609633,367.4207458496094,119858000,1.781,0.0,0.0,379.7718078613281,376.88356628417966,365.28765462239585,1.0032717525552357,390.9872296455546,368.55638607710165,47.84445098412906,-107.8401847625567,0.1263340821335965
2022-12-19 00:00:00-05:00,367.6125210258833,367.9480534682601,362.6371386607899,364.30517578125,79878100,0.0,0.0,0.0,379.09118194580077,377.0558135986328,365.5073760986328,-0.08856206371120834,392.2620904372918,365.9202734543097,46.69041986053421,-152.6337033228996,2.279472303161113
2022-12-20 00:00:00-05:00,363.54776346105064,366.42370486544144,362.2248257341367,364.8035888671875,74427200,0.0,0.0,0.0,378.50418548583986,377.1301635742187,365.7932963053385,-0.9032187155977454,393.12032200963733,363.8880489620424,46.90237123793856,-164.1916310895312,2.6565279298801787
2022-12-21 00:00:00-05:00,367.40158229485894,371.3895586231339,366.864742140629,370.25836181640625,78167400,0.0,0.0,0.0,377.9365692138672,377.3211303710938,366.1849207560221,-1.0960508005786096,392.92181713719384,362.95132129054053,49.18952183598578,-105.35131036521037,2.052209747827359
2022-12-22 00:00:00-05:00,367.209831595386,370.23916053307846,359.2722332289845,364.9761962890625,100120900,0.0,0.0,0.0,376.98460693359374,377.58636271158855,366.37479197184246,-1.6560087918408612,392.7429316669424,361.22628220024507,47.15480412444671,-179.64894299351724,4.850788460954033
2022-12-23 00:00:00-05:00,363.9503323838431,367.2193222065934,362.3973289047456,367.0755310058594,59857300,0.0,0.0,0.0,376.14190673828125,377.2675821940104,366.7227528889974,-1.9083821261982052,392.13728555210474,360.14652792445776,48.03850671097879,-154.7209685355702,4.850788460932472
2022-12-27 00:00:00-05:00,366.96058546509136,367.3056844290648,363.9504190865602,365.6280517578125,51638200,0.0,0.0,0.0,375.5331512451172,376.77904357910154,367.135812886556,-2.199831007647731,392.1759457656147,358.8903567246197,47.47227450219081,-136.76155492497358,4.764527434911055
2022-12-28 00:00:00-05:00,365.5609421925815,367.5357824385264,360.8540099500132,361.0840759277344,70911500,0.0,0.0,0.0,374.7296417236328,376.2468688964844,367.32316131591796,-2.765587251551551,392.55276453579273,356.9065189114729,45.72211237821097,-147.3767826834139,7.584504033524697
2022-12-29 00:00:00-05:00,363.93123576240765,368.4560516488147,363.4039622569558,367.5836791992187,66970900,0.0,0.0,0.0,373.6570846557617,375.82415364583335,367.438161722819,-2.658840033505328,390.40488371223785,356.90928559928557,48.529918945979595,-99.85598647356535,6.61390374201185
2022-12-30 00:00:00-05:00,364.8995512939543,366.7593002885038,362.78091952867106,366.6155090332031,84022200,0.0,0.0,0.0,372.55043029785156,375.4658620198568,367.55102183024087,-2.622138949607006,387.9719331417554,357.1289274539477,48.14612888276005,-101.4885809492977,7.200262799495093
2023-01-03 00:00:00-05:00,368.47526883215227,370.450079987651,362.20570711462034,365.0720825195313,74850700,0.0,0.0,0.0,371.3890319824219,375.09461364746096,367.7000264485677,-2.6866249567647174,385.2344670502603,357.5435969145835,47.526294543354055,-88.0134318212303,3.2283126107318094
2023-01-04 00:00:00-05:00,367.3344711039099,369.9228305563907,364.28597966385496,367.8905029296875,85934100,0.0,0.0,0.0,370.7178161621094,374.7603739420573,368.0615702311198,-2.4817001153314777,383.81875369731176,357.616878626907,48.772138251341666,-68.49554609104871,3.2283126107129125
2023-01-05 00:00:00-05:00,365.93482035409846,366.0498533403474,363.09723275612134,363.6915893554687,76970500,0.0,0.0,0.0,370.1114807128906,374.33197631835935,368.3971867879232,-2.627821050438797,383.3403508288185,356.88261059696276,47.05050540364699,-89.6730898644022,4.448601846613921
2023-01-06 00:00:00-05:00,366.7880279535868,373.153460042991,363.72037415912655,372.0318298339844,104189600,0.0,0.0,0.0,369.9541259765625,374.01268107096354,368.90806986490884,-2.047038257146255,383.0028429122475,356.90540904087754,50.63134551005522,-38.65869867164306,3.104588718645748
2023-01-09 00:00:00-05:00,374.2271676198182,377.419479732033,371.63883728473166,371.8209533691406,73978100,0.0,0.0,0.0,369.63927154541017,373.6061981201172,369.43420562744143,-1.5855029860111927,382.15141864096177,357.12712444985857,50.54194338476315,0.26730072782353986,7.270526771953673
2023-01-10 00:00:00-05:00,371.2361234986063,374.4955180862106,370.29663872249137,374.4284057617187,65358100,0.0,0.0,0.0,369.5960205078125,373.28949381510415,369.85413818359376,-0.9978309674972934,382.03161960717284,357.1604214084522,51.634331831580276,-1.63717920500038,5.790150878438025
2023-01-11 00:00:00-05:00,376.0102256287862,379.2408622167289,375.1953696060024,379.1641540527344,68881100,0.0,0.0,0.0,369.5190200805664,373.33486022949216,370.4856430053711,-0.14825238883707925,381.68107817414,357.3569619869928,53.56147486592058,46.65874126853802,10.316800550577392
2023-01-12 00:00:00-05:00,380.2666300515915,382.0113458697923,376.19237910493234,380.5446166992187,90157700,0.0,0.0,0.0,369.36695098876953,373.4478719075521,370.9939926147461,0.6291837159733973,380.84526710285974,357.8886348746793,54.112824874630874,62.22009481736007,12.845977125097928
2023-01-13 00:00:00-05:00,377.3427317250366,382.5961292686462,377.07431166109114,382.02093505859375,63903900,0.0,0.0,0.0,369.4113174438477,373.2140757242839,371.4584004720052,1.348884878427782,381.0863068604703,357.73632802722506,54.7077353572467,74.75514626306035,13.379375963327599
2023-01-17 00:00:00-05:00,382.00179714035386,383.67942996148565,380.64050506445955,381.3211364746094,62677300,0.0,0.0,0.0,369.88685607910156,372.96649373372395,371.9529724121094,1.841557014637715,382.6932374745913,357.08047468361184,54.36213585697957,93.50684658252045,14.383527369986002
2023-01-18 00:00:00-05:00,382.5098579883935,383.57394241937,375.0995040316948,375.3008117675781,99632300,0.0,0.0,0.0,370.280859375,372.53318583170574,372.39635162353517,1.7263134750431277,383.251600665436,357.31011808456395,51.46854973705633,58.70203565003624,7.7727959973170195
2023-01-19 00:00:00-05:00,373.2588624544161,374.90773682058955,371.24572672429906,372.5686645507813,86958900,0.0,0.0,0.0,370.69403381347655,372.2416473388672,372.65296376546223,1.3984007988066764,383.38677199003604,358.00129563691706,50.21376247064036,7.074995317623446,3.470272428075601
2023-01-20 00:00:00-05:00,373.96829741871426,379.66266441415144,372.3194229813891,379.50927734375,91806400,0.0,0.0,0.0,371.4293182373047,372.36467997233075,372.9524103800456,1.6792200838290796,384.3863315760993,358.4723048985101,53.21143944852961,55.875406395072005,8.150545973840984
2023-01-23 00:00:00-05:00,380.314551818449,385.99932319331543,379.35590453409674,384.0628662109375,84178800,0.0,0.0,0.0,372.1195434570312,372.6608113606771,373.23152821858724,2.243348036327916,386.23304653239256,358.0060403816699,55.04840043635671,116.82495398190994,13.905293519819322
2023-01-24 00:00:00-05:00,382.3852133953482,384.56133208460926,381.19650018692624,383.650634765625,59524900,0.0,0.0,0.0,373.0532653808594,372.84523111979166,373.5498992919922,2.626878846365287,387.63991413136796,358.4666166303508,54.84673957328861,111.51130053457595,13.905293519771465
2023-01-25 00:00:00-05:00,379.57636134944494,384.12993543916394,377.2851805542504,383.7944030761719,84800300,0.0,0.0,0.0,373.889208984375,373.12859700520835,373.90311024983725,2.9088987041149608,388.942250117769,358.836167850981,54.90633840245477,92.32887626360787,9.378495245635127
2023-01-26 00:00:00-05:00,386.45953858718786,388.1755256582537,383.48772573805405,388.0125427246094,72287400,0.0,0.0,0.0,375.00843353271483,373.37220967610676,374.18284759521487,3.4331943628641284,390.7864348096514,359.2304322557783,56.64328329766078,134.4551033995626,13.074857158835396
2023-01-27 00:00:00-05:00,386.96753487416305,391.281447303276,386.7566313185161,388.9039916992187,68346200,0.0,0.0,0.0,376.39942932128906,373.5494761149088,374.5221343994141,3.8759553315069297,391.9116771598404,360.88718148273773,57.005346001584705,154.38221687600634,15.802419530901641
2023-01-30 00:00:00-05:00,386.1430772002181,388.37674154050546,383.72729680861056,384.02447509765625,74202000,0.0,0.0,0.0,377.2214691162109,373.6458384195964,374.80697479248045,3.7894282095895733,392.50751773413475,361.9354204982871,54.431507273515926,115.75252203839464,12.24864097092842
2023-01-31 00:00:00-05:00,384.5421906397612,389.7188801347345,384.19706240377985,389.67095947265625,86811800,0.0,0.0,0.0,378.3742416381836,374.24119160970054,375.3394002278646,4.128883739886874,393.7695678070322,362.978915469335,56.768159390604126,125.51578639187422,13.465762902497923
2023-02-01 00:00:00-05:00,388.45345165426824,396.5636286134995,385.7117345077939,393.8122863769531,101459200,0.0,0.0,0.0,379.8112518310547,375.12090962727865,376.0022379557292,4.678148381461028,395.34330456091425,364.2791991011951,58.38713983302739,146.67310483432877,19.36615651226448
2023-02-02 00:00:00-05:00,397.70442814895335,401.01177323006914,395.8063251072657,399.5450439453125,101654500,0.0,0.0,0.0,381.39397888183595,376.2955718994141,376.6756927490234,5.5124856886437215,398.2095727913046,364.5783849723673,60.50513900177019,183.16812661940108,22.900348135339364
2023-02-03 00:00:00-05:00,394.56963646776256,399.7271635935274,394.0903128204698,395.2982177734375,94736800,0.0,0.0,0.0,382.97431030273435,377.3120595296224,377.22111155192056,5.764570258182573,398.6897687281374,367.2588518773313,58.23372169548806,151.1524041633837,20.787542107271804
2023-02-06 00:00:00-05:00,392.844029913755,394.28200066117023,391.2239138645533,392.8823547363281,60295300,0.0,0.0,0.0,384.01683654785154,378.0661926269531,377.69366149902345,5.7036608865341805,399.4395027483478,368.59417034735526,56.97502732340786,114.55276598849117,17.302926620591006
2023-02-07 00:00:00-05:00,391.9620943439746,399.2669816692664,390.7158646278332,398.020751953125,90990700,0.0,0.0,0.0,385.32682647705076,379.1676778157552,378.37702026367185,6.000841517077902,400.8382966870119,369.8153562670896,58.92831790093153,128.78511023205854,21.3832799108645
2023-02-08 00:00:00-05:00,396.0460046657351,397.3881051733377,392.9783212864178,393.6685485839844,76227500,0.0,0.0,0.0,386.28883361816406,380.054111735026,378.6608469645182,5.818105371765341,401.3338657563384,371.2438014799897,56.67390154245584,111.27354340148071,21.38327991075408
2023-02-09 00:00:00-05:00,397.27301170174235,397.42639877292254,389.02863947326034,390.2557067871094,78694900,0.0,0.0,0.0,386.8434112548828,380.8750335693359,378.82703857421876,5.33638334395755,401.5975408028348,372.0892817069308,54.968014136916075,87.65684632251963,16.508981123965604
2023-02-10 00:00:00-05:00,389.0765695741987,391.54989593055205,388.2617427936973,391.16644287109375,70769700,0.0,0.0,0.0,387.37450256347654,381.8777791341146,379.06232401529945,4.970803626945042,401.93742042356394,372.81158470338914,55.33911691163496,68.97430626830834,15.576753912922628
2023-02-13 00:00:00-05:00,391.8182749307163,395.8925254285683,391.35811375424055,395.75830078125,64913500,0.0,0.0,0.0,388.0613708496094,382.816933186849,379.32054341634114,4.994035492466821,402.8551452551915,373.2675964440273,57.17964528365224,94.22592149787384,19.35656892621954
2023-02-14 00:00:00-05:00,394.2340728818384,397.8865164448738,391.61698469819703,395.5762023925781,88389300,0.0,0.0,0.0,388.7741241455078,383.78228963216145,379.6240758260091,4.940798643936375,403.57417004869745,373.97407824231817,57.08313714000045,93.87294763606714,21.03588311573117
2023-02-15 00:00:00-05:00,393.3808847880114,396.93745771221506,392.5372705702228,396.86077880859375,61555700,0.0,0.0,0.0,389.8521224975586,384.8419128417969,379.96826324462893,4.9452567970042765,403.62523652273364,376.0790084723835,57.60530616585491,91.29740421483024,21.03588311563117
2023-02-16 00:00:00-05:00,391.8854649285943,395.835087395517,391.2623499918296,391.39654541015625,76431500,0.0,0.0,0.0,390.7935165405273,385.6254475911458,380.1929107666016,4.456500186603705,401.9102327436341,379.67680033742056,54.67787098247655,65.53933419065164,19.335529796407165
2023-02-17 00:00:00-05:00,389.2682823043391,390.6583324559055,387.34139205761664,390.4186706542969,89257800,0.0,0.0,0.0,391.3389862060547,386.5163503011068,380.42416330973305,3.9447777883967774,401.11400552745295,381.56396688465645,54.16825051907712,32.018409783874525,14.230037127523444
2023-02-21 00:00:00-05:00,386.3923479856616,387.4468657837822,382.3276931153695,382.5865173339844,82655900,0.0,0.0,0.0,391.26516876220705,386.86817321777346,380.44042714436847,2.8741137894530198,401.2906318370403,381.2397056873738,50.28500406283798,-24.27855283095332,8.111746526651059
2023-02-22 00:00:00-05:00,382.998812451563,384.54225003382606,380.6021938656125,382.0593566894531,83742300,0.0,0.0,0.0,391.18560485839845,387.20945332845054,380.40782572428384,1.9604683395550069,401.48697228419485,380.88423743260205,50.03525073579204,-46.618792826173674,6.088732824922109
2023-02-23 00:00:00-05:00,384.95439045031753,385.567938737912,379.86397585252666,384.0916137695313,96242400,0.0,0.0,0.0,391.2004653930664,387.53156026204425,380.41052703857423,1.3844251092473314,401.4577015096562,380.9432292764766,51.005709721171904,-44.379219225388276,7.15704687825789
2023-02-24 00:00:00-05:00,379.0683237378521,380.8226354035622,377.36193273433554,379.9886169433594,108194400,0.0,0.0,0.0,390.7992691040039,387.5590423583984,380.4469512939453,0.5900276736222168,402.1508307034304,379.44770750457735,49.01728779645564,-87.82637450099222,4.166759895253894
2023-02-27 00:00:00-05:00,383.33429643374495,384.6955884908984,380.34332149757034,381.2828063964844,80444700,0.0,0.0,0.0,390.4182098388672,387.5836486816406,380.51576029459636,0.06415274255704162,402.5242512083919,378.3121684693425,49.65767544285863,-59.10073684598107,8.26590794658689
2023-02-28 00:00:00-05:00,380.8034546692743,382.7686698141573,379.7680992642455,379.8735656738281,96438600,0.0,0.0,0.0,390.2106643676758,387.51206970214844,380.3630727132161,-0.4610066798006187,402.90621106278974,377.51511767256187,48.96486385000746,-74.14810988576083,7.5590355607122985
2023-03-01 00:00:00-05:00,379.0587188940853,380.285786224129,377.1126661146659,378.4164123535156,99706800,0.0,0.0,0.0,389.64793701171874,387.4152455647787,380.1908696492513,-0.9834428832134563,403.3981152737141,375.8977587497234,48.244879087314416,-96.1884725725132,4.306779033625476
2023-03-02 00:00:00-05:00,376.4416315212209,382.20311141280865,376.10609910014693,381.3594970703125,85127800,0.0,0.0,0.0,389.0252975463867,387.61720174153646,380.07519378662107,-1.1467756818896646,403.10531693613757,374.9452781566358,49.78754188601692,-83.39582435468066,6.420284032218371
2023-03-03 00:00:00-05:00,383.1808966203792,387.7249046275864,382.5290234904316,387.47564697265625,90120000,0.0,0.0,0.0,388.4218276977539,388.114101155599,380.1778742472331,-0.7737763076526107,401.60974744124496,375.2339079542628,52.81134750355672,-21.750980348763008,12.197724704727673
2023-03-06 00:00:00-05:00,388.3000821585358,390.60085911261217,387.3031100177366,387.74407958984375,72795900,0.0,0.0,0.0,388.0441207885742,388.3885945638021,380.3766372680664,-0.4513089389145648,400.82936870913596,375.2588728680125,52.9400166965971,6.247425740540271,15.024382456785702
2023-03-07 00:00:00-05:00,387.69621177072855,387.9358736314786,381.1869874411876,381.8005065917969,108310600,0.0,0.0,0.0,387.49002838134766,388.3131825764974,380.4869969685872,-0.6676516220675239,400.35271225814614,374.62734450454917,49.82797227489105,-58.04479109517107,7.416629400156771
2023-03-08 00:00:00-05:00,381.9155020986243,383.1808942679325,380.18991944950625,382.423583984375,74746600,0.0,0.0,0.0,386.71016998291014,388.27228088378905,380.55875600179036,-0.7798381302915232,398.74949293024696,374.67084703557333,50.14579224494531,-79.22288020452972,6.231699989849367
2023-03-09 00:00:00-05:00,383.20967866619384,384.87774493306273,374.38054484861016,375.3679504394531,111945300,0.0,0.0,0.0,385.7951400756836,387.99139912923175,380.5599980672201,-1.4216890604859032,398.37726170823464,373.21301844313257,46.68174437983016,-123.11940243951094,0.3911761681316899
2023-03-10 00:00:00-05:00,374.8214529055364,376.9017301661393,368.42729257488133,369.9515380859375,189253000,0.0,0.0,0.0,384.779931640625,387.389365641276,380.3807876586914,-2.3404406145028815,399.0146673838514,370.5451958973986,44.254011013141216,-180.6466570352717,6.566280538187352
2023-03-13 00:00:00-04:00,366.02103942039264,374.2462477532033,364.9090052964785,369.4242248535156,157790000,0.0,0.0,0.0,383.6928207397461,386.7400400797526,380.14475809733074,-3.075653393432958,399.14294822003166,368.2426932594605,44.02343293059707,-181.77633647699687,9.978167300022347
2023-03-14 00:00:00-04:00,374.3517676052174,377.1797888194533,371.0444227448801,375.5309143066406,149752400,0.0,0.0,0.0,382.68145141601565,386.45692138671876,380.05137990315757,-3.1294813021068535,397.4387092971381,367.9241935348932,47.31221964164851,-118.007820573582,6.619914151777956
2023-03-15 00:00:00-04:00,369.9324213189262,373.38352820078774,367.8425479668376,373.1822204589844,172996900,0.0,0.0,0.0,381.56175231933594,385.9072967529297,380.0742441813151,-3.323350753421039,395.57922562940286,367.544279009269,46.231504328015596,-135.19805986716185,9.732170628009438
2023-03-16 00:00:00-04:00,370.82395451887174,380.0748950855989,370.3158726215868,379.7297668457031,143254200,0.0,0.0,0.0,380.70520172119143,385.43787943522136,380.27939453125,-2.9150584379497673,392.73978155734443,368.67062188503843,49.55454355994931,-80.51467261916567,2.356994564922137
2023-03-17 00:00:00-04:00,378.3979315164517,379.5334454433477,373.9039499902757,375.2896728515625,140553400,1.506,0.0,0.0,379.89985809326174,384.6293670654297,380.46246948242185,-2.916146789315974,391.04482945953765,368.75488672698583,47.49535754125762,-80.57934577891821,2.356994564907862
2023-03-20 00:00:00-04:00,376.0691640257984,379.31215983644114,375.3666994576997,378.8983459472656,93055800,0.0,0.0,0.0,379.32384185791017,384.08270467122395,380.69738210042317,-2.5958956861500724,389.31037017205074,369.3373135437696,49.26780901502209,-61.59530895175435,2.356994564897676
2023-03-21 00:00:00-04:00,382.2664102459138,384.3546271012109,380.66897882785537,383.87347412109375,91524200,0.0,0.0,0.0,379.3881896972656,383.78240865071615,380.9243006388346,-1.9185275238069721,389.4792732182736,369.2971061762576,51.59814552305551,-7.461327201059833,3.0775223531275384
2023-03-22 00:00:00-04:00,383.70026302343734,387.31851343521214,377.2913018555355,377.3297729492187,111746600,0.0,0.0,0.0,379.1517105102539,383.09270935058595,381.1301935831706,-1.887967062476264,389.200809341529,369.1026116789788,48.56297730279678,-28.371500191937404,0.5802312803669809
2023-03-23 00:00:00-04:00,380.19749521054143,384.2391923827506,375.6361739137841,378.3498840332031,119351300,0.0,0.0,0.0,378.8646240234375,382.58208719889325,381.3180994669596,-1.7611320041645513,388.6439550547344,369.0852929921406,49.046338006170394,-38.82829260436336,2.3370105877085905
2023-03-24 00:00:00-04:00,377.0699607694,380.9191845780308,374.7219318967555,380.83258056640625,107682400,0.0,0.0,0.0,378.90682220458984,382.2679829915365,381.5715082804362,-1.4436400611957083,388.7138189269588,369.09982548222087,50.22398484731099,-42.51254895535454,3.3132676864955544
2023-03-27 00:00:00-04:00,383.1132717788515,383.8831342228275,380.64977069262744,381.5447082519531,74010400,0.0,0.0,0.0,378.91991729736327,381.9472585042318,381.91251881917316,-1.121633167302491,388.7409617232703,369.09887287145625,50.5630233817242,1.293454107293044,0.03794706382295713
2023-03-28 00:00:00-04:00,380.8518079845922,381.5446694300476,378.8502245684134,380.688232421875,62871700,0.0,0.0,0.0,378.9606506347656,381.4449228922526,382.1309280395508,-0.9248892777080187,388.8050789144674,369.1162223550638,50.138132328479976,-15.942747202498934,1.9594631209760087
2023-03-29 00:00:00-04:00,384.8550092196648,386.46207306808367,383.6521267894026,386.2214965820313,77497900,0.0,0.0,0.0,379.3509048461914,381.1330993652344,382.4576944986979,-0.31880516593110997,389.70986608556854,368.99194360681423,52.78951586596041,67.20156562916307,3.4878294868743174
2023-03-30 00:00:00-04:00,388.85819419263817,389.10840312839423,386.6160343292529,388.48291015625,69840000,0.0,0.0,0.0,379.70707550048826,380.8538370768229,382.8478749593099,0.34007782973981193,390.8192811924324,368.5948698085441,53.827543328272775,119.37032465308064,6.275476713183261
2023-03-31 00:00:00-04:00,389.4066873154856,394.25671700401034,389.3008184014182,393.9584045410156,112062600,0.0,0.0,0.0,380.0312133789063,380.9392323811849,383.28233998616537,1.2892127450218709,392.4042202234688,367.6582065343437,56.23765715166159,193.95504464120478,11.424373953696321
2023-04-03 00:00:00-04:00,393.4388376840606,395.86383837799394,393.0442886762133,395.4596862792969,67391100,0.0,0.0,0.0,380.41699371337893,381.1072662353516,383.8118082682292,2.137905449849029,394.20300194296885,366.630985483789,56.87611839163247,218.76919312046073,12.968365930968138
2023-04-04 00:00:00-04:00,396.10434874148575,396.39305813101834,391.8894442126204,393.26556396484375,66601500,0.0,0.0,0.0,380.99024658203126,381.46323445638023,384.1657038370768,2.6034423365253474,395.92417743833266,366.05631572572986,55.64864950862533,183.4464288961436,11.52327754846031
2023-04-05 00:00:00-04:00,392.53421336625786,393.29444326978927,390.58073351332,392.23590087890625,65200200,0.0,0.0,0.0,381.4808624267578,381.8024525960287,384.5059529622396,2.856371989185277,397.2352408504997,365.72648400301597,55.07166215814036,141.3438319949656,9.875562577413088
2023-04-06 00:00:00-04:00,391.437167451645,394.0450376322365,390.3882575257403,393.7659606933594,63743300,0.0,0.0,0.0,382.4007629394531,382.1249308268229,384.82824554443357,3.1440410528019243,398.7880731461704,366.0134527327358,55.77651930383054,136.78066994576594,10.658728164510034
2023-04-10 00:00:00-04:00,391.2832175790923,394.2471364215444,390.6673570273508,394.1701354980469,63681000,0.0,0.0,0.0,383.61169281005857,382.59764811197914,385.0783452351888,3.365835134894837,399.702171217406,367.52121440271117,55.96530099491436,125.94685051330373,10.874450404176631
2023-04-11 00:00:00-04:00,394.7956544202573,395.6809594619992,393.5061679518089,394.2760009765625,59297900,0.0,0.0,0.0,384.8542816162109,383.0307545979818,385.3072016398112,3.509693440975809,400.15033742616606,369.5582258062558,56.016176450972246,128.27646352467713,12.426377109759883
2023-04-12 00:00:00-04:00,396.3449304189456,396.63363981226826,392.0819222861502,392.6689147949219,86420400,0.0,0.0,0.0,385.711181640625,383.45726623535154,385.48466796875,3.4542058265097353,400.725645169698,370.696718111552,55.01795751138154,109.51604661798896,10.45010059480527
2023-04-13 00:00:00-04:00,393.75634279356007,398.2406920585318,392.6111963601302,397.8846435546875,85814800,0.0,0.0,0.0,386.94630279541013,384.1062072753906,385.7607264200846,3.7874379860232352,401.6827228984638,372.2098826923565,57.55726224599378,122.64114946317527,12.25059599303569
2023-04-14 00:00:00-04:00,397.2495632394048,399.443619886818,394.6032215680084,396.9127502441406,78161500,0.0,0.0,0.0,387.80545196533205,384.62464904785156,386.120925394694,3.927825676128066,402.7721434438778,372.8387604867863,56.937675335384455,118.34940829259449,13.595819663671582
2023-04-17 00:00:00-04:00,396.8261475266993,398.3562106467558,395.59439693756417,398.33697509765625,66436400,0.0,0.0,0.0,388.9578170776367,384.9866933186849,386.5503972371419,4.10666786408467,403.40713431692285,374.5084998383506,57.629112769258676,112.36884241902537,13.59581966362207
2023-04-18 00:00:00-04:00,399.9151564170433,400.04989336742534,397.2207110819184,398.5968017578125,63560000,0.0,0.0,0.0,389.94273986816404,385.34845072428385,386.86852264404297,4.220713666694621,404.1889490364282,375.6965306998999,57.757120835130245,114.53573354606846,15.546591626920875
2023-04-19 00:00:00-04:00,396.68177851295354,399.43395956292494,396.6240425026219,398.5294189453125,55227300,0.0,0.0,0.0,390.675537109375,385.9060811360677,387.10963185628253,4.256591223107591,405.1137101556624,376.2373640630876,57.71034601394918,101.58417630103722,14.603628981199863
2023-04-20 00:00:00-04:00,395.7098258250606,398.10598763661955,394.80525587274064,396.3545837402344,75840400,0.0,0.0,0.0,391.6267776489258,386.3704477945964,387.3213643391927,4.062701130170126,404.815560543806,378.4379947540456,56.19094158854309,80.95738528399524,11.7283978481311
2023-04-21 00:00:00-04:00,396.6529041637765,397.1244246963598,394.7090566567866,396.66253662109375,73457400,0.0,0.0,0.0,392.5424102783203,387.08026733398435,387.5358332316081,3.8890603910977575,404.3170420171739,380.7677785394667,56.35924508440629,73.95955486020334,11.575234364196755
2023-04-24 00:00:00-04:00,396.4603735939043,397.49968034668166,395.1227837473728,397.0762634277344,64332100,0.0,0.0,0.0,393.3545944213867,387.9844248453776,387.68689524332683,3.7417011482961584,403.90564451265516,382.80354433011826,56.59101735329383,73.05804105225636,12.061696132980272
2023-04-25 00:00:00-04:00,395.10363191354855,395.6617859061053,390.7155183769912,390.7732543945313,97766700,0.0,0.0,0.0,393.81602172851564,388.69605916341146,387.71804962158205,3.080804141762485,402.8972195099257,384.73482394710555,52.2201757143381,35.25058313902611,5.040716846993733
2023-04-26 00:00:00-04:00,391.38909943441206,392.46687746099377,388.5599174310108,389.1180419921875,80447000,0.0,0.0,0.0,394.2375122070313,389.1489634195963,387.80294240315754,2.395858726863821,401.31457381096635,387.1604506030962,51.14700978106862,10.996596347243212,1.8132108683711659
2023-04-27 00:00:00-04:00,391.6585449994972,397.1340685308111,391.40833604006144,396.8646240234375,92968400,0.0,0.0,0.0,394.76966857910156,389.93837687174477,387.92283681233727,2.449878307691165,400.8374299178138,388.70190724038935,55.567856556439644,55.94357388303313,8.135407560656303
2023-04-28 00:00:00-04:00,395.97928167060974,400.26155506482286,395.9215456607,400.2519226074219,89433100,0.0,0.0,0.0,395.35811920166014,390.62244873046876,388.03016408284503,2.7344943528431145,401.1344866900048,389.5817517133155,57.315106854207315,90.87210210517549,12.060605312735012
2023-05-01 00:00:00-04:00,399.8092778572073,401.8782298985706,399.6168049089298,399.8477783203125,62122300,0.0,0.0,0.0,395.652587890625,391.44105224609376,388.0352096557617,2.8940823726902636,401.72156167289256,389.58361410835744,57.038265865114795,106.86747533788474,14.025032320245174
2023-05-02 00:00:00-04:00,399.13564578414,399.1837787040956,392.4476367591756,395.3537902832031,103998500,0.0,0.0,0.0,395.6472930908203,391.98956705729165,388.0361358642578,2.627639953682092,401.71716019137256,389.57742599026807,54.03590795064433,49.19661247289141,3.42632579651094
2023-05-03 00:00:00-04:00,395.8541433677578,398.2695405891648,392.39946868953274,392.6400451660156,91531800,0.0,0.0,0.0,395.6160171508789,392.2817860921224,388.0320973714193,2.1724630638723283,401.74372736459486,389.488306937163,52.31567069979266,30.917746553604434,3.359550318380559
2023-05-04 00:00:00-04:00,391.5912090343588,391.91838957995185,388.521450266668,389.8590698242187,94901900,0.0,0.0,0.0,395.4971755981445,392.6994293212891,387.8960693359375,1.5692413928652513,401.98265321180816,389.01169798448086,50.60772503802845,-36.21136219084407,1.9147343328277782
2023-05-05 00:00:00-04:00,393.4964845285171,398.1251732691853,393.2366725239446,397.0762634277344,87891800,0.0,0.0,0.0,395.6626907348633,393.3236419677734,387.95286458333334,1.6544792726374453,402.13107949599976,389.19430197372685,54.58795180839697,52.207028993704945,6.024988471377441
2023-05-08 00:00:00-04:00,397.4035003706773,397.6633124121759,395.7772009206819,397.1821594238281,50046800,0.0,0.0,0.0,395.8132919311523,393.8686279296875,388.06830546061195,1.7108541664762242,402.2756151583388,389.35096870396586,54.64343014493958,62.37927162919129,6.024988471362681
2023-05-09 00:00:00-04:00,395.6328415851866,396.55664705489033,395.20942462672946,395.44036865234375,49220100,0.0,0.0,0.0,395.8715103149414,394.3318166097005,388.13953755696616,1.5965793446477505,402.2963916004079,389.44662902947493,53.530687169564395,35.9231756851532,5.222508551202502
2023-05-10 00:00:00-04:00,398.2791682813285,398.9142936957152,393.4580063527655,397.2879943847656,96142900,0.0,0.0,0.0,396.1024642944336,394.88514200846356,388.16503245035807,1.6362420999936376,402.37284138409245,389.8320872047748,54.54638977147624,50.411835300163915,8.206932650748183
2023-05-11 00:00:00-04:00,396.4220067951342,396.8838949247763,394.5166301586064,396.59521484375,70157100,0.0,0.0,0.0,396.0379928588867,395.2309326171875,388.18201599121096,1.5934058098845298,402.257524841433,389.8184608763404,54.08782138454998,30.134622243596603,8.206932650716764
2023-05-12 00:00:00-04:00,397.8365368137777,398.0482452964263,393.65050007841785,396.0755004882813,70481500,0.0,0.0,0.0,395.9961303710937,395.48401896158856,388.16892801920574,1.5002274481390145,402.20212751936424,389.7901332228232,53.73722594738747,22.41508263396752,9.709550791226611
2023-05-15 00:00:00-04:00,396.6818170861844,397.846199230762,394.76683736705866,397.4420471191406,54289400,0.0,0.0,0.0,395.95138397216795,395.6001403808594,388.26968638102215,1.5191401159210614,402.0989462494098,389.8038216949261,54.53877644986922,45.38945060416518,9.709550791183123
2023-05-16 00:00:00-04:00,396.3353092048242,397.2591440489676,394.7763782852964,394.7860107421875,57705500,0.0,0.0,0.0,395.7608444213867,395.5776845296224,388.34247538248695,1.3047680493161806,401.79841507907065,389.72327376370276,52.7028056267111,6.124265889670545,9.70955079114418
2023-05-17 00:00:00-04:00,396.80683197926186,400.1845056184392,395.16129716185526,399.5782775878906,87287000,0.0,0.0,0.0,395.81328735351565,395.78810831705727,388.62567138671875,1.5042326680229507,401.96917487744605,389.65739982958524,55.49895776631118,98.3757242905308,13.641513615417331
2023-05-18 00:00:00-04:00,399.26074988190857,403.850968255046,399.03943829896787,403.4275512695313,97177200,0.0,0.0,0.0,396.1669357299805,396.1611633300781,388.98180796305337,1.9504306810093226,403.2034373720652,389.13043408789576,57.582633684831194,221.6375948272937,18.256916066866506
2023-05-19 00:00:00-04:00,404.3321069908471,404.8613635204508,401.6183971431854,402.8405151367187,103793300,0.0,0.0,0.0,396.47583465576173,396.4636484781901,389.2942896525065,2.230959795335366,404.120115061582,388.83155424994146,57.16038873532346,232.83720894674926,19.48366544358944
2023-05-22 00:00:00-04:00,402.8597493463277,404.54378464321184,401.6183665332245,403.0040893554687,60745400,0.0,0.0,0.0,396.77222595214846,396.75811360677085,389.677880859375,2.4383721753448526,404.9552249852646,388.58922691903234,57.25074842547414,205.4622060790993,19.483609247180194
2023-05-23 00:00:00-04:00,401.3585475631552,402.9367433972177,398.0867132485157,398.4812622070313,86383500,0.0,0.0,0.0,397.1576263427734,396.8982889811198,389.96452178955076,2.212291707096938,404.86311957860596,389.4521331069409,53.99322977329281,94.23155366657365,13.132836515988902
2023-05-24 00:00:00-04:00,396.8742131296412,397.2591296170941,394.4299479150844,395.5943298339844,89213700,0.0,0.0,0.0,397.48144073486327,396.9958028157552,390.2265345255534,1.7796552340431617,404.25198588541156,390.710895584315,52.03809365806931,-34.26426910501234,7.0388437436350495
2023-05-25 00:00:00-04:00,399.106745609804,400.4732329300767,396.86458575045214,399.0201416015625,90961600,0.0,0.0,0.0,397.5892166137695,397.033652750651,390.56993001302084,1.6936981926364183,404.38698966195255,390.79144356558646,54.07934241270005,57.05563319274636,11.379290941766158
2023-05-26 00:00:00-04:00,399.6744966018046,404.90944304818487,399.5975250513779,404.1877136230469,93830000,0.0,0.0,0.0,397.78600616455077,397.2761515299479,390.95040028889974,2.0192794958961144,405.11542488920526,390.4565874398963,56.93909799939066,159.96216368560636,16.91808229206169
2023-05-30 00:00:00-04:00,406.1220078476712,406.6512644109918,402.95601282370507,404.34173583984375,72216000,0.0,0.0,0.0,398.01070404052734,397.47631022135414,391.2315017700195,2.2636395029706478,405.8631418643416,390.15826621671306,57.021624020708416,180.19787550388904,18.97498461410491
2023-05-31 00:00:00-04:00,402.5133328515,403.41790279671176,400.5309849376734,402.09954833984375,110811800,0.0,0.0,0.0,398.3479919433594,397.5930684407552,391.4707595825195,2.2504292292772448,406.2987998909488,390.3971839957699,55.422057721982085,106.84752595536881,14.878764431105216
2023-06-01 00:00:00-04:00,402.33044944585635,406.9784031486699,401.07946358730794,405.91986083984375,88865000,0.0,0.0,0.0,399.0119827270508,397.83941650390625,391.87274881998695,2.519187656106851,407.1710302114267,390.8529352426749,57.52232064082127,150.3067021210545,19.108822653958747
2023-06-02 00:00:00-04:00,408.4988787329244,412.5790465929496,407.9696222034908,411.78997802734375,91426200,0.0,0.0,0.0,400.10852813720703,398.3539296468099,392.3621887207031,3.169316140447904,408.9541143437817,391.26294193063234,60.481842003225665,236.9873580838132,25.16067645830109
2023-06-05 00:00:00-04:00,412.13636840253633,413.4258547804784,410.298360615152,411.0008544921875,65460200,0.0,0.0,0.0,400.8047576904297,398.8318735758464,392.9560704549154,3.579608475626344,410.7669420862202,390.84257329463924,59.90145252315001,215.57782447002268,26.026311691857895
2023-06-06 00:00:00-04:00,410.5871214183071,412.4251000685976,409.93273100728186,411.8958435058594,64022200,0.0,0.0,0.0,401.5404418945312,399.32585957845055,393.65514221191404,3.9316644603966324,412.49949152289526,390.5813922661672,60.347886081214426,184.40611632632996,25.37856095197325
2023-06-07 00:00:00-04:00,412.2903604628489,413.4258744271593,410.0481711705742,410.4715881347656,85373300,0.0,0.0,0.0,402.29200286865233,399.982470703125,394.3392649332682,4.049070692817224,413.5472823619528,391.03672337535187,59.26172091891351,163.65722108266564,26.448979106209205
2023-06-08 00:00:00-04:00,410.5389484373123,413.4066306619177,409.7691154453124,412.954345703125,61952800,0.0,0.0,0.0,403.0753204345703,400.7770141601562,394.9629887898763,4.2929671117871635,415.02354187345526,391.12709899568534,60.54238247106172,157.3664469623554,25.92791652231983
2023-06-09 00:00:00-04:00,413.7530485062901,415.7065283650919,412.70413856902655,413.6953125,85742800,0.0,0.0,0.0,403.9303253173828,401.338037109375,395.6382069905599,4.494239810026727,416.3635725528268,391.49707808193887,60.92165859579961,164.10910583433264,28.441965888230747
2023-06-12 00:00:00-04:00,414.6769171108834,417.5253346663892,413.9551876062376,417.4483337402344,76104300,0.0,0.0,0.0,404.9989669799805,401.9112508138021,396.2668497721354,4.900101996643059,418.23750842808494,391.760425531876,62.79547050346036,170.53005782616006,30.375199736577112
2023-06-13 00:00:00-04:00,418.910983674229,420.8451984353185,418.2469902978533,420.2004699707031,95899700,0.0,0.0,0.0,406.1368881225586,402.5896738688151,397.0153630574544,5.38178720401072,420.50469950265693,391.7690767424603,64.10128340854037,183.99529687315385,33.7545937231854
2023-06-14 00:00:00-04:00,420.5373521609274,422.5100677032549,417.2462527373111,420.700927734375,100612100,0.0,0.0,0.0,407.432633972168,403.43457845052086,397.7120727539062,5.73776754758012,422.15998914746325,392.70527879687273,64.3367486645609,167.19128590876818,35.38169124076492
2023-06-15 00:00:00-04:00,419.8829487810575,427.1676119841462,419.7867416783568,425.9166259765625,110303100,0.0,0.0,0.0,408.7495513916016,404.5437978108724,398.4127919514974,6.367348958043124,425.1365348081449,392.36256797505825,66.69213925017078,181.8360354080994,39.67004798936196
2023-06-16 00:00:00-04:00,427.9044446994593,428.47431075878063,423.99263976838114,424.4659118652344,114165800,1.638,0.0,0.0,409.80146942138674,405.6973592122396,399.1983942667643,6.672321883763857,427.40579001251285,392.19714883026063,65.44838783160253,171.67601670939627,40.810100024279535
2023-06-20 00:00:00-04:00,422.5244785007693,423.41307214231983,420.1870344889163,422.263671875,76160400,0.0,0.0,0.0,410.77262725830076,406.5369394938151,399.9302907307943,6.659545665278301,428.8954314218522,392.6498230947493,63.586181694953105,126.41016067173747,33.22520448862787
2023-06-21 00:00:00-04:00,421.2784119248558,422.080079712244,419.510834231047,420.10003662109375,76982300,0.0,0.0,0.0,411.627424621582,407.300868733724,400.5847483317057,6.401045865124445,429.8200081867982,393.4348410563658,61.79906318416652,105.41743362372942,31.919039241255156
2023-06-22 00:00:00-04:00,419.1438643349352,421.7227488220665,418.80580025695025,421.6165161132813,70637200,0.0,0.0,0.0,412.78418731689453,408.17340698242185,401.2526117960612,6.246543863068723,430.38984623744443,395.17852839634463,62.56198351249433,98.55940960487689,30.53862719637091
2023-06-23 00:00:00-04:00,418.1586622892244,420.2159925909701,417.71436548656794,418.4291076660156,92074500,0.0,0.0,0.0,413.9259262084961,408.87811075846355,401.8816263834635,5.800043399988851,429.70471873891347,398.1471336780787,59.95835328562752,78.18187883833191,28.387164284891153
2023-06-26 00:00:00-04:00,417.8592143297431,419.78130707914215,416.47801229853,416.719482421875,72823600,0.0,0.0,0.0,414.8108932495117,409.5489196777344,402.3899261474609,5.247743377815482,428.97212352208214,400.6496629769413,58.60506474307842,65.22004071664304,25.95453101286379
2023-06-27 00:00:00-04:00,417.59847607026,421.9062952182515,417.1445110170716,421.28814697265625,72813700,0.0,0.0,0.0,415.66591491699216,410.38934122721355,402.936680094401,5.119678214889348,429.1765246491232,402.1553051848611,61.036223703444044,79.9882582432385,28.367772088002692
2023-06-28 00:00:00-04:00,420.20627410375766,422.5147425065915,419.5881259491554,421.5005798339844,75636000,0.0,0.0,0.0,416.5238571166992,411.19129231770836,403.3957163492839,4.9779445609091795,429.15742742839603,403.8902868050024,61.14598714404551,84.5203401590628,29.052673343778377
2023-06-29 00:00:00-04:00,421.0852585523664,423.32610840810986,420.679605245235,423.1618957519531,67882300,0.0,0.0,0.0,417.5769744873047,412.1371551513672,403.8574198404948,4.942697588302167,428.5501999758381,406.6037489987713,62.01175154572986,89.44990966449002,29.976268827970255
2023-06-30 00:00:00-04:00,426.3782705598957,429.1406745135059,426.05951350289007,428.1554870605469,104964000,0.0,0.0,0.0,418.68875579833986,413.0897288004557,404.4389185587565,5.257104564998713,429.18437839170855,408.19313320497116,64.47327005487,125.8816102651385,36.13941508925819
2023-07-03 00:00:00-04:00,427.80776005664865,428.9281553823134,427.5276464870672,428.6480712890625,32793400,0.0,0.0,0.0,419.53166046142576,413.9304128011068,405.04578806559243,5.482819262235182,430.395758840909,408.6675620819425,64.70663609345272,121.8590317633136,36.139415089178954
2023-07-05 00:00:00-04:00,426.8322751907773,428.7447292814146,426.8226069528998,428.0106506347656,58418400,0.0,0.0,0.0,420.3821502685547,414.76941731770836,405.61653289794924,5.546330619416835,431.0965083206945,409.6677922164149,64.14261162612891,110.19203464389976,34.60213904574715
2023-07-06 00:00:00-04:00,424.42725571135543,425.0840474287703,422.1477622241082,424.6590576171875,80658300,0.0,0.0,0.0,421.0203109741211,415.491249593099,406.1246815999349,5.265520637237614,431.1085274197472,410.93209452849504,61.23908242483873,73.66103735852751,24.92608911826439
2023-07-07 00:00:00-04:00,423.66417049204466,427.5373607483118,423.3454134187473,423.5868835449219,86134200,0.0,0.0,0.0,421.6760757446289,416.32810363769534,406.61319630940756,4.899977327631689,430.5034103252362,412.84874116402165,60.33524991972668,77.42617290155013,27.745885849054872
2023-07-10 00:00:00-04:00,423.2295437531058,424.8329090465615,422.659677750378,424.6590576171875,62443500,0.0,0.0,0.0,422.26131134033204,417.2969278971354,407.1463653564453,4.6432723549003185,430.15679055216117,414.3658321285029,60.93174457482616,67.77922371355449,26.3733889427031
2023-07-11 00:00:00-04:00,425.4220950342892,427.8561033801802,424.4465462578362,427.3634948730469,64463800,0.0,0.0,0.0,422.94472045898436,418.2417063395182,407.6376795450846,4.604974025109243,430.0443615488873,415.8450793690814,62.406923073862394,89.71740621670381,29.812580072583565
2023-07-12 00:00:00-04:00,431.1594635773627,432.2122699147005,429.7299496500487,430.8020629882813,91924500,0.0,0.0,0.0,423.6124069213867,419.12885131835935,408.20250142415364,4.796791604692089,431.03973558397473,416.1850782587987,64.18562006507801,131.83937674771659,34.381459860295706
2023-07-13 00:00:00-04:00,432.61794802044653,435.0133427036208,432.18331940291864,434.2213134765625,72425200,0.0,0.0,0.0,424.3134490966797,420.1248372395833,408.8005737304687,5.165172464060731,432.93549103891877,415.6914071544406,65.84784120309966,158.8702119952805,37.10485557100419
2023-07-14 00:00:00-04:00,435.1098740968055,435.9598242076378,433.18775178790105,433.9508056640625,69815800,0.0,0.0,0.0,424.97594299316404,421.18654581705727,409.3898071289062,5.373348611411529,434.42568264105546,415.5262033452726,65.59866959930977,159.89108924326698,38.00426409300372
2023-07-17 00:00:00-04:00,433.80590268905246,436.51035622999115,433.7575909794765,435.4575500488281,52680200,0.0,0.0,0.0,425.45298919677737,422.1711354573568,410.0052759806315,5.595410972805439,436.00203497650136,414.90394341705337,66.33275669494871,160.57048218778675,38.53316515655842
2023-07-18 00:00:00-04:00,435.12919667930265,439.3404218148386,434.6945386323739,438.69329833984375,80668200,0.0,0.0,0.0,426.1643585205078,423.0679128011068,410.71092122395834,5.963748458960822,438.24132032778476,414.0873967132308,67.85654056780945,172.40504363853006,41.2007696125723
2023-07-19 00:00:00-04:00,439.4853035858035,440.85683741354967,438.61598753921226,439.6688232421875,65891700,0.0,0.0,0.0,427.0346160888672,424.0235117594401,411.4276926676432,6.2621886644380425,440.37083528997874,413.6983968877557,68.30395275253309,180.5230215661195,42.58202335623752
2023-07-20 00:00:00-04:00,438.6739532656,439.57221504319733,436.037088927524,436.7518310546875,70591600,0.0,0.0,0.0,427.86720581054686,424.8520446777344,412.08895212809244,6.191950831385327,441.4573089328824,414.2771026882113,65.48444367879827,142.7794442948734,36.92329995769467
2023-07-21 00:00:00-04:00,438.4710971405942,438.6739532656,436.7421922937348,436.7518310546875,71275600,0.0,0.0,0.0,428.6239715576172,425.7280527750651,412.85526173909506,6.06635764786671,442.4323850476312,414.8155580676032,65.48444367879827,130.52737905882293,36.92329995758113
2023-07-24 00:00:00-04:00,437.9012445599851,439.5142779903244,436.867745334165,438.7029418945313,54023400,0.0,0.0,0.0,429.63766326904295,426.5863393147786,413.68167673746746,6.054470318683059,443.2703818097339,416.004944728352,66.47502317696814,129.70050108866644,37.78431935641196
2023-07-25 00:00:00-04:00,438.43244612728506,441.15620646563485,438.38413442126745,439.9005737304687,55191200,0.0,0.0,0.0,430.79671783447264,427.45984802246096,414.398942565918,6.071697653742945,443.72870270571207,417.8647329632332,67.07504126668493,133.1122037759857,39.45484713414071
2023-07-26 00:00:00-04:00,438.9637681345287,441.3977766942308,437.9109617920899,439.9682922363281,71052900,0.0,0.0,0.0,431.73072509765626,428.21051330566405,415.06088205973305,6.021403763972444,444.4679855747666,418.9934646205459,67.10947419560642,121.68673014178005,38.34742408293292
2023-07-27 00:00:00-04:00,443.35846818342566,443.7641509737044,436.1433394792144,437.05126953125,92194400,0.0,0.0,0.0,432.50825958251954,428.77220662434894,415.68094024658205,5.680682765439769,444.4923779735126,420.5241411915265,64.12129452069482,103.85854911807299,40.78037138847711
2023-07-28 00:00:00-04:00,440.3255847201604,442.1607516818026,437.0512358426156,441.3301086425781,80011800,0.0,0.0,0.0,433.41667022705076,429.4598459879557,416.4472122192383,5.690330883556385,445.16989599386903,421.6634444602325,66.39206923368502,106.14319966777178,40.780371388117636
2023-07-31 00:00:00-04:00,441.8033403845129,442.52775065677525,440.4897277631192,442.1703796386719,62040400,0.0,0.0,0.0,434.117414855957,430.0016377766927,417.27271779378253,5.700073039791391,446.2159882394541,422.01884147245994,66.81869532827734,110.99835101707056,41.16570770191204
2023-08-01 00:00:00-04:00,440.7022647310359,441.64883818871544,439.9488791549504,440.9051208496094,55291500,0.0,0.0,0.0,434.7302673339844,430.5496114095052,418.1234853108724,5.541815360907378,446.903845197602,422.5566894703668,65.52305918677689,94.86517404237041,39.779109443296925
2023-08-02 00:00:00-04:00,437.78533196247287,438.0461090832154,434.0184039478584,434.7717895507813,93933400,0.0,0.0,0.0,435.06832427978514,430.9665486653646,418.75174407958986,4.865401117306476,446.8245662146303,423.31208234494,59.71648940795851,43.93886034916899,25.766371304323478
2023-08-03 00:00:00-04:00,432.75315569310766,435.4093273640729,432.1060027164115,433.5258483886719,64276100,0.0,0.0,0.0,435.51166381835935,431.41407572428386,419.3574722290039,4.180609453492934,446.2387982916447,424.784529345074,58.62472071445664,22.813083195238733,21.696582285174987
2023-08-04 00:00:00-04:00,435.3416905501171,437.44730311288595,431.0435102343316,431.5650939941406,100128900,0.0,0.0,0.0,435.9105743408203,431.7456949869792,419.9595509847005,3.440036039220672,445.2777247050826,426.54342397655796,56.93027155205076,16.371657722484294,24.393752185323045
2023-08-07 00:00:00-04:00,433.4001789289195,435.48648409589293,432.70474387326175,435.3319396972656,58357500,0.0,0.0,0.0,436.44421844482423,432.3091227213542,420.59361673990884,3.1211011292655826,444.18779740957206,428.7006394800764,59.26987060734416,24.465740347072725,24.39375218515581
2023-08-08 00:00:00-04:00,432.7917508600607,435.3223827020289,430.07762882885913,433.43890380859375,71361300,0.0,0.0,0.0,436.74798889160155,432.86643676757814,421.2076782226562,2.68464383685091,443.3899792069658,430.1059985762373,57.64202647811056,2.041828457200604,18.75099407703553
2023-08-09 00:00:00-04:00,433.7093468244431,433.87355948928627,429.77820586959297,430.541259765625,78789600,0.0,0.0,0.0,436.7349487304688,433.1748738606771,421.7821075439453,2.0809447942168617,443.4269269383333,430.04297052260426,55.23965989660481,-23.233243545308643,18.11924763993879
2023-08-10 00:00:00-04:00,432.8980072622996,436.28825743462227,429.527093565885,430.69580078125,93005500,0.0,0.0,0.0,436.5586730957031,433.48138122558595,422.33633677164715,1.5965748014426708,443.7000823973328,429.41726379407345,55.34234747499002,-19.503045879475035,21.598844896250245
2023-08-11 00:00:00-04:00,428.82196893936987,431.4588333292262,428.22312774254544,430.4446411132813,68690900,0.0,0.0,0.0,436.38336486816405,433.72413940429686,422.930647277832,1.178852528161201,443.95358988619034,428.81313985013776,55.12971008243195,-57.478883956206836,18.77907450893812
2023-08-14 00:00:00-04:00,429.5270825673996,432.8207092285156,429.2179937241371,432.8207092285156,47867400,0.0,0.0,0.0,436.25152282714845,433.87964680989586,423.4846878051758,1.0276869212139559,443.97983295854266,428.52321269575424,56.75579139236383,-36.240232213031675,20.764255112773885
2023-08-15 00:00:00-04:00,431.0434905199487,431.40089107368914,427.2089436634091,427.7788391113281,75707500,0.0,0.0,0.0,435.70579986572267,433.8506724039714,423.8905426025391,0.4953403318219216,444.21053568258776,427.2010640488576,52.573571283945846,-81.57141610486066,16.421727298502496
2023-08-16 00:00:00-04:00,427.3634700312785,429.0247856402229,424.53344729188865,424.63970947265625,80107200,0.0,0.0,0.0,434.95434417724607,433.7383076985677,424.253862508138,-0.17780013340006917,444.5682498189375,425.34043853555465,50.19143204161721,-122.36455425577716,10.926611927696014
2023-08-17 00:00:00-04:00,426.1078247958852,426.368601907091,420.8824080004751,421.4039916992187,95711300,0.0,0.0,0.0,434.1869522094727,433.6298055013021,424.56052754720054,-0.9612831107752413,445.4972400049178,422.8766644140276,47.878185166833106,-170.31719592639632,3.9971485261045983
2023-08-18 00:00:00-04:00,418.5836313326181,422.6403412596287,418.2359284981317,421.6068420410156,98852000,0.0,0.0,0.0,433.42970275878906,433.5638041178385,424.94595387776695,-1.5479864633814486,445.9772496469361,420.882155870642,48.03351115944502,-193.8938708689748,0.6563466572895467
2023-08-21 00:00:00-04:00,422.6210106803204,425.09366245894176,420.4671159807588,424.3499450683594,68719000,0.0,0.0,0.0,432.7120529174805,433.5535003662109,425.42521413167316,-1.7711904273345453,445.62617374183196,419.797932093129,50.113207017590064,-155.21643485243257,3.4851847080290366
2023-08-22 00:00:00-04:00,426.12723989880345,426.12723989880345,422.64042472251566,423.20062255859375,64994200,0.0,0.0,0.0,431.8770553588867,433.41473795572915,425.8282221476237,-2.017564668506054,444.99214920809465,418.76196150967877,49.25876417852358,-140.5955969844988,5.1854113723378825
2023-08-23 00:00:00-04:00,424.2630351692306,428.5322402058597,424.1181589807745,427.9140625,68441000,0.0,0.0,0.0,431.2743438720703,433.31847127278644,426.2236612955729,-1.8115998231749018,443.9234460841491,418.6252416599915,52.68155680299428,-93.44158022574983,9.042390158544968
2023-08-24 00:00:00-04:00,429.5174072282619,430.0293227205553,421.9545463127507,421.9835510253906,88517300,0.0,0.0,0.0,430.52095794677734,432.9105458577474,426.51769154866537,-2.1026755768224916,443.51158729634517,417.5303285972095,48.429428855693004,-112.74211538518755,5.0648271174230715
2023-08-25 00:00:00-04:00,423.712501844876,426.2431043443279,420.1580682498647,424.95849609375,102325100,0.0,0.0,0.0,429.70237731933594,432.6108022054037,426.89867401123047,-2.0694467108160097,441.86179991638033,417.54295472229154,50.502622965721045,-112.7517978272043,1.872949373938778
2023-08-28 00:00:00-04:00,427.1509825528838,428.2714074691659,424.95844443108183,427.65325927734375,61595400,0.0,0.0,0.0,428.97652130126954,432.3506591796875,427.26089731852215,-1.8048623970391873,439.6437891281557,418.3092534743834,52.299529942736974,-67.84819778862146,5.235499553246828
2023-08-29 00:00:00-04:00,427.5470082557006,434.1150135078099,427.3634885979469,433.83489990234375,83081900,0.0,0.0,0.0,428.6230102539063,432.18871256510414,427.6283126831055,-1.0838764330027288,438.01862309310474,419.2273974147078,56.08293726757815,-6.831771629758979,14.016912319297473
2023-08-30 00:00:00-04:00,434.1729444153236,436.2592497912926,433.4678410527647,435.6217651367187,69053900,0.0,0.0,0.0,428.66550903320314,432.05381062825523,428.03866119384764,-0.3641075657533861,438.18509856557165,419.1459195008346,57.100414820846645,38.21961650306208,16.938594408530204
2023-08-31 00:00:00-04:00,436.23991629050073,437.3796481914474,434.80076379653127,434.9842834472656,66084600,0.0,0.0,0.0,428.7384307861328,431.99489237467446,428.42346852620443,0.1531100452206715,438.43547252616,419.0413890461056,56.61631787285794,47.290598453202925,18.436684355775945
2023-09-01 00:00:00-04:00,437.7081390777522,438.19107939386777,434.3371956273561,435.7956848144531,58944100,0.0,0.0,0.0,428.94996032714846,431.96302083333336,428.84553680419924,0.6213198489763272,439.08146255385634,418.8184581004406,57.09526719183283,53.317082024214265,19.524128064692114
2023-09-05 00:00:00-04:00,435.35138309753785,435.6701107330132,433.8446116862524,433.9122009277344,55166200,0.0,0.0,0.0,428.87897338867185,431.80332946777344,429.19483439127606,0.8308208968645658,438.8406709896708,418.9172757876729,55.62075138346553,34.33763719829885,18.53170183258777
2023-09-06 00:00:00-04:00,433.1007905422567,433.2070527201014,428.667402786713,430.99517822265625,70758500,0.0,0.0,0.0,428.756787109375,431.50648295084636,429.48316548665366,0.7527948821626751,438.5413615257788,418.9722126929712,53.410815422816036,-9.607482342247044,8.716964825280346
2023-09-07 00:00:00-04:00,427.991344757898,430.34809581436866,427.6436418854697,429.6719970703125,70355400,0.0,0.0,0.0,428.71332397460935,431.16327311197915,429.68689320882163,0.5775316176689103,438.4722118982376,418.9544360509811,52.433235555748965,-30.191670055117097,6.906154501033471
2023-09-08 00:00:00-04:00,429.7202810475146,431.8548689598933,429.36290993507305,430.3191223144531,61659700,0.0,0.0,0.0,428.69449005126955,430.9388682047526,429.8555374145508,0.4852580639067696,438.4387112681778,418.9502688343613,52.869666808808546,-7.524145637046485,9.208618540191814
2023-09-11 00:00:00-04:00,432.94628326819304,433.4581987746905,431.23668532604137,433.1491394042969,60180100,0.0,0.0,0.0,428.8297149658203,430.6661692301432,430.06300760904946,0.6331903116999342,438.74967814919296,418.90975178244764,54.74800560911648,30.13752667136703,11.6149149532942
2023-09-12 00:00:00-04:00,431.7003378706483,433.2264162204621,430.1935665209915,430.7730712890625,67565400,0.0,0.0,0.0,428.72733306884766,430.2862589518229,430.1439483642578,0.5523319062006635,438.51525137820005,418.93941475949526,52.916298779297826,17.249144584798255,9.658854081422044
2023-09-13 00:00:00-04:00,430.9951854819559,432.4343379531001,429.8940675950137,431.2752990722656,60199300,0.0,0.0,0.0,428.9021560668945,429.96526489257815,430.25743815104164,0.5227506776895439,438.7434986828221,419.0608134509669,53.258244978696844,20.8127002481094,9.091003829931573
2023-09-14 00:00:00-04:00,433.747962382289,435.6893621396805,432.4440178145085,434.9939270019531,83430800,0.0,0.0,0.0,429.41986694335935,429.97266947428386,430.46960906982423,0.7902599126750829,439.4054127858959,419.4343211008228,55.72137083074391,81.52522368228735,14.092537728851134
2023-09-15 00:00:00-04:00,433.4072542770486,433.7368084981918,429.3168595859164,429.7530212402344,111848900,1.583,0.0,0.0,429.83731842041016,429.84690856933594,430.6304921468099,0.5727631566699074,439.0825079925261,420.59212884829424,51.74576533075903,18.861868428461896,8.177568841417953
2023-09-18 00:00:00-04:00,429.4428320631367,431.3038771522312,428.96789063501143,430.0050354003906,55752200,0.0,0.0,0.0,430.2572280883789,429.79490661621094,430.77030080159506,0.41593619358241085,438.65221623650694,421.86223994025084,51.916420767447754,4.8808634993929125,7.533990860840851
2023-09-19 00:00:00-04:00,429.0842343223396,429.6755151492696,426.4283957228559,429.1133117675781,66514600,0.0,0.0,0.0,430.49539642333986,429.5876190185547,430.94837086995443,0.2171914034339011,438.44309708108165,422.54769576559806,51.25293437326473,-24.725156724208766,2.9243620072742464
2023-09-20 00:00:00-04:00,430.3733120632257,430.7900985499461,424.96467175443377,425.1682434082031,82562600,0.0,0.0,0.0,430.5937774658203,429.3119303385417,431.0891835530599,-0.25570175031850795,438.20276798199797,422.9847869496427,48.4208437637647,-49.32924994506524,0.3592133529480514
2023-09-21 00:00:00-04:00,422.31855674804774,422.58025371246634,417.98584063306095,418.1409301757813,104095800,0.0,0.0,0.0,430.10512084960936,428.8985860188802,431.03672993977864,-1.183871496154552,439.4873697862392,420.72287191297954,43.946112970090475,-173.79593127714853,10.626987012099567
2023-09-22 00:00:00-04:00,419.16842775985725,420.7677463582612,416.78395900410345,417.2007751464844,100829700,0.0,0.0,0.0,429.86598205566406,428.44875183105466,430.96506652832034,-1.972576723905604,440.3042196678276,419.4277444435005,43.39114352399283,-174.9772114955222,12.33665032653107
2023-09-25 00:00:00-04:00,415.9891824335371,418.9939504024325,415.5529911707951,418.9552001953125,70874500,0.0,0.0,0.0,429.56581726074216,428.0657704671224,430.8949549357096,-2.42807452837485,440.9046613992127,418.2269731222716,44.73834059593198,-160.7645109637346,14.078121229548218
2023-09-26 00:00:00-04:00,415.9116062812536,416.6191968671865,411.9665987111882,412.8002014160156,96168400,0.0,0.0,0.0,428.82316436767576,427.39842020670574,430.63903350830077,-3.2482727162263245,442.4118741984215,415.23445453693,41.181493094634725,-195.8523992483072,18.93192681672572
2023-09-27 00:00:00-04:00,413.9730331962355,414.5352365633177,409.320464597115,412.9649658203125,104705800,0.0,0.0,0.0,427.77966766357423,426.9046244303385,430.37764841715494,-3.84071718196401,442.8701957229315,412.68913960421696,41.31070512290434,-190.56901275232806,22.28291141047356
2023-09-28 00:00:00-04:00,412.412517717301,417.036009133624,411.82123687227,415.359130859375,92258300,0.0,0.0,0.0,426.766535949707,426.59527180989585,430.1667897542318,-4.07012669266561,442.35284371009294,411.1802281893211,43.18678892223945,-141.9559254879282,17.533184020758206
2023-09-29 00:00:00-04:00,418.4123916323294,418.5868563011905,412.8292855862936,414.35107421875,115111300,0.0,0.0,0.0,425.73487548828126,426.36017456054685,429.9949900309245,-4.283895053377194,441.75629240776607,409.71345856879645,42.5937363595323,-125.90051109156303,14.67564502140586
2023-10-02 00:00:00-04:00,413.51743802249865,415.436637965525,411.4237734247356,414.1862487792969,83798600,0.0,0.0,0.0,424.65440368652344,426.1128214518229,429.83831278483075,-4.415706538525001,440.733550422138,408.57525695090885,42.49503048918564,-134.47363709222532,16.577184606426915
2023-10-03 00:00:00-04:00,412.0053970277405,414.2444490832808,407.2752686675357,408.6419677734375,103760600,0.0,0.0,0.0,423.3908920288086,425.58922220865884,429.5713612874349,-4.910935029765994,440.35414717024156,406.4276368873756,39.32400836522363,-155.49287329574926,21.892228384970085
2023-10-04 00:00:00-04:00,409.1071637838885,412.3639554385422,407.6435302591631,411.61761474609375,87453000,0.0,0.0,0.0,422.4220138549805,425.2031219482422,429.3089299519857,-5.005595940700061,439.76579787639344,405.07822983356755,41.73784086668799,-135.36089526746946,21.89222838480592
2023-10-05 00:00:00-04:00,411.3268099718928,412.3057997665852,408.2348102060782,411.4625244140625,70142700,0.0,0.0,0.0,421.511540222168,424.6547373453776,428.98660430908205,-5.035088522013268,439.1619549620322,403.86112548230375,41.648506973301274,-120.81825631552691,21.892228384659436
2023-10-06 00:00:00-04:00,409.0102345616155,417.8889113291259,407.6823154616602,416.3477478027344,113273300,0.0,0.0,0.0,420.812971496582,424.4668772379557,428.68871154785154,-4.6111108892220045,438.0977850432224,403.5281579499416,45.45286340549061,-84.94682723164433,11.324820047759426
2023-10-09 00:00:00-04:00,414.44797038266114,419.5852123041229,413.8954989431742,419.0133361816406,80374400,0.0,0.0,0.0,420.1061813354492,424.2687052408854,428.4397537231445,-4.013746880151189,436.39437081744757,403.81799185345085,47.38900733294484,-52.90993665625461,8.371851453310974
2023-10-10 00:00:00-04:00,419.6433174894524,423.79186665669647,419.2459060791411,421.1941833496094,78607300,0.0,0.0,0.0,419.6272369384766,424.05340270996095,428.20203094482423,-3.3260152256833635,435.13962761411335,404.1148462628398,48.923422462007714,-20.367905072657315,1.467082161601361
2023-10-11 00:00:00-04:00,422.2604167519184,423.17151977952034,419.8759482263836,422.9195251464844,62451700,0.0,0.0,0.0,419.2094482421875,423.68955688476564,427.9391347249349,-2.6116567180084758,433.82511120697717,404.5937852773978,50.11416211221196,-13.51105405075318,1.467082161593781
2023-10-12 00:00:00-04:00,423.5302119190894,423.90821868639375,417.9858858829249,420.34124755859375,81154200,0.0,0.0,0.0,418.47681427001953,423.1802062988281,427.61700846354165,-2.2278862222201496,431.0932594091658,405.86036913087327,48.37092212282413,-20.50563483574897,4.3959173390735105
2023-10-13 00:00:00-04:00,421.8435761764503,423.0455127100946,416.67728716479496,418.2475280761719,95143100,0.0,0.0,0.0,417.9015396118164,422.622314453125,427.30860341389973,-2.0688426731522327,429.3480805982712,406.4549986253616,46.99756298158276,-29.22964313108084,6.388859715073616
2023-10-16 00:00:00-04:00,420.4963128780658,423.71435449669224,420.25399100160854,422.6481323242187,75433200,0.0,0.0,0.0,417.5336944580078,422.18406270345054,427.0735417683919,-1.5696139961391395,427.74916269380833,407.3182262222073,50.07931285486013,0.378349516956563,5.229030519349493
2023-10-17 00:00:00-04:00,419.5173791522351,424.6836988143986,419.16844980200625,422.6287841796875,75324700,0.0,0.0,0.0,417.20946807861327,421.807948811849,426.8056391398112,-1.162136520024319,426.2177678293757,408.20116832785084,50.06607263065693,4.1143325319194695,6.932529824938601
2023-10-18 00:00:00-04:00,420.85499831559775,421.8145836033234,415.91162548795126,416.9972229003906,93559800,0.0,0.0,0.0,416.80091705322263,421.3413503011068,426.4239166259766,-1.2788854197640376,424.9936560767324,408.60817802971286,46.37436182810887,-32.57704174041895,11.850198378544963
2023-10-19 00:00:00-04:00,417.714450283055,419.5270131332278,412.65476846702256,413.333251953125,121323000,0.0,0.0,0.0,416.56053314208987,420.7967254638672,425.9799992879232,-1.6480637453275904,424.8690322521393,408.25203403204046,44.18169337351693,-61.160323971881276,16.418942400055656
2023-10-20 00:00:00-04:00,412.8971069121286,413.4399055549237,408.1475744172104,408.2542114257813,123919900,0.0,0.0,0.0,416.1132049560547,420.0612284342448,425.5000483194987,-2.3236902960805423,425.20317650893963,407.02323340316974,41.376264783998636,-110.95711026655971,22.19230527375254
2023-10-23 00:00:00-04:00,406.7227305341648,411.4141082592817,404.9683224528733,407.546630859375,92035100,0.0,0.0,0.0,415.5427764892578,419.2078114827474,424.93699035644534,-2.8829917095623614,425.289921826308,405.7956311522076,41.00105909775464,-126.68063691887967,25.92591760260592
2023-10-24 00:00:00-04:00,409.66935030950145,411.7727171708306,407.8180076603951,410.6192626953125,78564200,0.0,0.0,0.0,415.43372955322263,418.5360178629557,424.41113840738933,-3.0432259843857423,425.357268246272,405.5101908601733,43.310355857219456,-98.56795119562486,25.22475900357014
2023-10-25 00:00:00-04:00,408.93271643497314,408.9617938766799,404.21226147565824,404.7259826660156,94223200,0.0,0.0,0.0,415.0217803955078,417.6510406494141,423.8081527709961,-3.6042042250102213,426.00435945005773,404.03920134095785,40.189205039049185,-138.53033276840233,29.318356258748587
2023-10-26 00:00:00-04:00,403.659822847272,404.512771066671,398.9587721877273,399.8795776367187,115156800,0.0,0.0,0.0,414.247802734375,416.4805623372396,423.2266159057617,-4.389251347779464,427.1451514903177,401.3504539784323,37.867658771467944,-182.84176942356092,34.705973083589534
2023-10-27 00:00:00-04:00,401.4692254760225,401.86663693380547,396.6421626745101,398.0670166015625,107367700,0.0,0.0,0.0,413.4335998535156,415.4243621826172,422.63563537597656,-5.098888562465504,428.22101464256616,398.64618506446504,37.039843823319416,-195.12917930637096,36.90002787249514
2023-10-30 00:00:00-04:00,400.8586106203213,403.8827834494179,399.55976867860994,402.8262634277344,86562700,0.0,0.0,0.0,412.8656005859375,414.518403116862,422.1566548665365,-5.217110125588022,428.38582789006597,397.34537328180903,40.568814493607974,-148.8211867910219,32.88002622889334
2023-10-31 00:00:00-04:00,403.3981296223901,405.6759615303211,401.4886317566324,405.3561096191406,79665200,0.0,0.0,0.0,412.70130767822263,413.72649637858075,421.6570576985677,-5.048468518741743,428.4772483956648,396.9253669607805,42.345833591716094,-116.75587542437671,29.384367007095673
2023-11-01 00:00:00-04:00,406.32532025886866,410.493244558032,405.79219440086933,409.6790466308594,98068100,0.0,0.0,0.0,412.60437927246096,413.21018981933594,421.2610600789388,-4.513959822770744,428.4320912816759,396.776667263246,45.240162605915096,-57.61784308988408,20.56963094289288
2023-11-02 00:00:00-04:00,413.478629395965,417.6853629798832,413.45925429578176,417.5302734375,94938900,0.0,0.0,0.0,412.9077667236328,413.18983459472656,421.0442103068034,-3.417435374710749,428.8753189683606,396.940214478905,49.95989411442419,38.89248875175785,9.090898101550284
2023-11-03 00:00:00-04:00,419.8371853582878,422.8904349465744,419.71117325541815,421.3395690917969,100167800,0.0,0.0,0.0,413.15735778808596,413.3277943929036,420.8882731119792,-2.2155144543813208,429.50289540305107,396.81182017312085,52.03486143760061,100.53762018704892,1.8325810645834149
2023-11-06 00:00:00-05:00,422.0956239774314,422.7547323706144,420.3605910898025,422.3088684082031,67831700,0.0,0.0,0.0,413.32213439941404,413.43958333333336,420.75267690022787,-1.1712674692886935,429.9796977941269,396.6645710047012,52.552755013676865,102.84555430432869,1.8325810645776195
2023-11-07 00:00:00-05:00,422.3088656922616,424.1505059932791,421.1651135619809,423.5107727050781,64256100,0.0,0.0,0.0,413.4379638671875,413.7966023763021,420.5975112915039,-0.2438990616245178,430.3561842116902,396.51974352268473,53.20092266085294,107.73643980881158,0.0753160961438533
2023-11-08 00:00:00-05:00,424.11175832141294,424.6351818841711,421.5140747704494,423.8209838867187,61746000,0.0,0.0,0.0,413.48303680419923,414.15846964518227,420.5315470377604,0.510197295754665,430.51205737287216,396.4540162355263,53.37099875743029,103.70692664507537,0.7433332029674891
2023-11-09 00:00:00-05:00,424.9647429571584,425.0035227425126,420.0892276547656,420.5157165527344,83174400,0.0,0.0,0.0,413.49176025390625,414.3303558349609,420.46281382242836,0.8315312665372403,430.53574564145185,396.44777486636065,51.31545569641653,81.69943809938017,1.2640496899212068
2023-11-10 00:00:00-05:00,422.58995223462995,427.38790735412255,420.5059605571527,427.0777282714844,89462200,0.0,0.0,0.0,413.9332702636719,414.75457763671875,420.5573760986328,1.597277833557314,431.9269850002566,395.9395555270872,54.88410973625312,106.68051375571598,2.112494694895724
2023-11-13 00:00:00-05:00,425.7401770580696,427.7756572288507,424.9550565166978,426.6706848144531,52236100,0.0,0.0,0.0,414.13439788818357,415.1707255045573,420.6417734781901,2.1465484255784304,432.6214304409291,395.64736533543805,54.627159518222264,112.19633192770958,2.6585211990164606
2023-11-14 00:00:00-05:00,432.612438681597,436.23756475568536,432.3894918898645,434.9484252929687,97176900,0.0,0.0,0.0,414.75037994384763,416.047607421875,420.8184148152669,3.2127591164671685,435.1510493361658,394.3497105515295,58.69530155342376,174.0332206250839,13.545645947925243
2023-11-15 00:00:00-05:00,436.28598819138983,437.51700226405256,435.01622391603615,435.86920166015625,77327600,0.0,0.0,0.0,415.69397888183596,416.8559936523437,421.029557800293,4.084948979173134,438.17221855190047,393.21573921177145,59.117102376665876,172.3892822436734,15.032075495739358
2023-11-16 00:00:00-05:00,435.4233234108849,436.7221650858265,434.35710126569217,436.4023132324219,66665800,0.0,0.0,0.0,416.8474319458008,417.68731994628905,421.17102864583336,4.764263908947726,441.112162595716,392.5827012958856,59.36563798227877,156.54971987097755,13.987630436648692
2023-11-17 00:00:00-05:00,436.4119730300388,437.5557547047121,435.4911676985958,436.9450988769531,83133200,0.0,0.0,0.0,418.2819763183594,418.3738983154297,421.42038777669273,5.285496239714405,443.76925242241003,392.79470021430876,59.624162649699436,150.0796983939506,14.99736759248226
2023-11-20 00:00:00-05:00,436.69311009341754,441.1518386514175,436.6834077524104,440.3085632324219,69936200,0.0,0.0,0.0,419.9200729370117,419.0837392171224,421.6762222290039,5.901946119928311,446.68163839959163,393.15850747443176,61.20632553708404,156.21119421097694,19.228960477048187
2023-11-21 00:00:00-05:00,439.2617361737396,440.18257120218567,438.0792041489343,439.3489685058594,49244600,0.0,0.0,0.0,421.35655822753904,419.68889872233075,421.87115071614585,6.241112160484931,449.08292301521993,393.63019343985815,60.50655387817368,142.16170850399038,19.22896047698679
2023-11-22 00:00:00-05:00,441.00647684513626,442.3634735504526,439.9499569252717,441.0452270507813,59394900,0.0,0.0,0.0,423.17252044677736,420.2930887858073,421.99132283528644,6.571030826493313,451.06963199883467,395.27540889472004,61.31532647918813,142.84575108116348,21.756921337906807
2023-11-24 00:00:00-05:00,441.0937026627971,441.5104892196469,440.7641484378246,441.3166198730469,29737400,0.0,0.0,0.0,425.24437255859374,420.9922678629557,422.0862370808919,6.7762801395126075,451.9886889927768,398.50005612441066,61.44600384293051,130.75897172850188,21.75692133788268
2023-11-27 00:00:00-05:00,440.68658238826873,441.5007803874619,440.13408138085987,440.5218200683594,50506000,0.0,0.0,0.0,427.3671127319336,421.7347442626953,422.1785293579102,6.7964626067234235,451.65550675916154,403.0787187047057,60.823537668867914,117.5286629545511,20.590049353235955
2023-11-28 00:00:00-05:00,440.1341378838353,442.2568802750779,439.57196404328505,440.9580383300781,62115000,0.0,0.0,0.0,429.2737014770508,422.34507446289064,422.26456858317056,6.769620553686991,451.33537227404844,407.21203068005315,61.04757785689219,108.80612880789552,21.52369857276552
2023-11-29 00:00:00-05:00,443.10979527762873,444.2438747206066,440.2504147680835,440.6477966308594,63146000,0.0,0.0,0.0,431.03828582763674,422.945708211263,422.37682851155597,6.64669515659898,450.54240654671844,411.53416510855504,60.79179861873181,103.73887384735154,23.95435674021967
2023-11-30 00:00:00-05:00,441.4911150141487,442.7318019261051,439.41682540648986,442.3828430175781,79752700,0.0,0.0,0.0,432.67347564697263,423.7918955485026,422.5666229248047,6.613048529825562,449.9997921549049,415.34715913904034,61.719709470797795,94.4950257722172,22.3102613133732
2023-12-01 00:00:00-05:00,441.7722250179134,445.53306586193185,441.1809737453773,444.9999694824219,89183400,0.0,0.0,0.0,434.0469604492188,424.8474527994792,422.8220891316732,6.720098457271774,450.659274048413,417.43464685002454,63.083012694698134,99.0705327559621,25.734601213588153
2023-12-04 00:00:00-05:00,441.6074205334664,445.01930211338146,440.3861087358581,442.6639404296875,72430900,0.0,0.0,0.0,435.1131790161133,425.99444376627605,423.0278361002604,6.541037268502748,451.013464899248,419.2128931329786,61.07459240008847,86.58807425359124,24.128593429088948
2023-12-05 00:00:00-05:00,441.2778489374918,443.5362758597069,440.8998126034742,442.5766906738281,69793500,0.0,0.0,0.0,436.1265701293945,427.1621124267578,423.1849619547526,6.319245333603703,451.1500961587659,421.1030441000231,60.999554947999705,79.45318334794904,24.128593428983205
2023-12-06 00:00:00-05:00,444.7187848215884,444.74786226267736,440.35699117640615,440.7931823730469,69124700,0.0,0.0,0.0,436.99069061279295,428.16790974934895,423.35196380615236,5.931188365360015,450.90614910645434,423.07523211913156,59.45487279966278,72.79616719781467,25.677134776811396
2023-12-07 00:00:00-05:00,442.877180057356,444.80605282503006,442.27622650644105,444.1566467285156,66995400,0.0,0.0,0.0,438.0074737548828,429.482265218099,423.56665293375653,5.8278737848035576,450.7974593259441,425.21748818382156,61.363600853073606,77.79815185213481,25.752426693601794
2023-12-08 00:00:00-05:00,443.4102939900714,446.5992584533756,443.167972091833,446.066162109375,83194400,0.0,0.0,0.0,439.28499603271484,431.0218180338542,423.7511901855469,5.832840810079404,449.57921869840754,428.99077336702214,62.4030834107455,82.7646476511658,28.075192452292775
2023-12-11 00:00:00-05:00,445.5717979195869,447.97564170163525,445.358553474564,447.8011474609375,65002200,0.0,0.0,0.0,440.3211669921875,432.67962239583335,424.05199228922527,5.908664623624361,449.5594943663229,431.0828396180521,63.33038878350605,91.02397728647159,29.818516955604583
2023-12-12 00:00:00-05:00,447.4521722811235,449.9432481380579,446.45380738636266,449.8463134765625,68327600,0.0,0.0,0.0,441.47994842529295,434.24695739746096,424.38268025716144,6.063882682507199,449.1977890540339,433.762107796552,64.40107794577938,101.11598841368803,32.24708147958186
2023-12-13 00:00:00-05:00,450.2243166322346,456.30176785417245,449.8656850098202,456.04974365234375,93278000,0.0,0.0,0.0,442.5350143432617,435.93674519856773,424.83162078857424,6.611248723489041,452.05274196420265,433.01728672232076,67.38886476031126,138.98460281082143,39.27222961207426
2023-12-14 00:00:00-05:00,457.98836917003774,459.1806035101216,454.838184620191,457.513427734375,119026000,0.0,0.0,0.0,443.61722564697266,437.5312245686849,425.37070719401044,7.081516018853506,454.73179733828965,432.50265395565566,68.04351668334263,161.62954626036847,42.08480461140985
2023-12-15 00:00:00-05:00,456.9158196636758,458.0934340813363,454.9109942306135,456.7601013183594,141553700,1.906,0.0,0.0,444.6351150512695,438.83888549804686,426.01436004638674,7.309163604327466,456.6591553251549,432.6110747773841,67.32394643275643,153.61898287682416,42.08480461118695
2023-12-18 00:00:00-05:00,458.3659614924249,460.3123963762856,457.3051580447496,459.3294372558594,70375300,0.0,0.0,0.0,445.7543319702148,440.10521443684894,426.7165044148763,7.609185934350364,458.88105972593763,432.627604214492,68.49929758759976,168.5872831483176,44.21591834033034
2023-12-19 00:00:00-05:00,459.8743983485583,462.2004020971749,459.7965540277921,462.1225280761719,55761800,0.0,0.0,0.0,446.8450302124023,441.4323364257813,427.4359598795573,7.980342458531709,461.5916348598133,432.0984255649913,69.723982071565,182.6898351987184,45.965998227978936
2023-12-20 00:00:00-05:00,461.26613266046417,463.15417688283,455.2905929826461,455.71881103515625,102921000,0.0,0.0,0.0,447.6635223388672,442.5059377034505,428.1512700398763,7.669352706871564,462.475328538395,432.85171613933943,63.837570041698115,142.7181089537692,35.472817950877904
2023-12-21 00:00:00-05:00,458.7065536605437,460.31238616429494,456.28325178797456,460.0398864746094,86667500,0.0,0.0,0.0,448.6132553100586,443.71323445638023,428.93585205078125,7.683000911346426,464.06050555834486,433.16600506177235,65.85009356500808,137.12762146214126,35.47281795060898
2023-12-22 00:00:00-05:00,461.1687838422537,462.6480933014032,459.0666603902041,460.96441650390625,67160400,0.0,0.0,0.0,449.59564514160155,445.0615244547526,429.69594014485676,7.679890066347866,465.57880611360747,433.61248416959563,66.26562932370345,140.50894964263944,37.9473508283106
2023-12-26 00:00:00-05:00,461.373187704544,463.8159432234597,461.2953136791012,462.9108581542969,55387000,0.0,0.0,0.0,450.71509704589846,446.25596211751304,430.5052698771159,7.74520437851578,467.1521473601893,434.2780467316076,67.13654425876433,140.69442159695149,39.154254614432055
2023-12-27 00:00:00-05:00,462.7064835048319,463.8938099220547,462.1712258143802,463.7478332519531,68000300,0.0,0.0,0.0,451.8545867919922,447.4918670654297,431.33129628499347,7.774879367309268,468.60050374928517,435.1086698346992,67.50966697709481,132.33330161930095,39.23577163382575
2023-12-28 00:00:00-05:00,464.1079483619,464.75998742977106,463.5045582870676,463.9230346679687,77158100,0.0,0.0,0.0,453.01834869384766,448.4576873779297,432.25264739990234,7.723502569865957,469.7200075660924,436.3166898216029,67.58935159871693,125.53850722313321,40.1583432360003
2023-12-29 00:00:00-05:00,463.7283454487912,464.25389115635505,460.62377959337147,462.5799560546875,122283100,0.0,0.0,0.0,454.0282043457031,449.3480458577474,433.10201975504555,7.4880927956543815,470.4624745646162,437.59393412679003,66.29985555899339,103.48374730445339,33.20035441520622
2024-01-02 00:00:00-05:00,459.5142829304583,460.9838505543304,457.88899697489745,459.99114990234375,123623700,0.0,0.0,0.0,454.7777633666992,450.13434041341145,433.9108301798503,7.011806096633222,470.8415559265623,438.71397080683613,63.87011024318486,75.11063694313694,27.00832335964656
2024-01-03 00:00:00-05:00,457.83068032303305,458.570335093064,455.6312290704376,456.234619140625,103585900,0.0,0.0,0.0,455.45629730224607,450.77732442220054,434.5756113688151,6.25907410818462,470.47828368532004,440.4343109191721,60.539689994411404,49.21737722060377,22.158443540153748
2024-01-04 00:00:00-05:00,455.7576550965072,458.346416709132,454.5411334571291,454.7649841308594,84232200,0.0,0.0,0.0,456.06571197509766,451.2592051188151,435.1714721679688,5.480762502687355,469.823399034923,442.3080249152723,59.28851588692119,38.48651497904048,19.872182785841552
2024-01-05 00:00:00-05:00,454.9694028721213,457.8404061456365,453.93779478135224,455.3879089355469,86118900,0.0,0.0,0.0,456.79544830322266,451.79383646647136,435.741367594401,4.85820738305415,468.5437761324087,445.0471204740366,59.65413257054035,33.89605347559122,18.601282473049643
2024-01-08 00:00:00-05:00,455.8842127147601,462.0349537185437,455.7576897026201,461.8889770507813,74879100,0.0,0.0,0.0,457.68206481933595,452.48862813313804,436.39085845947267,4.8336900605333994,468.00417379538845,447.35995584328344,63.220209217482676,64.69149049622425,24.368212144143612
2024-01-09 00:00:00-05:00,459.2320864754785,462.21012932199153,458.72602412321226,461.1882629394531,65931400,0.0,0.0,0.0,458.4381698608398,453.15101623535156,437.07164204915364,4.7034991230618175,467.28807046038446,449.5882692612952,62.603233902396205,67.97177216149166,24.599001589621476
2024-01-10 00:00:00-05:00,461.4607624691406,464.6626560070687,461.17852110920177,463.7964782714844,67310600,0.0,0.0,0.0,459.23793640136716,453.9268381754557,437.83079121907554,4.7559593082468155,466.8439757061674,451.63189709656695,63.95764606040217,86.2770271291613,27.790321660781
2024-01-11 00:00:00-05:00,464.7989126874992,465.3147167416708,459.6116768106503,463.5921325683594,77940700,0.0,0.0,0.0,459.925227355957,454.6813079833984,438.51319122314453,4.726560544729409,466.3505928303548,453.49986188155924,63.77045649122612,79.99339771923009,24.31299762046738
2024-01-12 00:00:00-05:00,465.0422353972928,465.78189018349474,462.50215203979474,463.9132995605469,58026400,0.0,0.0,0.0,460.3184051513672,455.4568247477213,439.2012664794922,4.675283546538651,466.70752167746076,453.9292886252736,63.94204134978523,88.97930108053077,24.942959394489012
2024-01-16 00:00:00-05:00,462.531322425016,463.8451421871986,460.39023221216354,462.2101440429687,85014900,0.0,0.0,0.0,460.55324096679686,456.11773478190105,439.9548151652018,4.4459654178184,466.85289288607,454.25358904752375,62.322806801354936,67.95193803975822,20.261906844734728
2024-01-17 00:00:00-05:00,459.18345575970955,460.1274778564824,457.28566988777015,459.640869140625,68843900,0.0,0.0,0.0,460.69727935791013,456.6057647705078,440.7266087849935,4.0106775422202645,466.75900120359,454.63555751223026,59.95352083197037,31.146760618655083,13.77941983524732
2024-01-18 00:00:00-05:00,461.314802822399,464.28310409945385,459.7673906749951,463.7283630371094,91856200,0.0,0.0,0.0,460.91722564697267,457.3079121907552,441.65117797851565,3.9500021950498194,467.0882136185614,454.74623767538395,62.31154684053533,70.86128114337149,19.7679573293047
2024-01-19 00:00:00-05:00,464.8572992191645,469.7915187143467,463.7770421286305,469.50927734375,110834500,0.0,0.0,0.0,461.28656311035155,458.2056650797526,442.6838887532552,4.318605817083608,468.5489765814296,454.0241496392735,65.30082337087401,134.25037261038412,26.744840474722324
2024-01-22 00:00:00-05:00,471.0469830334159,472.22456782073624,469.8499148891261,470.5019836425781,75844900,0.0,0.0,0.0,462.02572174072264,459.1959584554036,443.6819341023763,4.6373731936026275,469.88667906244444,454.16476441900085,65.782935470046,177.6121522534912,29.54431891191713
2024-01-23 00:00:00-05:00,471.0469345284904,472.1174498429628,469.9569358590548,471.8741455078125,49945300,0.0,0.0,0.0,462.6174346923828,460.1198750813802,444.8010701497396,4.943732361679167,471.5566447389018,453.6782246458638,66.44949019227732,179.9540047615078,29.544318911813402
2024-01-24 00:00:00-05:00,474.7452454966969,475.6795260184098,471.8937252344452,472.39007568359375,81765000,0.0,0.0,0.0,463.1887176513672,460.9973388671875,446.00957845052085,5.168575343719624,473.09155903672774,453.28587626600665,66.70179338464138,201.36233264167564,33.52447000319896
2024-01-25 00:00:00-05:00,474.52132983790426,475.23178923650255,472.3900110425858,474.9592895507813,72525000,0.0,0.0,0.0,463.79113922119143,461.90261027018227,447.29111633300784,5.490784765279443,475.0022774105152,452.58000103186765,67.94364675854041,201.21798319036498,33.52447000304266
2024-01-26 00:00:00-05:00,474.5310374710035,476.02005880762255,473.5091711479216,474.3558654785156,76641600,0.0,0.0,0.0,464.32154083251953,462.71959533691404,448.4832763671875,5.632518605292034,476.487158827723,452.15592283731604,67.33351115235428,193.15570494759672,34.402060301482344
2024-01-29 00:00:00-05:00,474.66731967923187,478.258494159002,474.12232032676826,478.1124877929687,61322800,0.0,0.0,0.0,465.03101348876953,463.45502014160155,449.69588267008464,5.979048965368861,478.6651434390332,451.39688353850585,69.11942713804362,199.59628904978194,36.8510621115069
2024-01-30 00:00:00-05:00,477.4215584200377,478.4531665594372,476.9835986796224,477.74273681640625,58618400,0.0,0.0,0.0,465.78915252685545,464.12933044433595,450.8302775065104,6.152913996183429,480.49367996442095,451.08462508928994,68.73679372584841,182.42086120082283,37.06245568740037
2024-01-31 00:00:00-05:00,475.5334936248827,475.98116532447904,469.9277517507619,469.9472351074219,126011100,0.0,0.0,0.0,466.2869567871094,464.56890157063805,451.70389353434246,5.597150975208194,480.8383284981959,451.73558507602286,61.331772999535154,95.70868026266359,21.77760543081571
2024-02-01 00:00:00-05:00,471.65038103588824,476.1271872790658,470.8425939142762,476.0979919433594,91891600,0.0,0.0,0.0,467.2801254272461,465.1278533935547,452.61653391520184,5.588597575599124,481.65302191169866,452.90722894279355,64.45711420534617,112.74091903979883,21.96391296904308
2024-02-02 00:00:00-05:00,476.5358823208618,482.7644675885541,476.19525029914104,481.1100158691406,99228200,0.0,0.0,0.0,468.59737701416014,465.7607696533203,453.59655303955077,5.918028044906805,482.9697906599536,454.2249633683667,66.72425650881979,157.37329639361124,29.823281222666868
2024-02-05 00:00:00-05:00,480.47743909484853,481.13921979443177,477.10037355108614,479.3582153320313,75757100,0.0,0.0,0.0,469.7958923339844,466.5487497965495,454.52734375,5.9689421527157265,483.51308566723884,456.07869900072996,65.22006850188643,133.23480126724976,29.8232812224778
2024-02-06 00:00:00-05:00,480.3022375794468,481.0808293147646,478.871606822303,480.74993896484375,55918600,0.0,0.0,0.0,470.7389404296875,467.2390848795573,455.4761596679688,6.051830679084162,484.75736177299643,456.72051908637854,65.85272222691594,130.19900732295804,29.823281222370806
2024-02-07 00:00:00-05:00,482.9980918458816,485.1780894084531,482.0929770540646,484.7596130371094,70556500,0.0,0.0,0.0,471.9175079345703,468.0322580973307,456.54689127604166,6.367665140789086,486.5068699070114,457.32814596212927,67.60879986922386,150.35880919102812,34.3423663764786
2024-02-08 00:00:00-05:00,484.759615339305,485.3532637246949,483.9421162494583,484.9737243652344,52343600,0.0,0.0,0.0,472.9763702392578,468.76768697102864,457.51182454427084,6.5596279145589165,488.14645798291485,457.8062824956007,67.70055629727091,141.64503710569664,34.52883582393138
2024-02-09 00:00:00-05:00,485.4797722645157,488.2145108276318,485.13914022884614,487.7765808105469,63979400,0.0,0.0,0.0,474.1855926513672,469.5686452229818,458.53025614420574,6.858862192613628,490.045922903888,458.32526239884635,68.8938310506599,146.11213709798193,37.52678657981762
2024-02-12 00:00:00-05:00,487.7474136957695,490.01499733828587,486.8422988742829,487.5625,56502300,0.0,0.0,0.0,475.36805267333983,470.35662740071615,459.4071573893229,6.998063659848015,491.52726233655846,459.2088430101212,68.69330998899451,141.48950785920624,39.335083725716935
2024-02-13 00:00:00-05:00,481.2851887040555,483.7766228154562,477.57723287028176,480.84722900390625,113099200,0.0,0.0,0.0,476.2999069213867,470.9655364990234,460.1567911783854,6.491683491641311,491.37755882156165,461.22225502121177,62.76530746251985,78.61368810880991,20.732174130874387
2024-02-14 00:00:00-05:00,483.48468469887587,485.703619202311,481.1586808363787,485.2170104980469,68387800,0.0,0.0,0.0,477.57871398925784,471.8063985188802,460.9703694661458,6.369554151506065,490.94897386539117,464.2084541131245,64.80957567153334,98.3380712775944,22.945642081335112
2024-02-15 00:00:00-05:00,485.91769748176387,488.74976352545775,485.4408007855907,488.5648498535156,61683000,0.0,0.0,0.0,478.82053833007814,472.8840728759766,461.83069864908856,6.468345367488723,491.36224718157024,466.27882947858603,66.27696352942944,118.89205687708625,26.310559296705847
2024-02-16 00:00:00-05:00,488.263184432494,489.4018321652925,485.39218120492103,486.1318359375,75532900,0.0,0.0,0.0,479.65166625976565,473.9296346028646,462.5944198608398,6.277945975115074,491.7919750062752,467.5113575132561,64.26240166194951,108.42601816660085,27.016338602147236
2024-02-20 00:00:00-05:00,484.3897552215933,485.06127758934093,481.20734508331265,483.4554748535156,71736700,0.0,0.0,0.0,480.2993408203125,474.86522013346354,463.3295282999674,5.8437302282353585,491.7467154150467,468.85196622557834,62.11392639066963,74.24297727504663,19.422551715442804
2024-02-21 00:00:00-05:00,482.1513643847194,484.0491204434422,480.3411646253707,483.8934020996094,59293400,0.0,0.0,0.0,480.90030364990236,475.59870096842445,464.0436645507813,5.4718718566848,491.7306855089175,470.06992179088724,62.32712418028291,65.58505385701307,17.91311774231457
2024-02-22 00:00:00-05:00,490.51131764803023,494.8713126484984,489.54781221335594,493.9078369140625,76402500,0.0,0.0,0.0,481.97619171142577,476.68935343424477,464.9201848347982,5.917044606546767,493.49992285444256,470.452460568409,66.75303662867475,142.66484036856548,29.440105115108587
2024-02-23 00:00:00-05:00,495.6304568322771,496.46743931170954,493.5185915264853,494.2485046386719,61321800,0.0,0.0,0.0,482.94065246582034,477.7044209798177,465.81562957763674,6.225571740663327,495.19713826881605,470.6841666628246,66.88992357344208,149.18860256507818,30.9201297225288
2024-02-26 00:00:00-05:00,494.6863927584272,495.1243524687158,492.3117399253592,492.4382629394531,50386700,0.0,0.0,0.0,483.8447723388672,478.66595865885415,466.6736333211263,6.251941847048727,496.10260972287017,471.5869349548642,65.40952095125286,128.79212909674806,28.806836786312896
2024-02-27 00:00:00-05:00,493.1292978892794,493.5769696039291,491.2315119659273,493.3531188964844,48854500,0.0,0.0,0.0,484.60680389404297,479.6472859700521,467.5520553588867,6.27433494865744,497.25295969565104,471.9606480924349,65.8051779986446,117.4269321132567,26.909982981376157
2024-02-28 00:00:00-05:00,491.7959045901359,493.28492593001334,491.435818926933,492.7010192871094,56506600,0.0,0.0,0.0,485.35471801757814,480.6636484781901,468.3906916300456,6.16835766684909,498.060774293498,472.64866174165826,65.25480225712822,109.9369169006792,26.90998298130338
2024-02-29 00:00:00-05:00,494.4625780610965,496.0878345083775,491.815425510208,494.4722900390625,83924800,0.0,0.0,0.0,486.58097076416016,481.82469584147134,469.21523030598956,6.15633031041034,497.65511360025636,475.50682792806396,66.05261291916048,118.74951089599891,29.781342031133196
2024-03-01 00:00:00-05:00,495.3482154895911,499.54275051356746,494.9394511031337,499.1145324707031,76844800,0.0,0.0,0.0,487.73179779052737,483.0042348225912,470.1560735066732,6.447070891104488,499.0010695185943,476.4625260624604,68.04213571075152,146.1560193990899,33.13104129036327
2024-03-04 00:00:00-05:00,498.31652584892447,500.42839094094944,498.28730081516426,498.5792541503906,49799300,0.0,0.0,0.0,488.60525970458986,483.9732340494792,471.0894495646159,6.558687937137904,500.40886222730967,476.80165718187004,67.56977892538224,147.8761355987533,33.966378077082844
2024-03-05 00:00:00-05:00,496.5744479650044,497.0221493633574,491.3872121731412,493.5964050292969,72855600,0.0,0.0,0.0,489.3171691894531,484.7430480957031,471.9695032755534,6.173902069673545,500.4721662209914,478.1621721579148,63.33567087610286,92.5321564682795,21.712008596697313
2024-03-06 00:00:00-05:00,496.8761267293977,498.3554361707815,494.8031986362925,496.0975646972656,68382400,0.0,0.0,0.0,490.08455047607424,485.5504954020182,472.8351852416992,6.001596510903539,500.8632834639589,479.3058174881896,64.49107496515249,107.9282027118362,23.11777534022063
2024-03-07 00:00:00-05:00,499.39680772832526,502.0731556685532,496.15597704493354,501.0220642089844,58652100,0.0,0.0,0.0,490.89767303466795,486.50489501953126,473.75111694335936,6.191042583902856,502.413438291936,479.3819077773999,66.63275434246533,130.18287725972914,26.90384782484349
2024-03-08 00:00:00-05:00,501.6546849790431,504.3407152276024,497.4406368151398,498.0148315429687,86532500,0.0,0.0,0.0,491.5497283935547,487.2734130859375,474.5880116780599,6.029022598406414,503.1298228255898,479.96963396151955,64.18711195187811,123.58199873495387,29.10664176371413
2024-03-11 00:00:00-04:00,496.8080468189585,498.17054528765857,494.88106560592894,497.5866088867187,62557200,0.0,0.0,0.0,492.0402297973633,488.0477711995443,475.38368326822916,5.799216841198017,503.77738393439756,480.303075660329,63.8419387093481,88.10954422023042,24.71790108028492
2024-03-12 00:00:00-04:00,499.6985003866654,503.5232377514132,497.1778411114309,502.9393310546875,73114400,0.0,0.0,0.0,492.80907135009767,488.8753326416016,476.16517639160156,5.980079434092659,505.30144154186206,480.3167011583333,66.19279900087008,120.26467210416871,29.874857097352415
2024-03-13 00:00:00-04:00,503.2604525888654,503.43562459877114,500.7106276661075,502.1509704589844,55104100,0.0,0.0,0.0,493.87425842285154,489.6889404296875,476.90913543701174,5.990742678052754,505.68660409154796,482.0619127541551,65.54352954542468,119.46907539624556,29.874857097244643
2024-03-14 00:00:00-04:00,503.1241533654222,503.2799014083023,498.1121195690471,501.1582946777344,110171800,0.0,0.0,0.0,494.67132263183595,490.72930908203125,477.6491053263346,5.851638688029368,506.17123282737293,483.17141243629897,64.71666169332136,102.47129118932638,25.41174082824902
2024-03-15 00:00:00-04:00,498.0880174407595,499.5426370968139,496.0476768950372,497.717041015625,107646300,1.595,0.0,0.0,495.1289321899414,491.4499440511068,478.2888987223307,5.40145277763736,506.3302192346785,483.9276451452043,61.915499965886745,68.63430873526181,21.966992922639168
2024-03-18 00:00:00-04:00,501.7880392702438,503.232857358906,500.26510519204714,500.6751098632813,88893300,0.0,0.0,0.0,495.8560958862305,492.10211385091145,478.93144175211586,5.22315930546074,506.47102037873924,485.24117139372174,63.32700773221182,101.56970462658904,25.7388368486135
2024-03-19 00:00:00-04:00,499.9819809876235,503.7404859733711,498.9764238973626,503.4573974609375,60755300,0.0,0.0,0.0,496.85619201660154,492.905419921875,479.72708485921225,5.245896372879486,506.25064158335607,487.461742449847,64.60348338995803,105.19352674664742,23.58087809290067
2024-03-20 00:00:00-04:00,503.515925395574,508.2506712179827,502.8423166074447,508.1139831542969,69594600,0.0,0.0,0.0,498.0672210693359,493.8175547281901,480.52831980387367,5.575393545137899,506.63382211713224,489.5006200215396,66.61536167216823,145.6922348527431,28.051496271806894
2024-03-21 00:00:00-04:00,510.9549118204902,511.6577769054798,509.5100342818405,509.7931823730469,60256100,0.0,0.0,0.0,498.86148834228516,494.652007039388,481.3421325683594,5.903962565979782,508.6612422179265,489.0617344666438,67.30852186817967,175.0162675364709,31.19698053712318
2024-03-22 00:00:00-04:00,509.7053331319063,510.19345378409866,508.592403744498,508.8267517089844,79070800,0.0,0.0,0.0,499.5904006958008,495.4471079508464,482.1073974609375,6.01701262829846,510.08919939445593,489.09160199714563,66.4866331559956,150.12728564844934,29.61814439529827
2024-03-25 00:00:00-04:00,507.4501546887545,508.57285588251494,507.2646664806993,507.4208984375,48512100,0.0,0.0,0.0,500.33953247070315,496.10191853841144,482.83528188069664,5.924866830642827,510.8276945104741,489.8513704309322,65.28696265953691,125.14656374909916,27.32467297781776
2024-03-26 00:00:00-04:00,508.8462213354942,509.1879415331935,506.0835014250274,506.4837341308594,65463700,0.0,0.0,0.0,500.9960632324219,496.7326263427734,483.5446268717448,5.710393433879858,511.28481964756634,490.7073068172774,64.48457821391486,112.3844576410701,25.284594350175492
2024-03-27 00:00:00-04:00,509.314777365393,510.77913904884207,507.1474910896733,510.7400512695313,82999800,0.0,0.0,0.0,501.898014831543,497.7290537516276,484.3472951253255,5.816818282989459,512.2872312122847,491.5087984508013,66.42338463610884,130.12920692065586,26.916483045554514
2024-03-28 00:00:00-04:00,510.77917463931885,512.1458765547503,510.35939807768415,510.6424865722656,96294900,0.0,0.0,0.0,502.70652465820314,498.5765696207682,485.19148406982424,5.8261281087721954,513.1790025262798,492.2340467901265,66.33751124262092,137.42837527402696,28.307832943797436
2024-04-01 00:00:00-04:00,511.38445509453464,511.92137584867254,508.5923599199536,509.7540893554687,62477500,0.0,0.0,0.0,503.2385025024414,499.2828776041667,486.0834752400716,5.69615821585154,514.0191041560386,492.4579008488442,65.53937385238879,119.20812745552418,25.12191649463659
2024-04-02 00:00:00-04:00,505.9272505110376,506.6496594947848,504.20905639561914,506.5130310058594,74230300,0.0,0.0,0.0,503.6351913452148,499.962250773112,486.9459426879883,5.270870503014919,514.2768989448174,492.99348374561225,62.69269585195608,68.09670956807417,17.626995001064827
2024-04-03 00:00:00-04:00,505.41957743973774,508.5728771082824,505.3707772955882,507.0694274902344,59155800,0.0,0.0,0.0,504.30884246826173,500.7493825276693,487.8073013305664,4.921985883414834,513.9318286391014,494.68585629742216,62.97826651599782,77.04608059061447,19.80730696747485
2024-04-04 00:00:00-04:00,511.08182923475704,511.4234898322038,500.57746403679687,500.8800964355469,96858100,0.0,0.0,0.0,504.54796905517577,501.31560567220055,488.4571533203125,4.098816414882265,513.528022211071,495.56791589928065,57.879910411348206,39.52020357297712,12.15350500230665
2024-04-05 00:00:00-04:00,502.23705258109646,508.0749556966803,501.797732138629,506.1127014160156,74546500,0.0,0.0,0.0,504.80250091552733,501.72243448893227,489.2058939615885,3.824588693933947,513.6493509378838,495.95565089317085,60.664861916764266,48.80873335352736,12.153505002186089
2024-04-08 00:00:00-04:00,506.8156796872345,507.8211772121714,505.58560615213537,506.3958435058594,48401800,0.0,0.0,0.0,505.2215515136719,502.1273457845052,489.91588338216144,3.5887396924499058,513.489706081317,496.9533969460268,60.80991078445136,61.39458654843287,12.153505002147345
2024-04-09 00:00:00-04:00,508.1335553906493,508.3776156958321,502.12964804913753,506.9815979003906,68049200,0.0,0.0,0.0,505.6913009643555,502.61212361653645,490.6390411376953,3.4097872390851762,513.162134472732,498.220467455979,61.11676383562111,46.56618646839775,6.712112437853589
2024-04-10 00:00:00-04:00,501.2803426609476,503.89666208515973,499.92341259541246,501.9051513671875,82652800,0.0,0.0,0.0,505.6395919799805,502.8971913655599,491.272238667806,2.825765653440328,513.2043515820891,498.07483237787187,57.107929354854946,-13.434567927452216,3.399118125921638
2024-04-11 00:00:00-04:00,503.42813657981105,507.1378418249455,499.913691523377,505.6930236816406,70099000,0.0,0.0,0.0,505.81669464111326,503.33025817871095,491.9969533284505,2.638162878906428,513.2012676075278,498.43212167469864,59.17494301209746,16.67907355311474,7.751632130042798
2024-04-12 00:00:00-04:00,502.1491879340928,503.56474960986543,496.9848635757255,498.71282958984375,92561100,0.0,0.0,0.0,505.6944213867188,503.4716094970703,492.6481526692708,1.9042915139982597,513.4741765375197,497.9146662359179,54.19608571100047,-60.73967942201226,3.3967156425943643
2024-04-15 00:00:00-04:00,502.8911540643935,503.05709839116423,491.6155498817616,492.46490478515625,92101400,0.0,0.0,0.0,505.4318145751953,503.2499552408854,493.1270950317383,0.8092097876820503,514.5796537639089,496.2839753864816,50.278941931611406,-124.80811914487563,3.964286052330457
2024-04-16 00:00:00-04:00,492.9432762462562,494.4662102656471,490.2781268160622,491.5667724609375,73484000,0.0,0.0,0.0,504.9763977050781,503.016205851237,493.49471995035805,-0.12962787318923574,515.8629817351606,494.08981367499564,49.74428819978813,-170.419386432439,5.694267926107926
2024-04-17 00:00:00-04:00,494.0268584590965,494.1928325755386,487.26151394107353,488.6575317382813,75910300,0.0,0.0,0.0,504.2364044189453,502.85157674153646,493.7973124186198,-1.0957833873807203,517.343295773772,491.1295130641186,48.032750320954854,-194.4541191321353,9.498261154203675
2024-04-18 00:00:00-04:00,490.0535829309475,492.1524956151033,486.71482481856754,487.6520080566406,74548100,0.0,0.0,0.0,503.2133056640625,502.57005818684894,494.0602767944336,-1.9204679911957214,518.1170481774302,488.3095631506948,47.449027713097756,-197.41667527878914,10.177513003168427
2024-04-19 00:00:00-04:00,487.57394131853926,488.56969668668467,482.1264983587833,483.3956298828125,102212600,0.0,0.0,0.0,501.89342803955077,501.9825103759766,494.2437026977539,-2.884242871399522,518.874416023263,484.91244005583854,45.05157422004901,-225.13625583909183,15.672661508891476
2024-04-22 00:00:00-04:00,486.00221013520326,490.4441260798556,483.65923689240304,487.8473205566406,67961000,0.0,0.0,0.0,500.8444564819336,501.643593343099,494.4585032145182,-3.2513476625769044,518.5965303891328,483.09238257473436,47.89977438105501,-170.58493920556464,12.757400490507557
2024-04-23 00:00:00-04:00,489.85833417865257,494.0659315908711,487.6617913619136,493.6363830566406,64633600,0.0,0.0,0.0,500.1552307128906,501.511919148763,494.77984517415365,-3.0401074258916765,517.9025964093411,482.40786501644016,51.295925905645646,-111.81324719139683,7.3495314442805
2024-04-24 00:00:00-04:00,494.52477110173174,495.31552414024065,491.1762707245871,493.402099609375,55928100,0.0,0.0,0.0,499.5011489868164,501.1940114339193,495.0346720377604,-2.8586499949270774,517.2307024565945,481.77159551703835,51.15632013339146,-86.87451515673457,5.542870845599609
2024-04-25 00:00:00-04:00,487.3201124495616,492.2891769636512,485.67026231159537,491.5277099609375,69122400,0.0,0.0,0.0,498.54053192138673,500.83990275065105,495.26442159016926,-2.833429244674278,515.781292480262,481.2997713625115,50.02941475198657,-111.92508603936798,12.272683367582305
2024-04-26 00:00:00-04:00,494.31979324751813,497.7659238799117,493.6852423545601,496.1844177246094,64306100,0.0,0.0,0.0,497.81762847900393,500.6741068522135,495.7017079671224,-2.409904342449124,514.1080864356461,481.52717052236176,52.70690709440055,-47.85484028271321,4.603921556968262
2024-04-29 00:00:00-04:00,497.97087540007783,498.61519817399505,495.19835393785416,497.9415893554687,46415400,0.0,0.0,0.0,497.2270034790039,500.681591796875,496.0657679239909,-1.9104463049967535,512.5213771077696,481.9326298502382,53.67580963542278,-34.148365969308344,3.4701778089449107
2024-04-30 00:00:00-04:00,496.47721220645434,497.45345338662946,490.0535583496094,490.0535583496094,77483600,0.0,0.0,0.0,496.4040298461914,500.3275400797526,496.214826965332,-2.1266061985713804,511.36216196358134,481.44589772880147,49.012768026843425,-74.2355742651361,9.609668165178707
2024-05-01 00:00:00-04:00,489.4678686577355,496.11606953951656,487.9937347584278,488.46234130859375,80242800,0.0,0.0,0.0,495.4736755371094,499.82770487467445,496.36656239827477,-2.398662104802611,509.945431551827,481.00191952239174,48.140035501127834,-82.90522733319129,11.929655796164695
2024-05-02 00:00:00-04:00,492.1720003799534,493.8706803453591,487.6812848525579,493.0310974121094,62550200,0.0,0.0,0.0,495.0812255859375,499.32494201660154,496.5712483723958,-2.220016962055979,509.36008107517756,480.8023700966974,50.7450698226679,-71.6001318151735,12.282937701697644
2024-05-03 00:00:00-04:00,499.01553991038264,500.3724999161701,496.47730640185137,499.1424560546875,72756700,0.0,0.0,0.0,494.7327133178711,498.9699178059896,496.8109624226888,-1.567237691127957,508.19476962285535,481.2706570128869,53.94624426415257,-4.9721981234722765,3.357841542065297
2024-05-06 00:00:00-04:00,501.5439589853256,504.3359947534281,501.1046384911043,504.2969665527344,47264700,0.0,0.0,0.0,494.62776947021484,498.8189249674479,497.13301645914714,-0.6267546591762994,507.7350525379849,481.52048640244476,56.41764537550822,40.548491437440234,1.5758008510599524
2024-05-07 00:00:00-04:00,505.2633676366464,506.2493807325828,504.1797542596401,504.8533630371094,52561300,0.0,0.0,0.0,494.52135772705077,498.73334045410155,497.4176294962565,0.16161842910258883,507.2349919126098,481.8077235414917,56.67725117772321,59.80935353595213,3.867419683668057
2024-05-08 00:00:00-04:00,503.01805278679507,505.439111907815,502.900908609006,504.9021911621094,42047200,0.0,0.0,0.0,494.67120971679685,498.6806223551432,497.7066243489583,0.7813429677358954,507.8146734065611,481.5277460270326,56.70066616071562,54.89825949537758,2.221824821281614
2024-05-09 00:00:00-04:00,505.0876793386549,507.8504586322259,504.4336144152066,507.8113708496094,43643700,0.0,0.0,0.0,494.7771270751953,498.58299967447914,498.1560267130534,1.4900492569188941,508.32256414855135,481.2316900018393,58.09655652950912,79.35335111561366,5.1529357874070545
2024-05-10 00:00:00-04:00,509.4125016902763,510.2227987029079,507.2452744718461,508.465576171875,52233200,0.0,0.0,0.0,495.2647644042969,498.51043599446615,498.5435028076172,2.080510172933373,510.0520469364567,480.4774818721371,58.408475449950075,100.69467251961584,7.960973202384989
2024-05-13 00:00:00-04:00,510.1445741767588,510.2519464031073,507.391566976992,508.53375244140625,36716400,0.0,0.0,0.0,496.0682067871094,498.4697580973307,498.8763178507487,2.5248510468910013,511.92260434176586,480.2138092324529,58.441825069999915,102.62714615793635,7.995594092423273
2024-05-14 00:00:00-04:00,508.7290034085362,511.3844102791641,508.1920827014514,510.8669738769531,57535900,0.0,0.0,0.0,497.03321685791013,498.61488952636716,499.2885701497396,3.03033405642401,514.0414800899049,480.0249536259154,59.58900508893711,113.14363393076935,9.365849112714686
2024-05-15 00:00:00-04:00,513.336889820599,517.4859146210695,512.7023092523975,517.1930541992188,59504900,0.0,0.0,0.0,498.45999298095705,498.95234375,499.85086313883465,3.8964786160232165,517.2083990864083,479.7115868755057,62.492960192017755,159.29945113800466,16.312702658809304
2024-05-16 00:00:00-04:00,517.290757880065,518.891807952925,515.9825682875961,516.1290283203125,50244800,0.0,0.0,0.0,499.88384399414065,499.4606414794922,500.38812357584635,4.445798031454331,519.4823037195762,480.2853842687051,61.721229681297984,157.25249715934103,17.81422443086955
2024-05-17 00:00:00-04:00,516.2461019816988,516.9392546781255,514.7915121402848,516.8709106445312,59187600,0.0,0.0,0.0,501.55760803222654,499.819248453776,500.7708414713542,4.8846936217559005,520.9436731298019,482.1715429346511,62.05917577029212,139.92522923085497,15.990341168985042
2024-05-20 00:00:00-04:00,516.9880819887991,518.930792527948,516.5975616577482,517.4664306640625,37764200,0.0,0.0,0.0,503.03856353759767,500.1882680257161,501.1578069051107,5.220397534555843,522.5396932783432,483.53743379685216,62.335302550443096,142.12018658222965,18.18128650530408
2024-05-21 00:00:00-04:00,516.7049957755823,518.8917666350982,516.4999636631139,518.7355346679688,33437000,0.0,0.0,0.0,504.29352111816405,500.58006591796874,501.5960947672526,5.525160776695827,524.46589579155,484.1211464447781,62.93007060160379,134.7418684109694,18.025240447526443
2024-05-22 00:00:00-04:00,518.0424683735625,518.7551054535538,515.0648847480338,517.241943359375,48390000,0.0,0.0,0.0,505.4855133056641,501.09129231770834,501.9942418416341,5.581823716414078,525.7652101443607,485.20581646696746,61.743047877899755,115.753654032543,15.701428631507195
2024-05-23 00:00:00-04:00,520.2976177568495,520.404990006262,512.253338882305,513.4639282226562,57211200,0.0,0.0,0.0,506.58232421875,501.35032246907554,502.3402903238932,5.261227105954617,526.0396402027252,487.1250082347747,58.838888498169545,96.90420696967311,11.261621616045574
2024-05-24 00:00:00-04:00,515.3088952889863,517.6714419020187,514.3619699226733,516.8611450195312,41291100,0.0,0.0,0.0,507.6161605834961,501.95526631673175,502.71343790690105,5.22109347066214,526.9440803135736,488.28824085341853,60.56434595798209,95.15416933985324,11.26162161597868
2024-05-28 00:00:00-04:00,517.6715045678355,517.9057929513657,514.5865486245773,517.222412109375,36269600,0.0,0.0,0.0,508.58020172119143,502.7805165608724,503.0152359008789,5.158969125726287,527.7994109651112,489.3609924772717,60.74537007792477,90.28149684972048,11.564327663091328
2024-05-29 00:00:00-04:00,513.1904592530791,514.7817371522767,512.8878268689698,513.6004638671875,45190300,0.0,0.0,0.0,509.75754699707034,503.5149729410807,503.2655893961589,4.7625741908501595,526.979254218766,492.5358397753747,57.98480072748088,67.69081471980888,8.781769000264688
2024-05-30 00:00:00-04:00,512.0581051762924,512.7219421093527,508.9438930493387,510.1934509277344,46377600,0.0,0.0,0.0,510.84410247802737,504.2328369140625,503.5422068277995,4.125949500938418,524.8507277442129,496.8374772118419,55.52917865043028,43.898371928080785,2.6336885672325856
2024-05-31 00:00:00-04:00,511.1502317685316,514.9673092079909,506.0444490191236,514.8403930664062,90785800,0.0,0.0,0.0,511.9345672607422,505.139116414388,503.8545873006185,3.9508463446800874,523.2367914390687,500.6323430824156,58.03664057926201,49.55035061325182,1.5959640710008427
2024-06-03 00:00:00-04:00,516.4511771729021,516.7342656913833,510.18366530067414,515.2601318359375,46835700,0.0,0.0,0.0,512.7404510498047,506.2012664794922,504.0918884277344,3.8021168067802478,522.3780810931378,503.10282100647163,58.256569534171526,60.76198297881149,0.9767199762043421
2024-06-04 00:00:00-04:00,513.9519213593795,516.5780123549347,512.4875596797398,515.8360595703125,34632700,0.0,0.0,0.0,513.3174057006836,507.1342244466146,504.3889088948568,3.6882048022586673,522.1769104311005,504.4579009702667,58.56481282415197,64.18563767065415,0.9767199761984188
2024-06-05 00:00:00-04:00,518.1596742180576,521.9865238759579,516.1681035996744,521.9669799804688,47610400,0.0,0.0,0.0,514.1730865478515,508.0785776774089,504.7952484130859,4.046002953346601,522.8952632087169,505.4509098869862,61.68084783501308,99.54258328676082,8.561411625050381
2024-06-06 00:00:00-04:00,522.2695576901561,522.6991062505612,520.0242145910106,521.9571533203125,30808500,0.0,0.0,0.0,515.0258346557617,509.03041280110676,505.112212117513,4.279436951213938,523.2523814742511,506.79928783727235,61.67315772196531,107.73941606808278,9.506125682137093
2024-06-07 00:00:00-04:00,520.9808506310355,524.1341502130953,519.8874652579173,521.3225708007812,43224500,0.0,0.0,0.0,515.7013946533203,510.02357482910156,505.4317387898763,4.362936355948364,523.6477160996317,507.75507320700905,61.163730928226556,106.10901228418419,11.412880411322707
2024-06-10 00:00:00-04:00,520.5122296802525,523.2554648254413,519.9167369014993,522.9332885742188,35686100,0.0,0.0,0.0,516.4247802734375,510.9152038574219,505.79465535481773,4.507126351772968,524.2304678352822,508.6190927115928,61.98817076879676,104.15498444103052,11.412880411264837
2024-06-11 00:00:00-04:00,521.3811087600108,524.2512600728273,519.4090826052437,524.1926879882812,36383400,0.0,0.0,0.0,517.2077270507813,511.7902404785156,506.2359161376953,4.66919736897637,524.8196783032846,509.59577579827794,62.62984363792964,104.83670037685253,12.777635934654343
2024-06-12 00:00:00-04:00,528.7615289974312,531.1923600659605,527.4631115100716,528.4979248046875,63251300,0.0,0.0,0.0,518.089274597168,513.0717193603516,506.6996297200521,5.0864035544875605,526.6356736771738,509.5428755171622,64.73505147100576,161.15538220526645,21.498214933820677
2024-06-13 00:00:00-04:00,530.2455146530901,530.4212309464041,526.770097820224,529.5621337890625,44760900,0.0,0.0,0.0,518.7077285766602,514.4417124430339,507.13470865885415,5.440203948675844,528.6562067189936,508.75925043432676,65.23584063917517,159.397165237693,20.25638427194767
2024-06-14 00:00:00-04:00,528.0293950539849,529.9135335983043,527.0238379218912,529.88427734375,40089900,0.0,0.0,0.0,519.395491027832,515.6701517740886,507.49754689534507,5.681099424853528,530.4353540699988,508.3556279856652,65.38974899676873,158.76343984680972,20.25638427185836
2024-06-17 00:00:00-04:00,529.2008719569648,535.4976399183048,528.7420075865693,534.1015625,55839500,0.0,0.0,0.0,520.2570236206054,516.8354553222656,507.9026865641276,6.141514930906055,533.0218890501733,507.49215819103756,67.34748397550092,192.69239694915396,26.715362269855824
2024-06-18 00:00:00-04:00,534.16013957423,535.585473259027,533.7403629842298,535.4585571289062,41376400,0.0,0.0,0.0,521.1566299438476,517.874175008138,508.34654998779297,6.540500839880906,535.5282897830459,506.7849701046494,67.95092259575559,195.56218666313887,26.811820170934407
2024-06-20 00:00:00-04:00,536.385998334327,537.0498352385172,532.2272010481894,534.0039672851562,70328200,0.0,0.0,0.0,521.920051574707,518.8458618164062,508.7896011352539,6.662525358352582,537.3344877593665,506.5056153900475,66.58637865396963,168.98274424649244,23.905361021135345
2024-06-21 00:00:00-04:00,533.1802452520325,534.404483453128,531.8286814958426,533.2879638671875,64338600,1.759,0.0,0.0,522.7223526000977,519.7920542399089,509.23633829752606,6.625085316880245,538.7689557719798,506.67574942821557,65.91238317418231,140.81486079888666,23.136445578752667
2024-06-24 00:00:00-04:00,533.111823139434,535.6778223121559,531.4370433131713,531.5545654296875,45528700,0.0,0.0,0.0,523.6268844604492,520.5834940592448,509.583246866862,6.381975604850481,539.5147812258086,507.73898769508986,64.28281316191217,126.00935440925265,24.681374444248366
2024-06-25 00:00:00-04:00,532.7787259572508,533.9638101987721,531.260682360104,533.6014404296875,37936200,0.0,0.0,0.0,524.463899230957,521.4213562011719,509.965896097819,6.282059441808997,540.6127115666714,508.3150868952428,65.32988731788544,115.93692664933432,24.323341985346435
2024-06-26 00:00:00-04:00,532.4848968900385,534.9823310545671,531.8385253727439,534.2673950195312,38550600,0.0,0.0,0.0,525.3161483764649,522.2791442871094,510.3744511922201,6.185311709364555,541.6538186744136,508.9784780785161,65.6686284235528,113.65755800281121,25.599739708367856
2024-06-27 00:00:00-04:00,534.1302894973802,535.6875469780335,533.3859430174333,535.1096801757812,35041500,0.0,0.0,0.0,526.3916091918945,523.0872344970703,510.85106201171874,6.1062151598355285,542.308440193627,510.4747781901621,66.10196461667422,112.55922977285324,26.487833307155743
2024-06-28 00:00:00-04:00,535.8833782760337,538.9391321933387,531.7601817698417,533.0039672851562,76144500,0.0,0.0,0.0,527.5321350097656,523.6142649332683,511.2833043416341,5.8066813344870525,541.7390135067421,513.3252565127891,64.01237493430715,101.08343743301961,30.447799227776873
2024-07-01 00:00:00-04:00,534.3849539324244,534.6298016081159,531.3390631933655,534.1009521484375,40297800,0.0,0.0,0.0,528.4951629638672,524.2133290608724,511.8369852701823,5.593339593356177,541.6520200691282,515.3383058586062,64.61519566953324,83.12427839969924,29.513085990601088
2024-07-02 00:00:00-04:00,532.4946896868087,537.6952514648438,532.4457321114778,537.6952514648438,40434800,0.0,0.0,0.0,529.6169189453125,524.9074737548829,512.3633611043294,5.6491744756210664,541.8131010230616,517.4207368675634,66.51629730056894,97.50652103400891,33.1216960938584
2024-07-03 00:00:00-04:00,537.381917105902,540.457218430894,537.3427629954197,540.0948486328125,32789900,0.0,0.0,0.0,530.8298583984375,525.6617543538412,512.9250111897786,5.819962553750656,542.040737091953,519.618979704922,67.71426889023732,115.96785410753562,36.16762650552965
2024-07-05 00:00:00-04:00,540.3983822148235,543.6107523683424,539.7617544001083,543.209228515625,41488400,0.0,0.0,0.0,531.8919708251954,526.4775441487631,513.5288050333659,6.135887077937014,543.5821339381775,520.2018077122132,69.19407168614548,128.82789072392694,39.42615949552982
2024-07-08 00:00:00-04:00,543.9927968223914,544.786100933334,542.7685583933277,543.8361206054688,36110500,0.0,0.0,0.0,532.9859191894532,527.3640167236329,514.2276545206706,6.36349013877782,544.8550498212418,521.1167885576646,69.48530876029972,131.75003551502084,40.595373022713474
2024-07-09 00:00:00-04:00,544.7958024014986,545.6968249789537,544.0710629515506,544.3648681640625,27289700,0.0,0.0,0.0,534.1380340576172,528.3940480550131,514.8721852620442,6.511472511474949,545.7098842488181,522.5661838664164,69.73495927372547,131.0470802706488,41.50048921521715
2024-07-10 00:00:00-04:00,545.5891764995068,550.0943497431794,545.2953712492263,549.7515869140625,38701200,0.0,0.0,0.0,535.4789489746094,529.4903961181641,515.722831217448,6.982918059753729,547.7764652851423,523.1814326640764,72.13735734866978,151.03064048329003,45.637868055570024
2024-07-11 00:00:00-04:00,549.8690290838814,550.7407010140586,544.3746624818856,545.01123046875,53054200,0.0,0.0,0.0,536.5198760986328,530.4166900634766,516.5986033121745,6.894558723767659,548.3088221081139,524.7309300891518,67.27583005349291,129.63807467760736,43.44060324933233
2024-07-12 00:00:00-04:00,546.1376877405125,552.0531865568831,545.667599292853,548.4490356445312,53084400,0.0,0.0,0.0,537.517431640625,531.5783091227214,517.546641031901,7.021001722715255,549.8137916650652,525.2210716161848,68.8507331883396,138.58729381679967,44.6715855754224
2024-07-15 00:00:00-04:00,550.4470318184875,553.1991175344059,548.0964700225896,549.9573364257812,40584300,0.0,0.0,0.0,538.5371917724609,532.9037719726563,518.5683044433594,7.1603756249794515,551.4243006672782,525.6500828776436,69.51658678944236,148.3954271184958,45.7382505358499
2024-07-16 00:00:00-04:00,551.2696499606263,553.5124331903285,550.51549997726,553.2186279296875,36475300,0.0,0.0,0.0,539.7039093017578,534.183046468099,519.6610814412435,7.448131986039584,553.4865492450647,525.9212693584509,70.90761265405462,157.72031562956792,46.03252919118862
2024-07-17 00:00:00-04:00,547.2835053633577,548.9582849622979,545.1386373621594,545.4618530273438,57119000,0.0,0.0,0.0,540.271923828125,535.1897705078125,520.6955184936523,6.96992906319565,554.0187347065113,526.5251129497386,63.75002318100519,100.80084951469473,33.20735488407373
2024-07-18 00:00:00-04:00,546.9996141599916,547.9888085207633,539.0861190510939,541.2701416015625,56270400,0.0,0.0,0.0,540.5625030517579,536.0375732421875,521.5858988444011,6.1814577242874975,554.1253746490887,526.999631454427,60.34478784511743,62.14955387567147,20.848315932491033
2024-07-19 00:00:00-04:00,541.0349619096787,542.6607838512468,536.6179005483158,537.6756591796875,65509100,0.0,0.0,0.0,540.7460876464844,536.5611958821614,522.3198867797852,5.206526223121159,554.0317345784855,527.4604407144833,57.61474974112177,23.623388052921534,16.2964072276554
2024-07-22 00:00:00-04:00,541.6031583779978,543.8263948114603,539.6639835581032,543.2191772460938,43346700,0.0,0.0,0.0,541.2426483154297,537.2699300130208,523.1501714070638,4.825575334648647,554.0897334266425,528.395563204217,60.468062656351535,48.87089714608328,17.808823744826093
2024-07-23 00:00:00-04:00,543.1113522241114,545.2660239376293,541.8773700301276,542.3670654296875,34439600,0.0,0.0,0.0,541.7832733154297,537.9714131673177,523.9974939982096,4.404142495537826,553.7967388861824,529.769807744677,59.82763385475966,52.983359676769126,19.663468136115515
2024-07-24 00:00:00-04:00,537.5483785668235,537.8519873002513,529.1549928867055,530.0756225585938,74515300,0.0,0.0,0.0,541.606982421875,538.2094909667969,524.5623474121094,3.04325645243739,554.214758331871,528.999206511879,51.66272004578604,-60.899097043133665,0.8003431643388538
2024-07-25 00:00:00-04:00,530.1931317534066,536.177254363603,526.3735438881854,527.313720703125,61158300,0.0,0.0,0.0,541.2592987060547,538.313525390625,525.0518829345704,1.7220315532479162,555.0475558886476,527.4710415234617,50.07420096036141,-91.88466155314599,4.494205866887846
2024-07-26 00:00:00-04:00,531.1040247828195,535.9128068838628,530.3302678617441,533.219482421875,53763800,0.0,0.0,0.0,541.1647888183594,538.4709106445313,525.7713150024414,1.1383744439456223,555.1549610611675,527.1746165755513,53.25366331411454,-59.93790263941726,4.494205866834316
2024-07-29 00:00:00-04:00,534.767000996549,535.7757424689108,531.5349634304656,533.532958984375,39515800,0.0,0.0,0.0,541.1912384033203,538.603271484375,526.5224919637044,0.6931269821681099,555.118305529328,527.2641712773126,53.41656014299896,-57.98205922016169,4.494205866807017
2024-07-30 00:00:00-04:00,535.001925487195,536.0596840862061,527.4214517116767,530.8297119140625,46853600,0.0,0.0,0.0,541.0276763916015,538.6347859700521,527.1524688720704,0.12074385428707046,555.3758229093955,526.6795298738075,51.80610040344296,-84.7445757694226,9.982161219041974
2024-07-31 00:00:00-04:00,537.6658283608423,542.0926929678205,536.2947173976487,539.4581298828125,65663400,0.0,0.0,0.0,541.1158203125,538.8133382161458,527.8243967692057,0.3592263828927571,555.3992833209572,526.8323573040427,56.16944593412631,3.029933075896189,1.162631090737442
2024-08-01 00:00:00-04:00,541.1819427118934,543.4345294348678,528.3127341764186,531.8189697265625,76428700,0.0,0.0,0.0,540.7020263671875,538.6920186360677,528.2830968221028,-0.06741377249193192,555.5772745314459,525.8267782029291,51.868454821473556,-53.17616498962262,10.937646861998967
2024-08-02 00:00:00-04:00,524.7085981454201,525.9230331199286,517.7059303208597,521.9173583984375,82789100,0.0,0.0,0.0,539.6374328613281,538.289131673177,528.5674967447917,-1.190779883113919,556.6510947969482,522.623770925708,47.0388800448178,-184.5895305231823,21.596894246977993
2024-08-05 00:00:00-04:00,501.0954700551791,512.7893973566776,499.7536796951889,506.7171630859375,146267400,0.0,0.0,0.0,537.7814849853515,537.4034383138021,528.5977462768554,-3.2698910786655233,560.1288932755772,515.4340766951259,40.979371186644435,-300.5231716723494,35.17999851275669
2024-08-06 00:00:00-04:00,508.5192484468351,518.8322619792666,507.1970948142372,511.388916015625,84826300,0.0,0.0,0.0,536.1326873779296,536.73125,528.6573720296224,-4.488885188154882,561.1423180023907,511.12305675346863,43.30160103200516,-214.77376245467357,27.488950326123554
2024-08-07 00:00:00-04:00,517.5785536304185,520.6343074860769,507.3733196862517,507.9707336425781,70698300,0.0,0.0,0.0,534.0436447143554,535.8768931070964,528.6491246541341,-5.665457683317982,561.1550210116297,506.93226841708116,42.04932793794921,-194.99403977339256,25.289899327975217
2024-08-08 00:00:00-04:00,513.1124804789883,520.3403875727178,511.0851946297339,519.713623046875,63276600,0.0,0.0,0.0,532.7787643432617,535.3917673746745,528.8354558308919,-5.585955410144948,560.0953876959915,505.462140990532,47.450259434014654,-140.4722598936207,25.289899327665456
2024-08-09 00:00:00-04:00,518.8910375919244,523.4941863094633,517.66679909137,522.0054931640625,45619600,0.0,0.0,0.0,531.4565872192383,534.9549611409506,529.0210978190104,-5.277182447055566,558.1319572957914,504.78121714268514,48.42082059605846,-101.422712822958,21.36900373979908
2024-08-12 00:00:00-04:00,523.2004149594696,524.6890484241525,520.0075911785743,522.27978515625,42542100,0.0,0.0,0.0,530.0727096557617,534.5974884033203,529.1058766682943,-4.953246633895901,555.5517686903204,504.59365062120315,48.53849478151594,-85.51308752576743,19.89842003126571
2024-08-13 00:00:00-04:00,525.4724436986064,531.1039393955512,525.2275960596088,530.8688354492188,52333100,0.0,0.0,0.0,528.9552200317382,534.4897511800131,529.3515401204427,-3.957837108660442,552.0045550213491,505.90588504212735,52.07993142747199,-38.11926568240127,12.338693635635373
2024-08-14 00:00:00-04:00,531.6622256176499,533.728785456597,528.9885080949739,532.543701171875,42446900,0.0,0.0,0.0,528.3093124389649,534.3180328369141,529.6127532958984,-2.9992467721682488,550.100694550752,506.5179303271777,52.73605414312243,-19.08131124376706,9.41843751978536
2024-08-15 00:00:00-04:00,538.1751988274788,541.9556326474029,537.5679813653051,541.671630859375,60846800,0.0,0.0,0.0,528.3293869018555,534.3705922444661,530.0161732991536,-1.485881071672452,550.1717214089991,506.4870523947119,56.123085887866885,38.053084569758724,0.9130924684492518
2024-08-16 00:00:00-04:00,540.0556546584454,543.5814973816967,539.8989784334714,542.8861083984375,44430700,0.0,0.0,0.0,528.5899093627929,534.3598215738932,530.4186828613281,-0.1863811770376742,551.0180584316654,506.16176029392045,56.55163752832024,49.50800974970475,0.6655205709934151
2024-08-19 00:00:00-04:00,543.2972906137162,548.0767211914062,542.4452256331724,548.0767211914062,39121800,0.0,0.0,0.0,528.8327865600586,534.5011749267578,530.9325958251953,1.2479355008422317,552.0203261149567,505.64524700516057,58.35022731886564,75.41239134874853,4.919635077779436
2024-08-20 00:00:00-04:00,547.6263456901657,549.2815184001456,545.8438474042439,547.1856079101562,33732300,0.0,0.0,0.0,529.073713684082,534.5951995849609,531.4946238199869,2.2863804368496403,552.9434606004888,505.2039667676752,57.92437637102161,82.217739543529,6.0353660058583785
2024-08-21 00:00:00-04:00,548.2335208659752,550.5252615016209,543.2973537542563,549.0659790039062,41514600,0.0,0.0,0.0,530.0232315063477,534.5723459879557,532.0313710530598,3.2239223920622635,555.5164217390052,504.53004127369013,58.584180803292526,83.84152034689079,3.38278437157218
2024-08-22 00:00:00-04:00,550.9660777475402,551.5732952522009,543.5422788578662,544.7567138671875,56121500,0.0,0.0,0.0,530.8953811645508,534.563862101237,532.4902760823568,3.5779649113986807,557.1794936653756,504.61126866372604,56.48429682559436,77.30995022982866,4.400971089321756
2024-08-23 00:00:00-04:00,547.9985298599797,551.4851585059275,545.8046443878154,550.544921875,50639400,0.0,0.0,0.0,531.7616531372071,534.6337249755859,533.1060170491536,4.276311513651308,559.4716310784934,504.0516751959208,58.54880299737075,94.36992525271383,4.400971089290946
2024-08-26 00:00:00-04:00,551.5733022984582,552.2882384520825,547.5284135216066,549.2325439453125,35788600,0.0,0.0,0.0,532.5466323852539,534.609565226237,533.7566685994466,4.67002515334832,561.336339321418,503.7569254490899,57.90445541026702,97.40502596249495,5.220038158505982
2024-08-27 00:00:00-04:00,547.9592265897197,550.4762675561165,546.8133563476018,549.986572265625,32693900,0.0,0.0,0.0,533.504475402832,534.5018300374348,534.3424382527669,4.985421003126135,563.3104399884777,503.6985108171862,58.178019305845474,95.29957789676257,4.396173621060736
2024-08-28 00:00:00-04:00,549.6438836929623,550.0748179978751,543.6009999526875,546.7938232421875,41066000,0.0,0.0,0.0,533.8712600708008,534.5462290445963,534.8679997762044,4.9210198692803715,564.1623005653757,503.5802195762257,56.56777373194735,80.14719151371536,0.7307381227498447
2024-08-29 00:00:00-04:00,548.7624619787401,552.0630042239653,545.6969639633883,546.8428344726562,38715200,0.0,0.0,0.0,534.6224533081055,534.7319854736328,535.3847793579101,4.818392869760146,565.4397857821306,503.80512083408047,56.58685505625691,86.50743952536016,2.913254636712163
2024-08-30 00:00:00-04:00,549.212987410433,552.5722906161151,545.6577940930898,552.06298828125,62700100,0.0,0.0,0.0,536.129734802246,535.2115631103516,535.8863794962565,5.09949916689277,567.2776933644094,504.9817762400827,58.59132129128472,93.05814048886937,3.475606444763071
2024-09-03 00:00:00-04:00,548.919006824782,549.2520259222431,538.1849243812507,540.7019653320312,60600100,0.0,0.0,0.0,537.8289749145508,535.1276560465495,536.1987930297852,4.3553327636614085,565.7630528016763,509.8948970274254,53.07413307059261,46.625965514738205,4.886910968160528
2024-09-04 00:00:00-04:00,538.8607329114091,543.0035361193702,538.1359934145067,539.5952758789062,47224900,0.0,0.0,0.0,539.2392929077148,535.0352630615234,536.5033381144206,3.6343800667075357,564.2477063461021,514.2308794693275,52.57525150304943,32.091031525860245,4.938949053440137
2024-09-05 00:00:00-04:00,539.5366078915503,542.3866087950116,535.8246785314534,538.282958984375,44264300,0.0,0.0,0.0,540.7549041748047,535.3088409423829,536.7591659545899,2.923427402958282,561.0059535492901,520.5038548003192,51.97593932656856,21.77557956709295,7.414226348654541
2024-09-06 00:00:00-04:00,538.60608979078,540.231851947678,528.3224880929642,529.2235107421875,68493800,0.0,0.0,0.0,541.2303985595703,535.3725006103516,536.8430130004883,1.6104067678467118,559.7760144605215,522.684782658619,48.06328502198768,-18.272839797334633,14.858380832713877
2024-09-09 00:00:00-04:00,533.4251872668898,536.4221205223048,531.4957564364314,535.1488647460938,40445800,0.0,0.0,0.0,541.8875671386719,535.4368133544922,536.9538619995117,1.036012495431578,558.3829574591781,525.3921768181657,50.580406144206364,-7.343570319065136,14.858380832595294
2024-09-10 00:00:00-04:00,537.0586665381934,537.8324234437913,532.1813200114981,537.4797973632812,36394600,0.0,0.0,0.0,542.6475677490234,535.5683746337891,537.085823059082,0.7601254253045227,556.533390395774,528.7617451022729,51.53624649059639,1.6186006644869724,13.030128345017586
2024-09-11 00:00:00-04:00,537.3917487162622,543.9144652005341,528.8318826121556,542.9938354492188,75248600,0.0,0.0,0.0,543.2538177490235,535.9738454182942,537.3043156941732,0.9751784749344097,555.9851047036136,530.5225307944334,53.72643957007299,17.898235514355584,5.535786756402686
2024-09-12 00:00:00-04:00,543.5716351743016,547.8711746400817,541.3483991843773,547.5675659179688,51819600,0.0,0.0,0.0,544.0050109863281,536.2441599527995,537.5287490844727,1.4974101782777325,555.8151130073155,532.1949089653407,55.45386553101564,60.911675471088884,1.0277448900140325
2024-09-13 00:00:00-04:00,548.1747207597754,551.4263046450518,547.920069645679,550.4273071289062,39310500,0.0,0.0,0.0,544.4427947998047,536.8644378662109,537.7782282511394,2.117629071760689,556.5344713878628,532.3511182117466,56.504118894656024,82.74930779251582,2.8302688859125205
2024-09-16 00:00:00-04:00,550.1628688432331,551.5046291897925,548.3608236054457,551.240234375,36656100,0.0,0.0,0.0,544.8605010986328,537.8418670654297,538.0654993693034,2.6442719273487683,557.2979944495588,532.4230077477067,56.803607113208585,81.75756985601375,2.9147660135662257
2024-09-17 00:00:00-04:00,553.4536471249235,554.9031859740162,549.2324757022386,551.4655151367188,49321000,0.0,0.0,0.0,545.0299407958985,539.3334788004557,538.3684585571289,3.0447208131192838,557.741239844143,532.3186417476539,56.88870491900965,90.45220675706128,6.56192532749728
2024-09-18 00:00:00-04:00,552.1217580784818,556.969754476821,549.2717571625421,549.8300170898438,59044900,0.0,0.0,0.0,545.1621612548828,540.614848836263,538.6730494181315,3.1932980638939625,558.0220173834123,532.3023051263533,56.05929788445375,89.83386484741466,8.718977168081276
2024-09-19 00:00:00-04:00,559.2419348303403,561.0733907935877,556.3723270388496,559.2125244140625,75315500,0.0,0.0,0.0,545.6694885253906,542.3229085286458,539.0999008178711,4.021776003454079,559.9048101698075,531.4341668809737,59.55844092572851,140.9701191249664,12.851715057201396
2024-09-20 00:00:00-04:00,557.843033129673,559.2871245583524,555.219996107625,558.2457885742188,77503100,1.746,0.0,0.0,546.3439422607422,543.6073140462239,539.4995407104492,4.547917672541189,561.6361365168356,531.0517480046489,59.057162006067365,127.80062148569785,11.386765840195249
2024-09-23 00:00:00-04:00,559.3167220049795,560.2892833331648,558.0985019985221,559.640869140625,44116900,0.0,0.0,0.0,546.7987396240235,544.861826578776,539.9083938598633,5.019597285555847,563.1231897811897,530.4742894668573,59.56521149996885,140.7090003735685,12.409712361112573
2024-09-24 00:00:00-04:00,560.4365555490466,561.3010677532865,557.6072537825559,561.2421264648438,46805700,0.0,0.0,0.0,547.39921875,546.1605712890625,540.3790298461914,5.4596790790457135,564.938905855054,529.8595316449461,60.15231713604623,146.89074032534828,13.453182809691382
2024-09-25 00:00:00-04:00,561.0850037974096,561.8217999280521,558.8942225290759,560.0043334960938,38428600,0.0,0.0,0.0,547.9001068115234,547.1317545572916,540.8107528686523,5.643512622545813,566.3018784958166,529.4983351272302,59.46190246269005,144.82227951664316,13.99866312845182
2024-09-26 00:00:00-04:00,564.2678851150425,564.5920921622151,559.866775948692,562.2244873046875,48336000,0.0,0.0,0.0,548.6716400146485,548.1211140950521,541.2195734659831,5.900334504634088,568.1410678646515,529.2022121646454,60.30723447949391,157.4682059215436,16.88175690256084
2024-09-27 00:00:00-04:00,563.295359810012,564.1107043094071,560.3776161208616,561.4091186523438,42100900,0.0,0.0,0.0,549.3999542236328,548.7790303548177,541.574811299642,5.969264297483392,569.6552638559292,529.1446445913364,59.833210333018236,142.10874650881837,16.881756902481968
2024-09-30 00:00:00-04:00,560.3775279948936,564.2678323150915,558.0787581388843,563.6587524414062,63557400,0.0,0.0,0.0,549.9797424316406,549.4714518229167,541.9156366984049,6.13470128305994,571.1969992528238,528.7624856104574,60.71455107033493,131.34093398055174,13.502720212414488
2024-10-01 00:00:00-04:00,563.3051282373419,563.9534823374194,556.0353836889657,558.6092529296875,72668800,0.0,0.0,0.0,550.8751068115234,549.8225362141927,542.1618555704753,5.7915969513595655,571.9547787074864,529.7954349155605,57.77116253226704,97.82306043389497,10.563599530907846
2024-10-02 00:00:00-04:00,557.715374727311,559.866821742494,555.3183290115846,558.8450927734375,38097800,0.0,0.0,0.0,551.83759765625,550.2111857096354,542.4031926472982,5.475595346237014,572.5025082268816,531.1726870856183,57.869844991519315,76.87787988878657,9.533954595601083
2024-10-03 00:00:00-04:00,557.3715020969081,559.7685478192003,555.5344286086627,557.8234252929688,40846500,0.0,0.0,0.0,552.8146209716797,550.5031005859375,542.5377232869466,5.084115254365884,572.6106515362123,533.018590407147,57.2700893424413,68.8342639173705,9.533954595546849
2024-10-04 00:00:00-04:00,562.2736036088263,563.2658318866675,558.0984259775333,562.8925170898438,42939100,0.0,0.0,0.0,554.4980712890625,551.1076273600261,542.8357447306315,5.123833442486898,571.3552848498919,537.6408577282332,59.428277557340806,95.20689264255412,13.727421746569776
2024-10-07 00:00:00-04:00,561.242031051746,561.8904450750028,556.6542649927998,557.8036499023438,49964700,0.0,0.0,0.0,555.630810546875,551.3495849609375,542.9916549682617,4.6906108975106235,569.8520690930063,541.4095520007436,56.466435325652206,66.72419687252565,11.519187248818119
2024-10-08 00:00:00-04:00,560.377637870892,563.67853004462,559.5033520489247,563.0792236328125,37398700,0.0,0.0,0.0,556.9107818603516,551.8111409505208,543.210353088379,4.718580757894074,568.6438926441838,545.1776710765193,58.67520930851195,88.6550110357581,13.666306275027031
2024-10-09 00:00:00-04:00,563.0694585103981,567.5394034644959,562.4702119863967,566.9794311523438,37912200,0.0,0.0,0.0,558.1100616455078,552.3775695800781,543.4396998087565,4.997849131457542,568.7014566856252,547.5186666053904,60.21884807818733,109.47253857573673,18.105289818987426
2024-10-10 00:00:00-04:00,565.6334738441669,567.4116060358193,564.3759797176003,565.9871215820312,44138100,0.0,0.0,0.0,559.031039428711,553.0173461914062,543.7817876180013,5.080534995375842,568.9441746573442,549.1179042000778,59.632573198109434,103.41805203889233,18.105289818911714
2024-10-11 00:00:00-04:00,565.9084606662699,570.1131388058892,565.7709110163313,569.3763427734375,42268000,0.0,0.0,0.0,559.9784912109375,553.7684631347656,544.2502243041993,5.357784755932698,570.0501448357394,549.9068375861356,60.974991424669476,113.95476942638668,21.141439969805788
2024-10-14 00:00:00-04:00,570.9874990099419,574.966246072679,570.5061351329805,574.032958984375,36217200,0.0,0.0,0.0,561.1181274414063,554.5007954915365,544.8561793009441,5.885413813014225,572.139895368304,550.0963595145085,62.736304214312874,138.01684792930334,26.224360123011042
2024-10-15 00:00:00-04:00,574.2981924836022,574.6027324678581,568.3546560789198,569.5728759765625,54203600,0.0,0.0,0.0,562.0234954833984,555.4631591796875,545.2954076131185,5.875938061523129,572.6753351739952,551.3716557928016,60.05090539341921,115.26099235047364,22.60029130689118
2024-10-16 00:00:00-04:00,569.5729286407808,572.5692210133667,568.7673576490918,572.0485229492188,30725400,0.0,0.0,0.0,563.1344207763672,556.5449340820312,545.7900985717773,5.999039290378505,573.040082974244,553.2287585784903,61.00924736948985,113.63043546001383,22.600291306772558
2024-10-17 00:00:00-04:00,575.5948569414992,575.8011814159861,571.9108767867559,572.0975341796875,34393700,0.0,0.0,0.0,563.7786712646484,557.6720865885417,546.4904637654622,6.031030729771146,574.2691194410037,553.2882230882932,61.02839398524685,127.98099953405047,26.015140535903694
2024-10-18 00:00:00-04:00,573.7873532764656,575.0841216421944,572.3235945792737,574.2982177734375,37416800,0.0,0.0,0.0,564.5812927246094,559.1745768229167,547.2735387166341,6.162918660081459,575.7253181023486,553.4372673468702,61.89749290988841,133.73883241792856,26.015140535793964
2024-10-21 00:00:00-04:00,573.5711395635755,574.5535342943244,570.378356688641,573.3550415039062,36439000,0.0,0.0,0.0,565.2670013427735,560.4481160481771,547.9424647013346,6.120777835717149,576.8115707105588,553.7224319749881,61.29148323621985,121.19580451117857,22.533060950445485
2024-10-22 00:00:00-04:00,570.8204817447413,574.2097557683464,570.1622940232531,573.050537109375,34183800,0.0,0.0,0.0,565.857421875,561.6338073730469,548.601091003418,5.9937181175122305,577.73821594837,553.97662780163,61.091721264586496,113.5271147765081,22.145247556060287
2024-10-23 00:00:00-04:00,571.0267196890029,571.4688092704015,564.3071139493308,567.8142700195312,49314600,0.0,0.0,0.0,566.2479187011719,562.4611551920573,549.2175003051758,5.408157509272769,577.8282911865924,554.6675462157514,57.743841589292664,62.15533324946062,12.190939208434576
2024-10-24 00:00:00-04:00,569.7693209618997,569.8479293354313,566.4193810527883,569.0423583984375,34979900,0.0,0.0,0.0,566.5888122558594,563.1769816080729,549.7105707804362,4.985720692482005,578.0714820580765,555.1061424536422,58.29830422193231,62.084997893506824,12.190939208374395
2024-10-25 00:00:00-04:00,571.2723713678375,574.1704478252901,567.9027646254573,568.8458251953125,47268200,0.0,0.0,0.0,566.9606475830078,563.7909322102864,550.3276850382487,4.582256484291406,578.2164788563788,555.7048163096368,58.17193963473158,76.76399614259613,17.502457071742665
2024-10-28 00:00:00-04:00,572.3234997428319,572.4512158459117,570.2997691348281,570.6043090820312,30174700,0.0,0.0,0.0,567.3079254150391,564.4364013671875,551.1391342163085,4.354210517449701,578.5633986904146,556.0524521396636,58.994629075421,80.14067752195982,17.502457071651325
2024-10-29 00:00:00-04:00,569.6415908764491,572.6477165136779,568.2466070737139,571.52783203125,42899700,0.0,0.0,0.0,567.9538543701171,565.1051452636718,552.2193120320638,4.199592738608885,578.5721424484359,557.3355662917984,59.428165308668326,71.55589754897663,13.997305635960485
2024-10-30 00:00:00-04:00,571.0562011429839,573.0504911915006,569.0914117169528,569.7987670898438,41435800,0.0,0.0,0.0,568.5015380859375,565.7707702636719,553.1928095499675,3.89266374004751,578.2346958924321,558.7683802794428,58.23565944603467,65.40019266375047,14.514808682363865
2024-10-31 00:00:00-04:00,565.4270604157058,565.4958352362431,558.4324153285519,558.62890625,60182500,0.0,0.0,0.0,568.5418121337891,565.7513163248698,554.0371124267579,2.716788432126691,578.0939134818707,558.9897107857075,51.34968092665045,-62.014835830327804,1.6814188362087754
2024-11-01 00:00:00-04:00,561.2617936558026,565.4173043933644,560.5741053167588,560.9866943359375,45667500,0.0,0.0,0.0,568.4465209960938,565.8426798502604,554.7249969482422,1.9526437113277098,578.270082395596,558.6229595965916,52.574216602839606,-46.35239913194731,1.681418836193101
2024-11-04 00:00:00-05:00,561.1242574334378,562.4210257711015,557.8922001113365,559.7783813476562,38217000,0.0,0.0,0.0,568.5452575683594,565.8472635904948,555.3545450846354,1.2353128374332982,577.9491443889535,559.1413707477652,51.88190816938418,-77.86058826674159,5.288281094819571
2024-11-05 00:00:00-05:00,560.6919638738422,566.586332309216,560.4758658123077,566.5470581054688,39478300,0.0,0.0,0.0,568.7186492919922,566.0240946451823,556.0923329671224,1.1991752521000762,577.821235912827,559.6160626711574,55.29341245397293,-19.649156462865978,0.5721403274192519
2024-11-06 00:00:00-05:00,578.8270705681771,581.5089893813079,575.0841485043231,580.6346435546875,68182000,0.0,0.0,0.0,569.4014099121093,566.7117716471354,556.9217631022135,2.280992504530559,579.8966614037453,558.9061584204734,61.21404442064674,165.38698568086224,17.575267582916297
2024-11-07 00:00:00-05:00,582.6387786486675,586.1459356042433,582.5601702684252,585.1242065429688,47233200,0.0,0.0,0.0,570.3582641601563,567.4750956217448,557.7981048583985,3.4607176842232548,582.843636750762,557.8728915695506,62.83661132821581,211.6665575841853,21.870108601526212
2024-11-08 00:00:00-05:00,585.674234913322,589.0831757216504,585.674234913322,587.65869140625,46444900,0.0,0.0,0.0,571.2723815917968,568.3500813802083,558.564555867513,4.547746544196116,585.9412165195997,556.6035466639939,63.72288878845598,220.11324056875355,24.449731407925615
2024-11-11 00:00:00-05:00,589.2501914582232,589.6038391769904,586.4896646144927,588.2186889648438,37586800,0.0,0.0,0.0,571.9816680908203,569.1687459309895,559.3200988769531,5.39225333039667,588.4713759523183,555.4919602293223,63.91956230498353,202.67603974164524,24.90439940245972
2024-11-12 00:00:00-05:00,588.1400498376755,588.739296212128,583.9059310932324,586.3914184570312,43006100,0.0,0.0,0.0,572.8225952148438,570.0948181152344,559.9586771647135,5.846688597247976,590.4698414175318,555.1753490121557,62.77085028320535,169.07677868579185,21.16125973750097
2024-11-13 00:00:00-05:00,586.8530323212628,588.6802718086151,584.4854878191263,586.6762084960938,47388600,0.0,0.0,0.0,573.5539794921875,571.0225219726562,560.6168538411458,6.158816987814475,592.2476041972097,554.8603547871653,62.87840987668443,159.67459586202796,21.161259737394463
2024-11-14 00:00:00-05:00,586.8040077565071,587.2853715644612,582.2162413093224,582.9038696289062,38904100,0.0,0.0,0.0,574.0942962646484,571.8585367838542,561.1808186848958,6.032248757538923,593.2301292281666,554.9584633011302,60.483908758233056,122.80400848765323,17.84201759336087
2024-11-15 00:00:00-05:00,579.3378226480269,579.8094129170865,573.5810036102117,575.437744140625,75988800,0.0,0.0,0.0,574.1512725830078,572.2767110188802,561.6921691894531,5.2687536805366335,593.2964455760439,555.0060995899717,56.10914142248779,40.60685503262096,6.370706037077585
2024-11-18 00:00:00-05:00,575.8994574754852,579.1119076957027,575.0350052053479,577.7955322265625,37001700,0.0,0.0,0.0,574.3732971191406,572.9431070963542,562.1463460286458,4.7986166591932715,593.5824757309041,555.1641185073771,57.12230434732203,46.3028091198812,6.3707060370472925
2024-11-19 00:00:00-05:00,574.4161003090796,580.6346163861505,573.7480790226593,579.9076538085938,49412000,0.0,0.0,0.0,574.7161529541015,573.5040547688802,562.6575978597006,4.544078929252123,594.0701569538719,555.3621489543311,58.020315611002225,49.59324271639892,8.059622738414168
2024-11-20 00:00:00-05:00,579.9861823753545,580.3889378159292,574.3374129030207,580.1040649414062,50032600,0.0,0.0,0.0,575.3306427001953,573.9415425618489,563.1595560709635,4.308538531155023,594.5418490843498,556.1194363160408,58.10472404540003,47.138002179286694,8.059622738354399
2024-11-21 00:00:00-05:00,582.9531169226577,584.6428072515256,577.1078556838472,583.2183227539062,46750300,0.0,0.0,0.0,576.0394409179687,574.5159159342448,563.7666310628255,4.323329001664206,595.3196992689835,556.7591825669539,59.44233953725063,76.27392452500912,12.764040359184492
2024-11-22 00:00:00-05:00,583.2084735757152,585.654687007179,582.7075025920674,585.0259399414062,38226400,0.0,0.0,0.0,576.8484466552734,575.0375691731771,564.4030161539714,4.429845653041184,596.2154232786102,557.4814700319366,60.20523897010008,96.84007412486498,13.848788670798408
2024-11-25 00:00:00-05:00,588.9653319760873,590.281707390563,584.7213793724078,587.0103759765625,42441400,0.0,0.0,0.0,577.66875,575.4701497395833,564.9854726155598,4.621118888086585,597.3099878949154,558.0275121050847,61.03756670811829,114.41441977260398,18.63473938665886
2024-11-26 00:00:00-05:00,588.2579731618996,590.7434606979054,587.5408441710033,590.075439453125,45621300,0.0,0.0,0.0,578.5961303710938,576.1535685221354,565.8083638509114,4.962821000419467,598.761034517424,558.4312262247635,62.297546851993815,123.0840013515542,19.098713893089087
2024-11-27 00:00:00-05:00,589.8887838542881,590.2718722436573,586.7647756879834,588.2874755859375,34000200,0.0,0.0,0.0,579.5205657958984,576.6948669433593,566.6199005126953,5.031350369674783,599.6825305634824,559.3586010283144,61.10510382743836,105.18349551012477,17.929508324120523
2024-11-29 00:00:00-05:00,589.1029417806834,592.7279816211972,588.8279023683997,591.9420776367188,30177400,0.0,0.0,0.0,581.1862243652344,577.3563517252604,567.514219156901,5.319239351123315,599.5006826115268,562.8717661189419,62.61808274477909,118.71841186326847,20.485167099703553
2024-12-02 00:00:00-05:00,592.354515594293,593.6807844427898,591.8633182342458,593.0029296875,31746000,0.0,0.0,0.0,582.7870361328125,577.9798421223958,568.5772094726562,5.568801658575467,599.1616223728355,566.4124498927896,63.04969745918218,122.01593058342813,21.46657368108488
2024-12-03 00:00:00-05:00,592.7672106157903,593.5236138358292,591.73570807165,593.2780151367188,26906600,0.0,0.0,0.0,584.4620178222656,578.6439412434896,569.5460286458333,5.722809694168518,597.4247561316193,571.4992795129118,63.16378696565222,112.70390664630622,21.25921555748463
2024-12-04 00:00:00-05:00,594.9676840777096,597.2075127280552,594.2996629026728,596.9619140625,42787600,0.0,0.0,0.0,585.9827606201172,579.440987141927,570.537397257487,6.0721263350041,597.1012916427668,574.8642295974677,64.67482490929389,127.23750899396536,25.078788108005536
2024-12-05 00:00:00-05:00,596.961947940629,597.7675188046404,595.6259055147337,595.9795532226562,28762200,0.0,0.0,0.0,586.7500061035156,580.3798299153646,571.4204925537109,6.198244475671231,598.4187986811065,575.0812135259247,63.951163461758235,120.55767361689276,25.64597709757885
2024-12-06 00:00:00-05:00,596.7458327264936,598.3471408675985,596.3332437457798,597.1093139648438,31241500,0.0,0.0,0.0,587.3492614746094,581.3153951009115,572.2461883544922,6.3165430841099806,599.8666457330469,574.831877216172,64.42473652807602,118.77000684322095,26.2438333293651
2024-12-09 00:00:00-05:00,596.9914414878755,597.1584317989794,593.445010988573,594.034423828125,34742700,0.0,0.0,0.0,587.6680480957032,582.1550150553386,572.9729736328125,6.091953400794068,600.5383849973017,574.7977111941046,62.12678429050972,95.62954031045422,21.219534749945748
2024-12-10 00:00:00-05:00,594.7123228135097,595.134745373381,591.529373321926,592.1875610351562,37234500,0.0,0.0,0.0,587.8664916992187,582.8744567871094,573.6554290771485,5.699240766269327,600.8940063984252,574.8389770000123,60.779759436751796,77.14722206774248,17.99741125283369
2024-12-11 00:00:00-05:00,595.115147903942,597.7184581352288,594.8400485801485,596.7655639648438,28677700,0.0,0.0,0.0,588.3851989746094,583.7157145182292,574.4104298909505,5.6918081294370495,601.9792236894291,574.7911742597896,62.845486791858036,98.8863636894191,20.929897540206785
2024-12-12 00:00:00-05:00,595.9010621562538,596.4708079758578,593.690673828125,593.690673828125,31543800,0.0,0.0,0.0,588.7359222412109,584.5121114095052,575.1414408365886,5.375830546887869,602.5051131857555,574.9667312966664,60.62675963926252,81.68494431696857,18.971982666275085
2024-12-13 00:00:00-05:00,595.7241395523251,596.4412684591986,592.1973163772925,593.5726928710938,35904700,0.0,0.0,0.0,589.2693634033203,585.676904296875,575.7141103108723,5.0575951503481065,602.9132998973678,575.6254269092728,60.54192141459396,74.79925520496509,16.438133648165177
2024-12-16 00:00:00-05:00,595.3312295236393,597.0799209921157,594.5551592425911,596.1072998046875,43695200,0.0,0.0,0.0,590.3028411865234,586.8475911458333,576.3451354980468,4.952819878242167,602.6002771258452,578.0054052472017,61.73202471747181,89.32898971415206,17.21813501409679
2024-12-17 00:00:00-05:00,593.553151685944,594.5158794594372,592.2760503625989,593.6513671875,55773500,0.0,0.0,0.0,591.0956329345703,587.9766906738281,576.9119771321615,4.6183737454121,601.9587757829178,580.2324900862228,59.920463654633885,62.913318108313995,13.313394549621545
2024-12-18 00:00:00-05:00,593.3467745348553,595.7339866328443,575.5752867073982,575.9584350585938,108248700,0.0,0.0,0.0,590.8981719970703,588.2904032389323,577.1572489420573,2.8923102664398357,602.7189517447815,579.0773922493591,49.16751978736781,-71.40936323196466,9.531504670430325
2024-12-19 00:00:00-05:00,580.9490228826561,582.5601648792804,575.5360174904994,575.7816162109375,85919500,0.0,0.0,0.0,590.6820495605468,588.1286356608073,577.4202036539714,1.492915321945361,603.4536034314144,577.9104956896792,49.07647029384891,-124.28601646039873,9.575848337629276
2024-12-20 00:00:00-05:00,573.4513839180992,587.231466902458,572.6036351958548,582.697265625,125716700,1.966,0.0,0.0,590.6559967041015,588.0477376302083,577.7614166259766,0.9311857281277298,603.4936122880828,577.8183811201203,52.62597067612738,-86.04203436311748,3.3424895801763674
2024-12-23 00:00:00-05:00,582.4409930028329,586.7879087972127,579.2571372355378,586.1866455078125,57635800,0.0,0.0,0.0,590.7140319824218,587.9986694335937,578.174375406901,0.7588274817071579,603.4546093058185,577.9734546590252,54.28902987210322,-45.644538101264104,3.3424895801446577
2024-12-24 00:00:00-05:00,587.5370835235541,592.7416149913781,586.9554933157183,592.7021484375,33160100,0.0,0.0,0.0,590.9986206054688,588.1481180826823,578.6584320068359,1.1348965823873414,603.6447908231214,578.3524503878161,57.191829129372415,30.496937427980154,4.098467411834431
2024-12-26 00:00:00-05:00,590.9278604962976,593.8652307760627,589.5281816588665,592.7415771484375,41219100,0.0,0.0,0.0,591.1319274902344,588.3597900390625,579.2273040771485,1.4197496315719036,603.7933227749147,578.470532205554,57.20884046882799,42.17347978569793,5.427900834174304
2024-12-27 00:00:00-05:00,588.9958679237085,589.2324867459512,582.3128451341881,586.5020751953125,64969300,0.0,0.0,0.0,591.0426574707031,588.3539855957031,579.6882537841797,1.1290075669335238,603.8132005745568,578.2721143668495,53.71450935206647,-25.584521035221726,3.4620832722615678
2024-12-30 00:00:00-05:00,579.4838439796579,583.2787692142718,576.0535631828352,579.80908203125,56578800,0.0,0.0,0.0,590.4360076904297,588.2508260091146,580.0546813964844,0.3544380323551195,604.1449056418047,576.7271097390548,50.304897868658735,-92.21789366153249,10.253409082244385
2024-12-31 00:00:00-05:00,581.4749602926895,582.194563069081,576.0634704063194,577.6997680664062,57052700,0.0,0.0,0.0,589.670849609375,588.3262268066406,580.3014689127605,-0.424721982328947,604.4435079803202,574.8981912384297,49.2849644246439,-106.26030285671494,10.253409082171286
2025-01-02 00:00:00-05:00,580.9624149327,582.6775253068124,572.1995172748154,576.2803344726562,50204000,0.0,0.0,0.0,588.8209655761718,588.2757202148438,580.6094136555989,-1.1435660186076575,604.6386606173472,573.0032705349964,48.59902428187199,-123.72785967122488,14.23906671864894
2025-01-03 00:00:00-05:00,579.129057366777,584.1265095290074,578.0447499447286,583.48583984375,37888500,0.0,0.0,0.0,588.1471618652344,588.3949930826823,580.9495239257812,-1.1189326724867215,603.6496629094999,572.6446608209689,52.099930966894085,-73.29183429432297,12.304278669670943
2025-01-06 00:00:00-05:00,587.7441288005318,591.1250770135647,585.1122630331895,586.8471069335938,47679400,0.0,0.0,0.0,587.6905395507813,588.6197611490885,581.2806518554687,-0.8187464064217238,602.7534219070112,572.6276571945514,53.6242026969144,-11.560461470171601,3.542241948523204
2025-01-07 00:00:00-05:00,588.8776099950986,589.2029082453815,578.3897946667151,580.2133178710938,60393100,0.0,0.0,0.0,586.8457397460937,588.5195943196615,581.5177551269531,-1.10341844333459,601.5759544267233,572.1155250654641,50.35281580537896,-73.79787362040844,10.48226214751547
2025-01-08 00:00:00-05:00,580.282291853868,582.1354148697908,576.8323377526707,581.0609741210938,47304700,0.0,0.0,0.0,586.1970672607422,588.3874287923177,581.7124989827474,-1.2462582193394383,600.7357425873008,571.6583919341836,50.74996979508592,-100.55045036302813,11.999725214851981
2025-01-10 00:00:00-05:00,577.5025797313914,577.5715860296085,570.2773736421228,572.1896362304688,73105000,0.0,0.0,0.0,585.1971710205078,587.8934041341146,581.6817769368489,-2.051652425782436,600.7186223211701,569.6757197198455,46.70495705269016,-158.94324267725884,18.048189460025352
2025-01-13 00:00:00-05:00,567.5372072518853,573.4316812597856,567.1231694250464,573.0768432617188,47910100,0.0,0.0,0.0,584.0127349853516,587.3267842610677,581.7401763916016,-2.5885042781860648,599.4322390050406,568.5932309656625,47.14083362457947,-160.56310446877706,20.759329661662736
2025-01-14 00:00:00-05:00,576.0042498383493,576.635112947905,570.0801769152397,573.8652954101562,48420600,0.0,0.0,0.0,583.0214660644531,586.846044921875,581.7704559326172,-2.916719611924009,598.3701913208291,567.672740808077,47.535306794829424,-124.20713304843942,16.70308017786601
2025-01-15 00:00:00-05:00,581.8889144514343,585.4472807831376,580.7750674581439,584.3038940429688,56900200,0.0,0.0,0.0,582.5580261230468,586.5914388020833,581.9738952636719,-2.307920684891201,597.104081446805,568.0119707992886,52.4003940443868,-29.688888166259655,6.52114471931562
2025-01-16 00:00:00-05:00,585.6740907119066,585.8515097161563,582.4804283105531,583.1802978515625,43319700,0.0,0.0,0.0,581.9116760253906,586.2640177408854,582.1219299316406,-1.8942719831413797,594.9983565330306,568.8249955177507,51.864858856251274,-24.290235703470255,6.081949700061642
2025-01-17 00:00:00-05:00,588.4242094250709,590.7898562052613,587.0934767089387,589.0353393554688,58070600,0.0,0.0,0.0,581.680874633789,586.1225952148437,582.3832682291667,-1.0815322594286272,594.0382851688674,569.3234640987106,54.37829550178728,25.935270777842234,0.8280661959037788
2025-01-21 00:00:00-05:00,592.081028657774,594.4368685895419,590.1096265717592,594.427001953125,42532900,0.0,0.0,0.0,582.6043029785156,586.0380981445312,582.7395426432291,-0.00234107483288426,595.8867775868214,569.3218283702099,56.5400714796677,66.74104171637988,2.84788830586291
2025-01-22 00:00:00-05:00,597.2560318658977,599.1288881406504,596.7040416210903,597.7686157226562,48196000,0.0,0.0,0.0,583.7036529541016,586.097733561198,583.2387817382812,1.109773243144332,598.1932175806556,569.2140883275475,57.82147917110046,113.190297610131,7.343713451840716
2025-01-23 00:00:00-05:00,597.1377792345874,601.0313110351562,596.8618141810588,601.0313110351562,41152100,0.0,0.0,0.0,584.6203552246094,586.228466796875,583.7719309488932,2.2287128819510826,601.0339478114446,568.2067626377742,59.04127807620843,128.08635317748573,9.107937083578376
2025-01-24 00:00:00-05:00,601.0903888692611,602.0465502262632,598.1234189150732,599.2766723632812,34604700,0.0,0.0,0.0,585.2748565673828,586.4032084147135,584.279111735026,2.940005378622118,602.9471097480981,567.6026033866675,58.10639931615437,125.01771772707313,10.053407678489215
2025-01-27 00:00:00-05:00,586.3049484329972,591.1151752666312,586.1373960687419,590.7997436523438,70361100,0.0,0.0,0.0,585.179736328125,586.3569478352864,584.6157023111979,2.787559256581744,602.7035203755877,567.6559522806624,53.84530201964875,28.65765476500995,2.3521105316770354
2025-01-28 00:00:00-05:00,592.0318399526346,596.7139205737208,588.7100317776161,595.8760986328125,44433300,0.0,0.0,0.0,585.3364624023437,586.3272989908854,585.0215067545573,3.041305749076514,603.1978217753154,567.475103029372,55.85095374936949,72.6061215568471,2.9349371045485735
2025-01-29 00:00:00-05:00,595.0874355672163,595.491606706695,590.651780644399,593.2047729492188,37177400,0.0,0.0,0.0,585.671597290039,586.3111022949219,585.4116068522136,2.9923540205841164,603.8733271292289,567.4698674508492,54.560286285903096,67.32101880073127,2.934937104533954
2025-01-30 00:00:00-05:00,595.3240968992558,597.9263022497843,592.130374590218,596.3886108398438,39281300,0.0,0.0,0.0,586.5005737304688,586.4049662272135,586.0409352620443,3.173881996423802,605.0842698044106,567.9168776565269,55.81911190744294,89.25726046323031,5.213512041148545
2025-01-31 00:00:00-05:00,598.8134974486875,601.2383441338676,592.4557124803268,593.2147216796875,66566900,0.0,0.0,0.0,587.2763214111328,586.3085469563802,586.5780690511068,3.026747434845106,605.6067406039011,568.9459022183645,54.26871257723,90.97155076905568,8.244653276507183
2025-02-03 00:00:00-05:00,584.1954227420036,591.7064599079472,582.0466016788057,589.2225341796875,65857200,0.0,0.0,0.0,587.9234313964844,586.1609191894531,587.0688049316407,2.558513120960356,605.5184142979818,570.3284484949869,52.37578656629403,16.062443551054873,1.949488564227425
2025-02-04 00:00:00-05:00,589.2817005882882,593.6877555909119,588.7395770202528,593.1752319335938,33457800,0.0,0.0,0.0,588.4079010009766,586.7348124186198,587.512607828776,2.4778209508954205,606.0219876772296,570.7938143247236,54.01854155788385,54.35654272560167,0.09335852742717432
2025-02-05 00:00:00-05:00,592.0516161255263,595.7282625539741,590.0210739471236,595.5803833007812,30653100,0.0,0.0,0.0,588.8445648193359,587.3947713216146,587.7617034912109,2.5782272406670472,606.7267002931786,570.9624293454932,54.995713357996614,68.70163646278917,1.811212997208665
2025-02-06 00:00:00-05:00,597.3250923662002,597.7785366008171,594.0131505968404,597.650390625,35771500,0.0,0.0,0.0,589.7164184570313,587.8932088216146,587.9704732259114,2.792640419591976,607.5268395470921,571.9059973669705,55.83142092853638,89.83303324546625,3.7155562899943924
2025-02-07 00:00:00-05:00,598.2122352633725,599.4344951653416,591.4700123634921,592.1797485351562,50788500,0.0,0.0,0.0,590.2723571777344,588.0929789225261,588.0458241780599,2.492398493695532,607.6336731803207,572.9110411751482,53.13391771731074,64.83869617684091,1.1971095916462167
2025-02-10 00:00:00-05:00,595.3931329282537,596.8420848342793,594.1215398587573,596.2013549804688,26048700,0.0,0.0,0.0,591.4729431152343,588.209619140625,588.1788686116537,2.549574724101376,606.7669923852138,576.1788938452548,54.794864019005516,74.89211867141631,1.1971095916406969
2025-02-11 00:00:00-05:00,593.93424024475,597.1969087784863,593.8159609148958,596.65478515625,30056700,0.0,0.0,0.0,592.6518402099609,588.3400594075521,588.3499247233073,2.601487001557416,605.397958376625,579.9057220432969,54.98095585412005,73.99617380252054,1.5540340039841776
2025-02-12 00:00:00-05:00,590.6321754646003,595.9056528588447,589.9520392250456,594.732666015625,45076100,0.0,0.0,0.0,593.6952087402344,588.6144124348958,588.4841990152995,2.4591809968756024,602.8870240037392,584.5033934767297,54.00602262277256,48.80523737792688,2.417138968600104
2025-02-13 00:00:00-05:00,595.8366046698266,601.2185545419917,594.5749384975967,601.0115356445312,40921300,0.0,0.0,0.0,594.5305908203125,589.3211608886719,588.7859934488932,2.8205413226146447,603.1475820581378,585.9135995824871,56.60626617307698,94.03962792388506,2.979364489881229
2025-02-14 00:00:00-05:00,601.2185532755497,602.2535274358258,600.360998100256,600.9819946289062,26910400,0.0,0.0,0.0,595.4206756591797,590.0972351074219,589.2117309570312,3.0691589176295793,602.6702999061847,588.1710514121746,56.590694857711526,109.25592040482869,3.9987469926482597
2025-02-18 00:00:00-05:00,602.145135650955,602.7463989257812,599.6808827255115,602.7463989257812,26749000,0.0,0.0,0.0,596.1062286376953,590.9794372558594,589.6275787353516,3.369718812988822,603.4064094519446,588.806047823446,57.31616602141777,109.31380455018848,3.2612043760808462
2025-02-19 00:00:00-05:00,601.3566689008733,604.4615919136522,600.8440849703791,604.1658935546875,31011100,0.0,0.0,0.0,596.5931732177735,591.6687723795573,590.0318827311198,3.680034897265841,604.6787176346643,588.5076288008827,57.9017115430374,117.31658712352004,5.018527277319778
2025-02-20 00:00:00-05:00,602.7956695963146,602.9336821985821,598.3403412349714,601.6522827148438,36554000,0.0,0.0,0.0,596.7873565673829,592.1622782389323,590.3910196940104,3.680706350460923,605.1727438046383,588.4019693301274,56.482335624383815,90.71669231750303,2.214617466928674
2025-02-21 00:00:00-05:00,601.4354715890964,601.5734842084402,590.8983224108222,591.3616333007812,76519800,0.0,0.0,0.0,596.3038726806641,592.5338887532552,590.5267415364583,2.8183805402986764,604.7735971636098,587.8341481977184,51.16995631649097,26.1442544166064,5.540162107896569
2025-02-24 00:00:00-05:00,593.4118132885562,594.4073810554311,587.9608571639533,588.6705932617188,50737200,0.0,0.0,0.0,595.773568725586,592.7875427246094,590.5874857584636,1.8959809931488962,604.771253537979,586.775883913193,49.900316986072404,-22.811137616398028,8.378468192927434
2025-02-25 00:00:00-05:00,588.6115273648803,589.3409366661995,581.1300283822392,585.7431030273438,58266500,0.0,0.0,0.0,595.5207366943359,593.2393249511719,590.5663645426432,0.9181646797549092,605.3524244807359,585.689048907936,48.544795064293744,-89.85567449548097,14.554707201139971
2025-02-26 00:00:00-05:00,587.4088352242034,591.006668217937,583.3970246238699,586.0386962890625,43321600,0.0,0.0,0.0,595.0288665771484,593.67138671875,590.4990854899089,0.16518595162324345,605.7314386866944,584.3262944676023,48.69038265143508,-89.79128957490163,12.6392555841307
2025-02-27 00:00:00-05:00,588.3156475632774,589.468961108592,576.2901428845248,576.6843872070312,74196700,0.0,0.0,0.0,594.202847290039,593.7653564453125,590.3057006835937,-1.172849798631887,607.6868372891279,580.7188572909502,44.562694126971195,-186.9312597192648,18.64336448052226
2025-02-28 00:00:00-05:00,577.1872801710356,586.2162780666828,574.1118967716493,585.6840209960938,88744100,0.0,0.0,0.0,593.6676177978516,593.8113606770834,590.2013997395833,-1.4898830921700892,607.627702715768,579.7075328799351,48.87613444333451,-166.67596697338763,20.37842299239326
2025-03-03 00:00:00-05:00,587.6553155599406,588.798762606637,571.6081318173137,575.4227905273438,74249200,0.0,0.0,0.0,592.7780212402344,593.5527770996093,589.9083974202474,-2.539851971028611,608.9516829249064,576.6043595555623,44.76763103521098,-204.00246629750765,17.31003448784179
2025-03-04 00:00:00-05:00,571.4208567458912,577.0196322682823,564.0675042327628,568.611572265625,109648200,0.0,0.0,0.0,591.7474731445312,592.8719848632812,589.4972900390625,-3.8768780255303454,611.1743942844125,572.3205520046499,42.32460377002031,-270.39029511576194,23.22148962738061
2025-03-05 00:00:00-05:00,568.4439889843314,576.5168836727693,564.8856223320056,574.722900390625,71230500,0.0,0.0,0.0,590.8248565673828,592.2151814778646,589.126639811198,-4.392711260247893,611.6673645685893,569.9823485661763,45.10514844460884,-205.14120568436635,23.22148962711571
2025-03-06 00:00:00-05:00,567.2512863712917,571.8742272350298,561.9679425734266,564.5209350585938,80094900,0.0,0.0,0.0,589.2718841552735,591.1069254557292,588.6023295084635,-5.560626712678641,613.0449115511295,565.4988567594174,41.63852901343815,-222.80213551292343,25.428928145884534
2025-03-07 00:00:00-05:00,562.7367581223248,569.1339483632712,557.5420942942741,567.6849365234375,81158800,0.0,0.0,0.0,587.7736114501953,589.9953796386719,588.1119232177734,-6.159892244166144,613.0526665014478,562.4945563989428,43.042969936117885,-201.27385508841368,28.64804660370522
2025-03-10 00:00:00-04:00,559.4742288830657,561.396298293426,547.6458132504099,552.564453125,99326600,0.0,0.0,0.0,585.7928466796875,588.4383056640625,587.420757039388,-7.765396481598145,615.4476951153873,556.1379982439877,38.466673641706265,-240.71558888016446,35.125975386402075
2025-03-11 00:00:00-04:00,551.4011666406667,555.9551004739012,544.1266884057775,547.9708862304688,88102100,0.0,0.0,0.0,583.3813232421875,587.0106770833333,586.6838124593099,-9.301214009843989,617.0454613096448,549.7171851747302,37.222932178204935,-225.66670122635276,37.222594662585735
2025-03-12 00:00:00-04:00,554.1316472627199,555.0582088315019,545.7729200294035,550.8788452148438,69588200,0.0,0.0,0.0,581.0925262451171,585.5107686360677,585.9190338134765,-10.166519174133896,617.099855510803,545.0851969794313,38.52462395818454,-186.80993185418504,37.2225946622574
2025-03-13 00:00:00-04:00,550.5042540653316,551.1153839968962,541.8202288918889,543.5353393554688,74079400,0.0,0.0,0.0,578.5326599121094,583.8551208496094,585.0831115722656,-11.314413782526117,617.6059713724726,539.4593484517461,36.54503966663829,-183.4571692606969,39.57009344250703
2025-03-14 00:00:00-04:00,548.1583018697701,555.7679467233177,543.604366956188,554.7625122070312,62660300,0.0,0.0,0.0,576.2202087402344,582.4675842285156,584.4362752278646,-11.189207293449158,615.1660790964214,537.2743383840474,41.31437181182647,-138.4730605413011,33.491832745524796
2025-03-17 00:00:00-04:00,554.742702735982,561.5637976935186,554.3089918436672,559.0404052734375,49008700,0.0,0.0,0.0,574.1231292724609,581.3284403483073,583.8184936523437,-10.622342280545126,611.9558737794769,536.290384765445,43.002972533551144,-98.20330461223143,26.398085978320566
2025-03-18 00:00:00-04:00,556.7239657249663,556.9408512500528,551.0660510727529,552.998046875,66041400,0.0,0.0,0.0,571.6357116699219,580.1209574381511,583.140938313802,-10.539176432925387,608.0600709555389,535.2113523843049,41.26793925392771,-107.01307671165658,28.594419073610155
2025-03-19 00:00:00-04:00,554.7821880592443,562.7860764826731,553.5993346617712,559.0206909179688,66556000,0.0,0.0,0.0,569.378451538086,578.9824727376302,582.858642578125,-9.87347458953434,602.7850623195882,535.9718407565838,43.61371652533212,-80.70271476403917,21.81643604331075
2025-03-20 00:00:00-04:00,555.2750866351008,562.4115538615378,554.5554838320709,557.4041748046875,62958200,0.0,0.0,0.0,567.1660461425781,577.7099324544271,582.5523518880208,-9.368347939623163,597.2707622631908,537.0613300219654,43.13534980544781,-75.87192809224342,21.816436043150865
2025-03-21 00:00:00-04:00,552.9413292589383,558.4877328401925,551.7054963570508,557.5880126953125,83763000,1.696,0.0,0.0,565.4773651123047,576.3745198567708,582.1338643391927,-8.85116651107171,593.5905783184757,537.3641519061338,43.2086319953327,-78.25918874461435,23.909099050855072
2025-03-24 00:00:00-04:00,564.3307537296456,568.6314886589248,563.7375780431137,567.5736083984375,58766800,0.0,0.0,0.0,564.4225158691406,575.5543151855469,581.8236470540364,-7.548527654708664,590.3714124488329,538.4736192894484,47.043394012331454,-34.292765680496196,12.793170891841038
2025-03-25 00:00:00-04:00,568.7797068467552,569.8771119506348,567.1879685958952,568.9379272460938,38355700,0.0,0.0,0.0,563.5822570800781,574.6455342610677,581.4275767008463,-6.333083997007634,587.643978882986,539.5205352771702,47.5440232645112,-23.646871479171235,11.52225946983032
2025-03-26 00:00:00-04:00,568.6710483477373,569.7981425644431,560.7617168790538,562.1458740234375,51848300,0.0,0.0,0.0,562.3876159667968,573.4952372233073,580.9176483154297,-5.8504576391118235,584.0030045062034,540.7722274273902,45.33675572557962,-38.324563194353075,16.54105646257969
2025-03-27 00:00:00-04:00,560.7518576492508,564.4297284040252,558.537254346486,560.6530151367188,42164200,0.0,0.0,0.0,561.5860473632813,572.3592488606771,580.4868306477864,-5.524748151505946,582.131656604758,541.0404381218046,44.86317935087198,-47.77134469791682,18.202540000931588
2025-03-28 00:00:00-04:00,559.120558969836,559.8521624781242,548.7790863172526,549.3623657226562,71662700,0.0,0.0,0.0,559.7699645996094,570.6376098632812,579.9793853759766,-6.107281148360926,577.5867083997822,541.9532207994365,41.473679795231625,-80.39071266842119,24.979995854719697
2025-03-31 00:00:00-04:00,543.5984615291653,554.3551567474991,540.6719872727307,553.0501098632812,95328200,0.0,0.0,0.0,558.6513305664063,569.0398803710938,579.5685577392578,-6.19990397914205,575.085834414253,542.2168267185596,42.930528657597385,-91.60933816822165,29.967110673990348
2025-04-01 00:00:00-04:00,551.1321177898429,556.5598868781194,547.4048260096515,554.6121826171875,54609600,0.0,0.0,0.0,557.9513610839844,567.4354064941406,579.207421875,-6.077207755321183,573.7810501148466,542.1216720531221,43.54629993051002,-72.42237113392025,27.581102918241438
2025-04-02 00:00:00-04:00,548.7592465118332,560.9890444564371,548.52197624234,558.1219482421875,76014500,0.0,0.0,0.0,557.1213134765625,565.9006083170573,578.7846903483073,-5.631841002979172,570.849620759178,543.3930061939469,44.927481044870056,-54.45007689622522,22.892403665378332
2025-04-03 00:00:00-04:00,538.931968079745,541.759539717793,530.6173095703125,530.6173095703125,125986000,0.0,0.0,0.0,555.4261322021484,563.5327758789062,577.8475270589192,-7.412828643738521,573.1102049139403,537.7420594903566,37.49144503441132,-164.7771834138673,33.16414138323749
2025-04-04 00:00:00-04:00,517.7349036725598,519.9099817661254,499.3358369172059,499.5533447265625,217965100,0.0,0.0,0.0,552.0195526123047,560.472499593099,576.5031941731771,-11.201749732795179,581.8430507244908,522.1960545001185,31.416276574611743,-292.66121264194936,46.133288732869474
2025-04-07 00:00:00-04:00,483.6457288710085,517.2405945444942,476.3394695378794,498.66357421875,256611400,0.0,0.0,0.0,549.3245086669922,557.472265625,575.1299041748047,-14.113601227889603,587.5100479931688,511.1389693408156,31.266154350425452,-303.19058365671845,53.06018343017855
2025-04-08 00:00:00-04:00,515.9454154101668,519.0300496454024,483.61604333672847,490.85308837890625,165816600,0.0,0.0,0.0,546.468618774414,554.3092651367188,573.7742950439454,-16.857186298416764,592.7630899004378,500.1741476483904,29.96586387738475,-262.24912074132493,51.49201505376227
2025-04-09 00:00:00-04:00,487.84755542038147,542.4021606445312,487.46196103833506,542.4021606445312,241867300,0.0,0.0,0.0,546.0447845458984,552.8547139485677,573.2630503336588,-14.702437368968958,592.3244584868473,499.76511060494954,45.45388126878684,-129.49798813760842,33.07097332341012
2025-04-10 00:00:00-04:00,526.1385259148457,527.4534689848499,503.5475251856576,518.6345825195312,162331200,0.0,0.0,0.0,544.7997467041016,550.9197204589843,572.3425384521485,-14.742683757647,592.6759214640072,496.923571944196,41.11684397251687,-145.14715473464892,33.070973322718544
2025-04-11 00:00:00-04:00,517.0823733080597,530.3502582115377,514.1756919605745,527.8884887695312,97866300,0.0,0.0,0.0,543.4560455322265,548.9932027180989,571.4022816975911,-13.86800468886031,591.6622513185139,495.2498397459392,43.29605303099642,-100.81352698780687,30.958823701565976
2025-04-14 00:00:00-04:00,537.8839447885014,538.111379094838,527.8094317224818,533.0098266601562,68034000,0.0,0.0,0.0,542.1545166015625,547.5794372558594,570.5661071777344,-12.61613510592781,589.9932885482727,494.31574465485215,44.47256677866563,-57.696187691906786,25.440466429492677
2025-04-15 00:00:00-04:00,533.5535570239268,537.0732068479572,530.7259857198238,531.5169067382812,56892900,0.0,0.0,0.0,541.0804595947266,546.342948404948,569.6074666341145,-11.610645311290682,588.8586931485512,493.302226040902,44.1960360640978,-51.79558897457381,25.44046642940199
2025-04-16 00:00:00-04:00,525.6541223320015,531.7937621429162,514.3931980244283,519.7023315429688,83484800,0.0,0.0,0.0,539.1145416259766,544.5089294433594,568.3620554606119,-11.633026595331557,587.0201151883322,491.20896806362106,42.055236002384305,-87.77975548604572,31.90276351029722
2025-04-17 00:00:00-04:00,521.6599483491107,525.1499093262158,517.9721816819745,520.44384765625,79868100,0.0,0.0,0.0,537.2665252685547,543.0396931966146,567.0733093261719,-11.458839403189245,585.0528142941075,489.48023624300185,42.23690006420502,-82.78771528818928,31.902763510171518
2025-04-21 00:00:00-04:00,515.2533684112545,515.7872869014791,502.6973228946177,508.055908203125,69368100,0.0,0.0,0.0,534.7899200439454,541.0520589192708,565.5237192789714,-12.179994586196699,583.2708236502449,486.30901643764577,40.06603454217675,-117.88143459010679,37.338379408292994
2025-04-22 00:00:00-04:00,514.2449494916972,523.3011070538847,513.305704354498,521.2743530273438,75948100,0.0,0.0,0.0,532.4749572753906,540.0090555826823,564.2236806233724,-11.551736016123073,578.7353412500761,486.214573300705,43.28378717232014,-73.37422684081693,31.97761885070223
2025-04-23 00:00:00-04:00,534.3049123051696,539.2482437222484,527.8291602174767,529.3516845703125,90590700,0.0,0.0,0.0,530.4956451416016,539.3884155273438,563.1995463053386,-10.283521389234465,573.4569814162758,487.5343088669274,45.14545859809988,-25.136861904491678,21.55995811132757
2025-04-24 00:00:00-04:00,530.6370434198044,541.2256831290485,529.3814780255258,540.4940795898438,64150400,0.0,0.0,0.0,529.4130554199219,539.0422566731771,562.2765126546224,-8.283862789524619,570.0442714773097,488.781839362534,47.599949428576465,-5.990319772007172,20.341448715699688
2025-04-25 00:00:00-04:00,540.4544620384363,544.8045575926888,537.5279880397045,544.3992309570312,61119600,0.0,0.0,0.0,528.6003662109375,539.0710530598958,561.4630869547526,-6.311253660295051,567.200054677226,490.00067774464895,48.43646510823845,13.582141797030397,18.124554044260332
2025-04-28 00:00:00-04:00,545.1407910444296,547.2762839575454,538.8429907853031,544.6068725585938,47613800,0.0,0.0,0.0,528.3625915527343,538.7325317382813,560.6000579833984,-4.677275056240774,566.479344733677,490.2458383717917,48.481703132756444,19.73387549251586,16.59004840528681
2025-04-29 00:00:00-04:00,542.6888178923871,549.1547344204944,542.3329124899421,548.0375366210938,47775100,0.0,0.0,0.0,528.111962890625,538.3657694498698,559.8471048990885,-3.0701189021384607,565.6060641968143,490.6178615844358,49.24280993028608,32.902125306824274,15.41135874382104
2025-04-30 00:00:00-04:00,541.3640295279456,550.2126052496137,535.382610300473,548.2550048828125,93101500,0.0,0.0,0.0,527.7941040039062,538.2076680501302,559.1643127441406,-1.758615969617722,564.4404826296451,491.1477253781674,49.29193487668184,27.29297020273249,18.562651941865717
2025-05-01 00:00:00-04:00,554.0189320097116,557.6770094036193,551.5373699314374,552.1404418945312,63186100,0.0,0.0,0.0,527.4950286865235,537.9783264160156,558.480399576823,-0.4010945831510071,563.1843995852377,491.8056577878093,50.18308040925063,64.17260807220282,13.850425661953398
2025-05-02 00:00:00-04:00,558.3295262045715,561.9381825044319,556.006184429092,560.3365478515625,60717300,0.0,0.0,0.0,528.980990600586,538.0760721842448,557.8930023193359,1.3208818453613276,567.5743586261475,490.38762257502447,52.02298689259237,85.94543562276353,11.239499757590691
2025-05-05 00:00:00-04:00,556.194064255589,560.2278400664005,555.3339293144951,557.1234130859375,38659200,0.0,0.0,0.0,531.8594940185546,538.0605855305989,557.2175526936849,2.3986374494123766,569.7934316831045,493.92555635400475,51.25526835807296,78.17309770664649,11.570467306343328
2025-05-06 00:00:00-04:00,551.6066009560054,556.9651555946843,550.6476235760448,552.4667358398438,48264700,0.0,0.0,0.0,534.5496520996094,537.5570231119792,556.5556691487631,2.8442251372351848,570.129429150212,498.96987504900676,50.14580789963033,65.18299815384573,13.886042982424042
2025-05-07 00:00:00-04:00,553.8014947566288,557.4298834610689,549.738030089525,554.7901611328125,55588000,0.0,0.0,0.0,537.7465057373047,537.0854309082031,555.8654825846354,3.346263945797773,567.8656152594019,507.6273962152074,50.69664805810399,71.64465162013761,14.336442312215146
2025-05-08 00:00:00-04:00,558.8337754612519,563.8463212534109,555.333918196641,558.6558227539062,65130800,0.0,0.0,0.0,538.5591888427734,536.9690958658854,555.2321665445963,4.009836999820891,570.0529775079315,507.06540017761535,51.61675287227385,95.06120870347414,10.132939672421253
2025-05-09 00:00:00-04:00,560.0597310271954,561.0681900796083,556.3819209310694,557.9440307617188,37603400,0.0,0.0,0.0,540.5246612548829,536.8787963867187,554.6190226236979,4.427253142487075,571.6875591146542,509.3617633951116,51.433916342451575,92.5455154409855,10.132939672393093
2025-05-12 00:00:00-04:00,574.8798371188,576.3925257137258,570.5000520977247,576.3826293945312,78993600,0.0,0.0,0.0,542.9493682861328,537.779471842448,554.2085408528645,6.1747209156551435,577.3506730490718,508.5480635231937,55.64428340363071,149.91926052661364,0.6732892187155528
2025-05-13 00:00:00-04:00,576.7977862928067,582.403567726764,576.2342995973956,580.18896484375,67947200,0.0,0.0,0.0,545.3083251953125,538.6841003417969,553.8619903564453,7.777091703509086,583.1392118097608,507.4774385808642,56.45053776700156,157.1410430032853,2.717372885757655
2025-05-14 00:00:00-04:00,581.1479585868793,582.3046813078995,578.9036666864055,580.9304809570312,66283500,0.0,0.0,0.0,547.77900390625,539.561376953125,553.4983917236328,9.003034868801592,588.1841510689028,507.3738567435971,56.60948540140364,149.9035743669151,2.7173728857522765
2025-05-15 00:00:00-04:00,578.9234551699535,584.2721134769878,578.4686469334371,583.7679443359375,71268100,0.0,0.0,0.0,550.9822845458984,540.4162434895833,553.1584259033203,10.08728331777479,592.1658780395758,509.79869105222105,57.22745806209251,145.1301283157272,3.851622738348424
2025-05-16 00:00:00-04:00,584.5489982766968,587.7621640177526,582.6013544692614,587.465576171875,76052100,0.0,0.0,0.0,554.3333709716796,542.3111857096354,552.9219807942708,11.116778706956552,595.9589162851083,512.707825658251,58.0332018329563,143.0810744936086,5.86570189414293
2025-05-19 00:00:00-04:00,581.4346564328234,588.7903364922698,581.4346564328234,588.108154296875,68168500,0.0,0.0,0.0,558.3359832763672,545.2630126953125,552.8677561442057,11.847936270196328,596.4741612216342,520.1978053311002,58.174844789606816,134.1721487576378,5.104315465177852
2025-05-20 00:00:00-04:00,586.3681900028125,587.3172711404261,582.9176935296509,586.130859375,60614500,0.0,0.0,0.0,561.57880859375,548.1785888671875,552.8254272460938,12.128028369904655,597.4077745600569,525.7498426274431,57.55646958727903,123.6386321571721,5.104315465160947
2025-05-21 00:00:00-04:00,581.7708648204313,585.8639582409971,575.2258980125081,576.2540893554688,95197700,0.0,0.0,0.0,563.9239288330078,551.0252888997396,552.6672770182291,11.421372111766004,596.8973786769501,530.9504789890656,54.55968560694488,97.12375572491942,0.028682872118410866
2025-05-22 00:00:00-04:00,576.0563267018498,579.971467292194,574.8204937262445,576.4815063476562,70860400,0.0,0.0,0.0,565.7233001708985,552.1612670898437,552.5079905192057,10.755707485971243,597.2073313701851,534.2392689716119,54.6159709822442,84.82368816397836,0.2340025916969144
2025-05-23 00:00:00-04:00,569.4519785383726,575.215919785119,569.0762805285291,572.5465087890625,76029000,0.0,0.0,0.0,567.1306640625,553.9583312988282,552.4390258789062,9.79770026751521,597.080224583625,537.1811035413751,53.43130789510021,64.89439726283348,3.9319107007171215
2025-05-27 00:00:00-04:00,579.4277528567243,584.6083553931982,571.8743267058999,584.4501953125,72588500,0.0,0.0,0.0,569.1228302001953,555.8437215169271,552.4184621175131,9.885051938486072,598.0470771541205,540.19858324627,56.39141524350175,86.83199677237124,2.1998343511302325
2025-05-28 00:00:00-04:00,584.8554566278126,586.0517646206928,580.3372442209068,581.06884765625,68445500,0.0,0.0,0.0,570.7743957519531,557.4456888834635,552.5125630696615,9.571102557825157,598.3710074665665,543.1777840373396,55.35741457495439,88.4581291298647,3.10860624887729
2025-05-29 00:00:00-04:00,586.3384441000501,586.4768718669775,579.4276761926377,583.362548828125,69973300,0.0,0.0,0.0,572.5297729492188,559.173876953125,552.7584126790365,9.399031739874886,598.514316114896,546.5452297835416,55.92453462262549,85.01267535228195,2.4877994955091496
2025-05-30 00:00:00-04:00,582.2552747565533,584.430352826958,576.6297607292682,582.7100830078125,90601200,0.0,0.0,0.0,574.0582550048828,561.2741353352865,552.891532389323,9.105058392682395,598.546155522676,549.5703544870895,55.716252619112396,73.35155582413334,0.5610990991810233
2025-06-02 00:00:00-04:00,581.0986423772898,586.0716035851324,578.4292307095351,585.9925537109375,61630500,0.0,0.0,0.0,575.3410552978515,563.4590922037761,553.2493927001954,9.032825559744651,599.4879860060477,551.1941245896554,56.55827337228974,76.21476577304712,1.6826929018498669
2025-06-03 00:00:00-04:00,585.6266079138771,590.3128764026674,585.1421107506463,589.3341064453125,63606200,0.0,0.0,0.0,576.9515899658203,566.1683654785156,553.6102121988932,9.139857312638128,600.2647861466835,553.6383937849571,57.41107077624858,89.57512368328987,4.560437527194071
2025-06-04 00:00:00-04:00,590.1943197189499,591.1730898063917,588.7409487228937,589.1759643554688,57314200,0.0,0.0,0.0,578.7870513916016,568.4317525227865,554.2204040527344,9.106940857594054,599.6333469177804,557.9407558654228,57.35594691173374,91.61259120283442,5.1429765493523645
2025-06-05 00:00:00-04:00,590.8566609128592,592.2111289512687,584.3512195951713,586.3285522460938,92278700,0.0,0.0,0.0,580.3639709472657,570.3309814453125,554.8596984863282,8.750224824460247,598.1076913420424,562.620250552489,56.34820298199683,79.72260251091038,1.8608256160512862
2025-06-06 00:00:00-04:00,591.8749474768216,594.0203968199735,590.0953601848463,592.3495483398438,66588700,0.0,0.0,0.0,582.0486572265625,572.0594970703125,555.5508768717448,8.851336169803062,597.3432050967838,566.7541093563411,57.963812244887016,96.9467430418213,3.1498671377563583
2025-06-09 00:00:00-04:00,592.9229477814916,594.4356362447949,591.7069074945726,592.8834228515625,53016400,0.0,0.0,0.0,583.7956268310547,573.6756368001302,556.373344930013,8.87227281259004,594.9070836713722,572.6841699907372,58.10603848703696,98.27738587925217,3.450953761534282
2025-06-10 00:00:00-04:00,593.4173023897237,596.6304681071312,592.3001649023746,596.2449340820312,66247000,0.0,0.0,0.0,584.7887420654297,575.3969055175781,557.0647186279297,9.05572238515174,596.636579176086,572.9409049547734,59.009395400235746,106.22808190077012,5.064735285179606
2025-06-11 00:00:00-04:00,597.3423151819753,598.2024500657004,592.4780937113569,594.5443725585938,73658200,0.0,0.0,0.0,585.5065124511718,576.9471333821615,557.6564514160157,8.96059423773761,597.9074793001527,573.105545602191,58.35092429565636,104.49312122048559,6.22604627565537
2025-06-12 00:00:00-04:00,593.2096852350186,596.9072875976562,592.7252483956809,596.9072875976562,64129000,0.0,0.0,0.0,586.3053527832031,578.5688761393229,558.3882720947265,8.972443250854212,599.498242346856,573.1124632195502,59.00841450174508,106.72584106817652,6.226046275634405
2025-06-13 00:00:00-04:00,591.7168252456129,595.0288334634262,588.731033484191,590.2338256835938,89506000,0.0,0.0,0.0,586.6286468505859,579.8386555989583,558.908491007487,8.347120663987766,599.8765079931871,573.3807857079847,56.40680701641866,79.52240908916234,2.8064737543082328
2025-06-16 00:00:00-04:00,593.5953591830877,597.599446226556,593.4173461203459,595.8494873046875,79984100,0.0,0.0,0.0,587.0478424072265,581.0224202473959,559.5492462158203,8.210044684917648,600.9229364723557,573.1727483420974,58.018058564727994,105.65509717799519,4.845848466855086
2025-06-17 00:00:00-04:00,593.4074922933922,594.9300168530282,589.9965810836336,590.7578735351562,82209400,0.0,0.0,0.0,587.1803283691406,582.1435689290364,560.1020772298177,7.602918592237188,601.1483417291199,573.2123150091613,56.07410971718139,76.69753214249612,1.9024164092829314
2025-06-18 00:00:00-04:00,591.6575507239553,594.4060120669617,589.7098464455568,590.6688842773438,76605000,0.0,0.0,0.0,587.4072296142579,583.4169738769531,560.4869984944661,7.03350819601269,601.4506929033395,573.3637663251762,56.04016076281709,71.79042071825916,1.6549527152971104
2025-06-20 00:00:00-04:00,593.3471688844512,594.4181022000307,587.8735769623825,589.2816772460938,94051400,1.761,0.0,0.0,588.0586090087891,584.5666910807291,560.8260609944662,6.3965746101984,601.0964059202865,575.0208120972916,55.49832107291155,58.684863947768456,0.04540567997461775
2025-06-23 00:00:00-04:00,590.0351674928282,595.4889076465048,586.9116980815279,595.1022338867188,87426000,0.0,0.0,0.0,588.9896453857422,585.781571451823,561.3753336588542,6.288975041531103,601.1782636757385,576.8010270957458,57.290741830933776,74.28401279264165,0.991091364047799
2025-06-24 00:00:00-04:00,599.2470472798032,602.737399696003,598.3347417480489,601.6764526367188,67735300,0.0,0.0,0.0,590.446142578125,587.2393188476562,562.0590576171875,6.6574432564895005,601.2440188878394,579.6482662684106,59.210366235098974,159.1682267198428,7.143121925850405
2025-06-25 00:00:00-04:00,602.7969444947229,603.4910690166892,600.4468830082857,602.0136108398438,62114800,0.0,0.0,0.0,591.3243133544922,588.0936848958333,562.9365783691406,6.8971566917460905,602.8979075369311,579.7507191720533,59.30739991714327,159.8145016092607,7.759605894767304
2025-06-26 00:00:00-04:00,603.8678512919777,607.1599344481853,603.2530708764845,606.7236328125,78548400,0.0,0.0,0.0,592.6070526123046,588.978173828125,563.8311370849609,7.3820945355151935,605.0489974081227,580.1651078164866,60.659849793826865,182.8457402940923,10.74375503344222
2025-06-27 00:00:00-04:00,607.7251426738447,611.2056301568862,605.6923970890058,609.738037109375,86258400,0.0,0.0,0.0,593.9258270263672,589.9384256998698,564.7499013264974,7.918370459181801,607.7558927829938,580.0957612697406,61.5068643089183,195.65764928790196,13.92051021677979
2025-06-30 00:00:00-04:00,612.1873024714439,614.0117925800773,609.8669572755672,612.6533203125,92502500,0.0,0.0,0.0,595.4229888916016,590.9012715657552,565.6587575276693,8.480850022882805,610.5618696979939,580.2841080852093,62.3185446253418,205.42028330770896,16.06407138773769
2025-07-01 00:00:00-04:00,611.1758893553448,613.625146088841,610.3429883405835,612.455078125,70030100,0.0,0.0,0.0,596.7461151123047,591.7342549641927,567.0227203369141,8.809077084638602,612.9992303011431,580.4929999234662,62.22624203580637,183.36305444557038,16.06407138768929
2025-07-02 00:00:00-04:00,612.0485440759944,615.2712091652924,611.4238380015553,615.2315673828125,66510400,0.0,0.0,0.0,598.0409881591797,592.638368733724,568.9506907145183,9.187333018721347,615.8588855919247,580.2230907264347,63.01981852731794,177.14475179919216,17.355968343253473
2025-07-03 00:00:00-04:00,617.2147368961759,621.0125406459644,617.1948857443227,620.0804443359375,51065800,0.0,0.0,0.0,599.5862121582031,593.7700215657552,570.9743052164714,9.765793430360532,619.4139578154063,579.7584665009999,64.37207045233114,192.5501518466096,21.70415421669351
2025-07-07 00:00:00-04:00,618.1169239973963,618.7813322240264,612.6731098992973,615.45947265625,74814500,0.0,0.0,0.0,601.042758178711,595.0768676757813,573.0510782877604,9.739087539899174,621.0489516464123,581.0365647110096,62.13221094458705,148.41529878643655,16.701585906013324
2025-07-08 00:00:00-04:00,616.1238907210633,616.8775081543645,614.3093261623386,615.1224365234375,59024600,0.0,0.0,0.0,602.1814025878906,596.3648986816406,574.2630828857422,9.580291295582356,622.6902564615156,581.6725487142656,61.96951833166716,132.7946272763823,16.701585905972983
2025-07-09 00:00:00-04:00,617.5319680301938,619.4655183729625,615.6875662931247,618.8110961914062,66113300,0.0,0.0,0.0,603.4777862548829,597.907051595052,575.9326914469401,9.640953228156832,624.7746564681075,582.1809160416582,63.06450867112232,134.96544637527586,18.747226301766368
2025-07-10 00:00:00-04:00,618.9499049744066,621.5974308254256,617.7699115690501,620.5562744140625,57529000,0.0,0.0,0.0,604.6933532714844,599.1105875651042,577.4771545410156,9.717828466845617,627.003147099058,582.3835594439108,63.57777105450976,133.52288911931547,20.412794614203012
2025-07-11 00:00:00-04:00,617.5022745554412,619.6044389056334,616.3024903072059,618.3748779296875,63670200,0.0,0.0,0.0,605.884878540039,600.3541219075521,578.8999053955079,9.493299336388304,628.4563576844321,583.313399395646,62.455534106261354,111.45882825176922,18.680537093596758
2025-07-14 00:00:00-04:00,617.9186632768227,619.9018415613931,616.5701165685465,619.5548095703125,51898500,0.0,0.0,0.0,607.0172546386718,601.5605305989583,580.3672037760417,9.303326053528508,629.961648742707,584.0728605346367,62.82273371713907,106.20421907994337,18.925071338278773
2025-07-15 00:00:00-04:00,622.2420420602726,622.5791484786782,616.8279435196437,616.9072875976562,74317300,0.0,0.0,0.0,608.350927734375,602.7004374186198,581.9872863769531,8.837267443172664,630.2654525246492,586.4364029441008,61.42819675000042,98.87303017484189,21.1336531136436
2025-07-16 00:00:00-04:00,618.4937831556223,619.4754466932056,612.8516386863737,618.9697265625,88987500,0.0,0.0,0.0,609.5069396972656,603.7996765136719,583.629384358724,8.535937253414886,631.081368944044,587.9325104504871,62.10606868361162,82.47726534723289,16.26745438705155
2025-07-17 00:00:00-04:00,619.1482908768893,623.1146474859103,618.9301097920578,622.7576293945312,68885700,0.0,0.0,0.0,611.1069274902344,604.9137939453125,585.5410797119141,8.50474559557972,631.5430671197159,590.6707878607529,63.33047067509931,102.27477701079015,19.335467770794427
2025-07-18 00:00:00-04:00,624.007017899032,624.175571102461,621.1909387049365,622.301513671875,65621600,0.0,0.0,0.0,612.6885589599609,606.017978922526,587.2248657226562,8.347002209479001,631.2774297182522,594.0996882016697,63.07659442736123,101.17537443623159,20.217073237526712
2025-07-21 00:00:00-04:00,623.4815063476562,626.2281670376054,623.0551302914085,623.4815063476562,63375000,0.0,0.0,0.0,614.398550415039,607.2564107259115,588.7936960856119,8.222422024026741,629.9682121261537,598.8288887039243,63.468520487701234,104.71466054727631,21.924911519278247
2025-07-22 00:00:00-04:00,623.8087114591411,624.4334174667899,620.9232136557434,623.5707397460938,60046300,0.0,0.0,0.0,615.8219757080078,608.2971171061198,590.1783070882161,8.038231984313825,628.9827361388739,602.6612152771418,63.49883011205578,91.54753707202212,19.183693172142785
2025-07-23 00:00:00-04:00,626.238071576001,628.875732421875,624.4333721871909,628.875732421875,70511000,0.0,0.0,0.0,617.1819396972656,609.4968607584635,591.5862487792969,8.225510064267041,629.7980644851929,604.5658149093384,65.27092557501585,112.23876959008355,22.919284042543925
2025-07-24 00:00:00-04:00,629.2624631630094,630.7994747941685,628.6576082944551,629.083984375,71307100,0.0,0.0,0.0,618.5354583740234,610.5914957682292,592.9942006429036,8.295112589673181,630.061005130539,607.0099116175078,65.33926096848214,118.44319018155926,24.48302817613027
2025-07-25 00:00:00-04:00,629.7484116245431,632.2174590489252,629.5005143245561,631.741455078125,56865400,0.0,0.0,0.0,619.7863494873047,611.8313985188802,594.3892659505208,8.46710525011622,631.344587720214,608.2281112543955,66.21677930413819,122.65353280637254,25.633419298308684
2025-07-28 00:00:00-04:00,632.1182610848412,632.6735486135409,630.1945756243812,631.5828247070312,54917100,0.0,0.0,0.0,620.8785888671875,612.9872497558594,595.7780629475911,8.492711831970155,632.5665912284683,609.1905865059068,66.11342010939244,119.39707898286709,26.008465673053365
2025-07-29 00:00:00-04:00,632.9809077241022,633.2982235137306,629.0046860832861,629.9169311523438,60556300,0.0,0.0,0.0,621.7417694091797,614.3100199381511,597.0743377685546,8.283099134393865,633.4219786871597,610.0615601311997,65.01098764925729,111.17820289521985,24.31640716120238
2025-07-30 00:00:00-04:00,630.5713386132512,632.3165451544952,626.2281734095909,629.1236572265625,80418900,0.0,0.0,0.0,622.5751983642579,615.4191589355469,598.2207895914713,7.9611972589153766,633.8365638790124,611.3138328495033,64.48132964374862,97.58562554334705,20.413335630926184
2025-07-31 00:00:00-04:00,634.0816044685715,634.4682782312485,625.4646925404661,626.763671875,103385200,0.0,0.0,0.0,623.1518035888672,616.6193522135417,599.381460571289,7.4300081004082585,634.0034549366717,612.3001522410627,62.90409226415155,92.72627441827595,22.367379453184363
2025-08-01 00:00:00-04:00,621.032217506902,621.0719198033348,614.0811684978922,616.49072265625,140103600,0.0,0.0,0.0,622.9723175048828,617.4800801595052,600.4485270182291,6.109667276715754,634.1516645065393,611.7929705032262,56.66285593580524,-0.1356655458241632,7.872449328449201
2025-08-04 00:00:00-04:00,620.407587614692,625.9108954798245,620.3183784803682,625.861328125,73218000,0.0,0.0,0.0,623.4924102783203,618.6994018554688,601.633046468099,5.753099064472622,634.1560539910807,612.8287665655599,60.37290562262867,53.0517058081477,12.43373486520276
2025-08-05 00:00:00-04:00,626.476110377079,627.2892207726588,621.7660617410078,622.688232421875,68051400,0.0,0.0,0.0,623.8707000732422,619.6189351399739,602.7002532958984,5.155049678967657,633.795324842433,613.9460753040514,58.61511228480848,46.97196922444555,13.692851742542794
2025-08-06 00:00:00-04:00,623.7590952688204,628.1121858315174,622.8468502662965,627.457763671875,64357500,0.0,0.0,0.0,624.3030334472656,620.4783121744791,603.8588155110677,5.008220890563848,634.0513993641778,614.5546675303535,60.40758879050094,65.1727323865643,14.452633377115935
2025-08-07 00:00:00-04:00,630.8886820702932,631.62244837055,623.8186464662513,626.9322509765625,74205800,0.0,0.0,0.0,624.6218322753906,621.3089335123698,604.7013092041016,4.794189107538045,634.2708023152695,614.9728622355117,60.110835716027935,74.9197382559218,17.651379784436863
2025-08-08 00:00:00-04:00,628.7269865749256,632.2868180975779,628.4096707981653,631.8207397460938,64051600,0.0,0.0,0.0,625.2941253662109,622.1455037434896,605.5618387858073,4.961830671027087,634.9840303531982,615.6042203792235,61.91141888868057,109.08723660752507,18.249867339640584
2025-08-11 00:00:00-04:00,632.0984361099556,633.5758942477272,629.3219380955197,630.5713500976562,58742300,0.0,0.0,0.0,625.8449523925781,622.8399475097656,606.3891866048177,4.936962286751054,635.41286890583,616.2770358793261,61.18125031663541,107.21406662219233,19.425277955360492
2025-08-12 00:00:00-04:00,632.9214074238032,637.4430514601922,631.4340237207567,637.284423828125,64730800,0.0,0.0,0.0,626.8638092041016,623.6609842936198,607.2811279296875,5.396732684557946,636.7585940730409,616.9690243351623,63.56942027883974,149.34293190891847,22.867015806465517
2025-08-13 00:00:00-04:00,639.4857330110176,640.7549961752953,637.2745085703324,639.4659423828125,60092800,0.0,0.0,0.0,627.8886199951172,624.5613464355469,608.1478006998698,5.869474702193088,638.5563245562413,617.2209154339931,64.30759680353167,180.49406866836273,25.679574954546766
2025-08-14 00:00:00-04:00,637.3835243153912,640.1897383639256,636.9373576458678,639.525390625,59327500,0.0,0.0,0.0,628.7270080566407,625.3711405436198,609.0047546386719,6.177710334164999,640.2944678440331,617.1595482692483,64.3279731021911,161.2318665277803,25.198817209583286
2025-08-15 00:00:00-04:00,640.5566162061228,640.6558114265956,637.1158311699311,638.028076171875,68592500,0.0,0.0,0.0,629.5133361816406,625.969394938151,609.8697082519532,6.229360342051336,641.37602203864,617.6506503246412,63.3851412937528,143.87409684981827,25.605779052354542
2025-08-18 00:00:00-04:00,637.4530415771111,638.5834678311134,636.778768159409,637.8893432617188,43804900,0.0,0.0,0.0,630.2337280273438,626.7170572916667,610.896962483724,6.187769998222734,642.3022253829529,618.1652306717347,63.29622079796284,125.2474779932275,25.09659935418309
2025-08-19 00:00:00-04:00,637.7108075589789,638.6924711313014,633.1098193903536,634.4286499023438,69750700,0.0,0.0,0.0,630.7766235351562,627.3605977376302,611.8627482096355,5.8086023668601,642.5565192639361,618.9967278063763,61.08488324657491,93.51542699869528,19.6355570259692
2025-08-20 00:00:00-04:00,634.0221086228163,634.2798709561484,627.6263466835007,632.742919921875,88890300,0.0,0.0,0.0,630.9699829101562,627.8249918619791,612.8660217285156,5.310864624565966,642.7454561585054,619.194509661807,60.028114141784044,45.82658943624894,12.07137396732354
2025-08-21 00:00:00-04:00,630.928430107967,632.6041578211218,628.4791732160404,630.2045288085938,54805800,0.0,0.0,0.0,631.026010131836,628.1466003417969,613.6285939534505,4.657883744790865,642.7743319118573,619.2776883518146,58.45287667186397,29.481579404694582,12.07137396726214
2025-08-22 00:00:00-04:00,632.3959596753498,641.0624398986112,631.8902394824283,639.8824462890625,84083200,0.0,0.0,0.0,631.4330596923828,628.8635192871094,614.6088205973307,4.865235347456974,643.8318743226013,619.0342450621644,62.34966496744086,111.12656956471083,20.38117301054516
2025-08-25 00:00:00-04:00,638.6230864860744,639.8625729858918,636.9472983174492,637.0662841796875,51274300,0.0,0.0,0.0,631.7072326660157,629.4472351074219,615.5038828531901,4.747594920906749,644.3599023846276,619.0545629474037,60.63765133923377,109.88914181395991,20.381173010476015
2025-08-26 00:00:00-04:00,636.7985773675441,640.0807351008626,636.1738713484165,639.733642578125,51581600,0.0,0.0,0.0,632.1980682373047,630.2081136067708,616.4542755126953,4.814103576665502,645.311560105934,619.0845763686755,61.66891840076979,112.49486058835315,19.278099121154373
2025-08-27 00:00:00-04:00,639.148612992103,641.9250504526357,638.9998504138363,641.1912841796875,48341100,0.0,0.0,0.0,632.8014495849609,630.9488321940104,617.3742543538411,4.92762902074162,646.4201053390537,619.182793830868,62.228352213811434,132.6895052233897,21.062403972822786
2025-08-28 00:00:00-04:00,641.7961126896905,644.0172625669782,639.9121297324674,643.4619750976562,61519500,0.0,0.0,0.0,633.6363647460937,631.6389770507812,618.2763854980469,5.141555877553856,647.7354304457217,619.5372990464657,63.09630873714076,143.4495205431391,23.058279071626256
2025-08-29 00:00:00-04:00,642.0242015644989,642.3911452321481,637.7306640961879,639.6245727539062,74522200,0.0,0.0,0.0,634.7930572509765,632.2164123535156,619.1171956380208,4.944451594044381,646.5748379765973,623.0112765253557,60.65943530221356,100.89359457248607,19.791341668226572
2025-09-02 00:00:00-04:00,632.138105251538,635.1029472303277,629.5797882088864,634.8848266601562,81983500,0.0,0.0,0.0,635.2442321777344,632.596523030599,619.9264668782552,4.355578730892603,646.2515087778595,624.2369555776093,57.80678313135468,11.423933014883312,8.642985660068456
2025-09-03 00:00:00-04:00,637.2645539172183,638.7916398746721,635.0731807265284,638.3255615234375,70820900,0.0,0.0,0.0,636.0260986328125,633.0883504231771,620.6927337646484,4.119049454201786,645.3746230175425,626.6775742480825,59.24604431856031,62.188111330321874,12.457134227480513
2025-09-04 00:00:00-04:00,638.9998582812316,643.6901160802078,638.0975387911232,643.6603393554688,65219200,0.0,0.0,0.0,636.8362274169922,633.5811706542969,621.5390157063802,4.312360082093846,645.8609292873977,627.8115255465867,61.36012277483627,112.66637539392251,17.205756652408468
2025-09-05 00:00:00-04:00,646.0004708304714,646.7243720544352,637.9190556866993,641.796142578125,85178900,0.0,0.0,0.0,637.5794219970703,634.0049092610677,622.2982025146484,4.265959719063403,645.557420079719,629.6014239144216,60.23067096740491,107.8483475092013,19.986894257682412
2025-09-08 00:00:00-04:00,643.1645472258064,644.3743174556171,641.7862237872296,643.372802734375,63133100,0.0,0.0,0.0,638.1570251464843,634.3926208496093,623.1120096842448,4.3067646924690735,646.0518400313846,630.2622102615841,60.860990709590844,111.55110723338419,19.986894257623177
2025-09-09 00:00:00-04:00,643.5115612591451,645.3856792185645,641.7762803015634,644.8601684570312,66133900,0.0,0.0,0.0,638.8714660644531,634.8351989746094,623.9112243652344,4.408304718540421,646.4559326363703,631.2869994925359,61.45714606261858,112.73792071314003,20.9342466952589
2025-09-10 00:00:00-04:00,648.1224181044277,649.0445886413597,645.157576582919,646.7243041992188,78034500,0.0,0.0,0.0,639.3434600830078,635.3954447428385,624.8527323404948,4.586327764342968,647.6523954033339,631.0345247626817,62.20356639986927,137.18618207262037,24.289127430119613
2025-09-11 00:00:00-04:00,648.6778210448584,652.7929404681626,648.092817304151,652.0988159179688,69934400,0.0,0.0,0.0,639.9751037597656,636.1612833658854,625.7902211507161,5.102274643725764,650.0551732574634,629.8950342620678,64.26746411678343,169.4182145507028,27.547164384318677
2025-09-12 00:00:00-04:00,652.0689585463732,653.5662677492645,651.3748946038203,651.8805541992188,72780100,0.0,0.0,0.0,640.5928619384765,636.9985127766927,626.8089324951172,5.430949758057295,651.9857688734533,629.1999550034998,64.1203700411022,170.3310434797435,28.206533976934754
2025-09-15 00:00:00-04:00,654.0918582328915,655.4800466805781,653.7943936028013,655.3511352539062,63772400,0.0,0.0,0.0,641.4590148925781,638.2938598632812,627.8869700113933,5.903423054183236,654.5398658745884,628.3781639105679,65.42218553236643,195.14064450331247,29.841120328011044
2025-09-16 00:00:00-04:00,655.9064595692537,656.213910313041,653.6655188822047,654.4488525390625,61169000,0.0,0.0,0.0,642.2869903564454,639.24677734375,628.9730895996094,6.134341994930423,656.4666541162405,628.1073265966502,64.78995875492416,180.48501011760882,30.469102961703243
2025-09-17 00:00:00-04:00,654.4587781451693,656.1543568928759,648.7967821934204,653.6357421875,101952200,0.0,0.0,0.0,643.2473449707031,640.2783610026041,629.9486480712891,6.180490857842074,657.7832796760201,628.7114102653861,64.21147575820466,145.99355353750482,22.918094025516176
2025-09-18 00:00:00-04:00,656.3228752027601,659.2976422819312,654.716505821751,656.6897583007812,90459200,0.0,0.0,0.0,644.4446868896484,641.2527608235677,630.8655364990234,6.389839647133272,659.279401627721,629.6099721515759,65.41141907225742,172.40250374883217,25.78669323175656
2025-09-19 00:00:00-04:00,658.5800832029405,660.7874850308027,656.6311583459587,659.9423217773438,97945600,1.831,0.0,0.0,645.9315765380859,642.353096516927,631.8310150146484,6.740504421521564,660.7178033075198,631.145349768652,66.64359820596519,176.12306126972234,27.116614229835005
2025-09-22 00:00:00-04:00,658.4507703315647,663.5119177999496,658.4209110544651,663.0645141601562,69452200,0.0,0.0,0.0,647.0906799316406,643.3945556640625,632.770029703776,7.187490694995745,663.4329373684341,630.7484224948471,67.78326974309704,177.73682242031032,29.506366467878276
2025-09-23 00:00:00-04:00,662.9452156846509,663.5617612775759,658.2320617574377,659.4551391601562,81708900,0.0,0.0,0.0,648.2101226806641,644.3573486328125,633.5986480712891,7.1678575395126245,664.7274682465242,631.692777114804,65.1223829834619,147.524613171804,29.202587234129325
2025-09-24 00:00:00-04:00,660.7477220570149,660.8471316064555,655.9350982101993,657.3569946289062,68082200,0.0,0.0,0.0,649.0912902832031,645.0264343261719,634.3437093098959,6.9034170985128185,665.5849462962108,632.5976342701954,63.62052867792898,113.77992068595272,25.4986136644213
2025-09-25 00:00:00-04:00,654.2149171420698,655.6765652531099,650.7048739536411,654.3242797851562,89622100,0.0,0.0,0.0,649.7479400634766,645.5217122395833,635.0415293375651,6.375637026450136,665.9606288902576,633.5352512366956,61.499773818465535,69.77711190486228,17.55998213914938
2025-09-26 00:00:00-04:00,655.7760789419195,658.619871988132,654.1553026157394,658.072998046875,69179200,0.0,0.0,0.0,650.4784912109375,646.1399658203125,635.7555531819661,6.188520340994614,666.8148420919829,634.1421403298921,63.07376643637436,89.8153372258676,20.488026937514455
2025-09-29 00:00:00-04:00,660.5985670660314,661.5134019828115,658.112721358766,659.9224243164062,73499000,0.0,0.0,0.0,651.4933837890625,646.8697774251302,636.4195861816406,6.118927080831099,667.509447424262,635.4773201538629,63.82848253853814,103.88808766361177,23.259927005253157
2025-09-30 00:00:00-04:00,659.1766647693167,662.8756347075731,657.8641309647478,662.4082641601562,86288000,0.0,0.0,0.0,652.8695556640625,647.6870747884115,637.2020660400391,6.1929716983715934,667.5511328148398,638.1879785132853,64.82803281210599,104.57380894511262,24.541083494809786
2025-10-01 00:00:00-04:00,659.4153308150761,665.5802405756418,659.3059681646932,664.6654663085938,72545400,0.0,0.0,0.0,654.1865509033203,648.6949686686198,638.027783203125,6.36047039690834,668.0792417072863,640.2938600993542,65.71790140783148,111.96322090072175,27.042721865938713
2025-10-02 00:00:00-04:00,666.6540464714482,666.7733621981591,663.004842335434,665.4309692382812,56896000,0.0,0.0,0.0,655.2750823974609,649.7845703125,638.8047810872396,6.480283338621234,669.1065520251746,641.4436127697472,66.01952019334618,118.5336049586364,28.130061516054376
2025-10-03 00:00:00-04:00,666.1966948783695,668.8714672806448,664.377038831869,665.421142578125,70494400,0.0,0.0,0.0,656.456332397461,650.9584574381511,639.5525288899739,6.499520601106042,669.4508580430648,643.4618067518571,66.01180769738566,121.26424284818881,30.027168515465746
2025-10-06 00:00:00-04:00,667.8174482099862,668.7024238148077,665.669704301124,667.8074951171875,54623300,0.0,0.0,0.0,657.6780670166015,651.8892923990885,640.376405843099,6.630888224674891,670.074089270242,645.282044762961,66.98084493184746,123.0806304241165,30.027168515337515
2025-10-07 00:00:00-04:00,668.7322238208072,669.1796881705657,663.8898014056139,665.3316040039062,72020100,0.0,0.0,0.0,658.7016387939453,652.8314697265625,641.1393524169922,6.460738915304091,669.9707453096954,647.4325322781953,64.99203745126334,107.85626985546249,26.984115360653625
2025-10-08 00:00:00-04:00,666.4552183740389,669.398481470165,665.6299006256374,669.2990112304688,60702200,0.0,0.0,0.0,659.8303741455078,653.816982014974,642.0125478108724,6.570292723297143,670.5574427752372,649.1033055157784,66.63429376712,116.97985452958363,27.200767607796372
2025-10-09 00:00:00-04:00,669.7166839203261,670.1243359074817,665.4211353124821,667.3600463867188,66501900,0.0,0.0,0.0,660.5934356689453,654.6892740885417,642.8190531412761,6.426575089906578,671.1750107208549,650.0118606170357,65.09053874745297,107.10490735315251,27.934624329946818
2025-10-10 00:00:00-04:00,668.324542434099,670.1342452495495,649.14378031214,649.32275390625,159422600,0.0,0.0,0.0,660.4655456542969,654.8846333821615,643.2618052164713,4.8018661469004655,671.5408198414665,649.3902714671273,53.22425242196874,12.406803477137771,3.687129095942372
2025-10-13 00:00:00-04:00,656.9095884512618,661.3642043859337,656.0345659370097,659.2860107421875,79560500,0.0,0.0,0.0,660.6622894287109,655.5400146484375,643.8782135009766,4.26901363263255,671.4921022145209,649.8324766429009,57.63725596335401,31.626467865252767,3.6871290958888894
2025-10-14 00:00:00-04:00,653.4492417720955,662.0602448848334,649.4718888267987,658.4805908203125,88779600,0.0,0.0,0.0,660.8638763427734,656.3265401204427,644.4615315755208,3.738636841274456,671.351395529556,650.3763571559908,57.186077721553566,5.307258326042607,4.150961192506778
2025-10-15 00:00:00-04:00,663.0446741742268,666.4353410824248,655.1993304017814,661.4039916992188,81702600,0.0,0.0,0.0,661.2522888183594,657.0958211263021,645.0920857747395,3.513699689196983,671.1727280594864,651.3318495772323,58.40854769034537,45.41947179329473,1.00972858546731
2025-10-16 00:00:00-04:00,663.0446615126489,664.9239754340409,653.3896149312258,656.899658203125,110563300,0.0,0.0,0.0,661.2627838134765,657.5371317545573,645.559151204427,2.9381046650695453,671.1633239438845,651.3622436830685,55.86601638765892,11.1388768054976,1.087480283251498
2025-10-17 00:00:00-04:00,655.7660892614911,661.9906565438909,654.4138037793879,660.62841796875,96500900,0.0,0.0,0.0,661.2970886230469,658.1648742675782,646.084891764323,2.751108149805077,671.1831081433224,651.4110691027713,57.45209674493969,12.937831299271513,1.0874802832417116
2025-10-20 00:00:00-04:00,663.5418206897375,668.4041493887289,663.4921159142255,667.499267578125,60493400,0.0,0.0,0.0,661.5188262939453,658.9690897623698,646.6808553059896,3.121351211815181,671.7641686827706,651.27348390512,60.179962640265686,109.08989510050928,6.291373160093861
2025-10-21 00:00:00-04:00,667.6384328159621,669.1796448635298,666.1866772188026,667.4892578125,56249000,0.0,0.0,0.0,661.9205322265625,659.7233927408854,647.2792958577473,3.3750582310972277,672.4512225919045,651.3898418612205,60.17414841935373,119.03970596298953,7.139247751664916
2025-10-22 00:00:00-04:00,668.1953369980629,668.1953369980629,659.5445816579371,664.0191040039062,80564000,0.0,0.0,0.0,662.2536376953125,660.2998860677084,647.8476654052735,3.2585479482983146,672.5963165806436,651.9109588099814,58.159010852960186,59.01755359044033,0.8124238017011439
2025-10-23 00:00:00-04:00,664.3372592841532,668.9012985038863,664.019063764971,667.9566650390625,65604500,0.0,0.0,0.0,662.9352569580078,660.8284810384115,648.4948822021485,3.4442379466499915,672.8662821197482,653.0042317962674,59.74154707401406,99.97794771242437,0.00358236358587332
2025-10-24 00:00:00-04:00,672.6300829996666,674.628651928334,671.8246714345047,673.4155883789062,74356500,0.0,0.0,0.0,663.7023864746094,661.5463155110677,649.2724141438802,3.985940656837329,674.3932189437273,653.0115540054915,61.81297802297214,181.8067669992192,6.364450143262366
2025-10-27 00:00:00-04:00,678.8645527756448,681.658640907831,678.2580209918731,681.3603515625,63339800,0.0,0.0,0.0,664.774282836914,662.4132893880209,650.353574625651,4.998698069415127,677.8926299775887,651.6559356962393,64.55848689661528,248.7149223870121,13.362272243629288
2025-10-28 00:00:00-04:00,683.1600908523567,685.0095454543999,680.9526890414517,683.1700439453125,61738100,0.0,0.0,0.0,665.8123718261719,663.3706624348958,651.3087198893229,5.879566681665779,681.227236886794,650.3975067655498,65.14891954769016,246.02725279029434,16.44151110588111
2025-10-29 00:00:00-04:00,684.8205950917289,685.795087823854,679.0037407351697,683.4981689453125,85657100,0.0,0.0,0.0,666.7540069580078,664.3660766601563,652.3222188313802,6.528877512555368,684.0588544749062,649.4491594411095,65.25748139607417,214.55057738765717,14.00360799244792
2025-10-30 00:00:00-04:00,680.0279207971732,682.0563488815194,675.98095703125,675.98095703125,76335800,0.0,0.0,0.0,667.2815063476562,665.0091166178386,653.1309387207032,6.3635300334974545,685.053426054077,649.5095866412354,60.77107481156351,144.79625689551187,10.29843930234522
2025-10-31 00:00:00-04:00,681.1614729090464,681.2012852815519,675.3943230278239,678.1983642578125,87164100,0.0,0.0,0.0,667.9203674316407,665.6176513671875,653.9853739420573,6.338352613180746,686.3183039940152,649.5224308692661,61.577139574252826,134.2788694118895,9.583420178514338
2025-11-03 00:00:00-05:00,681.7878948104295,681.9171636388411,676.0903560257897,679.4711303710938,57315000,0.0,0.0,0.0,668.503549194336,666.1645385742188,654.7795471191406,6.347925975380463,687.6121292252227,649.3949691634492,62.04028025173225,130.8426672548467,10.31734571759806
2025-11-04 00:00:00-05:00,672.2820616639051,676.1103005794487,670.7607556049009,671.4169921875,78427000,0.0,0.0,0.0,668.8078186035157,666.5632670084635,655.460307820638,5.640590082396898,687.8975238070564,649.718113399975,57.50288514603956,61.97817946167447,3.8266473166148933
2025-11-05 00:00:00-05:00,671.1583975728993,677.0051112074705,670.3529860359731,673.7437133789062,74402400,0.0,0.0,0.0,669.0300537109375,667.1094909667969,656.0679626464844,5.207736699089992,688.2468995596823,649.8132078621927,58.41185795443233,66.14774849713424,4.799498923754925
2025-11-06 00:00:00-05:00,672.6399897028363,673.5448715272548,664.9338680034818,666.514892578125,85035300,0.0,0.0,0.0,668.9877960205079,667.5158447265625,656.5187784830729,4.2326010591252725,688.2238117344125,649.7517803066032,54.65465243016366,8.225593277196026,1.4462663662027984
2025-11-07 00:00:00-05:00,664.1284090392404,667.2805048704689,657.4663915648358,667.1710815429688,100592400,0.0,0.0,0.0,669.8802124023438,667.8191141764323,656.9795399983724,3.472716688153241,686.7903392826148,652.9700855220727,54.92690128927749,-41.325310387572564,9.163396897642599
2025-11-10 00:00:00-05:00,673.4056760856186,678.317709828293,671.2082272333661,677.5819091796875,75842900,0.0,0.0,0.0,670.7950073242188,668.407763671875,657.6387705485026,3.668283939031312,687.2658165090193,654.3241981394183,58.970000816099876,78.60552200807179,2.508897895895805
2025-11-11 00:00:00-05:00,676.1002762110339,679.6997756663966,674.8871520395073,679.1329956054688,58953400,0.0,0.0,0.0,671.8276275634765,668.965254720052,658.3261647542317,3.903435728652994,687.623476390479,656.031778736474,59.52951286795766,92.7244637937398,3.8407716396050455
2025-11-12 00:00:00-05:00,680.9128544582501,681.081935653801,677.0946296424269,679.5108642578125,62312500,0.0,0.0,0.0,672.7329711914062,669.4601013183594,659.0775349934896,4.073331231493398,688.0826085302675,657.383333852545,59.66811966620498,96.89491343526056,5.180901062182886
2025-11-13 00:00:00-05:00,676.6471697129602,677.0051169124795,666.723693536663,668.2350463867188,103457800,0.0,0.0,0.0,673.2997406005859,669.5535705566406,659.6690704345704,3.2605250718481784,686.9284020915247,659.671079109647,53.96290647965284,10.572706882758062,5.086630856448681
2025-11-14 00:00:00-05:00,661.6128286383953,671.8345948923219,659.5147893727298,668.125732421875,96846700,0.0,0.0,0.0,673.6746063232422,669.6437235514323,660.3010904947917,2.5778339459067183,686.2038514708934,661.145361175591,53.911210180119475,-31.11149591014913,11.312046575999771
2025-11-17 00:00:00-05:00,665.9083353081996,669.8956413839408,658.4209391867944,661.901123046875,90456100,0.0,0.0,0.0,673.3946990966797,669.4468444824219,660.6680684407552,1.5170349205005778,686.7290833213232,660.0603148720362,51.031415961082025,-59.59560505413619,12.215839585005602
2025-11-18 00:00:00-05:00,658.351356546523,661.3542775984923,652.1466953365565,656.3428344726562,114467500,0.0,0.0,0.0,672.8373779296875,669.1472188313802,660.9893442789713,0.22524018617923502,688.0153208963469,657.659434963028,48.63173037829815,-118.40413022307236,17.221362173953267
2025-11-19 00:00:00-05:00,657.0389163187169,663.561773390439,655.020380360944,658.87841796875,94703000,0.0,0.0,0.0,672.5803436279297,668.7998657226562,661.3084238688151,-0.5871477761924098,688.5409962384911,656.6196910173683,49.74689681784415,-88.37369396411643,14.838050584101069
2025-11-20 00:00:00-05:00,669.1001291109939,671.7351497651099,648.1991802397498,648.8355712890625,165293500,0.0,0.0,0.0,671.6242889404297,668.182383219401,661.4358286539714,-2.0180816952200757,690.7316396849823,652.5169381958771,45.68335340746205,-106.52144488895577,6.541142455689559
2025-11-21 00:00:00-05:00,651.3412595795126,660.7874729698119,647.1650267848305,655.2987670898438,123956200,0.0,0.0,0.0,670.7184478759766,668.3815836588542,661.6331085205078,-2.6006031155329765,691.1407499194859,650.2961458324673,48.48483480383688,-121.22224576594806,7.41667039743844
2025-11-24 00:00:00-05:00,658.9380055466532,666.2662734630499,657.8442577670318,664.9437866210938,80437900,0.0,0.0,0.0,669.8976196289062,668.5701761881511,662.0550954182943,-2.2579547715128,689.8328089176943,649.9624303401182,52.28407860067995,-48.69147949352718,2.171000644506719
2025-11-25 00:00:00-05:00,664.8443455838128,672.3814460202411,660.7178178396566,671.1981811523438,81077100,0.0,0.0,0.0,669.2990264892578,668.9940958658855,662.6603179931641,-1.4648403539441688,688.2508982479987,650.3471547305169,54.53344169583681,-7.6898695724443735,3.2825646604874326
2025-11-26 00:00:00-05:00,673.7934667684052,677.8404309302599,672.8885849296569,675.8318481445312,71879600,0.0,0.0,0.0,668.9157104492188,669.4750244140625,663.2854227701823,-0.45712382394879114,686.9460786538258,650.8853422446117,56.11883564495769,56.19888720169503,7.826033782920493
2025-11-28 00:00:00-05:00,677.0051081523229,679.7991961322198,676.6471609574353,679.5208129882812,49212000,0.0,0.0,0.0,669.0927032470703,670.229062906901,663.8830973307291,0.6318834600100445,687.4810365344074,650.7043699597332,57.34381859642504,79.51261370674494,9.40574324156089
2025-12-01 00:00:00-05:00,674.9667623359846,679.1230890446475,674.8971513739515,676.4185180664062,61201200,0.0,0.0,0.0,669.0037109375,670.7553995768229,664.4601369222005,1.2304168259249764,687.222945498005,650.7844763769951,55.9841935671421,58.374367111814486,7.699797811310514
2025-12-02 00:00:00-05:00,678.0591325179204,679.9483994968172,675.4838303983408,677.67138671875,62953800,0.0,0.0,0.0,668.9137237548828,671.0944702148438,665.0317799886068,1.7852753176301803,686.9319437315162,650.8955037782493,56.415917541621944,62.6605060915654,8.3966434345071
2025-12-03 00:00:00-05:00,676.7167950740063,681.0321891246488,675.8417725523884,680.0180053710938,57238500,0.0,0.0,0.0,669.3437744140625,671.5120951334635,665.6177439371745,2.386843141601844,688.0123916990165,650.6751571291086,57.228765870532314,70.0357342526857,9.326604370886674
2025-12-04 00:00:00-05:00,681.4199577792665,681.4895687361658,677.4824173401821,680.51513671875,61970300,0.0,0.0,0.0,669.6823455810547,672.061962890625,666.1809244791667,2.870613673682101,688.9237718493042,650.4409193128052,57.402871902380085,73.94791317974492,9.726703575245693
2025-12-05 00:00:00-05:00,681.5890143183475,684.4925257185774,680.7040993957534,681.8078002929688,79241000,0.0,0.0,0.0,670.4469909667969,672.5236673990886,666.67607421875,3.3200410859483327,690.3620978753437,650.5318840582501,57.86424307370221,92.16086260964995,12.353450295324672
2025-12-08 00:00:00-05:00,682.7027235077143,682.7524282821314,677.7111260885928,679.7594604492188,55231500,0.0,0.0,0.0,671.0764099121094,672.7351298014323,667.14072265625,3.4709210244225233,691.3480997190305,650.8047201051883,56.85481096981871,67.3322059544576,9.080912661307275
2025-12-09 00:00:00-05:00,679.2821528162136,681.5094606319436,678.7253258622812,679.1727294921875,58310100,0.0,0.0,0.0,671.1559509277344,672.6622090657552,667.537749226888,3.5027723981712597,691.5472494888576,650.7646523666111,56.562425954450816,65.17315528307071,9.080912661281832
2025-12-10 00:00:00-05:00,678.6955405173951,685.0692222502689,677.4526176554032,683.6771850585938,85671300,0.0,0.0,0.0,671.3831604003906,672.6791137695312,668.0248881022136,3.8471393327797614,692.244555621794,650.5217651789872,58.266917744962846,86.49505747188086,12.331099893117203
2025-12-11 00:00:00-05:00,681.2609148661827,685.3476304583654,678.3076987410943,685.26806640625,86173700,0.0,0.0,0.0,671.6710205078125,672.7381103515625,668.5520935058594,4.200008356770127,693.1542495909872,650.1877914246378,58.856774325717126,94.71127043874003,12.583930103052124
2025-12-12 00:00:00-05:00,684.2737056052856,684.9797075791527,675.3246617594549,677.9000244140625,113160300,0.0,0.0,0.0,672.1542694091797,672.802079264323,668.9055979410807,3.8408453151433832,693.7466041003838,650.5619347179756,55.123899241331266,61.17915281908852,9.096588919528706
2025-12-15 00:00:00-05:00,681.8574988128718,681.8774049984522,675.4042533093998,676.8758544921875,90811000,0.0,0.0,0.0,672.5917755126953,672.7579956054688,669.1878234863282,3.4339792880197137,694.1950081234165,650.9885429019741,54.62571803409969,48.94658915987285,9.096588919465452
2025-12-16 00:00:00-05:00,675.3843754405706,677.2239376857725,671.1584377196804,675.0264282226562,122030600,0.0,0.0,0.0,673.2480407714844,672.6098388671875,669.3871887207031,2.928543361643733,694.2735750383392,652.2225065046296,53.71881245100814,17.880316331283282,4.181216142834205
2025-12-17 00:00:00-05:00,676.0406154817738,676.5874893555698,667.3998140691156,667.5986938476562,110625200,0.0,0.0,0.0,673.8108337402343,672.4825622558594,669.5229146321615,1.906647020618152,693.4905940371173,654.1310734433514,50.25251880726757,-17.870328853653294,0.05296396865014975
2025-12-18 00:00:00-05:00,673.7635606688432,676.8857972779194,671.0788959983324,672.6399536132812,108650100,0.0,0.0,0.0,674.498910522461,672.4457702636719,669.7776306152343,1.4864395892021776,692.9012359573942,656.0965850875277,52.408639351839376,9.839272587047443,0.377076096075906
2025-12-19 00:00:00-05:00,674.747283458469,679.2350273728672,674.6275542880097,678.7363891601562,103599500,1.993,0.0,0.0,675.9939514160156,672.8531534830729,670.1844991048177,1.6266031029238093,689.9352781733959,662.0526246586354,54.85634305797103,44.124229538982135,2.9412304717621014
2025-12-22 00:00:00-05:00,682.0772531068674,683.4933686131409,678.7364013691785,682.96484375,69556700,0.0,0.0,0.0,677.3772552490234,673.3796122233073,670.5993631998698,2.0551936510075848,687.6907099929958,667.063800505051,56.46298219665402,79.68113593881445,7.409991883379012
2025-12-23 00:00:00-05:00,682.0572680421344,686.325640311278,682.0074163952171,686.0863037109375,64840000,0.0,0.0,0.0,678.4343811035156,673.6630920410156,671.0354278564453,2.616568309199124,687.6585026635912,669.2102595434401,57.61493274678438,102.96821947198505,10.253075741511159
2025-12-24 00:00:00-05:00,686.0763204450832,688.9484813838191,685.9267046355759,688.4996948242188,39445600,0.0,0.0,0.0,679.2994567871094,673.9753153483073,671.4702850341797,3.2190945454890425,688.903532894707,669.6953806795118,58.49332065053338,123.3842170446026,12.817645181377488
2025-12-26 00:00:00-05:00,688.758988861415,689.7761694005526,687.392725060237,688.4298706054688,41613300,0.0,0.0,0.0,679.9293579101562,674.2726155598958,671.8663584391276,3.648904399257617,690.2048930682793,669.6538227520332,58.45706196242065,123.47325210361525,13.623411086593864
2025-12-29 00:00:00-05:00,685.6674092439482,687.322922191004,684.2014421207446,685.9765625,62559500,0.0,0.0,0.0,680.2521453857422,674.8639994303386,672.2087849934895,3.7483615651726723,690.8734189494124,669.630871822072,57.1690031456614,94.22045313197223,9.583719330777189
2025-12-30 00:00:00-05:00,685.5777200962995,686.6846823672308,684.7100944386586,685.138916015625,47160700,0.0,0.0,0.0,680.6881652832031,675.4311055501302,672.5374145507812,3.7167466728748195,691.3626400937916,670.0136904726147,56.72750959698273,87.52661313218357,9.583719330755386
2025-12-31 00:00:00-05:00,685.2685588951464,685.4879304984822,679.8533550408816,680.062744140625,74144800,0.0,0.0,0.0,680.8077331542969,676.0364929199219,672.7416687011719,3.2446842951727604,691.3931275453947,670.2223387631991,54.10797678574743,52.66791790666215,3.5857215017864887
2026-01-02 00:00:00-05:00,683.842447277036,684.999261161205,677.9684744567207,681.309326171875,89377200,0.0,0.0,0.0,680.8722991943359,676.8687093098958,673.007964070638,2.937300835988367,691.4531635365526,670.2914348521193,54.640097345576855,46.749641205138296,1.3584030043986166
2026-01-05 00:00:00-05:00,684.6701449336617,687.5522884526621,684.5106074856512,685.846923828125,71927200,0.0,0.0,0.0,681.1388885498047,677.7676595052084,673.2837626139323,3.0249734278838787,691.9480728133839,670.3297042862256,56.53773617216873,93.35876983328893,4.243404216373109
2026-01-06 00:00:00-05:00,686.0563439630641,690.4344019511112,685.9067890249802,689.92578125,69273800,0.0,0.0,0.0,681.5447875976563,679.1373331705729,673.659858194987,3.384569088488547,693.047187034046,670.0423881612666,58.16521295953262,126.7432515735561,7.406027759380687
2026-01-07 00:00:00-05:00,690.3047811958188,692.0699799720542,687.4426026835383,687.701904296875,75588300,0.0,0.0,0.0,681.9419097900391,680.2174377441406,674.2995107014974,3.4503297028043107,693.7296664899729,670.1541530901052,56.96216095215114,132.36980113780626,9.167212391519582
2026-01-08 00:00:00-05:00,686.9439569075789,688.7390423054183,685.6175622141362,687.632080078125,64019200,0.0,0.0,0.0,682.364877319336,680.9737141927084,674.7719451904297,3.456961531865886,694.3398502198536,670.3899044188183,56.92391949227417,102.38121515482729,6.82186690967983
2026-01-09 00:00:00-05:00,688.7489932725086,693.4162394407576,687.3029303433501,692.1796264648438,80125500,0.0,0.0,0.0,682.7899993896484,681.673095703125,675.3335957845052,3.785529069451627,695.5397565352577,670.0402422440392,58.78800551085645,152.20236076603626,11.843066805874669
2026-01-12 00:00:00-05:00,688.7988836287034,694.1941832506386,688.7490319805348,693.2666625976562,63976000,0.0,0.0,0.0,683.1899291992188,682.2542561848958,675.8646402994792,4.086528979072682,696.7434351610739,669.6364232373637,59.22434131756935,154.91582531244984,12.652959557555972
2026-01-13 00:00:00-05:00,693.595779418591,694.194181802135,689.467040360938,691.8804931640625,78309700,0.0,0.0,0.0,683.8889526367187,682.6662455240886,676.4476542154948,4.165207369639347,697.7326924143283,670.0452128591091,58.408568226451195,136.48975153515872,12.6529595574829
2026-01-14 00:00:00-05:00,689.1180078469732,689.8360176539858,684.1714948792828,688.479736328125,94676700,0.0,0.0,0.0,684.4691467285156,683.0682861328125,676.9118428548177,3.908097787078077,698.0453846232359,670.8929088337953,56.43566711234213,67.19749839387345,5.586705244907618
2026-01-15 00:00:00-05:00,692.678285342935,693.5558934557131,689.3673203481677,690.3546142578125,77862000,0.0,0.0,0.0,685.2355560302734,683.4910603841146,677.2927652994791,3.8116848402935375,698.2878294674778,672.1832825930691,57.25903468351213,110.62019637749387,9.70258764159331
2026-01-16 00:00:00-05:00,691.7707369284135,692.359156800422,688.22043529661,689.7761840820312,79289200,0.0,0.0,0.0,686.3444305419922,683.8163330078125,677.664214070638,3.6465670492713116,696.5443798785944,676.14448120539,56.91571705560371,89.81191019460925,8.198183630151814
2026-01-20 00:00:00-05:00,679.6338820353151,682.9049778344743,674.7272992054969,675.7345581054688,111623300,0.0,0.0,0.0,686.4991607666016,683.6569803873698,677.8594716389974,2.355515231402478,695.8851858443495,677.1131356888536,49.46735935734735,-82.15175733428377,7.277474534571818
2026-01-21 00:00:00-05:00,677.7989248999835,686.8641332264262,676.2830453044572,683.5332641601562,127844500,0.0,0.0,0.0,686.7390045166015,683.7144958496094,678.119081624349,1.9392829199829293,695.5151490518093,677.9628599813938,53.00117373172293,-20.308963838622248,2.813790622626875
2026-01-22 00:00:00-05:00,687.9711412752974,689.2476843606095,685.0491285530771,687.103515625,77112200,0.0,0.0,0.0,686.9459381103516,683.959297688802,678.3472137451172,1.8758812780891958,695.5406798920903,678.3511963286128,54.50780891741444,44.86806098634848,0.2167986918424974
2026-01-23 00:00:00-05:00,686.2757685331861,689.0781127396581,685.2884137823622,687.352783203125,63059600,0.0,0.0,0.0,687.0092620849609,684.2319661458333,678.4470876057943,1.8247146557370115,695.5959946663307,678.4225295035911,54.61289466639151,43.434134459623046,0.21679869184159253
2026-01-26 00:00:00-05:00,688.609372319757,692.2394730275811,688.0409174669724,690.84326171875,60473800,0.0,0.0,0.0,687.1264404296875,684.4708353678385,678.5749745686849,2.04227510778162,695.8614930600955,678.3913877992794,56.08245511513948,82.44757673001479,3.2518316162068417
2026-01-27 00:00:00-05:00,692.2893344912051,694.6329705879123,691.6810104865692,693.5957641601562,55506100,0.0,0.0,0.0,687.3847351074219,684.7484252929687,678.7432678222656,2.4090275073273233,696.575684118173,678.1937860966708,57.21260695530919,114.70165531451292,5.805275521043609
2026-01-28 00:00:00-05:00,695.1515053497095,695.9393926651097,692.0499903412962,693.5259399414062,61172200,0.0,0.0,0.0,687.7622039794921,685.2692891438802,679.0356842041016,2.6633458028280756,697.3223308713457,678.2020770876386,57.17399703310097,115.6023697863173,7.188394791847924
2026-01-29 00:00:00-05:00,694.4933553961189,695.1615135683285,682.9648421722587,692.1497192382812,97486200,0.0,0.0,0.0,688.112744140625,685.77841796875,679.2682067871094,2.7224625218135543,697.7813826090586,678.4441056721913,56.397971639773154,62.1808334569533,3.0525751268442005
2026-01-30 00:00:00-05:00,689.9058246991844,692.3192774332931,685.2485609149509,690.0853271484375,101835100,0.0,0.0,0.0,688.6138732910156,686.2803812662761,679.4451100667318,2.5730729751415993,697.5358530326529,679.6918935493783,55.234606624798595,46.74750487536362,3.0525751268207184
2026-02-02 00:00:00-05:00,687.7019133171445,695.0318708971434,687.5423149981101,693.5159912109375,79286500,0.0,0.0,0.0,689.2242065429688,687.1442911783854,679.8134267171224,2.700378321337098,697.7012020365288,680.7472110494087,56.76770515589366,89.46644164099708,0.00017851520464310871
2026-02-03 00:00:00-05:00,694.3138377504575,695.0617950648859,682.1670182684101,687.6520385742188,107904600,0.0,0.0,0.0,689.3144622802735,687.6446940104166,680.0452321370443,2.3015657375486853,697.6777297286661,680.9511948318808,53.5263205133084,18.564012794820453,5.7247689297517965
2026-02-04 00:00:00-05:00,688.4697490630058,689.5667896413613,679.9031787408285,684.3211059570312,105204600,0.0,0.0,0.0,689.034228515625,687.8308512369791,680.3420023600261,1.6971616441776405,697.6820080139397,680.3864490173104,51.78866919806014,-66.00258858059198,8.018990468913175
2026-02-05 00:00:00-05:00,679.0854402743204,681.8279505601881,673.9494421186707,675.7744750976562,113610800,0.0,0.0,0.0,688.437857055664,687.5911722819011,680.4853922526041,0.5225022814532849,698.9225047114238,677.9532093999043,47.68015094393758,-213.57061494351112,13.73064011346779
2026-02-06 00:00:00-05:00,679.6039887472712,690.4244132010324,678.995603890688,688.739013671875,89127600,0.0,0.0,0.0,688.4932037353516,687.6795959472656,680.6713439941407,0.630438880322572,698.9716264459225,678.0147810247806,53.47239131698595,-30.515267811853356,4.077397321422204
2026-02-09 00:00:00-05:00,687.5423060693106,693.9747512796714,686.4652913399738,692.0599975585938,73885200,0.0,0.0,0.0,688.4872222900391,687.7982727050781,680.8867940266927,0.9727418945558384,698.9569175750529,678.0175270050253,54.7984607939968,66.20701929724054,0.4352695090219845
2026-02-10 00:00:00-05:00,693.0572335194393,694.64286887948,689.7761552680904,690.2349243164062,65185700,0.0,0.0,0.0,688.3356353759766,687.8584411621093,681.0655283610026,1.0842527508368676,698.5997353860887,678.0715353658645,53.92472471473244,76.64067999928047,0.24431407097178914
2026-02-11 00:00:00-05:00,694.4933668556342,695.2413241987686,687.3029816841566,690.075439453125,76353900,0.0,0.0,0.0,688.2453826904297,687.9950703938802,681.4295349121094,1.146540210387002,698.4094970498357,678.0812683310236,53.84711130759442,59.42381767349577,2.2874993585910457
2026-02-12 00:00:00-05:00,692.3491972008484,693.4561594586687,678.5169776231163,679.41455078125,118829000,0.0,0.0,0.0,687.792123413086,687.804258219401,681.6176818847656,0.33183367968103994,698.6939686408524,676.8902781853195,48.97292576311656,-77.96001660763925,10.586662711818295
2026-02-13 00:00:00-05:00,679.833354327075,684.410879804094,675.6747287653898,679.8931884765625,96267500,0.0,0.0,0.0,687.2690521240235,687.7986063639323,681.917549641927,-0.27206881374934255,698.6467156695903,675.8913885784566,49.18655223011758,-147.66881707835773,13.05786580895684
2026-02-17 00:00:00-05:00,678.287593220413,683.074507822494,673.9394826742099,680.9901733398438,81354700,0.0,0.0,0.0,686.8297515869141,687.7879679361979,682.3283386230469,-0.6546025296083826,698.4751458943556,675.1843572794726,49.6859660112497,-155.36562372739346,14.54943466249329
2026-02-18 00:00:00-05:00,682.157061237011,687.2730943282486,680.9702998190471,684.4208374023438,73570300,0.0,0.0,0.0,687.2640655517578,687.7404317220052,682.7540456136068,-0.6731773671946257,697.7581663255689,676.7699647779466,51.23648703367193,-62.18353434694188,9.833027899489744
2026-02-19 00:00:00-05:00,681.9775120282383,684.311104689823,679.6937101433548,682.61572265625,58649400,0.0,0.0,0.0,687.2181884765625,687.4967631022135,683.3170481363933,-0.824056523200511,697.7887069224633,676.6476700306617,50.3912212644809,-90.93682035178252,10.985814722142665
2026-02-20 00:00:00-05:00,680.4616860592505,688.1805961724377,679.8732661615737,687.5523071289062,100034000,0.0,0.0,0.0,687.2406280517578,687.491776529948,683.8546071370442,-0.5390741202787694,697.812026910965,676.6692291925506,52.60333151538655,-36.00648166265466,6.7079777346069305
2026-02-23 00:00:00-05:00,685.9566804858357,688.1207533479937,678.5169762252317,680.531494140625,90558100,0.0,0.0,0.0,686.8995635986328,687.2550903320313,684.1144022623698,-0.8697188678208931,697.887663866199,675.9114633310666,49.36478897407781,-78.24718247011845,7.993843244752734
2026-02-24 00:00:00-05:00,680.0427976196477,686.4751816677359,678.1479481229125,685.4779052734375,73798700,0.0,0.0,0.0,686.6312957763672,687.0316996256511,684.352397664388,-0.724274190852384,697.4750294081848,675.7875621445496,51.53925441902697,-57.42709893944281,8.34940617857601
2026-02-25 00:00:00-05:00,688.3002642742074,691.7907319065998,688.2204651135966,691.26220703125,56369500,0.0,0.0,0.0,686.5146179199219,686.9648844401041,684.6095703125,-0.14064219042927562,697.0897167783147,675.939519061529,53.93245417563112,60.249306084119084,2.449803488981426
2026-02-26 00:00:00-05:00,691.391808867856,691.4117130049051,682.486077089091,687.422607421875,71671000,0.0,0.0,0.0,686.2094512939453,686.8162882486979,684.7412668863932,0.01192926203668776,696.2725017408676,676.1464008470231,52.16351082033709,7.940059922206877,8.037940244161195
2026-02-27 00:00:00-05:00,681.2295779636313,684.9892686841309,679.7835149777827,684.1216430664062,83308900,0.0,0.0,0.0,685.8080474853516,686.6710184733073,684.8696523030599,-0.1319954376018586,695.5072968866475,676.1087980840557,50.68501045467108,-59.22644876555416,10.536538536377996
2026-03-02 00:00:00-05:00,676.8515442239554,686.744509644098,676.1734035367807,684.5106201171875,87477200,0.0,0.0,0.0,685.5293121337891,686.4762186686198,684.9836395263671,-0.21222322457708742,695.0293693473644,676.0292549202137,50.854812150559326,-62.91119812212911,13.773925008689268
2026-03-03 00:00:00-05:00,673.221445388408,680.7508704958498,667.8361281509542,678.4771118164062,105003100,0.0,0.0,0.0,684.7773681640625,686.0995829264323,684.9579579671224,-0.7539667600236726,693.9921246991406,675.5626116289844,48.19219353219793,-160.71053437852103,20.635181761025397
2026-03-04 00:00:00-05:00,679.7735096903759,685.2186606854194,677.7689744100875,683.2639770507812,79182200,0.0,0.0,0.0,684.5579650878906,686.3505635579427,685.0037719726563,-0.7879592917763603,693.6931443302386,675.4227858455425,50.326732944441765,-62.76863527686854,15.538543362983795
2026-03-05 00:00:00-05:00,680.2223290726917,683.6629449535216,673.7699188745959,679.4544067382812,106606500,0.0,0.0,0.0,684.3146301269531,686.2146016438802,684.9645487467448,-1.1095093710210904,693.7313072872097,674.8979529666966,48.6756503992904,-109.74566380192206,18.718276442906753
2026-03-06 00:00:00-05:00,671.5758690877306,674.2685275228549,667.9358467743081,670.5487060546875,100687000,0.0,0.0,0.0,684.0533416748046,685.6627746582031,684.8110361735027,-2.0592183552058714,694.6800367202949,673.4266466293144,45.09765814658671,-209.89136746268406,23.088093812076927
2026-03-09 00:00:00-04:00,664.5750801817165,678.0681991431876,660.5859743093405,676.4227294921875,102667700,0.0,0.0,0.0,683.4375274658203,685.2984395345052,684.7652028401693,-2.3112424035819004,694.3446738770341,672.5303810546064,47.71979728417676,-177.3400786152263,28.124085816979584
2026-03-10 00:00:00-04:00,675.87413967305,681.4987932365287,672.9222404542279,675.3356323242188,81505300,0.0,0.0,0.0,682.6013092041015,684.7815185546875,684.626176961263,-2.5690781995709813,693.2872197332874,671.9153986749157,47.28741648829539,-103.44758817201388,24.197482415594774
2026-03-11 00:00:00-04:00,675.7345715953234,678.2277626375325,671.5061293267642,674.4879760742188,68441700,0.0,0.0,0.0,681.8139617919921,684.1445922851562,684.4465087890625,-2.8094283593964064,692.4520465431992,671.175877040785,46.94431274759901,-120.41557046824968,25.1766892503383
2026-03-12 00:00:00-04:00,669.3319958917509,669.8207124533001,664.0564256954588,664.2459106445312,108882200,0.0,0.0,0.0,680.5224853515625,683.1685913085937,684.218940226237,-3.7827514720621593,693.0426014106048,668.0023692925203,43.0408359883389,-215.01265165237396,30.09127698738774
2026-03-13 00:00:00-04:00,667.4472371497842,670.5088831921612,659.5587462493693,660.4862060546875,97200200,0.0,0.0,0.0,679.5760681152344,682.1131408691406,683.9457794189453,-4.802137735909582,694.9786588848167,664.1734773456521,41.72337584365389,-214.53825521766075,32.84610286368655
2026-03-16 00:00:00-04:00,666.5596317087426,670.239584206393,665.3030536555561,667.2078857421875,82023100,0.0,0.0,0.0,678.9418029785156,681.3505594889323,683.8154703776041,-5.009874603044636,695.3042412609033,662.579364696128,44.845737579988985,-148.68229180810198,32.84610286339619
2026-03-17 00:00:00-04:00,670.5586914524959,672.60309589337,667.8760155087483,668.9630126953125,87128000,0.0,0.0,0.0,678.340444946289,680.5321268717448,683.8382090250651,-4.975528692396324,695.2604573315585,661.4204325610195,45.632568870751705,-113.90890491666,29.965998011209244
2026-03-18 00:00:00-04:00,666.5396583763402,667.8959397089973,659.3892034355257,659.6285400390625,82062600,0.0,0.0,0.0,677.100830078125,679.5980102539063,683.6213521321614,-5.636548618826964,695.6950776505037,658.5065825057463,42.311587987879115,-173.66594804491294,35.18564099364016
2026-03-19 00:00:00-04:00,655.1806813207687,661.1743225351036,653.3855958813168,658.0029907226562,111272500,0.0,0.0,0.0,675.8701934814453,678.7207397460937,683.2757954915364,-6.219881001027829,696.1125035350565,655.6278834278341,41.76403328968932,-192.53677298608764,38.537846200455874
2026-03-20 00:00:00-04:00,656.510009765625,656.6900024414062,644.719970703125,648.5700073242188,163617500,1.797,0.0,0.0,673.9210784912109,677.8139241536459,682.7025482177735,-7.358514665578696,696.766855263204,651.0753017192178,38.753449444421044,-220.22391524213452,42.94411204661214
2026-03-23 00:00:00-04:00,658.0700073242188,662.6199951171875,653.9400024414062,655.3800048828125,134802700,0.0,0.0,0.0,672.6635040283203,676.7019571940104,682.190776570638,-7.623501182526184,696.7143674438289,648.6126406128117,41.882252385535644,-145.2304458108214,36.04001169275516
2026-03-24 00:00:00-04:00,651.3200073242188,657.030029296875,649.8800048828125,653.1799926757812,96457500,0.0,0.0,0.0,671.0486083984375,675.40595703125,681.6021148681641,-7.91973374442739,695.803617353967,646.2935994429081,41.17921880146528,-156.9805324796092,38.15562316868245
2026-03-25 00:00:00-04:00,658.6699829101562,660.8900146484375,654.239990234375,656.8200073242188,90653800,0.0,0.0,0.0,669.3264984130859,674.2921264648437,681.0752838134765,-7.771199868042345,692.9257846986915,645.7272121274804,42.82198741185435,-117.68305078579765,33.802752856207185
2026-03-26 00:00:00-04:00,652.0599975585938,654.8499755859375,644.8200073242188,645.0900268554688,96494400,0.0,0.0,0.0,667.2098693847656,672.7926127115885,680.3938415527343,-8.501991428290125,691.5570728817496,642.8626658877816,39.17470988157691,-162.03409656531304,38.68023157527634
2026-03-27 00:00:00-04:00,642.5,642.6599731445312,633.1099853515625,634.0900268554688,103649400,0.0,0.0,0.0,664.7082885742187,671.2817952473958,679.5430267333984,-9.855153004800059,691.8589123342692,637.5576648141682,36.1848717127712,-208.1466537111996,43.9875023354457
2026-03-30 00:00:00-04:00,640.1099853515625,640.3699951171875,629.280029296875,631.969970703125,99275900,0.0,0.0,0.0,662.0812561035157,669.6843546549479,678.7414805094401,-10.972134183679373,691.2563424132513,632.90616979378,35.642511125385056,-195.3904936296928,45.581104101030775
2026-03-31 00:00:00-04:00,638.9400024414062,651.5399780273438,637.97998046875,650.3400268554688,152534100,0.0,0.0,0.0,660.6744018554688,668.6626831054688,678.2253255208333,-10.25680573693137,689.2275083978573,632.1212953130803,43.265026642875036,-114.5215581158081,34.072648983015746
2026-04-01 00:00:00-04:00,653.9000244140625,658.52001953125,653.0,655.239990234375,97841500,0.0,0.0,0.0,659.2732025146485,667.6899881998698,677.7152099609375,-9.188596277065813,685.8401238667362,632.7062811625607,45.060542323014,-63.15655789329062,27.55432472906492
2026-04-02 00:00:00-04:00,646.4199829101562,658.2000122070312,645.1099853515625,655.8300170898438,68358700,0.0,0.0,0.0,658.0919830322266,666.7971313476562,677.1469472249349,-8.199899016312543,682.9250050021277,633.2589610623255,45.27627513259957,-70.95533259937879,31.45138834265213
2026-04-06 00:00:00-04:00,655.8599853515625,659.719970703125,655.52001953125,658.9299926757812,39105800,0.0,0.0,0.0,657.5110473632812,665.8430541992187,676.6674153645833,-7.08454101295456,681.6510240014064,633.3710707251561,46.41980077228611,-41.39497527844729,30.057151849533042
2026-04-07 00:00:00-04:00,656.6500244140625,659.6099853515625,651.0599975585938,659.219970703125,69980400,0.0,0.0,0.0,656.6509094238281,665.1326700846354,676.1938802083333,-6.106817366969153,679.1218482933182,634.1799705543381,46.5279260806095,-45.27432954874038,32.238781372801995
2026-04-08 00:00:00-04:00,676.3900146484375,677.0800170898438,671.4600219726562,676.010009765625,93606100,0.0,0.0,0.0,656.6846282958984,664.8170735677083,675.9243865966797,-3.9318248716305106,679.2753243402317,634.0939322515651,52.29430449022843,55.91602745640472,17.400379101417514
2026-04-09 00:00:00-04:00,674.8400268554688,681.1599731445312,673.77001953125,679.9099731445312,57134400,0.0,0.0,0.0,656.9557281494141,664.4386657714844,675.7017751057942,-1.871855611476576,680.5536781072343,633.3577781915939,53.49925199997474,79.7849874140841,14.301773376619217
2026-04-10 00:00:00-04:00,681.3200073242188,682.030029296875,678.4500122070312,679.4600219726562,42253500,0.0,0.0,0.0,657.7164337158204,664.1732462565104,675.4947672526042,-0.2724814343378057,683.2087376979266,632.2241297337141,53.33845924438125,92.75414136054468,13.640100272413388
2026-04-13 00:00:00-04:00,677.4099731445312,686.2999877929688,676.5800170898438,686.0999755859375,54185800,0.0,0.0,0.0,658.9971221923828,664.2391906738281,675.4551045735677,1.5133776130194292,687.4741636258092,630.5200807589564,55.38546044871224,110.32799745330365,10.395642886247767
2026-04-14 00:00:00-04:00,687.6900024414062,694.5800170898438,687.6599731445312,694.4600219726562,63480500,0.0,0.0,0.0,660.3597290039063,664.5708374023437,675.5235280354817,3.562206748060248,692.8203631323686,627.899094875444,57.79686793399124,157.86397681683746,4.415560506156248
2026-04-15 00:00:00-04:00,695.260009765625,700.280029296875,694.2000122070312,699.9400024414062,58240400,0.0,0.0,0.0,661.908578491211,665.2862670898437,675.692925008138,5.563969250251034,698.7571834309686,625.0599735514534,59.28897440242589,175.92890545170354,0.5371912891072215
2026-04-16 00:00:00-04:00,701.0599975585938,702.780029296875,698.530029296875,701.6599731445312,49972400,0.0,0.0,0.0,664.0101501464844,665.8994669596354,676.1250152587891,7.206100278139729,704.8855352027772,623.1347650901916,59.75100997422392,178.75643864542195,1.129058383179327
2026-04-17 00:00:00-04:00,706.1400146484375,712.3900146484375,705.760009765625,710.1400146484375,70661900,0.0,0.0,0.0,666.6170013427734,666.9223205566407,676.5684611002604,9.087019918214537,712.2522859671666,620.9817167183802,61.95332893777207,200.19360945712293,7.242269799683626
2026-04-20 00:00:00-04:00,708.780029296875,709.9099731445312,706.1400146484375,708.719970703125,43546800,0.0,0.0,0.0,669.6244995117188,668.1946960449219,676.9287353515625,10.343839265447969,718.0922127892758,621.1567862341618,61.37160123063795,172.3348721269261,7.242269799664343
2026-04-21 00:00:00-04:00,710.280029296875,711.280029296875,702.6400146484375,704.0800170898438,58941400,0.0,0.0,0.0,672.0595001220703,669.1166056315104,677.2075225830079,10.840509528284315,722.3722249937932,621.7467752503474,59.483662423876076,145.6233178453048,4.718691498809076
2026-04-22 00:00:00-04:00,709.1500244140625,711.4500122070312,708.219970703125,711.2100219726562,42518500,0.0,0.0,0.0,674.9610015869141,670.3124186197916,677.5469685872396,11.674875399753205,727.3401099047863,622.5818932690419,61.37259077441617,146.77733308930524,4.831205308160268
2026-04-23 00:00:00-04:00,709.5,712.3599853515625,702.280029296875,708.4500122070312,56174000,0.0,0.0,0.0,677.5425018310547,671.4444864908854,677.7945393880208,11.975362122310003,731.2298961823478,623.8551074797615,60.24780305217512,124.1911392546989,0.5394516506793453
2026-04-24 00:00:00-04:00,710.75,714.469970703125,709.010009765625,713.9400024414062,45182000,0.0,0.0,0.0,680.9850006103516,673.1009562174479,678.1347737630208,12.512262768396454,734.7401892359582,627.229811984745,61.69245952997158,126.20129527146031,2.0135644012333658
2026-04-27 00:00:00-04:00,713.1699829101562,715.6300048828125,712.2999877929688,715.1699829101562,33135900,0.0,0.0,0.0,685.0389984130859,674.9237487792968,678.5184448242187,12.88843963371039,736.0631886152878,634.014808210884,62.01241901777308,120.05823735359462,2.8326229267586993
2026-04-28 00:00:00-04:00,711.8200073242188,712.8800048828125,709.25,711.6900024414062,43117400,0.0,0.0,0.0,689.025,676.4064860026042,678.8785227457682,12.758683013486802,734.7764177476603,643.2735822523397,60.53262229873062,101.38506587366024,0.5466702237237939
2026-04-29 00:00:00-04:00,711.0,712.2000122070312,708.3699951171875,711.5800170898438,41859200,0.0,0.0,0.0,692.0869995117188,677.8270528157552,679.17958984375,12.502849986537626,735.0492789319371,649.1247200915004,60.48543170195028,92.09043805749887,0.11606826607516531
2026-04-30 00:00:00-04:00,714.6300048828125,719.7899780273438,710.4500122070312,718.6599731445312,67240900,0.0,0.0,0.0,695.2579986572266,679.7947672526042,679.6963887532552,12.724711203557717,736.0776637453313,654.4383335691219,62.43555439709265,99.53423267884838,5.444743243327776
2026-05-01 00:00:00-04:00,721.25,724.8699951171875,720.469970703125,720.6500244140625,43049800,0.0,0.0,0.0,698.4989990234375,681.8830017089844,680.301870727539,12.912273669122328,736.3206625431203,660.6773355037546,62.96699002577075,106.27837608495345,8.946450832182842
2026-05-04 00:00:00-04:00,720.0700073242188,722.1199951171875,714.989990234375,718.010009765625,51950600,0.0,0.0,0.0,701.4529998779296,684.1976684570312,681.0057963053385,12.70147644176484,735.2798732029739,667.6261265528854,61.767764415156705,90.53150301815879,4.622732904757389
2026-05-05 00:00:00-04:00,721.77001953125,725.0399780273438,721.489990234375,723.77001953125,36933200,0.0,0.0,0.0,704.6805023193359,686.4773356119791,681.5896464029948,12.851063707141293,733.4858659563838,675.875138682288,63.343485229780846,96.86283441836513,6.664543617182493
2026-05-06 00:00:00-04:00,728.1599731445312,734.5900268554688,727.8200073242188,733.8300170898438,53288900,0.0,0.0,0.0,707.5715026855469,689.1656697591146,682.2858133951823,13.624317766373679,735.8626470447663,679.2803583263275,65.88391219662121,111.96141440611139,12.96826195331696
2026-05-07 00:00:00-04:00,735.0499877929688,736.1300048828125,729.75,731.5800170898438,51724600,0.0,0.0,0.0,710.1550048828125,691.6576700846355,682.9748982747395,13.895393536240931,737.2206401491907,683.0893696164343,64.84414947838384,106.88121501236628,13.937866054322981
2026-05-08 00:00:00-04:00,734.9299926757812,738.0800170898438,734.5700073242188,737.6199951171875,47227100,0.0,0.0,0.0,713.0630035400391,694.742002360026,683.7673075358073,14.431244383346893,738.7026952110691,687.423311869009,66.32019752633526,112.78048291239253,15.175758280647118
2026-05-11 00:00:00-04:00,736.4500122070312,740.7899780273438,736.4500122070312,739.2999877929688,44024000,0.0,0.0,0.0,715.7230041503906,698.2490010579427,684.7653981526693,14.82062842990706,740.6121601022237,690.8338481985575,66.72222200012791,115.35732081272548,16.894262841164842
2026-05-12 00:00:00-04:00,736.8900146484375,738.8400268554688,731.8300170898438,738.1799926757812,54185300,0.0,0.0,0.0,717.9090026855469,701.7893351236979,685.7368448893229,14.867461010542911,742.6140545004869,693.2039508706068,66.17743730354294,106.65184609964129,12.861718922424977
2026-05-13 00:00:00-04:00,738.469970703125,743.9099731445312,735.469970703125,742.3099975585938,44200200,0.0,0.0,0.0,720.0275024414062,704.8550008138021,686.7588419596354,15.064182527213575,745.4993683921446,694.5556364906679,67.19907790461453,117.12254188423991,16.14566871049426
2026-05-14 00:00:00-04:00,743.6500244140625,749.530029296875,743.5599975585938,748.1699829101562,45307600,0.0,0.0,0.0,722.3530029296875,707.9526672363281,687.8213277180989,15.514100694790045,749.218554381516,695.4874514778589,68.59161404296947,135.54384193635534,19.6194237357511
2026-05-15 00:00:00-04:00,741.7899780273438,743.4600219726562,737.9600219726562,739.1699829101562,60410800,0.0,0.0,0.0,723.8045013427734,710.7306660970052,688.7638987223307,14.971853097366534,751.0262673645797,696.5827353209671,64.25737707714669,110.0856863918466,14.720686325965652
2026-05-18 00:00:00-04:00,739.8300170898438,741.4199829101562,733.3900146484375,738.6500244140625,47843900,0.0,0.0,0.0,725.3010040283203,713.3880004882812,689.61552734375,14.33491765699182,752.3211628781326,698.2808451785081,64.01562121153412,96.87564426758271,10.886995461693214
2026-05-19 00:00:00-04:00,734.780029296875,737.6500244140625,731.530029296875,733.72998046875,54255900,0.0,0.0,0.0,726.7835021972656,715.8716674804688,690.5021687825521,13.28005114075313,752.1012056602997,701.4657987342316,61.741797178802905,78.36028394298351,9.348472582139665
2026-05-20 00:00:00-04:00,735.7100219726562,741.8699951171875,733.8900146484375,741.25,45768000,0.0,0.0,0.0,728.2855010986328,718.0463338216146,691.4317036946615,12.902136754275489,753.2752264585367,703.2957757387289,63.776205275914144,91.5499237244262,12.20740824286651
2026-05-21 00:00:00-04:00,738.6400146484375,744.8699951171875,737.030029296875,742.719970703125,43332200,0.0,0.0,0.0,729.9989990234375,720.1400004069011,692.2893330891927,12.5762797069508,753.939697974912,706.058300071963,64.16157306976908,95.9242830787689,14.197460466307016
2026-05-22 00:00:00-04:00,746.239990234375,748.9400024414062,744.47998046875,745.6400146484375,41762000,0.0,0.0,0.0,731.5839996337891,722.3460001627604,693.2596232096354,12.410597153180674,755.2438769512536,707.9241223163245,64.92830265673413,110.16491405084648,16.842931242673746
2026-05-26 00:00:00-04:00,750.010009765625,752.1300048828125,748.3699951171875,750.5900268554688,41123600,0.0,0.0,0.0,733.3550018310547,724.4956685384115,694.3674296061198,12.534230346620461,757.1439053690325,709.5660982930768,66.196523229028,120.65035033903763,18.8710699616568
2026-05-27 00:00:00-04:00,750.8800048828125,751.3800048828125,748.219970703125,750.4600219726562,42106300,0.0,0.0,0.0,735.2935028076172,726.3623352050781,695.466586303711,12.477882967961477,757.9401499143019,712.6468557009325,66.13155165730453,111.70782668287612,18.730188508683042
2026-05-28 00:00:00-04:00,750.25,755.1500244140625,749.22998046875,754.5999755859375,41483700,0.0,0.0,0.0,737.4445007324218,728.1843343098958,696.7353006998698,12.621790774710234,758.7394722880323,716.1495291768114,67.19232527750546,118.09629530888208,21.15922181643355
2026-05-29 00:00:00-04:00,755.9000244140625,758.0750122070312,754.6900024414062,756.5599975585938,18422073,0.0,0.0,0.0,739.339501953125,730.014335123698,697.9569010416667,12.747056014002055,760.3394180635576,718.3395858426925,67.68798111629289,127.07177759161726,23.006207979445627
